timestamp,object_id,length_m,width_m,depth_m,height_above_baseline_m,distance_m,centroid_x,centroid_y,point_count
2026-03-21T17:53:31.913197,0,1.1932,1.1932,0.0173,0.8702,0.8727,0.1385,-0.8616,69
2026-03-21T17:53:31.913197,1,0.0965,0.0080,0.0965,0.7877,1.0659,0.7663,-0.7408,5
2026-03-21T17:53:31.913197,2,0.5743,0.0226,0.5743,0.6389,0.8194,0.7522,-0.3251,36
2026-03-21T17:53:31.913197,3,0.0964,0.0296,0.0964,0.0528,0.5996,0.5996,0.0051,10
2026-03-21T17:53:31.913197,4,0.6076,0.0108,0.6076,0.6990,0.8324,0.7485,0.3644,37
2026-03-21T17:53:31.986455,0,1.1206,1.1206,0.0195,0.8716,0.8680,0.1106,-0.8609,66
2026-03-21T17:53:31.986455,1,0.0463,0.0463,0.0080,0.8611,1.1372,0.7462,-0.8582,3
2026-03-21T17:53:31.986455,2,0.6004,0.0225,0.6004,0.6659,0.8241,0.7532,-0.3345,37
2026-03-21T17:53:31.986455,3,0.0966,0.0443,0.0966,0.0523,0.5999,0.5999,0.0050,10
2026-03-21T17:53:31.986455,4,0.6262,0.0109,0.6262,0.7176,0.8350,0.7469,0.3732,38
2026-03-21T17:53:32.052221,0,1.1216,1.1216,0.0189,0.8708,0.8678,0.1108,-0.8607,66
2026-03-21T17:53:32.052221,1,0.6179,0.0206,0.6179,0.6832,0.8275,0.7528,-0.3435,38
2026-03-21T17:53:32.052221,2,0.0964,0.0433,0.0964,0.0523,0.5986,0.5986,0.0050,10
2026-03-21T17:53:32.052221,3,0.6574,0.0201,0.6574,0.7474,0.8399,0.7474,0.3832,39
2026-03-21T17:53:32.128730,0,1.1253,1.1253,0.0186,0.8736,0.8690,0.1108,-0.8619,66
2026-03-21T17:53:32.128730,1,0.5971,0.0221,0.5971,0.6626,0.8248,0.7538,-0.3347,37
2026-03-21T17:53:32.128730,2,0.0956,0.0406,0.0956,0.0519,0.5973,0.5973,0.0050,10
2026-03-21T17:53:32.128730,3,0.6288,0.0140,0.6288,0.7204,0.8356,0.7476,0.3732,38
2026-03-21T17:53:32.204591,0,1.1899,1.1899,0.0188,0.8697,0.8723,0.1387,-0.8612,69
2026-03-21T17:53:32.204591,1,0.5965,0.0276,0.5965,0.6607,0.8233,0.7524,-0.3342,37
2026-03-21T17:53:32.204591,2,0.0958,0.0303,0.0958,0.0525,0.5972,0.5972,0.0051,10
2026-03-21T17:53:32.204591,3,0.5582,0.0122,0.5582,0.6495,0.8230,0.7469,0.3457,35
2026-03-21T17:53:32.204591,4,0.0961,0.0053,0.0961,0.7726,1.0423,0.7494,0.7244,5
2026-03-21T17:53:32.271008,0,1.1239,1.1239,0.0168,0.8697,0.8689,0.1111,-0.8617,66
2026-03-21T17:53:32.271008,1,0.0365,0.0365,0.0192,0.8672,1.1402,0.7481,-0.8605,3
2026-03-21T17:53:32.271008,2,0.5955,0.0187,0.5955,0.6607,0.8233,0.7525,-0.3340,37
2026-03-21T17:53:32.271008,3,0.0948,0.0185,0.0948,0.0522,0.5965,0.5965,0.0051,10
2026-03-21T17:53:32.271008,4,0.5987,0.0518,0.5987,0.6725,0.8236,0.7467,0.3474,37
2026-03-21T17:53:32.355519,0,1.1231,1.1231,0.0184,0.8700,0.8690,0.1111,-0.8619,66
2026-03-21T17:53:32.355519,1,0.0438,0.0438,0.0103,0.8656,1.1412,0.7488,-0.8612,3
2026-03-21T17:53:32.355519,2,0.6192,0.0212,0.6192,0.6845,0.8278,0.7532,-0.3435,38
2026-03-21T17:53:32.355519,3,0.0948,0.0246,0.0948,0.0519,0.5952,0.5952,0.0050,10
2026-03-21T17:53:32.355519,4,0.6258,0.0583,0.6258,0.6990,0.8274,0.7466,0.3567,38
2026-03-21T17:53:32.434226,0,1.1907,1.1907,0.0217,0.8718,0.8723,0.1387,-0.8612,69
2026-03-21T17:53:32.434226,1,0.5955,0.0179,0.5955,0.6607,0.8239,0.7530,-0.3343,37
2026-03-21T17:53:32.434226,2,0.0958,0.0303,0.0958,0.0523,0.5992,0.5992,0.0050,10
2026-03-21T17:53:32.434226,3,0.6013,0.0652,0.6013,0.6738,0.8227,0.7458,0.3473,37
2026-03-21T17:53:32.472478,0,1.1225,1.1225,0.0256,0.8746,0.8686,0.1110,-0.8615,66
2026-03-21T17:53:32.472478,1,0.0444,0.0444,0.0110,0.8649,1.1406,0.7484,-0.8607,3
2026-03-21T17:53:32.472478,2,0.5979,0.0213,0.5979,0.6633,0.8240,0.7531,-0.3343,37
2026-03-21T17:53:32.472478,3,0.0954,0.0233,0.0954,0.0524,0.5982,0.5982,0.0052,10
2026-03-21T17:53:32.472478,4,0.6477,0.0577,0.6477,0.7211,0.8315,0.7467,0.3660,39
2026-03-21T17:53:32.538858,0,1.1163,1.1163,0.0162,3.1015,0.8684,0.1107,-0.8613,66
2026-03-21T17:53:32.538858,1,0.5981,0.0178,0.5981,2.8963,0.8249,0.7540,-0.3347,37
2026-03-21T17:53:32.538858,2,0.0958,0.0369,0.0958,2.2762,0.5983,0.5983,0.0049,10
2026-03-21T17:53:32.538858,3,0.6319,0.0177,0.6319,2.1418,0.8355,0.7474,0.3734,38
2026-03-21T17:53:32.615828,0,1.1936,1.1936,0.0249,3.1060,0.8717,0.1385,-0.8606,69
2026-03-21T17:53:32.615828,1,0.5729,0.0267,0.5729,2.8700,0.8195,0.7523,-0.3250,36
2026-03-21T17:53:32.615828,2,0.0960,0.0263,0.0960,2.2757,0.5997,0.5997,0.0051,10
2026-03-21T17:53:32.615828,3,0.6573,0.0149,0.6573,2.1416,0.8398,0.7473,0.3832,39
2026-03-21T17:53:32.687421,0,1.0966,1.0966,0.0180,3.1024,0.8677,0.1019,-0.8617,65
2026-03-21T17:53:32.687421,1,0.6449,0.0278,0.6449,2.9423,0.8323,0.7537,-0.3532,39
2026-03-21T17:53:32.687421,2,0.0957,0.0336,0.0957,2.2758,0.5963,0.5963,0.0051,10
2026-03-21T17:53:32.687421,3,0.5999,0.0574,0.5999,2.1591,0.8225,0.7457,0.3470,37
2026-03-21T17:53:32.756321,0,1.1254,1.1254,0.0162,3.1024,0.8692,0.1111,-0.8621,66
2026-03-21T17:53:32.756321,1,0.0972,0.0066,0.0972,3.0215,1.0665,0.7668,-0.7412,5
2026-03-21T17:53:32.756321,2,0.6003,0.0231,0.6003,2.8976,0.8251,0.7541,-0.3347,37
2026-03-21T17:53:32.756321,3,0.0954,0.0303,0.0954,2.2756,0.5969,0.5969,0.0050,10
2026-03-21T17:53:32.756321,4,0.6006,0.0515,0.6006,2.1585,0.8224,0.7456,0.3470,37
2026-03-21T17:53:32.825583,0,1.1872,1.1872,0.0180,3.1005,0.8724,0.1388,-0.8613,69
2026-03-21T17:53:32.825583,1,0.6483,0.0281,0.6483,2.9451,0.8321,0.7535,-0.3531,39
2026-03-21T17:53:32.825583,2,0.0962,0.0358,0.0962,2.2762,0.5977,0.5977,0.0050,10
2026-03-21T17:53:32.825583,3,0.6056,0.0159,0.6056,2.1417,0.8303,0.7465,0.3635,37
2026-03-21T17:53:32.912236,0,1.0723,1.0723,0.0198,3.1030,0.8658,0.0927,-0.8608,64
2026-03-21T17:53:32.912236,1,0.0914,0.0914,0.0185,3.1025,1.1271,0.7248,-0.8631,5
2026-03-21T17:53:32.912236,2,0.0954,0.0064,0.0954,2.9680,1.0279,0.7635,-0.6882,5
2026-03-21T17:53:32.912236,3,0.5495,0.0187,0.5495,2.8466,0.8151,0.7514,-0.3157,35
2026-03-21T17:53:32.912236,4,0.0955,0.0263,0.0955,2.2753,0.5962,0.5962,0.0050,10
2026-03-21T17:53:32.912236,5,0.6002,0.0595,0.6002,2.1594,0.8231,0.7462,0.3475,37
2026-03-21T17:53:32.967930,0,1.0988,1.0988,0.0171,3.1037,0.8676,0.1019,-0.8616,65
2026-03-21T17:53:32.967930,1,0.0630,0.0630,0.0468,3.1012,1.1323,0.7429,-0.8545,5
2026-03-21T17:53:32.967930,2,0.5947,0.0169,0.5947,2.8924,0.8225,0.7518,-0.3338,37
2026-03-21T17:53:32.967930,3,0.0955,0.0217,0.0955,2.2748,0.5935,0.5935,0.0052,10
2026-03-21T17:53:32.967930,4,0.6497,0.0579,0.6497,2.1589,0.8313,0.7465,0.3660,39
2026-03-21T17:53:33.057104,0,1.1191,1.1191,0.0182,3.1042,0.8684,0.1108,-0.8613,66
2026-03-21T17:53:33.057104,1,0.6240,0.0265,0.6240,2.9209,0.8276,0.7529,-0.3435,38
2026-03-21T17:53:33.057104,2,0.0960,0.0349,0.0960,2.2760,0.5963,0.5963,0.0050,10
2026-03-21T17:53:33.057104,3,0.6525,0.0476,0.6525,2.1583,0.8314,0.7465,0.3660,39
2026-03-21T17:53:33.096077,0,1.1241,1.1241,0.0170,3.1024,0.8684,0.1108,-0.8613,66
2026-03-21T17:53:33.096077,1,0.0418,0.0418,0.0133,3.0980,1.1409,0.7486,-0.8610,3
2026-03-21T17:53:33.096077,2,0.6698,0.0256,0.6698,2.9673,0.8373,0.7545,-0.3630,40
2026-03-21T17:53:33.096077,3,0.0968,0.0418,0.0968,2.2765,0.5987,0.5987,0.0050,10
2026-03-21T17:53:33.096077,4,0.6305,0.0142,0.6305,2.1411,0.8349,0.7469,0.3733,38
2026-03-21T17:53:33.166792,0,1.1217,1.1217,0.0187,3.1029,0.8688,0.1109,-0.8617,66
2026-03-21T17:53:33.166792,1,0.5736,0.0181,0.5736,2.8713,0.8194,0.7523,-0.3249,36
2026-03-21T17:53:33.166792,2,0.0956,0.0283,0.0956,2.2754,0.5972,0.5972,0.0051,10
2026-03-21T17:53:33.166792,3,0.6293,0.0164,0.6293,2.1413,0.8350,0.7469,0.3732,38
2026-03-21T17:53:33.235826,0,1.0984,1.0984,0.0225,3.1058,0.8673,0.1018,-0.8613,65
2026-03-21T17:53:33.235826,1,0.6206,0.0209,0.6206,2.9182,0.8280,0.7533,-0.3436,38
2026-03-21T17:53:33.235826,2,0.0960,0.0316,0.0960,2.2758,0.5971,0.5971,0.0051,10
2026-03-21T17:53:33.235826,3,0.5979,0.0533,0.5979,2.1585,0.8239,0.7471,0.3474,37
2026-03-21T17:53:33.306916,0,1.1899,1.1899,0.0160,3.1004,0.8724,0.1388,-0.8613,69
2026-03-21T17:53:33.306916,1,0.5967,0.0168,0.5967,2.8943,0.8238,0.7530,-0.3341,37
2026-03-21T17:53:33.306916,2,0.0965,0.0386,0.0965,2.2762,0.5981,0.5981,0.0050,10
2026-03-21T17:53:33.306916,3,0.6056,0.0161,0.6056,2.1417,0.8316,0.7476,0.3641,37
2026-03-21T17:53:33.378561,0,1.0961,1.0961,0.0247,3.1025,0.8667,0.1016,-0.8607,65
2026-03-21T17:53:33.378561,1,0.0630,0.0630,0.0469,3.1020,1.1319,0.7426,-0.8542,5
2026-03-21T17:53:33.378561,2,0.5954,0.0241,0.5954,2.8930,0.8237,0.7527,-0.3344,37
2026-03-21T17:53:33.378561,3,0.0961,0.0358,0.0961,2.2759,0.5953,0.5953,0.0050,10
2026-03-21T17:53:33.378561,4,0.6296,0.0123,0.6296,2.1416,0.8354,0.7473,0.3734,38
2026-03-21T17:53:33.451006,0,1.1013,1.1013,0.0149,3.1008,0.8673,0.1018,-0.8613,65
2026-03-21T17:53:33.451006,1,0.0978,0.0035,0.0978,2.9967,1.0487,0.7666,-0.7156,5
2026-03-21T17:53:33.451006,2,0.5720,0.0187,0.5720,2.8694,0.8197,0.7525,-0.3251,36
2026-03-21T17:53:33.451006,3,0.0955,0.0326,0.0955,2.2759,0.5975,0.5975,0.0049,10
2026-03-21T17:53:33.451006,4,0.6090,0.0137,0.6090,2.1410,0.8317,0.7478,0.3641,37
2026-03-21T17:53:33.526996,0,1.0956,1.0956,0.0187,3.1020,0.8672,0.1017,-0.8612,65
2026-03-21T17:53:33.526996,1,0.0642,0.0642,0.0452,3.0989,1.1305,0.7417,-0.8531,5
2026-03-21T17:53:33.526996,2,0.5971,0.0195,0.5971,2.8950,0.8241,0.7532,-0.3344,37
2026-03-21T17:53:33.526996,3,0.0957,0.0366,0.0957,2.2759,0.5966,0.5966,0.0050,10
2026-03-21T17:53:33.526996,4,0.6032,0.0589,0.6032,2.1591,0.8238,0.7469,0.3476,37
2026-03-21T17:53:33.592413,0,1.1875,1.1875,0.0182,3.1004,0.8723,0.1388,-0.8612,69
2026-03-21T17:53:33.592413,1,0.6224,0.0203,0.6224,2.9202,0.8278,0.7531,-0.3436,38
2026-03-21T17:53:33.592413,2,0.0954,0.0245,0.0954,2.2753,0.5966,0.5966,0.0051,10
2026-03-21T17:53:33.592413,3,0.5564,0.0117,0.5564,2.1412,0.8239,0.7478,0.3459,35
2026-03-21T17:53:33.664431,0,1.1939,1.1939,0.0436,3.1031,0.8737,0.1476,-0.8611,70
2026-03-21T17:53:33.664431,1,0.6167,0.0266,0.6167,2.9142,0.8285,0.7537,-0.3439,38
2026-03-21T17:53:33.664431,2,0.0960,0.0379,0.0960,2.2763,0.5986,0.5986,0.0049,10
2026-03-21T17:53:33.664431,3,0.6077,0.0221,0.6077,2.1424,0.8319,0.7479,0.3644,37
2026-03-21T17:53:33.734942,0,1.1914,1.1914,0.0167,3.0996,0.8722,0.1386,-0.8611,69
2026-03-21T17:53:33.734942,1,0.6475,0.0222,0.6475,2.9451,0.8319,0.7532,-0.3531,39
2026-03-21T17:53:33.734942,2,0.0959,0.0306,0.0959,2.2758,0.5976,0.5976,0.0051,10
2026-03-21T17:53:33.734942,3,0.6037,0.0147,0.6037,2.1418,0.8310,0.7471,0.3638,37
2026-03-21T17:53:33.801864,0,1.1883,1.1883,0.0183,3.1013,0.8722,0.1387,-0.8611,69
2026-03-21T17:53:33.801864,1,0.6230,0.0198,0.6230,2.9209,0.8281,0.7535,-0.3435,38
2026-03-21T17:53:33.801864,2,0.0950,0.0329,0.0950,2.2758,0.5965,0.5965,0.0049,10
2026-03-21T17:53:33.801864,3,0.6040,0.0153,0.6040,2.1415,0.8307,0.7468,0.3638,37
2026-03-21T17:53:33.878375,0,1.1917,1.1917,0.0164,3.1012,0.8721,0.1389,-0.8609,69
2026-03-21T17:53:33.878375,1,0.5700,0.0205,0.5700,2.8674,0.8196,0.7523,-0.3252,36
2026-03-21T17:53:33.878375,2,0.0948,0.0200,0.0948,2.2749,0.5964,0.5964,0.0051,10
2026-03-21T17:53:33.878375,3,0.6573,0.0145,0.6573,2.1416,0.8404,0.7479,0.3833,39
2026-03-21T17:53:33.957909,0,1.1176,1.1176,0.0151,3.1004,0.8681,0.1106,-0.8610,66
2026-03-21T17:53:33.957909,1,0.5987,0.0193,0.5987,2.8963,0.8240,0.7531,-0.3345,37
2026-03-21T17:53:33.957909,2,0.0958,0.0273,0.0958,2.2755,0.5978,0.5978,0.0051,10
2026-03-21T17:53:33.957909,3,0.6105,0.0179,0.6105,2.1418,0.8317,0.7476,0.3643,37
2026-03-21T17:53:34.034783,0,1.1181,1.1181,0.0196,3.1055,0.8683,0.1109,-0.8612,66
2026-03-21T17:53:34.034783,1,0.0926,0.0054,0.0926,2.9209,0.9963,0.7629,-0.6408,5
2026-03-21T17:53:34.034783,2,0.5046,0.0182,0.5046,2.8023,0.8076,0.7506,-0.2981,33
2026-03-21T17:53:34.034783,3,0.0959,0.0249,0.0959,2.2755,0.5990,0.5990,0.0051,10
2026-03-21T17:53:34.034783,4,0.5559,0.0172,0.5559,2.1421,0.8227,0.7467,0.3453,35
2026-03-21T17:53:34.034783,5,0.0976,0.0070,0.0976,1.5552,1.0457,0.7518,0.7268,5
2026-03-21T17:53:34.073001,0,1.1213,1.1213,0.0141,3.1021,0.8685,0.1109,-0.8614,66
2026-03-21T17:53:34.073001,1,0.5957,0.0185,0.5957,2.8930,0.8242,0.7534,-0.3343,37
2026-03-21T17:53:34.073001,2,0.0961,0.0289,0.0961,2.2757,0.5996,0.5996,0.0051,10
2026-03-21T17:53:34.073001,3,0.5985,0.0551,0.5985,2.1591,0.8224,0.7457,0.3469,37
2026-03-21T17:53:34.145183,0,1.1939,1.1939,0.0181,3.1012,0.8723,0.1387,-0.8611,69
2026-03-21T17:53:34.145183,1,0.6459,0.0202,0.6459,2.9437,0.8318,0.7532,-0.3530,39
2026-03-21T17:53:34.145183,2,0.0954,0.0325,0.0954,2.2757,0.5953,0.5953,0.0050,10
2026-03-21T17:53:34.145183,3,0.6497,0.0617,0.6497,2.1596,0.8311,0.7463,0.3658,39
2026-03-21T17:53:34.208427,0,1.1885,1.1885,0.0185,3.1025,0.8725,0.1388,-0.8614,69
2026-03-21T17:53:34.208427,1,0.5491,0.0232,0.5491,2.8460,0.8162,0.7524,-0.3162,35
2026-03-21T17:53:34.208427,2,0.0955,0.0203,0.0955,2.2750,0.5953,0.5953,0.0052,10
2026-03-21T17:53:34.208427,3,0.6498,0.0571,0.6498,2.1590,0.8317,0.7467,0.3663,39
2026-03-21T17:53:34.282050,0,1.0687,1.0687,0.0224,3.1050,0.8655,0.0928,-0.8605,64
2026-03-21T17:53:34.282050,1,0.0686,0.0686,0.0475,3.1012,1.1331,0.7434,-0.8550,5
2026-03-21T17:53:34.282050,2,0.6214,0.0255,0.6214,2.9189,0.8284,0.7537,-0.3438,38
2026-03-21T17:53:34.282050,3,0.0964,0.0379,0.0964,2.2759,0.5982,0.5982,0.0050,10
2026-03-21T17:53:34.282050,4,0.5771,0.0129,0.5771,2.1410,0.8269,0.7471,0.3546,36
2026-03-21T17:53:34.347620,0,1.1201,1.1201,0.0201,3.1045,0.8689,0.1109,-0.8618,66
2026-03-21T17:53:34.347620,1,0.0482,0.0482,0.0178,3.1018,1.1386,0.7471,-0.8592,3
2026-03-21T17:53:34.347620,2,0.5985,0.0214,0.5985,2.8963,0.8246,0.7537,-0.3346,37
2026-03-21T17:53:34.347620,3,0.0954,0.0386,0.0954,2.2760,0.5968,0.5968,0.0050,10
2026-03-21T17:53:34.347620,4,0.6068,0.0139,0.6068,2.1415,0.8310,0.7472,0.3638,37
2026-03-21T17:53:34.417058,0,1.1152,1.1152,0.0154,3.1021,0.8675,0.1106,-0.8604,66
2026-03-21T17:53:34.417058,1,0.6706,0.0240,0.6706,2.9680,0.8365,0.7538,-0.3627,40
2026-03-21T17:53:34.417058,2,0.0959,0.0397,0.0959,2.2765,0.5993,0.5993,0.0050,10
2026-03-21T17:53:34.417058,3,0.6055,0.0148,0.6055,2.1416,0.8312,0.7473,0.3640,37
2026-03-21T17:53:34.486957,0,1.1180,1.1180,0.0224,3.1033,0.8679,0.1109,-0.8608,66
2026-03-21T17:53:34.486957,1,0.6466,0.0193,0.6466,2.9444,0.8321,0.7535,-0.3530,39
2026-03-21T17:53:34.486957,2,0.0962,0.0256,0.0962,2.2753,0.5971,0.5971,0.0052,10
2026-03-21T17:53:34.486957,3,0.5820,0.0193,0.5820,2.1412,0.8279,0.7480,0.3548,36
2026-03-21T17:53:34.556466,0,1.0966,1.0966,0.0172,3.1020,0.8676,0.1019,-0.8616,65
2026-03-21T17:53:34.556466,1,0.5971,0.0184,0.5971,2.8950,0.8242,0.7534,-0.3343,37
2026-03-21T17:53:34.556466,2,0.0962,0.0319,0.0962,2.2759,0.5988,0.5988,0.0050,10
2026-03-21T17:53:34.556466,3,0.5554,0.0195,0.5554,2.1408,0.8239,0.7478,0.3458,35
2026-03-21T17:53:34.625792,0,1.1874,1.1874,0.0225,3.1042,0.8723,0.1384,-0.8613,69
2026-03-21T17:53:34.625792,1,0.6231,0.0238,0.6231,2.9202,0.8286,0.7538,-0.3439,38
2026-03-21T17:53:34.625792,2,0.0963,0.0353,0.0963,2.2761,0.5991,0.5991,0.0050,10
2026-03-21T17:53:34.625792,3,0.6337,0.0280,0.6337,2.1429,0.8355,0.7473,0.3736,38
2026-03-21T17:53:34.696156,0,1.0759,1.0759,0.0199,3.1033,0.8661,0.0927,-0.8611,64
2026-03-21T17:53:34.696156,1,0.5952,0.0177,0.5952,2.8930,0.8240,0.7531,-0.3343,37
2026-03-21T17:53:34.696156,2,0.0957,0.0186,0.0957,2.2752,0.5995,0.5995,0.0052,10
2026-03-21T17:53:34.696156,3,0.6712,0.0573,0.6712,2.1590,0.8353,0.7462,0.3754,40
2026-03-21T17:53:34.765600,0,1.1233,1.1233,0.0144,3.1006,0.8681,0.1109,-0.8610,66
2026-03-21T17:53:34.765600,1,0.0489,0.0489,0.0133,3.1003,1.1402,0.7482,-0.8604,3
2026-03-21T17:53:34.765600,2,0.5958,0.0178,0.5958,2.8937,0.8247,0.7537,-0.3346,37
2026-03-21T17:53:34.765600,3,0.0953,0.0366,0.0953,2.2758,0.5966,0.5966,0.0050,10
2026-03-21T17:53:34.765600,4,0.6254,0.0636,0.6254,2.1600,0.8261,0.7453,0.3564,38
2026-03-21T17:53:34.835186,0,1.1890,1.1890,0.0205,3.1045,0.8719,0.1385,-0.8609,69
2026-03-21T17:53:34.835186,1,0.5737,0.0225,0.5737,2.8707,0.8194,0.7522,-0.3251,36
2026-03-21T17:53:34.835186,2,0.0963,0.0346,0.0963,2.2759,0.5992,0.5992,0.0051,10
2026-03-21T17:53:34.835186,3,0.5735,0.0522,0.5735,2.1584,0.8192,0.7461,0.3382,36
2026-03-21T17:53:34.835186,4,0.0715,0.0715,0.0594,1.7861,0.4831,-0.1050,0.4716,8
2026-03-21T17:53:34.905475,0,1.1903,1.1903,0.0176,3.1020,0.8723,0.1385,-0.8612,69
2026-03-21T17:53:34.905475,1,0.6240,0.0275,0.6240,2.9209,0.8277,0.7530,-0.3435,38
2026-03-21T17:53:34.905475,2,0.0952,0.0309,0.0952,2.2754,0.5942,0.5942,0.0050,10
2026-03-21T17:53:34.905475,3,0.6288,0.0114,0.6288,2.1408,0.8346,0.7465,0.3731,38
2026-03-21T17:53:34.905475,4,0.0355,0.0355,0.0327,1.7828,0.4787,-0.0997,0.4682,5
2026-03-21T17:53:34.974150,0,1.0944,1.0944,0.0136,3.0998,0.8672,0.1020,-0.8612,65
2026-03-21T17:53:34.974150,1,0.6194,0.0173,0.6194,2.9169,0.8272,0.7526,-0.3433,38
2026-03-21T17:53:34.974150,2,0.0956,0.0316,0.0956,2.2758,0.5974,0.5974,0.0050,10
2026-03-21T17:53:34.974150,3,0.6076,0.0165,0.6076,2.1416,0.8313,0.7474,0.3639,37
2026-03-21T17:53:34.974150,4,0.0363,0.0290,0.0363,1.7666,0.4843,-0.0839,0.4769,5
2026-03-21T17:53:35.044250,0,1.1218,1.1218,0.0205,3.1023,0.8683,0.1109,-0.8612,66
2026-03-21T17:53:35.044250,1,0.0398,0.0398,0.0162,3.0988,1.1402,0.7481,-0.8605,3
2026-03-21T17:53:35.044250,2,0.6213,0.0197,0.6213,2.9189,0.8279,0.7532,-0.3436,38
2026-03-21T17:53:35.044250,3,0.0957,0.0293,0.0957,2.2756,0.5985,0.5985,0.0050,10
2026-03-21T17:53:35.044250,4,0.6046,0.0138,0.6046,2.1406,0.8314,0.7475,0.3641,37
2026-03-21T17:53:35.044250,5,0.0593,0.0272,0.0593,1.7626,0.4910,-0.0680,0.4863,5
2026-03-21T17:53:35.114132,0,1.0988,1.0988,0.0159,3.1039,0.8679,0.1019,-0.8619,65
2026-03-21T17:53:35.114132,1,0.0657,0.0657,0.0439,3.1012,1.1337,0.7438,-0.8555,5
2026-03-21T17:53:35.114132,2,0.0880,0.0076,0.0880,2.9176,0.9947,0.7617,-0.6398,5
2026-03-21T17:53:35.114132,3,0.5059,0.0176,0.5059,2.8041,0.8094,0.7522,-0.2988,33
2026-03-21T17:53:35.114132,4,0.0962,0.0299,0.0962,2.2757,0.5996,0.5996,0.0051,10
2026-03-21T17:53:35.114132,5,0.5757,0.0153,0.5757,2.1416,0.8266,0.7469,0.3543,36
2026-03-21T17:53:35.114132,6,0.0703,0.0497,0.0703,1.7470,0.5088,-0.0615,0.5051,7
2026-03-21T17:53:35.183190,0,1.1212,1.1212,0.0193,3.1042,0.8678,0.1109,-0.8607,66
2026-03-21T17:53:35.183190,1,0.0971,0.0073,0.0971,2.9960,1.0463,0.7648,-0.7140,5
2026-03-21T17:53:35.183190,2,0.5776,0.0271,0.5776,2.8745,0.8193,0.7521,-0.3251,36
2026-03-21T17:53:35.183190,3,0.0970,0.0399,0.0970,2.2765,0.5993,0.5993,0.0050,10
2026-03-21T17:53:35.183190,4,0.6487,0.0587,0.6487,2.1593,0.8302,0.7454,0.3655,39
2026-03-21T17:53:35.183190,5,0.0637,0.0527,0.0637,1.7504,0.5097,-0.0618,0.5059,7
2026-03-21T17:53:35.253264,0,1.1237,1.1237,0.0177,3.1020,0.8685,0.1109,-0.8614,66
2026-03-21T17:53:35.253264,1,0.5952,0.0152,0.5952,2.8930,0.8241,0.7533,-0.3342,37
2026-03-21T17:53:35.253264,2,0.0955,0.0259,0.0955,2.2756,0.5983,0.5983,0.0051,10
2026-03-21T17:53:35.253264,3,0.6506,0.0129,0.6506,2.1412,0.8398,0.7473,0.3830,39
2026-03-21T17:53:35.253264,4,0.0527,0.0527,0.0514,1.7391,0.5101,-0.0620,0.5063,7
2026-03-21T17:53:35.324217,0,1.0924,1.0924,0.0187,3.1032,0.8670,0.1016,-0.8611,65
2026-03-21T17:53:35.324217,1,0.0670,0.0670,0.0423,3.0997,1.1309,0.7420,-0.8534,5
2026-03-21T17:53:35.324217,2,0.6202,0.0221,0.6202,2.9182,0.8278,0.7531,-0.3437,38
2026-03-21T17:53:35.324217,3,0.0966,0.0399,0.0966,2.2765,0.5992,0.5992,0.0049,10
2026-03-21T17:53:35.324217,4,0.6320,0.0124,0.6320,2.1412,0.8355,0.7474,0.3735,38
2026-03-21T17:53:35.324217,5,0.0618,0.0496,0.0618,1.7415,0.5107,-0.0618,0.5069,7
2026-03-21T17:53:35.392885,0,1.0948,1.0948,0.0180,3.1025,0.8666,0.1017,-0.8606,65
2026-03-21T17:53:35.392885,1,0.0675,0.0675,0.0452,3.1011,1.1321,0.7428,-0.8543,5
2026-03-21T17:53:35.392885,2,0.6182,0.0200,0.6182,2.9162,0.8287,0.7540,-0.3439,38
2026-03-21T17:53:35.392885,3,0.0971,0.0386,0.0971,2.2764,0.5994,0.5994,0.0051,10
2026-03-21T17:53:35.392885,4,0.6046,0.0110,0.6046,2.1413,0.8310,0.7471,0.3639,37
2026-03-21T17:53:35.392885,5,0.0398,0.0398,0.0335,1.7518,0.5026,-0.0654,0.4983,6
2026-03-21T17:53:35.462630,0,1.1214,1.1214,0.0147,3.1006,0.8685,0.1108,-0.8614,66
2026-03-21T17:53:35.462630,1,0.5983,0.0215,0.5983,2.8956,0.8232,0.7524,-0.3342,37
2026-03-21T17:53:35.462630,2,0.0967,0.0419,0.0967,2.2765,0.5997,0.5997,0.0049,10
2026-03-21T17:53:35.462630,3,0.6207,0.0553,0.6207,2.1588,0.8276,0.7469,0.3565,38
2026-03-21T17:53:35.462630,4,0.0543,0.0543,0.0510,1.7464,0.5090,-0.0707,0.5040,7
2026-03-21T17:53:35.532404,0,1.1892,1.1892,0.0486,3.1037,0.8737,0.1477,-0.8611,70
2026-03-21T17:53:35.532404,1,0.5721,0.0203,0.5721,2.8700,0.8197,0.7525,-0.3250,36
2026-03-21T17:53:35.532404,2,0.0959,0.0328,0.0959,2.2758,0.5971,0.5971,0.0050,10
2026-03-21T17:53:35.532404,3,0.6240,0.0595,0.6240,2.1594,0.8263,0.7456,0.3561,38
2026-03-21T17:53:35.532404,4,0.0436,0.0436,0.0302,1.7514,0.5016,-0.0741,0.4961,6
2026-03-21T17:53:35.602451,0,1.1216,1.1216,0.0204,3.1024,0.8680,0.1110,-0.8608,66
2026-03-21T17:53:35.602451,1,0.0985,0.0047,0.0985,2.9967,1.0463,0.7648,-0.7140,5
2026-03-21T17:53:35.602451,2,0.5740,0.0183,0.5740,2.8719,0.8196,0.7524,-0.3250,36
2026-03-21T17:53:35.602451,3,0.0953,0.0329,0.0953,2.2760,0.5970,0.5970,0.0049,10
2026-03-21T17:53:35.602451,4,0.6258,0.0554,0.6258,2.1591,0.8265,0.7458,0.3563,38
2026-03-21T17:53:35.602451,5,0.0443,0.0443,0.0242,1.7484,0.5004,-0.0739,0.4949,6
2026-03-21T17:53:35.671681,0,1.1231,1.1231,0.0163,3.1015,0.8679,0.1109,-0.8608,66
2026-03-21T17:53:35.671681,1,0.5949,0.0191,0.5949,2.8930,0.8232,0.7523,-0.3341,37
2026-03-21T17:53:35.671681,2,0.0961,0.0359,0.0961,2.2760,0.5981,0.5981,0.0049,10
2026-03-21T17:53:35.671681,3,0.6025,0.0574,0.6025,2.1591,0.8232,0.7463,0.3473,37
2026-03-21T17:53:35.671681,4,0.0977,0.0078,0.0977,1.5292,1.0627,0.7510,0.7518,5
2026-03-21T17:53:35.671681,5,0.0438,0.0438,0.0247,1.7498,0.4991,-0.0737,0.4936,6
2026-03-21T17:53:35.741369,0,1.0926,1.0926,0.0144,3.1007,0.8674,0.1017,-0.8614,65
2026-03-21T17:53:35.741369,1,0.5973,0.0163,0.5973,2.8950,0.8239,0.7531,-0.3342,37
2026-03-21T17:53:35.741369,2,0.0960,0.0343,0.0960,2.2760,0.5982,0.5982,0.0051,10
2026-03-21T17:53:35.741369,3,0.6073,0.0121,0.6073,2.1413,0.8321,0.7481,0.3644,37
2026-03-21T17:53:35.741369,4,0.0600,0.0520,0.0600,1.7464,0.5075,-0.0704,0.5026,7
2026-03-21T17:53:35.811150,0,1.1903,1.1903,0.0433,3.0999,0.8735,0.1474,-0.8610,70
2026-03-21T17:53:35.811150,1,0.6218,0.0190,0.6218,2.9196,0.8292,0.7545,-0.3441,38
2026-03-21T17:53:35.811150,2,0.0956,0.0269,0.0956,2.2756,0.5989,0.5989,0.0051,10
2026-03-21T17:53:35.811150,3,0.6254,0.0591,0.6254,2.1594,0.8270,0.7462,0.3565,38
2026-03-21T17:53:35.811150,4,0.0592,0.0541,0.0592,1.7606,0.5034,-0.0699,0.4985,7
2026-03-21T17:53:35.879823,0,1.1881,1.1881,0.0453,3.1004,0.8733,0.1477,-0.8607,70
2026-03-21T17:53:35.879823,1,0.5944,0.0168,0.5944,2.8924,0.8234,0.7526,-0.3341,37
2026-03-21T17:53:35.879823,2,0.0957,0.0249,0.0957,2.2753,0.5981,0.5981,0.0051,10
2026-03-21T17:53:35.879823,3,0.6018,0.0554,0.6018,2.1590,0.8227,0.7459,0.3471,37
2026-03-21T17:53:35.879823,4,0.0493,0.0380,0.0493,1.7557,0.4973,-0.0645,0.4931,6
2026-03-21T17:53:35.949841,0,1.0711,1.0711,0.0200,3.1002,0.8657,0.0928,-0.8608,64
2026-03-21T17:53:35.949841,1,0.0871,0.0871,0.0183,3.1015,1.1283,0.7255,-0.8640,5
2026-03-21T17:53:35.949841,2,0.6466,0.0211,0.6466,2.9444,0.8333,0.7546,-0.3536,39
2026-03-21T17:53:35.949841,3,0.0959,0.0296,0.0959,2.2757,0.5991,0.5991,0.0050,10
2026-03-21T17:53:35.949841,4,0.6056,0.0091,0.6056,2.1410,0.8328,0.7487,0.3646,37
2026-03-21T17:53:35.949841,5,0.0522,0.0370,0.0522,1.7646,0.4943,-0.0641,0.4901,6
2026-03-21T17:53:36.020102,0,1.0981,1.0981,0.0206,3.1039,0.8670,0.1017,-0.8610,65
2026-03-21T17:53:36.020102,1,0.6429,0.0206,0.6429,2.9403,0.8317,0.7532,-0.3528,39
2026-03-21T17:53:36.020102,2,0.0960,0.0323,0.0960,2.2758,0.5984,0.5984,0.0050,10
2026-03-21T17:53:36.020102,3,0.5818,0.0161,0.5818,2.1417,0.8274,0.7475,0.3548,36
2026-03-21T17:53:36.020102,4,0.0592,0.0562,0.0592,1.7626,0.5018,-0.0698,0.4970,7
2026-03-21T17:53:36.089692,0,1.1211,1.1211,0.0178,3.1030,0.8688,0.1111,-0.8617,66
2026-03-21T17:53:36.089692,1,0.6215,0.0217,0.6215,2.9189,0.8276,0.7529,-0.3434,38
2026-03-21T17:53:36.089692,2,0.0954,0.0323,0.0954,2.2758,0.5973,0.5973,0.0051,10
2026-03-21T17:53:36.089692,3,0.6769,0.0435,0.6769,2.1576,0.8364,0.7472,0.3759,40
2026-03-21T17:53:36.089692,4,0.0819,0.0519,0.0819,1.7803,0.4967,-0.0688,0.4919,7
2026-03-21T17:53:36.159177,0,1.1170,1.1170,0.0210,3.1029,0.8682,0.1108,-0.8611,66
2026-03-21T17:53:36.159177,1,0.6226,0.0215,0.6226,2.9202,0.8272,0.7525,-0.3434,38
2026-03-21T17:53:36.159177,2,0.0957,0.0393,0.0957,2.2761,0.5985,0.5985,0.0049,10
2026-03-21T17:53:36.159177,3,0.6586,0.0124,0.6586,2.1407,0.8407,0.7481,0.3836,39
2026-03-21T17:53:36.159177,4,0.0574,0.0522,0.0574,1.7459,0.5061,-0.0702,0.5012,7
2026-03-21T17:53:36.229481,0,1.1211,1.1211,0.0178,3.1006,0.8681,0.1108,-0.8610,66
2026-03-21T17:53:36.229481,1,0.5707,0.0197,0.5707,2.8681,0.8201,0.7529,-0.3252,36
2026-03-21T17:53:36.229481,2,0.0959,0.0319,0.0959,2.2757,0.5982,0.5982,0.0050,10
2026-03-21T17:53:36.229481,3,0.6982,0.0550,0.6982,2.1587,0.8398,0.7464,0.3850,41
2026-03-21T17:53:36.229481,4,0.0530,0.0487,0.0530,1.7474,0.5031,-0.0697,0.4983,7
2026-03-21T17:53:36.298026,0,1.1863,1.1863,0.0220,3.1030,0.8725,0.1383,-0.8614,69
2026-03-21T17:53:36.298026,1,0.6487,0.0249,0.6487,2.9464,0.8321,0.7534,-0.3533,39
2026-03-21T17:53:36.298026,2,0.0955,0.0329,0.0955,2.2755,0.5966,0.5966,0.0050,10
2026-03-21T17:53:36.298026,3,0.6566,0.0160,0.6566,2.1416,0.8395,0.7470,0.3830,39
2026-03-21T17:53:36.298026,4,0.0589,0.0498,0.0589,1.7504,0.5054,-0.0700,0.5005,7
2026-03-21T17:53:36.368049,0,1.1923,1.1923,0.0142,3.1004,0.8721,0.1386,-0.8611,69
2026-03-21T17:53:36.368049,1,0.5963,0.0179,0.5963,2.8943,0.8241,0.7533,-0.3342,37
2026-03-21T17:53:36.368049,2,0.0962,0.0313,0.0962,2.2757,0.5978,0.5978,0.0051,10
2026-03-21T17:53:36.368049,3,0.5816,0.0136,0.5816,2.1408,0.8272,0.7474,0.3546,36
2026-03-21T17:53:36.368049,4,0.0696,0.0476,0.0696,1.7531,0.5035,-0.0696,0.4987,7
2026-03-21T17:53:36.438165,0,1.1231,1.1231,0.0178,3.1042,0.8681,0.1111,-0.8610,66
2026-03-21T17:53:36.438165,1,0.0483,0.0483,0.0065,3.0950,1.1396,0.7477,-0.8599,3
2026-03-21T17:53:36.438165,2,0.6717,0.0227,0.6717,2.9694,0.8369,0.7541,-0.3629,40
2026-03-21T17:53:36.438165,3,0.0957,0.0249,0.0957,2.2754,0.5976,0.5976,0.0051,10
2026-03-21T17:53:36.438165,4,0.5569,0.0184,0.5569,2.1417,0.8233,0.7472,0.3455,35
2026-03-21T17:53:36.438165,5,0.0817,0.0431,0.0817,1.7622,0.5021,-0.0692,0.4973,7
2026-03-21T17:53:36.506749,0,1.1261,1.1261,0.0207,3.1078,0.8676,0.1106,-0.8606,66
2026-03-21T17:53:36.506749,1,0.5979,0.0221,0.5979,2.8956,0.8230,0.7522,-0.3340,37
2026-03-21T17:53:36.506749,2,0.0959,0.0315,0.0959,2.2758,0.5971,0.5971,0.0051,10
2026-03-21T17:53:36.506749,3,0.6214,0.0552,0.6214,2.1588,0.8266,0.7459,0.3562,38
2026-03-21T17:53:36.506749,4,0.0385,0.0385,0.0361,1.7592,0.4959,-0.0731,0.4905,6
2026-03-21T17:53:36.577156,0,1.1222,1.1222,0.0195,3.1029,0.8683,0.1107,-0.8613,66
2026-03-21T17:53:36.577156,1,0.5743,0.0174,0.5743,2.8719,0.8206,0.7533,-0.3255,36
2026-03-21T17:53:36.577156,2,0.0956,0.0269,0.0956,2.2755,0.5975,0.5975,0.0051,10
2026-03-21T17:53:36.577156,3,0.6333,0.0157,0.6333,2.1418,0.8349,0.7468,0.3733,38
2026-03-21T17:53:36.577156,4,0.0509,0.0365,0.0509,1.7631,0.4958,-0.0729,0.4904,6
2026-03-21T17:53:36.646794,0,1.1966,1.1966,0.0405,3.1015,0.8733,0.1479,-0.8607,70
2026-03-21T17:53:36.646794,1,0.5950,0.0152,0.5950,2.8930,0.8225,0.7518,-0.3337,37
2026-03-21T17:53:36.646794,2,0.0946,0.0195,0.0946,2.2751,0.5983,0.5983,0.0051,10
2026-03-21T17:53:36.646794,3,0.5746,0.0169,0.5746,2.1412,0.8263,0.7465,0.3542,36
2026-03-21T17:53:36.646794,4,0.0585,0.0585,0.0570,1.7612,0.5024,-0.0787,0.4962,7
2026-03-21T17:53:36.716076,0,1.1919,1.1919,0.0160,3.1012,0.8714,0.1384,-0.8604,69
2026-03-21T17:53:36.716076,1,0.5978,0.0185,0.5978,2.8956,0.8246,0.7537,-0.3345,37
2026-03-21T17:53:36.716076,2,0.0960,0.0269,0.0960,2.2754,0.5993,0.5993,0.0051,10
2026-03-21T17:53:36.716076,3,0.5836,0.0120,0.5836,2.1415,0.8266,0.7468,0.3545,36
2026-03-21T17:53:36.716076,4,0.0518,0.0518,0.0455,1.7498,0.5037,-0.0787,0.4975,7
2026-03-21T17:53:36.786515,0,1.1930,1.1930,0.0187,3.1021,0.8718,0.1386,-0.8607,69
2026-03-21T17:53:36.786515,1,0.5704,0.0197,0.5704,2.8681,0.8201,0.7529,-0.3253,36
2026-03-21T17:53:36.786515,2,0.0950,0.0283,0.0950,2.2756,0.5967,0.5967,0.0050,10
2026-03-21T17:53:36.786515,3,0.6314,0.0141,0.6314,2.1413,0.8368,0.7485,0.3740,38
2026-03-21T17:53:36.786515,4,0.0495,0.0495,0.0491,1.7474,0.5044,-0.0786,0.4982,7
2026-03-21T17:53:36.855896,0,1.0944,1.0944,0.0188,3.1048,0.8670,0.1017,-0.8610,65
2026-03-21T17:53:36.855896,1,0.5984,0.0225,0.5984,2.8956,0.8245,0.7536,-0.3345,37
2026-03-21T17:53:36.855896,2,0.0957,0.0253,0.0957,2.2755,0.5985,0.5985,0.0051,10
2026-03-21T17:53:36.855896,3,0.6070,0.0123,0.6070,2.1410,0.8322,0.7482,0.3643,37
2026-03-21T17:53:36.855896,4,0.0515,0.0491,0.0515,1.7478,0.5067,-0.0790,0.5005,7
2026-03-21T17:53:36.925655,0,1.1233,1.1233,0.0195,3.1030,0.8686,0.1109,-0.8615,66
2026-03-21T17:53:36.925655,1,0.5931,0.0161,0.5931,2.8911,0.8232,0.7524,-0.3339,37
2026-03-21T17:53:36.925655,2,0.0957,0.0275,0.0957,2.2755,0.5970,0.5970,0.0051,10
2026-03-21T17:53:36.925655,3,0.6239,0.0583,0.6239,2.1593,0.8264,0.7456,0.3564,38
2026-03-21T17:53:36.925655,4,0.0495,0.0495,0.0402,1.7444,0.5058,-0.0789,0.4996,7
2026-03-21T17:53:36.995534,0,1.1191,1.1191,0.0164,3.1008,0.8682,0.1110,-0.8611,66
2026-03-21T17:53:36.995534,1,0.0464,0.0464,0.0110,3.0988,1.1416,0.7490,-0.8614,3
2026-03-21T17:53:36.995534,2,0.6187,0.0179,0.6187,2.9162,0.8276,0.7531,-0.3433,38
2026-03-21T17:53:36.995534,3,0.0957,0.0288,0.0957,2.2756,0.5974,0.5974,0.0051,10
2026-03-21T17:53:36.995534,4,0.5749,0.0560,0.5749,2.1591,0.8171,0.7442,0.3373,36
2026-03-21T17:53:36.995534,5,0.0575,0.0489,0.0575,1.7478,0.5060,-0.0788,0.4998,7
2026-03-21T17:53:37.064955,0,1.1909,1.1909,0.0208,3.1033,0.8724,0.1384,-0.8614,69
2026-03-21T17:53:37.064955,1,0.6458,0.0233,0.6458,2.9437,0.8315,0.7529,-0.3528,39
2026-03-21T17:53:37.064955,2,0.0961,0.0275,0.0961,2.2756,0.5990,0.5990,0.0051,10
2026-03-21T17:53:37.064955,3,0.6253,0.0613,0.6253,2.1593,0.8265,0.7458,0.3563,38
2026-03-21T17:53:37.064955,4,0.0575,0.0475,0.0575,1.7488,0.5043,-0.0785,0.4981,7
2026-03-21T17:53:37.134996,0,1.1914,1.1914,0.0471,3.1030,0.8728,0.1476,-0.8602,70
2026-03-21T17:53:37.134996,1,0.5983,0.0199,0.5983,2.8956,0.8243,0.7534,-0.3345,37
2026-03-21T17:53:37.134996,2,0.0958,0.0273,0.0958,2.2755,0.5973,0.5973,0.0051,10
2026-03-21T17:53:37.134996,3,0.6018,0.0647,0.6018,2.1597,0.8229,0.7460,0.3473,37
2026-03-21T17:53:37.134996,4,0.0502,0.0502,0.0466,1.7459,0.5055,-0.0788,0.4994,7
2026-03-21T17:53:37.204540,0,1.1907,1.1907,0.0222,3.1062,0.8723,0.1385,-0.8613,69
2026-03-21T17:53:37.204540,1,0.5992,0.0236,0.5992,2.8963,0.8232,0.7524,-0.3341,37
2026-03-21T17:53:37.204540,2,0.0957,0.0243,0.0957,2.2753,0.5973,0.5973,0.0051,10
2026-03-21T17:53:37.204540,3,0.6008,0.0528,0.6008,2.1587,0.8235,0.7466,0.3474,37
2026-03-21T17:53:37.204540,4,0.0527,0.0527,0.0465,1.7478,0.5051,-0.0789,0.4989,7
2026-03-21T17:53:37.273652,0,1.1237,1.1237,0.0214,3.1015,0.8683,0.1108,-0.8612,66
2026-03-21T17:53:37.273652,1,0.6234,0.0222,0.6234,2.9209,0.8281,0.7534,-0.3437,38
2026-03-21T17:53:37.273652,2,0.0964,0.0339,0.0964,2.2762,0.5993,0.5993,0.0050,10
2026-03-21T17:53:37.273652,3,0.6317,0.0122,0.6317,2.1416,0.8353,0.7472,0.3734,38
2026-03-21T17:53:37.273652,4,0.0447,0.0373,0.0447,1.7560,0.5024,-0.0826,0.4956,6
2026-03-21T17:53:37.344040,0,1.0937,1.0937,0.0180,3.1037,0.8678,0.1021,-0.8618,65
2026-03-21T17:53:37.344040,1,0.5960,0.0162,0.5960,2.8937,0.8235,0.7527,-0.3340,37
2026-03-21T17:53:37.344040,2,0.0960,0.0348,0.0960,2.2760,0.5981,0.5981,0.0050,10
2026-03-21T17:53:37.344040,3,0.6077,0.0137,0.6077,2.1417,0.8303,0.7465,0.3637,37
2026-03-21T17:53:37.344040,4,0.0440,0.0440,0.0217,1.7230,0.5318,-0.1241,0.5171,6
2026-03-21T17:53:37.413971,0,1.1930,1.1930,0.0171,3.1021,0.8720,0.1386,-0.8609,69
2026-03-21T17:53:37.413971,1,0.5685,0.0193,0.5685,2.8668,0.8196,0.7524,-0.3250,36
2026-03-21T17:53:37.413971,2,0.0959,0.0378,0.0959,2.2763,0.5970,0.5970,0.0049,10
2026-03-21T17:53:37.413971,3,0.5810,0.0130,0.5810,2.1408,0.8272,0.7473,0.3546,36
2026-03-21T17:53:37.413971,4,0.0863,0.0863,0.0347,1.6909,0.5985,-0.2296,0.5527,8
2026-03-21T17:53:52.675364,0,1.1235,1.1235,0.0234,3.1036,0.8682,0.1107,-0.8611,66
2026-03-21T17:53:52.675364,1,0.6234,0.0207,0.6234,2.9216,0.8272,0.7527,-0.3432,38
2026-03-21T17:53:52.675364,2,0.0959,0.0299,0.0959,2.2758,0.5975,0.5975,0.0050,10
2026-03-21T17:53:52.675364,3,0.5995,0.0580,0.5995,2.1594,0.8226,0.7458,0.3471,37
2026-03-21T17:53:52.746397,0,1.0700,1.0700,0.0170,3.0998,0.8657,0.0928,-0.8607,64
2026-03-21T17:53:52.746397,1,0.0900,0.0900,0.0440,3.0984,1.1235,0.7299,-0.8541,6
2026-03-21T17:53:52.746397,2,0.5753,0.0198,0.5753,2.8732,0.8212,0.7538,-0.3257,36
2026-03-21T17:53:52.746397,3,0.0956,0.0170,0.0956,2.2748,0.5974,0.5974,0.0052,10
2026-03-21T17:53:52.746397,4,0.5794,0.0129,0.5794,2.1413,0.8272,0.7474,0.3546,36
2026-03-21T17:53:52.815550,0,1.1236,1.1236,0.0208,3.1051,0.8685,0.1107,-0.8614,66
2026-03-21T17:53:52.815550,1,0.0469,0.0469,0.0170,3.1003,1.1379,0.7466,-0.8587,3
2026-03-21T17:53:52.815550,2,0.6219,0.0218,0.6219,2.9196,0.8288,0.7541,-0.3440,38
2026-03-21T17:53:52.815550,3,0.0948,0.0279,0.0948,2.2754,0.5979,0.5979,0.0051,10
2026-03-21T17:53:52.815550,4,0.6760,0.0607,0.6760,2.1595,0.8348,0.7457,0.3753,40
2026-03-21T17:53:52.884501,0,1.0980,1.0980,0.0198,3.1020,0.8670,0.1018,-0.8610,65
2026-03-21T17:53:52.884501,1,0.0722,0.0722,0.0408,3.1003,1.1323,0.7430,-0.8544,5
2026-03-21T17:53:52.884501,2,0.5981,0.0215,0.5981,2.8956,0.8244,0.7535,-0.3345,37
2026-03-21T17:53:52.884501,3,0.0962,0.0383,0.0962,2.2762,0.5976,0.5976,0.0051,10
2026-03-21T17:53:52.884501,4,0.6334,0.0122,0.6334,2.1412,0.8359,0.7477,0.3736,38
2026-03-21T17:53:52.953821,0,1.1229,1.1229,0.0198,3.1051,0.8687,0.1109,-0.8616,66
2026-03-21T17:53:52.953821,1,0.5958,0.0180,0.5958,2.8937,0.8231,0.7523,-0.3338,37
2026-03-21T17:53:52.953821,2,0.0956,0.0279,0.0956,2.2755,0.5982,0.5982,0.0051,10
2026-03-21T17:53:52.953821,3,0.6688,0.0540,0.6688,2.1587,0.8352,0.7461,0.3753,40
2026-03-21T17:53:53.023687,0,1.1256,1.1256,0.0204,3.1048,0.8687,0.1111,-0.8616,66
2026-03-21T17:53:53.023687,1,0.5475,0.0134,0.5475,2.8453,0.8158,0.7521,-0.3160,35
2026-03-21T17:53:53.023687,2,0.0953,0.0249,0.0953,2.2753,0.5970,0.5970,0.0051,10
2026-03-21T17:53:53.023687,3,0.6072,0.0182,0.6072,2.1412,0.8316,0.7476,0.3643,37
2026-03-21T17:53:53.093593,0,1.0484,1.0484,0.0162,3.1007,0.8650,0.0839,-0.8609,63
2026-03-21T17:53:53.093593,1,0.0902,0.0902,0.0185,3.1018,1.1257,0.7239,-0.8620,5
2026-03-21T17:53:53.093593,2,0.5973,0.0204,0.5973,2.8950,0.8242,0.7533,-0.3344,37
2026-03-21T17:53:53.093593,3,0.0961,0.0285,0.0961,2.2759,0.6008,0.6008,0.0051,10
2026-03-21T17:53:53.093593,4,0.6039,0.0156,0.6039,2.1406,0.8317,0.7478,0.3642,37
2026-03-21T17:53:53.163456,0,1.0951,1.0951,0.0158,3.1011,0.8670,0.1020,-0.8610,65
2026-03-21T17:53:53.163456,1,0.6217,0.0194,0.6217,2.9196,0.8293,0.7545,-0.3440,38
2026-03-21T17:53:53.163456,2,0.0957,0.0269,0.0957,2.2755,0.5982,0.5982,0.0051,10
2026-03-21T17:53:53.163456,3,0.5795,0.0132,0.5795,2.1407,0.8270,0.7471,0.3546,36
2026-03-21T17:53:53.232757,0,1.1872,1.1872,0.0204,3.1025,0.8714,0.1384,-0.8604,69
2026-03-21T17:53:53.232757,1,0.6236,0.0225,0.6236,2.9209,0.8281,0.7534,-0.3437,38
2026-03-21T17:53:53.232757,2,0.0966,0.0365,0.0966,2.2762,0.5987,0.5987,0.0050,10
2026-03-21T17:53:53.232757,3,0.5825,0.0230,0.5825,2.1424,0.8271,0.7473,0.3546,36
2026-03-21T17:53:53.232757,4,0.0484,0.0022,0.0484,1.5326,1.0419,0.7493,0.7239,3
2026-03-21T17:53:53.302357,0,1.1220,1.1220,0.0159,3.1015,0.8687,0.1109,-0.8616,66
2026-03-21T17:53:53.302357,1,0.5725,0.0176,0.5725,2.8700,0.8208,0.7535,-0.3256,36
2026-03-21T17:53:53.302357,2,0.0967,0.0359,0.0967,2.2764,0.6002,0.6002,0.0051,10
2026-03-21T17:53:53.302357,3,0.6253,0.0567,0.6253,2.1593,0.8264,0.7457,0.3562,38
2026-03-21T17:53:53.372672,0,1.1876,1.1876,0.0237,3.1033,0.8717,0.1386,-0.8606,69
2026-03-21T17:53:53.372672,1,0.6460,0.0208,0.6460,2.9437,0.8319,0.7533,-0.3529,39
2026-03-21T17:53:53.372672,2,0.0960,0.0306,0.0960,2.2757,0.5981,0.5981,0.0050,10
2026-03-21T17:53:53.372672,3,0.6219,0.0528,0.6219,2.1587,0.8272,0.7464,0.3565,38
2026-03-21T17:53:53.441599,0,1.0736,1.0736,0.0172,3.1034,0.8659,0.0928,-0.8609,64
2026-03-21T17:53:53.441599,1,0.0906,0.0906,0.0445,3.0997,1.1253,0.7311,-0.8555,6
2026-03-21T17:53:53.441599,2,0.5956,0.0219,0.5956,2.8930,0.8240,0.7531,-0.3344,37
2026-03-21T17:53:53.441599,3,0.0955,0.0269,0.0955,2.2754,0.5971,0.5971,0.0051,10
2026-03-21T17:53:53.441599,4,0.6300,0.0124,0.6300,2.1413,0.8360,0.7478,0.3737,38
2026-03-21T17:53:53.513038,0,0.9817,0.9817,0.0143,3.1011,0.8641,0.0579,-0.8621,60
2026-03-21T17:53:53.513038,1,0.0888,0.0888,0.0090,3.1031,1.0845,0.6530,-0.8658,5
2026-03-21T17:53:53.513038,2,0.0410,0.0410,0.0170,3.0988,1.1389,0.7473,-0.8595,3
2026-03-21T17:53:53.513038,3,0.6221,0.0204,0.6221,2.9196,0.8270,0.7524,-0.3432,38
2026-03-21T17:53:53.513038,4,0.0963,0.0356,0.0963,2.2761,0.5971,0.5971,0.0050,10
2026-03-21T17:53:53.513038,5,0.6031,0.0146,0.6031,2.1412,0.8320,0.7481,0.3641,37
2026-03-21T17:53:53.582436,0,1.1225,1.1225,0.0178,3.1037,0.8679,0.1108,-0.8608,66
2026-03-21T17:53:53.582436,1,0.0364,0.0364,0.0184,3.0972,1.1366,0.7457,-0.8577,3
2026-03-21T17:53:53.582436,2,0.5724,0.0194,0.5724,2.8700,0.8208,0.7534,-0.3255,36
2026-03-21T17:53:53.582436,3,0.0966,0.0413,0.0966,2.2764,0.5993,0.5993,0.0050,10
2026-03-21T17:53:53.582436,4,0.6270,0.0142,0.6270,2.1411,0.8356,0.7475,0.3734,38
2026-03-21T17:53:53.651302,0,1.0465,1.0465,0.0170,3.1022,0.8644,0.0838,-0.8604,63
2026-03-21T17:53:53.651302,1,0.0889,0.0889,0.0178,3.1003,1.1261,0.7242,-0.8623,5
2026-03-21T17:53:53.651302,2,0.5982,0.0189,0.5982,2.8956,0.8237,0.7528,-0.3343,37
2026-03-21T17:53:53.651302,3,0.0958,0.0376,0.0958,2.2762,0.5990,0.5990,0.0050,10
2026-03-21T17:53:53.651302,4,0.5834,0.0183,0.5834,2.1419,0.8269,0.7469,0.3546,36
2026-03-21T17:53:53.721488,0,1.1178,1.1178,0.0194,3.1025,0.8690,0.1112,-0.8618,66
2026-03-21T17:53:53.721488,1,0.0437,0.0437,0.0125,3.0980,1.1406,0.7484,-0.8607,3
2026-03-21T17:53:53.721488,2,0.5976,0.0191,0.5976,2.8950,0.8238,0.7530,-0.3343,37
2026-03-21T17:53:53.721488,3,0.0959,0.0298,0.0959,2.2757,0.5974,0.5974,0.0051,10
2026-03-21T17:53:53.721488,4,0.5811,0.0165,0.5811,2.1417,0.8273,0.7474,0.3548,36
2026-03-21T17:53:53.790362,0,1.1220,1.1220,0.0148,3.1007,0.8681,0.1108,-0.8610,66
2026-03-21T17:53:53.790362,1,0.5973,0.0195,0.5973,2.8950,0.8230,0.7521,-0.3340,37
2026-03-21T17:53:53.790362,2,0.0949,0.0223,0.0949,2.2749,0.5950,0.5950,0.0052,10
2026-03-21T17:53:53.790362,3,0.6301,0.0160,0.6301,2.1415,0.8370,0.7487,0.3741,38
2026-03-21T17:53:53.861067,0,1.1000,1.1000,0.0207,3.1045,0.8670,0.1018,-0.8610,65
2026-03-21T17:53:53.861067,1,0.6218,0.0223,0.6218,2.9196,0.8264,0.7518,-0.3431,38
2026-03-21T17:53:53.861067,2,0.0956,0.0278,0.0956,2.2758,0.5993,0.5993,0.0051,10
2026-03-21T17:53:53.861067,3,0.6322,0.0127,0.6322,2.1415,0.8350,0.7469,0.3732,38
2026-03-21T17:53:53.930090,0,1.1206,1.1206,0.0204,3.1042,0.8686,0.1107,-0.8615,66
2026-03-21T17:53:53.930090,1,0.5941,0.0230,0.5941,2.8917,0.8228,0.7520,-0.3339,37
2026-03-21T17:53:53.930090,2,0.0960,0.0309,0.0960,2.2754,0.5966,0.5966,0.0051,10
2026-03-21T17:53:53.930090,3,0.6484,0.0545,0.6484,2.1590,0.8314,0.7466,0.3659,39
2026-03-21T17:53:53.998969,0,1.0767,1.0767,0.0194,3.1024,0.8660,0.0929,-0.8610,64
2026-03-21T17:53:53.998969,1,0.0870,0.0870,0.0185,3.1010,1.1291,0.7261,-0.8646,5
2026-03-21T17:53:53.998969,2,0.5979,0.0257,0.5979,2.8956,0.8237,0.7528,-0.3342,37
2026-03-21T17:53:53.998969,3,0.0956,0.0316,0.0956,2.2758,0.5991,0.5991,0.0050,10
2026-03-21T17:53:53.998969,4,0.5585,0.0156,0.5585,2.1407,0.8236,0.7476,0.3456,35
2026-03-21T17:53:54.069386,0,1.1899,1.1899,0.0234,3.1015,0.8720,0.1386,-0.8609,69
2026-03-21T17:53:54.069386,1,0.5936,0.0271,0.5936,2.8917,0.8232,0.7523,-0.3341,37
2026-03-21T17:53:54.069386,2,0.0959,0.0329,0.0959,2.2760,0.5987,0.5987,0.0050,10
2026-03-21T17:53:54.069386,3,0.6327,0.0155,0.6327,2.1412,0.8356,0.7474,0.3736,38
2026-03-21T17:53:54.139461,0,1.1210,1.1210,0.0163,3.1024,0.8681,0.1110,-0.8610,66
2026-03-21T17:53:54.139461,1,0.0398,0.0398,0.0208,3.1025,1.1412,0.7488,-0.8612,3
2026-03-21T17:53:54.139461,2,0.5987,0.0200,0.5987,2.8963,0.8242,0.7532,-0.3346,37
2026-03-21T17:53:54.139461,3,0.0957,0.0346,0.0957,2.2762,0.5982,0.5982,0.0050,10
2026-03-21T17:53:54.139461,4,0.6004,0.0522,0.6004,2.1583,0.8229,0.7461,0.3471,37
2026-03-21T17:53:54.208563,0,1.1228,1.1228,0.0225,3.1087,0.8683,0.1106,-0.8612,66
2026-03-21T17:53:54.208563,1,0.6238,0.0215,0.6238,2.9216,0.8283,0.7536,-0.3438,38
2026-03-21T17:53:54.208563,2,0.0964,0.0329,0.0964,2.2759,0.5997,0.5997,0.0051,10
2026-03-21T17:53:54.208563,3,0.6078,0.0137,0.6078,2.1411,0.8318,0.7478,0.3642,37
2026-03-21T17:53:54.278691,0,1.1852,1.1852,0.0186,3.1019,0.8720,0.1387,-0.8609,69
2026-03-21T17:53:54.278691,1,0.5464,0.0153,0.5464,2.8441,0.8161,0.7524,-0.3159,35
2026-03-21T17:53:54.278691,2,0.0952,0.0195,0.0952,2.2752,0.5988,0.5988,0.0051,10
2026-03-21T17:53:54.278691,3,0.6299,0.0138,0.6299,2.1412,0.8344,0.7464,0.3731,38
2026-03-21T17:53:54.347839,0,1.0939,1.0939,0.0173,3.1022,0.8667,0.1018,-0.8608,65
2026-03-21T17:53:54.347839,1,0.6449,0.0238,0.6449,2.9423,0.8314,0.7528,-0.3528,39
2026-03-21T17:53:54.347839,2,0.0958,0.0289,0.0958,2.2755,0.5976,0.5976,0.0051,10
2026-03-21T17:53:54.347839,3,0.6759,0.0604,0.6759,2.1594,0.8349,0.7457,0.3753,40
2026-03-21T17:53:54.418021,0,1.1209,1.1209,0.0154,3.1029,0.8687,0.1111,-0.8616,66
2026-03-21T17:53:54.418021,1,0.5946,0.0163,0.5946,2.8924,0.8227,0.7519,-0.3337,37
2026-03-21T17:53:54.418021,2,0.0957,0.0299,0.0957,2.2755,0.5973,0.5973,0.0051,10
2026-03-21T17:53:54.418021,3,0.6555,0.0122,0.6555,2.1412,0.8412,0.7485,0.3839,39
2026-03-21T17:53:54.486796,0,1.1932,1.1932,0.0172,3.1024,0.8726,0.1387,-0.8615,69
2026-03-21T17:53:54.486796,1,0.5485,0.0215,0.5485,2.8466,0.8168,0.7531,-0.3163,35
2026-03-21T17:53:54.486796,2,0.0966,0.0363,0.0966,2.2761,0.5985,0.5985,0.0051,10
2026-03-21T17:53:54.486796,3,0.6056,0.0140,0.6056,2.1417,0.8302,0.7463,0.3636,37
2026-03-21T17:53:54.556934,0,1.0967,1.0967,0.0154,3.1015,0.8679,0.1021,-0.8619,65
2026-03-21T17:53:54.556934,1,0.6970,0.0211,0.6970,2.9946,0.8408,0.7539,-0.3723,41
2026-03-21T17:53:54.556934,2,0.0963,0.0309,0.0963,2.2758,0.5992,0.5992,0.0051,10
2026-03-21T17:53:54.556934,3,0.6227,0.0584,0.6227,2.1594,0.8255,0.7450,0.3556,38
2026-03-21T17:53:54.627109,0,1.1225,1.1225,0.0182,3.1015,0.8682,0.1109,-0.8611,66
2026-03-21T17:53:54.627109,1,0.6224,0.0251,0.6224,2.9202,0.8278,0.7531,-0.3437,38
2026-03-21T17:53:54.627109,2,0.0959,0.0225,0.0959,2.2755,0.6004,0.6004,0.0051,10
2026-03-21T17:53:54.627109,3,0.6058,0.0123,0.6058,2.1405,0.8315,0.7476,0.3641,37
2026-03-21T17:53:54.697123,0,1.1907,1.1907,0.0217,3.1042,0.8731,0.1383,-0.8620,69
2026-03-21T17:53:54.697123,1,0.6466,0.0226,0.6466,2.9444,0.8320,0.7534,-0.3531,39
2026-03-21T17:53:54.697123,2,0.0956,0.0319,0.0956,2.2758,0.5974,0.5974,0.0050,10
2026-03-21T17:53:54.697123,3,0.6298,0.0157,0.6298,2.1411,0.8359,0.7478,0.3735,38
2026-03-21T17:53:54.766212,0,1.0961,1.0961,0.0145,3.1007,0.8670,0.1018,-0.8610,65
2026-03-21T17:53:54.766212,1,0.6711,0.0207,0.6711,2.9687,0.8355,0.7528,-0.3624,40
2026-03-21T17:53:54.766212,2,0.0963,0.0388,0.0963,2.2759,0.5976,0.5976,0.0051,10
2026-03-21T17:53:54.766212,3,0.6334,0.0132,0.6334,2.1412,0.8358,0.7477,0.3735,38
2026-03-21T17:53:54.835592,0,1.1016,1.1016,0.0208,3.1037,0.8678,0.1020,-0.8617,65
2026-03-21T17:53:54.835592,1,0.6721,0.0236,0.6721,2.9694,0.8357,0.7530,-0.3623,40
2026-03-21T17:53:54.835592,2,0.0956,0.0319,0.0956,2.2755,0.5963,0.5963,0.0050,10
2026-03-21T17:53:54.835592,3,0.6222,0.0609,0.6222,2.1596,0.8263,0.7455,0.3564,38
2026-03-21T17:53:54.906266,0,1.1912,1.1912,0.0499,3.1029,0.8735,0.1479,-0.8608,70
2026-03-21T17:53:54.906266,1,0.6220,0.0220,0.6220,2.9196,0.8289,0.7541,-0.3440,38
2026-03-21T17:53:54.906266,2,0.0957,0.0326,0.0957,2.2758,0.5974,0.5974,0.0050,10
2026-03-21T17:53:54.906266,3,0.6077,0.0138,0.6077,2.1417,0.8310,0.7470,0.3641,37
2026-03-21T17:53:54.974945,0,1.1863,1.1863,0.0190,3.1001,0.8723,0.1384,-0.8612,69
2026-03-21T17:53:54.974945,1,0.6749,0.0320,0.6749,2.9715,0.8364,0.7536,-0.3628,40
2026-03-21T17:53:54.974945,2,0.0960,0.0233,0.0960,2.2754,0.5988,0.5988,0.0051,10
2026-03-21T17:53:54.974945,3,0.5813,0.0126,0.5813,2.1405,0.8276,0.7476,0.3549,36
2026-03-21T17:53:55.045903,0,1.0916,1.0916,0.0148,3.1020,0.8675,0.1018,-0.8615,65
2026-03-21T17:53:55.045903,1,0.0665,0.0665,0.0445,3.0997,1.1325,0.7431,-0.8546,5
2026-03-21T17:53:55.045903,2,0.5755,0.0228,0.5755,2.8726,0.8194,0.7522,-0.3250,36
2026-03-21T17:53:55.045903,3,0.0951,0.0236,0.0951,2.2755,0.5984,0.5984,0.0051,10
2026-03-21T17:53:55.045903,4,0.5599,0.0139,0.5599,2.1415,0.8236,0.7476,0.3456,35
2026-03-21T17:53:55.045903,5,0.0977,0.0045,0.0977,1.5539,1.0467,0.7525,0.7275,5
2026-03-21T17:53:55.115101,0,1.1180,1.1180,0.0146,3.1011,0.8685,0.1108,-0.8614,66
2026-03-21T17:53:55.115101,1,0.0451,0.0451,0.0087,3.0965,1.1409,0.7486,-0.8609,3
2026-03-21T17:53:55.115101,2,0.6929,0.0267,0.6929,2.9904,0.8405,0.7536,-0.3721,41
2026-03-21T17:53:55.115101,3,0.0959,0.0343,0.0959,2.2761,0.5983,0.5983,0.0050,10
2026-03-21T17:53:55.115101,4,0.6033,0.0116,0.6033,2.1407,0.8311,0.7473,0.3637,37
2026-03-21T17:53:55.185252,0,1.1221,1.1221,0.0177,3.1033,0.8678,0.1104,-0.8608,66
2026-03-21T17:53:55.185252,1,0.6721,0.0231,0.6721,2.9701,0.8364,0.7536,-0.3626,40
2026-03-21T17:53:55.185252,2,0.0965,0.0323,0.0965,2.2761,0.6002,0.6002,0.0050,10
2026-03-21T17:53:55.185252,3,0.5966,0.0640,0.5966,2.1598,0.8221,0.7453,0.3468,37
2026-03-21T17:53:55.253877,0,1.1211,1.1211,0.0192,3.1034,0.8682,0.1106,-0.8611,66
2026-03-21T17:53:55.253877,1,0.5989,0.0222,0.5989,2.8963,0.8229,0.7521,-0.3339,37
2026-03-21T17:53:55.253877,2,0.0954,0.0319,0.0954,2.2757,0.5961,0.5961,0.0050,10
2026-03-21T17:53:55.253877,3,0.6248,0.0535,0.6248,2.1588,0.8262,0.7455,0.3562,38
2026-03-21T17:53:55.323639,0,1.0484,1.0484,0.0209,3.1033,0.8654,0.0841,-0.8613,63
2026-03-21T17:53:55.323639,1,0.0437,0.0437,0.0062,3.0989,1.0966,0.6752,-0.8640,3
2026-03-21T17:53:55.323639,2,0.0457,0.0457,0.0095,3.0965,1.1402,0.7482,-0.8604,3
2026-03-21T17:53:55.323639,3,0.5980,0.0247,0.5980,2.8950,0.8229,0.7520,-0.3340,37
2026-03-21T17:53:55.323639,4,0.0955,0.0199,0.0955,2.2751,0.5985,0.5985,0.0052,10
2026-03-21T17:53:55.323639,5,0.5824,0.0123,0.5824,2.1410,0.8266,0.7467,0.3545,36
2026-03-21T17:53:55.393992,0,1.0955,1.0955,0.0171,3.1001,0.8672,0.1018,-0.8612,65
2026-03-21T17:53:55.393992,1,0.5970,0.0252,0.5970,2.8943,0.8237,0.7527,-0.3344,37
2026-03-21T17:53:55.393992,2,0.0966,0.0335,0.0966,2.2761,0.5992,0.5992,0.0051,10
2026-03-21T17:53:55.393992,3,0.6255,0.0604,0.6255,2.1595,0.8264,0.7457,0.3561,38
2026-03-21T17:53:55.463271,0,1.1919,1.1919,0.0178,3.1030,0.8718,0.1385,-0.8608,69
2026-03-21T17:53:55.463271,1,0.6449,0.0244,0.6449,2.9423,0.8319,0.7533,-0.3530,39
2026-03-21T17:53:55.463271,2,0.0962,0.0333,0.0962,2.2760,0.5990,0.5990,0.0050,10
2026-03-21T17:53:55.463271,3,0.5589,0.0140,0.5589,2.1411,0.8239,0.7478,0.3458,35
2026-03-21T17:53:55.532396,0,1.1214,1.1214,0.0180,3.1023,0.8679,0.1107,-0.8608,66
2026-03-21T17:53:55.532396,1,0.6211,0.0168,0.6211,2.9189,0.8273,0.7526,-0.3434,38
2026-03-21T17:53:55.532396,2,0.0961,0.0336,0.0961,2.2758,0.5976,0.5976,0.0050,10
2026-03-21T17:53:55.532396,3,0.6798,0.0641,0.6798,2.1598,0.8356,0.7464,0.3757,40
2026-03-21T17:53:55.602873,0,1.1941,1.1941,0.0177,3.1015,0.8723,0.1385,-0.8613,69
2026-03-21T17:53:55.602873,1,0.6471,0.0311,0.6471,2.9437,0.8323,0.7536,-0.3533,39
2026-03-21T17:53:55.602873,2,0.0951,0.0259,0.0951,2.2755,0.5978,0.5978,0.0051,10
2026-03-21T17:53:55.602873,3,0.6083,0.0179,0.6083,2.1416,0.8316,0.7476,0.3643,37
2026-03-21T17:53:55.671904,0,1.1216,1.1216,0.0211,3.1039,0.8680,0.1108,-0.8609,66
2026-03-21T17:53:55.671904,1,0.6218,0.0223,0.6218,2.9189,0.8263,0.7518,-0.3428,38
2026-03-21T17:53:55.671904,2,0.0958,0.0276,0.0958,2.2755,0.5971,0.5971,0.0051,10
2026-03-21T17:53:55.671904,3,0.6055,0.0120,0.6055,2.1408,0.8314,0.7475,0.3639,37
2026-03-21T17:53:55.742011,0,1.1182,1.1182,0.0184,3.1037,0.8689,0.1110,-0.8618,66
2026-03-21T17:53:55.742011,1,0.0470,0.0470,0.0148,3.1003,1.1399,0.7479,-0.8602,3
2026-03-21T17:53:55.742011,2,0.6705,0.0249,0.6705,2.9680,0.8371,0.7543,-0.3628,40
2026-03-21T17:53:55.742011,3,0.0968,0.0355,0.0968,2.2760,0.5985,0.5985,0.0051,10
2026-03-21T17:53:55.742011,4,0.6485,0.0550,0.6485,2.1591,0.8314,0.7465,0.3661,39
2026-03-21T17:53:55.812305,0,1.0923,1.0923,0.0136,3.1002,0.8669,0.1018,-0.8609,65
2026-03-21T17:53:55.812305,1,0.5444,0.0176,0.5444,2.8422,0.8149,0.7513,-0.3156,35
2026-03-21T17:53:55.812305,2,0.0962,0.0416,0.0962,2.2760,0.5970,0.5970,0.0050,10
2026-03-21T17:53:55.812305,3,0.5322,0.0129,0.5322,2.1411,0.8206,0.7482,0.3371,34
2026-03-21T17:53:55.812305,4,0.0926,0.0073,0.0926,1.5789,1.0249,0.7492,0.6993,5
2026-03-21T17:53:55.881331,0,1.0443,1.0443,0.0168,3.1015,0.8648,0.0839,-0.8607,63
2026-03-21T17:53:55.881331,1,0.0933,0.0933,0.0133,3.0980,1.1249,0.7234,-0.8614,5
2026-03-21T17:53:55.881331,2,0.5706,0.0157,0.5706,2.8681,0.8198,0.7526,-0.3250,36
2026-03-21T17:53:55.881331,3,0.0958,0.0293,0.0958,2.2755,0.5953,0.5953,0.0051,10
2026-03-21T17:53:55.881331,4,0.6063,0.0138,0.6063,2.1417,0.8313,0.7473,0.3640,37
2026-03-21T17:53:55.951160,0,1.1191,1.1191,0.0199,3.1008,0.8677,0.1110,-0.8606,66
2026-03-21T17:53:55.951160,1,0.6456,0.0223,0.6456,2.9430,0.8318,0.7532,-0.3530,39
2026-03-21T17:53:55.951160,2,0.0956,0.0309,0.0956,2.2758,0.5961,0.5961,0.0050,10
2026-03-21T17:53:55.951160,3,0.5557,0.0140,0.5557,2.1412,0.8234,0.7473,0.3456,35
2026-03-21T17:53:56.020573,0,1.1896,1.1896,0.0198,3.1045,0.8730,0.1388,-0.8619,69
2026-03-21T17:53:56.020573,1,0.5717,0.0195,0.5717,2.8694,0.8192,0.7520,-0.3248,36
2026-03-21T17:53:56.020573,2,0.0954,0.0256,0.0954,2.2753,0.5974,0.5974,0.0051,10
2026-03-21T17:53:56.020573,3,0.5728,0.0491,0.5728,2.1583,0.8195,0.7465,0.3381,36
2026-03-21T17:53:56.090090,0,1.0934,1.0934,0.0170,3.1028,0.8674,0.1019,-0.8614,65
2026-03-21T17:53:56.090090,1,0.6465,0.0201,0.6465,2.9444,0.8321,0.7535,-0.3530,39
2026-03-21T17:53:56.090090,2,0.0970,0.0388,0.0970,2.2764,0.5995,0.5995,0.0051,10
2026-03-21T17:53:56.090090,3,0.6011,0.0633,0.6011,2.1596,0.8217,0.7450,0.3467,37
2026-03-21T17:53:56.159928,0,1.1888,1.1888,0.0456,3.1015,0.8729,0.1475,-0.8604,70
2026-03-21T17:53:56.159928,1,0.5957,0.0210,0.5957,2.8930,0.8241,0.7531,-0.3344,37
2026-03-21T17:53:56.159928,2,0.0950,0.0225,0.0950,2.2751,0.5958,0.5958,0.0051,10
2026-03-21T17:53:56.159928,3,0.5793,0.0112,0.5793,2.1412,0.8271,0.7473,0.3546,36
2026-03-21T17:53:56.230000,0,1.0969,1.0969,0.0126,3.0987,0.8672,0.1018,-0.8612,65
2026-03-21T17:53:56.230000,1,0.6210,0.0201,0.6210,2.9189,0.8275,0.7528,-0.3435,38
2026-03-21T17:53:56.230000,2,0.0962,0.0349,0.0962,2.2762,0.5991,0.5991,0.0050,10
2026-03-21T17:53:56.230000,3,0.6058,0.0152,0.6058,2.1418,0.8319,0.7478,0.3643,37
2026-03-21T17:53:56.299242,0,1.1222,1.1222,0.0146,3.1020,0.8690,0.1110,-0.8619,66
2026-03-21T17:53:56.299242,1,0.0372,0.0372,0.0177,3.0995,1.1409,0.7485,-0.8610,3
2026-03-21T17:53:56.299242,2,0.6473,0.0259,0.6473,2.9451,0.8331,0.7543,-0.3536,39
2026-03-21T17:53:56.299242,3,0.0968,0.0485,0.0968,2.2766,0.5982,0.5982,0.0051,10
2026-03-21T17:53:56.299242,4,0.1607,0.0725,0.1607,2.1413,0.7480,0.7274,0.1739,14
2026-03-21T17:53:56.299242,5,0.4330,0.0081,0.4330,1.9464,0.8921,0.7478,0.4865,24
2026-03-21T17:53:56.369595,0,1.1203,1.1203,0.0182,3.1021,0.8684,0.1109,-0.8613,66
2026-03-21T17:53:56.369595,1,0.5978,0.0212,0.5978,2.8950,0.8248,0.7539,-0.3346,37
2026-03-21T17:53:56.369595,2,0.0958,0.0308,0.0958,2.2757,0.5969,0.5969,0.0050,10
2026-03-21T17:53:56.369595,3,0.1234,0.0512,0.1234,2.1103,0.6967,0.6743,0.1751,10
2026-03-21T17:53:56.369595,4,0.4491,0.0134,0.4491,1.9605,0.8883,0.7485,0.4783,25
2026-03-21T17:53:56.438917,0,1.0988,1.0988,0.0181,3.1042,0.8667,0.1016,-0.8607,65
2026-03-21T17:53:56.438917,1,0.5727,0.0197,0.5727,2.8700,0.8199,0.7526,-0.3252,36
2026-03-21T17:53:56.438917,2,0.0953,0.0196,0.0953,2.2752,0.5982,0.5982,0.0051,10
2026-03-21T17:53:56.438917,3,0.1164,0.0575,0.1164,2.1594,0.6754,0.6630,0.1286,11
2026-03-21T17:53:56.438917,4,0.4748,0.0384,0.4748,2.0143,0.8679,0.7467,0.4423,27
2026-03-21T17:53:56.508074,0,1.1219,1.1219,0.0208,3.1042,0.8683,0.1108,-0.8612,66
2026-03-21T17:53:56.508074,1,0.5733,0.0534,0.5733,2.8674,0.8194,0.7521,-0.3252,36
2026-03-21T17:53:56.508074,2,0.2128,0.0934,0.2128,2.2744,0.6307,0.6280,0.0584,19
2026-03-21T17:53:56.508074,3,0.4989,0.0098,0.4989,2.0336,0.8608,0.7478,0.4265,29
2026-03-21T17:53:56.577787,0,1.1223,1.1223,0.0171,3.1033,0.8684,0.1109,-0.8613,66
2026-03-21T17:53:56.577787,1,0.5553,0.0204,0.5553,2.9189,0.8445,0.7534,-0.3815,33
2026-03-21T17:53:56.577787,2,0.0953,0.0132,0.0953,2.3171,0.5971,0.5960,-0.0365,10
2026-03-21T17:53:56.577787,3,0.6503,0.0790,0.6503,2.2088,0.7981,0.7327,0.3164,41
2026-03-21T17:53:56.647954,0,1.1215,1.1215,0.0156,3.1018,0.8680,0.1108,-0.8609,66
2026-03-21T17:53:56.647954,1,0.5297,0.0170,0.5297,2.8937,0.8407,0.7538,-0.3721,32
2026-03-21T17:53:56.647954,2,0.0408,0.0188,0.0408,2.3155,0.5966,0.5934,-0.0623,5
2026-03-21T17:53:56.647954,3,0.7013,0.0119,0.7013,2.2585,0.8021,0.7482,0.2891,45
2026-03-21T17:53:56.717054,0,1.0700,1.0700,0.0164,3.0997,0.8663,0.0928,-0.8613,64
2026-03-21T17:53:56.717054,1,0.0890,0.0890,0.0185,3.1033,1.1275,0.7251,-0.8634,5
2026-03-21T17:53:56.717054,2,1.4117,0.0265,1.4117,2.9196,0.7504,0.7502,0.0147,87
2026-03-21T17:53:56.787020,0,1.0671,1.0671,0.0192,3.1025,0.8648,0.0926,-0.8598,64
2026-03-21T17:53:56.787020,1,0.0940,0.0940,0.0396,3.0984,1.1248,0.7308,-0.8551,6
2026-03-21T17:53:56.787020,2,1.4303,0.0260,1.4303,2.9430,0.7513,0.7513,0.0068,88
2026-03-21T17:53:56.856636,0,1.1175,1.1175,0.0175,3.1013,0.8688,0.1109,-0.8617,66
2026-03-21T17:53:56.856636,1,0.0489,0.0489,0.0103,3.0965,1.1379,0.7466,-0.8587,3
2026-03-21T17:53:56.856636,2,1.3331,0.0219,1.3331,2.8950,0.7504,0.7504,0.0064,84
2026-03-21T17:53:56.926199,0,1.1830,1.1830,0.0225,3.1028,0.8720,0.1387,-0.8609,69
2026-03-21T17:53:56.926199,1,1.3832,0.0205,1.3832,2.8674,0.7506,0.7495,0.0394,86
2026-03-21T17:53:56.994718,0,1.1837,1.1837,0.0240,3.1021,0.8718,0.1385,-0.8607,69
2026-03-21T17:53:56.994718,1,1.4049,0.0224,1.4049,2.9169,0.7507,0.7505,0.0146,87
2026-03-21T17:53:57.065031,0,1.1910,1.1910,0.0160,3.1008,0.8724,0.1386,-0.8613,69
2026-03-21T17:53:57.065031,1,1.3864,0.0246,1.3864,2.8956,0.7505,0.7501,0.0229,86
2026-03-21T17:53:57.135693,0,1.0930,1.0930,0.0160,3.1011,0.8674,0.1016,-0.8614,65
2026-03-21T17:53:57.135693,1,1.4574,0.0242,1.4574,2.9416,0.7513,0.7512,0.0147,89
2026-03-21T17:53:57.204241,0,1.0744,1.0744,0.0198,3.1051,0.8661,0.0927,-0.8612,64
2026-03-21T17:53:57.204241,1,0.0874,0.0874,0.0471,3.1008,1.1257,0.7313,-0.8558,6
2026-03-21T17:53:57.204241,2,0.0974,0.0034,0.0974,3.0003,1.0529,0.7696,-0.7185,5
2026-03-21T17:53:57.204241,3,1.3340,0.0217,1.3340,2.8700,0.7505,0.7502,0.0226,84
2026-03-21T17:53:57.274585,0,1.1894,1.1894,0.0476,3.1013,0.8731,0.1476,-0.8606,70
2026-03-21T17:53:57.274585,1,1.3628,0.0214,1.3628,2.8713,0.7503,0.7496,0.0312,85
2026-03-21T17:53:57.344499,0,1.0481,1.0481,0.0182,3.1026,0.8655,0.0839,-0.8614,63
2026-03-21T17:53:57.344499,1,1.4657,0.0235,1.4657,2.9457,0.7514,0.7512,0.0151,89
2026-03-21T17:53:57.414123,0,1.1912,1.1912,0.0228,3.1023,0.8721,0.1387,-0.8610,69
2026-03-21T17:53:57.414123,1,1.4592,0.0225,1.4592,2.9939,0.7507,0.7505,-0.0185,89
2026-03-21T17:53:57.484357,0,1.1243,1.1243,0.0182,3.1015,0.8682,0.1109,-0.8611,66
2026-03-21T17:53:57.484357,1,0.0431,0.0431,0.0140,3.1003,1.1426,0.7497,-0.8622,3
2026-03-21T17:53:57.484357,2,0.0477,0.0076,0.0477,3.0515,1.1052,0.7676,-0.7951,3
2026-03-21T17:53:57.484357,3,1.3892,0.0217,1.3892,2.8713,0.7517,0.7507,0.0395,86
2026-03-21T17:53:57.553780,0,1.1230,1.1230,0.0140,3.1012,0.8690,0.1109,-0.8619,66
2026-03-21T17:53:57.553780,1,0.0463,0.0463,0.0170,3.1010,1.1392,0.7475,-0.8597,3
2026-03-21T17:53:57.553780,2,1.3338,0.0207,1.3338,2.8719,0.7505,0.7501,0.0228,84
2026-03-21T17:53:57.622986,0,1.0930,1.0930,0.0144,3.1000,0.8675,0.1018,-0.8615,65
2026-03-21T17:53:57.622986,1,1.2878,0.0240,1.2878,2.8707,0.7503,0.7503,0.0063,82
2026-03-21T17:53:57.693161,0,1.1241,1.1241,0.0174,3.1045,0.8689,0.1112,-0.8618,66
2026-03-21T17:53:57.693161,1,0.0418,0.0418,0.0125,3.0980,1.1416,0.7490,-0.8615,3
2026-03-21T17:53:57.693161,2,1.3341,0.0226,1.3341,2.9189,0.7503,0.7502,-0.0098,84
2026-03-21T17:53:57.761636,0,1.1260,1.1260,0.0166,3.1029,0.8688,0.1111,-0.8616,66
2026-03-21T17:53:57.761636,1,0.0390,0.0390,0.0207,3.1003,1.1386,0.7470,-0.8592,3
2026-03-21T17:53:57.761636,2,1.3338,0.0241,1.3338,2.8917,0.7497,0.7497,0.0067,84
2026-03-21T17:53:57.832415,0,1.1198,1.1198,0.0183,3.1016,0.8673,0.1107,-0.8602,66
2026-03-21T17:53:57.832415,1,1.3841,0.0275,1.3841,2.9222,0.7497,0.7497,0.0062,86
2026-03-21T17:53:57.901245,0,1.1214,1.1214,0.0205,3.1062,0.8680,0.1106,-0.8609,66
2026-03-21T17:53:57.901245,1,1.3595,0.0251,1.3595,2.8970,0.7495,0.7494,0.0141,85
2026-03-21T17:53:57.970323,0,1.1912,1.1912,0.0184,3.1024,0.8722,0.1387,-0.8611,69
2026-03-21T17:53:57.970323,1,1.4317,0.0247,1.4317,2.9416,0.7510,0.7510,0.0065,88
2026-03-21T17:53:58.041649,0,1.1887,1.1887,0.0205,3.1035,0.8722,0.1385,-0.8611,69
2026-03-21T17:53:58.041649,1,1.4104,0.0265,1.4104,2.9464,0.7506,0.7506,-0.0019,87
2026-03-21T17:53:58.111359,0,1.0768,1.0768,0.0164,3.1016,0.8664,0.0932,-0.8614,64
2026-03-21T17:53:58.111359,1,0.0857,0.0857,0.0230,3.1041,1.1295,0.7263,-0.8650,5
2026-03-21T17:53:58.111359,2,1.3318,0.0218,1.3318,2.8943,0.7493,0.7493,0.0065,84
2026-03-21T17:53:58.180711,0,1.0445,1.0445,0.0214,3.1053,0.8661,0.0845,-0.8619,63
2026-03-21T17:53:58.180711,1,0.0498,0.0498,0.0021,3.0966,1.0952,0.6744,-0.8629,3
2026-03-21T17:53:58.180711,2,1.4089,0.0244,1.4089,2.9202,0.7504,0.7503,0.0146,87
2026-03-21T17:53:58.250202,0,1.0970,1.0970,0.0164,3.1016,0.8669,0.1019,-0.8609,65
2026-03-21T17:53:58.250202,1,0.0638,0.0638,0.0467,3.0997,1.1309,0.7420,-0.8534,5
2026-03-21T17:53:58.250202,2,1.4351,0.0287,1.4351,2.9444,0.7503,0.7503,0.0064,88
2026-03-21T17:53:58.319684,0,1.0691,1.0691,0.0134,3.1004,0.8666,0.0932,-0.8616,64
2026-03-21T17:53:58.319684,1,0.0890,0.0890,0.0519,3.1012,1.1238,0.7301,-0.8544,6
2026-03-21T17:53:58.319684,2,1.3128,0.0230,1.3128,2.8707,0.7495,0.7494,0.0146,83
2026-03-21T17:53:58.389649,0,1.0700,1.0700,0.0171,3.1030,0.8663,0.0928,-0.8613,64
2026-03-21T17:53:58.389649,1,0.0903,0.0903,0.0163,3.1018,1.1291,0.7261,-0.8646,5
2026-03-21T17:53:58.389649,2,1.3543,0.0208,1.3543,2.9169,0.7500,0.7500,-0.0016,85
2026-03-21T17:53:58.459857,0,1.1250,1.1250,0.0217,3.1031,0.8678,0.1110,-0.8607,66
2026-03-21T17:53:58.459857,1,1.3557,0.0226,1.3557,2.9135,0.7494,0.7494,-0.0016,85
2026-03-21T17:53:58.528325,0,1.1197,1.1197,0.0164,3.1024,0.8684,0.1106,-0.8613,66
2026-03-21T17:53:58.528325,1,1.4643,0.0291,1.4643,2.9722,0.7507,0.7507,-0.0024,89
2026-03-21T17:53:58.598213,0,1.1914,1.1914,0.0209,3.1042,0.8721,0.1384,-0.8611,69
2026-03-21T17:53:58.598213,1,1.4296,0.0250,1.4296,2.9437,0.7500,0.7500,0.0062,88
2026-03-21T17:53:58.668590,0,1.1226,1.1226,0.0205,3.1015,0.8683,0.1110,-0.8612,66
2026-03-21T17:53:58.668590,1,0.0358,0.0358,0.0192,3.0980,1.1369,0.7459,-0.8580,3
2026-03-21T17:53:58.668590,2,1.3872,0.0285,1.3872,2.9451,0.7502,0.7501,-0.0100,86
2026-03-21T17:53:58.737969,0,1.1861,1.1861,0.0215,3.1018,0.8718,0.1385,-0.8607,69
2026-03-21T17:53:58.737969,1,1.3664,0.0290,1.3664,2.9236,0.7505,0.7505,-0.0021,85
2026-03-21T17:53:58.807503,0,1.1859,1.1859,0.0224,3.1034,0.8722,0.1386,-0.8612,69
2026-03-21T17:53:58.807503,1,1.4616,0.0273,1.4616,2.9715,0.7512,0.7512,-0.0022,89
2026-03-21T17:53:58.877375,0,1.1212,1.1212,0.0199,3.1029,0.8681,0.1108,-0.8610,66
2026-03-21T17:53:58.877375,1,1.3576,0.0253,1.3576,2.8950,0.7499,0.7497,0.0147,85
2026-03-21T17:53:58.946988,0,1.1868,1.1868,0.0197,3.1022,0.8718,0.1389,-0.8607,69
2026-03-21T17:53:58.946988,1,1.3844,0.0271,1.3844,2.8950,0.7506,0.7502,0.0228,86
2026-03-21T17:53:59.016625,0,1.1226,1.1226,0.0219,3.1042,0.8680,0.1107,-0.8609,66
2026-03-21T17:53:59.016625,1,1.4338,0.0295,1.4338,2.9437,0.7497,0.7496,0.0064,88
2026-03-21T17:53:59.086188,0,1.1925,1.1925,0.0202,3.1039,0.8722,0.1387,-0.8612,69
2026-03-21T17:53:59.086188,1,1.3108,0.0237,1.3108,2.8687,0.7497,0.7495,0.0146,83
2026-03-21T17:53:59.156566,0,1.1181,1.1181,0.0183,3.1036,0.8688,0.1111,-0.8617,66
2026-03-21T17:53:59.156566,1,1.4063,0.0226,1.4063,2.9169,0.7503,0.7501,0.0149,87
2026-03-21T17:53:59.225533,0,1.1239,1.1239,0.0173,3.1026,0.8691,0.1110,-0.8620,66
2026-03-21T17:53:59.225533,1,1.4103,0.0242,1.4103,2.9209,0.7502,0.7501,0.0146,87
2026-03-21T17:53:59.295799,0,1.1246,1.1246,0.0180,3.1033,0.8687,0.1109,-0.8616,66
2026-03-21T17:53:59.295799,1,0.0431,0.0431,0.0140,3.0995,1.1416,0.7490,-0.8615,3
2026-03-21T17:53:59.295799,2,0.0918,0.0070,0.0918,2.9403,1.0101,0.7620,-0.6631,5
2026-03-21T17:53:59.295799,3,1.2404,0.0205,1.2404,2.8252,0.7503,0.7500,0.0223,80
2026-03-21T17:53:59.364511,0,1.1954,1.1954,0.0445,3.1033,0.8736,0.1475,-0.8611,70
2026-03-21T17:53:59.364511,1,1.3629,0.0285,1.3629,2.9457,0.7507,0.7505,-0.0184,85
2026-03-21T17:53:59.433940,0,1.1244,1.1244,0.0189,3.1042,0.8685,0.1108,-0.8614,66
2026-03-21T17:53:59.433940,1,1.4083,0.0266,1.4083,2.9437,0.7504,0.7504,-0.0020,87
2026-03-21T17:53:59.504017,0,1.1927,1.1927,0.0507,3.1015,0.8731,0.1476,-0.8605,70
2026-03-21T17:53:59.504017,1,1.4873,0.0262,1.4873,2.9694,0.7507,0.7507,0.0066,90
2026-03-21T17:53:59.574298,0,1.1275,1.1275,0.0199,3.1042,0.8697,0.1111,-0.8626,66
2026-03-21T17:53:59.574298,1,1.3331,0.0226,1.3331,2.8943,0.7504,0.7504,0.0064,84
2026-03-21T17:53:59.643557,0,1.0942,1.0942,0.0174,3.1021,0.8669,0.1017,-0.8609,65
2026-03-21T17:53:59.643557,1,0.0683,0.0683,0.0409,3.0997,1.1329,0.7434,-0.8549,5
2026-03-21T17:53:59.643557,2,1.3596,0.0218,1.3596,2.8950,0.7500,0.7499,0.0142,85
2026-03-21T17:53:59.713262,0,1.1901,1.1901,0.0197,3.1015,0.8725,0.1384,-0.8615,69
2026-03-21T17:53:59.713262,1,1.3836,0.0246,1.3836,2.9176,0.7500,0.7499,0.0065,86
2026-03-21T17:53:59.783386,0,1.1903,1.1903,0.0479,3.1023,0.8737,0.1478,-0.8611,70
2026-03-21T17:53:59.783386,1,1.4083,0.0257,1.4083,2.9444,0.7503,0.7503,-0.0018,87
2026-03-21T17:53:59.852434,0,1.0924,1.0924,0.0153,3.1005,0.8676,0.1016,-0.8616,65
2026-03-21T17:53:59.852434,1,1.4114,0.0244,1.4114,2.8950,0.7509,0.7502,0.0310,87
2026-03-21T17:53:59.922309,0,1.0962,1.0962,0.0122,3.1006,0.8677,0.1019,-0.8617,65
2026-03-21T17:53:59.922309,1,1.3590,0.0273,1.3590,2.9162,0.7504,0.7504,-0.0016,85
2026-03-21T17:53:59.992278,0,1.1204,1.1204,0.0230,3.1053,0.8679,0.1108,-0.8608,66
2026-03-21T17:53:59.992278,1,1.3360,0.0239,1.3360,2.8707,0.7502,0.7498,0.0225,84
2026-03-21T17:54:00.062571,0,1.1194,1.1194,0.0157,3.1023,0.8685,0.1109,-0.8614,66
2026-03-21T17:54:00.062571,1,0.0404,0.0404,0.0170,3.0995,1.1402,0.7481,-0.8605,3
2026-03-21T17:54:00.062571,2,1.3624,0.0248,1.3624,2.9196,0.7501,0.7501,-0.0015,85
2026-03-21T17:54:00.132023,0,1.0508,1.0508,0.0180,3.1033,0.8651,0.0840,-0.8610,63
2026-03-21T17:54:00.132023,1,0.1151,0.1151,0.0431,3.1005,1.1192,0.7198,-0.8570,7
2026-03-21T17:54:00.132023,2,1.3850,0.0211,1.3850,2.8956,0.7500,0.7497,0.0228,86
2026-03-21T17:54:00.201157,0,1.1165,1.1165,0.0178,3.1021,0.8683,0.1107,-0.8612,66
2026-03-21T17:54:00.201157,1,1.3849,0.0232,1.3849,2.9189,0.7501,0.7501,0.0065,86
2026-03-21T17:54:00.270975,0,1.1932,1.1932,0.0414,3.1002,0.8726,0.1475,-0.8601,70
2026-03-21T17:54:00.270975,1,1.4386,0.0238,1.4386,2.9471,0.7503,0.7503,0.0064,88
2026-03-21T17:54:00.341166,0,1.0749,1.0749,0.0177,3.1024,0.8668,0.0930,-0.8618,64
2026-03-21T17:54:00.341166,1,0.0914,0.0914,0.0446,3.1012,1.1275,0.7325,-0.8571,6
2026-03-21T17:54:00.341166,2,0.0937,0.0049,0.0937,2.9701,1.0311,0.7659,-0.6903,5
2026-03-21T17:54:00.341166,3,1.3099,0.0198,1.3099,2.8460,0.7499,0.7493,0.0305,83
2026-03-21T17:54:00.410379,0,1.1901,1.1901,0.0477,3.1035,0.8738,0.1478,-0.8612,70
2026-03-21T17:54:00.410379,1,1.4601,0.0252,1.4601,2.9451,0.7501,0.7499,0.0147,89
2026-03-21T17:54:00.480384,0,1.1912,1.1912,0.0201,3.1021,0.8724,0.1385,-0.8613,69
2026-03-21T17:54:00.480384,1,1.3637,0.0240,1.3637,2.9202,0.7501,0.7501,-0.0019,85
2026-03-21T17:54:00.549934,0,1.1212,1.1212,0.0175,3.1018,0.8688,0.1110,-0.8616,66
2026-03-21T17:54:00.549934,1,1.3871,0.0213,1.3871,2.8950,0.7503,0.7499,0.0227,86
2026-03-21T17:54:00.618904,0,1.0727,1.0727,0.0149,3.1012,0.8666,0.0929,-0.8616,64
2026-03-21T17:54:00.618904,1,1.3836,0.0225,1.3836,2.8956,0.7504,0.7500,0.0227,86
2026-03-21T17:54:00.689478,0,1.1227,1.1227,0.0277,3.1033,0.8673,0.1106,-0.8602,66
2026-03-21T17:54:00.689478,1,1.3291,0.0217,1.3291,2.8930,0.7497,0.7497,0.0065,84
2026-03-21T17:54:00.758336,0,1.0945,1.0945,0.0142,3.1015,0.8676,0.1018,-0.8616,65
2026-03-21T17:54:00.758336,1,1.3583,0.0236,1.3583,2.9182,0.7503,0.7503,-0.0019,85
2026-03-21T17:54:00.828717,0,1.1915,1.1915,0.0510,3.1039,0.8736,0.1479,-0.8610,70
2026-03-21T17:54:00.828717,1,1.3838,0.0260,1.3838,2.9437,0.7504,0.7504,-0.0099,86
2026-03-21T17:54:00.898748,0,1.1250,1.1250,0.0206,3.1039,0.8690,0.1108,-0.8619,66
2026-03-21T17:54:00.898748,1,0.0444,0.0444,0.0163,3.1025,1.1429,0.7499,-0.8625,3
2026-03-21T17:54:00.898748,2,1.3839,0.0271,1.3839,2.8904,0.7503,0.7500,0.0231,86
2026-03-21T17:54:00.967182,0,1.1196,1.1196,0.0199,3.1062,0.8684,0.1109,-0.8613,66
2026-03-21T17:54:00.967182,1,1.4109,0.0212,1.4109,2.8707,0.7520,0.7505,0.0479,87
2026-03-21T17:54:01.037557,0,1.1231,1.1231,0.0184,3.1015,0.8686,0.1112,-0.8614,66
2026-03-21T17:54:01.037557,1,1.3582,0.0221,1.3582,2.8956,0.7507,0.7505,0.0147,85
2026-03-21T17:54:01.107567,0,1.0723,1.0723,0.0200,3.1029,0.8659,0.0928,-0.8609,64
2026-03-21T17:54:01.107567,1,0.0850,0.0850,0.0207,3.1010,1.1265,0.7244,-0.8627,5
2026-03-21T17:54:01.107567,2,1.3337,0.0225,1.3337,2.8956,0.7500,0.7500,0.0066,84
2026-03-21T17:54:01.177078,0,1.1887,1.1887,0.0228,3.1030,0.8718,0.1382,-0.8608,69
2026-03-21T17:54:01.177078,1,1.3088,0.0201,1.3088,2.8950,0.7498,0.7498,-0.0017,83
2026-03-21T17:54:01.247175,0,1.1887,1.1887,0.0217,3.1035,0.8723,0.1388,-0.8612,69
2026-03-21T17:54:01.247175,1,0.0937,0.0068,0.0937,2.9946,1.0471,0.7654,-0.7145,5
2026-03-21T17:54:01.247175,2,1.3095,0.0192,1.3095,2.8687,0.7502,0.7501,0.0147,83
2026-03-21T17:54:01.316693,0,1.1124,1.1124,0.0224,3.1028,0.8682,0.1107,-0.8611,66
2026-03-21T17:54:01.316693,1,1.3627,0.0245,1.3627,2.9722,0.7507,0.7499,-0.0346,85
2026-03-21T17:54:01.385962,0,1.0496,1.0496,0.0175,3.1029,0.8658,0.0841,-0.8617,63
2026-03-21T17:54:01.385962,1,0.0467,0.0467,0.0097,3.1015,1.0959,0.6748,-0.8635,3
2026-03-21T17:54:01.385962,2,0.0477,0.0477,0.0103,3.0988,1.1416,0.7490,-0.8614,3
2026-03-21T17:54:01.385962,3,1.4866,0.0261,1.4866,2.9687,0.7507,0.7506,0.0068,90
2026-03-21T17:54:01.455719,0,1.1227,1.1227,0.0181,3.1033,0.8693,0.1112,-0.8622,66
2026-03-21T17:54:01.455719,1,1.3831,0.0295,1.3831,2.9666,0.7509,0.7504,-0.0266,86
2026-03-21T17:54:01.525238,0,1.1901,1.1901,0.0480,3.1031,0.8736,0.1478,-0.8610,70
2026-03-21T17:54:01.525238,1,1.3603,0.0239,1.3603,2.9169,0.7501,0.7501,-0.0017,85
2026-03-21T17:54:01.595846,0,1.0712,1.0712,0.0189,3.1025,0.8666,0.0928,-0.8616,64
2026-03-21T17:54:01.595846,1,0.0883,0.0883,0.0170,3.1003,1.1271,0.7248,-0.8631,5
2026-03-21T17:54:01.595846,2,1.3871,0.0214,1.3871,2.8950,0.7500,0.7496,0.0228,86
2026-03-21T17:54:01.664430,0,1.1216,1.1216,0.0222,3.1034,0.8685,0.1109,-0.8614,66
2026-03-21T17:54:01.664430,1,1.4334,0.0267,1.4334,2.9708,0.7502,0.7502,-0.0103,88
2026-03-21T17:54:01.734807,0,1.1210,1.1210,0.0170,3.1039,0.8690,0.1104,-0.8619,66
2026-03-21T17:54:01.734807,1,1.4106,0.0284,1.4106,2.8963,0.7506,0.7499,0.0312,87
2026-03-21T17:54:01.803686,0,1.1852,1.1852,0.0230,3.1029,0.8718,0.1386,-0.8608,69
2026-03-21T17:54:01.803686,1,1.4373,0.0228,1.4373,2.9430,0.7504,0.7503,0.0066,88
2026-03-21T17:54:01.874337,0,0.9801,0.9801,0.0168,3.1022,0.8629,0.0576,-0.8609,60
2026-03-21T17:54:01.874337,1,0.1138,0.1138,0.0056,3.1020,1.0790,0.6424,-0.8670,6
2026-03-21T17:54:01.874337,2,0.0963,0.0054,0.0963,2.9939,1.0457,0.7644,-0.7135,5
2026-03-21T17:54:01.874337,3,1.4101,0.0218,1.4101,2.8707,0.7516,0.7501,0.0476,87
2026-03-21T17:54:01.943332,0,1.0717,1.0717,0.0203,3.1012,0.8665,0.0929,-0.8615,64
2026-03-21T17:54:01.943332,1,0.0903,0.0903,0.0443,3.1023,1.1275,0.7325,-0.8572,6
2026-03-21T17:54:01.943332,2,1.3846,0.0250,1.3846,2.9694,0.7507,0.7502,-0.0263,86
2026-03-21T17:54:02.012869,0,1.1244,1.1244,0.0183,3.1042,0.8686,0.1110,-0.8614,66
2026-03-21T17:54:02.012869,1,1.3361,0.0242,1.3361,2.9209,0.7503,0.7502,-0.0101,84
2026-03-21T17:54:02.082717,0,1.1220,1.1220,0.0197,3.1021,0.8685,0.1110,-0.8614,66
2026-03-21T17:54:02.082717,1,1.3590,0.0214,1.3590,2.8937,0.7498,0.7497,0.0147,85
2026-03-21T17:54:02.152589,0,1.1872,1.1872,0.0213,3.1023,0.8721,0.1385,-0.8610,69
2026-03-21T17:54:02.152589,1,1.4346,0.0254,1.4346,2.9196,0.7503,0.7499,0.0231,88
2026-03-21T17:54:02.222218,0,1.1965,1.1965,0.0192,3.1024,0.8726,0.1387,-0.8615,69
2026-03-21T17:54:02.222218,1,1.4108,0.0204,1.4108,2.8943,0.7513,0.7506,0.0313,87
2026-03-21T17:54:02.291322,0,1.1213,1.1213,0.0159,3.1021,0.8681,0.1108,-0.8610,66
2026-03-21T17:54:02.291322,1,0.0365,0.0365,0.0184,3.0980,1.1382,0.7468,-0.8590,3
2026-03-21T17:54:02.291322,2,1.3557,0.0279,1.3557,2.8917,0.7501,0.7500,0.0145,85
2026-03-21T17:54:02.361167,0,1.1901,1.1901,0.0158,3.1002,0.8721,0.1386,-0.8610,69
2026-03-21T17:54:02.361167,1,1.3587,0.0268,1.3587,2.9701,0.7516,0.7508,-0.0345,85
2026-03-21T17:54:02.361167,2,0.0980,0.0028,0.0980,1.5816,1.0255,0.7496,0.6998,5
2026-03-21T17:54:02.431164,0,1.1863,1.1863,0.0226,3.1037,0.8726,0.1386,-0.8615,69
2026-03-21T17:54:02.431164,1,1.3067,0.0216,1.3067,2.8707,0.7503,0.7501,0.0145,83
2026-03-21T17:54:02.499951,0,1.1209,1.1209,0.0168,3.1020,0.8685,0.1110,-0.8614,66
2026-03-21T17:54:02.499951,1,1.3314,0.0180,1.3314,2.8668,0.7499,0.7495,0.0228,84
2026-03-21T17:54:02.570095,0,1.1187,1.1187,0.0193,3.1015,0.8669,0.1106,-0.8598,66
2026-03-21T17:54:02.570095,1,1.3141,0.0283,1.3141,2.8713,0.7499,0.7498,0.0142,83
2026-03-21T17:54:02.640081,0,1.0990,1.0990,0.0224,3.1060,0.8670,0.1016,-0.8610,65
2026-03-21T17:54:02.640081,1,1.3865,0.0243,1.3865,2.8943,0.7503,0.7500,0.0229,86
2026-03-21T17:54:02.710755,0,0.9634,0.9634,0.0200,3.1060,0.8622,0.0492,-0.8608,59
2026-03-21T17:54:02.710755,1,0.2026,0.2026,0.0197,3.1037,1.0908,0.6655,-0.8643,10
2026-03-21T17:54:02.710755,2,1.4067,0.0238,1.4067,2.9652,0.7510,0.7508,-0.0183,87
2026-03-21T17:54:02.779999,0,1.1228,1.1228,0.0169,3.1004,0.8682,0.1114,-0.8610,66
2026-03-21T17:54:02.779999,1,0.0365,0.0365,0.0185,3.0988,1.1392,0.7474,-0.8597,3
2026-03-21T17:54:02.779999,2,1.4289,0.0211,1.4289,2.9416,0.7495,0.7495,0.0070,88
2026-03-21T17:54:02.848863,0,1.0943,1.0943,0.0148,3.1004,0.8674,0.1019,-0.8614,65
2026-03-21T17:54:02.848863,1,1.3305,0.0184,1.3305,2.8917,0.7498,0.7497,0.0068,84
2026-03-21T17:54:02.919441,0,1.0742,1.0742,0.0200,3.1033,0.8673,0.0933,-0.8622,64
2026-03-21T17:54:02.919441,1,0.0613,0.0613,0.0513,3.1028,1.1327,0.7431,-0.8548,5
2026-03-21T17:54:02.919441,2,1.3597,0.0213,1.3597,2.9196,0.7501,0.7501,-0.0011,85
2026-03-21T17:54:02.988577,0,1.0945,1.0945,0.0240,3.1053,0.8671,0.1020,-0.8611,65
2026-03-21T17:54:02.988577,1,1.3367,0.0267,1.3367,2.9196,0.7501,0.7500,-0.0095,84
2026-03-21T17:54:03.058903,0,1.1208,1.1208,0.0187,3.1021,0.8682,0.1107,-0.8612,66
2026-03-21T17:54:03.058903,1,0.0358,0.0358,0.0192,3.0972,1.1366,0.7457,-0.8577,3
2026-03-21T17:54:03.058903,2,1.4844,0.0269,1.4844,2.9715,0.7506,0.7506,0.0061,90
2026-03-21T17:54:03.128655,0,1.1240,1.1240,0.0194,3.1045,0.8690,0.1111,-0.8618,66
2026-03-21T17:54:03.128655,1,1.4082,0.0253,1.4082,2.9708,0.7509,0.7507,-0.0185,87
2026-03-21T17:54:03.197565,0,1.1167,1.1167,0.0191,3.1039,0.8684,0.1108,-0.8613,66
2026-03-21T17:54:03.197565,1,1.3852,0.0263,1.3852,2.9444,0.7505,0.7505,-0.0103,86
2026-03-21T17:54:03.267235,0,1.1910,1.1910,0.0164,3.1011,0.8716,0.1382,-0.8606,69
2026-03-21T17:54:03.267235,1,1.4096,0.0275,1.4096,2.9202,0.7498,0.7497,0.0144,87
2026-03-21T17:54:03.337851,0,1.0979,1.0979,0.0200,3.1024,0.8669,0.1019,-0.8609,65
2026-03-21T17:54:03.337851,1,1.3582,0.0212,1.3582,2.8956,0.7502,0.7501,0.0143,85
2026-03-21T17:54:03.406129,0,1.0949,1.0949,0.0168,3.1004,0.8671,0.1017,-0.8611,65
2026-03-21T17:54:03.406129,1,1.4086,0.0259,1.4086,2.8950,0.7505,0.7498,0.0309,87
2026-03-21T17:54:03.476684,0,1.1848,1.1848,0.0221,3.1024,0.8729,0.1389,-0.8618,69
2026-03-21T17:54:03.476684,1,0.0964,0.0058,0.0964,2.9953,1.0453,0.7641,-0.7133,5
2026-03-21T17:54:03.476684,2,1.3589,0.0201,1.3589,2.8674,0.7509,0.7502,0.0316,85
2026-03-21T17:54:03.476684,3,0.0463,0.0077,0.0463,1.4779,1.0792,0.7496,0.7764,3
2026-03-21T17:54:03.547003,0,1.1238,1.1238,0.0160,3.1013,0.8689,0.1111,-0.8618,66
2026-03-21T17:54:03.547003,1,1.4090,0.0230,1.4090,2.9430,0.7501,0.7501,-0.0015,87
2026-03-21T17:54:03.615315,0,1.0974,1.0974,0.0175,3.1037,0.8680,0.1018,-0.8620,65
2026-03-21T17:54:03.615315,1,1.3858,0.0222,1.3858,2.8937,0.7499,0.7495,0.0229,86
2026-03-21T17:54:03.686342,0,1.1225,1.1225,0.0178,3.1020,0.8688,0.1110,-0.8617,66
2026-03-21T17:54:03.686342,1,1.4574,0.0300,1.4574,2.9410,0.7508,0.7507,0.0146,89
2026-03-21T17:54:03.755354,0,1.0965,1.0965,0.0187,3.1039,0.8671,0.1017,-0.8611,65
2026-03-21T17:54:03.755354,1,1.4090,0.0241,1.4090,2.9182,0.7505,0.7504,0.0145,87
2026-03-21T17:54:03.824904,0,1.1009,1.1009,0.0218,3.1060,0.8672,0.1018,-0.8612,65
2026-03-21T17:54:03.824904,1,1.4049,0.0287,1.4049,2.9162,0.7505,0.7504,0.0146,87
2026-03-21T17:54:03.894819,0,1.1163,1.1163,0.0176,3.1013,0.8682,0.1109,-0.8611,66
2026-03-21T17:54:03.894819,1,1.3842,0.0242,1.3842,2.9209,0.7506,0.7506,0.0063,86
2026-03-21T17:54:03.964711,0,1.1200,1.1200,0.0209,3.1058,0.8680,0.1110,-0.8609,66
2026-03-21T17:54:03.964711,1,1.3804,0.0202,1.3804,2.8911,0.7504,0.7500,0.0230,86
2026-03-21T17:54:04.034201,0,1.1006,1.1006,0.0189,3.1042,0.8677,0.1018,-0.8617,65
2026-03-21T17:54:04.034201,1,0.0938,0.0069,0.0938,2.9960,1.0485,0.7665,-0.7154,5
2026-03-21T17:54:04.034201,2,1.2852,0.0245,1.2852,2.8694,0.7498,0.7498,0.0064,82
2026-03-21T17:54:04.104389,0,1.1883,1.1883,0.0163,3.1010,0.8725,0.1389,-0.8614,69
2026-03-21T17:54:04.104389,1,1.3637,0.0235,1.3637,2.9189,0.7504,0.7504,-0.0014,85
2026-03-21T17:54:04.173645,0,1.1930,1.1930,0.0455,3.1006,0.8729,0.1474,-0.8604,70
2026-03-21T17:54:04.173645,1,1.4100,0.0203,1.4100,2.8956,0.7506,0.7500,0.0311,87
2026-03-21T17:54:04.243684,0,0.9128,0.9128,0.0175,3.1011,0.8613,0.0324,-0.8607,57
2026-03-21T17:54:04.243684,1,0.1780,0.1780,0.0060,3.1005,1.0570,0.6075,-0.8650,9
2026-03-21T17:54:04.243684,2,1.4062,0.0211,1.4062,2.9176,0.7511,0.7509,0.0147,87
2026-03-21T17:54:04.313461,0,0.9647,0.9647,0.0208,3.1042,0.8621,0.0495,-0.8607,59
2026-03-21T17:54:04.313461,1,0.1333,0.1333,0.0113,3.1062,1.0716,0.6306,-0.8665,7
2026-03-21T17:54:04.313461,2,1.3838,0.0208,1.3838,2.8930,0.7497,0.7494,0.0230,86
2026-03-21T17:54:04.382801,0,1.1901,1.1901,0.0173,3.1020,0.8733,0.1389,-0.8622,69
2026-03-21T17:54:04.382801,1,1.3583,0.0260,1.3583,2.9216,0.7492,0.7492,-0.0018,85
2026-03-21T17:54:04.453085,0,1.1229,1.1229,0.0212,3.1053,0.8680,0.1106,-0.8609,66
2026-03-21T17:54:04.453085,1,1.3624,0.0246,1.3624,2.9182,0.7501,0.7501,-0.0017,85
2026-03-21T17:54:04.521251,0,1.1839,1.1839,0.0218,3.1021,0.8725,0.1386,-0.8614,69
2026-03-21T17:54:04.521251,1,1.4036,0.0258,1.4036,2.9396,0.7497,0.7497,-0.0017,87
2026-03-21T17:54:04.591837,0,1.1190,1.1190,0.0192,3.1012,0.8675,0.1109,-0.8604,66
2026-03-21T17:54:04.591837,1,0.0942,0.0190,0.0942,3.0980,1.1205,0.7638,-0.8198,5
2026-03-21T17:54:04.591837,2,0.0980,0.0053,0.0980,2.9471,1.0137,0.7646,-0.6655,5
2026-03-21T17:54:04.591837,3,1.2885,0.0210,1.2885,2.8259,0.7505,0.7495,0.0387,82
2026-03-21T17:54:04.660948,0,1.1208,1.1208,0.0183,3.1011,0.8678,0.1107,-0.8607,66
2026-03-21T17:54:04.660948,1,1.4310,0.0234,1.4310,2.9202,0.7502,0.7499,0.0229,88
2026-03-21T17:54:04.730518,0,1.0914,1.0914,0.0204,3.1012,0.8670,0.1017,-0.8610,65
2026-03-21T17:54:04.730518,1,1.4359,0.0251,1.4359,2.9216,0.7500,0.7496,0.0227,88
2026-03-21T17:54:04.800203,0,1.0959,1.0959,0.0179,3.1011,0.8665,0.1019,-0.8605,65
2026-03-21T17:54:04.800203,1,1.4104,0.0258,1.4104,2.9464,0.7505,0.7505,-0.0024,87
2026-03-21T17:54:04.870935,0,1.1905,1.1905,0.0188,3.1035,0.8723,0.1387,-0.8612,69
2026-03-21T17:54:04.870935,1,1.4076,0.0249,1.4076,2.9423,0.7506,0.7506,-0.0018,87
2026-03-21T17:54:04.940144,0,1.0967,1.0967,0.0169,3.1011,0.8670,0.1017,-0.8610,65
2026-03-21T17:54:04.940144,1,0.0662,0.0662,0.0430,3.0989,1.1311,0.7421,-0.8535,5
2026-03-21T17:54:04.940144,2,1.4103,0.0222,1.4103,2.9196,0.7505,0.7503,0.0144,87
2026-03-21T17:54:05.010142,0,1.1210,1.1210,0.0195,3.1028,0.8682,0.1108,-0.8611,66
2026-03-21T17:54:05.010142,1,1.3326,0.0215,1.3326,2.8694,0.7498,0.7495,0.0226,84
2026-03-21T17:54:05.079695,0,1.0923,1.0923,0.0162,3.1025,0.8676,0.1017,-0.8616,65
2026-03-21T17:54:05.079695,1,1.3391,0.0284,1.3391,2.8976,0.7498,0.7498,0.0063,84
2026-03-21T17:54:05.148277,0,1.1194,1.1194,0.0202,3.1025,0.8679,0.1109,-0.8608,66
2026-03-21T17:54:05.148277,1,1.4104,0.0263,1.4104,2.9189,0.7504,0.7502,0.0147,87
2026-03-21T17:54:05.218639,0,1.1207,1.1207,0.0191,3.1020,0.8676,0.1107,-0.8605,66
2026-03-21T17:54:05.218639,1,1.4630,0.0276,1.4630,2.9729,0.7512,0.7512,-0.0018,89
2026-03-21T17:54:05.288373,0,1.1247,1.1247,0.0186,3.1039,0.8697,0.1111,-0.8626,66
2026-03-21T17:54:05.288373,1,0.0430,0.0430,0.0193,3.1018,1.1399,0.7479,-0.8602,3
2026-03-21T17:54:05.288373,2,1.4104,0.0258,1.4104,2.9437,0.7497,0.7497,-0.0019,87
2026-03-21T17:54:05.358044,0,1.1240,1.1240,0.0182,3.1033,0.8688,0.1108,-0.8617,66
2026-03-21T17:54:05.358044,1,0.0423,0.0423,0.0147,3.0965,1.1372,0.7462,-0.8582,3
2026-03-21T17:54:05.358044,2,1.4049,0.0280,1.4049,2.9396,0.7502,0.7502,-0.0019,87
2026-03-21T17:54:05.428441,0,1.1908,1.1908,0.0179,3.1033,0.8725,0.1389,-0.8614,69
2026-03-21T17:54:05.428441,1,1.3629,0.0237,1.3629,2.8976,0.7504,0.7502,0.0147,85
2026-03-21T17:54:05.497431,0,1.1247,1.1247,0.0255,3.1037,0.8685,0.1111,-0.8613,66
2026-03-21T17:54:05.497431,1,0.0384,0.0384,0.0215,3.1010,1.1392,0.7475,-0.8597,3
2026-03-21T17:54:05.497431,2,1.3325,0.0202,1.3325,2.8904,0.7505,0.7505,0.0065,84
2026-03-21T17:54:05.566700,0,1.1883,1.1883,0.0189,3.1007,0.8721,0.1388,-0.8610,69
2026-03-21T17:54:05.566700,1,1.3852,0.0205,1.3852,2.8687,0.7508,0.7498,0.0395,86
2026-03-21T17:54:05.636990,0,1.0951,1.0951,0.0208,3.1055,0.8681,0.1021,-0.8620,65
2026-03-21T17:54:05.636990,1,1.3849,0.0242,1.3849,2.9202,0.7502,0.7502,0.0065,86
2026-03-21T17:54:05.706519,0,1.0980,1.0980,0.0190,3.1023,0.8678,0.1019,-0.8618,65
2026-03-21T17:54:05.706519,1,1.4073,0.0221,1.4073,2.8943,0.7506,0.7499,0.0311,87
2026-03-21T17:54:05.776555,0,1.1162,1.1162,0.0145,3.1005,0.8682,0.1108,-0.8611,66
2026-03-21T17:54:05.776555,1,1.3591,0.0261,1.3591,2.9673,0.7519,0.7511,-0.0345,85
2026-03-21T17:54:05.845497,0,1.0719,1.0719,0.0165,3.0995,0.8661,0.0930,-0.8610,64
2026-03-21T17:54:05.845497,1,0.0918,0.0918,0.0457,3.1015,1.1273,0.7324,-0.8570,6
2026-03-21T17:54:05.845497,2,1.3331,0.0195,1.3331,2.8937,0.7505,0.7505,0.0067,84
2026-03-21T17:54:05.915730,0,1.1907,1.1907,0.0201,3.1042,0.8723,0.1384,-0.8613,69
2026-03-21T17:54:05.915730,1,1.3095,0.0250,1.3095,2.8700,0.7507,0.7505,0.0143,83
2026-03-21T17:54:05.985553,0,1.0688,1.0688,0.0201,3.1039,0.8661,0.0926,-0.8611,64
2026-03-21T17:54:05.985553,1,0.0897,0.0897,0.0163,3.1018,1.1283,0.7256,-0.8640,5
2026-03-21T17:54:05.985553,2,1.3361,0.0238,1.3361,2.8687,0.7499,0.7495,0.0226,84
2026-03-21T17:54:06.054705,0,1.1182,1.1182,0.0236,3.1031,0.8675,0.1105,-0.8604,66
2026-03-21T17:54:06.054705,1,1.3583,0.0228,1.3583,2.9182,0.7508,0.7508,-0.0017,85
2026-03-21T17:54:06.125149,0,0.9803,0.9803,0.0140,3.1002,0.8624,0.0580,-0.8604,60
2026-03-21T17:54:06.125149,1,0.1778,0.1778,0.0214,3.1039,1.0979,0.6771,-0.8642,9
2026-03-21T17:54:06.125149,2,1.4097,0.0274,1.4097,2.9451,0.7502,0.7502,-0.0020,87
2026-03-21T17:54:06.194283,0,1.1222,1.1222,0.0214,3.1028,0.8688,0.1111,-0.8617,66
2026-03-21T17:54:06.194283,1,0.0716,0.0433,0.0716,3.1003,1.1289,0.7552,-0.8391,5
2026-03-21T17:54:06.194283,2,1.3543,0.0269,1.3543,2.9196,0.7494,0.7494,-0.0020,85
2026-03-21T17:54:06.263014,0,1.0945,1.0945,0.0159,3.1011,0.8671,0.1019,-0.8611,65
2026-03-21T17:54:06.263014,1,1.3898,0.0237,1.3898,2.8970,0.7499,0.7496,0.0228,86
2026-03-21T17:54:06.334044,0,1.0979,1.0979,0.0172,3.1024,0.8672,0.1017,-0.8612,65
2026-03-21T17:54:06.334044,1,1.3610,0.0219,1.3610,2.8943,0.7501,0.7500,0.0146,85
2026-03-21T17:54:06.403849,0,1.0712,1.0712,0.0183,3.0997,0.8658,0.0926,-0.8609,64
2026-03-21T17:54:06.403849,1,0.0877,0.0877,0.0175,3.1015,1.1265,0.7244,-0.8626,5
2026-03-21T17:54:06.403849,2,1.4346,0.0218,1.4346,2.9189,0.7509,0.7506,0.0230,88
2026-03-21T17:54:06.472894,0,1.1894,1.1894,0.0260,3.1048,0.8722,0.1385,-0.8612,69
2026-03-21T17:54:06.472894,1,0.0930,0.0083,0.0930,2.9939,1.0483,0.7663,-0.7153,5
2026-03-21T17:54:06.472894,2,1.2900,0.0203,1.2900,2.8478,0.7500,0.7496,0.0225,82
2026-03-21T17:54:06.543466,0,1.1243,1.1243,0.0164,3.1030,0.8685,0.1111,-0.8614,66
2026-03-21T17:54:06.543466,1,0.0392,0.0392,0.0178,3.1010,1.1422,0.7494,-0.8620,3
2026-03-21T17:54:06.543466,2,1.3148,0.0200,1.3148,2.8707,0.7504,0.7502,0.0144,83
2026-03-21T17:54:06.611498,0,1.1894,1.1894,0.0196,3.1033,0.8721,0.1384,-0.8611,69
2026-03-21T17:54:06.611498,1,1.3610,0.0259,1.3610,2.9202,0.7502,0.7502,-0.0017,85
2026-03-21T17:54:06.681766,0,1.1185,1.1185,0.0192,3.1048,0.8689,0.1110,-0.8618,66
2026-03-21T17:54:06.681766,1,1.3372,0.0188,1.3372,2.8478,0.7509,0.7499,0.0389,84
2026-03-21T17:54:06.751500,0,1.1914,1.1914,0.0215,3.1037,0.8728,0.1387,-0.8617,69
2026-03-21T17:54:06.751500,1,1.3856,0.0271,1.3856,2.9196,0.7503,0.7502,0.0065,86
2026-03-21T17:54:06.821599,0,1.1947,1.1947,0.0214,3.1069,0.8725,0.1390,-0.8613,69
2026-03-21T17:54:06.821599,1,1.3845,0.0308,1.3845,2.9451,0.7507,0.7506,-0.0102,86
2026-03-21T17:54:06.891334,0,1.1174,1.1174,0.0268,3.1068,0.8681,0.1106,-0.8610,66
2026-03-21T17:54:06.891334,1,0.0941,0.0055,0.0941,2.9680,1.0281,0.7636,-0.6883,5
2026-03-21T17:54:06.891334,2,1.3062,0.0191,1.3062,2.8415,0.7499,0.7493,0.0305,83
2026-03-21T17:54:06.961153,0,1.1930,1.1930,0.0457,3.1008,0.8732,0.1476,-0.8606,70
2026-03-21T17:54:06.961153,1,1.3371,0.0239,1.3371,2.8930,0.7496,0.7495,0.0064,84
2026-03-21T17:54:07.030718,0,1.1887,1.1887,0.0197,3.1015,0.8729,0.1386,-0.8618,69
2026-03-21T17:54:07.030718,1,1.4049,0.0237,1.4049,2.9437,0.7499,0.7499,-0.0019,87
2026-03-21T17:54:07.100526,0,1.1186,1.1186,0.0190,3.1023,0.8677,0.1107,-0.8606,66
2026-03-21T17:54:07.100526,1,1.3617,0.0195,1.3617,2.9169,0.7502,0.7502,-0.0015,85
2026-03-21T17:54:07.100526,2,0.0991,0.0064,0.0991,1.5299,1.0637,0.7517,0.7525,5
2026-03-21T17:54:07.170488,0,1.1948,1.1948,0.0452,3.1033,0.8731,0.1474,-0.8606,70
2026-03-21T17:54:07.170488,1,0.0956,0.0034,0.0956,2.9708,1.0299,0.7650,-0.6896,5
2026-03-21T17:54:07.170488,2,1.2649,0.0250,1.2649,2.8491,0.7490,0.7489,0.0142,81
2026-03-21T17:54:07.240121,0,1.1961,1.1961,0.0438,3.1033,0.8731,0.1475,-0.8606,70
2026-03-21T17:54:07.240121,1,1.4381,0.0254,1.4381,2.9694,0.7502,0.7502,-0.0101,88
2026-03-21T17:54:07.309346,0,1.1916,1.1916,0.0205,3.1015,0.8724,0.1386,-0.8613,69
2026-03-21T17:54:07.309346,1,1.3597,0.0233,1.3597,2.8930,0.7499,0.7498,0.0145,85
2026-03-21T17:54:07.378859,0,1.0959,1.0959,0.0156,3.1017,0.8672,0.1023,-0.8611,65
2026-03-21T17:54:07.378859,1,1.3829,0.0227,1.3829,2.9182,0.7505,0.7505,0.0066,86
2026-03-21T17:54:07.448739,0,1.1229,1.1229,0.0192,3.1029,0.8690,0.1114,-0.8618,66
2026-03-21T17:54:07.448739,1,0.0437,0.0437,0.0132,3.0965,1.1379,0.7466,-0.8587,3
2026-03-21T17:54:07.448739,2,0.0968,0.0057,0.0968,2.9694,1.0295,0.7647,-0.6893,5
2026-03-21T17:54:07.448739,3,1.3382,0.0205,1.3382,2.8453,0.7509,0.7499,0.0391,84
2026-03-21T17:54:07.518482,0,1.1225,1.1225,0.0199,3.1042,0.8685,0.1109,-0.8614,66
2026-03-21T17:54:07.518482,1,1.3075,0.0219,1.3075,2.8681,0.7500,0.7499,0.0146,83
2026-03-21T17:54:07.587903,0,1.1240,1.1240,0.0195,3.1033,0.8683,0.1109,-0.8612,66
2026-03-21T17:54:07.587903,1,1.3108,0.0223,1.3108,2.8950,0.7498,0.7498,-0.0016,83
2026-03-21T17:54:07.657670,0,1.0670,1.0670,0.0209,3.1062,0.8664,0.0926,-0.8614,64
2026-03-21T17:54:07.657670,1,0.0903,0.0903,0.0144,3.0992,1.1251,0.7235,-0.8615,5
2026-03-21T17:54:07.657670,2,1.3114,0.0228,1.3114,2.8719,0.7504,0.7503,0.0142,83
2026-03-21T17:54:07.727210,0,1.1245,1.1245,0.0227,3.1045,0.8689,0.1111,-0.8618,66
2026-03-21T17:54:07.727210,1,1.3603,0.0226,1.3603,2.8950,0.7503,0.7502,0.0143,85
2026-03-21T17:54:07.796587,0,1.1234,1.1234,0.0207,3.1060,0.8688,0.1109,-0.8617,66
2026-03-21T17:54:07.796587,1,0.0470,0.0470,0.0110,3.0973,1.1392,0.7475,-0.8597,3
2026-03-21T17:54:07.796587,2,1.4116,0.0260,1.4116,2.9708,0.7509,0.7507,-0.0186,87
2026-03-21T17:54:07.867025,0,1.1923,1.1923,0.0451,3.1024,0.8734,0.1478,-0.8608,70
2026-03-21T17:54:07.867025,1,1.3842,0.0213,1.3842,2.9202,0.7508,0.7507,0.0063,86
2026-03-21T17:54:07.936546,0,1.1940,1.1940,0.0501,3.1060,0.8736,0.1473,-0.8611,70
2026-03-21T17:54:07.936546,1,1.4379,0.0252,1.4379,2.9457,0.7509,0.7508,0.0065,88
2026-03-21T17:54:07.936546,2,0.0854,0.0297,0.0854,1.5196,0.8397,-0.3938,0.7417,5
2026-03-21T17:54:08.005515,0,1.1231,1.1231,0.0186,3.1015,0.8681,0.1108,-0.8610,66
2026-03-21T17:54:08.005515,1,0.0403,0.0403,0.0223,3.1025,1.1396,0.7477,-0.8600,3
2026-03-21T17:54:08.005515,2,1.3620,0.0248,1.3620,2.8719,0.7511,0.7504,0.0313,85
2026-03-21T17:54:08.076407,0,1.1231,1.1231,0.0217,3.1052,0.8683,0.1108,-0.8612,66
2026-03-21T17:54:08.076407,1,0.0470,0.0470,0.0103,3.0980,1.1409,0.7486,-0.8609,3
2026-03-21T17:54:08.076407,2,1.4276,0.0280,1.4276,2.9403,0.7504,0.7504,0.0062,88
2026-03-21T17:54:08.145617,0,1.0970,1.0970,0.0161,3.1021,0.8676,0.1021,-0.8616,65
2026-03-21T17:54:08.145617,1,0.0971,0.0062,0.0971,2.9953,1.0451,0.7639,-0.7132,5
2026-03-21T17:54:08.145617,2,1.3845,0.0202,1.3845,2.8687,0.7505,0.7494,0.0395,86
2026-03-21T17:54:08.215820,0,1.0266,1.0266,0.0171,3.1043,0.8653,0.0752,-0.8620,62
2026-03-21T17:54:08.215820,1,0.0917,0.0917,0.0130,3.1000,1.1283,0.7256,-0.8640,5
2026-03-21T17:54:08.215820,2,1.3358,0.0212,1.3358,2.8943,0.7497,0.7496,0.0067,84
2026-03-21T17:54:08.285278,0,1.0742,1.0742,0.0157,3.0997,0.8662,0.0928,-0.8612,64
2026-03-21T17:54:08.285278,1,0.0912,0.0912,0.0178,3.0989,1.1237,0.7226,-0.8605,5
2026-03-21T17:54:08.285278,2,1.3855,0.0255,1.3855,2.9222,0.7502,0.7502,0.0062,86
2026-03-21T17:54:08.354449,0,1.1223,1.1223,0.0192,3.1024,0.8684,0.1108,-0.8613,66
2026-03-21T17:54:08.354449,1,1.4066,0.0197,1.4066,2.8930,0.7505,0.7499,0.0312,87
2026-03-21T17:54:08.424643,0,1.1200,1.1200,0.0193,3.1042,0.8686,0.1106,-0.8615,66
2026-03-21T17:54:08.424643,1,1.2862,0.0272,1.2862,2.8963,0.7498,0.7498,-0.0096,82
2026-03-21T17:54:08.494067,0,1.1252,1.1252,0.0189,3.1033,0.8684,0.1110,-0.8613,66
2026-03-21T17:54:08.494067,1,0.0680,0.0441,0.0680,3.0995,1.1301,0.7560,-0.8400,5
2026-03-21T17:54:08.494067,2,1.3849,0.0240,1.3849,2.9196,0.7506,0.7506,0.0064,86
2026-03-21T17:54:08.563706,0,1.1892,1.1892,0.0204,3.1037,0.8724,0.1384,-0.8614,69
2026-03-21T17:54:08.563706,1,1.3346,0.0223,1.3346,2.8700,0.7506,0.7503,0.0226,84
2026-03-21T17:54:08.633656,0,1.0942,1.0942,0.0200,3.1025,0.8670,0.1020,-0.8610,65
2026-03-21T17:54:08.633656,1,1.3380,0.0228,1.3380,2.8707,0.7504,0.7500,0.0225,84
2026-03-21T17:54:08.703131,0,1.0508,1.0508,0.0148,3.1002,0.8655,0.0839,-0.8614,63
2026-03-21T17:54:08.703131,1,0.1141,0.1141,0.0469,3.1013,1.1199,0.7203,-0.8575,7
2026-03-21T17:54:08.703131,2,1.3850,0.0211,1.3850,2.8956,0.7509,0.7505,0.0231,86
2026-03-21T17:54:08.773058,0,1.1243,1.1243,0.0234,3.1064,0.8684,0.1110,-0.8613,66
2026-03-21T17:54:08.773058,1,1.2852,0.0219,1.2852,2.8700,0.7499,0.7499,0.0066,82
2026-03-21T17:54:08.841861,0,1.1195,1.1195,0.0164,3.1016,0.8687,0.1108,-0.8616,66
2026-03-21T17:54:08.841861,1,1.3061,0.0250,1.3061,2.8713,0.7497,0.7495,0.0140,83
2026-03-21T17:54:08.912844,0,1.1198,1.1198,0.0159,3.1015,0.8682,0.1111,-0.8611,66
2026-03-21T17:54:08.912844,1,0.0484,0.0484,0.0133,3.1025,1.1436,0.7504,-0.8629,3
2026-03-21T17:54:08.912844,2,1.4097,0.0237,1.4097,2.9451,0.7502,0.7502,-0.0020,87
2026-03-21T17:54:08.982124,0,1.1203,1.1203,0.0191,3.1018,0.8684,0.1111,-0.8613,66
2026-03-21T17:54:08.982124,1,1.3610,0.0234,1.3610,2.9196,0.7505,0.7505,-0.0018,85
2026-03-21T17:54:09.051083,0,1.1209,1.1209,0.0201,3.1030,0.8682,0.1105,-0.8611,66
2026-03-21T17:54:09.051083,1,1.3101,0.0207,1.3101,2.8694,0.7504,0.7502,0.0149,83
2026-03-21T17:54:09.121070,0,1.1947,1.1947,0.0220,3.1042,0.8728,0.1387,-0.8617,69
2026-03-21T17:54:09.121070,1,1.3624,0.0241,1.3624,2.9222,0.7508,0.7508,-0.0017,85
2026-03-21T17:54:09.190969,0,1.1211,1.1211,0.0210,3.1020,0.8679,0.1110,-0.8608,66
2026-03-21T17:54:09.190969,1,1.3636,0.0231,1.3636,2.8976,0.7502,0.7500,0.0147,85
2026-03-21T17:54:09.260704,0,1.1235,1.1235,0.0171,3.1030,0.8685,0.1111,-0.8614,66
2026-03-21T17:54:09.260704,1,1.4580,0.0265,1.4580,2.9437,0.7499,0.7497,0.0145,89
2026-03-21T17:54:09.329375,0,1.1212,1.1212,0.0201,3.1045,0.8691,0.1112,-0.8620,66
2026-03-21T17:54:09.329375,1,1.3334,0.0210,1.3334,2.9189,0.7506,0.7506,-0.0098,84
2026-03-21T17:54:09.400233,0,1.0952,1.0952,0.0145,3.1010,0.8676,0.1019,-0.8616,65
2026-03-21T17:54:09.400233,1,1.4317,0.0285,1.4317,2.9423,0.7504,0.7503,0.0064,88
2026-03-21T17:54:09.469866,0,1.1252,1.1252,0.0190,3.1033,0.8693,0.1110,-0.8622,66
2026-03-21T17:54:09.469866,1,1.3824,0.0240,1.3824,2.9430,0.7499,0.7498,-0.0099,86
2026-03-21T17:54:09.539700,0,1.1194,1.1194,0.0178,3.1021,0.8676,0.1110,-0.8605,66
2026-03-21T17:54:09.539700,1,1.4102,0.0249,1.4102,2.9708,0.7511,0.7508,-0.0186,87
2026-03-21T17:54:09.608793,0,1.1887,1.1887,0.0211,3.1029,0.8716,0.1386,-0.8605,69
2026-03-21T17:54:09.608793,1,1.3799,0.0264,1.3799,2.9680,0.7509,0.7504,-0.0266,86
2026-03-21T17:54:09.678645,0,1.0700,1.0700,0.0238,3.1071,0.8656,0.0926,-0.8606,64
2026-03-21T17:54:09.678645,1,1.3856,0.0218,1.3856,2.9196,0.7502,0.7502,0.0065,86
2026-03-21T17:54:09.748621,0,1.0939,1.0939,0.0132,3.0996,0.8682,0.1020,-0.8622,65
2026-03-21T17:54:09.748621,1,1.3590,0.0236,1.3590,2.9196,0.7504,0.7504,-0.0018,85
2026-03-21T17:54:09.817957,0,1.1241,1.1241,0.0186,3.1037,0.8683,0.1110,-0.8612,66
2026-03-21T17:54:09.817957,1,1.3347,0.0263,1.3347,2.9182,0.7502,0.7502,-0.0098,84
2026-03-21T17:54:09.886791,0,1.1908,1.1908,0.0181,3.1004,0.8719,0.1385,-0.8609,69
2026-03-21T17:54:09.886791,1,1.3621,0.0211,1.3621,2.8707,0.7510,0.7504,0.0309,85
2026-03-21T17:54:09.957558,0,1.1923,1.1923,0.0237,3.1060,0.8726,0.1387,-0.8615,69
2026-03-21T17:54:09.957558,1,1.3341,0.0234,1.3341,2.8681,0.7500,0.7497,0.0225,84
2026-03-21T17:54:10.026861,0,1.1220,1.1220,0.0164,3.1015,0.8695,0.1114,-0.8624,66
2026-03-21T17:54:10.026861,1,1.3311,0.0214,1.3311,2.8917,0.7495,0.7495,0.0064,84
2026-03-21T17:54:10.097016,0,1.1221,1.1221,0.0201,3.1060,0.8690,0.1106,-0.8620,66
2026-03-21T17:54:10.097016,1,1.3023,0.0270,1.3023,2.8655,0.7492,0.7491,0.0146,83
2026-03-21T17:54:10.166547,0,1.1229,1.1229,0.0180,3.1024,0.8688,0.1109,-0.8617,66
2026-03-21T17:54:10.166547,1,1.4129,0.0211,1.4129,2.8950,0.7505,0.7499,0.0314,87
2026-03-21T17:54:10.235778,0,1.0967,1.0967,0.0228,3.1039,0.8677,0.1016,-0.8617,65
2026-03-21T17:54:10.235778,1,1.3837,0.0210,1.3837,2.8943,0.7505,0.7501,0.0229,86
2026-03-21T17:54:10.306209,0,1.1217,1.1217,0.0186,3.1029,0.8682,0.1112,-0.8611,66
2026-03-21T17:54:10.306209,1,1.4361,0.0309,1.4361,2.9722,0.7505,0.7504,-0.0102,88
2026-03-21T17:54:10.375465,0,1.1911,1.1911,0.0227,3.1051,0.8721,0.1386,-0.8610,69
2026-03-21T17:54:10.375465,1,1.3865,0.0238,1.3865,2.9444,0.7507,0.7506,-0.0096,86
2026-03-21T17:54:10.446051,0,1.1231,1.1231,0.0179,3.1042,0.8680,0.1107,-0.8609,66
2026-03-21T17:54:10.446051,1,1.4096,0.0241,1.4096,2.9202,0.7511,0.7510,0.0145,87
2026-03-21T17:54:10.514814,0,1.1223,1.1223,0.0205,3.1034,0.8686,0.1111,-0.8615,66
2026-03-21T17:54:10.514814,1,1.3595,0.0224,1.3595,2.9430,0.7504,0.7502,-0.0181,85
2026-03-21T17:54:10.584140,0,1.1027,1.1027,0.0246,3.1060,0.8671,0.1020,-0.8611,65
2026-03-21T17:54:10.584140,1,1.4063,0.0211,1.4063,2.9169,0.7506,0.7505,0.0149,87
2026-03-21T17:54:10.654341,0,1.1850,1.1850,0.0230,3.1025,0.8726,0.1386,-0.8616,69
2026-03-21T17:54:10.654341,1,1.3837,0.0197,1.3837,2.8943,0.7505,0.7501,0.0229,86
2026-03-21T17:54:10.723446,0,1.1194,1.1194,0.0189,3.1031,0.8680,0.1110,-0.8609,66
2026-03-21T17:54:10.723446,1,1.3384,0.0243,1.3384,2.8963,0.7499,0.7499,0.0066,84
2026-03-21T17:54:10.793182,0,1.1947,1.1947,0.0504,3.1063,0.8733,0.1476,-0.8607,70
2026-03-21T17:54:10.793182,1,1.3601,0.0167,1.3601,2.8694,0.7506,0.7500,0.0311,85
2026-03-21T17:54:10.862854,0,1.1203,1.1203,0.0154,3.1008,0.8674,0.1110,-0.8603,66
2026-03-21T17:54:10.862854,1,1.3856,0.0242,1.3856,2.9196,0.7497,0.7497,0.0067,86
2026-03-21T17:54:10.932599,0,1.1936,1.1936,0.0171,3.1033,0.8728,0.1386,-0.8617,69
2026-03-21T17:54:10.932599,1,1.3080,0.0222,1.3080,2.8719,0.7506,0.7505,0.0145,83
2026-03-21T17:54:11.003463,0,1.1883,1.1883,0.0489,3.1004,0.8729,0.1476,-0.8604,70
2026-03-21T17:54:11.003463,1,1.3615,0.0223,1.3615,2.8694,0.7500,0.7493,0.0308,85
2026-03-21T17:54:11.072347,0,1.0982,1.0982,0.0176,3.1016,0.8672,0.1018,-0.8612,65
2026-03-21T17:54:11.072347,1,1.4141,0.0237,1.4141,2.8970,0.7507,0.7500,0.0313,87
2026-03-21T17:54:11.142384,0,1.1188,1.1188,0.0191,3.1013,0.8689,0.1109,-0.8618,66
2026-03-21T17:54:11.142384,1,0.0431,0.0431,0.0109,3.0957,1.1379,0.7466,-0.8587,3
2026-03-21T17:54:11.142384,2,1.3326,0.0233,1.3326,2.8700,0.7501,0.7498,0.0226,84
2026-03-21T17:54:11.212420,0,1.1863,1.1863,0.0226,3.1029,0.8722,0.1386,-0.8611,69
2026-03-21T17:54:11.212420,1,0.0963,0.0055,0.0963,2.9715,1.0307,0.7656,-0.6901,5
2026-03-21T17:54:11.212420,2,1.3360,0.0213,1.3360,2.8466,0.7506,0.7496,0.0389,84
2026-03-21T17:54:11.281652,0,1.1886,1.1886,0.0475,3.1041,0.8734,0.1476,-0.8608,70
2026-03-21T17:54:11.281652,1,1.4151,0.0263,1.4151,2.9222,0.7504,0.7503,0.0149,87
2026-03-21T17:54:11.351083,0,1.0237,1.0237,0.0209,3.1048,0.8642,0.0750,-0.8609,62
2026-03-21T17:54:11.351083,1,0.0487,0.0487,0.0057,3.0989,1.0812,0.6508,-0.8634,3
2026-03-21T17:54:11.351083,2,1.3892,0.0328,1.3892,2.9464,0.7509,0.7509,-0.0102,86
2026-03-21T17:54:11.421130,0,1.1190,1.1190,0.0173,3.1011,0.8682,0.1108,-0.8612,66
2026-03-21T17:54:11.421130,1,1.3568,0.0222,1.3568,2.8674,0.7506,0.7499,0.0310,85
2026-03-21T17:54:11.490859,0,1.0480,1.0480,0.0186,3.1024,0.8642,0.0838,-0.8601,63
2026-03-21T17:54:11.490859,1,1.3822,0.0278,1.3822,2.9176,0.7496,0.7496,0.0066,86
2026-03-21T17:54:11.559710,0,1.1859,1.1859,0.0208,3.1033,0.8728,0.1387,-0.8617,69
2026-03-21T17:54:11.559710,1,1.3636,0.0243,1.3636,2.8970,0.7502,0.7500,0.0147,85
2026-03-21T17:54:11.629993,0,1.1897,1.1897,0.0175,3.1037,0.8730,0.1388,-0.8619,69
2026-03-21T17:54:11.629993,1,1.3859,0.0307,1.3859,2.9464,0.7503,0.7502,-0.0101,86
2026-03-21T17:54:11.699217,0,1.1900,1.1900,0.0224,3.1042,0.8727,0.1387,-0.8617,69
2026-03-21T17:54:11.699217,1,1.3326,0.0211,1.3326,2.8884,0.7506,0.7506,0.0066,84
2026-03-21T17:54:11.769682,0,1.1214,1.1214,0.0170,3.1008,0.8684,0.1112,-0.8613,66
2026-03-21T17:54:11.769682,1,0.0378,0.0378,0.0200,3.1010,1.1409,0.7485,-0.8610,3
2026-03-21T17:54:11.769682,2,1.3851,0.0258,1.3851,2.9437,0.7506,0.7506,-0.0100,86
2026-03-21T17:54:11.839455,0,1.0716,1.0716,0.0169,3.1012,0.8661,0.0930,-0.8611,64
2026-03-21T17:54:11.839455,1,0.0889,0.0889,0.0159,3.0992,1.1251,0.7235,-0.8616,5
2026-03-21T17:54:11.839455,2,1.4303,0.0212,1.4303,2.9410,0.7501,0.7501,0.0064,88
2026-03-21T17:54:11.908731,0,1.1856,1.1856,0.0230,3.1018,0.8721,0.1386,-0.8611,69
2026-03-21T17:54:11.908731,1,1.3344,0.0208,1.3344,2.8956,0.7496,0.7496,0.0064,84
2026-03-21T17:54:11.978216,0,1.1903,1.1903,0.0190,3.1030,0.8726,0.1386,-0.8615,69
2026-03-21T17:54:11.978216,1,1.4608,0.0264,1.4608,2.9464,0.7508,0.7507,0.0147,89
2026-03-21T17:54:12.047885,0,1.1928,1.1928,0.0195,3.1023,0.8729,0.1388,-0.8618,69
2026-03-21T17:54:12.047885,1,1.3610,0.0246,1.3610,2.8950,0.7497,0.7495,0.0145,85
2026-03-21T17:54:12.117694,0,1.0959,1.0959,0.0156,3.1024,0.8679,0.1017,-0.8619,65
2026-03-21T17:54:12.117694,1,1.3845,0.0265,1.3845,2.9464,0.7502,0.7502,-0.0103,86
2026-03-21T17:54:12.187867,0,1.1237,1.1237,0.0161,3.1015,0.8680,0.1109,-0.8608,66
2026-03-21T17:54:12.187867,1,1.4083,0.0257,1.4083,2.9444,0.7503,0.7503,-0.0018,87
2026-03-21T17:54:12.257264,0,1.1211,1.1211,0.0259,3.1051,0.8689,0.1109,-0.8618,66
2026-03-21T17:54:12.257264,1,0.0424,0.0424,0.0155,3.0988,1.1396,0.7477,-0.8600,3
2026-03-21T17:54:12.257264,2,1.4327,0.0272,1.4327,2.9708,0.7506,0.7505,-0.0101,88
2026-03-21T17:54:12.327022,0,1.0987,1.0987,0.0166,3.1029,0.8683,0.1022,-0.8623,65
2026-03-21T17:54:12.327022,1,0.0977,0.0047,0.0977,2.9953,1.0471,0.7654,-0.7145,5
2026-03-21T17:54:12.327022,2,1.3560,0.0214,1.3560,2.8694,0.7512,0.7505,0.0311,85
2026-03-21T17:54:12.396770,0,1.1910,1.1910,0.0170,3.1031,0.8728,0.1388,-0.8617,69
2026-03-21T17:54:12.396770,1,1.4090,0.0260,1.4090,2.9444,0.7503,0.7503,-0.0021,87
2026-03-21T17:54:12.465539,0,1.1883,1.1883,0.0234,3.1037,0.8723,0.1385,-0.8613,69
2026-03-21T17:54:12.465539,1,1.3828,0.0243,1.3828,2.9196,0.7500,0.7500,0.0065,86
2026-03-21T17:54:12.536176,0,1.1208,1.1208,0.0164,3.1016,0.8683,0.1109,-0.8612,66
2026-03-21T17:54:12.536176,1,1.3384,0.0233,1.3384,2.8956,0.7502,0.7502,0.0065,84
2026-03-21T17:54:12.605900,0,1.1262,1.1262,0.0182,3.1021,0.8687,0.1107,-0.8616,66
2026-03-21T17:54:12.605900,1,1.3081,0.0180,1.3081,2.8694,0.7494,0.7492,0.0147,83
2026-03-21T17:54:12.675073,0,1.1209,1.1209,0.0205,3.1015,0.8683,0.1106,-0.8612,66
2026-03-21T17:54:12.675073,1,1.3398,0.0228,1.3398,2.8956,0.7501,0.7501,0.0065,84
2026-03-21T17:54:12.745317,0,1.1224,1.1224,0.0186,3.1024,0.8692,0.1110,-0.8620,66
2026-03-21T17:54:12.745317,1,0.0444,0.0444,0.0148,3.1003,1.1412,0.7488,-0.8612,3
2026-03-21T17:54:12.745317,2,1.3577,0.0210,1.3577,2.9202,0.7508,0.7508,-0.0017,85
2026-03-21T17:54:12.814137,0,1.0717,1.0717,0.0140,3.1012,0.8670,0.0929,-0.8620,64
2026-03-21T17:54:12.814137,1,1.4093,0.0219,1.4093,2.8950,0.7509,0.7502,0.0310,87
2026-03-21T17:54:12.883826,0,1.1248,1.1248,0.0198,3.1037,0.8684,0.1111,-0.8613,66
2026-03-21T17:54:12.883826,1,1.3371,0.0200,1.3371,2.8937,0.7505,0.7504,0.0068,84
2026-03-21T17:54:12.954034,0,1.1892,1.1892,0.0223,3.1056,0.8728,0.1388,-0.8617,69
2026-03-21T17:54:12.954034,1,1.3808,0.0269,1.3808,2.9169,0.7498,0.7498,0.0064,86
2026-03-21T17:54:13.023719,0,1.1934,1.1934,0.0187,3.1042,0.8721,0.1388,-0.8610,69
2026-03-21T17:54:13.023719,1,1.3582,0.0244,1.3582,2.9430,0.7505,0.7503,-0.0180,85
2026-03-21T17:54:13.093517,0,1.1916,1.1916,0.0480,3.1031,0.8730,0.1479,-0.8604,70
2026-03-21T17:54:13.093517,1,1.3830,0.0227,1.3830,2.8943,0.7496,0.7493,0.0228,86
2026-03-21T17:54:13.162812,0,1.1888,1.1888,0.0457,3.1015,0.8735,0.1477,-0.8610,70
2026-03-21T17:54:13.162812,1,1.4097,0.0267,1.4097,2.9444,0.7506,0.7506,-0.0019,87
2026-03-21T17:54:13.232276,0,1.1908,1.1908,0.0175,3.1033,0.8730,0.1388,-0.8619,69
2026-03-21T17:54:13.232276,1,1.4089,0.0241,1.4089,2.9196,0.7502,0.7500,0.0143,87
2026-03-21T17:54:13.303058,0,1.1205,1.1205,0.0165,3.1023,0.8683,0.1110,-0.8612,66
2026-03-21T17:54:13.303058,1,1.4831,0.0238,1.4831,2.9680,0.7501,0.7501,0.0064,90
2026-03-21T17:54:13.371897,0,1.1214,1.1214,0.0175,3.1039,0.8688,0.1107,-0.8617,66
2026-03-21T17:54:13.371897,1,1.3108,0.0196,1.3108,2.8950,0.7502,0.7502,-0.0016,83
2026-03-21T17:54:13.441697,0,1.1184,1.1184,0.0181,3.1035,0.8679,0.1110,-0.8607,66
2026-03-21T17:54:13.441697,1,1.4361,0.0290,1.4361,2.9708,0.7503,0.7502,-0.0105,88
2026-03-21T17:54:13.511948,0,1.1194,1.1194,0.0200,3.1053,0.8684,0.1110,-0.8613,66
2026-03-21T17:54:13.511948,1,1.4076,0.0268,1.4076,2.9176,0.7506,0.7504,0.0147,87
2026-03-21T17:54:13.580754,0,1.1192,1.1192,0.0187,3.1039,0.8681,0.1111,-0.8610,66
2026-03-21T17:54:13.580754,1,0.0411,0.0411,0.0200,3.1033,1.1422,0.7494,-0.8620,3
2026-03-21T17:54:13.580754,2,1.4600,0.0292,1.4600,2.9471,0.7504,0.7503,0.0146,89
2026-03-21T17:54:13.659403,0,1.1214,1.1214,0.0153,3.1012,0.8684,0.1110,-0.8613,66
2026-03-21T17:54:13.659403,1,1.3128,0.0184,1.3128,2.8434,0.7500,0.7494,0.0308,83
2026-03-21T17:54:13.721050,0,1.0965,1.0965,0.0176,3.1039,0.8672,0.1020,-0.8611,65
2026-03-21T17:54:13.721050,1,1.4358,0.0255,1.4358,2.9444,0.7507,0.7507,0.0065,88
2026-03-21T17:54:13.789819,0,1.1211,1.1211,0.0201,3.1051,0.8685,0.1109,-0.8614,66
2026-03-21T17:54:13.789819,1,1.3077,0.0256,1.3077,2.9410,0.7507,0.7499,-0.0339,83
2026-03-21T17:54:13.789819,2,0.0925,0.0035,0.0925,1.6031,1.0089,0.7494,0.6755,5
2026-03-21T17:54:13.860521,0,1.1237,1.1237,0.0169,3.1012,0.8686,0.1112,-0.8614,66
2026-03-21T17:54:13.860521,1,0.0470,0.0470,0.0103,3.0965,1.1389,0.7473,-0.8594,3
2026-03-21T17:54:13.860521,2,1.3374,0.0272,1.3374,2.9216,0.7498,0.7497,-0.0099,84
2026-03-21T17:54:13.930101,0,1.0954,1.0954,0.0185,3.1018,0.8669,0.1019,-0.8609,65
2026-03-21T17:54:13.930101,1,1.3348,0.0261,1.3348,2.9209,0.7503,0.7503,-0.0098,84
2026-03-21T17:54:13.998506,0,1.1887,1.1887,0.0197,3.1015,0.8715,0.1387,-0.8604,69
2026-03-21T17:54:13.998506,1,1.4381,0.0245,1.4381,2.9701,0.7502,0.7501,-0.0101,88
2026-03-21T17:54:14.069102,0,1.1262,1.1262,0.0176,3.1029,0.8687,0.1111,-0.8616,66
2026-03-21T17:54:14.069102,1,1.3865,0.0268,1.3865,2.9464,0.7501,0.7500,-0.0099,86
2026-03-21T17:54:14.137781,0,1.0975,1.0975,0.0189,3.1015,0.8672,0.1020,-0.8612,65
2026-03-21T17:54:14.137781,1,1.3358,0.0220,1.3358,2.8950,0.7495,0.7494,0.0064,84
2026-03-21T17:54:14.208396,0,1.1894,1.1894,0.0455,3.1006,0.8733,0.1477,-0.8608,70
2026-03-21T17:54:14.208396,1,1.3866,0.0269,1.3866,2.9485,0.7503,0.7503,-0.0099,86
2026-03-21T17:54:14.278206,0,1.1887,1.1887,0.0188,3.1021,0.8720,0.1386,-0.8609,69
2026-03-21T17:54:14.278206,1,0.0965,0.0055,0.0965,2.9960,1.0469,0.7653,-0.7144,5
2026-03-21T17:54:14.278206,2,1.3865,0.0205,1.3865,2.8700,0.7511,0.7500,0.0393,86
2026-03-21T17:54:14.346867,0,1.1177,1.1177,0.0186,3.1004,0.8687,0.1106,-0.8617,66
2026-03-21T17:54:14.346867,1,1.3102,0.0250,1.3102,2.8956,0.7494,0.7494,-0.0015,83
2026-03-21T17:54:14.418648,0,1.0686,1.0686,0.0150,3.1015,0.8663,0.0928,-0.8613,64
2026-03-21T17:54:14.418648,1,0.0922,0.0922,0.0148,3.1010,1.1269,0.7247,-0.8629,5
2026-03-21T17:54:14.418648,2,1.3584,0.0239,1.3584,2.8917,0.7506,0.7504,0.0144,85
2026-03-21T17:54:14.486382,0,1.1252,1.1252,0.0202,3.1015,0.8680,0.1108,-0.8609,66
2026-03-21T17:54:14.486382,1,1.3842,0.0278,1.3842,2.9196,0.7496,0.7496,0.0064,86
2026-03-21T17:54:14.556858,0,1.1909,1.1909,0.0200,3.1033,0.8723,0.1387,-0.8612,69
2026-03-21T17:54:14.556858,1,1.4102,0.0250,1.4102,2.9222,0.7507,0.7505,0.0146,87
2026-03-21T17:54:14.626292,0,1.1204,1.1204,0.0180,3.1039,0.8686,0.1109,-0.8615,66
2026-03-21T17:54:14.626292,1,1.3339,0.0231,1.3339,2.8707,0.7499,0.7495,0.0226,84
2026-03-21T17:54:14.696262,0,1.0958,1.0958,0.0209,3.1006,0.8664,0.1017,-0.8604,65
2026-03-21T17:54:14.696262,1,0.0696,0.0696,0.0394,3.0989,1.1311,0.7421,-0.8535,5
2026-03-21T17:54:14.696262,2,1.4090,0.0219,1.4090,2.9189,0.7503,0.7502,0.0146,87
2026-03-21T17:54:14.766261,0,1.1903,1.1903,0.0208,3.1033,0.8725,0.1385,-0.8614,69
2026-03-21T17:54:14.766261,1,1.3849,0.0234,1.3849,2.9196,0.7500,0.7499,0.0064,86
2026-03-21T17:54:14.835600,0,1.1908,1.1908,0.0177,3.1029,0.8722,0.1385,-0.8611,69
2026-03-21T17:54:14.835600,1,1.4063,0.0253,1.4063,2.9430,0.7494,0.7494,-0.0019,87
2026-03-21T17:54:14.905183,0,1.1214,1.1214,0.0196,3.1015,0.8682,0.1108,-0.8611,66
2026-03-21T17:54:14.905183,1,1.3324,0.0235,1.3324,2.8956,0.7496,0.7496,0.0065,84
2026-03-21T17:54:14.975265,0,1.1839,1.1839,0.0225,3.1013,0.8710,0.1383,-0.8600,69
2026-03-21T17:54:14.975265,1,1.3102,0.0254,1.3102,2.8970,0.7504,0.7504,-0.0019,83
2026-03-21T17:54:15.045050,0,1.1905,1.1905,0.0189,3.1018,0.8719,0.1385,-0.8608,69
2026-03-21T17:54:15.045050,1,1.2841,0.0233,1.2841,2.8453,0.7504,0.7501,0.0225,82
2026-03-21T17:54:15.114536,0,1.0477,1.0477,0.0186,3.1040,0.8649,0.0840,-0.8608,63
2026-03-21T17:54:15.114536,1,0.0922,0.0922,0.0121,3.0976,1.1245,0.7231,-0.8611,5
2026-03-21T17:54:15.114536,2,1.3563,0.0246,1.3563,2.8917,0.7496,0.7495,0.0147,85
2026-03-21T17:54:15.184659,0,1.1241,1.1241,0.0165,3.1008,0.8682,0.1109,-0.8611,66
2026-03-21T17:54:15.184659,1,0.0411,0.0411,0.0178,3.1018,1.1422,0.7494,-0.8620,3
2026-03-21T17:54:15.184659,2,1.3583,0.0219,1.3583,2.9182,0.7502,0.7502,-0.0019,85
2026-03-21T17:54:15.253875,0,1.1903,1.1903,0.0178,3.1021,0.8731,0.1387,-0.8620,69
2026-03-21T17:54:15.253875,1,1.4103,0.0257,1.4103,2.9196,0.7500,0.7499,0.0145,87
2026-03-21T17:54:15.323312,0,1.1209,1.1209,0.0203,3.1045,0.8690,0.1110,-0.8619,66
2026-03-21T17:54:15.323312,1,1.4081,0.0207,1.4081,2.8930,0.7507,0.7501,0.0311,87
2026-03-21T17:54:15.393360,0,1.1950,1.1950,0.0454,3.1042,0.8734,0.1476,-0.8608,70
2026-03-21T17:54:15.393360,1,1.4368,0.0289,1.4368,2.9953,0.7513,0.7508,-0.0269,88
2026-03-21T17:54:15.463478,0,1.1910,1.1910,0.0188,3.1035,0.8728,0.1386,-0.8617,69
2026-03-21T17:54:15.463478,1,0.0917,0.0121,0.0917,3.0186,1.0643,0.7652,-0.7397,5
2026-03-21T17:54:15.463478,2,1.3634,0.0224,1.3634,2.8726,0.7506,0.7499,0.0309,85
2026-03-21T17:54:15.532226,0,1.1193,1.1193,0.0159,3.1023,0.8690,0.1111,-0.8619,66
2026-03-21T17:54:15.532226,1,0.0351,0.0351,0.0199,3.0980,1.1369,0.7459,-0.8580,3
2026-03-21T17:54:15.532226,2,1.3824,0.0253,1.3824,2.9430,0.7502,0.7501,-0.0099,86
2026-03-21T17:54:15.602377,0,1.1914,1.1914,0.0481,3.1039,0.8735,0.1477,-0.8609,70
2026-03-21T17:54:15.602377,1,1.3866,0.0257,1.3866,2.9478,0.7506,0.7506,-0.0102,86
2026-03-21T17:54:15.671291,0,1.1931,1.1931,0.0712,3.1006,0.8736,0.1561,-0.8596,71
2026-03-21T17:54:15.671291,1,1.3351,0.0219,1.3351,2.8956,0.7499,0.7499,0.0064,84
2026-03-21T17:54:15.741445,0,1.1205,1.1205,0.0180,3.1004,0.8680,0.1111,-0.8609,66
2026-03-21T17:54:15.741445,1,1.4588,0.0252,1.4588,2.9423,0.7500,0.7499,0.0148,89
2026-03-21T17:54:15.811244,0,1.1191,1.1191,0.0179,3.1008,0.8676,0.1108,-0.8605,66
2026-03-21T17:54:15.811244,1,1.4094,0.0218,1.4094,2.8943,0.7505,0.7498,0.0314,87
2026-03-21T17:54:15.881208,0,1.1206,1.1206,0.0185,3.1023,0.8686,0.1111,-0.8614,66
2026-03-21T17:54:15.881208,1,0.0391,0.0391,0.0208,3.1025,1.1416,0.7490,-0.8615,3
2026-03-21T17:54:15.881208,2,1.3334,0.0271,1.3334,2.9189,0.7503,0.7502,-0.0100,84
2026-03-21T17:54:15.950329,0,1.0966,1.0966,0.0192,3.1024,0.8665,0.1018,-0.8605,65
2026-03-21T17:54:15.950329,1,1.3560,0.0236,1.3560,2.8687,0.7503,0.7497,0.0308,85
2026-03-21T17:54:16.019448,0,1.0947,1.0947,0.0161,3.1015,0.8667,0.1017,-0.8607,65
2026-03-21T17:54:16.019448,1,0.0684,0.0684,0.0409,3.1004,1.1333,0.7436,-0.8552,5
2026-03-21T17:54:16.019448,2,1.3838,0.0280,1.3838,2.9444,0.7504,0.7504,-0.0104,86
2026-03-21T17:54:16.090383,0,1.1201,1.1201,0.0162,3.1015,0.8688,0.1111,-0.8617,66
2026-03-21T17:54:16.090383,1,0.0457,0.0457,0.0088,3.0965,1.1409,0.7486,-0.8609,3
2026-03-21T17:54:16.090383,2,0.0976,0.0056,0.0976,2.9715,1.0303,0.7653,-0.6898,5
2026-03-21T17:54:16.090383,3,1.2847,0.0223,1.2847,2.8460,0.7497,0.7493,0.0224,82
2026-03-21T17:54:16.159104,0,1.1191,1.1191,0.0201,3.1015,0.8687,0.1111,-0.8615,66
2026-03-21T17:54:16.159104,1,1.3855,0.0258,1.3855,2.9209,0.7504,0.7504,0.0064,86
2026-03-21T17:54:16.228724,0,1.1237,1.1237,0.0181,3.1015,0.8682,0.1108,-0.8611,66
2026-03-21T17:54:16.228724,1,1.3849,0.0245,1.3849,2.9209,0.7502,0.7501,0.0067,86
2026-03-21T17:54:16.298643,0,1.1233,1.1233,0.0155,3.1008,0.8685,0.1109,-0.8614,66
2026-03-21T17:54:16.298643,1,1.4129,0.0250,1.4129,2.9694,0.7508,0.7505,-0.0183,87
2026-03-21T17:54:16.368539,0,1.1934,1.1934,0.0470,3.1007,0.8730,0.1474,-0.8604,70
2026-03-21T17:54:16.368539,1,1.4062,0.0243,1.4062,2.9182,0.7501,0.7500,0.0148,87
2026-03-21T17:54:16.437816,0,1.1938,1.1938,0.0720,3.1021,0.8740,0.1563,-0.8599,71
2026-03-21T17:54:16.437816,1,1.3808,0.0252,1.3808,2.9169,0.7503,0.7503,0.0064,86
2026-03-21T17:54:16.507498,0,1.0939,1.0939,0.0153,3.1012,0.8666,0.1018,-0.8606,65
2026-03-21T17:54:16.507498,1,1.3360,0.0211,1.3360,2.8707,0.7499,0.7496,0.0228,84
2026-03-21T17:54:16.507498,2,0.0460,0.0064,0.0460,1.5051,1.0619,0.7508,0.7510,3
2026-03-21T17:54:16.577266,0,1.1927,1.1927,0.0179,3.1024,0.8727,0.1385,-0.8616,69
2026-03-21T17:54:16.577266,1,1.3614,0.0223,1.3614,2.8713,0.7504,0.7498,0.0309,85
2026-03-21T17:54:16.647498,0,1.1241,1.1241,0.0182,3.1011,0.8682,0.1111,-0.8611,66
2026-03-21T17:54:16.647498,1,0.0437,0.0437,0.0170,3.1018,1.1416,0.7490,-0.8615,3
2026-03-21T17:54:16.647498,2,1.3836,0.0238,1.3836,2.9176,0.7500,0.7499,0.0063,86
2026-03-21T17:54:16.717104,0,1.1881,1.1881,0.0229,3.1039,0.8729,0.1386,-0.8619,69
2026-03-21T17:54:16.717104,1,1.4372,0.0217,1.4372,2.9444,0.7504,0.7504,0.0066,88
2026-03-21T17:54:16.786544,0,1.0918,1.0918,0.0150,3.1004,0.8669,0.1015,-0.8609,65
2026-03-21T17:54:16.786544,1,0.0663,0.0663,0.0431,3.0997,1.1313,0.7423,-0.8537,5
2026-03-21T17:54:16.786544,2,1.3373,0.0211,1.3373,2.8707,0.7498,0.7494,0.0228,84
2026-03-21T17:54:16.856356,0,1.0975,1.0975,0.0177,3.1020,0.8666,0.1021,-0.8605,65
2026-03-21T17:54:16.856356,1,0.0654,0.0654,0.0458,3.0988,1.1293,0.7409,-0.8522,5
2026-03-21T17:54:16.856356,2,1.3334,0.0223,1.3334,2.8681,0.7501,0.7498,0.0227,84
2026-03-21T17:54:16.925751,0,1.1189,1.1189,0.0198,3.1029,0.8682,0.1110,-0.8610,66
2026-03-21T17:54:16.925751,1,1.3597,0.0258,1.3597,2.9189,0.7502,0.7502,-0.0017,85
2026-03-21T17:54:16.995172,0,1.1920,1.1920,0.0244,3.1069,0.8722,0.1384,-0.8612,69
2026-03-21T17:54:16.995172,1,1.3596,0.0230,1.3596,2.8943,0.7504,0.7502,0.0147,85
2026-03-21T17:54:17.065130,0,1.0922,1.0922,0.0161,3.1021,0.8675,0.1018,-0.8615,65
2026-03-21T17:54:17.065130,1,1.3862,0.0237,1.3862,2.9202,0.7499,0.7498,0.0063,86
2026-03-21T17:54:17.135583,0,1.0709,1.0709,0.0187,3.1021,0.8666,0.0928,-0.8616,64
2026-03-21T17:54:17.135583,1,0.0880,0.0880,0.0177,3.1047,1.1281,0.7254,-0.8639,5
2026-03-21T17:54:17.135583,2,1.3344,0.0212,1.3344,2.8943,0.7501,0.7501,0.0063,84
2026-03-21T17:54:17.204642,0,1.1934,1.1934,0.0187,3.1042,0.8726,0.1386,-0.8615,69
2026-03-21T17:54:17.204642,1,1.3849,0.0247,1.3849,2.9196,0.7503,0.7502,0.0066,86
2026-03-21T17:54:17.274417,0,1.1874,1.1874,0.0216,3.1034,0.8725,0.1385,-0.8615,69
2026-03-21T17:54:17.274417,1,1.3308,0.0190,1.3308,2.8662,0.7509,0.7505,0.0229,84
2026-03-21T17:54:17.343436,0,1.0730,1.0730,0.0184,3.1012,0.8665,0.0930,-0.8615,64
2026-03-21T17:54:17.343436,1,0.0879,0.0879,0.0480,3.1031,1.1263,0.7317,-0.8563,6
2026-03-21T17:54:17.343436,2,1.3378,0.0258,1.3378,2.8950,0.7501,0.7501,0.0064,84
2026-03-21T17:54:17.414543,0,1.0457,1.0457,0.0146,3.1002,0.8657,0.0842,-0.8616,63
2026-03-21T17:54:17.414543,1,0.1157,0.1157,0.0424,3.0997,1.1185,0.7194,-0.8564,7
2026-03-21T17:54:17.414543,2,1.2888,0.0191,1.2888,2.8453,0.7507,0.7503,0.0225,82
2026-03-21T17:54:17.483069,0,1.0696,1.0696,0.0159,3.1011,0.8668,0.0926,-0.8619,64
2026-03-21T17:54:17.483069,1,0.0898,0.0898,0.0153,3.1023,1.1283,0.7256,-0.8640,5
2026-03-21T17:54:17.483069,2,1.3598,0.0219,1.3598,2.8917,0.7501,0.7500,0.0146,85
2026-03-21T17:54:17.553501,0,1.0267,1.0267,0.0179,3.1021,0.8641,0.0753,-0.8608,62
2026-03-21T17:54:17.553501,1,0.0488,0.0488,0.0081,3.1029,1.0842,0.6526,-0.8658,3
2026-03-21T17:54:17.553501,2,1.4122,0.0287,1.4122,2.9708,0.7508,0.7506,-0.0186,87
2026-03-21T17:54:17.622655,0,1.1206,1.1206,0.0140,3.1015,0.8688,0.1108,-0.8617,66
2026-03-21T17:54:17.622655,1,1.2839,0.0208,1.2839,2.8700,0.7492,0.7492,0.0065,82
2026-03-21T17:54:17.692814,0,1.0742,1.0742,0.0168,3.1020,0.8663,0.0930,-0.8613,64
2026-03-21T17:54:17.692814,1,0.0864,0.0864,0.0190,3.1015,1.1281,0.7254,-0.8639,5
2026-03-21T17:54:17.692814,2,1.4306,0.0278,1.4306,2.9666,0.7512,0.7512,-0.0104,88
2026-03-21T17:54:18.737431,0,0.1023,0.1023,0.0468,1.5819,0.7413,-0.3255,0.6661,9
2026-03-21T17:54:18.806449,0,0.0892,0.0720,0.0892,1.5916,0.7193,-0.2749,0.6647,8
2026-03-21T17:54:25.218131,0,0.0668,0.0201,0.0668,1.7266,0.5992,-0.2810,0.5293,5
2026-03-21T17:54:25.287560,0,0.0443,0.0353,0.0443,1.7283,0.5934,-0.2738,0.5265,6
2026-03-21T17:54:25.357418,0,0.0758,0.0379,0.0758,1.7327,0.5934,-0.2689,0.5289,7
2026-03-21T17:54:25.427558,0,0.0562,0.0417,0.0562,1.7286,0.5861,-0.2658,0.5223,7
2026-03-21T17:54:25.496510,0,0.0469,0.0452,0.0469,1.7338,0.5824,-0.2641,0.5190,7
2026-03-21T17:54:25.566484,0,0.0942,0.0447,0.0942,1.7301,0.5934,-0.2642,0.5313,8
2026-03-21T17:54:25.635867,0,0.0977,0.0427,0.0977,1.7335,0.5936,-0.2643,0.5316,8
2026-03-21T17:54:25.705702,0,0.0605,0.0425,0.0605,1.7283,0.5894,-0.2673,0.5253,7
2026-03-21T17:54:25.775926,0,0.0684,0.0377,0.0684,1.7344,0.5876,-0.2664,0.5238,7
2026-03-21T17:54:25.845222,0,0.0763,0.0399,0.0763,1.7240,0.5976,-0.2709,0.5327,7
2026-03-21T17:54:25.915269,0,0.0619,0.0307,0.0619,1.7205,0.6034,-0.2783,0.5354,6
2026-03-21T17:54:25.983885,0,0.0630,0.0176,0.0630,1.7067,0.6220,-0.2917,0.5494,5
2026-03-21T17:54:33.301566,0,0.0449,0.0449,0.0409,1.7729,0.5177,-0.2104,0.4730,7
2026-03-21T17:54:33.371772,0,0.0623,0.0623,0.0557,1.7747,0.5022,-0.1509,0.4790,8
2026-03-21T17:54:33.442084,0,0.0554,0.0403,0.0554,1.7787,0.4854,-0.1088,0.4731,7
2026-03-21T17:54:33.510593,0,0.0547,0.0547,0.0476,1.7861,0.4786,-0.0913,0.4698,7
2026-03-21T17:54:33.581278,0,0.0376,0.0376,0.0276,1.7756,0.4713,-0.0776,0.4648,6
2026-03-21T17:54:33.650565,0,0.0556,0.0556,0.0404,1.7681,0.4853,-0.0760,0.4793,7
2026-03-21T17:54:33.720082,0,0.0492,0.0492,0.0467,1.7570,0.4914,-0.0682,0.4867,7
2026-03-21T17:54:33.788815,0,0.0385,0.0385,0.0353,1.7646,0.4888,-0.0635,0.4846,6
2026-03-21T17:54:33.859230,0,0.0502,0.0502,0.0404,1.7490,0.4977,-0.0604,0.4940,7
2026-03-21T17:54:33.928512,0,0.0400,0.0400,0.0297,1.7563,0.4889,-0.0552,0.4858,6
2026-03-21T17:54:33.999128,0,0.0399,0.0399,0.0257,1.7612,0.4843,-0.0547,0.4812,6
2026-03-21T17:54:34.068249,0,0.0392,0.0392,0.0286,1.7662,0.4791,-0.0541,0.4761,6
2026-03-21T17:54:34.137798,0,0.0543,0.0543,0.0440,1.7770,0.4756,-0.0580,0.4720,7
2026-03-21T17:54:34.207483,0,0.0513,0.0513,0.0270,1.7788,0.4687,-0.0572,0.4652,7
2026-03-21T17:54:34.277976,0,0.0528,0.0528,0.0339,1.7788,0.4684,-0.0572,0.4649,7
2026-03-21T17:54:34.346728,0,0.0558,0.0434,0.0558,1.7948,0.4597,-0.0477,0.4572,7
2026-03-21T17:54:34.417283,0,0.0878,0.0588,0.0878,1.8145,0.4562,-0.0433,0.4542,8
2026-03-21T17:54:34.487026,0,0.0451,0.0451,0.0289,1.8066,0.4364,-0.0379,0.4348,7
2026-03-21T17:54:34.556461,0,0.0564,0.0564,0.0545,1.8160,0.4343,-0.0340,0.4329,8
2026-03-21T17:54:34.625629,0,0.0569,0.0569,0.0488,1.8226,0.4228,-0.0334,0.4215,8
2026-03-21T17:54:34.696390,0,0.0496,0.0496,0.0382,1.8306,0.4103,-0.0248,0.4095,8
2026-03-21T17:54:34.764991,0,0.0541,0.0541,0.0422,1.8339,0.4110,-0.0252,0.4103,8
2026-03-21T17:54:34.835166,0,0.0492,0.0492,0.0491,1.8375,0.4074,-0.0174,0.4070,8
2026-03-21T17:54:34.904971,0,0.0485,0.0485,0.0230,1.8403,0.4002,-0.0243,0.3994,8
2026-03-21T17:54:34.974588,0,0.0604,0.0604,0.0573,1.8640,0.3907,-0.0342,0.3892,9
2026-03-21T17:54:35.044351,0,0.0505,0.0505,0.0435,1.8689,0.3723,-0.0322,0.3709,9
2026-03-21T17:54:35.113845,0,0.0627,0.0512,0.0627,1.8760,0.3717,-0.0255,0.3709,9
2026-03-21T17:54:35.183747,0,0.0578,0.0578,0.0538,1.8792,0.3739,-0.0329,0.3725,9
2026-03-21T17:54:35.252748,0,0.0456,0.0456,0.0194,1.8759,0.3670,-0.0289,0.3658,8
2026-03-21T17:54:35.323956,0,0.0715,0.0715,0.0275,1.5429,0.7363,0.2217,0.7022,6
2026-03-21T17:54:35.323956,1,0.0527,0.0514,0.0527,1.8741,0.3689,-0.0254,0.3681,9
2026-03-21T17:54:35.393172,0,0.0956,0.0956,0.0449,1.8860,0.4169,0.2029,0.3642,13
2026-03-21T17:54:35.393172,1,0.0790,0.0790,0.0599,1.5714,0.7114,0.2138,0.6785,8
2026-03-21T17:54:35.393172,2,0.0646,0.0646,0.0608,1.8852,0.3664,-0.0289,0.3653,10
2026-03-21T17:54:35.463747,0,0.1263,0.1263,0.0119,1.8554,0.7076,0.5941,0.3843,7
2026-03-21T17:54:35.463747,1,0.3102,0.3102,0.0664,1.8945,0.4458,0.2749,0.3510,31
2026-03-21T17:54:35.463747,2,0.0721,0.0659,0.0721,1.6087,0.6907,0.2073,0.6589,8
2026-03-21T17:54:35.463747,3,0.0498,0.0498,0.0295,1.8898,0.3543,-0.0247,0.3534,9
2026-03-21T17:54:35.533161,0,0.3346,0.3346,0.0928,1.9033,0.4470,0.2855,0.3439,34
2026-03-21T17:54:35.533161,1,0.0827,0.0827,0.0248,1.5828,0.6899,0.2075,0.6580,8
2026-03-21T17:54:35.533161,2,0.0504,0.0504,0.0242,1.8906,0.3523,-0.0247,0.3514,9
2026-03-21T17:54:35.601821,0,0.3396,0.3396,0.0825,1.9106,0.4354,0.2756,0.3371,35
2026-03-21T17:54:35.601821,1,0.0579,0.0562,0.0579,1.6159,0.6840,0.1997,0.6542,7
2026-03-21T17:54:35.601821,2,0.0588,0.0583,0.0588,1.8952,0.3555,-0.0216,0.3549,10
2026-03-21T17:54:35.672449,0,0.3223,0.3223,0.0881,1.9079,0.4316,0.2663,0.3396,35
2026-03-21T17:54:35.672449,1,0.0849,0.0632,0.0849,1.6159,0.6826,0.1818,0.6579,8
2026-03-21T17:54:35.672449,2,0.0713,0.0713,0.0711,1.8946,0.3567,-0.0254,0.3558,11
2026-03-21T17:54:35.742143,0,0.3868,0.3868,0.0906,1.9032,0.4439,0.2797,0.3447,38
2026-03-21T17:54:35.742143,1,0.0596,0.0554,0.0596,1.6275,0.6697,0.1730,0.6470,7
2026-03-21T17:54:35.742143,2,0.0574,0.0574,0.0458,1.9012,0.3479,-0.0212,0.3473,10
2026-03-21T17:54:35.811933,0,0.3759,0.3759,0.0769,1.9093,0.4406,0.2741,0.3449,37
2026-03-21T17:54:35.811933,1,0.0514,0.0514,0.0350,1.6012,0.6694,0.1674,0.6481,6
2026-03-21T17:54:35.811933,2,0.0695,0.0695,0.0605,1.8948,0.3521,-0.0249,0.3512,11
2026-03-21T17:54:35.881647,0,0.3560,0.3560,0.0760,1.9103,0.4353,0.2674,0.3435,36
2026-03-21T17:54:35.881647,1,0.0475,0.0475,0.0474,1.6146,0.6617,0.1654,0.6407,6
2026-03-21T17:54:35.881647,2,0.0565,0.0565,0.0402,1.9056,0.3441,-0.0209,0.3434,10
2026-03-21T17:54:35.950788,0,0.3801,0.3801,0.1114,1.9186,0.4355,0.2685,0.3429,38
2026-03-21T17:54:35.950788,1,0.0579,0.0579,0.0505,1.6242,0.6555,0.1582,0.6361,7
2026-03-21T17:54:35.950788,2,0.0726,0.0645,0.0726,1.8992,0.3506,-0.0179,0.3502,11
2026-03-21T17:54:36.020750,0,0.3855,0.3855,0.0865,1.9185,0.4322,0.2671,0.3398,38
2026-03-21T17:54:36.020750,1,0.0791,0.0490,0.0791,1.6548,0.6473,0.1560,0.6282,7
2026-03-21T17:54:36.020750,2,0.0562,0.0413,0.0562,1.7277,0.5384,0.0380,0.5371,5
2026-03-21T17:54:36.020750,3,0.0692,0.0692,0.0636,1.8989,0.3474,-0.0246,0.3466,11
2026-03-21T17:54:36.091022,0,0.1696,0.1696,0.0266,1.8952,0.5049,0.3678,0.3459,14
2026-03-21T17:54:36.091022,1,0.1332,0.1332,0.0825,1.9249,0.3752,0.1793,0.3295,22
2026-03-21T17:54:36.091022,2,0.0494,0.0474,0.0494,1.6152,0.6535,0.1522,0.6356,6
2026-03-21T17:54:36.091022,3,0.0701,0.0516,0.0701,1.7427,0.5288,0.0421,0.5271,6
2026-03-21T17:54:36.091022,4,0.0557,0.0557,0.0368,1.8992,0.3447,-0.0209,0.3440,10
2026-03-21T17:54:36.160220,0,0.2337,0.2337,0.0236,1.8899,0.5271,0.3912,0.3533,16
2026-03-21T17:54:36.160220,1,0.1304,0.1304,0.0851,1.9246,0.3708,0.1775,0.3256,22
2026-03-21T17:54:36.160220,2,0.0736,0.0411,0.0736,1.6325,0.6550,0.1524,0.6371,6
2026-03-21T17:54:36.160220,3,0.0463,0.0463,0.0304,1.7477,0.5006,0.0396,0.4990,6
2026-03-21T17:54:36.160220,4,0.0544,0.0544,0.0458,1.8982,0.3431,-0.0206,0.3424,10
2026-03-21T17:54:36.229539,0,0.1609,0.1609,0.0396,1.8811,0.5399,0.3996,0.3631,14
2026-03-21T17:54:36.229539,1,0.1694,0.1694,0.1093,1.9324,0.3675,0.1762,0.3225,24
2026-03-21T17:54:36.229539,2,0.0399,0.0399,0.0328,1.6104,0.6522,0.1465,0.6355,5
2026-03-21T17:54:36.229539,3,0.0613,0.0599,0.0613,1.7460,0.5043,0.0446,0.5023,7
2026-03-21T17:54:36.229539,4,0.0675,0.0675,0.0504,1.8986,0.3487,-0.0244,0.3479,11
2026-03-21T17:54:36.299890,0,0.0885,0.0885,0.0046,1.8539,0.7212,0.6119,0.3816,5
2026-03-21T17:54:36.299890,1,0.1613,0.1613,0.0395,1.8667,0.5743,0.4349,0.3750,13
2026-03-21T17:54:36.299890,2,0.1443,0.1443,0.1341,1.9463,0.3606,0.1664,0.3199,24
2026-03-21T17:54:36.299890,3,0.1033,0.0367,0.1033,1.6325,0.6575,0.1415,0.6421,6
2026-03-21T17:54:36.299890,4,0.0445,0.0445,0.0181,1.7492,0.4923,0.0388,0.4908,6
2026-03-21T17:54:36.299890,5,0.0601,0.0545,0.0601,1.9036,0.3449,-0.0207,0.3442,10
2026-03-21T17:54:36.369405,0,0.1202,0.1202,0.0903,1.8389,0.7211,0.5833,0.4241,11
2026-03-21T17:54:36.369405,1,0.1631,0.1631,0.1083,1.9504,0.3564,0.1650,0.3159,24
2026-03-21T17:54:36.369405,2,0.0762,0.0318,0.0762,1.6123,0.6654,0.1378,0.6510,5
2026-03-21T17:54:36.369405,3,0.0711,0.0585,0.0711,1.7726,0.4927,0.0436,0.4908,7
2026-03-21T17:54:36.369405,4,0.0560,0.0560,0.0281,1.8976,0.3438,-0.0210,0.3431,10
2026-03-21T17:54:36.438813,0,0.1428,0.1428,0.1073,1.9513,0.3485,0.1580,0.3106,23
2026-03-21T17:54:36.438813,1,0.0722,0.0322,0.0722,1.6172,0.6612,0.1369,0.6469,5
2026-03-21T17:54:36.438813,2,0.0561,0.0561,0.0552,1.7746,0.4896,0.0433,0.4876,7
2026-03-21T17:54:36.438813,3,0.0569,0.0569,0.0267,1.8986,0.3467,-0.0213,0.3460,10
2026-03-21T17:54:36.508682,0,0.1137,0.1137,0.0999,1.9612,0.3430,0.1577,0.3047,22
2026-03-21T17:54:36.508682,1,0.0711,0.0439,0.0711,1.6161,0.6594,0.1422,0.6439,6
2026-03-21T17:54:36.508682,2,0.0482,0.0482,0.0455,1.7580,0.4918,0.0476,0.4895,6
2026-03-21T17:54:36.508682,3,0.0601,0.0601,0.0487,1.8978,0.3511,-0.0217,0.3505,10
2026-03-21T17:54:36.578530,0,0.1443,0.1443,0.0885,1.9613,0.3391,0.1592,0.2994,23
2026-03-21T17:54:36.578530,1,0.0561,0.0340,0.0561,1.6219,0.6502,0.1459,0.6336,5
2026-03-21T17:54:36.578530,2,0.0526,0.0491,0.0526,1.7582,0.4896,0.0474,0.4873,6
2026-03-21T17:54:36.578530,3,0.0586,0.0569,0.0586,1.8942,0.3507,-0.0149,0.3504,10
2026-03-21T17:54:36.648501,0,0.1250,0.1239,0.1250,1.9672,0.3374,0.1577,0.2983,23
2026-03-21T17:54:36.648501,1,0.0997,0.0471,0.0997,1.6614,0.6479,0.1449,0.6315,7
2026-03-21T17:54:36.648501,2,0.0457,0.0457,0.0367,1.7720,0.4801,0.0463,0.4779,6
2026-03-21T17:54:36.648501,3,0.0569,0.0569,0.0386,1.8952,0.3479,-0.0150,0.3475,10
2026-03-21T17:54:36.717618,0,0.1273,0.1260,0.1273,1.9704,0.3341,0.1560,0.2955,23
2026-03-21T17:54:36.717618,1,0.0465,0.0366,0.0465,1.6162,0.6514,0.1462,0.6348,5
2026-03-21T17:54:36.717618,2,0.0497,0.0467,0.0497,1.7820,0.4858,0.0470,0.4835,6
2026-03-21T17:54:36.717618,3,0.0557,0.0557,0.0161,1.8924,0.3482,-0.0152,0.3478,10
2026-03-21T17:54:36.786489,0,0.1280,0.1280,0.1028,1.9728,0.3266,0.1554,0.2872,22
2026-03-21T17:54:36.786489,1,0.0867,0.0514,0.0867,1.6287,0.6552,0.1466,0.6386,7
2026-03-21T17:54:36.786489,2,0.0514,0.0514,0.0484,1.7386,0.5106,0.0583,0.5073,6
2026-03-21T17:54:36.786489,3,0.0594,0.0594,0.0451,1.8964,0.3497,-0.0156,0.3494,10
2026-03-21T17:54:36.857201,0,0.0622,0.0622,0.0277,1.8195,0.7084,0.5659,0.4261,5
2026-03-21T17:54:36.857201,1,0.1436,0.1436,0.1173,1.9825,0.3294,0.1625,0.2865,24
2026-03-21T17:54:36.857201,2,0.0740,0.0542,0.0740,1.6229,0.6560,0.1469,0.6394,7
2026-03-21T17:54:36.857201,3,0.0350,0.0350,0.0155,1.7391,0.5040,0.0527,0.5013,5
2026-03-21T17:54:36.857201,4,0.0615,0.0615,0.0605,1.8948,0.3526,-0.0158,0.3523,10
2026-03-21T17:54:36.926766,0,0.0749,0.0749,0.0306,1.8523,0.6229,0.4877,0.3874,6
2026-03-21T17:54:36.926766,1,0.1366,0.1366,0.1358,1.9830,0.3262,0.1605,0.2839,24
2026-03-21T17:54:36.926766,2,0.1127,0.0546,0.1127,1.6567,0.6481,0.1503,0.6304,8
2026-03-21T17:54:36.926766,3,0.0585,0.0573,0.0585,1.8974,0.3490,-0.0088,0.3489,10
2026-03-21T17:54:36.995887,0,0.0947,0.0947,0.0200,1.8850,0.5819,0.4592,0.3575,7
2026-03-21T17:54:36.995887,1,0.1391,0.1391,0.0999,1.9881,0.3204,0.1631,0.2758,24
2026-03-21T17:54:36.995887,2,0.0886,0.0622,0.0886,1.6325,0.6499,0.1508,0.6321,8
2026-03-21T17:54:36.995887,3,0.0501,0.0501,0.0242,1.8958,0.3462,-0.0120,0.3460,9
2026-03-21T17:54:37.065801,0,0.0785,0.0785,0.0530,1.9073,0.5399,0.4198,0.3396,7
2026-03-21T17:54:37.065801,1,0.1456,0.1456,0.1209,1.9855,0.3213,0.1658,0.2752,25
2026-03-21T17:54:37.065801,2,0.1176,0.0635,0.1176,1.6655,0.6442,0.1547,0.6254,9
2026-03-21T17:54:37.065801,3,0.0766,0.0585,0.0766,1.8996,0.3513,-0.0087,0.3512,10
2026-03-21T17:54:37.135077,0,0.0736,0.0736,0.0488,1.9098,0.5341,0.4153,0.3359,7
2026-03-21T17:54:37.135077,1,0.1309,0.1309,0.1251,1.9840,0.3199,0.1650,0.2741,25
2026-03-21T17:54:37.135077,2,0.1424,0.0592,0.1424,1.6874,0.6387,0.1531,0.6201,9
2026-03-21T17:54:37.135077,3,0.0574,0.0574,0.0533,1.8932,0.3513,-0.0088,0.3512,10
2026-03-21T17:54:37.205817,0,0.0764,0.0764,0.0529,1.9079,0.5417,0.4211,0.3407,7
2026-03-21T17:54:37.205817,1,0.1340,0.1340,0.1027,1.9824,0.3203,0.1653,0.2743,25
2026-03-21T17:54:37.205817,2,0.0858,0.0625,0.0858,1.6328,0.6495,0.1508,0.6317,8
2026-03-21T17:54:37.205817,3,0.0494,0.0494,0.0198,1.8914,0.3474,-0.0121,0.3472,9
2026-03-21T17:54:37.274900,0,0.0670,0.0670,0.0589,1.9045,0.5462,0.4246,0.3436,7
2026-03-21T17:54:37.274900,1,0.1401,0.1401,0.1200,1.9864,0.3206,0.1656,0.2746,25
2026-03-21T17:54:37.274900,2,0.0609,0.0558,0.0609,1.6268,0.6457,0.1557,0.6267,7
2026-03-21T17:54:37.274900,3,0.0487,0.0487,0.0230,1.8956,0.3450,-0.0119,0.3448,9
2026-03-21T17:54:37.344237,0,0.0719,0.0719,0.0600,1.9036,0.5495,0.4271,0.3457,7
2026-03-21T17:54:37.344237,1,0.1447,0.1447,0.1064,1.9899,0.3198,0.1654,0.2738,25
2026-03-21T17:54:37.344237,2,0.1350,0.0602,0.1350,1.6760,0.6427,0.1541,0.6239,9
2026-03-21T17:54:37.344237,3,0.0592,0.0592,0.0408,1.8934,0.3537,-0.0155,0.3534,10
2026-03-21T17:54:37.414811,0,0.0760,0.0760,0.0602,1.9011,0.5511,0.4284,0.3467,7
2026-03-21T17:54:37.414811,1,0.1392,0.1392,0.1092,1.9907,0.3184,0.1645,0.2726,25
2026-03-21T17:54:37.414811,2,0.0809,0.0632,0.0809,1.6337,0.6487,0.1507,0.6310,8
2026-03-21T17:54:37.414811,3,0.0497,0.0497,0.0063,1.8836,0.3533,-0.0185,0.3528,9
2026-03-21T17:54:37.484620,0,0.0797,0.0797,0.0437,1.9013,0.5471,0.4254,0.3440,7
2026-03-21T17:54:37.484620,1,0.1413,0.1413,0.1037,1.9890,0.3195,0.1652,0.2735,25
2026-03-21T17:54:37.484620,2,0.1330,0.0600,0.1330,1.6760,0.6410,0.1538,0.6223,9
2026-03-21T17:54:37.484620,3,0.0508,0.0508,0.0159,1.8762,0.3630,-0.0189,0.3625,9
2026-03-21T17:54:37.554504,0,0.0790,0.0790,0.0514,1.9030,0.5499,0.4276,0.3458,7
2026-03-21T17:54:37.554504,1,0.1275,0.1275,0.1190,1.9873,0.3200,0.1649,0.2742,25
2026-03-21T17:54:37.554504,2,0.1083,0.0520,0.1083,1.6741,0.6367,0.1584,0.6167,8
2026-03-21T17:54:37.554504,3,0.0516,0.0516,0.0398,1.8794,0.3631,-0.0124,0.3629,9
2026-03-21T17:54:37.622962,0,0.0874,0.0874,0.0532,1.8995,0.5554,0.4319,0.3492,7
2026-03-21T17:54:37.622962,1,0.1354,0.1354,0.1208,1.9873,0.3210,0.1656,0.2749,25
2026-03-21T17:54:37.622962,2,0.0628,0.0548,0.0628,1.6325,0.6420,0.1548,0.6231,7
2026-03-21T17:54:37.622962,3,0.0715,0.0607,0.0715,1.8794,0.3684,-0.0091,0.3683,10
2026-03-21T17:54:37.693105,0,0.0614,0.0614,0.0544,1.8913,0.5606,0.4326,0.3565,6
2026-03-21T17:54:37.693105,1,0.1381,0.1381,0.1100,1.9812,0.3215,0.1660,0.2753,25
2026-03-21T17:54:37.693105,2,0.1082,0.0519,0.1082,1.6750,0.6354,0.1582,0.6154,8
2026-03-21T17:54:37.693105,3,0.0753,0.0604,0.0753,1.8762,0.3702,-0.0090,0.3701,10
2026-03-21T17:54:37.763057,0,0.0688,0.0688,0.0199,1.8881,0.5630,0.4379,0.3539,5
2026-03-21T17:54:37.763057,1,0.1305,0.1305,0.1151,1.9872,0.3211,0.1655,0.2751,25
2026-03-21T17:54:37.763057,2,0.0678,0.0532,0.0678,1.6366,0.6440,0.1552,0.6251,7
2026-03-21T17:54:37.763057,3,0.0520,0.0520,0.0146,1.8752,0.3638,-0.0127,0.3636,9
2026-03-21T17:54:37.832326,0,0.0778,0.0778,0.0568,1.8837,0.5776,0.4458,0.3672,6
2026-03-21T17:54:37.832326,1,0.1347,0.1347,0.1178,1.9824,0.3235,0.1670,0.2771,25
2026-03-21T17:54:37.832326,2,0.1045,0.0592,0.1045,1.6328,0.6526,0.1513,0.6348,8
2026-03-21T17:54:37.832326,3,0.0524,0.0524,0.0240,1.8766,0.3657,-0.0127,0.3655,9
2026-03-21T17:54:37.901486,0,0.1432,0.1432,0.1104,1.9816,0.3233,0.1671,0.2768,25
2026-03-21T17:54:37.901486,1,0.0591,0.0555,0.0591,1.6309,0.6453,0.1556,0.6263,7
2026-03-21T17:54:37.901486,2,0.0514,0.0514,0.0170,1.8796,0.3609,-0.0127,0.3606,9
2026-03-21T17:54:37.972413,0,0.1318,0.1318,0.0951,1.9795,0.3217,0.1662,0.2755,25
2026-03-21T17:54:37.972413,1,0.0707,0.0525,0.0707,1.6375,0.6423,0.1548,0.6234,7
2026-03-21T17:54:37.972413,2,0.0694,0.0628,0.0694,1.8814,0.3685,-0.0094,0.3684,10
2026-03-21T17:54:38.041743,0,0.1358,0.1358,0.1200,1.9864,0.3220,0.1663,0.2757,25
2026-03-21T17:54:38.041743,1,0.1313,0.0609,0.1313,1.6693,0.6438,0.1545,0.6250,9
2026-03-21T17:54:38.041743,2,0.0636,0.0636,0.0553,1.8828,0.3693,-0.0098,0.3692,10
2026-03-21T17:54:38.111087,0,0.1333,0.1333,0.1210,1.9856,0.3197,0.1651,0.2738,25
2026-03-21T17:54:38.111087,1,0.1064,0.0586,0.1064,1.6347,0.6522,0.1512,0.6344,8
2026-03-21T17:54:38.111087,2,0.0545,0.0545,0.0460,1.8836,0.3617,-0.0129,0.3615,9
2026-03-21T17:54:38.180881,0,0.1350,0.1350,0.1127,1.9829,0.3204,0.1654,0.2744,25
2026-03-21T17:54:38.180881,1,0.1325,0.0614,0.1325,1.6617,0.6462,0.1551,0.6273,9
2026-03-21T17:54:38.180881,2,0.0626,0.0626,0.0529,1.8808,0.3680,-0.0096,0.3679,10
2026-03-21T17:54:38.249827,0,0.1397,0.1294,0.1397,1.9881,0.3211,0.1651,0.2754,25
2026-03-21T17:54:38.249827,1,0.0949,0.0562,0.0949,1.6608,0.6376,0.1588,0.6175,8
2026-03-21T17:54:38.249827,2,0.0624,0.0624,0.0467,1.8766,0.3686,-0.0096,0.3685,10
2026-03-21T17:54:38.320422,0,0.0847,0.0847,0.0386,1.8755,0.5866,0.4529,0.3727,6
2026-03-21T17:54:38.320422,1,0.1308,0.1308,0.0954,1.9838,0.3210,0.1683,0.2733,24
2026-03-21T17:54:38.320422,2,0.1219,0.0643,0.1219,1.6551,0.6453,0.1550,0.6264,9
2026-03-21T17:54:38.320422,3,0.0622,0.0622,0.0504,1.8814,0.3672,-0.0095,0.3671,10
2026-03-21T17:54:38.389627,0,0.0400,0.0400,0.0372,1.8881,0.5536,0.4241,0.3559,5
2026-03-21T17:54:38.389627,1,0.1264,0.1264,0.1005,1.9889,0.3176,0.1663,0.2705,24
2026-03-21T17:54:38.389627,2,0.0757,0.0616,0.0757,1.6475,0.6391,0.1594,0.6189,8
2026-03-21T17:54:38.389627,3,0.0727,0.0727,0.0695,1.8834,0.3703,-0.0130,0.3701,11
2026-03-21T17:54:38.459646,0,0.0725,0.0725,0.0392,1.8875,0.5611,0.4331,0.3566,6
2026-03-21T17:54:38.459646,1,0.1295,0.1295,0.0999,1.9865,0.3174,0.1663,0.2704,24
2026-03-21T17:54:38.459646,2,0.0644,0.0644,0.0620,1.6465,0.6374,0.1591,0.6172,8
2026-03-21T17:54:38.459646,3,0.0598,0.0598,0.0433,1.8762,0.3640,-0.0093,0.3639,10
2026-03-21T17:54:38.529408,0,0.0860,0.0860,0.0346,1.8782,0.5802,0.4481,0.3686,6
2026-03-21T17:54:38.529408,1,0.1282,0.1282,0.0962,1.9846,0.3178,0.1665,0.2707,24
2026-03-21T17:54:38.529408,2,0.0795,0.0602,0.0795,1.6532,0.6395,0.1594,0.6193,8
2026-03-21T17:54:38.529408,3,0.0516,0.0516,0.0168,1.8802,0.3619,-0.0127,0.3616,9
2026-03-21T17:54:38.599558,0,0.0881,0.0881,0.0364,1.8692,0.5936,0.4583,0.3771,6
2026-03-21T17:54:38.599558,1,0.1317,0.1317,0.0994,1.9888,0.3180,0.1666,0.2708,24
2026-03-21T17:54:38.599558,2,0.0856,0.0597,0.0856,1.6475,0.6410,0.1597,0.6208,8
2026-03-21T17:54:38.599558,3,0.0505,0.0505,0.0148,1.8812,0.3591,-0.0126,0.3589,9
2026-03-21T17:54:38.669331,0,0.1228,0.1228,0.0478,1.8781,0.5813,0.4430,0.3764,7
2026-03-21T17:54:38.669331,1,0.1282,0.1282,0.1026,1.9864,0.3178,0.1665,0.2706,24
2026-03-21T17:54:38.669331,2,0.1131,0.0658,0.1131,1.6551,0.6457,0.1551,0.6268,9
2026-03-21T17:54:38.669331,3,0.0599,0.0599,0.0577,1.8846,0.3647,-0.0093,0.3646,10
2026-03-21T17:54:38.739027,0,0.0858,0.0858,0.0355,1.8891,0.5606,0.4329,0.3562,6
2026-03-21T17:54:38.739027,1,0.1287,0.1287,0.1018,1.9865,0.3183,0.1666,0.2712,24
2026-03-21T17:54:38.739027,2,0.1193,0.0663,0.1193,1.6446,0.6482,0.1557,0.6292,9
2026-03-21T17:54:38.739027,3,0.0625,0.0625,0.0485,1.8814,0.3662,-0.0096,0.3661,10
2026-03-21T17:54:38.808399,0,0.1186,0.1186,0.0265,1.8968,0.5364,0.4089,0.3471,7
2026-03-21T17:54:38.808399,1,0.1285,0.1285,0.0944,1.9876,0.3185,0.1667,0.2714,24
2026-03-21T17:54:38.808399,2,0.0643,0.0643,0.0640,1.6446,0.6391,0.1594,0.6189,8
2026-03-21T17:54:38.808399,3,0.0622,0.0622,0.0523,1.8888,0.3663,-0.0097,0.3662,10
2026-03-21T17:54:38.808399,4,0.0796,0.0162,0.0796,1.7197,0.6110,-0.2864,0.5398,5
2026-03-21T17:54:38.878203,0,0.0674,0.0674,0.0637,1.9011,0.5411,0.4145,0.3478,7
2026-03-21T17:54:38.878203,1,0.1244,0.1244,0.0975,1.9897,0.3173,0.1661,0.2704,24
2026-03-21T17:54:38.878203,2,0.0920,0.0569,0.0920,1.6598,0.6367,0.1587,0.6167,8
2026-03-21T17:54:38.878203,3,0.0620,0.0620,0.0564,1.8864,0.3669,-0.0096,0.3668,10
2026-03-21T17:54:38.878203,4,0.0781,0.0233,0.0781,1.7163,0.6140,-0.2878,0.5424,5
2026-03-21T17:54:38.948405,0,0.0631,0.0631,0.0512,1.9057,0.5295,0.4057,0.3403,7
2026-03-21T17:54:38.948405,1,0.1278,0.1278,0.0919,1.9841,0.3205,0.1678,0.2731,24
2026-03-21T17:54:38.948405,2,0.0816,0.0602,0.0816,1.6494,0.6386,0.1592,0.6185,8
2026-03-21T17:54:38.948405,3,0.0625,0.0625,0.0559,1.8908,0.3651,-0.0096,0.3650,10
2026-03-21T17:54:38.948405,4,0.0683,0.0259,0.0683,1.7120,0.6116,-0.2868,0.5402,5
2026-03-21T17:54:39.017766,0,0.0727,0.0727,0.0590,1.9020,0.5368,0.4113,0.3450,7
2026-03-21T17:54:39.017766,1,0.1260,0.1260,0.0964,1.9848,0.3167,0.1659,0.2698,24
2026-03-21T17:54:39.017766,2,0.1181,0.0652,0.1181,1.6532,0.6478,0.1556,0.6288,9
2026-03-21T17:54:39.017766,3,0.0617,0.0617,0.0469,1.8854,0.3644,-0.0096,0.3643,10
2026-03-21T17:54:39.017766,4,0.0584,0.0264,0.0584,1.7102,0.6124,-0.2872,0.5409,5
2026-03-21T17:54:39.087531,0,0.1315,0.1315,0.1078,1.9897,0.3185,0.1667,0.2714,24
2026-03-21T17:54:39.087531,1,0.0747,0.0617,0.0747,1.6484,0.6402,0.1597,0.6200,8
2026-03-21T17:54:39.087531,2,0.0619,0.0619,0.0420,1.8786,0.3669,-0.0098,0.3668,10
2026-03-21T17:54:39.087531,3,0.0512,0.0267,0.0512,1.7119,0.6086,-0.2855,0.5375,5
2026-03-21T17:54:39.157280,0,0.1312,0.1298,0.1312,1.9816,0.3223,0.1659,0.2763,25
2026-03-21T17:54:39.157280,1,0.0795,0.0604,0.0795,1.6513,0.6396,0.1594,0.6194,8
2026-03-21T17:54:39.157280,2,0.0611,0.0611,0.0415,1.8814,0.3648,-0.0096,0.3647,10
2026-03-21T17:54:39.157280,3,0.0610,0.0257,0.0610,1.7136,0.6094,-0.2858,0.5382,5
2026-03-21T17:54:39.225985,0,0.1267,0.1267,0.0992,1.9857,0.3197,0.1675,0.2723,24
2026-03-21T17:54:39.225985,1,0.0795,0.0602,0.0795,1.6532,0.6356,0.1585,0.6155,8
2026-03-21T17:54:39.225985,2,0.0626,0.0626,0.0567,1.8876,0.3688,-0.0096,0.3687,10
2026-03-21T17:54:39.225985,3,0.0556,0.0258,0.0556,1.7128,0.6098,-0.2860,0.5386,5
2026-03-21T17:54:39.295901,0,0.0580,0.0580,0.0449,1.8718,0.5858,0.4488,0.3765,5
2026-03-21T17:54:39.295901,1,0.1401,0.1282,0.1401,1.9857,0.3230,0.1661,0.2770,25
2026-03-21T17:54:39.295901,2,0.0786,0.0606,0.0786,1.6513,0.6407,0.1597,0.6205,8
2026-03-21T17:54:39.295901,3,0.0622,0.0622,0.0565,1.8904,0.3669,-0.0097,0.3668,10
2026-03-21T17:54:39.295901,4,0.0495,0.0256,0.0495,1.7076,0.6110,-0.2866,0.5396,5
2026-03-21T17:54:39.365975,0,0.0619,0.0619,0.0475,1.8743,0.5810,0.4451,0.3734,5
2026-03-21T17:54:39.365975,1,0.1282,0.1282,0.0893,1.9824,0.3188,0.1671,0.2715,24
2026-03-21T17:54:39.365975,2,0.0833,0.0592,0.0833,1.6551,0.6377,0.1589,0.6176,8
2026-03-21T17:54:39.365975,3,0.0621,0.0621,0.0420,1.8786,0.3684,-0.0097,0.3683,10
2026-03-21T17:54:39.365975,4,0.0484,0.0249,0.0484,1.7128,0.6096,-0.2860,0.5384,5
2026-03-21T17:54:39.436358,0,0.0612,0.0612,0.0475,1.8737,0.5832,0.4468,0.3748,5
2026-03-21T17:54:39.436358,1,0.1227,0.1227,0.0960,1.9864,0.3189,0.1672,0.2715,24
2026-03-21T17:54:39.436358,2,0.0863,0.0588,0.0863,1.6532,0.6380,0.1590,0.6179,8
2026-03-21T17:54:39.436358,3,0.0623,0.0623,0.0405,1.8764,0.3694,-0.0098,0.3693,10
2026-03-21T17:54:39.436358,4,0.0496,0.0280,0.0496,1.7067,0.6116,-0.2869,0.5401,5
2026-03-21T17:54:39.505043,0,0.1400,0.1323,0.1400,1.9866,0.3201,0.1646,0.2746,25
2026-03-21T17:54:39.505043,1,0.0706,0.0616,0.0706,1.6551,0.6370,0.1589,0.6169,8
2026-03-21T17:54:39.505043,2,0.0635,0.0635,0.0449,1.8739,0.3720,-0.0098,0.3719,10
2026-03-21T17:54:39.505043,3,0.0547,0.0244,0.0547,1.7128,0.6112,-0.2867,0.5398,5
2026-03-21T17:54:39.574268,0,0.1393,0.1393,0.0329,1.8812,0.5658,0.4315,0.3660,7
2026-03-21T17:54:39.574268,1,0.1295,0.1295,0.0988,1.9872,0.3173,0.1663,0.2703,24
2026-03-21T17:54:39.574268,2,0.1289,0.0633,0.1289,1.6532,0.6480,0.1555,0.6291,9
2026-03-21T17:54:39.574268,3,0.0627,0.0627,0.0477,1.8816,0.3669,-0.0097,0.3668,10
2026-03-21T17:54:39.574268,4,0.0505,0.0267,0.0505,1.7050,0.6136,-0.2878,0.5419,5
2026-03-21T17:54:39.644652,0,0.0784,0.0784,0.0279,1.8882,0.5554,0.4289,0.3529,6
2026-03-21T17:54:39.644652,1,0.1315,0.1315,0.0889,1.9829,0.3181,0.1667,0.2709,24
2026-03-21T17:54:39.644652,2,0.0786,0.0609,0.0786,1.6484,0.6394,0.1593,0.6192,8
2026-03-21T17:54:39.644652,3,0.0619,0.0619,0.0439,1.8814,0.3645,-0.0096,0.3644,10
2026-03-21T17:54:39.644652,4,0.0584,0.0241,0.0584,1.7102,0.6140,-0.2880,0.5423,5
2026-03-21T17:54:39.714498,0,0.1043,0.1043,0.0509,1.8818,0.5646,0.4302,0.3657,7
2026-03-21T17:54:39.714498,1,0.1265,0.1265,0.0912,1.9852,0.3169,0.1661,0.2699,24
2026-03-21T17:54:39.714498,2,0.0834,0.0595,0.0834,1.6522,0.6379,0.1590,0.6177,8
2026-03-21T17:54:39.714498,3,0.0624,0.0624,0.0495,1.8824,0.3668,-0.0096,0.3667,10
2026-03-21T17:54:39.714498,4,0.0701,0.0218,0.0701,1.7110,0.6154,-0.2885,0.5436,5
2026-03-21T17:54:39.784876,0,0.1455,0.1312,0.1455,1.9864,0.3222,0.1658,0.2763,25
2026-03-21T17:54:39.784876,1,0.0806,0.0603,0.0806,1.6503,0.6360,0.1585,0.6159,8
2026-03-21T17:54:39.784876,2,0.0614,0.0614,0.0415,1.8794,0.3654,-0.0096,0.3653,10
2026-03-21T17:54:39.784876,3,0.0826,0.0188,0.0826,1.7110,0.6206,-0.2909,0.5482,5
2026-03-21T17:54:39.853626,0,0.1307,0.1307,0.1010,1.9857,0.3165,0.1658,0.2695,24
2026-03-21T17:54:39.853626,1,0.1192,0.0656,0.1192,1.6494,0.6464,0.1552,0.6276,9
2026-03-21T17:54:39.853626,2,0.0624,0.0624,0.0418,1.8754,0.3688,-0.0098,0.3687,10
2026-03-21T17:54:39.923216,0,0.1253,0.1253,0.1020,1.9857,0.3199,0.1675,0.2726,24
2026-03-21T17:54:39.923216,1,0.0900,0.0571,0.0900,1.6608,0.6369,0.1587,0.6168,8
2026-03-21T17:54:39.923216,2,0.0620,0.0620,0.0413,1.8779,0.3681,-0.0098,0.3680,10
2026-03-21T17:54:39.993177,0,0.0474,0.0474,0.0341,1.8837,0.5620,0.4306,0.3612,5
2026-03-21T17:54:39.993177,1,0.1346,0.1346,0.0876,1.9826,0.3202,0.1679,0.2727,24
2026-03-21T17:54:39.993177,2,0.1231,0.0649,0.1231,1.6494,0.6473,0.1554,0.6284,9
2026-03-21T17:54:39.993177,3,0.0629,0.0629,0.0555,1.8824,0.3679,-0.0096,0.3678,10
2026-03-21T17:54:40.062511,0,0.0826,0.0826,0.0265,1.8875,0.5587,0.4315,0.3550,6
2026-03-21T17:54:40.062511,1,0.1325,0.1325,0.0993,1.9915,0.3184,0.1669,0.2711,24
2026-03-21T17:54:40.062511,2,0.1231,0.0648,0.1231,1.6503,0.6464,0.1552,0.6275,9
2026-03-21T17:54:40.062511,3,0.0621,0.0621,0.0484,1.8794,0.3670,-0.0095,0.3669,10
2026-03-21T17:54:40.132434,0,0.1189,0.1189,0.0339,1.8976,0.5398,0.4115,0.3494,7
2026-03-21T17:54:40.132434,1,0.1302,0.1302,0.1025,1.9881,0.3183,0.1668,0.2711,24
2026-03-21T17:54:40.132434,2,0.0844,0.0592,0.0844,1.6532,0.6400,0.1595,0.6198,8
2026-03-21T17:54:40.132434,3,0.0625,0.0625,0.0425,1.8764,0.3684,-0.0097,0.3683,10
2026-03-21T17:54:40.202723,0,0.0677,0.0677,0.0579,1.8988,0.5441,0.4168,0.3497,7
2026-03-21T17:54:40.202723,1,0.1309,0.1309,0.1040,1.9897,0.3174,0.1662,0.2705,24
2026-03-21T17:54:40.202723,2,0.0666,0.0666,0.0554,1.6399,0.6391,0.1595,0.6189,8
2026-03-21T17:54:40.202723,3,0.0626,0.0626,0.0529,1.8799,0.3678,-0.0097,0.3677,10
2026-03-21T17:54:40.271857,0,0.0728,0.0728,0.0619,1.9089,0.5339,0.4091,0.3431,7
2026-03-21T17:54:40.271857,1,0.1254,0.1254,0.0962,1.9856,0.3180,0.1666,0.2708,24
2026-03-21T17:54:40.271857,2,0.0645,0.0645,0.0641,1.6427,0.6395,0.1596,0.6193,8
2026-03-21T17:54:40.271857,3,0.0628,0.0628,0.0523,1.8842,0.3693,-0.0096,0.3692,10
2026-03-21T17:54:40.340844,0,0.0622,0.0622,0.0224,1.9001,0.5371,0.4147,0.3413,6
2026-03-21T17:54:40.340844,1,0.1275,0.1275,0.0855,1.9899,0.3173,0.1662,0.2703,24
2026-03-21T17:54:40.340844,2,0.0670,0.0636,0.0670,1.6456,0.6389,0.1593,0.6187,8
2026-03-21T17:54:40.340844,3,0.0623,0.0623,0.0438,1.8804,0.3665,-0.0097,0.3664,10
2026-03-21T17:54:40.410811,0,0.1255,0.1255,0.0990,1.9865,0.3164,0.1657,0.2695,24
2026-03-21T17:54:40.410811,1,0.1183,0.0662,0.1183,1.6465,0.6483,0.1557,0.6294,9
2026-03-21T17:54:40.410811,2,0.0617,0.0617,0.0429,1.8834,0.3651,-0.0096,0.3650,10
2026-03-21T17:54:40.480571,0,0.1241,0.1241,0.0916,1.9866,0.3177,0.1665,0.2706,24
2026-03-21T17:54:40.480571,1,0.0816,0.0604,0.0816,1.6484,0.6395,0.1594,0.6193,8
2026-03-21T17:54:40.480571,2,0.0621,0.0621,0.0445,1.8814,0.3655,-0.0096,0.3654,10
2026-03-21T17:54:40.550648,0,0.1375,0.1278,0.1375,1.9870,0.3205,0.1650,0.2748,25
2026-03-21T17:54:40.550648,1,0.0911,0.0572,0.0911,1.6589,0.6356,0.1583,0.6156,8
2026-03-21T17:54:40.550648,2,0.0619,0.0619,0.0463,1.8832,0.3665,-0.0095,0.3664,10
2026-03-21T17:54:40.619791,0,0.1344,0.1344,0.0969,1.9872,0.3195,0.1675,0.2721,24
2026-03-21T17:54:40.619791,1,0.0746,0.0611,0.0746,1.6532,0.6382,0.1592,0.6181,8
2026-03-21T17:54:40.619791,2,0.0623,0.0623,0.0561,1.8877,0.3622,-0.0096,0.3621,10
2026-03-21T17:54:40.689270,0,0.0668,0.0668,0.0459,1.8661,0.5916,0.4533,0.3802,5
2026-03-21T17:54:40.689270,1,0.1274,0.1274,0.0963,1.9866,0.3183,0.1667,0.2711,24
2026-03-21T17:54:40.689270,2,0.0716,0.0617,0.0716,1.6532,0.6386,0.1592,0.6184,8
2026-03-21T17:54:40.689270,3,0.0627,0.0627,0.0552,1.8818,0.3661,-0.0098,0.3660,10
2026-03-21T17:54:40.759217,0,0.1303,0.1303,0.0954,1.9857,0.3184,0.1669,0.2711,24
2026-03-21T17:54:40.759217,1,0.0658,0.0632,0.0658,1.6503,0.6385,0.1592,0.6183,8
2026-03-21T17:54:40.759217,2,0.0621,0.0621,0.0510,1.8826,0.3669,-0.0099,0.3668,10
2026-03-21T17:54:40.828879,0,0.1271,0.1271,0.0942,1.9864,0.3191,0.1673,0.2717,24
2026-03-21T17:54:40.828879,1,0.0844,0.0594,0.0844,1.6513,0.6396,0.1595,0.6194,8
2026-03-21T17:54:40.828879,2,0.0621,0.0621,0.0480,1.8806,0.3650,-0.0098,0.3649,10
2026-03-21T17:54:40.898896,0,0.1394,0.1316,0.1394,1.9832,0.3219,0.1657,0.2760,25
2026-03-21T17:54:40.898896,1,0.0796,0.0607,0.0796,1.6484,0.6409,0.1597,0.6206,8
2026-03-21T17:54:40.898896,2,0.0616,0.0616,0.0408,1.8774,0.3659,-0.0097,0.3658,10
2026-03-21T17:54:40.968718,0,0.0787,0.0787,0.0529,1.8610,0.6042,0.4630,0.3883,5
2026-03-21T17:54:40.968718,1,0.1390,0.1275,0.1390,1.9856,0.3223,0.1658,0.2764,25
2026-03-21T17:54:40.968718,2,0.0825,0.0601,0.0825,1.6494,0.6380,0.1590,0.6179,8
2026-03-21T17:54:40.968718,3,0.0620,0.0620,0.0489,1.8834,0.3653,-0.0098,0.3652,10
2026-03-21T17:54:41.038576,0,0.1322,0.1322,0.0981,1.9828,0.3190,0.1672,0.2717,24
2026-03-21T17:54:41.038576,1,0.1096,0.0684,0.1096,1.6418,0.6482,0.1557,0.6292,9
2026-03-21T17:54:41.038576,2,0.0617,0.0617,0.0611,1.8947,0.3636,-0.0096,0.3635,10
2026-03-21T17:54:41.108590,0,0.0611,0.0611,0.0487,1.8615,0.6024,0.4615,0.3871,5
2026-03-21T17:54:41.108590,1,0.1271,0.1271,0.1054,1.9891,0.3174,0.1661,0.2704,24
2026-03-21T17:54:41.108590,2,0.0698,0.0628,0.0698,1.6475,0.6396,0.1595,0.6194,8
2026-03-21T17:54:41.108590,3,0.0630,0.0630,0.0528,1.8794,0.3660,-0.0097,0.3659,10
2026-03-21T17:54:41.179374,0,0.0689,0.0689,0.0554,1.8602,0.6072,0.4652,0.3902,5
2026-03-21T17:54:41.179374,1,0.1278,0.1278,0.1006,1.9881,0.3175,0.1664,0.2703,24
2026-03-21T17:54:41.179374,2,0.1270,0.0640,0.1270,1.6513,0.6483,0.1555,0.6294,9
2026-03-21T17:54:41.179374,3,0.0626,0.0626,0.0563,1.8848,0.3621,-0.0096,0.3620,10
2026-03-21T17:54:41.248757,0,0.0640,0.0640,0.0506,1.8628,0.5988,0.4588,0.3849,5
2026-03-21T17:54:41.248757,1,0.1346,0.1346,0.1024,1.9889,0.3179,0.1667,0.2708,24
2026-03-21T17:54:41.248757,2,0.1250,0.0642,0.1250,1.6522,0.6463,0.1552,0.6274,9
2026-03-21T17:54:41.248757,3,0.0508,0.0508,0.0325,1.8824,0.3586,-0.0061,0.3586,9
2026-03-21T17:54:41.318538,0,0.1240,0.1240,0.0970,1.9883,0.3175,0.1662,0.2705,24
2026-03-21T17:54:41.318538,1,0.0912,0.0575,0.0912,1.6560,0.6356,0.1583,0.6156,8
2026-03-21T17:54:41.318538,2,0.0622,0.0622,0.0503,1.8848,0.3646,-0.0097,0.3645,10
2026-03-21T17:54:41.387339,0,0.0741,0.0741,0.0559,1.8640,0.6038,0.4626,0.3880,5
2026-03-21T17:54:41.387339,1,0.1247,0.1247,0.0939,1.9833,0.3170,0.1660,0.2700,24
2026-03-21T17:54:41.387339,2,0.0834,0.0594,0.0834,1.6532,0.6356,0.1584,0.6156,8
2026-03-21T17:54:41.387339,3,0.0625,0.0625,0.0598,1.8854,0.3631,-0.0099,0.3630,10
2026-03-21T17:54:41.457310,0,0.0750,0.0750,0.0520,1.8615,0.6046,0.4633,0.3885,5
2026-03-21T17:54:41.457310,1,0.1460,0.1246,0.1460,1.9889,0.3199,0.1645,0.2744,25
2026-03-21T17:54:41.457310,2,0.0687,0.0625,0.0687,1.6513,0.6367,0.1588,0.6166,8
2026-03-21T17:54:41.457310,3,0.0505,0.0505,0.0180,1.8838,0.3571,-0.0061,0.3570,9
2026-03-21T17:54:41.526280,0,0.0673,0.0673,0.0447,1.8602,0.6028,0.4619,0.3873,5
2026-03-21T17:54:41.526280,1,0.1273,0.1273,0.1045,1.9864,0.3196,0.1671,0.2724,24
2026-03-21T17:54:41.526280,2,0.0678,0.0629,0.0678,1.6494,0.6367,0.1588,0.6166,8
2026-03-21T17:54:41.526280,3,0.0627,0.0627,0.0562,1.8818,0.3648,-0.0097,0.3647,10
2026-03-21T17:54:41.595406,0,0.1340,0.1340,0.0858,1.9837,0.3178,0.1666,0.2706,24
2026-03-21T17:54:41.595406,1,0.0690,0.0634,0.0690,1.6437,0.6390,0.1594,0.6188,8
2026-03-21T17:54:41.595406,2,0.0514,0.0514,0.0307,1.8796,0.3594,-0.0061,0.3594,9
2026-03-21T17:54:41.665096,0,0.1337,0.1337,0.0824,1.9868,0.3175,0.1665,0.2703,24
2026-03-21T17:54:41.665096,1,0.0825,0.0601,0.0825,1.6494,0.6397,0.1594,0.6195,8
2026-03-21T17:54:41.665096,2,0.0622,0.0622,0.0513,1.8838,0.3671,-0.0098,0.3670,10
2026-03-21T17:54:41.734826,0,0.0697,0.0697,0.0454,1.8636,0.6010,0.4605,0.3862,5
2026-03-21T17:54:41.734826,1,0.1282,0.1282,0.0903,1.9872,0.3162,0.1659,0.2692,24
2026-03-21T17:54:41.734826,2,0.0899,0.0568,0.0899,1.6636,0.6360,0.1584,0.6159,8
2026-03-21T17:54:41.734826,3,0.0612,0.0612,0.0391,1.8806,0.3650,-0.0097,0.3649,10
2026-03-21T17:54:41.805956,0,0.1427,0.1273,0.1427,1.9864,0.3224,0.1659,0.2764,25
2026-03-21T17:54:41.805956,1,0.1007,0.0547,0.1007,1.6636,0.6380,0.1588,0.6179,8
2026-03-21T17:54:41.805956,2,0.0616,0.0616,0.0415,1.8824,0.3661,-0.0097,0.3660,10
2026-03-21T17:54:41.874726,0,0.1284,0.1284,0.0910,1.9832,0.3196,0.1674,0.2722,24
2026-03-21T17:54:41.874726,1,0.0786,0.0609,0.0786,1.6484,0.6372,0.1588,0.6171,8
2026-03-21T17:54:41.874726,2,0.0621,0.0621,0.0491,1.8857,0.3635,-0.0095,0.3634,10
2026-03-21T17:54:41.944344,0,0.1330,0.1330,0.0964,1.9829,0.3187,0.1670,0.2715,24
2026-03-21T17:54:41.944344,1,0.1220,0.0647,0.1220,1.6522,0.6468,0.1553,0.6279,9
2026-03-21T17:54:41.944344,2,0.0622,0.0622,0.0489,1.8834,0.3663,-0.0098,0.3662,10
2026-03-21T17:54:42.014094,0,0.1357,0.1357,0.0949,1.9833,0.3189,0.1672,0.2715,24
2026-03-21T17:54:42.014094,1,0.0767,0.0614,0.0767,1.6475,0.6385,0.1592,0.6183,8
2026-03-21T17:54:42.014094,2,0.0516,0.0516,0.0275,1.8764,0.3622,-0.0062,0.3621,9
2026-03-21T17:54:42.084154,0,0.1285,0.1285,0.1007,1.9892,0.3193,0.1673,0.2720,24
2026-03-21T17:54:42.084154,1,0.1221,0.0648,0.1221,1.6513,0.6452,0.1549,0.6264,9
2026-03-21T17:54:42.084154,2,0.0624,0.0624,0.0548,1.8844,0.3659,-0.0098,0.3658,10
2026-03-21T17:54:42.154309,0,0.1228,0.1228,0.1087,1.9915,0.3164,0.1656,0.2696,24
2026-03-21T17:54:42.154309,1,0.0645,0.0645,0.0621,1.6456,0.6380,0.1592,0.6178,8
2026-03-21T17:54:42.154309,2,0.0514,0.0514,0.0395,1.8874,0.3617,-0.0061,0.3617,9
2026-03-21T17:54:42.224518,0,0.1434,0.1295,0.1434,1.9872,0.3218,0.1656,0.2760,25
2026-03-21T17:54:42.224518,1,0.0844,0.0593,0.0844,1.6522,0.6379,0.1590,0.6177,8
2026-03-21T17:54:42.224518,2,0.0625,0.0625,0.0468,1.8814,0.3660,-0.0097,0.3659,10
2026-03-21T17:54:42.294167,0,0.1240,0.1240,0.0934,1.9837,0.3190,0.1671,0.2718,24
2026-03-21T17:54:42.294167,1,0.1240,0.0642,0.1240,1.6532,0.6447,0.1547,0.6258,9
2026-03-21T17:54:42.294167,2,0.0620,0.0620,0.0483,1.8818,0.3662,-0.0099,0.3661,10
2026-03-21T17:54:42.364003,0,0.1476,0.1243,0.1476,1.9904,0.3223,0.1657,0.2764,25
2026-03-21T17:54:42.364003,1,0.1210,0.0647,0.1210,1.6532,0.6473,0.1554,0.6284,9
2026-03-21T17:54:42.364003,2,0.0628,0.0628,0.0553,1.8838,0.3668,-0.0098,0.3667,10
2026-03-21T17:54:42.433293,0,0.1322,0.1322,0.0919,1.9832,0.3194,0.1674,0.2720,24
2026-03-21T17:54:42.433293,1,0.1181,0.0655,0.1181,1.6513,0.6477,0.1555,0.6287,9
2026-03-21T17:54:42.433293,2,0.0622,0.0622,0.0518,1.8814,0.3653,-0.0099,0.3652,10
2026-03-21T17:54:42.503213,0,0.1309,0.1309,0.1008,1.9864,0.3186,0.1669,0.2714,24
2026-03-21T17:54:42.503213,1,0.0922,0.0574,0.0922,1.6551,0.6396,0.1593,0.6194,8
2026-03-21T17:54:42.503213,2,0.0626,0.0626,0.0580,1.8876,0.3666,-0.0098,0.3665,10
2026-03-21T17:54:42.571258,0,0.1343,0.1343,0.0959,1.9872,0.3190,0.1674,0.2716,24
2026-03-21T17:54:42.571258,1,0.0815,0.0601,0.0815,1.6503,0.6404,0.1596,0.6201,8
2026-03-21T17:54:42.571258,2,0.0632,0.0626,0.0632,1.8918,0.3638,-0.0096,0.3637,10
2026-03-21T17:54:42.641651,0,0.1342,0.1342,0.0948,1.9832,0.3202,0.1679,0.2727,24
2026-03-21T17:54:42.641651,1,0.0787,0.0612,0.0787,1.6465,0.6411,0.1598,0.6209,8
2026-03-21T17:54:42.641651,2,0.0516,0.0516,0.0240,1.8779,0.3622,-0.0062,0.3621,9
2026-03-21T17:54:42.710678,0,0.1456,0.1268,0.1456,1.9912,0.3209,0.1650,0.2753,25
2026-03-21T17:54:42.710678,1,0.1220,0.0647,0.1220,1.6522,0.6471,0.1553,0.6282,9
2026-03-21T17:54:42.710678,2,0.0514,0.0514,0.0417,1.8926,0.3597,-0.0060,0.3597,9
2026-03-21T17:54:42.779962,0,0.1271,0.1271,0.0921,1.9824,0.3201,0.1676,0.2727,24
2026-03-21T17:54:42.779962,1,0.0718,0.0623,0.0718,1.6484,0.6391,0.1594,0.6189,8
2026-03-21T17:54:42.779962,2,0.0630,0.0630,0.0586,1.8812,0.3672,-0.0099,0.3671,10
2026-03-21T17:54:42.850389,0,0.1499,0.1295,0.1499,1.9880,0.3229,0.1660,0.2770,25
2026-03-21T17:54:42.850389,1,0.1299,0.0633,0.1299,1.6522,0.6477,0.1554,0.6287,9
2026-03-21T17:54:42.850389,2,0.0516,0.0516,0.0355,1.8814,0.3587,-0.0060,0.3587,9
2026-03-21T17:54:42.919637,0,0.1359,0.1359,0.1046,1.9864,0.3191,0.1674,0.2717,24
2026-03-21T17:54:42.919637,1,0.0756,0.0612,0.0756,1.6513,0.6394,0.1594,0.6192,8
2026-03-21T17:54:42.919637,2,0.0619,0.0619,0.0538,1.8844,0.3624,-0.0098,0.3623,10
2026-03-21T17:54:42.988546,0,0.1356,0.1356,0.0976,1.9832,0.3184,0.1670,0.2711,24
2026-03-21T17:54:42.988546,1,0.1249,0.0639,0.1249,1.6541,0.6444,0.1546,0.6256,9
2026-03-21T17:54:42.988546,2,0.0615,0.0615,0.0408,1.8814,0.3654,-0.0098,0.3653,10
2026-03-21T17:54:43.059584,0,0.1269,0.1269,0.0998,1.9864,0.3183,0.1667,0.2711,24
2026-03-21T17:54:43.059584,1,0.0786,0.0607,0.0786,1.6503,0.6372,0.1589,0.6171,8
2026-03-21T17:54:43.059584,2,0.0630,0.0630,0.0577,1.8814,0.3659,-0.0098,0.3658,10
2026-03-21T17:54:43.129981,0,0.0653,0.0653,0.0492,1.8640,0.5946,0.4555,0.3822,5
2026-03-21T17:54:43.129981,1,0.1306,0.1306,0.0989,1.9873,0.3178,0.1666,0.2706,24
2026-03-21T17:54:43.129981,2,0.1182,0.0657,0.1182,1.6503,0.6462,0.1552,0.6273,9
2026-03-21T17:54:43.129981,3,0.0626,0.0626,0.0580,1.8866,0.3646,-0.0096,0.3645,10
2026-03-21T17:54:43.199707,0,0.1344,0.1344,0.0917,1.9848,0.3180,0.1667,0.2708,24
2026-03-21T17:54:43.199707,1,0.0825,0.0601,0.0825,1.6494,0.6387,0.1591,0.6186,8
2026-03-21T17:54:43.199707,2,0.0624,0.0624,0.0548,1.8834,0.3649,-0.0097,0.3648,10
2026-03-21T17:54:43.271174,0,0.0554,0.0554,0.0433,1.8615,0.5966,0.4571,0.3834,5
2026-03-21T17:54:43.271174,1,0.1257,0.1257,0.0953,1.9846,0.3196,0.1675,0.2722,24
2026-03-21T17:54:43.271174,2,0.0765,0.0605,0.0765,1.6551,0.6391,0.1593,0.6189,8
2026-03-21T17:54:43.271174,3,0.0622,0.0622,0.0483,1.8789,0.3650,-0.0098,0.3649,10
2026-03-21T17:54:43.339287,0,0.1278,0.1278,0.0956,1.9849,0.3191,0.1671,0.2719,24
2026-03-21T17:54:43.339287,1,0.0777,0.0612,0.0777,1.6475,0.6401,0.1596,0.6199,8
2026-03-21T17:54:43.339287,2,0.0626,0.0626,0.0478,1.8794,0.3653,-0.0097,0.3652,10
2026-03-21T17:54:43.409854,0,0.1277,0.1277,0.0968,1.9852,0.3213,0.1682,0.2738,24
2026-03-21T17:54:43.409854,1,0.1171,0.0656,0.1171,1.6522,0.6470,0.1553,0.6281,9
2026-03-21T17:54:43.409854,2,0.0621,0.0621,0.0523,1.8858,0.3655,-0.0097,0.3654,10
2026-03-21T17:54:43.477980,0,0.1413,0.1198,0.1413,1.9898,0.3202,0.1646,0.2747,25
2026-03-21T17:54:43.477980,1,0.1288,0.0629,0.1288,1.6560,0.6471,0.1553,0.6282,9
2026-03-21T17:54:43.477980,2,0.0624,0.0624,0.0499,1.8834,0.3662,-0.0097,0.3661,10
2026-03-21T17:54:43.546974,0,0.1284,0.1284,0.0908,1.9840,0.3176,0.1665,0.2704,24
2026-03-21T17:54:43.546974,1,0.0882,0.0581,0.0882,1.6560,0.6370,0.1587,0.6169,8
2026-03-21T17:54:43.546974,2,0.0616,0.0616,0.0419,1.8824,0.3664,-0.0096,0.3663,10
2026-03-21T17:54:43.616548,0,0.1281,0.1281,0.0928,1.9850,0.3187,0.1669,0.2715,24
2026-03-21T17:54:43.616548,1,0.0643,0.0643,0.0620,1.6475,0.6402,0.1597,0.6200,8
2026-03-21T17:54:43.616548,2,0.0626,0.0626,0.0523,1.8828,0.3649,-0.0097,0.3648,10
2026-03-21T17:54:43.685909,0,0.1278,0.1278,0.0934,1.9856,0.3192,0.1672,0.2719,24
2026-03-21T17:54:43.685909,1,0.0844,0.0592,0.0844,1.6532,0.6392,0.1593,0.6191,8
2026-03-21T17:54:43.685909,2,0.0626,0.0626,0.0503,1.8799,0.3666,-0.0098,0.3665,10
2026-03-21T17:54:43.755835,0,0.1226,0.1226,0.0984,1.9850,0.3178,0.1664,0.2707,24
2026-03-21T17:54:43.755835,1,0.1356,0.0613,0.1356,1.6589,0.6462,0.1550,0.6274,9
2026-03-21T17:54:43.755835,2,0.0627,0.0627,0.0528,1.8774,0.3664,-0.0099,0.3663,10
2026-03-21T17:54:43.826247,0,0.1275,0.1275,0.0953,1.9856,0.3174,0.1663,0.2703,24
2026-03-21T17:54:43.826247,1,0.1240,0.0642,0.1240,1.6532,0.6480,0.1556,0.6290,9
2026-03-21T17:54:43.826247,2,0.0628,0.0628,0.0516,1.8772,0.3686,-0.0099,0.3685,10
2026-03-21T17:54:43.895685,0,0.0694,0.0694,0.0493,1.8621,0.5988,0.4588,0.3848,5
2026-03-21T17:54:43.895685,1,0.1309,0.1309,0.0946,1.9840,0.3196,0.1675,0.2722,24
2026-03-21T17:54:43.895685,2,0.0977,0.0550,0.0977,1.6655,0.6381,0.1589,0.6180,8
2026-03-21T17:54:43.895685,3,0.0630,0.0630,0.0538,1.8834,0.3647,-0.0096,0.3646,10
2026-03-21T17:54:43.965543,0,0.1280,0.1280,0.1134,1.9897,0.3196,0.1673,0.2723,24
2026-03-21T17:54:43.965543,1,0.1280,0.0638,0.1280,1.6513,0.6470,0.1553,0.6281,9
2026-03-21T17:54:43.965543,2,0.0623,0.0623,0.0538,1.8834,0.3657,-0.0099,0.3656,10
2026-03-21T17:54:44.035204,0,0.0655,0.0655,0.0426,1.8661,0.5944,0.4555,0.3819,5
2026-03-21T17:54:44.035204,1,0.1301,0.1301,0.1010,1.9838,0.3197,0.1676,0.2723,24
2026-03-21T17:54:44.035204,2,0.0679,0.0630,0.0679,1.6484,0.6382,0.1592,0.6181,8
2026-03-21T17:54:44.035204,3,0.0632,0.0632,0.0528,1.8784,0.3688,-0.0098,0.3687,10
2026-03-21T17:54:44.104402,0,0.0739,0.0739,0.0413,1.8648,0.5930,0.4544,0.3810,5
2026-03-21T17:54:44.104402,1,0.1292,0.1292,0.0893,1.9824,0.3200,0.1676,0.2726,24
2026-03-21T17:54:44.104402,2,0.0675,0.0638,0.0675,1.6484,0.6395,0.1595,0.6193,8
2026-03-21T17:54:44.104402,3,0.0509,0.0509,0.0233,1.8782,0.3617,-0.0060,0.3617,9
2026-03-21T17:54:44.175218,0,0.0694,0.0694,0.0386,1.8621,0.5966,0.4572,0.3833,5
2026-03-21T17:54:44.175218,1,0.1301,0.1301,0.0983,1.9858,0.3198,0.1675,0.2724,24
2026-03-21T17:54:44.175218,2,0.0729,0.0626,0.0729,1.6446,0.6401,0.1596,0.6199,8
2026-03-21T17:54:44.175218,3,0.0629,0.0629,0.0612,1.8838,0.3644,-0.0098,0.3643,10
2026-03-21T17:54:44.245239,0,0.1199,0.1199,0.0908,1.9821,0.3181,0.1666,0.2709,24
2026-03-21T17:54:44.245239,1,0.1355,0.0609,0.1355,1.6617,0.6472,0.1552,0.6283,9
2026-03-21T17:54:44.245239,2,0.0620,0.0620,0.0511,1.8857,0.3619,-0.0095,0.3618,10
2026-03-21T17:54:44.315930,0,0.0832,0.0832,0.0636,1.8673,0.5907,0.4459,0.3874,6
2026-03-21T17:54:44.315930,1,0.1390,0.1257,0.1390,1.9837,0.3221,0.1657,0.2763,25
2026-03-21T17:54:44.315930,2,0.1286,0.0623,0.1286,1.6608,0.6471,0.1553,0.6282,9
2026-03-21T17:54:44.315930,3,0.0631,0.0631,0.0598,1.8894,0.3658,-0.0098,0.3657,10
2026-03-21T17:54:44.384968,0,0.0521,0.0521,0.0464,1.8685,0.5888,0.4511,0.3785,5
2026-03-21T17:54:44.384968,1,0.1214,0.1214,0.0941,1.9891,0.3171,0.1661,0.2702,24
2026-03-21T17:54:44.384968,2,0.0767,0.0613,0.0767,1.6484,0.6376,0.1589,0.6175,8
2026-03-21T17:54:44.384968,3,0.0621,0.0621,0.0500,1.8836,0.3660,-0.0097,0.3659,10
2026-03-21T17:54:44.454835,0,0.0616,0.0616,0.0433,1.8648,0.5940,0.4551,0.3817,5
2026-03-21T17:54:44.454835,1,0.1263,0.1263,0.0995,1.9833,0.3210,0.1680,0.2735,24
2026-03-21T17:54:44.454835,2,0.0652,0.0652,0.0627,1.6437,0.6394,0.1595,0.6192,8
2026-03-21T17:54:44.454835,3,0.0621,0.0621,0.0571,1.8897,0.3635,-0.0095,0.3634,10
2026-03-21T17:54:44.523245,0,0.1292,0.1292,0.0898,1.9857,0.3165,0.1659,0.2696,24
2026-03-21T17:54:44.523245,1,0.1309,0.0630,0.1309,1.6532,0.6490,0.1558,0.6300,9
2026-03-21T17:54:44.523245,2,0.0619,0.0619,0.0419,1.8784,0.3677,-0.0098,0.3676,10
2026-03-21T17:54:44.591874,0,0.1277,0.1277,0.1065,1.9837,0.3191,0.1672,0.2718,24
2026-03-21T17:54:44.591874,1,0.0874,0.0589,0.0874,1.6513,0.6400,0.1594,0.6198,8
2026-03-21T17:54:44.591874,2,0.0611,0.0611,0.0365,1.8794,0.3655,-0.0097,0.3654,10
2026-03-21T17:54:44.661526,0,0.0557,0.0557,0.0440,1.8692,0.5763,0.4310,0.3825,5
2026-03-21T17:54:44.661526,1,0.1309,0.1309,0.0804,1.9830,0.3197,0.1678,0.2722,24
2026-03-21T17:54:44.661526,2,0.1220,0.0644,0.1220,1.6541,0.6456,0.1550,0.6267,9
2026-03-21T17:54:44.661526,3,0.0620,0.0620,0.0475,1.8814,0.3662,-0.0097,0.3661,10
2026-03-21T17:54:44.731572,0,0.1289,0.1289,0.0876,1.9845,0.3183,0.1669,0.2710,24
2026-03-21T17:54:44.731572,1,0.0931,0.0569,0.0931,1.6579,0.6389,0.1592,0.6187,8
2026-03-21T17:54:44.731572,2,0.0631,0.0631,0.0538,1.8814,0.3654,-0.0098,0.3653,10
2026-03-21T17:54:44.801295,0,0.1278,0.1278,0.0962,1.9856,0.3176,0.1664,0.2705,24
2026-03-21T17:54:44.801295,1,0.0775,0.0607,0.0775,1.6522,0.6390,0.1593,0.6188,8
2026-03-21T17:54:44.801295,2,0.0623,0.0623,0.0470,1.8776,0.3662,-0.0098,0.3661,10
2026-03-21T17:54:44.871157,0,0.1250,0.1250,0.0931,1.9816,0.3182,0.1666,0.2711,24
2026-03-21T17:54:44.871157,1,0.1173,0.0662,0.1173,1.6475,0.6452,0.1550,0.6263,9
2026-03-21T17:54:44.871157,2,0.0625,0.0625,0.0528,1.8844,0.3649,-0.0097,0.3648,10
2026-03-21T17:54:44.940319,0,0.0631,0.0631,0.0438,1.8647,0.5932,0.4545,0.3812,5
2026-03-21T17:54:44.940319,1,0.1229,0.1229,0.1100,1.9881,0.3181,0.1664,0.2710,24
2026-03-21T17:54:44.940319,2,0.0647,0.0647,0.0611,1.6456,0.6379,0.1591,0.6177,8
2026-03-21T17:54:44.940319,3,0.0626,0.0626,0.0510,1.8796,0.3660,-0.0098,0.3659,10
2026-03-21T17:54:45.011129,0,0.1267,0.1267,0.0924,1.9855,0.3188,0.1670,0.2716,24
2026-03-21T17:54:45.011129,1,0.1241,0.0647,0.1241,1.6494,0.6483,0.1556,0.6294,9
2026-03-21T17:54:45.011129,2,0.0621,0.0621,0.0483,1.8848,0.3685,-0.0097,0.3684,10
2026-03-21T17:54:45.080681,0,0.0701,0.0701,0.0466,1.8615,0.5998,0.4596,0.3854,5
2026-03-21T17:54:45.080681,1,0.1273,0.1273,0.0837,1.9834,0.3180,0.1667,0.2709,24
2026-03-21T17:54:45.080681,2,0.0949,0.0562,0.0949,1.6608,0.6382,0.1590,0.6181,8
2026-03-21T17:54:45.080681,3,0.0626,0.0626,0.0588,1.8917,0.3639,-0.0094,0.3638,10
2026-03-21T17:54:45.150464,0,0.1361,0.1361,0.1000,1.9856,0.3192,0.1674,0.2718,24
2026-03-21T17:54:45.150464,1,0.1287,0.0625,0.1287,1.6589,0.6425,0.1541,0.6237,9
2026-03-21T17:54:45.150464,2,0.0619,0.0619,0.0539,1.8898,0.3643,-0.0096,0.3642,10
2026-03-21T17:54:45.220897,0,0.0683,0.0683,0.0444,1.8666,0.5898,0.4519,0.3790,5
2026-03-21T17:54:45.220897,1,0.1247,0.1247,0.0886,1.9855,0.3160,0.1658,0.2691,24
2026-03-21T17:54:45.220897,2,0.0893,0.0581,0.0893,1.6541,0.6399,0.1594,0.6197,8
2026-03-21T17:54:45.220897,3,0.0625,0.0625,0.0475,1.8814,0.3658,-0.0097,0.3657,10
2026-03-21T17:54:45.291368,0,0.0615,0.0615,0.0420,1.8608,0.5960,0.4566,0.3830,5
2026-03-21T17:54:45.291368,1,0.1251,0.1251,0.0994,1.9878,0.3174,0.1661,0.2704,24
2026-03-21T17:54:45.291368,2,0.1184,0.0667,0.1184,1.6427,0.6486,0.1557,0.6296,9
2026-03-21T17:54:45.291368,3,0.0622,0.0622,0.0425,1.8794,0.3674,-0.0097,0.3673,10
2026-03-21T17:54:45.360671,0,0.1380,0.1227,0.1380,1.9856,0.3211,0.1652,0.2753,25
2026-03-21T17:54:45.360671,1,0.0796,0.0607,0.0796,1.6484,0.6391,0.1593,0.6189,8
2026-03-21T17:54:45.360671,2,0.0633,0.0633,0.0550,1.8796,0.3672,-0.0098,0.3671,10
2026-03-21T17:54:45.430744,0,0.0630,0.0630,0.0502,1.8724,0.5900,0.4521,0.3791,5
2026-03-21T17:54:45.430744,1,0.1324,0.1324,0.1039,1.9858,0.3189,0.1670,0.2717,24
2026-03-21T17:54:45.430744,2,0.0767,0.0616,0.0767,1.6465,0.6385,0.1592,0.6183,8
2026-03-21T17:54:45.430744,3,0.0623,0.0623,0.0483,1.8828,0.3647,-0.0097,0.3646,10
2026-03-21T17:54:45.499166,0,0.1270,0.1270,0.1052,1.9880,0.3193,0.1671,0.2721,24
2026-03-21T17:54:45.499166,1,0.0651,0.0644,0.0651,1.6418,0.6401,0.1596,0.6199,8
2026-03-21T17:54:45.499166,2,0.0623,0.0623,0.0562,1.8838,0.3654,-0.0099,0.3653,10
2026-03-21T17:54:45.568193,0,0.1240,0.1240,0.1091,1.9872,0.3189,0.1668,0.2717,24
2026-03-21T17:54:45.568193,1,0.0728,0.0621,0.0728,1.6484,0.6374,0.1589,0.6172,8
2026-03-21T17:54:45.568193,2,0.0624,0.0624,0.0571,1.8877,0.3635,-0.0096,0.3634,10
2026-03-21T17:54:45.637534,0,0.0723,0.0723,0.0392,1.8640,0.5926,0.4541,0.3807,5
2026-03-21T17:54:45.637534,1,0.1289,0.1289,0.0979,1.9826,0.3184,0.1669,0.2712,24
2026-03-21T17:54:45.637534,2,0.0864,0.0591,0.0864,1.6513,0.6410,0.1597,0.6208,8
2026-03-21T17:54:45.637534,3,0.0624,0.0624,0.0590,1.8876,0.3645,-0.0098,0.3644,10
2026-03-21T17:54:45.707573,0,0.1323,0.1323,0.0922,1.9872,0.3155,0.1654,0.2686,24
2026-03-21T17:54:45.707573,1,0.0651,0.0643,0.0651,1.6427,0.6396,0.1595,0.6194,8
2026-03-21T17:54:45.707573,2,0.0630,0.0630,0.0583,1.8868,0.3668,-0.0097,0.3667,10
2026-03-21T17:54:45.777586,0,0.0677,0.0677,0.0478,1.8666,0.5930,0.4544,0.3811,5
2026-03-21T17:54:45.777586,1,0.1359,0.1359,0.0977,1.9834,0.3195,0.1675,0.2720,24
2026-03-21T17:54:45.777586,2,0.0699,0.0631,0.0699,1.6446,0.6399,0.1596,0.6196,8
2026-03-21T17:54:45.777586,3,0.0626,0.0626,0.0528,1.8804,0.3661,-0.0100,0.3660,10
2026-03-21T17:54:45.847111,0,0.1301,0.1301,0.0963,1.9857,0.3192,0.1673,0.2718,24
2026-03-21T17:54:45.847111,1,0.0646,0.0646,0.0641,1.6418,0.6406,0.1598,0.6204,8
2026-03-21T17:54:45.847111,2,0.0619,0.0619,0.0530,1.8886,0.3636,-0.0096,0.3635,10
2026-03-21T17:54:45.917273,0,0.0645,0.0645,0.0451,1.8686,0.5882,0.4507,0.3780,5
2026-03-21T17:54:45.917273,1,0.1329,0.1329,0.0966,1.9832,0.3198,0.1676,0.2723,24
2026-03-21T17:54:45.917273,2,0.0666,0.0638,0.0666,1.6465,0.6377,0.1590,0.6176,8
2026-03-21T17:54:45.917273,3,0.0616,0.0616,0.0445,1.8834,0.3636,-0.0096,0.3635,10
2026-03-21T17:54:45.987524,0,0.1303,0.1303,0.1004,1.9870,0.3190,0.1669,0.2718,24
2026-03-21T17:54:45.987524,1,0.0827,0.0605,0.0827,1.6456,0.6417,0.1600,0.6215,8
2026-03-21T17:54:45.987524,2,0.0619,0.0619,0.0449,1.8814,0.3657,-0.0097,0.3656,10
2026-03-21T17:54:46.057079,0,0.1251,0.1251,0.1111,1.9968,0.3177,0.1663,0.2707,24
2026-03-21T17:54:46.057079,1,0.1317,0.0624,0.1317,1.6560,0.6458,0.1549,0.6269,9
2026-03-21T17:54:46.057079,2,0.0624,0.0624,0.0508,1.8794,0.3651,-0.0098,0.3650,10
2026-03-21T17:54:46.127304,0,0.0785,0.0785,0.0481,1.8656,0.5954,0.4562,0.3826,5
2026-03-21T17:54:46.127304,1,0.1446,0.1251,0.1446,1.9864,0.3205,0.1648,0.2749,25
2026-03-21T17:54:46.127304,2,0.1270,0.0642,0.1270,1.6494,0.6499,0.1560,0.6309,9
2026-03-21T17:54:46.127304,3,0.0619,0.0619,0.0508,1.8874,0.3637,-0.0098,0.3636,10
2026-03-21T17:54:46.197118,0,0.1313,0.1313,0.0960,1.9816,0.3192,0.1674,0.2717,24
2026-03-21T17:54:46.197118,1,0.0863,0.0588,0.0863,1.6532,0.6367,0.1586,0.6167,8
2026-03-21T17:54:46.197118,2,0.0616,0.0616,0.0450,1.8826,0.3644,-0.0097,0.3643,10
2026-03-21T17:54:46.267084,0,0.0654,0.0654,0.0478,1.8653,0.5934,0.4546,0.3814,5
2026-03-21T17:54:46.267084,1,0.1399,0.1326,0.1399,1.9856,0.3211,0.1652,0.2754,25
2026-03-21T17:54:46.267084,2,0.0854,0.0590,0.0854,1.6532,0.6376,0.1589,0.6175,8
2026-03-21T17:54:46.267084,3,0.0620,0.0620,0.0445,1.8814,0.3642,-0.0095,0.3641,10
2026-03-21T17:54:46.335376,0,0.1265,0.1265,0.0939,1.9880,0.3182,0.1666,0.2711,24
2026-03-21T17:54:46.335376,1,0.0648,0.0648,0.0621,1.6437,0.6381,0.1592,0.6179,8
2026-03-21T17:54:46.335376,2,0.0626,0.0626,0.0562,1.8838,0.3646,-0.0098,0.3645,10
2026-03-21T17:54:46.405023,0,0.0660,0.0660,0.0471,1.8680,0.5884,0.4508,0.3781,5
2026-03-21T17:54:46.405023,1,0.1325,0.1325,0.1012,1.9849,0.3191,0.1672,0.2718,24
2026-03-21T17:54:46.405023,2,0.0726,0.0614,0.0726,1.6541,0.6360,0.1586,0.6159,8
2026-03-21T17:54:46.405023,3,0.0792,0.0724,0.0792,1.8846,0.3719,-0.0063,0.3719,11
2026-03-21T17:54:46.473821,0,0.0692,0.0692,0.0425,1.8680,0.5902,0.4523,0.3792,5
2026-03-21T17:54:46.473821,1,0.1257,0.1257,0.0996,1.9899,0.3186,0.1668,0.2714,24
2026-03-21T17:54:46.473821,2,0.0785,0.0605,0.0785,1.6522,0.6381,0.1590,0.6180,8
2026-03-21T17:54:46.473821,3,0.0624,0.0624,0.0553,1.8848,0.3649,-0.0097,0.3648,10
2026-03-21T17:54:46.543496,0,0.1296,0.1296,0.0982,1.9857,0.3192,0.1673,0.2719,24
2026-03-21T17:54:46.543496,1,0.0673,0.0629,0.0673,1.6541,0.6369,0.1589,0.6167,8
2026-03-21T17:54:46.543496,2,0.0625,0.0625,0.0588,1.8834,0.3653,-0.0100,0.3652,10
2026-03-21T17:54:46.612743,0,0.0663,0.0663,0.0426,1.8655,0.5940,0.4552,0.3817,5
2026-03-21T17:54:46.612743,1,0.1287,0.1287,0.0963,1.9857,0.3182,0.1668,0.2710,24
2026-03-21T17:54:46.612743,2,0.0646,0.0646,0.0636,1.6484,0.6359,0.1586,0.6158,8
2026-03-21T17:54:46.612743,3,0.0621,0.0621,0.0479,1.8804,0.3642,-0.0097,0.3641,10
2026-03-21T17:54:46.681926,0,0.1305,0.1305,0.0948,1.9832,0.3184,0.1669,0.2711,24
2026-03-21T17:54:46.681926,1,0.0728,0.0621,0.0728,1.6484,0.6382,0.1592,0.6181,8
2026-03-21T17:54:46.681926,2,0.0626,0.0626,0.0563,1.8848,0.3660,-0.0096,0.3659,10
2026-03-21T17:54:46.752533,0,0.1346,0.1346,0.0959,1.9872,0.3200,0.1678,0.2725,24
2026-03-21T17:54:46.752533,1,0.1184,0.0665,0.1184,1.6446,0.6507,0.1562,0.6316,9
2026-03-21T17:54:46.752533,2,0.0623,0.0623,0.0551,1.8907,0.3638,-0.0095,0.3637,10
2026-03-21T17:54:46.822409,0,0.1232,0.1232,0.0945,1.9857,0.3174,0.1662,0.2704,24
2026-03-21T17:54:46.822409,1,0.0998,0.0552,0.0998,1.6608,0.6390,0.1592,0.6188,8
2026-03-21T17:54:46.822409,2,0.0504,0.0504,0.0468,1.8897,0.3605,-0.0059,0.3605,9
2026-03-21T17:54:46.892127,0,0.1255,0.1255,0.0906,1.9856,0.3176,0.1662,0.2706,24
2026-03-21T17:54:46.892127,1,0.1259,0.0637,0.1259,1.6541,0.6479,0.1555,0.6290,9
2026-03-21T17:54:46.892127,2,0.0619,0.0619,0.0491,1.8837,0.3624,-0.0095,0.3623,10
2026-03-21T17:54:46.962479,0,0.0708,0.0708,0.0404,1.8666,0.5914,0.4532,0.3800,5
2026-03-21T17:54:46.962479,1,0.1261,0.1261,0.0910,1.9842,0.3189,0.1671,0.2716,24
2026-03-21T17:54:46.962479,2,0.1278,0.0631,0.1278,1.6560,0.6483,0.1555,0.6294,9
2026-03-21T17:54:46.962479,3,0.0626,0.0626,0.0469,1.8804,0.3691,-0.0098,0.3690,10
2026-03-21T17:54:47.032172,0,0.1289,0.1289,0.1053,1.9834,0.3184,0.1668,0.2712,24
2026-03-21T17:54:47.032172,1,0.0892,0.0579,0.0892,1.6560,0.6385,0.1590,0.6184,8
2026-03-21T17:54:47.032172,2,0.0622,0.0622,0.0463,1.8789,0.3658,-0.0098,0.3657,10
2026-03-21T17:54:47.102709,0,0.0747,0.0747,0.0479,1.8640,0.5954,0.4562,0.3826,5
2026-03-21T17:54:47.102709,1,0.1305,0.1305,0.1071,1.9880,0.3176,0.1664,0.2706,24
2026-03-21T17:54:47.102709,2,0.0650,0.0650,0.0611,1.6437,0.6392,0.1595,0.6190,8
2026-03-21T17:54:47.102709,3,0.0628,0.0628,0.0520,1.8826,0.3656,-0.0097,0.3655,10
2026-03-21T17:54:47.172994,0,0.0583,0.0583,0.0391,1.8674,0.5884,0.4508,0.3781,5
2026-03-21T17:54:47.172994,1,0.1264,0.1264,0.1009,1.9856,0.3177,0.1664,0.2707,24
2026-03-21T17:54:47.172994,2,0.0798,0.0613,0.0798,1.6437,0.6416,0.1599,0.6214,8
2026-03-21T17:54:47.172994,3,0.0621,0.0621,0.0439,1.8814,0.3657,-0.0097,0.3656,10
2026-03-21T17:54:47.242574,0,0.0662,0.0662,0.0491,1.8660,0.5950,0.4559,0.3824,5
2026-03-21T17:54:47.242574,1,0.1264,0.1264,0.0942,1.9864,0.3185,0.1667,0.2714,24
2026-03-21T17:54:47.242574,2,0.0707,0.0620,0.0707,1.6522,0.6376,0.1590,0.6175,8
2026-03-21T17:54:47.242574,3,0.0625,0.0625,0.0477,1.8806,0.3636,-0.0095,0.3635,10
2026-03-21T17:54:47.312183,0,0.0746,0.0746,0.0450,1.8685,0.5912,0.4530,0.3798,5
2026-03-21T17:54:47.312183,1,0.1325,0.1325,0.1036,1.9855,0.3201,0.1677,0.2727,24
2026-03-21T17:54:47.312183,2,0.1251,0.0647,0.1251,1.6484,0.6478,0.1555,0.6288,9
2026-03-21T17:54:47.312183,3,0.0624,0.0624,0.0420,1.8766,0.3688,-0.0098,0.3687,10
2026-03-21T17:54:47.382108,0,0.1223,0.1223,0.1020,1.9838,0.3182,0.1667,0.2711,24
2026-03-21T17:54:47.382108,1,0.0638,0.0638,0.0629,1.6503,0.6357,0.1586,0.6156,8
2026-03-21T17:54:47.382108,2,0.0624,0.0624,0.0443,1.8799,0.3678,-0.0097,0.3677,10
2026-03-21T17:54:47.449661,0,0.1236,0.1236,0.1036,1.9864,0.3177,0.1664,0.2706,24
2026-03-21T17:54:47.449661,1,0.0679,0.0630,0.0679,1.6484,0.6385,0.1592,0.6183,8
2026-03-21T17:54:47.449661,2,0.0625,0.0625,0.0570,1.8866,0.3651,-0.0098,0.3650,10
2026-03-21T17:54:47.519091,0,0.0700,0.0700,0.0390,1.8685,0.5892,0.4515,0.3785,5
2026-03-21T17:54:47.519091,1,0.1270,0.1270,0.1024,1.9861,0.3184,0.1667,0.2713,24
2026-03-21T17:54:47.519091,2,0.0795,0.0603,0.0795,1.6522,0.6385,0.1591,0.6183,8
2026-03-21T17:54:47.519091,3,0.0630,0.0630,0.0540,1.8786,0.3673,-0.0098,0.3672,10
2026-03-21T17:54:47.589155,0,0.1312,0.1312,0.0968,1.9881,0.3174,0.1662,0.2704,24
2026-03-21T17:54:47.589155,1,0.0797,0.0609,0.0797,1.6475,0.6400,0.1596,0.6198,8
2026-03-21T17:54:47.589155,2,0.0626,0.0626,0.0481,1.8807,0.3655,-0.0096,0.3654,10
2026-03-21T17:54:47.658096,0,0.1243,0.1243,0.0975,1.9850,0.3180,0.1666,0.2708,24
2026-03-21T17:54:47.658096,1,0.0844,0.0592,0.0844,1.6532,0.6372,0.1588,0.6171,8
2026-03-21T17:54:47.658096,2,0.0626,0.0626,0.0518,1.8814,0.3683,-0.0099,0.3682,10
2026-03-21T17:54:47.728734,0,0.0736,0.0736,0.0481,1.8683,0.5896,0.4518,0.3789,5
2026-03-21T17:54:47.728734,1,0.1511,0.1315,0.1511,1.9864,0.3222,0.1657,0.2762,25
2026-03-21T17:54:47.728734,2,0.0911,0.0574,0.0911,1.6570,0.6402,0.1595,0.6201,8
2026-03-21T17:54:47.728734,3,0.0633,0.0633,0.0568,1.8784,0.3673,-0.0098,0.3672,10
2026-03-21T17:54:47.797348,0,0.1269,0.1269,0.0951,1.9864,0.3167,0.1658,0.2698,24
2026-03-21T17:54:47.797348,1,0.0960,0.0562,0.0960,1.6589,0.6396,0.1593,0.6195,8
2026-03-21T17:54:47.797348,2,0.0619,0.0619,0.0420,1.8786,0.3671,-0.0098,0.3670,10
2026-03-21T17:54:47.867846,0,0.0761,0.0761,0.0470,1.8698,0.5904,0.4524,0.3793,5
2026-03-21T17:54:47.867846,1,0.1293,0.1293,0.1020,1.9848,0.3190,0.1672,0.2717,24
2026-03-21T17:54:47.867846,2,0.0668,0.0631,0.0668,1.6494,0.6374,0.1589,0.6172,8
2026-03-21T17:54:47.867846,3,0.0626,0.0626,0.0538,1.8824,0.3647,-0.0098,0.3646,10
2026-03-21T17:54:47.937553,0,0.0597,0.0597,0.0443,1.8692,0.5854,0.4485,0.3762,5
2026-03-21T17:54:47.937553,1,0.1259,0.1259,0.1037,1.9912,0.3184,0.1667,0.2713,24
2026-03-21T17:54:47.937553,2,0.0717,0.0620,0.0717,1.6503,0.6396,0.1594,0.6194,8
2026-03-21T17:54:47.937553,3,0.0625,0.0625,0.0570,1.8846,0.3647,-0.0097,0.3646,10
2026-03-21T17:54:48.006238,0,0.1355,0.1355,0.0967,1.9842,0.3161,0.1659,0.2690,24
2026-03-21T17:54:48.006238,1,0.0863,0.0588,0.0863,1.6532,0.6385,0.1591,0.6183,8
2026-03-21T17:54:48.006238,2,0.0618,0.0618,0.0498,1.8834,0.3655,-0.0098,0.3654,10
2026-03-21T17:54:48.076486,0,0.1384,0.1282,0.1384,1.9888,0.3190,0.1643,0.2734,25
2026-03-21T17:54:48.076486,1,0.0893,0.0581,0.0893,1.6541,0.6404,0.1595,0.6202,8
2026-03-21T17:54:48.076486,2,0.0618,0.0618,0.0499,1.8854,0.3629,-0.0097,0.3628,10
2026-03-21T17:54:48.147183,0,0.0651,0.0651,0.0543,1.8698,0.5910,0.4528,0.3798,5
2026-03-21T17:54:48.147183,1,0.1268,0.1268,0.0972,1.9847,0.3193,0.1673,0.2720,24
2026-03-21T17:54:48.147183,2,0.0756,0.0613,0.0756,1.6503,0.6385,0.1591,0.6183,8
2026-03-21T17:54:48.147183,3,0.0516,0.0516,0.0330,1.8799,0.3607,-0.0061,0.3607,9
2026-03-21T17:54:48.216264,0,0.1321,0.1321,0.1064,1.9873,0.3185,0.1666,0.2714,24
2026-03-21T17:54:48.216264,1,0.0640,0.0640,0.0640,1.6465,0.6369,0.1588,0.6167,8
2026-03-21T17:54:48.216264,2,0.0705,0.0705,0.0600,1.8824,0.3693,-0.0063,0.3693,11
2026-03-21T17:54:48.286658,0,0.1305,0.1305,0.0900,1.9888,0.3176,0.1664,0.2705,24
2026-03-21T17:54:48.286658,1,0.0767,0.0612,0.0767,1.6494,0.6386,0.1591,0.6185,8
2026-03-21T17:54:48.286658,2,0.0627,0.0627,0.0578,1.8854,0.3653,-0.0098,0.3652,10
2026-03-21T17:54:48.357249,0,0.0715,0.0715,0.0318,1.8674,0.5862,0.4493,0.3766,5
2026-03-21T17:54:48.357249,1,0.1227,0.1227,0.1074,1.9912,0.3186,0.1667,0.2715,24
2026-03-21T17:54:48.357249,2,0.1279,0.0635,0.1279,1.6532,0.6493,0.1559,0.6303,9
2026-03-21T17:54:48.357249,3,0.0624,0.0624,0.0580,1.8846,0.3656,-0.0099,0.3655,10
2026-03-21T17:54:48.426796,0,0.1329,0.1329,0.0965,1.9868,0.3179,0.1667,0.2708,24
2026-03-21T17:54:48.426796,1,0.0834,0.0595,0.0834,1.6522,0.6400,0.1595,0.6198,8
2026-03-21T17:54:48.426796,2,0.0622,0.0622,0.0540,1.8806,0.3635,-0.0098,0.3634,10
2026-03-21T17:54:48.495841,0,0.0724,0.0724,0.0382,1.8718,0.5874,0.4502,0.3773,5
2026-03-21T17:54:48.495841,1,0.1455,0.1237,0.1455,1.9864,0.3214,0.1652,0.2757,25
2026-03-21T17:54:48.495841,2,0.0843,0.0590,0.0843,1.6551,0.6386,0.1592,0.6185,8
2026-03-21T17:54:48.495841,3,0.0615,0.0615,0.0430,1.8816,0.3658,-0.0098,0.3657,10
2026-03-21T17:54:48.564930,0,0.0706,0.0706,0.0305,1.8674,0.5846,0.4480,0.3756,5
2026-03-21T17:54:48.564930,1,0.1305,0.1305,0.0959,1.9881,0.3175,0.1665,0.2703,24
2026-03-21T17:54:48.564930,2,0.0902,0.0576,0.0902,1.6570,0.6379,0.1589,0.6177,8
2026-03-21T17:54:48.564930,3,0.0499,0.0499,0.0288,1.8867,0.3595,-0.0060,0.3595,9
2026-03-21T17:54:48.634707,0,0.0613,0.0613,0.0502,1.8730,0.5844,0.4477,0.3756,5
2026-03-21T17:54:48.634707,1,0.1344,0.1344,0.1005,1.9880,0.3178,0.1666,0.2706,24
2026-03-21T17:54:48.634707,2,0.1240,0.0642,0.1240,1.6532,0.6462,0.1551,0.6273,9
2026-03-21T17:54:48.634707,3,0.0621,0.0621,0.0580,1.8896,0.3635,-0.0097,0.3634,10
2026-03-21T17:54:48.703477,0,0.1330,0.1330,0.0897,1.9904,0.3177,0.1666,0.2705,24
2026-03-21T17:54:48.703477,1,0.0883,0.0584,0.0883,1.6532,0.6392,0.1593,0.6191,8
2026-03-21T17:54:48.703477,2,0.0510,0.0510,0.0407,1.8846,0.3562,-0.0058,0.3561,9
2026-03-21T17:54:48.773887,0,0.0669,0.0669,0.0443,1.8699,0.5886,0.4510,0.3782,5
2026-03-21T17:54:48.773887,1,0.1292,0.1292,0.1010,1.9876,0.3185,0.1669,0.2712,24
2026-03-21T17:54:48.773887,2,0.0717,0.0620,0.0717,1.6503,0.6386,0.1593,0.6184,8
2026-03-21T17:54:48.773887,3,0.0629,0.0629,0.0608,1.8834,0.3660,-0.0100,0.3659,10
2026-03-21T17:54:48.842548,0,0.1295,0.1295,0.0984,1.9840,0.3187,0.1671,0.2714,24
2026-03-21T17:54:48.842548,1,0.0884,0.0587,0.0884,1.6513,0.6387,0.1591,0.6186,8
2026-03-21T17:54:48.842548,2,0.0707,0.0707,0.0620,1.8834,0.3685,-0.0061,0.3685,11
2026-03-21T17:54:48.913034,0,0.0596,0.0596,0.0418,1.8674,0.5860,0.4490,0.3766,5
2026-03-21T17:54:48.913034,1,0.1270,0.1270,0.0998,1.9826,0.3190,0.1671,0.2718,24
2026-03-21T17:54:48.913034,2,0.0650,0.0641,0.0650,1.6446,0.6402,0.1597,0.6200,8
2026-03-21T17:54:48.913034,3,0.0618,0.0618,0.0510,1.8846,0.3605,-0.0097,0.3604,10
2026-03-21T17:54:48.982688,0,0.0621,0.0621,0.0455,1.8724,0.5844,0.4478,0.3756,5
2026-03-21T17:54:48.982688,1,0.1256,0.1256,0.1023,1.9832,0.3202,0.1676,0.2728,24
2026-03-21T17:54:48.982688,2,0.0647,0.0647,0.0621,1.6446,0.6365,0.1588,0.6164,8
2026-03-21T17:54:48.982688,3,0.0513,0.0513,0.0265,1.8824,0.3602,-0.0062,0.3601,9
2026-03-21T17:54:49.052731,0,0.0669,0.0669,0.0429,1.8711,0.5878,0.4504,0.3777,5
2026-03-21T17:54:49.052731,1,0.1270,0.1270,0.0990,1.9837,0.3195,0.1674,0.2722,24
2026-03-21T17:54:49.052731,2,0.0826,0.0603,0.0826,1.6475,0.6397,0.1595,0.6195,8
2026-03-21T17:54:49.052731,3,0.0612,0.0612,0.0500,1.8866,0.3626,-0.0097,0.3625,10
2026-03-21T17:54:49.121812,0,0.0738,0.0738,0.0417,1.8685,0.5892,0.4515,0.3785,5
2026-03-21T17:54:49.121812,1,0.1295,0.1295,0.0893,1.9834,0.3183,0.1669,0.2711,24
2026-03-21T17:54:49.121812,2,0.1259,0.0637,0.1259,1.6541,0.6456,0.1549,0.6267,9
2026-03-21T17:54:49.121812,3,0.0623,0.0623,0.0503,1.8838,0.3663,-0.0097,0.3662,10
2026-03-21T17:54:49.192825,0,0.0700,0.0700,0.0448,1.8743,0.5866,0.4495,0.3769,5
2026-03-21T17:54:49.192825,1,0.1238,0.1238,0.0935,1.9857,0.3187,0.1668,0.2716,24
2026-03-21T17:54:49.192825,2,0.1240,0.0642,0.1240,1.6532,0.6474,0.1554,0.6285,9
2026-03-21T17:54:49.192825,3,0.0633,0.0633,0.0577,1.8804,0.3664,-0.0098,0.3663,10
2026-03-21T17:54:49.263215,0,0.1343,0.1343,0.1008,1.9864,0.3178,0.1666,0.2707,24
2026-03-21T17:54:49.263215,1,0.1315,0.0616,0.1315,1.6617,0.6460,0.1549,0.6272,9
2026-03-21T17:54:49.263215,2,0.0620,0.0620,0.0520,1.8836,0.3631,-0.0098,0.3630,10
2026-03-21T17:54:49.332742,0,0.0674,0.0674,0.0474,1.8750,0.5836,0.4472,0.3750,5
2026-03-21T17:54:49.332742,1,0.1309,0.1309,0.0999,1.9864,0.3169,0.1661,0.2699,24
2026-03-21T17:54:49.332742,2,0.0902,0.0577,0.0902,1.6560,0.6376,0.1588,0.6175,8
2026-03-21T17:54:49.332742,3,0.0512,0.0512,0.0350,1.8828,0.3579,-0.0060,0.3578,9
2026-03-21T17:54:49.402195,0,0.1302,0.1302,0.0907,1.9857,0.3199,0.1675,0.2726,24
2026-03-21T17:54:49.402195,1,0.0804,0.0596,0.0804,1.6560,0.6394,0.1594,0.6192,8
2026-03-21T17:54:49.402195,2,0.0613,0.0613,0.0490,1.8876,0.3620,-0.0096,0.3619,10
2026-03-21T17:54:49.471939,0,0.0759,0.0759,0.0534,1.8702,0.5906,0.4525,0.3795,5
2026-03-21T17:54:49.471939,1,0.1249,0.1249,0.1060,1.9888,0.3184,0.1666,0.2714,24
2026-03-21T17:54:49.471939,2,0.0883,0.0582,0.0883,1.6551,0.6376,0.1589,0.6175,8
2026-03-21T17:54:49.471939,3,0.0624,0.0624,0.0580,1.8886,0.3626,-0.0098,0.3625,10
2026-03-21T17:54:49.541167,0,0.0710,0.0710,0.0450,1.8679,0.5930,0.4544,0.3810,5
2026-03-21T17:54:49.541167,1,0.1319,0.1319,0.0891,1.9803,0.3193,0.1673,0.2720,24
2026-03-21T17:54:49.541167,2,0.1193,0.0663,0.1193,1.6446,0.6492,0.1558,0.6302,9
2026-03-21T17:54:49.541167,3,0.0625,0.0625,0.0562,1.8818,0.3634,-0.0098,0.3633,10
2026-03-21T17:54:49.610464,0,0.0637,0.0637,0.0393,1.8648,0.5896,0.4518,0.3789,5
2026-03-21T17:54:49.610464,1,0.1390,0.1213,0.1390,1.9846,0.3222,0.1657,0.2763,25
2026-03-21T17:54:49.610464,2,0.1374,0.0604,0.1374,1.6627,0.6470,0.1552,0.6281,9
2026-03-21T17:54:49.610464,3,0.0648,0.0631,0.0648,1.8874,0.3621,-0.0098,0.3620,10
2026-03-21T17:54:49.679777,0,0.0645,0.0645,0.0409,1.8718,0.5844,0.4478,0.3755,5
2026-03-21T17:54:49.679777,1,0.1278,0.1278,0.0964,1.9829,0.3188,0.1672,0.2715,24
2026-03-21T17:54:49.679777,2,0.1298,0.0630,0.1298,1.6541,0.6480,0.1555,0.6291,9
2026-03-21T17:54:49.679777,3,0.0635,0.0635,0.0607,1.8804,0.3677,-0.0100,0.3676,10
2026-03-21T17:54:49.749167,0,0.1299,0.1299,0.0962,1.9856,0.3181,0.1668,0.2708,24
2026-03-21T17:54:49.749167,1,0.0873,0.0586,0.0873,1.6532,0.6382,0.1591,0.6181,8
2026-03-21T17:54:49.749167,2,0.0625,0.0625,0.0571,1.8877,0.3626,-0.0096,0.3625,10
2026-03-21T17:54:49.818828,0,0.1246,0.1246,0.0844,1.9832,0.3181,0.1668,0.2709,24
2026-03-21T17:54:49.818828,1,0.0727,0.0618,0.0727,1.6503,0.6369,0.1588,0.6168,8
2026-03-21T17:54:49.818828,2,0.0506,0.0506,0.0235,1.8844,0.3599,-0.0061,0.3598,9
2026-03-21T17:54:49.888904,0,0.0708,0.0708,0.0378,1.8660,0.5906,0.4526,0.3794,5
2026-03-21T17:54:49.888904,1,0.1286,0.1286,0.0929,1.9841,0.3179,0.1665,0.2708,24
2026-03-21T17:54:49.888904,2,0.1339,0.0627,0.1339,1.6513,0.6508,0.1562,0.6318,9
2026-03-21T17:54:49.888904,3,0.0636,0.0636,0.0617,1.8804,0.3657,-0.0098,0.3656,10
2026-03-21T17:54:49.888904,4,0.0945,0.0132,0.0945,1.7309,0.6080,-0.2848,0.5372,5
2026-03-21T17:54:49.958555,0,0.1253,0.1253,0.0972,1.9856,0.3185,0.1668,0.2713,24
2026-03-21T17:54:49.958555,1,0.0834,0.0593,0.0834,1.6541,0.6386,0.1592,0.6185,8
2026-03-21T17:54:49.958555,2,0.0517,0.0517,0.0367,1.8796,0.3616,-0.0061,0.3616,9
2026-03-21T17:54:50.027828,0,0.1273,0.1273,0.0971,1.9883,0.3190,0.1670,0.2718,24
2026-03-21T17:54:50.027828,1,0.0659,0.0634,0.0659,1.6484,0.6374,0.1589,0.6172,8
2026-03-21T17:54:50.027828,2,0.0508,0.0508,0.0293,1.8842,0.3586,-0.0060,0.3586,9
2026-03-21T17:54:50.097336,0,0.1317,0.1317,0.0993,1.9897,0.3172,0.1661,0.2702,24
2026-03-21T17:54:50.097336,1,0.0650,0.0650,0.0601,1.6446,0.6385,0.1593,0.6183,8
2026-03-21T17:54:50.097336,2,0.0512,0.0512,0.0345,1.8844,0.3600,-0.0061,0.3599,9
2026-03-21T17:54:50.167628,0,0.0609,0.0609,0.0332,1.8661,0.5912,0.4531,0.3798,5
2026-03-21T17:54:50.167628,1,0.1299,0.1299,0.0987,1.9881,0.3171,0.1661,0.2701,24
2026-03-21T17:54:50.167628,2,0.0825,0.0601,0.0825,1.6494,0.6399,0.1595,0.6197,8
2026-03-21T17:54:50.167628,3,0.0515,0.0515,0.0407,1.8846,0.3600,-0.0060,0.3599,9
2026-03-21T17:54:50.237836,0,0.0684,0.0684,0.0390,1.8692,0.5878,0.4504,0.3777,5
2026-03-21T17:54:50.237836,1,0.1295,0.1295,0.0965,1.9840,0.3199,0.1676,0.2724,24
2026-03-21T17:54:50.237836,2,0.1217,0.0635,0.1217,1.6608,0.6453,0.1549,0.6265,9
2026-03-21T17:54:50.237836,3,0.0513,0.0513,0.0395,1.8814,0.3594,-0.0060,0.3594,9
2026-03-21T17:54:50.307691,0,0.0701,0.0701,0.0412,1.8674,0.5914,0.4532,0.3800,5
2026-03-21T17:54:50.307691,1,0.1323,0.1323,0.0899,1.9840,0.3183,0.1669,0.2711,24
2026-03-21T17:54:50.307691,2,0.1326,0.0617,0.1326,1.6598,0.6458,0.1549,0.6269,9
2026-03-21T17:54:50.307691,3,0.0619,0.0619,0.0560,1.8876,0.3628,-0.0098,0.3627,10
2026-03-21T17:54:50.377855,0,0.1421,0.1280,0.1421,1.9849,0.3219,0.1655,0.2761,25
2026-03-21T17:54:50.377855,1,0.0834,0.0595,0.0834,1.6522,0.6402,0.1595,0.6200,8
2026-03-21T17:54:50.377855,2,0.0626,0.0626,0.0563,1.8858,0.3648,-0.0097,0.3647,10
2026-03-21T17:54:50.448535,0,0.0653,0.0653,0.0366,1.8661,0.5888,0.4512,0.3783,5
2026-03-21T17:54:50.448535,1,0.1233,0.1233,0.0925,1.9856,0.3195,0.1675,0.2721,24
2026-03-21T17:54:50.448535,2,0.0892,0.0580,0.0892,1.6551,0.6390,0.1592,0.6188,8
2026-03-21T17:54:50.448535,3,0.0621,0.0621,0.0503,1.8799,0.3635,-0.0098,0.3634,10
2026-03-21T17:54:50.517767,0,0.1360,0.1360,0.0941,1.9872,0.3175,0.1665,0.2703,24
2026-03-21T17:54:50.517767,1,0.0738,0.0622,0.0738,1.6456,0.6385,0.1592,0.6183,8
2026-03-21T17:54:50.517767,2,0.0677,0.0632,0.0677,1.8864,0.3645,-0.0099,0.3644,10
2026-03-21T17:54:50.587275,0,0.0661,0.0661,0.0463,1.8711,0.5868,0.4496,0.3771,5
2026-03-21T17:54:50.587275,1,0.1319,0.1319,0.0841,1.9857,0.3192,0.1672,0.2719,24
2026-03-21T17:54:50.587275,2,0.0649,0.0635,0.0649,1.6494,0.6357,0.1586,0.6156,8
2026-03-21T17:54:50.587275,3,0.0625,0.0625,0.0608,1.8904,0.3621,-0.0097,0.3620,10
2026-03-21T17:54:50.656058,0,0.0697,0.0697,0.0476,1.8718,0.5862,0.4492,0.3767,5
2026-03-21T17:54:50.656058,1,0.1249,0.1249,0.1053,1.9881,0.3196,0.1673,0.2723,24
2026-03-21T17:54:50.656058,2,0.0775,0.0604,0.0775,1.6541,0.6407,0.1597,0.6205,8
2026-03-21T17:54:50.656058,3,0.0503,0.0503,0.0247,1.8826,0.3579,-0.0060,0.3578,9
2026-03-21T17:54:50.725179,0,0.1343,0.1343,0.0927,1.9840,0.3193,0.1674,0.2719,24
2026-03-21T17:54:50.725179,1,0.1194,0.0664,0.1194,1.6437,0.6480,0.1556,0.6290,9
2026-03-21T17:54:50.725179,2,0.0732,0.0610,0.0732,1.8806,0.3657,-0.0025,0.3657,10
2026-03-21T17:54:50.793981,0,0.1299,0.1299,0.0886,1.9864,0.3176,0.1664,0.2705,24
2026-03-21T17:54:50.793981,1,0.0834,0.0593,0.0834,1.6541,0.6399,0.1595,0.6197,8
2026-03-21T17:54:50.793981,2,0.0511,0.0511,0.0225,1.8834,0.3579,-0.0062,0.3578,9
2026-03-21T17:54:50.864976,0,0.0608,0.0608,0.0457,1.8685,0.5912,0.4530,0.3799,5
2026-03-21T17:54:50.864976,1,0.1198,0.1198,0.0934,1.9856,0.3185,0.1666,0.2714,24
2026-03-21T17:54:50.864976,2,0.0746,0.0613,0.0746,1.6513,0.6372,0.1589,0.6171,8
2026-03-21T17:54:50.864976,3,0.0615,0.0615,0.0480,1.8796,0.3646,-0.0098,0.3645,10
2026-03-21T17:54:50.933636,0,0.0658,0.0658,0.0429,1.8718,0.5828,0.4466,0.3745,5
2026-03-21T17:54:50.933636,1,0.1300,0.1300,0.0888,1.9857,0.3178,0.1666,0.2706,24
2026-03-21T17:54:50.933636,2,0.0794,0.0600,0.0794,1.6541,0.6382,0.1591,0.6181,8
2026-03-21T17:54:50.933636,3,0.0519,0.0519,0.0325,1.8814,0.3606,-0.0061,0.3606,9
2026-03-21T17:54:51.003482,0,0.1296,0.1296,0.0846,1.9852,0.3190,0.1672,0.2717,24
2026-03-21T17:54:51.003482,1,0.1181,0.0655,0.1181,1.6513,0.6471,0.1554,0.6282,9
2026-03-21T17:54:51.003482,2,0.0627,0.0627,0.0538,1.8824,0.3659,-0.0097,0.3658,10
2026-03-21T17:54:51.073203,0,0.1381,0.1381,0.0833,1.9849,0.3190,0.1673,0.2716,24
2026-03-21T17:54:51.073203,1,0.0826,0.0603,0.0826,1.6475,0.6387,0.1592,0.6186,8
2026-03-21T17:54:51.073203,2,0.0630,0.0630,0.0580,1.8846,0.3646,-0.0098,0.3645,10
2026-03-21T17:54:51.143684,0,0.0707,0.0707,0.0445,1.8660,0.5908,0.4527,0.3796,5
2026-03-21T17:54:51.143684,1,0.1243,0.1243,0.0993,1.9897,0.3185,0.1668,0.2713,24
2026-03-21T17:54:51.143684,2,0.0873,0.0585,0.0873,1.6541,0.6402,0.1595,0.6200,8
2026-03-21T17:54:51.143684,3,0.0505,0.0505,0.0375,1.8874,0.3569,-0.0060,0.3568,9
2026-03-21T17:54:51.212659,0,0.1281,0.1281,0.1011,1.9858,0.3190,0.1671,0.2718,24
2026-03-21T17:54:51.212659,1,0.0736,0.0613,0.0736,1.6532,0.6379,0.1590,0.6177,8
2026-03-21T17:54:51.212659,2,0.0631,0.0631,0.0630,1.8866,0.3667,-0.0098,0.3666,10
2026-03-21T17:54:51.283256,0,0.0629,0.0629,0.0429,1.8711,0.5856,0.4487,0.3763,5
2026-03-21T17:54:51.283256,1,0.1288,0.1288,0.1009,1.9856,0.3188,0.1670,0.2715,24
2026-03-21T17:54:51.283256,2,0.0863,0.0585,0.0863,1.6560,0.6384,0.1591,0.6182,8
2026-03-21T17:54:51.283256,3,0.0625,0.0625,0.0610,1.8896,0.3658,-0.0097,0.3657,10
2026-03-21T17:54:51.353242,0,0.1277,0.1277,0.1021,1.9840,0.3197,0.1674,0.2724,24
2026-03-21T17:54:51.353242,1,0.0713,0.0631,0.0713,1.6522,0.6376,0.1591,0.6175,8
2026-03-21T17:54:51.353242,2,0.0631,0.0631,0.0590,1.8826,0.3648,-0.0100,0.3647,10
2026-03-21T17:54:51.423341,0,0.1272,0.1272,0.0925,1.9876,0.3166,0.1658,0.2697,24
2026-03-21T17:54:51.423341,1,0.1279,0.0635,0.1279,1.6532,0.6476,0.1554,0.6286,9
2026-03-21T17:54:51.423341,2,0.0629,0.0629,0.0602,1.8848,0.3641,-0.0098,0.3640,10
2026-03-21T17:54:51.493807,0,0.0662,0.0662,0.0449,1.8724,0.5870,0.4498,0.3772,5
2026-03-21T17:54:51.493807,1,0.1227,0.1227,0.0973,1.9848,0.3205,0.1678,0.2731,24
2026-03-21T17:54:51.493807,2,0.1278,0.0631,0.1278,1.6560,0.6472,0.1553,0.6283,9
2026-03-21T17:54:51.493807,3,0.0626,0.0626,0.0538,1.8804,0.3648,-0.0098,0.3647,10
2026-03-21T17:54:51.562857,0,0.1287,0.1287,0.0980,1.9855,0.3177,0.1664,0.2706,24
2026-03-21T17:54:51.562857,1,0.0645,0.0636,0.0645,1.6503,0.6361,0.1586,0.6160,8
2026-03-21T17:54:51.562857,2,0.0512,0.0512,0.0360,1.8868,0.3580,-0.0061,0.3579,9
2026-03-21T17:54:51.632268,0,0.0620,0.0620,0.0422,1.8711,0.5850,0.4483,0.3759,5
2026-03-21T17:54:51.632268,1,0.1267,0.1267,0.0956,1.9850,0.3183,0.1666,0.2712,24
2026-03-21T17:54:51.632268,2,0.0825,0.0598,0.0825,1.6513,0.6401,0.1595,0.6199,8
2026-03-21T17:54:51.632268,3,0.0507,0.0507,0.0245,1.8794,0.3585,-0.0061,0.3585,9
2026-03-21T17:54:51.700731,0,0.1302,0.1302,0.0978,1.9872,0.3172,0.1663,0.2700,24
2026-03-21T17:54:51.700731,1,0.0892,0.0579,0.0892,1.6560,0.6359,0.1585,0.6158,8
2026-03-21T17:54:51.700731,2,0.0628,0.0628,0.0570,1.8836,0.3654,-0.0098,0.3653,10
2026-03-21T17:54:51.770566,0,0.0627,0.0627,0.0416,1.8698,0.5836,0.4472,0.3750,5
2026-03-21T17:54:51.770566,1,0.1255,0.1255,0.0937,1.9868,0.3196,0.1674,0.2723,24
2026-03-21T17:54:51.770566,2,0.1365,0.0607,0.1365,1.6617,0.6472,0.1553,0.6283,9
2026-03-21T17:54:51.770566,3,0.0624,0.0624,0.0503,1.8799,0.3637,-0.0097,0.3636,10
2026-03-21T17:54:51.839730,0,0.0722,0.0722,0.0383,1.8692,0.5864,0.4494,0.3767,5
2026-03-21T17:54:51.839730,1,0.1191,0.1191,0.0857,1.9845,0.3179,0.1665,0.2708,24
2026-03-21T17:54:51.839730,2,0.1230,0.0644,0.1230,1.6532,0.6459,0.1551,0.6270,9
2026-03-21T17:54:51.839730,3,0.0631,0.0627,0.0631,1.8907,0.3627,-0.0095,0.3626,10
2026-03-21T17:54:51.910059,0,0.0620,0.0620,0.0417,1.8673,0.5870,0.4498,0.3772,5
2026-03-21T17:54:51.910059,1,0.1377,0.1302,0.1377,1.9881,0.3213,0.1653,0.2755,25
2026-03-21T17:54:51.910059,2,0.0795,0.0603,0.0795,1.6522,0.6395,0.1594,0.6193,8
2026-03-21T17:54:51.910059,3,0.0632,0.0632,0.0618,1.8864,0.3650,-0.0097,0.3649,10
2026-03-21T17:54:51.979030,0,0.0597,0.0597,0.0369,1.8711,0.5832,0.4469,0.3747,5
2026-03-21T17:54:51.979030,1,0.1326,0.1326,0.0961,1.9855,0.3178,0.1666,0.2707,24
2026-03-21T17:54:51.979030,2,0.0670,0.0670,0.0654,1.6532,0.6336,0.1582,0.6135,8
2026-03-21T17:54:51.979030,3,0.0512,0.0512,0.0317,1.8816,0.3601,-0.0060,0.3600,9
2026-03-21T17:54:52.049115,0,0.0579,0.0579,0.0488,1.8743,0.5834,0.4470,0.3750,5
2026-03-21T17:54:52.049115,1,0.1282,0.1282,0.0910,1.9841,0.3181,0.1667,0.2709,24
2026-03-21T17:54:52.049115,2,0.0671,0.0642,0.0671,1.6408,0.6396,0.1596,0.6194,8
2026-03-21T17:54:52.049115,3,0.0515,0.0515,0.0287,1.8786,0.3614,-0.0061,0.3614,9
2026-03-21T17:54:52.118766,0,0.0727,0.0727,0.0429,1.8718,0.5822,0.4461,0.3741,5
2026-03-21T17:54:52.118766,1,0.1295,0.1295,0.0958,1.9824,0.3189,0.1670,0.2717,24
2026-03-21T17:54:52.118766,2,0.0747,0.0616,0.0747,1.6494,0.6402,0.1596,0.6200,8
2026-03-21T17:54:52.118766,3,0.0622,0.0622,0.0618,1.8914,0.3606,-0.0096,0.3605,10
2026-03-21T17:54:52.188739,0,0.1233,0.1233,0.0995,1.9841,0.3190,0.1671,0.2718,24
2026-03-21T17:54:52.188739,1,0.1327,0.0621,0.1327,1.6570,0.6468,0.1552,0.6279,9
2026-03-21T17:54:52.188739,2,0.0626,0.0626,0.0548,1.8804,0.3660,-0.0098,0.3659,10
2026-03-21T17:54:52.258357,0,0.1272,0.1272,0.0862,1.9840,0.3187,0.1670,0.2715,24
2026-03-21T17:54:52.258357,1,0.0805,0.0601,0.0805,1.6522,0.6379,0.1590,0.6177,8
2026-03-21T17:54:52.258357,2,0.0627,0.0627,0.0528,1.8804,0.3670,-0.0098,0.3669,10
2026-03-21T17:54:52.329763,0,0.0675,0.0675,0.0460,1.8749,0.5836,0.4472,0.3750,5
2026-03-21T17:54:52.329763,1,0.1274,0.1274,0.0996,1.9890,0.3179,0.1665,0.2708,24
2026-03-21T17:54:52.329763,2,0.1239,0.0639,0.1239,1.6551,0.6476,0.1555,0.6286,9
2026-03-21T17:54:52.329763,3,0.0634,0.0634,0.0630,1.8866,0.3672,-0.0098,0.3671,10
2026-03-21T17:54:52.399636,0,0.0684,0.0684,0.0409,1.8718,0.5850,0.4483,0.3759,5
2026-03-21T17:54:52.399636,1,0.1502,0.1232,0.1502,1.9883,0.3216,0.1653,0.2759,25
2026-03-21T17:54:52.399636,2,0.1169,0.0647,0.1169,1.6579,0.6453,0.1549,0.6265,9
2026-03-21T17:54:52.399636,3,0.0631,0.0631,0.0601,1.8867,0.3661,-0.0096,0.3660,10
2026-03-21T17:54:52.469493,0,0.0668,0.0668,0.0382,1.8711,0.5854,0.4486,0.3761,5
2026-03-21T17:54:52.469493,1,0.1532,0.1333,0.1532,1.9960,0.3221,0.1657,0.2762,25
2026-03-21T17:54:52.469493,2,0.0939,0.0561,0.0939,1.6627,0.6357,0.1584,0.6157,8
2026-03-21T17:54:52.469493,3,0.0623,0.0623,0.0467,1.8792,0.3667,-0.0098,0.3666,10
2026-03-21T17:54:52.539131,0,0.0669,0.0669,0.0412,1.8667,0.5894,0.4516,0.3787,5
2026-03-21T17:54:52.539131,1,0.1330,0.1330,0.0887,1.9856,0.3187,0.1673,0.2713,24
2026-03-21T17:54:52.539131,2,0.1228,0.0637,0.1228,1.6579,0.6460,0.1551,0.6271,9
2026-03-21T17:54:52.539131,3,0.0629,0.0629,0.0513,1.8818,0.3652,-0.0098,0.3651,10
2026-03-21T17:54:52.608121,0,0.0637,0.0637,0.0434,1.8743,0.5846,0.4480,0.3756,5
2026-03-21T17:54:52.608121,1,0.1267,0.1267,0.1219,1.9817,0.3222,0.1659,0.2762,25
2026-03-21T17:54:52.608121,2,0.0873,0.0585,0.0873,1.6541,0.6386,0.1591,0.6185,8
2026-03-21T17:54:52.608121,3,0.0623,0.0623,0.0470,1.8816,0.3650,-0.0097,0.3649,10
2026-03-21T17:54:52.676145,0,0.1347,0.1347,0.1064,1.9864,0.3187,0.1669,0.2715,24
2026-03-21T17:54:52.676145,1,0.0794,0.0600,0.0794,1.6541,0.6392,0.1594,0.6190,8
2026-03-21T17:54:52.676145,2,0.0504,0.0504,0.0220,1.8808,0.3580,-0.0060,0.3579,9
2026-03-21T17:54:52.745947,0,0.0676,0.0676,0.0410,1.8679,0.5884,0.4509,0.3781,5
2026-03-21T17:54:52.745947,1,0.1360,0.1360,0.1008,1.9865,0.3185,0.1669,0.2713,24
2026-03-21T17:54:52.745947,2,0.0758,0.0617,0.0758,1.6465,0.6386,0.1592,0.6184,8
2026-03-21T17:54:52.745947,3,0.0512,0.0512,0.0395,1.8914,0.3580,-0.0060,0.3579,9
2026-03-21T17:54:52.815773,0,0.0619,0.0619,0.0476,1.8698,0.5850,0.4482,0.3760,5
2026-03-21T17:54:52.815773,1,0.1250,0.1250,0.1017,1.9864,0.3183,0.1668,0.2711,24
2026-03-21T17:54:52.815773,2,0.0725,0.0609,0.0725,1.6579,0.6356,0.1585,0.6155,8
2026-03-21T17:54:52.815773,3,0.0520,0.0520,0.0375,1.8854,0.3582,-0.0060,0.3581,9
2026-03-21T17:54:52.884672,0,0.1285,0.1285,0.0935,1.9857,0.3185,0.1669,0.2713,24
2026-03-21T17:54:52.884672,1,0.0842,0.0585,0.0842,1.6589,0.6380,0.1590,0.6179,8
2026-03-21T17:54:52.884672,2,0.0632,0.0632,0.0608,1.8814,0.3663,-0.0100,0.3662,10
2026-03-21T17:54:52.954864,0,0.1287,0.1287,0.0996,1.9899,0.3173,0.1663,0.2702,24
2026-03-21T17:54:52.954864,1,0.0816,0.0604,0.0816,1.6484,0.6401,0.1596,0.6199,8
2026-03-21T17:54:52.954864,2,0.0518,0.0518,0.0409,1.8828,0.3595,-0.0060,0.3595,9
2026-03-21T17:54:53.025214,0,0.0722,0.0722,0.0482,1.8718,0.5876,0.4503,0.3776,5
2026-03-21T17:54:53.025214,1,0.1277,0.1277,0.1021,1.9868,0.3184,0.1667,0.2712,24
2026-03-21T17:54:53.025214,2,0.0883,0.0584,0.0883,1.6532,0.6405,0.1596,0.6203,8
2026-03-21T17:54:53.025214,3,0.0625,0.0625,0.0518,1.8794,0.3650,-0.0098,0.3649,10
2026-03-21T17:54:53.093899,0,0.0628,0.0628,0.0419,1.8655,0.5884,0.4508,0.3781,5
2026-03-21T17:54:53.093899,1,0.1205,0.1205,0.0936,1.9821,0.3184,0.1668,0.2712,24
2026-03-21T17:54:53.093899,2,0.0688,0.0626,0.0688,1.6503,0.6395,0.1595,0.6193,8
2026-03-21T17:54:53.093899,3,0.0628,0.0628,0.0550,1.8816,0.3649,-0.0097,0.3648,10
2026-03-21T17:54:53.164153,0,0.0604,0.0604,0.0461,1.8743,0.5828,0.4465,0.3746,5
2026-03-21T17:54:53.164153,1,0.1309,0.1309,0.0959,1.9881,0.3174,0.1662,0.2704,24
2026-03-21T17:54:53.164153,2,0.0717,0.0620,0.0717,1.6503,0.6380,0.1590,0.6178,8
2026-03-21T17:54:53.164153,3,0.0784,0.0610,0.0784,1.8838,0.3653,-0.0024,0.3653,10
2026-03-21T17:54:53.233744,0,0.1262,0.1262,0.1024,1.9852,0.3179,0.1664,0.2709,24
2026-03-21T17:54:53.233744,1,0.0669,0.0632,0.0669,1.6484,0.6382,0.1592,0.6181,8
2026-03-21T17:54:53.233744,2,0.0509,0.0509,0.0265,1.8854,0.3600,-0.0061,0.3599,9
2026-03-21T17:54:53.303877,0,0.1275,0.1275,0.1045,1.9873,0.3181,0.1666,0.2709,24
2026-03-21T17:54:53.303877,1,0.0883,0.0583,0.0883,1.6541,0.6400,0.1595,0.6198,8
2026-03-21T17:54:53.303877,2,0.0622,0.0622,0.0475,1.8834,0.3633,-0.0095,0.3632,10
2026-03-21T17:54:53.374717,0,0.1348,0.1337,0.1348,1.9928,0.3198,0.1647,0.2741,25
2026-03-21T17:54:53.374717,1,0.1239,0.0639,0.1239,1.6551,0.6459,0.1551,0.6270,9
2026-03-21T17:54:53.374717,2,0.0628,0.0628,0.0548,1.8844,0.3642,-0.0098,0.3641,10
2026-03-21T17:54:53.445129,0,0.1097,0.1097,0.0417,1.8692,0.5798,0.4380,0.3798,6
2026-03-21T17:54:53.445129,1,0.1299,0.1299,0.0975,1.9850,0.3176,0.1666,0.2704,24
2026-03-21T17:54:53.445129,2,0.0940,0.0567,0.0940,1.6579,0.6382,0.1590,0.6181,8
2026-03-21T17:54:53.445129,3,0.0720,0.0629,0.0720,1.8986,0.3627,-0.0095,0.3626,10
2026-03-21T17:54:53.514503,0,0.0698,0.0698,0.0421,1.8663,0.5894,0.4516,0.3787,5
2026-03-21T17:54:53.514503,1,0.1238,0.1238,0.0924,1.9865,0.3170,0.1660,0.2701,24
2026-03-21T17:54:53.514503,2,0.0784,0.0599,0.0784,1.6570,0.6380,0.1590,0.6179,8
2026-03-21T17:54:53.514503,3,0.0518,0.0518,0.0373,1.8792,0.3610,-0.0060,0.3609,9
2026-03-21T17:54:53.583418,0,0.1314,0.1314,0.1034,1.9881,0.3200,0.1674,0.2727,24
2026-03-21T17:54:53.583418,1,0.0698,0.0627,0.0698,1.6484,0.6382,0.1592,0.6181,8
2026-03-21T17:54:53.583418,2,0.0504,0.0504,0.0287,1.8856,0.3582,-0.0061,0.3581,9
2026-03-21T17:54:53.652837,0,0.1367,0.1367,0.1067,1.9848,0.3201,0.1677,0.2726,24
2026-03-21T17:54:53.652837,1,0.0668,0.0629,0.0668,1.6513,0.6364,0.1587,0.6163,8
2026-03-21T17:54:53.652837,2,0.0512,0.0512,0.0305,1.8834,0.3595,-0.0061,0.3595,9
2026-03-21T17:54:53.722245,0,0.1426,0.1295,0.1426,1.9873,0.3204,0.1648,0.2747,25
2026-03-21T17:54:53.722245,1,0.0855,0.0594,0.0855,1.6503,0.6400,0.1595,0.6198,8
2026-03-21T17:54:53.722245,2,0.0627,0.0627,0.0523,1.8808,0.3664,-0.0098,0.3663,10
2026-03-21T17:54:53.791398,0,0.0582,0.0582,0.0351,1.8680,0.5842,0.4476,0.3754,5
2026-03-21T17:54:53.791398,1,0.1267,0.1267,0.1079,1.9888,0.3196,0.1673,0.2724,24
2026-03-21T17:54:53.791398,2,0.0842,0.0585,0.0842,1.6589,0.6376,0.1588,0.6175,8
2026-03-21T17:54:53.791398,3,0.0621,0.0621,0.0508,1.8824,0.3637,-0.0096,0.3636,10
2026-03-21T17:54:53.860338,0,0.1346,0.1346,0.0931,1.9872,0.3184,0.1670,0.2711,24
2026-03-21T17:54:53.860338,1,0.0786,0.0607,0.0786,1.6503,0.6394,0.1594,0.6192,8
2026-03-21T17:54:53.860338,2,0.0520,0.0520,0.0379,1.8828,0.3604,-0.0060,0.3604,9
2026-03-21T17:54:53.931165,0,0.0669,0.0669,0.0456,1.8718,0.5872,0.4499,0.3773,5
2026-03-21T17:54:53.931165,1,0.1232,0.1232,0.1037,1.9837,0.3179,0.1663,0.2709,24
2026-03-21T17:54:53.931165,2,0.0666,0.0666,0.0574,1.6370,0.6404,0.1598,0.6201,8
2026-03-21T17:54:53.931165,3,0.0634,0.0634,0.0597,1.8814,0.3658,-0.0099,0.3657,10
2026-03-21T17:54:53.931165,4,0.0681,0.0225,0.0681,1.7145,0.6122,-0.2871,0.5407,5
2026-03-21T17:54:54.001257,0,0.1030,0.1030,0.0374,1.8705,0.5789,0.4373,0.3793,6
2026-03-21T17:54:54.001257,1,0.1251,0.1251,0.0919,1.9860,0.3162,0.1656,0.2694,24
2026-03-21T17:54:54.001257,2,0.0872,0.0583,0.0872,1.6560,0.6360,0.1584,0.6159,8
2026-03-21T17:54:54.001257,3,0.0624,0.0624,0.0427,1.8772,0.3689,-0.0097,0.3688,10
2026-03-21T17:54:54.001257,4,0.0708,0.0192,0.0708,1.7162,0.6120,-0.2869,0.5406,5
2026-03-21T17:54:54.070349,0,0.0667,0.0667,0.0377,1.8666,0.5872,0.4500,0.3773,5
2026-03-21T17:54:54.070349,1,0.1319,0.1319,0.1007,1.9826,0.3186,0.1670,0.2714,24
2026-03-21T17:54:54.070349,2,0.0958,0.0556,0.0958,1.6636,0.6369,0.1586,0.6168,8
2026-03-21T17:54:54.070349,3,0.0632,0.0632,0.0530,1.8796,0.3662,-0.0098,0.3661,10
2026-03-21T17:54:54.070349,4,0.0731,0.0142,0.0731,1.7249,0.6086,-0.2853,0.5376,5
2026-03-21T17:54:54.140540,0,0.1337,0.1337,0.0972,1.9856,0.3187,0.1671,0.2713,24
2026-03-21T17:54:54.140540,1,0.0796,0.0607,0.0796,1.6484,0.6384,0.1591,0.6182,8
2026-03-21T17:54:54.140540,2,0.0622,0.0622,0.0541,1.8887,0.3638,-0.0095,0.3637,10
2026-03-21T17:54:54.140540,3,0.0592,0.0230,0.0592,1.7136,0.6104,-0.2863,0.5391,5
2026-03-21T17:54:54.210192,0,0.0914,0.0914,0.0555,1.8692,0.5861,0.4425,0.3843,6
2026-03-21T17:54:54.210192,1,0.1330,0.1330,0.0976,1.9841,0.3188,0.1671,0.2715,24
2026-03-21T17:54:54.210192,2,0.0805,0.0601,0.0805,1.6522,0.6384,0.1591,0.6182,8
2026-03-21T17:54:54.210192,3,0.0520,0.0520,0.0435,1.8844,0.3630,-0.0061,0.3629,9
2026-03-21T17:54:54.210192,4,0.0591,0.0198,0.0591,1.7145,0.6120,-0.2870,0.5405,5
2026-03-21T17:54:54.279958,0,0.0723,0.0723,0.0359,1.8661,0.5888,0.4512,0.3783,5
2026-03-21T17:54:54.279958,1,0.1292,0.1271,0.1292,1.9834,0.3205,0.1651,0.2747,25
2026-03-21T17:54:54.279958,2,0.1219,0.0643,0.1219,1.6551,0.6440,0.1546,0.6252,9
2026-03-21T17:54:54.279958,3,0.0623,0.0623,0.0462,1.8817,0.3651,-0.0095,0.3650,10
2026-03-21T17:54:54.279958,4,0.0547,0.0222,0.0547,1.7128,0.6108,-0.2865,0.5395,5
2026-03-21T17:54:54.350429,0,0.0676,0.0676,0.0329,1.8698,0.5838,0.4474,0.3750,5
2026-03-21T17:54:54.350429,1,0.1309,0.1309,0.1042,1.9880,0.3200,0.1676,0.2726,24
2026-03-21T17:54:54.350429,2,0.0893,0.0583,0.0893,1.6532,0.6389,0.1592,0.6187,8
2026-03-21T17:54:54.350429,3,0.0521,0.0521,0.0307,1.8816,0.3591,-0.0062,0.3590,9
2026-03-21T17:54:54.350429,4,0.0556,0.0226,0.0556,1.7128,0.6128,-0.2874,0.5412,5
2026-03-21T17:54:54.420249,0,0.1296,0.1296,0.1003,1.9840,0.3196,0.1673,0.2722,24
2026-03-21T17:54:54.420249,1,0.0700,0.0634,0.0700,1.6427,0.6404,0.1597,0.6201,8
2026-03-21T17:54:54.420249,2,0.0520,0.0520,0.0447,1.8826,0.3614,-0.0060,0.3614,9
2026-03-21T17:54:54.420249,3,0.0468,0.0260,0.0468,1.7084,0.6108,-0.2866,0.5394,5
2026-03-21T17:54:54.490130,0,0.0622,0.0622,0.0469,1.8718,0.5864,0.4493,0.3768,5
2026-03-21T17:54:54.490130,1,0.1295,0.1295,0.0865,1.9824,0.3191,0.1672,0.2718,24
2026-03-21T17:54:54.490130,2,0.0653,0.0653,0.0612,1.6408,0.6397,0.1596,0.6195,8
2026-03-21T17:54:54.490130,3,0.0515,0.0515,0.0307,1.8836,0.3590,-0.0061,0.3589,9
2026-03-21T17:54:54.490130,4,0.0929,0.0236,0.0929,1.7154,0.6191,-0.2853,0.5494,6
2026-03-21T17:54:54.558991,0,0.0647,0.0647,0.0392,1.8667,0.5904,0.4524,0.3794,5
2026-03-21T17:54:54.558991,1,0.1338,0.1338,0.0975,1.9897,0.3174,0.1663,0.2704,24
2026-03-21T17:54:54.558991,2,0.0863,0.0588,0.0863,1.6532,0.6394,0.1593,0.6192,8
2026-03-21T17:54:54.558991,3,0.0628,0.0628,0.0586,1.8882,0.3639,-0.0097,0.3638,10
2026-03-21T17:54:54.558991,4,0.0617,0.0173,0.0617,1.7188,0.6110,-0.2865,0.5397,5
2026-03-21T17:54:54.628301,0,0.0596,0.0596,0.0389,1.8718,0.5862,0.4492,0.3767,5
2026-03-21T17:54:54.628301,1,0.1264,0.1264,0.1018,1.9874,0.3189,0.1670,0.2717,24
2026-03-21T17:54:54.628301,2,0.1316,0.0619,0.1316,1.6598,0.6468,0.1552,0.6279,9
2026-03-21T17:54:54.628301,3,0.0623,0.0623,0.0480,1.8816,0.3658,-0.0097,0.3657,10
2026-03-21T17:54:54.628301,4,0.0548,0.0250,0.0548,1.7110,0.6116,-0.2869,0.5402,5
2026-03-21T17:54:54.697220,0,0.1299,0.1299,0.0930,1.9834,0.3196,0.1674,0.2723,24
2026-03-21T17:54:54.697220,1,0.0814,0.0595,0.0814,1.6551,0.6374,0.1588,0.6173,8
2026-03-21T17:54:54.697220,2,0.0626,0.0626,0.0490,1.8826,0.3638,-0.0096,0.3637,10
2026-03-21T17:54:54.697220,3,0.0529,0.0248,0.0529,1.7136,0.6092,-0.2858,0.5380,5
2026-03-21T17:54:54.767088,0,0.0706,0.0706,0.0477,1.8679,0.5890,0.4513,0.3785,5
2026-03-21T17:54:54.767088,1,0.1215,0.1215,0.0960,1.9845,0.3185,0.1667,0.2714,24
2026-03-21T17:54:54.767088,2,0.0656,0.0656,0.0592,1.6418,0.6379,0.1591,0.6177,8
2026-03-21T17:54:54.767088,3,0.0630,0.0630,0.0600,1.8866,0.3655,-0.0097,0.3654,10
2026-03-21T17:54:54.767088,4,0.0493,0.0224,0.0493,1.7145,0.6074,-0.2849,0.5364,5
2026-03-21T17:54:54.836044,0,0.1321,0.1321,0.0967,1.9889,0.3194,0.1673,0.2720,24
2026-03-21T17:54:54.836044,1,0.0723,0.0617,0.0723,1.6532,0.6384,0.1591,0.6182,8
2026-03-21T17:54:54.836044,2,0.0618,0.0618,0.0488,1.8824,0.3651,-0.0098,0.3650,10
2026-03-21T17:54:54.836044,3,0.0546,0.0243,0.0546,1.7154,0.6074,-0.2849,0.5365,5
2026-03-21T17:54:54.906641,0,0.0669,0.0669,0.0350,1.8692,0.5858,0.4489,0.3764,5
2026-03-21T17:54:54.906641,1,0.1302,0.1302,0.0850,1.9857,0.3176,0.1663,0.2706,24
2026-03-21T17:54:54.906641,2,0.0804,0.0598,0.0804,1.6541,0.6390,0.1593,0.6188,8
2026-03-21T17:54:54.906641,3,0.0622,0.0622,0.0588,1.8874,0.3645,-0.0099,0.3644,10
2026-03-21T17:54:54.906641,4,0.0601,0.0226,0.0601,1.7128,0.6128,-0.2874,0.5412,5
2026-03-21T17:54:54.975904,0,0.0682,0.0682,0.0415,1.8724,0.5836,0.4472,0.3750,5
2026-03-21T17:54:54.975904,1,0.1507,0.1235,0.1507,1.9888,0.3226,0.1656,0.2768,25
2026-03-21T17:54:54.975904,2,0.0646,0.0645,0.0646,1.6475,0.6392,0.1595,0.6190,8
2026-03-21T17:54:54.975904,3,0.0630,0.0630,0.0602,1.8808,0.3650,-0.0099,0.3649,10
2026-03-21T17:54:54.975904,4,0.0583,0.0235,0.0583,1.7136,0.6098,-0.2860,0.5386,5
2026-03-21T17:54:55.047055,0,0.0682,0.0682,0.0416,1.8692,0.5862,0.4492,0.3767,5
2026-03-21T17:54:55.047055,1,0.1302,0.1302,0.0937,1.9840,0.3187,0.1671,0.2714,24
2026-03-21T17:54:55.047055,2,0.0748,0.0619,0.0748,1.6465,0.6410,0.1599,0.6207,8
2026-03-21T17:54:55.047055,3,0.0623,0.0623,0.0458,1.8814,0.3670,-0.0097,0.3669,10
2026-03-21T17:54:55.047055,4,0.0493,0.0253,0.0493,1.7128,0.6074,-0.2849,0.5364,5
2026-03-21T17:54:55.115737,0,0.0674,0.0674,0.0324,1.8686,0.5822,0.4462,0.3740,5
2026-03-21T17:54:55.115737,1,0.1281,0.1281,0.1021,1.9849,0.3184,0.1668,0.2713,24
2026-03-21T17:54:55.115737,2,0.0822,0.0588,0.0822,1.6598,0.6372,0.1588,0.6171,8
2026-03-21T17:54:55.115737,3,0.0624,0.0624,0.0553,1.8848,0.3631,-0.0097,0.3630,10
2026-03-21T17:54:55.115737,4,0.0555,0.0224,0.0555,1.7162,0.6082,-0.2853,0.5372,5
2026-03-21T17:54:55.185761,0,0.1260,0.1260,0.0947,1.9850,0.3175,0.1663,0.2705,24
2026-03-21T17:54:55.185761,1,0.0689,0.0689,0.0626,1.6475,0.6345,0.1585,0.6144,8
2026-03-21T17:54:55.185761,2,0.0652,0.0641,0.0652,1.8808,0.3670,-0.0100,0.3669,10
2026-03-21T17:54:55.185761,3,0.0441,0.0273,0.0441,1.7093,0.6088,-0.2856,0.5376,5
2026-03-21T17:54:55.256155,0,0.1371,0.1311,0.1371,1.9846,0.3222,0.1657,0.2763,25
2026-03-21T17:54:55.256155,1,0.1123,0.0671,0.1123,1.6475,0.6462,0.1552,0.6273,9
2026-03-21T17:54:55.256155,2,0.0617,0.0617,0.0499,1.8854,0.3643,-0.0097,0.3642,10
2026-03-21T17:54:55.256155,3,0.0591,0.0252,0.0591,1.7145,0.6092,-0.2857,0.5380,5
2026-03-21T17:54:55.325593,0,0.0713,0.0713,0.0264,1.8686,0.5828,0.4467,0.3744,5
2026-03-21T17:54:55.325593,1,0.1305,0.1303,0.1305,1.9856,0.3206,0.1651,0.2748,25
2026-03-21T17:54:55.325593,2,0.0987,0.0548,0.0987,1.6655,0.6359,0.1583,0.6158,8
2026-03-21T17:54:55.325593,3,0.0510,0.0510,0.0445,1.8874,0.3582,-0.0059,0.3581,9
2026-03-21T17:54:55.325593,4,0.0620,0.0218,0.0620,1.7110,0.6144,-0.2881,0.5427,5
2026-03-21T17:54:55.394863,0,0.0977,0.0977,0.0388,1.8705,0.5771,0.4359,0.3782,6
2026-03-21T17:54:55.394863,1,0.1244,0.1244,0.1055,1.9864,0.3187,0.1668,0.2715,24
2026-03-21T17:54:55.394863,2,0.0882,0.0580,0.0882,1.6570,0.6370,0.1587,0.6169,8
2026-03-21T17:54:55.394863,3,0.0625,0.0625,0.0540,1.8826,0.3678,-0.0098,0.3677,10
2026-03-21T17:54:55.394863,4,0.0556,0.0194,0.0556,1.7136,0.6116,-0.2868,0.5402,5
2026-03-21T17:54:55.463912,0,0.0611,0.0611,0.0389,1.8718,0.5806,0.4449,0.3731,5
2026-03-21T17:54:55.463912,1,0.1326,0.1326,0.0898,1.9858,0.3185,0.1669,0.2712,24
2026-03-21T17:54:55.463912,2,0.0853,0.0588,0.0853,1.6551,0.6401,0.1596,0.6199,8
2026-03-21T17:54:55.463912,3,0.0614,0.0614,0.0459,1.8854,0.3631,-0.0097,0.3630,10
2026-03-21T17:54:55.463912,4,0.0485,0.0259,0.0485,1.7110,0.6128,-0.2875,0.5412,5
2026-03-21T17:54:55.533183,0,0.0643,0.0643,0.0467,1.8743,0.5830,0.4467,0.3747,5
2026-03-21T17:54:55.533183,1,0.1229,0.1229,0.0976,1.9832,0.3190,0.1669,0.2718,24
2026-03-21T17:54:55.533183,2,0.1308,0.0627,0.1308,1.6551,0.6486,0.1557,0.6296,9
2026-03-21T17:54:55.533183,3,0.0611,0.0611,0.0575,1.8904,0.3646,-0.0095,0.3645,10
2026-03-21T17:54:55.533183,4,0.0504,0.0266,0.0504,1.7102,0.6114,-0.2868,0.5400,5
2026-03-21T17:54:55.604138,0,0.0598,0.0598,0.0422,1.8718,0.5842,0.4476,0.3754,5
2026-03-21T17:54:55.604138,1,0.1370,0.1370,0.0957,1.9860,0.3189,0.1671,0.2716,24
2026-03-21T17:54:55.604138,2,0.0665,0.0635,0.0665,1.6475,0.6384,0.1592,0.6182,8
2026-03-21T17:54:55.604138,3,0.0513,0.0513,0.0278,1.8844,0.3589,-0.0125,0.3586,9
2026-03-21T17:54:55.604138,4,0.0414,0.0267,0.0414,1.7093,0.6112,-0.2868,0.5398,5
2026-03-21T17:54:55.673055,0,0.0625,0.0625,0.0434,1.8696,0.5828,0.4465,0.3746,5
2026-03-21T17:54:55.673055,1,0.1250,0.1250,0.0937,1.9849,0.3166,0.1659,0.2696,24
2026-03-21T17:54:55.673055,2,0.0706,0.0616,0.0706,1.6551,0.6366,0.1587,0.6165,8
2026-03-21T17:54:55.673055,3,0.0508,0.0508,0.0140,1.8816,0.3572,-0.0125,0.3570,9
2026-03-21T17:54:55.673055,4,0.0914,0.0249,0.0914,1.7102,0.6254,-0.2882,0.5550,6
2026-03-21T17:54:55.742164,0,0.0673,0.0673,0.0402,1.8730,0.5798,0.4443,0.3725,5
2026-03-21T17:54:55.742164,1,0.1309,0.1309,0.0935,1.9848,0.3193,0.1672,0.2720,24
2026-03-21T17:54:55.742164,2,0.0912,0.0575,0.0912,1.6560,0.6409,0.1597,0.6206,8
2026-03-21T17:54:55.742164,3,0.0623,0.0623,0.0519,1.8838,0.3653,-0.0096,0.3652,10
2026-03-21T17:54:55.742164,4,0.0467,0.0239,0.0467,1.7119,0.6132,-0.2877,0.5415,5
2026-03-21T17:54:55.812675,0,0.0978,0.0978,0.0441,1.8686,0.5816,0.4392,0.3812,6
2026-03-21T17:54:55.812675,1,0.1365,0.1365,0.0915,1.9837,0.3185,0.1671,0.2711,24
2026-03-21T17:54:55.812675,2,0.0921,0.0570,0.0921,1.6589,0.6404,0.1595,0.6202,8
2026-03-21T17:54:55.812675,3,0.0623,0.0623,0.0475,1.8824,0.3667,-0.0097,0.3666,10
2026-03-21T17:54:55.812675,4,0.0897,0.0269,0.0897,1.7067,0.6261,-0.2885,0.5556,6
2026-03-21T17:54:55.881964,0,0.0719,0.0719,0.0436,1.8718,0.5812,0.4454,0.3735,5
2026-03-21T17:54:55.881964,1,0.1250,0.1250,0.0917,1.9848,0.3189,0.1671,0.2716,24
2026-03-21T17:54:55.881964,2,0.0852,0.0585,0.0852,1.6570,0.6384,0.1591,0.6182,8
2026-03-21T17:54:55.881964,3,0.0620,0.0620,0.0419,1.8799,0.3658,-0.0096,0.3657,10
2026-03-21T17:54:55.881964,4,0.0405,0.0273,0.0405,1.7076,0.6144,-0.2883,0.5426,5
2026-03-21T17:54:55.952208,0,0.0659,0.0659,0.0389,1.8711,0.5822,0.4461,0.3741,5
2026-03-21T17:54:55.952208,1,0.1292,0.1292,0.0943,1.9912,0.3183,0.1668,0.2711,24
2026-03-21T17:54:55.952208,2,0.1394,0.0601,0.1394,1.6627,0.6462,0.1550,0.6274,9
2026-03-21T17:54:55.952208,3,0.0715,0.0715,0.0574,1.8789,0.3699,-0.0130,0.3696,11
2026-03-21T17:54:55.952208,4,0.0888,0.0256,0.0888,1.7067,0.6266,-0.2888,0.5560,6
2026-03-21T17:54:56.022216,0,0.1253,0.1253,0.0974,1.9802,0.3205,0.1679,0.2730,24
2026-03-21T17:54:56.022216,1,0.0765,0.0607,0.0765,1.6532,0.6399,0.1595,0.6197,8
2026-03-21T17:54:56.022216,2,0.0607,0.0607,0.0505,1.8844,0.3634,-0.0094,0.3633,10
2026-03-21T17:54:56.022216,3,0.0815,0.0303,0.0815,1.7084,0.6206,-0.2861,0.5507,6
2026-03-21T17:54:56.092268,0,0.0598,0.0598,0.0433,1.8755,0.5806,0.4449,0.3731,5
2026-03-21T17:54:56.092268,1,0.1287,0.1287,0.0917,1.9848,0.3185,0.1669,0.2713,24
2026-03-21T17:54:56.092268,2,0.0660,0.0640,0.0660,1.6437,0.6400,0.1596,0.6198,8
2026-03-21T17:54:56.092268,3,0.0623,0.0623,0.0507,1.8806,0.3668,-0.0095,0.3667,10
2026-03-21T17:54:56.092268,4,0.0777,0.0283,0.0777,1.7110,0.6204,-0.2861,0.5505,6
2026-03-21T17:54:56.161251,0,0.0605,0.0605,0.0434,1.8743,0.5814,0.4455,0.3736,5
2026-03-21T17:54:56.161251,1,0.1287,0.1287,0.0989,1.9864,0.3190,0.1671,0.2718,24
2026-03-21T17:54:56.161251,2,0.0798,0.0612,0.0798,1.6446,0.6410,0.1598,0.6207,8
2026-03-21T17:54:56.161251,3,0.0612,0.0612,0.0459,1.8828,0.3641,-0.0095,0.3640,10
2026-03-21T17:54:56.161251,4,0.0320,0.0320,0.0317,1.7024,0.6144,-0.2884,0.5425,5
2026-03-21T17:54:56.231254,0,0.0681,0.0681,0.0376,1.8705,0.5824,0.4463,0.3742,5
2026-03-21T17:54:56.231254,1,0.1405,0.1280,0.1405,1.9852,0.3232,0.1662,0.2772,25
2026-03-21T17:54:56.231254,2,0.1267,0.0629,0.1267,1.6589,0.6458,0.1550,0.6269,9
2026-03-21T17:54:56.231254,3,0.0622,0.0622,0.0449,1.8808,0.3664,-0.0096,0.3663,10
2026-03-21T17:54:56.231254,4,0.0333,0.0307,0.0333,1.7084,0.6104,-0.2865,0.5390,5
2026-03-21T17:54:56.300155,0,0.0649,0.0649,0.0481,1.8750,0.5804,0.4447,0.3730,5
2026-03-21T17:54:56.300155,1,0.1280,0.1280,0.1019,1.9903,0.3178,0.1664,0.2708,24
2026-03-21T17:54:56.300155,2,0.1299,0.0632,0.1299,1.6532,0.6476,0.1553,0.6286,9
2026-03-21T17:54:56.300155,3,0.0618,0.0618,0.0465,1.8854,0.3647,-0.0095,0.3646,10
2026-03-21T17:54:56.300155,4,0.0896,0.0258,0.0896,1.7093,0.6236,-0.2874,0.5534,6
2026-03-21T17:54:56.370148,0,0.1313,0.1313,0.0987,1.9834,0.3194,0.1674,0.2721,24
2026-03-21T17:54:56.370148,1,0.0688,0.0627,0.0688,1.6494,0.6386,0.1593,0.6184,8
2026-03-21T17:54:56.370148,2,0.0618,0.0618,0.0447,1.8792,0.3639,-0.0097,0.3638,10
2026-03-21T17:54:56.370148,3,0.0325,0.0318,0.0325,1.7058,0.6128,-0.2876,0.5411,5
2026-03-21T17:54:56.439622,0,0.0581,0.0581,0.0461,1.8743,0.5818,0.4458,0.3739,5
2026-03-21T17:54:56.439622,1,0.1323,0.1323,0.0935,1.9848,0.3182,0.1667,0.2710,24
2026-03-21T17:54:56.439622,2,0.0873,0.0584,0.0873,1.6551,0.6391,0.1593,0.6189,8
2026-03-21T17:54:56.439622,3,0.0624,0.0624,0.0537,1.8836,0.3664,-0.0096,0.3663,10
2026-03-21T17:54:56.439622,4,0.0940,0.0238,0.0940,1.7128,0.6231,-0.2871,0.5530,6
2026-03-21T17:54:56.509677,0,0.0605,0.0605,0.0462,1.8724,0.5842,0.4476,0.3754,5
2026-03-21T17:54:56.509677,1,0.1284,0.1284,0.0971,1.9856,0.3185,0.1669,0.2713,24
2026-03-21T17:54:56.509677,2,0.0871,0.0579,0.0871,1.6589,0.6382,0.1590,0.6181,8
2026-03-21T17:54:56.509677,3,0.0624,0.0624,0.0439,1.8794,0.3652,-0.0097,0.3651,10
2026-03-21T17:54:56.509677,4,0.0814,0.0298,0.0814,1.7093,0.6211,-0.2863,0.5511,6
2026-03-21T17:54:56.578831,0,0.1287,0.1287,0.0918,1.9821,0.3207,0.1680,0.2732,24
2026-03-21T17:54:56.578831,1,0.0776,0.0609,0.0776,1.6503,0.6376,0.1590,0.6175,8
2026-03-21T17:54:56.578831,2,0.0610,0.0610,0.0369,1.8814,0.3639,-0.0096,0.3638,10
2026-03-21T17:54:56.578831,3,0.0901,0.0226,0.0901,1.7171,0.6201,-0.2858,0.5503,6
2026-03-21T17:54:56.649208,0,0.0697,0.0697,0.0389,1.8718,0.5822,0.4462,0.3741,5
2026-03-21T17:54:56.649208,1,0.1293,0.1293,0.1028,1.9865,0.3179,0.1666,0.2707,24
2026-03-21T17:54:56.649208,2,0.0728,0.0621,0.0728,1.6484,0.6382,0.1591,0.6181,8
2026-03-21T17:54:56.649208,3,0.0625,0.0625,0.0479,1.8804,0.3651,-0.0097,0.3650,10
2026-03-21T17:54:56.649208,4,0.0851,0.0277,0.0851,1.7076,0.6224,-0.2869,0.5523,6
2026-03-21T17:54:56.719246,0,0.0735,0.0735,0.0522,1.8724,0.5852,0.4484,0.3761,5
2026-03-21T17:54:56.719246,1,0.1257,0.1257,0.0967,1.9880,0.3187,0.1669,0.2716,24
2026-03-21T17:54:56.719246,2,0.1287,0.0627,0.1287,1.6579,0.6469,0.1553,0.6280,9
2026-03-21T17:54:56.719246,3,0.0625,0.0625,0.0570,1.8896,0.3646,-0.0096,0.3645,10
2026-03-21T17:54:56.719246,4,0.0386,0.0278,0.0386,1.7119,0.6124,-0.2874,0.5408,5
2026-03-21T17:54:56.789365,0,0.0651,0.0651,0.0475,1.8724,0.5850,0.4482,0.3759,5
2026-03-21T17:54:56.789365,1,0.1295,0.1295,0.1012,1.9840,0.3187,0.1670,0.2715,24
2026-03-21T17:54:56.789365,2,0.0786,0.0607,0.0786,1.6503,0.6415,0.1599,0.6212,8
2026-03-21T17:54:56.789365,3,0.0633,0.0633,0.0540,1.8806,0.3664,-0.0097,0.3663,10
2026-03-21T17:54:56.789365,4,0.0833,0.0265,0.0833,1.7084,0.6222,-0.2868,0.5522,6
2026-03-21T17:54:56.858793,0,0.0947,0.0947,0.0410,1.8699,0.5784,0.4368,0.3791,6
2026-03-21T17:54:56.858793,1,0.1344,0.1298,0.1344,1.9848,0.3235,0.1665,0.2774,25
2026-03-21T17:54:56.858793,2,0.0929,0.0564,0.0929,1.6617,0.6384,0.1590,0.6182,8
2026-03-21T17:54:56.858793,3,0.0625,0.0625,0.0479,1.8804,0.3674,-0.0098,0.3673,10
2026-03-21T17:54:56.858793,4,0.0836,0.0294,0.0836,1.7015,0.6259,-0.2885,0.5554,6
2026-03-21T17:54:56.929089,0,0.1284,0.1284,0.0977,1.9880,0.3191,0.1671,0.2719,24
2026-03-21T17:54:56.929089,1,0.0883,0.0584,0.0883,1.6532,0.6407,0.1597,0.6205,8
2026-03-21T17:54:56.929089,2,0.0620,0.0620,0.0410,1.8786,0.3664,-0.0098,0.3663,10
2026-03-21T17:54:56.929089,3,0.0822,0.0256,0.0822,1.7119,0.6221,-0.2868,0.5520,6
2026-03-21T17:54:56.997842,0,0.0558,0.0558,0.0390,1.8692,0.5830,0.4467,0.3747,5
2026-03-21T17:54:56.997842,1,0.1297,0.1297,0.0993,1.9840,0.3190,0.1671,0.2717,24
2026-03-21T17:54:56.997842,2,0.1290,0.0636,0.1290,1.6513,0.6490,0.1558,0.6300,9
2026-03-21T17:54:56.997842,3,0.0497,0.0497,0.0468,1.8947,0.3590,-0.0058,0.3589,9
2026-03-21T17:54:56.997842,4,0.0396,0.0276,0.0396,1.7093,0.6114,-0.2869,0.5399,5
2026-03-21T17:54:57.066936,0,0.0658,0.0658,0.0474,1.8737,0.5816,0.4456,0.3738,5
2026-03-21T17:54:57.066936,1,0.1241,0.1241,0.0917,1.9858,0.3183,0.1667,0.2711,24
2026-03-21T17:54:57.066936,2,0.0708,0.0625,0.0708,1.6484,0.6419,0.1601,0.6216,8
2026-03-21T17:54:57.066936,3,0.0620,0.0620,0.0490,1.8836,0.3637,-0.0097,0.3636,10
2026-03-21T17:54:57.066936,4,0.0805,0.0258,0.0805,1.7093,0.6236,-0.2875,0.5533,6
2026-03-21T17:54:57.136565,0,0.1357,0.1357,0.1071,1.9824,0.3184,0.1668,0.2711,24
2026-03-21T17:54:57.136565,1,0.0774,0.0601,0.0774,1.6570,0.6365,0.1586,0.6164,8
2026-03-21T17:54:57.136565,2,0.0517,0.0517,0.0395,1.8854,0.3581,-0.0060,0.3580,9
2026-03-21T17:54:57.136565,3,0.0769,0.0289,0.0769,1.7093,0.6221,-0.2868,0.5520,6
2026-03-21T17:54:57.206106,0,0.0575,0.0575,0.0343,1.8685,0.5846,0.4480,0.3756,5
2026-03-21T17:54:57.206106,1,0.1298,0.1298,0.0880,1.9840,0.3175,0.1663,0.2704,24
2026-03-21T17:54:57.206106,2,0.0902,0.0577,0.0902,1.6560,0.6400,0.1594,0.6198,8
2026-03-21T17:54:57.206106,3,0.0618,0.0618,0.0429,1.8824,0.3638,-0.0095,0.3637,10
2026-03-21T17:54:57.206106,4,0.0815,0.0298,0.0815,1.7084,0.6209,-0.2862,0.5510,6
2026-03-21T17:54:57.275879,0,0.0690,0.0690,0.0377,1.8692,0.5846,0.4480,0.3756,5
2026-03-21T17:54:57.275879,1,0.1426,0.1305,0.1426,1.9864,0.3221,0.1656,0.2762,25
2026-03-21T17:54:57.275879,2,0.1221,0.0651,0.1221,1.6494,0.6479,0.1556,0.6289,9
2026-03-21T17:54:57.275879,3,0.0622,0.0622,0.0483,1.8848,0.3635,-0.0095,0.3634,10
2026-03-21T17:54:57.275879,4,0.0824,0.0277,0.0824,1.7076,0.6222,-0.2868,0.5522,6
2026-03-21T17:54:57.345007,0,0.0643,0.0643,0.0408,1.8730,0.5806,0.4449,0.3731,5
2026-03-21T17:54:57.345007,1,0.1318,0.1318,0.0998,1.9873,0.3168,0.1660,0.2698,24
2026-03-21T17:54:57.345007,2,0.1192,0.0659,0.1192,1.6475,0.6473,0.1554,0.6284,9
2026-03-21T17:54:57.345007,3,0.0497,0.0497,0.0478,1.8947,0.3576,-0.0058,0.3576,9
2026-03-21T17:54:57.345007,4,0.0324,0.0312,0.0324,1.7076,0.6110,-0.2867,0.5396,5
2026-03-21T17:54:57.415191,0,0.1339,0.1339,0.0970,1.9864,0.3167,0.1661,0.2696,24
2026-03-21T17:54:57.415191,1,0.0863,0.0586,0.0863,1.6551,0.6374,0.1588,0.6173,8
2026-03-21T17:54:57.415191,2,0.0620,0.0620,0.0538,1.8904,0.3641,-0.0097,0.3640,10
2026-03-21T17:54:57.415191,3,0.0387,0.0281,0.0387,1.7084,0.6142,-0.2882,0.5424,5
2026-03-21T17:54:57.485210,0,0.0714,0.0714,0.0442,1.8718,0.5862,0.4492,0.3767,5
2026-03-21T17:54:57.485210,1,0.1271,0.1271,0.1008,1.9864,0.3173,0.1663,0.2703,24
2026-03-21T17:54:57.485210,2,0.0874,0.0588,0.0874,1.6522,0.6394,0.1594,0.6192,8
2026-03-21T17:54:57.485210,3,0.0624,0.0624,0.0581,1.8907,0.3633,-0.0095,0.3632,10
2026-03-21T17:54:57.485210,4,0.0930,0.0234,0.0930,1.7128,0.6251,-0.2881,0.5547,6
2026-03-21T17:54:57.555037,0,0.0675,0.0675,0.0410,1.8698,0.5854,0.4486,0.3761,5
2026-03-21T17:54:57.555037,1,0.1222,0.1222,0.0940,1.9834,0.3181,0.1666,0.2710,24
2026-03-21T17:54:57.555037,2,0.1183,0.0661,0.1183,1.6475,0.6478,0.1556,0.6288,9
2026-03-21T17:54:57.555037,3,0.0619,0.0619,0.0457,1.8816,0.3657,-0.0096,0.3656,10
2026-03-21T17:54:57.555037,4,0.0869,0.0281,0.0869,1.7076,0.6232,-0.2872,0.5531,6
2026-03-21T17:54:57.624689,0,0.0610,0.0610,0.0428,1.8730,0.5806,0.4449,0.3731,5
2026-03-21T17:54:57.624689,1,0.1253,0.1253,0.1014,1.9880,0.3177,0.1664,0.2706,24
2026-03-21T17:54:57.624689,2,0.0669,0.0633,0.0669,1.6475,0.6372,0.1590,0.6171,8
2026-03-21T17:54:57.624689,3,0.0624,0.0624,0.0518,1.8834,0.3665,-0.0098,0.3664,10
2026-03-21T17:54:57.624689,4,0.0367,0.0287,0.0367,1.7136,0.6138,-0.2881,0.5420,5
2026-03-21T17:54:57.694796,0,0.0589,0.0589,0.0429,1.8705,0.5848,0.4481,0.3758,5
2026-03-21T17:54:57.694796,1,0.1284,0.1284,0.0988,1.9881,0.3187,0.1670,0.2715,24
2026-03-21T17:54:57.694796,2,0.0639,0.0639,0.0629,1.6494,0.6354,0.1585,0.6153,8
2026-03-21T17:54:57.694796,3,0.0625,0.0625,0.0526,1.8842,0.3643,-0.0097,0.3642,10
2026-03-21T17:54:57.694796,4,0.0823,0.0275,0.0823,1.7110,0.6207,-0.2861,0.5508,6
2026-03-21T17:54:57.765231,0,0.0653,0.0653,0.0410,1.8692,0.5878,0.4504,0.3777,5
2026-03-21T17:54:57.765231,1,0.1263,0.1263,0.0973,1.9857,0.3210,0.1680,0.2735,24
2026-03-21T17:54:57.765231,2,0.0959,0.0557,0.0959,1.6627,0.6389,0.1592,0.6187,8
2026-03-21T17:54:57.765231,3,0.0628,0.0628,0.0611,1.8897,0.3652,-0.0095,0.3651,10
2026-03-21T17:54:57.765231,4,0.0431,0.0258,0.0431,1.7102,0.6124,-0.2873,0.5408,5
2026-03-21T17:54:57.835357,0,0.0698,0.0698,0.0357,1.8686,0.5846,0.4480,0.3756,5
2026-03-21T17:54:57.835357,1,0.1347,0.1347,0.0905,1.9818,0.3193,0.1673,0.2720,24
2026-03-21T17:54:57.835357,2,0.0950,0.0563,0.0950,1.6598,0.6400,0.1594,0.6198,8
2026-03-21T17:54:57.835357,3,0.0614,0.0614,0.0483,1.8832,0.3626,-0.0095,0.3625,10
2026-03-21T17:54:57.835357,4,0.0912,0.0251,0.0912,1.7128,0.6241,-0.2876,0.5538,6
2026-03-21T17:54:57.904897,0,0.0705,0.0705,0.0429,1.8724,0.5838,0.4474,0.3751,5
2026-03-21T17:54:57.904897,1,0.1302,0.1302,0.0906,1.9856,0.3192,0.1674,0.2718,24
2026-03-21T17:54:57.904897,2,0.0795,0.0604,0.0795,1.6513,0.6382,0.1591,0.6181,8
2026-03-21T17:54:57.904897,3,0.0623,0.0623,0.0498,1.8844,0.3630,-0.0096,0.3629,10
2026-03-21T17:54:57.904897,4,0.0796,0.0271,0.0796,1.7102,0.6211,-0.2863,0.5511,6
2026-03-21T17:54:57.973188,0,0.0682,0.0682,0.0435,1.8730,0.5830,0.4467,0.3746,5
2026-03-21T17:54:57.973188,1,0.1274,0.1274,0.0989,1.9826,0.3178,0.1664,0.2707,24
2026-03-21T17:54:57.973188,2,0.1144,0.0672,0.1144,1.6446,0.6484,0.1557,0.6295,9
2026-03-21T17:54:57.973188,3,0.0620,0.0620,0.0463,1.8848,0.3644,-0.0095,0.3643,10
2026-03-21T17:54:57.973188,4,0.0807,0.0291,0.0807,1.7058,0.6237,-0.2875,0.5535,6
2026-03-21T17:54:58.043572,0,0.0668,0.0668,0.0308,1.8724,0.5814,0.4456,0.3735,5
2026-03-21T17:54:58.043572,1,0.1326,0.1326,0.0930,1.9861,0.3162,0.1657,0.2693,24
2026-03-21T17:54:58.043572,2,0.1202,0.0656,0.1202,1.6484,0.6477,0.1555,0.6287,9
2026-03-21T17:54:58.043572,3,0.0614,0.0614,0.0493,1.8872,0.3629,-0.0094,0.3628,10
2026-03-21T17:54:58.043572,4,0.0815,0.0273,0.0815,1.7076,0.6229,-0.2871,0.5528,6
2026-03-21T17:54:58.111987,0,0.0594,0.0594,0.0482,1.8730,0.5729,0.4284,0.3804,5
2026-03-21T17:54:58.111987,1,0.1281,0.1281,0.1017,1.9864,0.3173,0.1661,0.2704,24
2026-03-21T17:54:58.111987,2,0.0796,0.0607,0.0796,1.6484,0.6386,0.1592,0.6185,8
2026-03-21T17:54:58.111987,3,0.0618,0.0618,0.0450,1.8826,0.3635,-0.0096,0.3634,10
2026-03-21T17:54:58.111987,4,0.0806,0.0281,0.0806,1.7076,0.6206,-0.2861,0.5507,6
2026-03-21T17:54:58.182272,0,0.0705,0.0705,0.0315,1.8718,0.5814,0.4456,0.3735,5
2026-03-21T17:54:58.182272,1,0.1426,0.1313,0.1426,1.9864,0.3219,0.1656,0.2760,25
2026-03-21T17:54:58.182272,2,0.1240,0.0645,0.1240,1.6513,0.6476,0.1554,0.6286,9
2026-03-21T17:54:58.182272,3,0.0616,0.0616,0.0415,1.8794,0.3650,-0.0096,0.3649,10
2026-03-21T17:54:58.182272,4,0.0378,0.0286,0.0378,1.7076,0.6122,-0.2873,0.5406,5
2026-03-21T17:54:58.251303,0,0.0614,0.0614,0.0421,1.8737,0.5828,0.4466,0.3745,5
2026-03-21T17:54:58.251303,1,0.1223,0.1223,0.0972,1.9876,0.3185,0.1667,0.2714,24
2026-03-21T17:54:58.251303,2,0.0659,0.0637,0.0659,1.6465,0.6396,0.1595,0.6194,8
2026-03-21T17:54:58.251303,3,0.0628,0.0628,0.0600,1.8886,0.3644,-0.0097,0.3643,10
2026-03-21T17:54:58.251303,4,0.0849,0.0251,0.0849,1.7128,0.6207,-0.2861,0.5508,6
2026-03-21T17:54:58.321637,0,0.0660,0.0660,0.0454,1.8743,0.5836,0.4472,0.3750,5
2026-03-21T17:54:58.321637,1,0.1264,0.1264,0.1007,1.9873,0.3187,0.1669,0.2714,24
2026-03-21T17:54:58.321637,2,0.0648,0.0648,0.0601,1.6465,0.6369,0.1589,0.6167,8
2026-03-21T17:54:58.321637,3,0.0628,0.0628,0.0519,1.8818,0.3681,-0.0096,0.3680,10
2026-03-21T17:54:58.321637,4,0.0813,0.0270,0.0813,1.7119,0.6186,-0.2852,0.5489,6
2026-03-21T17:54:58.391081,0,0.0664,0.0664,0.0422,1.8718,0.5794,0.4440,0.3723,5
2026-03-21T17:54:58.391081,1,0.1253,0.1253,0.0978,1.9872,0.3182,0.1667,0.2710,24
2026-03-21T17:54:58.391081,2,0.0659,0.0635,0.0659,1.6475,0.6397,0.1596,0.6195,8
2026-03-21T17:54:58.391081,3,0.0625,0.0625,0.0527,1.8836,0.3653,-0.0096,0.3652,10
2026-03-21T17:54:58.391081,4,0.0733,0.0285,0.0733,1.7084,0.6199,-0.2858,0.5501,6
2026-03-21T17:54:58.460479,0,0.0674,0.0674,0.0356,1.8692,0.5830,0.4468,0.3746,5
2026-03-21T17:54:58.460479,1,0.1402,0.1268,0.1402,1.9840,0.3212,0.1652,0.2755,25
2026-03-21T17:54:58.460479,2,0.1133,0.0668,0.1133,1.6484,0.6469,0.1554,0.6280,9
2026-03-21T17:54:58.460479,3,0.0514,0.0514,0.0256,1.8864,0.3593,-0.0127,0.3591,9
2026-03-21T17:54:58.460479,4,0.0404,0.0270,0.0404,1.7119,0.6104,-0.2864,0.5390,5
2026-03-21T17:54:58.530563,0,0.0675,0.0675,0.0400,1.8756,0.5808,0.4451,0.3731,5
2026-03-21T17:54:58.530563,1,0.1343,0.1210,0.1343,1.9856,0.3214,0.1653,0.2757,25
2026-03-21T17:54:58.530563,2,0.1278,0.0630,0.1278,1.6570,0.6490,0.1558,0.6300,9
2026-03-21T17:54:58.530563,3,0.0596,0.0596,0.0447,1.8806,0.3629,-0.0093,0.3628,10
2026-03-21T17:54:58.530563,4,0.0378,0.0285,0.0378,1.7084,0.6138,-0.2880,0.5420,5
2026-03-21T17:54:58.600859,0,0.1312,0.1312,0.0953,1.9846,0.3192,0.1672,0.2719,24
2026-03-21T17:54:58.600859,1,0.0758,0.0617,0.0758,1.6465,0.6380,0.1590,0.6178,8
2026-03-21T17:54:58.600859,2,0.0611,0.0611,0.0519,1.8908,0.3610,-0.0094,0.3609,10
2026-03-21T17:54:58.600859,3,0.0823,0.0301,0.0823,1.7110,0.6192,-0.2854,0.5495,6
2026-03-21T17:54:58.671679,0,0.0643,0.0643,0.0435,1.8730,0.5824,0.4463,0.3743,5
2026-03-21T17:54:58.671679,1,0.1270,0.1270,0.0977,1.9880,0.3172,0.1663,0.2702,24
2026-03-21T17:54:58.671679,2,0.0688,0.0628,0.0688,1.6484,0.6390,0.1594,0.6188,8
2026-03-21T17:54:58.671679,3,0.0619,0.0619,0.0459,1.8844,0.3664,-0.0097,0.3663,10
2026-03-21T17:54:58.671679,4,0.0318,0.0318,0.0305,1.7110,0.6072,-0.2850,0.5362,5
2026-03-21T17:54:58.740917,0,0.1257,0.1257,0.1010,1.9848,0.3177,0.1664,0.2707,24
2026-03-21T17:54:58.740917,1,0.0659,0.0635,0.0659,1.6475,0.6377,0.1591,0.6176,8
2026-03-21T17:54:58.740917,2,0.0620,0.0620,0.0420,1.8796,0.3656,-0.0097,0.3655,10
2026-03-21T17:54:58.740917,3,0.0742,0.0311,0.0742,1.7084,0.6169,-0.2844,0.5474,6
2026-03-21T17:54:58.810075,0,0.1313,0.1313,0.0867,1.9808,0.3192,0.1672,0.2719,24
2026-03-21T17:54:58.810075,1,0.0717,0.0618,0.0717,1.6522,0.6386,0.1593,0.6184,8
2026-03-21T17:54:58.810075,2,0.0618,0.0618,0.0557,1.8836,0.3646,-0.0094,0.3645,10
2026-03-21T17:54:58.810075,3,0.0904,0.0261,0.0904,1.7110,0.6197,-0.2856,0.5500,6
2026-03-21T17:54:58.878674,0,0.0674,0.0674,0.0303,1.8705,0.5804,0.4448,0.3729,5
2026-03-21T17:54:58.878674,1,0.1288,0.1288,0.0999,1.9818,0.3183,0.1668,0.2711,24
2026-03-21T17:54:58.878674,2,0.0806,0.0604,0.0806,1.6494,0.6386,0.1592,0.6185,8
2026-03-21T17:54:58.878674,3,0.0649,0.0594,0.0649,1.8878,0.3589,-0.0090,0.3588,10
2026-03-21T17:54:58.878674,4,0.0876,0.0265,0.0876,1.7128,0.6202,-0.2858,0.5504,6
2026-03-21T17:54:58.948690,0,0.0658,0.0658,0.0453,1.8775,0.5788,0.4435,0.3719,5
2026-03-21T17:54:58.948690,1,0.1261,0.1261,0.0959,1.9872,0.3166,0.1659,0.2697,24
2026-03-21T17:54:58.948690,2,0.0728,0.0622,0.0728,1.6475,0.6397,0.1595,0.6195,8
2026-03-21T17:54:58.948690,3,0.0649,0.0601,0.0649,1.8898,0.3625,-0.0091,0.3624,10
2026-03-21T17:54:58.948690,4,0.0788,0.0291,0.0788,1.7067,0.6211,-0.2863,0.5511,6
2026-03-21T17:54:59.017897,0,0.0588,0.0588,0.0434,1.8750,0.5790,0.4436,0.3721,5
2026-03-21T17:54:59.017897,1,0.1423,0.1291,0.1423,1.9832,0.3217,0.1655,0.2759,25
2026-03-21T17:54:59.017897,2,0.1289,0.0633,0.1289,1.6532,0.6470,0.1553,0.6281,9
2026-03-21T17:54:59.017897,3,0.0517,0.0517,0.0193,1.8818,0.3589,-0.0125,0.3586,9
2026-03-21T17:54:59.017897,4,0.0795,0.0278,0.0795,1.7128,0.6174,-0.2846,0.5479,6
2026-03-21T17:54:59.087571,0,0.0629,0.0629,0.0367,1.8743,0.5637,0.4217,0.3741,5
2026-03-21T17:54:59.087571,1,0.1236,0.1236,0.0899,1.9849,0.3178,0.1665,0.2706,24
2026-03-21T17:54:59.087571,2,0.0863,0.0588,0.0863,1.6532,0.6370,0.1587,0.6169,8
2026-03-21T17:54:59.087571,3,0.0600,0.0600,0.0587,1.8806,0.3642,-0.0091,0.3641,10
2026-03-21T17:54:59.087571,4,0.0475,0.0234,0.0475,1.7136,0.6152,-0.2887,0.5433,5
2026-03-21T17:54:59.156757,0,0.1343,0.1343,0.0858,1.9864,0.3175,0.1664,0.2703,24
2026-03-21T17:54:59.156757,1,0.0824,0.0596,0.0824,1.6532,0.6370,0.1588,0.6169,8
2026-03-21T17:54:59.156757,2,0.0509,0.0509,0.0190,1.8826,0.3586,-0.0125,0.3584,9
2026-03-21T17:54:59.156757,3,0.0432,0.0284,0.0432,1.7085,0.6126,-0.2874,0.5410,5
2026-03-21T17:54:59.226402,0,0.0635,0.0635,0.0357,1.8686,0.5830,0.4467,0.3746,5
2026-03-21T17:54:59.226402,1,0.1371,0.1263,0.1371,1.9837,0.3232,0.1663,0.2772,25
2026-03-21T17:54:59.226402,2,0.1229,0.0641,0.1229,1.6551,0.6473,0.1554,0.6284,9
2026-03-21T17:54:59.226402,3,0.0595,0.0595,0.0595,1.8794,0.3643,-0.0091,0.3642,10
2026-03-21T17:54:59.226402,4,0.0491,0.0221,0.0491,1.7179,0.6100,-0.2862,0.5387,5
2026-03-21T17:54:59.296289,0,0.0541,0.0541,0.0363,1.8705,0.5798,0.4442,0.3726,5
2026-03-21T17:54:59.296289,1,0.1246,0.1246,0.1073,1.9873,0.3180,0.1664,0.2709,24
2026-03-21T17:54:59.296289,2,0.1240,0.0642,0.1240,1.6532,0.6463,0.1552,0.6274,9
2026-03-21T17:54:59.296289,3,0.0517,0.0517,0.0284,1.8872,0.3597,-0.0126,0.3595,9
2026-03-21T17:54:59.296289,4,0.0467,0.0240,0.0467,1.7119,0.6108,-0.2866,0.5394,5
2026-03-21T17:54:59.366993,0,0.0581,0.0581,0.0367,1.8749,0.5788,0.4435,0.3719,5
2026-03-21T17:54:59.366993,1,0.1275,0.1275,0.0857,1.9845,0.3176,0.1664,0.2705,24
2026-03-21T17:54:59.366993,2,0.1182,0.0659,0.1182,1.6484,0.6457,0.1550,0.6268,9
2026-03-21T17:54:59.366993,3,0.0623,0.0597,0.0623,1.8872,0.3639,-0.0091,0.3638,10
2026-03-21T17:54:59.366993,4,0.0804,0.0254,0.0804,1.7119,0.6184,-0.2850,0.5488,6
2026-03-21T17:54:59.436849,0,0.0736,0.0736,0.0473,1.8782,0.5808,0.4451,0.3732,5
2026-03-21T17:54:59.436849,1,0.1322,0.1322,0.0910,1.9841,0.3175,0.1665,0.2704,24
2026-03-21T17:54:59.436849,2,0.0853,0.0589,0.0853,1.6541,0.6389,0.1592,0.6187,8
2026-03-21T17:54:59.436849,3,0.0635,0.0635,0.0604,1.8799,0.3641,-0.0163,0.3638,10
2026-03-21T17:54:59.436849,4,0.0405,0.0271,0.0405,1.7093,0.6098,-0.2861,0.5385,5
2026-03-21T17:54:59.505839,0,0.1263,0.1263,0.1039,1.9904,0.3186,0.1668,0.2715,24
2026-03-21T17:54:59.505839,1,0.0649,0.0637,0.0649,1.6475,0.6365,0.1588,0.6164,8
2026-03-21T17:54:59.505839,2,0.0759,0.0608,0.0759,1.8868,0.3641,-0.0090,0.3640,10
2026-03-21T17:54:59.505839,3,0.0325,0.0325,0.0286,1.7136,0.6078,-0.2853,0.5367,5
2026-03-21T17:54:59.575616,0,0.1247,0.1247,0.0917,1.9848,0.3180,0.1665,0.2710,24
2026-03-21T17:54:59.575616,1,0.1209,0.0645,0.1209,1.6551,0.6430,0.1544,0.6242,9
2026-03-21T17:54:59.575616,2,0.0516,0.0516,0.0224,1.8858,0.3579,-0.0125,0.3576,9
2026-03-21T17:54:59.575616,3,0.0422,0.0262,0.0422,1.7102,0.6130,-0.2876,0.5414,5
2026-03-21T17:54:59.646002,0,0.0665,0.0665,0.0474,1.8743,0.5802,0.4445,0.3729,5
2026-03-21T17:54:59.646002,1,0.1300,0.1300,0.0963,1.9876,0.3162,0.1656,0.2693,24
2026-03-21T17:54:59.646002,2,0.0689,0.0630,0.0689,1.6475,0.6362,0.1587,0.6161,8
2026-03-21T17:54:59.646002,3,0.0669,0.0595,0.0669,1.8818,0.3636,-0.0090,0.3635,10
2026-03-21T17:54:59.646002,4,0.0484,0.0228,0.0484,1.7145,0.6078,-0.2851,0.5368,5
2026-03-21T17:54:59.716985,0,0.0698,0.0698,0.0369,1.8718,0.5818,0.4459,0.3738,5
2026-03-21T17:54:59.716985,1,0.1616,0.1616,0.0927,1.9868,0.3202,0.1709,0.2708,25
2026-03-21T17:54:59.716985,2,0.0698,0.0624,0.0698,1.6503,0.6371,0.1589,0.6170,8
2026-03-21T17:54:59.716985,3,0.0614,0.0614,0.0537,1.8806,0.3648,-0.0094,0.3647,10
2026-03-21T17:54:59.716985,4,0.0912,0.0230,0.0912,1.7145,0.6209,-0.2861,0.5510,6
2026-03-21T17:54:59.786762,0,0.0674,0.0674,0.0474,1.8756,0.5816,0.4457,0.3737,5
2026-03-21T17:54:59.786762,1,0.1298,0.1298,0.0917,1.9848,0.3186,0.1670,0.2714,24
2026-03-21T17:54:59.786762,2,0.0748,0.0621,0.0748,1.6456,0.6412,0.1598,0.6210,8
2026-03-21T17:54:59.786762,3,0.0610,0.0610,0.0507,1.8836,0.3634,-0.0094,0.3633,10
2026-03-21T17:54:59.786762,4,0.0325,0.0325,0.0297,1.7076,0.6072,-0.2850,0.5362,5
2026-03-21T17:54:59.855470,0,0.1485,0.1319,0.1485,1.9866,0.3221,0.1656,0.2762,25
2026-03-21T17:54:59.855470,1,0.0892,0.0578,0.0892,1.6570,0.6390,0.1592,0.6188,8
2026-03-21T17:54:59.855470,2,0.0609,0.0609,0.0489,1.8878,0.3654,-0.0094,0.3653,10
2026-03-21T17:54:59.855470,3,0.0405,0.0271,0.0405,1.7093,0.6092,-0.2859,0.5380,5
2026-03-21T17:54:59.924982,0,0.0642,0.0642,0.0373,1.8769,0.5762,0.4416,0.3702,5
2026-03-21T17:54:59.924982,1,0.1274,0.1274,0.0954,1.9838,0.3183,0.1667,0.2711,24
2026-03-21T17:54:59.924982,2,0.1249,0.0639,0.1249,1.6541,0.6457,0.1550,0.6268,9
2026-03-21T17:54:59.924982,3,0.0611,0.0611,0.0569,1.8878,0.3647,-0.0093,0.3646,10
2026-03-21T17:54:59.924982,4,0.0588,0.0194,0.0588,1.7223,0.6046,-0.2836,0.5340,5
2026-03-21T17:54:59.994059,0,0.0689,0.0689,0.0374,1.8737,0.5806,0.4450,0.3730,5
2026-03-21T17:54:59.994059,1,0.1217,0.1217,0.0903,1.9834,0.3185,0.1668,0.2713,24
2026-03-21T17:54:59.994059,2,0.0825,0.0599,0.0825,1.6503,0.6392,0.1593,0.6191,8
2026-03-21T17:54:59.994059,3,0.0591,0.0591,0.0529,1.8868,0.3612,-0.0092,0.3611,10
2026-03-21T17:54:59.994059,4,0.0501,0.0218,0.0501,1.7162,0.6058,-0.2842,0.5350,5
2026-03-21T17:55:00.062641,0,0.0610,0.0610,0.0375,1.8718,0.5794,0.4440,0.3723,5
2026-03-21T17:55:00.062641,1,0.1305,0.1305,0.0942,1.9883,0.3194,0.1673,0.2720,24
2026-03-21T17:55:00.062641,2,0.0854,0.0590,0.0854,1.6532,0.6407,0.1596,0.6205,8
2026-03-21T17:55:00.062641,3,0.0609,0.0609,0.0539,1.8858,0.3643,-0.0093,0.3642,10
2026-03-21T17:55:00.062641,4,0.0582,0.0262,0.0582,1.7145,0.6060,-0.2842,0.5352,5
2026-03-21T17:55:00.133322,0,0.1390,0.1322,0.1390,1.9875,0.3214,0.1654,0.2755,25
2026-03-21T17:55:00.133322,1,0.0785,0.0602,0.0785,1.6541,0.6376,0.1590,0.6175,8
2026-03-21T17:55:00.133322,2,0.0619,0.0619,0.0585,1.8824,0.3648,-0.0094,0.3647,10
2026-03-21T17:55:00.133322,3,0.0679,0.0195,0.0679,1.7205,0.6052,-0.2837,0.5346,5
2026-03-21T17:55:00.202594,0,0.0657,0.0657,0.0316,1.8705,0.5794,0.4440,0.3722,5
2026-03-21T17:55:00.202594,1,0.1278,0.1278,0.0978,1.9881,0.3179,0.1663,0.2710,24
2026-03-21T17:55:00.202594,2,0.1279,0.0636,0.1279,1.6522,0.6477,0.1555,0.6287,9
2026-03-21T17:55:00.202594,3,0.0617,0.0617,0.0509,1.8858,0.3643,-0.0095,0.3642,10
2026-03-21T17:55:00.202594,4,0.0633,0.0234,0.0633,1.7240,0.6006,-0.2817,0.5305,5
2026-03-21T17:55:00.273013,0,0.0644,0.0644,0.0434,1.8743,0.5826,0.4464,0.3744,5
2026-03-21T17:55:00.273013,1,0.1297,0.1297,0.1048,1.9866,0.3185,0.1669,0.2713,24
2026-03-21T17:55:00.273013,2,0.0845,0.0597,0.0845,1.6494,0.6400,0.1595,0.6198,8
2026-03-21T17:55:00.273013,3,0.0613,0.0613,0.0467,1.8826,0.3665,-0.0095,0.3664,10
2026-03-21T17:55:00.273013,4,0.0660,0.0180,0.0660,1.7223,0.6038,-0.2831,0.5333,5
2026-03-21T17:55:00.341216,0,0.1240,0.1240,0.1034,1.9880,0.3171,0.1660,0.2702,24
2026-03-21T17:55:00.341216,1,0.1202,0.0654,0.1202,1.6494,0.6489,0.1559,0.6299,9
2026-03-21T17:55:00.341216,2,0.0613,0.0613,0.0427,1.8786,0.3660,-0.0096,0.3659,10
2026-03-21T17:55:00.341216,3,0.0750,0.0184,0.0750,1.7231,0.6058,-0.2840,0.5351,5
2026-03-21T17:55:00.411703,0,0.1285,0.1285,0.0945,1.9848,0.3188,0.1670,0.2715,24
2026-03-21T17:55:00.411703,1,0.0893,0.0581,0.0893,1.6541,0.6387,0.1592,0.6186,8
2026-03-21T17:55:00.411703,2,0.0619,0.0619,0.0525,1.8874,0.3640,-0.0095,0.3639,10
2026-03-21T17:55:00.411703,3,0.0677,0.0202,0.0677,1.7249,0.6022,-0.2824,0.5319,5
2026-03-21T17:55:00.482633,0,0.0628,0.0628,0.0423,1.8705,0.5844,0.4478,0.3755,5
2026-03-21T17:55:00.482633,1,0.1298,0.1298,0.0943,1.9846,0.3199,0.1676,0.2725,24
2026-03-21T17:55:00.482633,2,0.0729,0.0628,0.0729,1.6427,0.6401,0.1596,0.6199,8
2026-03-21T17:55:00.482633,3,0.0617,0.0617,0.0429,1.8804,0.3649,-0.0097,0.3648,10
2026-03-21T17:55:00.482633,4,0.0643,0.0245,0.0643,1.7197,0.6000,-0.2813,0.5300,5
2026-03-21T17:55:00.552366,0,0.0618,0.0618,0.0382,1.8718,0.5796,0.4441,0.3724,5
2026-03-21T17:55:00.552366,1,0.1271,0.1271,0.0888,1.9857,0.3197,0.1675,0.2723,24
2026-03-21T17:55:00.552366,2,0.0775,0.0604,0.0775,1.6541,0.6369,0.1588,0.6168,8
2026-03-21T17:55:00.552366,3,0.0613,0.0613,0.0465,1.8804,0.3648,-0.0095,0.3647,10
2026-03-21T17:55:00.552366,4,0.0654,0.0261,0.0654,1.7154,0.6068,-0.2846,0.5360,5
2026-03-21T17:55:00.621459,0,0.1277,0.1277,0.0979,1.9864,0.3168,0.1659,0.2699,24
2026-03-21T17:55:00.621459,1,0.0709,0.0629,0.0709,1.6446,0.6397,0.1596,0.6195,8
2026-03-21T17:55:00.621459,2,0.0614,0.0614,0.0433,1.8822,0.3656,-0.0095,0.3655,10
2026-03-21T17:55:00.621459,3,0.0688,0.0226,0.0688,1.7214,0.6026,-0.2825,0.5323,5
2026-03-21T17:55:00.691182,0,0.1218,0.1218,0.1009,1.9856,0.3192,0.1671,0.2720,24
2026-03-21T17:55:00.691182,1,0.0751,0.0606,0.0751,1.6570,0.6377,0.1590,0.6176,8
2026-03-21T17:55:00.691182,2,0.0608,0.0608,0.0399,1.8838,0.3639,-0.0095,0.3638,10
2026-03-21T17:55:00.691182,3,0.0714,0.0198,0.0714,1.7231,0.6062,-0.2842,0.5355,5
2026-03-21T17:55:00.762354,0,0.0657,0.0657,0.0396,1.8711,0.5810,0.4452,0.3733,5
2026-03-21T17:55:00.762354,1,0.1344,0.1344,0.1055,1.9883,0.3194,0.1672,0.2721,24
2026-03-21T17:55:00.762354,2,0.0640,0.0640,0.0640,1.6465,0.6395,0.1596,0.6193,8
2026-03-21T17:55:00.762354,3,0.0623,0.0623,0.0523,1.8812,0.3655,-0.0094,0.3654,10
2026-03-21T17:55:00.762354,4,0.0607,0.0190,0.0607,1.7205,0.6056,-0.2840,0.5349,5
2026-03-21T17:55:00.830920,0,0.1335,0.1335,0.0940,1.9872,0.3178,0.1666,0.2706,24
2026-03-21T17:55:00.830920,1,0.1289,0.0633,0.1289,1.6532,0.6466,0.1552,0.6277,9
2026-03-21T17:55:00.830920,2,0.0599,0.0599,0.0564,1.8844,0.3630,-0.0093,0.3629,10
2026-03-21T17:55:00.830920,3,0.0760,0.0172,0.0760,1.7205,0.6100,-0.2859,0.5388,5
2026-03-21T17:55:00.899734,0,0.1343,0.1343,0.0797,1.9841,0.3187,0.1671,0.2713,24
2026-03-21T17:55:00.899734,1,0.0891,0.0575,0.0891,1.6589,0.6376,0.1589,0.6175,8
2026-03-21T17:55:00.899734,2,0.0614,0.0614,0.0465,1.8824,0.3647,-0.0095,0.3646,10
2026-03-21T17:55:00.968624,0,0.1353,0.1353,0.1027,1.9912,0.3164,0.1659,0.2695,24
2026-03-21T17:55:00.968624,1,0.1354,0.0606,0.1354,1.6636,0.6452,0.1548,0.6264,9
2026-03-21T17:55:00.968624,2,0.0612,0.0612,0.0515,1.8854,0.3614,-0.0094,0.3613,10
2026-03-21T17:55:01.038771,0,0.0650,0.0650,0.0374,1.8737,0.5794,0.4440,0.3723,5
2026-03-21T17:55:01.038771,1,0.1313,0.1313,0.0886,1.9864,0.3183,0.1668,0.2711,24
2026-03-21T17:55:01.038771,2,0.0939,0.0562,0.0939,1.6617,0.6375,0.1588,0.6174,8
2026-03-21T17:55:01.038771,3,0.0610,0.0610,0.0375,1.8784,0.3637,-0.0095,0.3636,10
2026-03-21T17:55:01.038771,4,0.0699,0.0229,0.0699,1.7162,0.6080,-0.2851,0.5370,5
2026-03-21T17:55:01.108237,0,0.0587,0.0587,0.0442,1.8730,0.5796,0.4441,0.3725,5
2026-03-21T17:55:01.108237,1,0.1289,0.1289,0.0941,1.9872,0.3170,0.1661,0.2699,24
2026-03-21T17:55:01.108237,2,0.0853,0.0587,0.0853,1.6560,0.6382,0.1591,0.6181,8
2026-03-21T17:55:01.108237,3,0.0610,0.0610,0.0495,1.8854,0.3635,-0.0094,0.3634,10
2026-03-21T17:55:01.178242,0,0.0736,0.0736,0.0415,1.8730,0.5822,0.4462,0.3740,5
2026-03-21T17:55:01.178242,1,0.1323,0.1323,0.1276,1.9856,0.3198,0.1646,0.2742,25
2026-03-21T17:55:01.178242,2,0.0843,0.0590,0.0843,1.6551,0.6366,0.1587,0.6165,8
2026-03-21T17:55:01.178242,3,0.0623,0.0596,0.0623,1.8812,0.3630,-0.0091,0.3629,10
2026-03-21T17:55:01.247270,0,0.1411,0.1376,0.1411,1.9868,0.3220,0.1657,0.2761,25
2026-03-21T17:55:01.247270,1,0.0892,0.0578,0.0892,1.6570,0.6397,0.1594,0.6196,8
2026-03-21T17:55:01.247270,2,0.0606,0.0606,0.0567,1.8836,0.3633,-0.0093,0.3632,10
2026-03-21T17:55:01.247270,3,0.0672,0.0243,0.0672,1.7154,0.6078,-0.2850,0.5369,5
2026-03-21T17:55:01.317587,0,0.1268,0.1268,0.1030,1.9896,0.3176,0.1664,0.2705,24
2026-03-21T17:55:01.317587,1,0.0854,0.0591,0.0854,1.6522,0.6405,0.1596,0.6203,8
2026-03-21T17:55:01.317587,2,0.0623,0.0623,0.0490,1.8836,0.3659,-0.0097,0.3658,10
2026-03-21T17:55:01.317587,3,0.0671,0.0197,0.0671,1.7171,0.6094,-0.2857,0.5383,5
2026-03-21T17:55:01.387285,0,0.0580,0.0580,0.0428,1.8737,0.5802,0.4445,0.3729,5
2026-03-21T17:55:01.387285,1,0.1304,0.1304,0.1017,1.9864,0.3204,0.1676,0.2731,24
2026-03-21T17:55:01.387285,2,0.0660,0.0638,0.0660,1.6456,0.6384,0.1592,0.6182,8
2026-03-21T17:55:01.387285,3,0.0624,0.0624,0.0500,1.8826,0.3662,-0.0097,0.3661,10
2026-03-21T17:55:01.387285,4,0.0768,0.0193,0.0768,1.7240,0.6062,-0.2842,0.5355,5
2026-03-21T17:55:01.455909,0,0.1277,0.1277,0.1016,1.9872,0.3182,0.1667,0.2711,24
2026-03-21T17:55:01.455909,1,0.0726,0.0616,0.0726,1.6522,0.6386,0.1592,0.6185,8
2026-03-21T17:55:01.455909,2,0.0626,0.0626,0.0463,1.8802,0.3669,-0.0096,0.3668,10
2026-03-21T17:55:01.455909,3,0.0635,0.0260,0.0635,1.7171,0.6044,-0.2834,0.5338,5
2026-03-21T17:55:01.526135,0,0.1316,0.1316,0.0797,1.9841,0.3182,0.1669,0.2709,24
2026-03-21T17:55:01.526135,1,0.0678,0.0628,0.0678,1.6503,0.6369,0.1589,0.6167,8
2026-03-21T17:55:01.526135,2,0.0621,0.0621,0.0479,1.8858,0.3632,-0.0096,0.3631,10
2026-03-21T17:55:01.526135,3,0.0664,0.0249,0.0664,1.7128,0.6094,-0.2858,0.5383,5
2026-03-21T17:55:01.597235,0,0.0703,0.0703,0.0449,1.8724,0.5802,0.4446,0.3728,5
2026-03-21T17:55:01.597235,1,0.1295,0.1295,0.0945,1.9858,0.3187,0.1669,0.2716,24
2026-03-21T17:55:01.597235,2,0.1104,0.0676,0.1104,1.6465,0.6467,0.1553,0.6277,9
2026-03-21T17:55:01.597235,3,0.0618,0.0618,0.0511,1.8867,0.3639,-0.0096,0.3638,10
2026-03-21T17:55:01.597235,4,0.0759,0.0175,0.0759,1.7231,0.6088,-0.2854,0.5378,5
2026-03-21T17:55:01.666680,0,0.0649,0.0649,0.0282,1.8698,0.5784,0.4433,0.3716,5
2026-03-21T17:55:01.666680,1,0.1254,0.1254,0.0998,1.9873,0.3171,0.1662,0.2701,24
2026-03-21T17:55:01.666680,2,0.0893,0.0581,0.0893,1.6541,0.6376,0.1589,0.6175,8
2026-03-21T17:55:01.666680,3,0.0630,0.0630,0.0591,1.8887,0.3637,-0.0095,0.3636,10
2026-03-21T17:55:01.666680,4,0.0660,0.0230,0.0660,1.7231,0.6016,-0.2821,0.5314,5
2026-03-21T17:55:01.735305,0,0.0651,0.0651,0.0435,1.8724,0.5834,0.4470,0.3749,5
2026-03-21T17:55:01.735305,1,0.1269,0.1269,0.0897,1.9856,0.3185,0.1668,0.2714,24
2026-03-21T17:55:01.735305,2,0.1317,0.0621,0.1317,1.6579,0.6466,0.1551,0.6277,9
2026-03-21T17:55:01.735305,3,0.0625,0.0625,0.0468,1.8794,0.3677,-0.0098,0.3676,10
2026-03-21T17:55:01.806824,0,0.0613,0.0613,0.0416,1.8711,0.5838,0.4473,0.3752,5
2026-03-21T17:55:01.806824,1,0.1269,0.1269,0.0961,1.9864,0.3176,0.1663,0.2706,24
2026-03-21T17:55:01.806824,2,0.0816,0.0602,0.0816,1.6494,0.6381,0.1590,0.6180,8
2026-03-21T17:55:01.806824,3,0.0621,0.0621,0.0534,1.8824,0.3638,-0.0095,0.3637,10
2026-03-21T17:55:01.806824,4,0.0723,0.0179,0.0723,1.7240,0.6050,-0.2836,0.5344,5
2026-03-21T17:55:01.876263,0,0.0668,0.0668,0.0466,1.8762,0.5816,0.4456,0.3737,5
2026-03-21T17:55:01.876263,1,0.1269,0.1269,0.1020,1.9857,0.3193,0.1672,0.2721,24
2026-03-21T17:55:01.876263,2,0.0882,0.0580,0.0882,1.6570,0.6396,0.1594,0.6194,8
2026-03-21T17:55:01.876263,3,0.0618,0.0618,0.0475,1.8844,0.3630,-0.0095,0.3629,10
2026-03-21T17:55:01.876263,4,0.0690,0.0210,0.0690,1.7207,0.6060,-0.2841,0.5353,5
2026-03-21T17:55:01.944825,0,0.0666,0.0666,0.0349,1.8718,0.5808,0.4451,0.3731,5
2026-03-21T17:55:01.944825,1,0.1353,0.1353,0.1022,1.9888,0.3183,0.1669,0.2711,24
2026-03-21T17:55:01.944825,2,0.0825,0.0597,0.0825,1.6522,0.6380,0.1590,0.6179,8
2026-03-21T17:55:01.944825,3,0.0620,0.0620,0.0609,1.8878,0.3640,-0.0094,0.3639,10
2026-03-21T17:55:02.015016,0,0.1277,0.1277,0.1026,1.9864,0.3174,0.1662,0.2704,24
2026-03-21T17:55:02.015016,1,0.1211,0.0651,0.1211,1.6503,0.6479,0.1556,0.6289,9
2026-03-21T17:55:02.015016,2,0.0620,0.0620,0.0465,1.8804,0.3661,-0.0095,0.3660,10
2026-03-21T17:55:02.084303,0,0.1270,0.1270,0.0919,1.9804,0.3184,0.1669,0.2712,24
2026-03-21T17:55:02.084303,1,0.0786,0.0608,0.0786,1.6494,0.6397,0.1595,0.6195,8
2026-03-21T17:55:02.084303,2,0.0617,0.0617,0.0467,1.8836,0.3623,-0.0095,0.3622,10
2026-03-21T17:55:02.084303,3,0.0741,0.0202,0.0741,1.7240,0.6042,-0.2833,0.5337,5
2026-03-21T17:55:02.153128,0,0.1256,0.1256,0.0760,1.9841,0.3184,0.1669,0.2711,24
2026-03-21T17:55:02.153128,1,0.0640,0.0640,0.0640,1.6465,0.6391,0.1594,0.6189,8
2026-03-21T17:55:02.153128,2,0.0622,0.0622,0.0515,1.8874,0.3644,-0.0096,0.3643,10
2026-03-21T17:55:02.153128,3,0.0669,0.0202,0.0669,1.7231,0.6038,-0.2831,0.5333,5
2026-03-21T17:55:02.223308,0,0.1292,0.1292,0.0831,1.9847,0.3180,0.1665,0.2709,24
2026-03-21T17:55:02.223308,1,0.0874,0.0588,0.0874,1.6522,0.6372,0.1588,0.6171,8
2026-03-21T17:55:02.223308,2,0.0620,0.0620,0.0447,1.8786,0.3669,-0.0096,0.3668,10
2026-03-21T17:55:02.292971,0,0.0620,0.0620,0.0434,1.8743,0.5800,0.4444,0.3727,5
2026-03-21T17:55:02.292971,1,0.1249,0.1249,0.1034,1.9881,0.3186,0.1669,0.2714,24
2026-03-21T17:55:02.292971,2,0.0642,0.0642,0.0626,1.6484,0.6377,0.1591,0.6176,8
2026-03-21T17:55:02.292971,3,0.0622,0.0622,0.0501,1.8867,0.3628,-0.0094,0.3627,10
2026-03-21T17:55:02.292971,4,0.0671,0.0237,0.0671,1.7171,0.6066,-0.2844,0.5358,5
2026-03-21T17:55:02.362323,0,0.0628,0.0628,0.0321,1.8730,0.5798,0.4443,0.3725,5
2026-03-21T17:55:02.362323,1,0.1254,0.1254,0.0934,1.9865,0.3189,0.1671,0.2716,24
2026-03-21T17:55:02.362323,2,0.0658,0.0658,0.0579,1.6427,0.6399,0.1597,0.6196,8
2026-03-21T17:55:02.362323,3,0.0633,0.0633,0.0548,1.8854,0.3634,-0.0095,0.3633,10
2026-03-21T17:55:02.433387,0,0.0629,0.0629,0.0388,1.8724,0.5824,0.4463,0.3742,5
2026-03-21T17:55:02.433387,1,0.1306,0.1306,0.0877,1.9818,0.3174,0.1664,0.2702,24
2026-03-21T17:55:02.433387,2,0.1268,0.0631,0.1268,1.6570,0.6447,0.1547,0.6258,9
2026-03-21T17:55:02.433387,3,0.0628,0.0628,0.0580,1.8856,0.3632,-0.0097,0.3631,10
2026-03-21T17:55:02.433387,4,0.0739,0.0177,0.0739,1.7283,0.6014,-0.2819,0.5312,5
2026-03-21T17:55:02.501786,0,0.0697,0.0697,0.0394,1.8743,0.5820,0.4460,0.3739,5
2026-03-21T17:55:02.501786,1,0.1425,0.1260,0.1425,1.9872,0.3214,0.1653,0.2756,25
2026-03-21T17:55:02.501786,2,0.1221,0.0651,0.1221,1.6494,0.6480,0.1555,0.6291,9
2026-03-21T17:55:02.501786,3,0.0616,0.0616,0.0457,1.8796,0.3662,-0.0095,0.3661,10
2026-03-21T17:55:02.571292,0,0.0635,0.0635,0.0364,1.8666,0.5850,0.4483,0.3759,5
2026-03-21T17:55:02.571292,1,0.1292,0.1292,0.0810,1.9864,0.3166,0.1660,0.2696,24
2026-03-21T17:55:02.571292,2,0.1113,0.0670,0.1113,1.6494,0.6478,0.1555,0.6288,9
2026-03-21T17:55:02.571292,3,0.0618,0.0618,0.0489,1.8828,0.3667,-0.0095,0.3666,10
2026-03-21T17:55:02.641855,0,0.0612,0.0612,0.0362,1.8711,0.5820,0.4460,0.3740,5
2026-03-21T17:55:02.641855,1,0.1373,0.1373,0.0978,1.9872,0.3192,0.1673,0.2719,24
2026-03-21T17:55:02.641855,2,0.0864,0.0589,0.0864,1.6522,0.6396,0.1595,0.6194,8
2026-03-21T17:55:02.641855,3,0.0624,0.0624,0.0616,1.8826,0.3669,-0.0095,0.3668,10
2026-03-21T17:55:02.711712,0,0.0773,0.0773,0.0367,1.8750,0.5772,0.4424,0.3708,5
2026-03-21T17:55:02.711712,1,0.1294,0.1294,0.0952,1.9912,0.3170,0.1661,0.2701,24
2026-03-21T17:55:02.711712,2,0.0872,0.0580,0.0872,1.6579,0.6374,0.1588,0.6173,8
2026-03-21T17:55:02.711712,3,0.0624,0.0624,0.0475,1.8834,0.3654,-0.0096,0.3653,10
2026-03-21T17:55:02.782665,0,0.0658,0.0658,0.0408,1.8724,0.5822,0.4461,0.3741,5
2026-03-21T17:55:02.782665,1,0.1355,0.1300,0.1355,1.9840,0.3209,0.1652,0.2751,25
2026-03-21T17:55:02.782665,2,0.0854,0.0590,0.0854,1.6532,0.6400,0.1595,0.6198,8
2026-03-21T17:55:02.782665,3,0.0629,0.0629,0.0505,1.8814,0.3680,-0.0097,0.3679,10
2026-03-21T17:55:02.782665,4,0.0742,0.0190,0.0742,1.7205,0.6070,-0.2845,0.5362,5
2026-03-21T17:55:02.850948,0,0.1261,0.1261,0.0887,1.9856,0.3202,0.1679,0.2727,24
2026-03-21T17:55:02.850948,1,0.0882,0.0579,0.0882,1.6579,0.6370,0.1588,0.6169,8
2026-03-21T17:55:02.850948,2,0.0628,0.0628,0.0483,1.8789,0.3682,-0.0098,0.3681,10
2026-03-21T17:55:02.921497,0,0.0735,0.0735,0.0409,1.8718,0.5812,0.4454,0.3734,5
2026-03-21T17:55:02.921497,1,0.1248,0.1248,0.1048,1.9904,0.3169,0.1657,0.2701,24
2026-03-21T17:55:02.921497,2,0.0873,0.0586,0.0873,1.6532,0.6396,0.1594,0.6194,8
2026-03-21T17:55:02.921497,3,0.0626,0.0626,0.0470,1.8776,0.3668,-0.0098,0.3667,10
2026-03-21T17:55:02.991497,0,0.0547,0.0547,0.0460,1.8755,0.5768,0.4419,0.3708,5
2026-03-21T17:55:02.991497,1,0.1260,0.1260,0.0916,1.9810,0.3201,0.1676,0.2727,24
2026-03-21T17:55:02.991497,2,0.0642,0.0642,0.0640,1.6456,0.6404,0.1597,0.6201,8
2026-03-21T17:55:02.991497,3,0.0517,0.0517,0.0340,1.8769,0.3615,-0.0061,0.3615,9
2026-03-21T17:55:02.991497,4,0.0767,0.0187,0.0767,1.7266,0.6022,-0.2823,0.5320,5
2026-03-21T17:55:03.060755,0,0.0641,0.0641,0.0447,1.8702,0.5822,0.4461,0.3742,5
2026-03-21T17:55:03.060755,1,0.1235,0.1235,0.0981,1.9856,0.3184,0.1666,0.2713,24
2026-03-21T17:55:03.060755,2,0.0727,0.0618,0.0727,1.6503,0.6389,0.1593,0.6187,8
2026-03-21T17:55:03.060755,3,0.0628,0.0628,0.0590,1.8826,0.3652,-0.0098,0.3651,10
2026-03-21T17:55:03.060755,4,0.0731,0.0215,0.0731,1.7249,0.6012,-0.2819,0.5311,5
2026-03-21T17:55:03.130183,0,0.0666,0.0666,0.0408,1.8737,0.5794,0.4440,0.3723,5
2026-03-21T17:55:03.130183,1,0.1353,0.1353,0.0957,1.9832,0.3184,0.1669,0.2712,24
2026-03-21T17:55:03.130183,2,0.0805,0.0602,0.0805,1.6513,0.6419,0.1600,0.6216,8
2026-03-21T17:55:03.130183,3,0.0520,0.0520,0.0395,1.8884,0.3588,-0.0061,0.3588,9
2026-03-21T17:55:03.199680,0,0.0582,0.0582,0.0369,1.8718,0.5818,0.4458,0.3739,5
2026-03-21T17:55:03.199680,1,0.1227,0.1227,0.1049,1.9896,0.3176,0.1662,0.2706,24
2026-03-21T17:55:03.199680,2,0.0833,0.0590,0.0833,1.6560,0.6387,0.1592,0.6186,8
2026-03-21T17:55:03.199680,3,0.0626,0.0626,0.0491,1.8837,0.3650,-0.0095,0.3649,10
2026-03-21T17:55:03.269367,0,0.0689,0.0689,0.0462,1.8724,0.5826,0.4464,0.3744,5
2026-03-21T17:55:03.269367,1,0.1274,0.1274,0.0923,1.9864,0.3188,0.1670,0.2716,24
2026-03-21T17:55:03.269367,2,0.1163,0.0665,0.1163,1.6465,0.6491,0.1558,0.6301,9
2026-03-21T17:55:03.269367,3,0.0633,0.0633,0.0558,1.8824,0.3670,-0.0098,0.3669,10
2026-03-21T17:55:03.338961,0,0.0666,0.0666,0.0449,1.8718,0.5842,0.4476,0.3754,5
2026-03-21T17:55:03.338961,1,0.1318,0.1318,0.1014,1.9870,0.3193,0.1673,0.2720,24
2026-03-21T17:55:03.338961,2,0.0875,0.0591,0.0875,1.6494,0.6421,0.1600,0.6219,8
2026-03-21T17:55:03.338961,3,0.0615,0.0615,0.0391,1.8796,0.3646,-0.0097,0.3645,10
2026-03-21T17:55:03.408041,0,0.0627,0.0627,0.0395,1.8730,0.5792,0.4438,0.3722,5
2026-03-21T17:55:03.408041,1,0.1282,0.1282,0.0996,1.9899,0.3160,0.1657,0.2691,24
2026-03-21T17:55:03.408041,2,0.0969,0.0559,0.0969,1.6598,0.6376,0.1588,0.6175,8
2026-03-21T17:55:03.408041,3,0.0618,0.0618,0.0447,1.8786,0.3672,-0.0096,0.3671,10
2026-03-21T17:55:03.478143,0,0.0751,0.0751,0.0406,1.8715,0.5836,0.4472,0.3749,5
2026-03-21T17:55:03.478143,1,0.1317,0.1299,0.1317,1.9840,0.3218,0.1657,0.2759,25
2026-03-21T17:55:03.478143,2,0.0871,0.0579,0.0871,1.6589,0.6362,0.1585,0.6162,8
2026-03-21T17:55:03.478143,3,0.0609,0.0609,0.0405,1.8844,0.3646,-0.0096,0.3645,10
2026-03-21T17:55:03.547934,0,0.0574,0.0574,0.0336,1.8705,0.5812,0.4454,0.3735,5
2026-03-21T17:55:03.547934,1,0.1285,0.1285,0.0928,1.9888,0.3199,0.1677,0.2724,24
2026-03-21T17:55:03.547934,2,0.0912,0.0576,0.0912,1.6551,0.6396,0.1593,0.6194,8
2026-03-21T17:55:03.547934,3,0.0624,0.0624,0.0470,1.8826,0.3676,-0.0097,0.3675,10
2026-03-21T17:55:03.617036,0,0.1483,0.1313,0.1483,1.9921,0.3210,0.1651,0.2752,25
2026-03-21T17:55:03.617036,1,0.0873,0.0585,0.0873,1.6541,0.6389,0.1592,0.6187,8
2026-03-21T17:55:03.617036,2,0.0628,0.0628,0.0553,1.8848,0.3641,-0.0098,0.3640,10
2026-03-21T17:55:03.687830,0,0.0650,0.0650,0.0408,1.8743,0.5806,0.4449,0.3731,5
2026-03-21T17:55:03.687830,1,0.1306,0.1306,0.1029,1.9866,0.3177,0.1665,0.2705,24
2026-03-21T17:55:03.687830,2,0.0786,0.0606,0.0786,1.6513,0.6405,0.1597,0.6203,8
2026-03-21T17:55:03.687830,3,0.0628,0.0628,0.0570,1.8846,0.3649,-0.0097,0.3648,10
2026-03-21T17:55:03.756836,0,0.0548,0.0548,0.0414,1.8737,0.5782,0.4430,0.3716,5
2026-03-21T17:55:03.756836,1,0.1309,0.1309,0.0924,1.9874,0.3173,0.1663,0.2702,24
2026-03-21T17:55:03.756836,2,0.0669,0.0632,0.0669,1.6484,0.6381,0.1592,0.6179,8
2026-03-21T17:55:03.756836,3,0.0636,0.0636,0.0602,1.8808,0.3668,-0.0098,0.3667,10
2026-03-21T17:55:03.827312,0,0.0597,0.0597,0.0447,1.8749,0.5802,0.4445,0.3729,5
2026-03-21T17:55:03.827312,1,0.1246,0.1246,0.1016,1.9872,0.3186,0.1669,0.2714,24
2026-03-21T17:55:03.827312,2,0.0640,0.0640,0.0640,1.6465,0.6381,0.1592,0.6179,8
2026-03-21T17:55:03.827312,3,0.0621,0.0621,0.0518,1.8844,0.3642,-0.0098,0.3641,10
2026-03-21T17:55:03.897779,0,0.0596,0.0596,0.0316,1.8698,0.5802,0.4446,0.3728,5
2026-03-21T17:55:03.897779,1,0.1203,0.1203,0.0912,1.9824,0.3194,0.1672,0.2721,24
2026-03-21T17:55:03.897779,2,0.0754,0.0602,0.0754,1.6589,0.6360,0.1586,0.6159,8
2026-03-21T17:55:03.897779,3,0.0614,0.0614,0.0438,1.8834,0.3633,-0.0097,0.3632,10
2026-03-21T17:55:03.967169,0,0.1464,0.1301,0.1464,1.9864,0.3209,0.1650,0.2753,25
2026-03-21T17:55:03.967169,1,0.0805,0.0602,0.0805,1.6513,0.6381,0.1591,0.6180,8
2026-03-21T17:55:03.967169,2,0.0624,0.0624,0.0525,1.8864,0.3640,-0.0097,0.3639,10
2026-03-21T17:55:04.036890,0,0.0559,0.0559,0.0468,1.8737,0.5838,0.4473,0.3752,5
2026-03-21T17:55:04.036890,1,0.1244,0.1244,0.1007,1.9864,0.3187,0.1668,0.2715,24
2026-03-21T17:55:04.036890,2,0.1164,0.0668,0.1164,1.6446,0.6472,0.1555,0.6283,9
2026-03-21T17:55:04.036890,3,0.0632,0.0632,0.0558,1.8824,0.3672,-0.0098,0.3671,10
2026-03-21T17:55:04.105725,0,0.0629,0.0629,0.0388,1.8730,0.5826,0.4464,0.3743,5
2026-03-21T17:55:04.105725,1,0.1273,0.1273,0.1019,1.9876,0.3189,0.1669,0.2718,24
2026-03-21T17:55:04.105725,2,0.0707,0.0620,0.0707,1.6522,0.6380,0.1591,0.6178,8
2026-03-21T17:55:04.105725,3,0.0671,0.0633,0.0671,1.8907,0.3655,-0.0097,0.3654,10
2026-03-21T17:55:04.174064,0,0.1272,0.1272,0.0943,1.9865,0.3162,0.1657,0.2693,24
2026-03-21T17:55:04.174064,1,0.0969,0.0557,0.0969,1.6617,0.6385,0.1590,0.6184,8
2026-03-21T17:55:04.174064,2,0.0627,0.0627,0.0513,1.8799,0.3684,-0.0099,0.3683,10
2026-03-21T17:55:04.244367,0,0.0635,0.0635,0.0433,1.8755,0.5800,0.4444,0.3727,5
2026-03-21T17:55:04.244367,1,0.1224,0.1224,0.0969,1.9872,0.3181,0.1665,0.2710,24
2026-03-21T17:55:04.244367,2,0.1249,0.0640,0.1249,1.6532,0.6474,0.1554,0.6285,9
2026-03-21T17:55:04.244367,3,0.0740,0.0625,0.0740,1.9006,0.3645,-0.0095,0.3644,10
2026-03-21T17:55:04.314367,0,0.0696,0.0696,0.0393,1.8749,0.5784,0.4432,0.3716,5
2026-03-21T17:55:04.314367,1,0.1305,0.1305,0.0971,1.9865,0.3179,0.1664,0.2709,24
2026-03-21T17:55:04.314367,2,0.1250,0.0642,0.1250,1.6522,0.6464,0.1552,0.6276,9
2026-03-21T17:55:04.314367,3,0.0517,0.0517,0.0445,1.8844,0.3597,-0.0060,0.3597,9
2026-03-21T17:55:04.383046,0,0.0564,0.0564,0.0400,1.8769,0.5776,0.4426,0.3711,5
2026-03-21T17:55:04.383046,1,0.1329,0.1329,0.0970,1.9873,0.3189,0.1672,0.2715,24
2026-03-21T17:55:04.383046,2,0.0786,0.0609,0.0786,1.6484,0.6390,0.1593,0.6188,8
2026-03-21T17:55:04.383046,3,0.0640,0.0640,0.0609,1.8816,0.3661,-0.0098,0.3660,10
2026-03-21T17:55:04.453429,0,0.0690,0.0690,0.0397,1.8699,0.5842,0.4477,0.3754,5
2026-03-21T17:55:04.453429,1,0.1339,0.1339,0.0987,1.9872,0.3176,0.1664,0.2706,24
2026-03-21T17:55:04.453429,2,0.0853,0.0588,0.0853,1.6551,0.6376,0.1589,0.6175,8
2026-03-21T17:55:04.453429,3,0.0624,0.0624,0.0562,1.8838,0.3642,-0.0098,0.3641,10
2026-03-21T17:55:04.522528,0,0.0711,0.0711,0.0361,1.8737,0.5768,0.4420,0.3706,5
2026-03-21T17:55:04.522528,1,0.1308,0.1308,0.0980,1.9912,0.3181,0.1667,0.2709,24
2026-03-21T17:55:04.522528,2,0.1279,0.0636,0.1279,1.6522,0.6463,0.1551,0.6274,9
2026-03-21T17:55:04.522528,3,0.0634,0.0634,0.0598,1.8844,0.3668,-0.0098,0.3667,10
2026-03-21T17:55:04.592863,0,0.0659,0.0659,0.0443,1.8705,0.5846,0.4479,0.3757,5
2026-03-21T17:55:04.592863,1,0.1294,0.1294,0.0948,1.9832,0.3181,0.1668,0.2709,24
2026-03-21T17:55:04.592863,2,0.0921,0.0572,0.0921,1.6570,0.6395,0.1593,0.6193,8
2026-03-21T17:55:04.592863,3,0.0631,0.0631,0.0618,1.8874,0.3647,-0.0098,0.3646,10
2026-03-21T17:55:04.662250,0,0.0600,0.0600,0.0374,1.8755,0.5625,0.4208,0.3733,5
2026-03-21T17:55:04.662250,1,0.1295,0.1295,0.0948,1.9832,0.3186,0.1669,0.2714,24
2026-03-21T17:55:04.662250,2,0.1229,0.0640,0.1229,1.6560,0.6460,0.1550,0.6271,9
2026-03-21T17:55:04.662250,3,0.0624,0.0624,0.0528,1.8834,0.3641,-0.0097,0.3640,10
2026-03-21T17:55:04.733101,0,0.0619,0.0619,0.0460,1.8775,0.5774,0.4424,0.3711,5
2026-03-21T17:55:04.733101,1,0.1293,0.1293,0.1047,1.9856,0.3173,0.1662,0.2703,24
2026-03-21T17:55:04.733101,2,0.0863,0.0586,0.0863,1.6551,0.6391,0.1593,0.6190,8
2026-03-21T17:55:04.733101,3,0.0627,0.0627,0.0526,1.8802,0.3660,-0.0098,0.3659,10
2026-03-21T17:55:04.803185,0,0.0697,0.0697,0.0400,1.8743,0.5802,0.4446,0.3728,5
2026-03-21T17:55:04.803185,1,0.1257,0.1257,0.0976,1.9860,0.3175,0.1663,0.2705,24
2026-03-21T17:55:04.803185,2,0.0826,0.0604,0.0826,1.6465,0.6410,0.1598,0.6208,8
2026-03-21T17:55:04.803185,3,0.0624,0.0624,0.0486,1.8792,0.3657,-0.0097,0.3656,10
2026-03-21T17:55:04.873365,0,0.0625,0.0625,0.0433,1.8782,0.5784,0.4432,0.3717,5
2026-03-21T17:55:04.873365,1,0.1281,0.1281,0.1075,1.9912,0.3176,0.1663,0.2706,24
2026-03-21T17:55:04.873365,2,0.1222,0.0655,0.1222,1.6465,0.6491,0.1559,0.6301,9
2026-03-21T17:55:04.873365,3,0.0513,0.0513,0.0330,1.8828,0.3616,-0.0060,0.3616,9
2026-03-21T17:55:04.942141,0,0.1255,0.1255,0.0951,1.9883,0.3177,0.1664,0.2706,24
2026-03-21T17:55:04.942141,1,0.0825,0.0599,0.0825,1.6503,0.6395,0.1594,0.6193,8
2026-03-21T17:55:04.942141,2,0.0628,0.0628,0.0568,1.8834,0.3642,-0.0097,0.3641,10
2026-03-21T17:55:05.012134,0,0.0655,0.0655,0.0380,1.8749,0.5742,0.4400,0.3690,5
2026-03-21T17:55:05.012134,1,0.1261,0.1261,0.0962,1.9912,0.3172,0.1661,0.2702,24
2026-03-21T17:55:05.012134,2,0.0863,0.0587,0.0863,1.6541,0.6387,0.1591,0.6186,8
2026-03-21T17:55:05.012134,3,0.0616,0.0616,0.0509,1.8894,0.3618,-0.0095,0.3617,10
2026-03-21T17:55:05.081530,0,0.0559,0.0559,0.0388,1.8737,0.5796,0.4441,0.3725,5
2026-03-21T17:55:05.081530,1,0.1236,0.1236,0.0926,1.9838,0.3186,0.1668,0.2714,24
2026-03-21T17:55:05.081530,2,0.0712,0.0616,0.0712,1.6551,0.6381,0.1591,0.6180,8
2026-03-21T17:55:05.081530,3,0.0508,0.0508,0.0297,1.8846,0.3570,-0.0060,0.3569,9
2026-03-21T17:55:05.081530,4,0.0705,0.0185,0.0705,1.7223,0.6044,-0.2833,0.5339,5
2026-03-21T17:55:05.149995,0,0.0555,0.0555,0.0447,1.8755,0.5762,0.4414,0.3703,5
2026-03-21T17:55:05.149995,1,0.1238,0.1238,0.0961,1.9920,0.3168,0.1658,0.2699,24
2026-03-21T17:55:05.149995,2,0.0655,0.0636,0.0655,1.6484,0.6379,0.1591,0.6177,8
2026-03-21T17:55:05.149995,3,0.0628,0.0628,0.0558,1.8834,0.3656,-0.0098,0.3655,10
2026-03-21T17:55:05.220472,0,0.0688,0.0688,0.0380,1.8743,0.5780,0.4429,0.3714,5
2026-03-21T17:55:05.220472,1,0.1248,0.1248,0.0951,1.9864,0.3176,0.1664,0.2706,24
2026-03-21T17:55:05.220472,2,0.0873,0.0584,0.0873,1.6551,0.6397,0.1594,0.6196,8
2026-03-21T17:55:05.220472,3,0.0635,0.0635,0.0617,1.8824,0.3662,-0.0099,0.3661,10
2026-03-21T17:55:05.289358,0,0.0642,0.0642,0.0400,1.8756,0.5766,0.4418,0.3705,5
2026-03-21T17:55:05.289358,1,0.1445,0.1254,0.1445,1.9864,0.3213,0.1653,0.2755,25
2026-03-21T17:55:05.289358,2,0.0883,0.0582,0.0883,1.6551,0.6364,0.1585,0.6163,8
2026-03-21T17:55:05.289358,3,0.0624,0.0624,0.0480,1.8806,0.3658,-0.0098,0.3657,10
2026-03-21T17:55:05.359484,0,0.0650,0.0650,0.0337,1.8686,0.5818,0.4458,0.3738,5
2026-03-21T17:55:05.359484,1,0.1265,0.1265,0.0918,1.9840,0.3195,0.1675,0.2721,24
2026-03-21T17:55:05.359484,2,0.0872,0.0582,0.0872,1.6570,0.6374,0.1589,0.6172,8
2026-03-21T17:55:05.359484,3,0.0619,0.0619,0.0489,1.8854,0.3633,-0.0097,0.3632,10
2026-03-21T17:55:05.429548,0,0.0651,0.0651,0.0475,1.8743,0.5832,0.4469,0.3748,5
2026-03-21T17:55:05.429548,1,0.1302,0.1302,0.0916,1.9800,0.3197,0.1675,0.2723,24
2026-03-21T17:55:05.429548,2,0.0737,0.0617,0.0737,1.6503,0.6376,0.1589,0.6175,8
2026-03-21T17:55:05.429548,3,0.0637,0.0635,0.0637,1.8844,0.3646,-0.0098,0.3645,10
2026-03-21T17:55:05.503637,0,0.0573,0.0573,0.0369,1.8718,0.5800,0.4444,0.3727,5
2026-03-21T17:55:05.503637,1,0.1224,0.1224,0.0963,1.9829,0.3177,0.1664,0.2706,24
2026-03-21T17:55:05.503637,2,0.0837,0.0605,0.0837,1.6446,0.6425,0.1602,0.6222,8
2026-03-21T17:55:05.503637,3,0.0615,0.0615,0.0483,1.8828,0.3611,-0.0096,0.3610,10
2026-03-21T17:55:05.569238,0,0.0689,0.0689,0.0439,1.8768,0.5798,0.4443,0.3726,5
2026-03-21T17:55:05.569238,1,0.1409,0.1291,0.1409,1.9846,0.3218,0.1654,0.2760,25
2026-03-21T17:55:05.569238,2,0.0874,0.0588,0.0874,1.6522,0.6390,0.1592,0.6188,8
2026-03-21T17:55:05.569238,3,0.0615,0.0615,0.0520,1.8876,0.3625,-0.0097,0.3624,10
2026-03-21T17:55:05.639830,0,0.0665,0.0665,0.0480,1.8755,0.5790,0.4436,0.3721,5
2026-03-21T17:55:05.639830,1,0.1506,0.1267,0.1506,1.9858,0.3233,0.1661,0.2773,25
2026-03-21T17:55:05.639830,2,0.1172,0.0661,0.1172,1.6484,0.6471,0.1554,0.6282,9
2026-03-21T17:55:05.639830,3,0.0631,0.0631,0.0548,1.8804,0.3658,-0.0098,0.3657,10
2026-03-21T17:55:05.639830,4,0.0829,0.0154,0.0829,1.7292,0.6048,-0.2835,0.5343,5
2026-03-21T17:55:05.710015,0,0.0602,0.0602,0.0419,1.8762,0.5760,0.4413,0.3702,5
2026-03-21T17:55:05.710015,1,0.1323,0.1323,0.0986,1.9880,0.3182,0.1667,0.2710,24
2026-03-21T17:55:05.710015,2,0.0816,0.0602,0.0816,1.6494,0.6409,0.1598,0.6206,8
2026-03-21T17:55:05.710015,3,0.0696,0.0696,0.0530,1.8844,0.3632,-0.0129,0.3629,11
2026-03-21T17:55:05.710015,4,0.0617,0.0237,0.0617,1.7179,0.6052,-0.2838,0.5345,5
2026-03-21T17:55:05.779050,0,0.0649,0.0649,0.0388,1.8724,0.5794,0.4440,0.3723,5
2026-03-21T17:55:05.779050,1,0.1301,0.1301,0.0998,1.9864,0.3191,0.1671,0.2719,24
2026-03-21T17:55:05.779050,2,0.0690,0.0634,0.0690,1.6437,0.6387,0.1593,0.6186,8
2026-03-21T17:55:05.779050,3,0.0649,0.0594,0.0649,1.8858,0.3626,-0.0089,0.3625,10
2026-03-21T17:55:05.779050,4,0.1025,0.0202,0.1025,1.7231,0.6151,-0.2833,0.5459,6
2026-03-21T17:55:05.848251,0,0.0697,0.0697,0.0415,1.8724,0.5820,0.4460,0.3740,5
2026-03-21T17:55:05.848251,1,0.1222,0.1222,0.0962,1.9856,0.3182,0.1667,0.2711,24
2026-03-21T17:55:05.848251,2,0.0660,0.0639,0.0660,1.6446,0.6381,0.1591,0.6179,8
2026-03-21T17:55:05.848251,3,0.0638,0.0638,0.0621,1.8816,0.3637,-0.0163,0.3634,10
2026-03-21T17:55:05.848251,4,0.0525,0.0200,0.0525,1.7240,0.6038,-0.2832,0.5333,5
2026-03-21T17:55:05.917413,0,0.0635,0.0635,0.0474,1.8756,0.5794,0.4439,0.3724,5
2026-03-21T17:55:05.917413,1,0.1289,0.1289,0.1018,1.9855,0.3179,0.1665,0.2708,24
2026-03-21T17:55:05.917413,2,0.0812,0.0588,0.0812,1.6608,0.6379,0.1590,0.6177,8
2026-03-21T17:55:05.917413,3,0.0511,0.0511,0.0208,1.8794,0.3584,-0.0124,0.3582,9
2026-03-21T17:55:05.917413,4,0.0437,0.0248,0.0437,1.7179,0.6042,-0.2835,0.5336,5
2026-03-21T17:55:05.986810,0,0.0517,0.0517,0.0454,1.8737,0.5792,0.4437,0.3723,5
2026-03-21T17:55:05.986810,1,0.1274,0.1274,0.1025,1.9872,0.3189,0.1669,0.2717,24
2026-03-21T17:55:05.986810,2,0.0647,0.0647,0.0607,1.6475,0.6371,0.1590,0.6170,8
2026-03-21T17:55:05.986810,3,0.0628,0.0628,0.0513,1.8828,0.3671,-0.0097,0.3670,10
2026-03-21T17:55:05.986810,4,0.0447,0.0245,0.0447,1.7154,0.6050,-0.2838,0.5343,5
2026-03-21T17:55:06.056176,0,0.1212,0.1212,0.0992,1.9848,0.3193,0.1671,0.2721,24
2026-03-21T17:55:06.056176,1,0.0677,0.0624,0.0677,1.6532,0.6371,0.1589,0.6170,8
2026-03-21T17:55:06.056176,2,0.0609,0.0609,0.0459,1.8838,0.3632,-0.0096,0.3631,10
2026-03-21T17:55:06.056176,3,0.0901,0.0248,0.0901,1.7179,0.6174,-0.2845,0.5479,6
2026-03-21T17:55:06.126830,0,0.0659,0.0659,0.0426,1.8782,0.5782,0.4431,0.3715,5
2026-03-21T17:55:06.126830,1,0.1254,0.1254,0.1045,1.9883,0.3177,0.1663,0.2707,24
2026-03-21T17:55:06.126830,2,0.0786,0.0606,0.0786,1.6513,0.6406,0.1597,0.6204,8
2026-03-21T17:55:06.126830,3,0.0535,0.0535,0.0389,1.8834,0.3604,-0.0129,0.3602,9
2026-03-21T17:55:06.126830,4,0.0765,0.0226,0.0765,1.7171,0.6169,-0.2844,0.5474,6
2026-03-21T17:55:06.196783,0,0.0688,0.0688,0.0295,1.8718,0.5774,0.4425,0.3709,5
2026-03-21T17:55:06.196783,1,0.1387,0.1299,0.1387,1.9872,0.3216,0.1655,0.2758,25
2026-03-21T17:55:06.196783,2,0.1200,0.0648,0.1200,1.6541,0.6492,0.1559,0.6302,9
2026-03-21T17:55:06.196783,3,0.0503,0.0503,0.0136,1.8794,0.3586,-0.0126,0.3584,9
2026-03-21T17:55:06.196783,4,0.0413,0.0265,0.0413,1.7119,0.6124,-0.2874,0.5408,5
2026-03-21T17:55:06.266083,0,0.1274,0.1274,0.1008,1.9864,0.3192,0.1672,0.2719,24
2026-03-21T17:55:06.266083,1,0.1191,0.0655,0.1191,1.6503,0.6482,0.1557,0.6293,9
2026-03-21T17:55:06.266083,2,0.0508,0.0508,0.0300,1.8866,0.3579,-0.0123,0.3576,9
2026-03-21T17:55:06.266083,3,0.0859,0.0271,0.0859,1.7102,0.6222,-0.2868,0.5522,6
2026-03-21T17:55:06.336724,0,0.0666,0.0666,0.0357,1.8692,0.5822,0.4461,0.3741,5
2026-03-21T17:55:06.336724,1,0.1270,0.1270,0.0999,1.9874,0.3180,0.1665,0.2709,24
2026-03-21T17:55:06.336724,2,0.0855,0.0595,0.0855,1.6494,0.6407,0.1597,0.6205,8
2026-03-21T17:55:06.336724,3,0.0508,0.0508,0.0273,1.8818,0.3592,-0.0124,0.3590,9
2026-03-21T17:55:06.336724,4,0.0394,0.0273,0.0394,1.7136,0.6104,-0.2864,0.5390,5
2026-03-21T17:55:06.405985,0,0.0613,0.0613,0.0362,1.8724,0.5810,0.4452,0.3733,5
2026-03-21T17:55:06.405985,1,0.1333,0.1333,0.0994,1.9888,0.3182,0.1668,0.2710,24
2026-03-21T17:55:06.405985,2,0.1308,0.0626,0.1308,1.6560,0.6471,0.1553,0.6282,9
2026-03-21T17:55:06.405985,3,0.0502,0.0502,0.0230,1.8846,0.3594,-0.0124,0.3592,9
2026-03-21T17:55:06.405985,4,0.0823,0.0301,0.0823,1.7110,0.6209,-0.2862,0.5510,6
2026-03-21T17:55:06.476851,0,0.0588,0.0588,0.0480,1.8782,0.5780,0.4429,0.3715,5
2026-03-21T17:55:06.476851,1,0.1232,0.1232,0.0990,1.9856,0.3186,0.1667,0.2714,24
2026-03-21T17:55:06.476851,2,0.0650,0.0650,0.0627,1.6465,0.6367,0.1589,0.6166,8
2026-03-21T17:55:06.476851,3,0.0627,0.0627,0.0500,1.8804,0.3627,-0.0160,0.3624,10
2026-03-21T17:55:06.476851,4,0.0394,0.0273,0.0394,1.7128,0.6086,-0.2855,0.5375,5
2026-03-21T17:55:06.546285,0,0.0573,0.0573,0.0480,1.8749,0.5808,0.4450,0.3733,5
2026-03-21T17:55:06.546285,1,0.1301,0.1301,0.1024,1.9833,0.3198,0.1676,0.2724,24
2026-03-21T17:55:06.546285,2,0.0852,0.0582,0.0852,1.6598,0.6386,0.1591,0.6185,8
2026-03-21T17:55:06.546285,3,0.0619,0.0619,0.0422,1.8796,0.3650,-0.0161,0.3647,10
2026-03-21T17:55:06.546285,4,0.0777,0.0310,0.0777,1.7110,0.6182,-0.2850,0.5486,6
2026-03-21T17:55:06.614685,0,0.1201,0.1201,0.0991,1.9866,0.3169,0.1660,0.2700,24
2026-03-21T17:55:06.614685,1,0.1232,0.0652,0.1232,1.6475,0.6484,0.1556,0.6295,9
2026-03-21T17:55:06.614685,2,0.0622,0.0622,0.0452,1.8796,0.3658,-0.0163,0.3655,10
2026-03-21T17:55:06.614685,3,0.0360,0.0293,0.0360,1.7093,0.6104,-0.2864,0.5390,5
2026-03-21T17:55:06.683979,0,0.0758,0.0758,0.0589,1.8711,0.5759,0.4347,0.3777,6
2026-03-21T17:55:06.683979,1,0.1358,0.1333,0.1358,1.9852,0.3221,0.1659,0.2762,25
2026-03-21T17:55:06.683979,2,0.0883,0.0583,0.0883,1.6541,0.6409,0.1597,0.6206,8
2026-03-21T17:55:06.683979,3,0.0722,0.0722,0.0679,1.8789,0.3708,-0.0128,0.3705,11
2026-03-21T17:55:06.683979,4,0.0430,0.0255,0.0430,1.7136,0.6116,-0.2869,0.5401,5
2026-03-21T17:55:06.752897,0,0.1332,0.1332,0.1071,1.9880,0.3187,0.1670,0.2715,24
2026-03-21T17:55:06.752897,1,0.1337,0.0621,0.1337,1.6560,0.6488,0.1557,0.6298,9
2026-03-21T17:55:06.752897,2,0.0596,0.0593,0.0596,1.8796,0.3648,-0.0090,0.3647,10
2026-03-21T17:55:06.752897,3,0.0930,0.0243,0.0930,1.7128,0.6224,-0.2868,0.5524,6
2026-03-21T17:55:06.822771,0,0.0713,0.0713,0.0356,1.8699,0.5836,0.4472,0.3749,5
2026-03-21T17:55:06.822771,1,0.1283,0.1283,0.1053,1.9852,0.3186,0.1670,0.2714,24
2026-03-21T17:55:06.822771,2,0.0854,0.0590,0.0854,1.6532,0.6406,0.1597,0.6204,8
2026-03-21T17:55:06.822771,3,0.0631,0.0631,0.0611,1.8856,0.3613,-0.0162,0.3610,10
2026-03-21T17:55:06.822771,4,0.0386,0.0280,0.0386,1.7102,0.6128,-0.2875,0.5412,5
2026-03-21T17:55:06.892557,0,0.0580,0.0580,0.0354,1.8743,0.5770,0.4421,0.3708,5
2026-03-21T17:55:06.892557,1,0.1296,0.1296,0.0843,1.9849,0.3168,0.1660,0.2698,24
2026-03-21T17:55:06.892557,2,0.1193,0.0662,0.1193,1.6456,0.6482,0.1556,0.6293,9
2026-03-21T17:55:06.892557,3,0.0510,0.0510,0.0168,1.8834,0.3584,-0.0126,0.3582,9
2026-03-21T17:55:06.892557,4,0.0368,0.0288,0.0368,1.7110,0.6112,-0.2868,0.5397,5
2026-03-21T17:55:06.962891,0,0.0651,0.0651,0.0369,1.8718,0.5806,0.4449,0.3730,5
2026-03-21T17:55:06.962891,1,0.1268,0.1268,0.0978,1.9881,0.3185,0.1669,0.2713,24
2026-03-21T17:55:06.962891,2,0.1183,0.0662,0.1183,1.6465,0.6457,0.1550,0.6268,9
2026-03-21T17:55:06.962891,3,0.0602,0.0602,0.0575,1.8814,0.3652,-0.0092,0.3651,10
2026-03-21T17:55:06.962891,4,0.0822,0.0287,0.0822,1.7119,0.6192,-0.2854,0.5495,6
2026-03-21T17:55:07.032894,0,0.0590,0.0590,0.0368,1.8743,0.5788,0.4435,0.3719,5
2026-03-21T17:55:07.032894,1,0.1278,0.1278,0.0868,1.9846,0.3170,0.1661,0.2699,24
2026-03-21T17:55:07.032894,2,0.1281,0.0645,0.1281,1.6465,0.6483,0.1555,0.6294,9
2026-03-21T17:55:07.032894,3,0.0655,0.0597,0.0655,1.8824,0.3660,-0.0091,0.3659,10
2026-03-21T17:55:07.032894,4,0.0765,0.0251,0.0765,1.7188,0.6151,-0.2836,0.5458,6
2026-03-21T17:55:07.102659,0,0.0603,0.0603,0.0367,1.8750,0.5760,0.4414,0.3701,5
2026-03-21T17:55:07.102659,1,0.1287,0.1287,0.0987,1.9872,0.3184,0.1668,0.2712,24
2026-03-21T17:55:07.102659,2,0.1231,0.0648,0.1231,1.6503,0.6469,0.1554,0.6280,9
2026-03-21T17:55:07.102659,3,0.0674,0.0598,0.0674,1.8824,0.3651,-0.0091,0.3650,10
2026-03-21T17:55:07.102659,4,0.0804,0.0269,0.0804,1.7128,0.6172,-0.2845,0.5477,6
2026-03-21T17:55:07.173187,0,0.0712,0.0712,0.0342,1.8711,0.5814,0.4456,0.3735,5
2026-03-21T17:55:07.173187,1,0.1251,0.1251,0.0861,1.9830,0.3184,0.1669,0.2711,24
2026-03-21T17:55:07.173187,2,0.0900,0.0571,0.0900,1.6608,0.6362,0.1585,0.6162,8
2026-03-21T17:55:07.173187,3,0.0720,0.0720,0.0629,1.8789,0.3703,-0.0128,0.3701,11
2026-03-21T17:55:07.173187,4,0.0358,0.0290,0.0358,1.7136,0.6084,-0.2855,0.5373,5
2026-03-21T17:55:07.242382,0,0.1241,0.1241,0.0899,1.9868,0.3169,0.1659,0.2700,24
2026-03-21T17:55:07.242382,1,0.0951,0.0568,0.0951,1.6560,0.6396,0.1593,0.6194,8
2026-03-21T17:55:07.242382,2,0.0600,0.0600,0.0595,1.8844,0.3623,-0.0091,0.3622,10
2026-03-21T17:55:07.242382,3,0.0865,0.0235,0.0865,1.7171,0.6184,-0.2850,0.5488,6
2026-03-21T17:55:07.313305,0,0.0656,0.0656,0.0467,1.8756,0.5784,0.4432,0.3717,5
2026-03-21T17:55:07.313305,1,0.1283,0.1283,0.1014,1.9880,0.3179,0.1666,0.2708,24
2026-03-21T17:55:07.313305,2,0.0645,0.0645,0.0621,1.6456,0.6387,0.1594,0.6185,8
2026-03-21T17:55:07.313305,3,0.0605,0.0601,0.0605,1.8834,0.3630,-0.0092,0.3629,10
2026-03-21T17:55:07.313305,4,0.0777,0.0257,0.0777,1.7110,0.6176,-0.2847,0.5480,6
2026-03-21T17:55:07.381726,0,0.0628,0.0628,0.0420,1.8763,0.5802,0.4446,0.3728,5
2026-03-21T17:55:07.381726,1,0.1236,0.1236,0.0987,1.9872,0.3179,0.1665,0.2709,24
2026-03-21T17:55:07.381726,2,0.1354,0.0606,0.1354,1.6636,0.6465,0.1551,0.6276,9
2026-03-21T17:55:07.381726,3,0.0664,0.0600,0.0664,1.8854,0.3635,-0.0091,0.3634,10
2026-03-21T17:55:07.381726,4,0.0805,0.0276,0.0805,1.7093,0.6206,-0.2861,0.5507,6
2026-03-21T17:55:07.450958,0,0.0604,0.0604,0.0429,1.8711,0.5824,0.4462,0.3743,5
2026-03-21T17:55:07.450958,1,0.1308,0.1308,0.0995,1.9832,0.3188,0.1670,0.2715,24
2026-03-21T17:55:07.450958,2,0.1319,0.0630,0.1319,1.6522,0.6487,0.1557,0.6297,9
2026-03-21T17:55:07.450958,3,0.0513,0.0513,0.0182,1.8836,0.3586,-0.0127,0.3584,9
2026-03-21T17:55:07.450958,4,0.0840,0.0291,0.0840,1.7119,0.6211,-0.2863,0.5511,6
2026-03-21T17:55:07.519344,0,0.0703,0.0703,0.0367,1.8737,0.5770,0.4422,0.3707,5
2026-03-21T17:55:07.519344,1,0.1265,0.1265,0.0966,1.9888,0.3173,0.1661,0.2703,24
2026-03-21T17:55:07.519344,2,0.0844,0.0594,0.0844,1.6513,0.6401,0.1595,0.6199,8
2026-03-21T17:55:07.519344,3,0.0595,0.0595,0.0549,1.8808,0.3634,-0.0092,0.3633,10
2026-03-21T17:55:07.519344,4,0.0892,0.0235,0.0892,1.7171,0.6197,-0.2856,0.5500,6
2026-03-21T17:55:07.589071,0,0.0642,0.0642,0.0402,1.8730,0.5786,0.4434,0.3718,5
2026-03-21T17:55:07.589071,1,0.1230,0.1230,0.0960,1.9826,0.3192,0.1672,0.2720,24
2026-03-21T17:55:07.589071,2,0.1239,0.0638,0.1239,1.6560,0.6450,0.1548,0.6262,9
2026-03-21T17:55:07.589071,3,0.0597,0.0597,0.0583,1.8802,0.3625,-0.0091,0.3624,10
2026-03-21T17:55:07.589071,4,0.0830,0.0237,0.0830,1.7145,0.6189,-0.2852,0.5492,6
2026-03-21T17:55:07.659753,0,0.0604,0.0604,0.0360,1.8749,0.5774,0.4425,0.3710,5
2026-03-21T17:55:07.659753,1,0.1247,0.1247,0.1018,1.9865,0.3178,0.1663,0.2708,24
2026-03-21T17:55:07.659753,2,0.0825,0.0599,0.0825,1.6503,0.6411,0.1598,0.6209,8
2026-03-21T17:55:07.659753,3,0.0494,0.0494,0.0200,1.8846,0.3560,-0.0124,0.3558,9
2026-03-21T17:55:07.659753,4,0.0983,0.0218,0.0983,1.7171,0.6197,-0.2855,0.5500,6
2026-03-21T17:55:07.728972,0,0.0735,0.0735,0.0374,1.8756,0.5784,0.4433,0.3716,5
2026-03-21T17:55:07.728972,1,0.1337,0.1337,0.0824,1.9849,0.3178,0.1668,0.2706,24
2026-03-21T17:55:07.728972,2,0.0958,0.0555,0.0958,1.6646,0.6344,0.1580,0.6144,8
2026-03-21T17:55:07.728972,3,0.0685,0.0592,0.0685,1.8824,0.3642,-0.0091,0.3641,10
2026-03-21T17:55:07.728972,4,0.0813,0.0261,0.0813,1.7110,0.6196,-0.2856,0.5498,6
2026-03-21T17:55:07.798272,0,0.0627,0.0627,0.0446,1.8762,0.5798,0.4443,0.3726,5
2026-03-21T17:55:07.798272,1,0.1455,0.1299,0.1455,1.9845,0.3222,0.1657,0.2764,25
2026-03-21T17:55:07.798272,2,0.0769,0.0620,0.0769,1.6427,0.6416,0.1600,0.6213,8
2026-03-21T17:55:07.798272,3,0.0508,0.0508,0.0180,1.8874,0.3559,-0.0125,0.3556,9
2026-03-21T17:55:07.798272,4,0.0386,0.0278,0.0386,1.7119,0.6088,-0.2857,0.5376,5
2026-03-21T17:55:07.868750,0,0.0674,0.0674,0.0349,1.8705,0.5816,0.4457,0.3737,5
2026-03-21T17:55:07.868750,1,0.1230,0.1230,0.0965,1.9849,0.3183,0.1668,0.2711,24
2026-03-21T17:55:07.868750,2,0.1335,0.0611,0.1335,1.6627,0.6440,0.1545,0.6252,9
2026-03-21T17:55:07.868750,3,0.0590,0.0590,0.0519,1.8799,0.3629,-0.0091,0.3628,10
2026-03-21T17:55:07.868750,4,0.0805,0.0302,0.0805,1.7093,0.6211,-0.2863,0.5511,6
2026-03-21T17:55:07.938058,0,0.0703,0.0703,0.0412,1.8768,0.5770,0.4422,0.3707,5
2026-03-21T17:55:07.938058,1,0.1274,0.1274,0.1076,1.9904,0.3175,0.1661,0.2706,24
2026-03-21T17:55:07.938058,2,0.0873,0.0586,0.0873,1.6532,0.6386,0.1591,0.6185,8
2026-03-21T17:55:07.938058,3,0.0645,0.0596,0.0645,1.8824,0.3641,-0.0091,0.3640,10
2026-03-21T17:55:07.938058,4,0.0894,0.0238,0.0894,1.7128,0.6232,-0.2872,0.5531,6
2026-03-21T17:55:08.008534,0,0.0611,0.0611,0.0316,1.8705,0.5788,0.4435,0.3719,5
2026-03-21T17:55:08.008534,1,0.1270,0.1270,0.0952,1.9837,0.3188,0.1669,0.2716,24
2026-03-21T17:55:08.008534,2,0.0844,0.0593,0.0844,1.6522,0.6390,0.1593,0.6188,8
2026-03-21T17:55:08.008534,3,0.0510,0.0510,0.0213,1.8858,0.3541,-0.0124,0.3539,9
2026-03-21T17:55:08.008534,4,0.0482,0.0225,0.0482,1.7188,0.6094,-0.2859,0.5382,5
2026-03-21T17:55:08.078631,0,0.0682,0.0682,0.0380,1.8756,0.5784,0.4433,0.3716,5
2026-03-21T17:55:08.078631,1,0.1336,0.1336,0.0992,1.9857,0.3189,0.1670,0.2716,24
2026-03-21T17:55:08.078631,2,0.1105,0.0681,0.1105,1.6427,0.6479,0.1556,0.6289,9
2026-03-21T17:55:08.078631,3,0.0509,0.0509,0.0203,1.8848,0.3575,-0.0124,0.3573,9
2026-03-21T17:55:08.078631,4,0.0403,0.0268,0.0403,1.7145,0.6076,-0.2851,0.5366,5
2026-03-21T17:55:08.148706,0,0.0620,0.0620,0.0412,1.8768,0.5798,0.4443,0.3726,5
2026-03-21T17:55:08.148706,1,0.1321,0.1321,0.0937,1.9821,0.3197,0.1677,0.2722,24
2026-03-21T17:55:08.148706,2,0.0786,0.0607,0.0786,1.6503,0.6385,0.1592,0.6183,8
2026-03-21T17:55:08.148706,3,0.0504,0.0504,0.0138,1.8826,0.3561,-0.0126,0.3559,9
2026-03-21T17:55:08.148706,4,0.0876,0.0234,0.0876,1.7128,0.6199,-0.2856,0.5502,6
2026-03-21T17:55:08.219137,0,0.0735,0.0701,0.0735,1.8750,0.5841,0.4407,0.3833,6
2026-03-21T17:55:08.219137,1,0.1336,0.1336,0.0960,1.9873,0.3173,0.1664,0.2702,24
2026-03-21T17:55:08.219137,2,0.0767,0.0612,0.0767,1.6494,0.6372,0.1589,0.6171,8
2026-03-21T17:55:08.219137,3,0.0629,0.0597,0.0629,1.8848,0.3651,-0.0091,0.3650,10
2026-03-21T17:55:08.219137,4,0.0439,0.0250,0.0439,1.7145,0.6120,-0.2871,0.5405,5
2026-03-21T17:55:08.287832,0,0.0650,0.0650,0.0408,1.8737,0.5804,0.4448,0.3729,5
2026-03-21T17:55:08.287832,1,0.1301,0.1301,0.0927,1.9849,0.3191,0.1671,0.2718,24
2026-03-21T17:55:08.287832,2,0.0894,0.0586,0.0894,1.6503,0.6399,0.1594,0.6197,8
2026-03-21T17:55:08.287832,3,0.0505,0.0505,0.0161,1.8848,0.3560,-0.0125,0.3557,9
2026-03-21T17:55:08.287832,4,0.0885,0.0256,0.0885,1.7128,0.6201,-0.2858,0.5503,6
2026-03-21T17:55:08.357624,0,0.0565,0.0565,0.0461,1.8756,0.5798,0.4442,0.3726,5
2026-03-21T17:55:08.357624,1,0.1263,0.1263,0.0865,1.9834,0.3175,0.1665,0.2704,24
2026-03-21T17:55:08.357624,2,0.0640,0.0639,0.0640,1.6475,0.6374,0.1589,0.6172,8
2026-03-21T17:55:08.357624,3,0.0636,0.0595,0.0636,1.8846,0.3645,-0.0091,0.3644,10
2026-03-21T17:55:08.357624,4,0.0842,0.0276,0.0842,1.7084,0.6212,-0.2863,0.5513,6
2026-03-21T17:55:08.426480,0,0.0610,0.0610,0.0333,1.8755,0.5738,0.4397,0.3687,5
2026-03-21T17:55:08.426480,1,0.1350,0.1350,0.0939,1.9889,0.3180,0.1667,0.2708,24
2026-03-21T17:55:08.426480,2,0.0788,0.0614,0.0788,1.6446,0.6407,0.1597,0.6205,8
2026-03-21T17:55:08.426480,3,0.0600,0.0600,0.0554,1.8864,0.3616,-0.0092,0.3615,10
2026-03-21T17:55:08.426480,4,0.0333,0.0311,0.0333,1.7102,0.6092,-0.2859,0.5380,5
2026-03-21T17:55:08.495712,0,0.0605,0.0605,0.0329,1.8711,0.5802,0.4446,0.3728,5
2026-03-21T17:55:08.495712,1,0.1319,0.1319,0.0912,1.9872,0.3180,0.1666,0.2708,24
2026-03-21T17:55:08.495712,2,0.0747,0.0616,0.0747,1.6494,0.6384,0.1592,0.6182,8
2026-03-21T17:55:08.495712,3,0.0639,0.0602,0.0639,1.8838,0.3637,-0.0091,0.3636,10
2026-03-21T17:55:08.495712,4,0.0413,0.0265,0.0413,1.7119,0.6122,-0.2873,0.5406,5
2026-03-21T17:55:08.564823,0,0.0641,0.0343,0.0641,1.8749,0.5697,0.4258,0.3785,5
2026-03-21T17:55:08.564823,1,0.1325,0.1325,0.0910,1.9842,0.3182,0.1667,0.2710,24
2026-03-21T17:55:08.564823,2,0.0940,0.0566,0.0940,1.6589,0.6376,0.1588,0.6175,8
2026-03-21T17:55:08.564823,3,0.0713,0.0601,0.0713,1.8862,0.3664,-0.0091,0.3663,10
2026-03-21T17:55:08.564823,4,0.0903,0.0251,0.0903,1.7128,0.6212,-0.2863,0.5513,6
2026-03-21T17:55:08.634881,0,0.1344,0.1344,0.1056,1.9912,0.3182,0.1667,0.2710,24
2026-03-21T17:55:08.634881,1,0.1259,0.0639,0.1259,1.6532,0.6462,0.1552,0.6273,9
2026-03-21T17:55:08.634881,2,0.0592,0.0592,0.0574,1.8854,0.3624,-0.0091,0.3623,10
2026-03-21T17:55:08.634881,3,0.0412,0.0265,0.0412,1.7128,0.6128,-0.2875,0.5412,5
2026-03-21T17:55:08.704809,0,0.0615,0.0615,0.0386,1.8782,0.5698,0.4366,0.3661,5
2026-03-21T17:55:08.704809,1,0.1296,0.1296,0.0992,1.9857,0.3177,0.1664,0.2706,24
2026-03-21T17:55:08.704809,2,0.0777,0.0612,0.0777,1.6475,0.6386,0.1592,0.6185,8
2026-03-21T17:55:08.704809,3,0.0605,0.0596,0.0605,1.8844,0.3612,-0.0091,0.3611,10
2026-03-21T17:55:08.704809,4,0.0843,0.0282,0.0843,1.7067,0.6217,-0.2865,0.5517,6
2026-03-21T17:55:08.775147,0,0.0618,0.0618,0.0433,1.8755,0.5768,0.4419,0.3707,5
2026-03-21T17:55:08.775147,1,0.1405,0.1291,0.1405,1.9881,0.3204,0.1647,0.2748,25
2026-03-21T17:55:08.775147,2,0.1212,0.0654,0.1212,1.6484,0.6494,0.1558,0.6305,9
2026-03-21T17:55:08.775147,3,0.0600,0.0600,0.0559,1.8818,0.3627,-0.0092,0.3626,10
2026-03-21T17:55:08.775147,4,0.0412,0.0264,0.0412,1.7136,0.6108,-0.2866,0.5394,5
2026-03-21T17:55:08.844455,0,0.0720,0.0720,0.0408,1.8737,0.5812,0.4454,0.3734,5
2026-03-21T17:55:08.844455,1,0.1302,0.1302,0.0932,1.9864,0.3194,0.1674,0.2720,24
2026-03-21T17:55:08.844455,2,0.0817,0.0606,0.0817,1.6465,0.6406,0.1596,0.6204,8
2026-03-21T17:55:08.844455,3,0.0653,0.0598,0.0653,1.8842,0.3639,-0.0090,0.3638,10
2026-03-21T17:55:08.844455,4,0.0358,0.0291,0.0358,1.7128,0.6098,-0.2861,0.5385,5
2026-03-21T17:55:08.914595,0,0.0665,0.0665,0.0374,1.8737,0.5800,0.4445,0.3726,5
2026-03-21T17:55:08.914595,1,0.1302,0.1302,0.0926,1.9829,0.3195,0.1675,0.2720,24
2026-03-21T17:55:08.914595,2,0.1164,0.0667,0.1164,1.6456,0.6490,0.1559,0.6300,9
2026-03-21T17:55:08.914595,3,0.0714,0.0714,0.0675,1.8834,0.3680,-0.0128,0.3677,11
2026-03-21T17:55:08.914595,4,0.0499,0.0215,0.0499,1.7205,0.6072,-0.2848,0.5363,5
2026-03-21T17:55:08.984419,0,0.0572,0.0572,0.0446,1.8762,0.5768,0.4419,0.3707,5
2026-03-21T17:55:08.984419,1,0.1296,0.1296,0.0943,1.9846,0.3191,0.1672,0.2718,24
2026-03-21T17:55:08.984419,2,0.0645,0.0636,0.0645,1.6503,0.6366,0.1588,0.6165,8
2026-03-21T17:55:08.984419,3,0.0603,0.0603,0.0577,1.8796,0.3660,-0.0092,0.3659,10
2026-03-21T17:55:08.984419,4,0.0890,0.0219,0.0890,1.7214,0.6174,-0.2845,0.5479,6
2026-03-21T17:55:09.055197,0,0.0687,0.0687,0.0373,1.8763,0.5760,0.4414,0.3700,5
2026-03-21T17:55:09.055197,1,0.1285,0.1285,0.0926,1.9848,0.3183,0.1669,0.2711,24
2026-03-21T17:55:09.055197,2,0.0678,0.0627,0.0678,1.6513,0.6359,0.1586,0.6158,8
2026-03-21T17:55:09.055197,3,0.0592,0.0592,0.0589,1.8818,0.3622,-0.0090,0.3621,10
2026-03-21T17:55:09.055197,4,0.0803,0.0268,0.0803,1.7136,0.6181,-0.2849,0.5485,6
2026-03-21T17:55:09.124552,0,0.0588,0.0588,0.0420,1.8763,0.5772,0.4423,0.3709,5
2026-03-21T17:55:09.124552,1,0.1371,0.1282,0.1371,1.9856,0.3202,0.1648,0.2745,25
2026-03-21T17:55:09.124552,2,0.0787,0.0612,0.0787,1.6465,0.6386,0.1591,0.6185,8
2026-03-21T17:55:09.124552,3,0.0597,0.0597,0.0559,1.8848,0.3605,-0.0092,0.3604,10
2026-03-21T17:55:09.124552,4,0.0377,0.0283,0.0377,1.7110,0.6082,-0.2854,0.5371,5
2026-03-21T17:55:09.194667,0,0.0611,0.0611,0.0355,1.8718,0.5800,0.4445,0.3727,5
2026-03-21T17:55:09.194667,1,0.1357,0.1357,0.0865,1.9872,0.3181,0.1667,0.2710,24
2026-03-21T17:55:09.194667,2,0.1269,0.0638,0.1269,1.6522,0.6477,0.1554,0.6287,9
2026-03-21T17:55:09.194667,3,0.0596,0.0596,0.0543,1.8882,0.3613,-0.0092,0.3612,10
2026-03-21T17:55:09.194667,4,0.0374,0.0278,0.0374,1.7179,0.6044,-0.2836,0.5337,5
2026-03-21T17:55:09.263083,0,0.0627,0.0627,0.0412,1.8774,0.5772,0.4423,0.3709,5
2026-03-21T17:55:09.263083,1,0.1249,0.1249,0.0963,1.9838,0.3188,0.1670,0.2716,24
2026-03-21T17:55:09.263083,2,0.0804,0.0597,0.0804,1.6551,0.6366,0.1586,0.6165,8
2026-03-21T17:55:09.263083,3,0.0504,0.0504,0.0224,1.8918,0.3565,-0.0124,0.3563,9
2026-03-21T17:55:09.263083,4,0.0420,0.0258,0.0420,1.7154,0.6092,-0.2858,0.5380,5
2026-03-21T17:55:09.332554,0,0.0673,0.0673,0.0415,1.8730,0.5798,0.4443,0.3726,5
2026-03-21T17:55:09.332554,1,0.1245,0.1245,0.0977,1.9880,0.3170,0.1660,0.2701,24
2026-03-21T17:55:09.332554,2,0.0680,0.0635,0.0680,1.6446,0.6386,0.1592,0.6184,8
2026-03-21T17:55:09.332554,3,0.0656,0.0595,0.0656,1.8826,0.3642,-0.0090,0.3641,10
2026-03-21T17:55:09.332554,4,0.0795,0.0291,0.0795,1.7128,0.6156,-0.2838,0.5462,6
2026-03-21T17:55:09.401887,0,0.0585,0.0585,0.0420,1.8769,0.5736,0.4395,0.3686,5
2026-03-21T17:55:09.401887,1,0.1301,0.1301,0.0951,1.9883,0.3180,0.1666,0.2708,24
2026-03-21T17:55:09.401887,2,0.0643,0.0643,0.0630,1.6456,0.6376,0.1590,0.6175,8
2026-03-21T17:55:09.401887,3,0.0511,0.0511,0.0162,1.8816,0.3573,-0.0126,0.3571,9
2026-03-21T17:55:09.401887,4,0.0847,0.0235,0.0847,1.7179,0.6152,-0.2836,0.5460,6
2026-03-21T17:55:09.471481,0,0.0658,0.0658,0.0400,1.8743,0.5792,0.4438,0.3722,5
2026-03-21T17:55:09.471481,1,0.1274,0.1274,0.1128,1.9918,0.3177,0.1663,0.2707,24
2026-03-21T17:55:09.471481,2,0.0816,0.0605,0.0816,1.6475,0.6401,0.1595,0.6199,8
2026-03-21T17:55:09.471481,3,0.0503,0.0503,0.0142,1.8816,0.3577,-0.0125,0.3575,9
2026-03-21T17:55:09.471481,4,0.0929,0.0219,0.0929,1.7154,0.6202,-0.2858,0.5505,6
2026-03-21T17:55:09.541379,0,0.0852,0.0852,0.0536,1.8781,0.5751,0.4342,0.3771,6
2026-03-21T17:55:09.541379,1,0.1248,0.1248,0.0988,1.9826,0.3172,0.1662,0.2701,24
2026-03-21T17:55:09.541379,2,0.0815,0.0600,0.0815,1.6513,0.6385,0.1591,0.6183,8
2026-03-21T17:55:09.541379,3,0.0689,0.0601,0.0689,1.8838,0.3647,-0.0091,0.3646,10
2026-03-21T17:55:09.541379,4,0.0367,0.0286,0.0367,1.7136,0.6098,-0.2861,0.5385,5
2026-03-21T17:55:09.611054,0,0.0686,0.0686,0.0321,1.8743,0.5734,0.4394,0.3684,5
2026-03-21T17:55:09.611054,1,0.1306,0.1306,0.1009,1.9856,0.3173,0.1661,0.2703,24
2026-03-21T17:55:09.611054,2,0.0696,0.0618,0.0696,1.6551,0.6357,0.1585,0.6157,8
2026-03-21T17:55:09.611054,3,0.0623,0.0591,0.0623,1.8872,0.3596,-0.0090,0.3595,10
2026-03-21T17:55:09.611054,4,0.0857,0.0263,0.0857,1.7154,0.6156,-0.2837,0.5463,6
2026-03-21T17:55:09.680431,0,0.0744,0.0744,0.0434,1.8743,0.5812,0.4454,0.3734,5
2026-03-21T17:55:09.680431,1,0.1246,0.1246,0.0979,1.9864,0.3194,0.1672,0.2722,24
2026-03-21T17:55:09.680431,2,0.0814,0.0598,0.0814,1.6532,0.6386,0.1592,0.6185,8
2026-03-21T17:55:09.680431,3,0.0653,0.0600,0.0653,1.8822,0.3633,-0.0090,0.3632,10
2026-03-21T17:55:09.680431,4,0.0780,0.0322,0.0780,1.7067,0.6191,-0.2854,0.5493,6
2026-03-21T17:55:09.749741,0,0.0613,0.0613,0.0410,1.8679,0.5864,0.4493,0.3768,5
2026-03-21T17:55:09.749741,1,0.1245,0.1245,0.0985,1.9841,0.3189,0.1669,0.2717,24
2026-03-21T17:55:09.749741,2,0.0815,0.0601,0.0815,1.6503,0.6389,0.1592,0.6187,8
2026-03-21T17:55:09.749741,3,0.0614,0.0603,0.0614,1.8794,0.3653,-0.0091,0.3652,10
2026-03-21T17:55:09.749741,4,0.0740,0.0269,0.0740,1.7128,0.6184,-0.2851,0.5487,6
2026-03-21T17:55:09.820237,0,0.1222,0.1222,0.1003,1.9897,0.3190,0.1670,0.2718,24
2026-03-21T17:55:09.820237,1,0.0930,0.0565,0.0930,1.6608,0.6381,0.1590,0.6180,8
2026-03-21T17:55:09.820237,2,0.0517,0.0517,0.0278,1.8894,0.3587,-0.0126,0.3585,9
2026-03-21T17:55:09.820237,3,0.0403,0.0268,0.0403,1.7145,0.6086,-0.2856,0.5375,5
2026-03-21T17:55:09.889526,0,0.0556,0.0556,0.0373,1.8755,0.5760,0.4413,0.3702,5
2026-03-21T17:55:09.889526,1,0.1513,0.1188,0.1513,1.9912,0.3224,0.1655,0.2767,25
2026-03-21T17:55:09.889526,2,0.0716,0.0614,0.0716,1.6551,0.6365,0.1587,0.6164,8
2026-03-21T17:55:09.889526,3,0.0599,0.0599,0.0493,1.8802,0.3627,-0.0093,0.3626,10
2026-03-21T17:55:09.889526,4,0.0866,0.0259,0.0866,1.7145,0.6196,-0.2856,0.5498,6
2026-03-21T17:55:09.960210,0,0.0588,0.0588,0.0395,1.8724,0.5796,0.4441,0.3725,5
2026-03-21T17:55:09.960210,1,0.1313,0.1313,0.0910,1.9841,0.3167,0.1659,0.2697,24
2026-03-21T17:55:09.960210,2,0.0658,0.0632,0.0658,1.6503,0.6371,0.1589,0.6170,8
2026-03-21T17:55:09.960210,3,0.0634,0.0596,0.0634,1.8874,0.3621,-0.0091,0.3620,10
2026-03-21T17:55:09.960210,4,0.0849,0.0260,0.0849,1.7128,0.6202,-0.2859,0.5504,6
2026-03-21T17:55:10.030778,0,0.0679,0.0679,0.0400,1.8728,0.5784,0.4432,0.3717,5
2026-03-21T17:55:10.030778,1,0.1280,0.1280,0.0970,1.9845,0.3199,0.1676,0.2725,24
2026-03-21T17:55:10.030778,2,0.0834,0.0593,0.0834,1.6541,0.6384,0.1591,0.6182,8
2026-03-21T17:55:10.030778,3,0.0590,0.0590,0.0534,1.8824,0.3633,-0.0092,0.3632,10
2026-03-21T17:55:10.030778,4,0.0454,0.0236,0.0454,1.7223,0.6078,-0.2851,0.5368,5
2026-03-21T17:55:10.101433,0,0.0703,0.0703,0.0448,1.8730,0.5800,0.4444,0.3727,5
2026-03-21T17:55:10.101433,1,0.1316,0.1316,0.1052,1.9880,0.3166,0.1659,0.2697,24
2026-03-21T17:55:10.101433,2,0.0777,0.0611,0.0777,1.6484,0.6399,0.1595,0.6197,8
2026-03-21T17:55:10.101433,3,0.0612,0.0612,0.0461,1.8824,0.3615,-0.0162,0.3612,10
2026-03-21T17:55:10.101433,4,0.0902,0.0253,0.0902,1.7162,0.6172,-0.2845,0.5478,6
2026-03-21T17:55:10.169085,0,0.1308,0.1255,0.1308,1.9840,0.3214,0.1654,0.2756,25
2026-03-21T17:55:10.169085,1,0.0892,0.0578,0.0892,1.6570,0.6367,0.1586,0.6167,8
2026-03-21T17:55:10.169085,2,0.0517,0.0517,0.0264,1.8878,0.3585,-0.0126,0.3583,9
2026-03-21T17:55:10.169085,3,0.0981,0.0215,0.0981,1.7205,0.6166,-0.2841,0.5472,6
2026-03-21T17:55:10.239103,0,0.0744,0.0744,0.0434,1.8756,0.5816,0.4457,0.3737,5
2026-03-21T17:55:10.239103,1,0.1455,0.1213,0.1455,1.9912,0.3219,0.1653,0.2762,25
2026-03-21T17:55:10.239103,2,0.0960,0.0563,0.0960,1.6579,0.6406,0.1596,0.6204,8
2026-03-21T17:55:10.239103,3,0.0517,0.0517,0.0188,1.8814,0.3611,-0.0127,0.3609,9
2026-03-21T17:55:10.239103,4,0.0322,0.0307,0.0322,1.7145,0.6002,-0.2817,0.5300,5
2026-03-21T17:55:10.308286,0,0.0620,0.0620,0.0282,1.8711,0.5780,0.4430,0.3713,5
2026-03-21T17:55:10.308286,1,0.1240,0.1240,0.0937,1.9849,0.3170,0.1661,0.2700,24
2026-03-21T17:55:10.308286,2,0.0647,0.0647,0.0611,1.6456,0.6384,0.1593,0.6182,8
2026-03-21T17:55:10.308286,3,0.0596,0.0596,0.0575,1.8834,0.3638,-0.0092,0.3637,10
2026-03-21T17:55:10.308286,4,0.0527,0.0218,0.0527,1.7197,0.6036,-0.2831,0.5331,5
2026-03-21T17:55:10.377004,0,0.0686,0.0686,0.0346,1.8735,0.5770,0.4422,0.3707,5
2026-03-21T17:55:10.377004,1,0.1302,0.1302,0.1031,1.9840,0.3187,0.1669,0.2715,24
2026-03-21T17:55:10.377004,2,0.0738,0.0620,0.0738,1.6475,0.6395,0.1595,0.6193,8
2026-03-21T17:55:10.377004,3,0.0509,0.0509,0.0148,1.8806,0.3596,-0.0127,0.3594,9
2026-03-21T17:55:10.377004,4,0.0507,0.0208,0.0507,1.7249,0.6006,-0.2817,0.5304,5
2026-03-21T17:55:10.446879,0,0.0558,0.0558,0.0427,1.8749,0.5806,0.4448,0.3731,5
2026-03-21T17:55:10.446879,1,0.1336,0.1336,0.0919,1.9860,0.3191,0.1674,0.2717,24
2026-03-21T17:55:10.446879,2,0.1279,0.0636,0.1279,1.6522,0.6502,0.1560,0.6312,9
2026-03-21T17:55:10.446879,3,0.0597,0.0597,0.0527,1.8826,0.3624,-0.0092,0.3623,10
2026-03-21T17:55:10.446879,4,0.0418,0.0254,0.0418,1.7214,0.5992,-0.2811,0.5292,5
2026-03-21T17:55:10.516182,0,0.0596,0.0596,0.0347,1.8750,0.5754,0.4409,0.3697,5
2026-03-21T17:55:10.516182,1,0.1335,0.1335,0.0989,1.9855,0.3191,0.1671,0.2718,24
2026-03-21T17:55:10.516182,2,0.0727,0.0620,0.0727,1.6494,0.6386,0.1593,0.6184,8
2026-03-21T17:55:10.516182,3,0.0624,0.0624,0.0534,1.8824,0.3676,-0.0096,0.3675,10
2026-03-21T17:55:10.516182,4,0.0490,0.0219,0.0490,1.7214,0.5996,-0.2813,0.5296,5
2026-03-21T17:55:10.586034,0,0.0666,0.0666,0.0413,1.8755,0.5778,0.4428,0.3713,5
2026-03-21T17:55:10.586034,1,0.1276,0.1276,0.1018,1.9865,0.3185,0.1669,0.2712,24
2026-03-21T17:55:10.586034,2,0.0835,0.0596,0.0835,1.6513,0.6380,0.1590,0.6179,8
2026-03-21T17:55:10.586034,3,0.0633,0.0633,0.0523,1.8828,0.3675,-0.0097,0.3674,10
2026-03-21T17:55:10.586034,4,0.0499,0.0214,0.0499,1.7223,0.5994,-0.2811,0.5294,5
2026-03-21T17:55:10.656519,0,0.0696,0.0696,0.0408,1.8737,0.5782,0.4431,0.3715,5
2026-03-21T17:55:10.656519,1,0.1302,0.1302,0.1067,1.9857,0.3184,0.1667,0.2713,24
2026-03-21T17:55:10.656519,2,0.0814,0.0598,0.0814,1.6532,0.6384,0.1591,0.6182,8
2026-03-21T17:55:10.656519,3,0.0621,0.0621,0.0479,1.8844,0.3644,-0.0098,0.3643,10
2026-03-21T17:55:10.656519,4,0.0614,0.0174,0.0614,1.7249,0.6030,-0.2828,0.5326,5
2026-03-21T17:55:10.725433,0,0.0627,0.0627,0.0381,1.8730,0.5788,0.4435,0.3719,5
2026-03-21T17:55:10.725433,1,0.1435,0.1264,0.1435,1.9891,0.3213,0.1652,0.2755,25
2026-03-21T17:55:10.725433,2,0.1143,0.0668,0.1143,1.6475,0.6464,0.1553,0.6275,9
2026-03-21T17:55:10.725433,3,0.0627,0.0627,0.0479,1.8804,0.3675,-0.0098,0.3674,10
2026-03-21T17:55:10.795238,0,0.0627,0.0627,0.0414,1.8743,0.5792,0.4438,0.3722,5
2026-03-21T17:55:10.795238,1,0.1311,0.1311,0.1058,1.9905,0.3187,0.1670,0.2715,24
2026-03-21T17:55:10.795238,2,0.1132,0.0665,0.1132,1.6503,0.6459,0.1551,0.6270,9
2026-03-21T17:55:10.795238,3,0.0629,0.0629,0.0517,1.8816,0.3692,-0.0097,0.3691,10
2026-03-21T17:55:10.795238,4,0.0677,0.0232,0.0677,1.7266,0.5994,-0.2811,0.5294,5
2026-03-21T17:55:10.865618,0,0.0586,0.0586,0.0440,1.8782,0.5758,0.4412,0.3700,5
2026-03-21T17:55:10.865618,1,0.1284,0.1284,0.0898,1.9830,0.3181,0.1667,0.2709,24
2026-03-21T17:55:10.865618,2,0.0728,0.0623,0.0728,1.6465,0.6402,0.1596,0.6200,8
2026-03-21T17:55:10.865618,3,0.0618,0.0618,0.0488,1.8844,0.3641,-0.0098,0.3640,10
2026-03-21T17:55:10.865618,4,0.0525,0.0225,0.0525,1.7231,0.5968,-0.2799,0.5271,5
2026-03-21T17:55:10.934354,0,0.0595,0.0595,0.0323,1.8705,0.5786,0.4434,0.3718,5
2026-03-21T17:55:10.934354,1,0.1287,0.1287,0.1034,1.9881,0.3183,0.1667,0.2712,24
2026-03-21T17:55:10.934354,2,0.1241,0.0647,0.1241,1.6494,0.6487,0.1557,0.6297,9
2026-03-21T17:55:10.934354,3,0.0626,0.0626,0.0510,1.8806,0.3658,-0.0097,0.3657,10
2026-03-21T17:55:10.934354,4,0.0489,0.0234,0.0489,1.7240,0.5946,-0.2789,0.5251,5
2026-03-21T17:55:11.005186,0,0.0558,0.0558,0.0426,1.8755,0.5782,0.4430,0.3716,5
2026-03-21T17:55:11.005186,1,0.1319,0.1319,0.1078,1.9897,0.3194,0.1672,0.2722,24
2026-03-21T17:55:11.005186,2,0.0646,0.0646,0.0631,1.6437,0.6379,0.1591,0.6177,8
2026-03-21T17:55:11.005186,3,0.0502,0.0502,0.0318,1.8857,0.3581,-0.0060,0.3580,9
2026-03-21T17:55:11.005186,4,0.0518,0.0232,0.0518,1.7197,0.6004,-0.2816,0.5303,5
2026-03-21T17:55:11.074275,0,0.0634,0.0634,0.0458,1.8781,0.5770,0.4421,0.3708,5
2026-03-21T17:55:11.074275,1,0.1350,0.1350,0.1040,1.9849,0.3180,0.1667,0.2708,24
2026-03-21T17:55:11.074275,2,0.0698,0.0624,0.0698,1.6503,0.6355,0.1584,0.6154,8
2026-03-21T17:55:11.074275,3,0.0615,0.0615,0.0428,1.8844,0.3646,-0.0096,0.3645,10
2026-03-21T17:55:11.074275,4,0.0623,0.0183,0.0623,1.7249,0.6012,-0.2819,0.5310,5
2026-03-21T17:55:11.144030,0,0.0611,0.0611,0.0380,1.8775,0.5764,0.4417,0.3703,5
2026-03-21T17:55:11.144030,1,0.1275,0.1275,0.0844,1.9832,0.3180,0.1666,0.2709,24
2026-03-21T17:55:11.144030,2,0.0726,0.0614,0.0726,1.6541,0.6389,0.1593,0.6187,8
2026-03-21T17:55:11.144030,3,0.0593,0.0593,0.0583,1.8832,0.3613,-0.0090,0.3612,10
2026-03-21T17:55:11.144030,4,0.0444,0.0240,0.0444,1.7231,0.6006,-0.2818,0.5304,5
2026-03-21T17:55:11.214231,0,0.0620,0.0620,0.0381,1.8730,0.5806,0.4449,0.3731,5
2026-03-21T17:55:11.214231,1,0.1254,0.1254,0.0990,1.9856,0.3177,0.1664,0.2706,24
2026-03-21T17:55:11.214231,2,0.0641,0.0641,0.0630,1.6475,0.6362,0.1587,0.6161,8
2026-03-21T17:55:11.214231,3,0.0699,0.0596,0.0699,1.8828,0.3625,-0.0090,0.3624,10
2026-03-21T17:55:11.214231,4,0.0385,0.0275,0.0385,1.7163,0.6018,-0.2824,0.5315,5
2026-03-21T17:55:11.283522,0,0.0557,0.0557,0.0340,1.8743,0.5760,0.4414,0.3701,5
2026-03-21T17:55:11.283522,1,0.1302,0.1302,0.1009,1.9865,0.3185,0.1669,0.2713,24
2026-03-21T17:55:11.283522,2,0.1211,0.0650,0.1211,1.6513,0.6458,0.1550,0.6269,9
2026-03-21T17:55:11.283522,3,0.0695,0.0594,0.0695,1.8844,0.3631,-0.0088,0.3630,10
2026-03-21T17:55:11.283522,4,0.0418,0.0254,0.0418,1.7214,0.6032,-0.2830,0.5327,5
2026-03-21T17:55:11.353408,0,0.0937,0.0937,0.0458,1.8718,0.5764,0.4353,0.3778,6
2026-03-21T17:55:11.353408,1,0.1261,0.1261,0.0934,1.9846,0.3175,0.1665,0.2704,24
2026-03-21T17:55:11.353408,2,0.1221,0.0650,0.1221,1.6503,0.6468,0.1552,0.6279,9
2026-03-21T17:55:11.353408,3,0.0505,0.0505,0.0220,1.8866,0.3555,-0.0123,0.3553,9
2026-03-21T17:55:11.353408,4,0.0403,0.0268,0.0403,1.7136,0.6066,-0.2846,0.5357,5
2026-03-21T17:55:11.423945,0,0.0625,0.0625,0.0354,1.8743,0.5764,0.4417,0.3704,5
2026-03-21T17:55:11.423945,1,0.1312,0.1312,0.0944,1.9856,0.3173,0.1663,0.2702,24
2026-03-21T17:55:11.423945,2,0.0748,0.0622,0.0748,1.6446,0.6412,0.1599,0.6210,8
2026-03-21T17:55:11.423945,3,0.0504,0.0504,0.0248,1.8844,0.3579,-0.0124,0.3576,9
2026-03-21T17:55:11.423945,4,0.0347,0.0292,0.0347,1.7179,0.6046,-0.2837,0.5339,5
2026-03-21T17:55:11.493708,0,0.0666,0.0666,0.0348,1.8724,0.5800,0.4445,0.3726,5
2026-03-21T17:55:11.493708,1,0.1314,0.1314,0.0969,1.9872,0.3184,0.1668,0.2713,24
2026-03-21T17:55:11.493708,2,0.1338,0.0626,0.1338,1.6522,0.6498,0.1559,0.6308,9
2026-03-21T17:55:11.493708,3,0.0599,0.0595,0.0599,1.8828,0.3619,-0.0091,0.3618,10
2026-03-21T17:55:11.493708,4,0.0856,0.0256,0.0856,1.7179,0.6167,-0.2843,0.5473,6
2026-03-21T17:55:11.562188,0,0.0649,0.0649,0.0434,1.8743,0.5790,0.4436,0.3721,5
2026-03-21T17:55:11.562188,1,0.1285,0.1285,0.0874,1.9852,0.3183,0.1669,0.2711,24
2026-03-21T17:55:11.562188,2,0.0843,0.0587,0.0843,1.6570,0.6386,0.1592,0.6185,8
2026-03-21T17:55:11.562188,3,0.0509,0.0509,0.0210,1.8896,0.3575,-0.0125,0.3573,9
2026-03-21T17:55:11.562188,4,0.0359,0.0289,0.0359,1.7155,0.6028,-0.2828,0.5323,5
2026-03-21T17:55:11.632944,0,0.0609,0.0609,0.0419,1.8788,0.5766,0.4418,0.3705,5
2026-03-21T17:55:11.632944,1,0.1257,0.1257,0.0982,1.9857,0.3191,0.1672,0.2718,24
2026-03-21T17:55:11.632944,2,0.0816,0.0602,0.0816,1.6494,0.6414,0.1599,0.6211,8
2026-03-21T17:55:11.632944,3,0.0615,0.0596,0.0615,1.8784,0.3652,-0.0091,0.3651,10
2026-03-21T17:55:11.632944,4,0.0348,0.0292,0.0348,1.7171,0.6044,-0.2836,0.5337,5
2026-03-21T17:55:11.701851,0,0.0681,0.0681,0.0394,1.8743,0.5776,0.4426,0.3711,5
2026-03-21T17:55:11.701851,1,0.1481,0.1268,0.1481,1.9881,0.3214,0.1654,0.2755,25
2026-03-21T17:55:11.701851,2,0.0814,0.0598,0.0814,1.6532,0.6369,0.1587,0.6168,8
2026-03-21T17:55:11.701851,3,0.0617,0.0597,0.0617,1.8856,0.3621,-0.0091,0.3620,10
2026-03-21T17:55:11.701851,4,0.0508,0.0210,0.0508,1.7214,0.6076,-0.2850,0.5366,5
2026-03-21T17:55:11.771245,0,0.0687,0.0687,0.0412,1.8808,0.5712,0.4377,0.3670,5
2026-03-21T17:55:11.771245,1,0.1306,0.1306,0.0953,1.9856,0.3195,0.1674,0.2722,24
2026-03-21T17:55:11.771245,2,0.1057,0.0693,0.1057,1.6408,0.6462,0.1553,0.6273,9
2026-03-21T17:55:11.771245,3,0.0619,0.0596,0.0619,1.8838,0.3616,-0.0090,0.3615,10
2026-03-21T17:55:11.771245,4,0.0376,0.0281,0.0376,1.7145,0.6048,-0.2838,0.5341,5
2026-03-21T17:55:11.840408,0,0.1276,0.1276,0.1039,1.9886,0.3165,0.1658,0.2696,24
2026-03-21T17:55:11.840408,1,0.1393,0.0599,0.1393,1.6636,0.6470,0.1552,0.6281,9
2026-03-21T17:55:11.840408,2,0.0596,0.0596,0.0555,1.8794,0.3639,-0.0091,0.3638,10
2026-03-21T17:55:11.840408,3,0.0420,0.0257,0.0420,1.7171,0.6016,-0.2822,0.5313,5
2026-03-21T17:55:11.910741,0,0.0620,0.0620,0.0389,1.8711,0.5814,0.4455,0.3736,5
2026-03-21T17:55:11.910741,1,0.1294,0.1294,0.0951,1.9864,0.3172,0.1662,0.2702,24
2026-03-21T17:55:11.910741,2,0.1289,0.0633,0.1289,1.6532,0.6459,0.1550,0.6270,9
2026-03-21T17:55:11.910741,3,0.0599,0.0599,0.0563,1.8802,0.3633,-0.0092,0.3632,10
2026-03-21T17:55:11.910741,4,0.0847,0.0245,0.0847,1.7162,0.6152,-0.2835,0.5460,6
2026-03-21T17:55:11.979963,0,0.0610,0.0610,0.0388,1.8730,0.5778,0.4427,0.3713,5
2026-03-21T17:55:11.979963,1,0.1294,0.1294,0.1053,1.9881,0.3160,0.1655,0.2692,24
2026-03-21T17:55:11.979963,2,0.0864,0.0589,0.0864,1.6522,0.6397,0.1594,0.6196,8
2026-03-21T17:55:11.979963,3,0.0595,0.0595,0.0549,1.8828,0.3629,-0.0091,0.3628,10
2026-03-21T17:55:11.979963,4,0.0323,0.0309,0.0323,1.7119,0.6062,-0.2845,0.5353,5
2026-03-21T17:55:12.049835,0,0.0694,0.0694,0.0381,1.8737,0.5758,0.4412,0.3700,5
2026-03-21T17:55:12.049835,1,0.1326,0.1326,0.0853,1.9907,0.3163,0.1657,0.2695,24
2026-03-21T17:55:12.049835,2,0.1270,0.0642,0.1270,1.6494,0.6480,0.1556,0.6291,9
2026-03-21T17:55:12.049835,3,0.0684,0.0601,0.0684,1.8834,0.3639,-0.0091,0.3638,10
2026-03-21T17:55:12.049835,4,0.0428,0.0251,0.0428,1.7188,0.6050,-0.2839,0.5343,5
2026-03-21T17:55:12.119563,0,0.0658,0.0658,0.0375,1.8718,0.5814,0.4455,0.3736,5
2026-03-21T17:55:12.119563,1,0.1284,0.1284,0.0985,1.9841,0.3178,0.1664,0.2707,24
2026-03-21T17:55:12.119563,2,0.0787,0.0611,0.0787,1.6475,0.6402,0.1596,0.6200,8
2026-03-21T17:55:12.119563,3,0.0709,0.0592,0.0709,1.8898,0.3631,-0.0089,0.3630,10
2026-03-21T17:55:12.119563,4,0.0872,0.0241,0.0872,1.7205,0.6131,-0.2825,0.5441,6
2026-03-21T17:55:12.189443,0,0.1326,0.1326,0.0954,1.9866,0.3160,0.1655,0.2692,24
2026-03-21T17:55:12.189443,1,0.0767,0.0614,0.0767,1.6475,0.6390,0.1593,0.6188,8
2026-03-21T17:55:12.189443,2,0.0592,0.0592,0.0559,1.8848,0.3623,-0.0091,0.3622,10
2026-03-21T17:55:12.189443,3,0.0855,0.0251,0.0855,1.7188,0.6129,-0.2825,0.5439,6
2026-03-21T17:55:12.259918,0,0.0565,0.0565,0.0421,1.8743,0.5796,0.4441,0.3725,5
2026-03-21T17:55:12.259918,1,0.1222,0.1222,0.0984,1.9897,0.3177,0.1663,0.2707,24
2026-03-21T17:55:12.259918,2,0.1239,0.0641,0.1239,1.6541,0.6451,0.1548,0.6263,9
2026-03-21T17:55:12.259918,3,0.0600,0.0600,0.0599,1.8858,0.3604,-0.0091,0.3603,10
2026-03-21T17:55:12.259918,4,0.0467,0.0237,0.0467,1.7146,0.6048,-0.2837,0.5341,5
2026-03-21T17:55:12.329486,0,0.1298,0.1298,0.0937,1.9850,0.3185,0.1669,0.2712,24
2026-03-21T17:55:12.329486,1,0.1162,0.0660,0.1162,1.6503,0.6439,0.1546,0.6251,9
2026-03-21T17:55:12.329486,2,0.0673,0.0603,0.0673,1.8812,0.3641,-0.0090,0.3640,10
2026-03-21T17:55:12.329486,3,0.0456,0.0240,0.0456,1.7162,0.6048,-0.2837,0.5341,5
2026-03-21T17:55:12.399999,0,0.0596,0.0596,0.0399,1.8774,0.5752,0.4407,0.3696,5
2026-03-21T17:55:12.399999,1,0.1268,0.1268,0.1104,1.9876,0.3183,0.1665,0.2713,24
2026-03-21T17:55:12.399999,2,0.0777,0.0612,0.0777,1.6475,0.6412,0.1599,0.6210,8
2026-03-21T17:55:12.399999,3,0.0599,0.0599,0.0575,1.8834,0.3618,-0.0092,0.3617,10
2026-03-21T17:55:12.399999,4,0.0910,0.0231,0.0910,1.7171,0.6154,-0.2836,0.5462,6
2026-03-21T17:55:12.469712,0,0.0633,0.0633,0.0413,1.8782,0.5746,0.4403,0.3692,5
2026-03-21T17:55:12.469712,1,0.1295,0.1295,0.0972,1.9866,0.3191,0.1672,0.2718,24
2026-03-21T17:55:12.469712,2,0.0649,0.0637,0.0649,1.6475,0.6400,0.1596,0.6198,8
2026-03-21T17:55:12.469712,3,0.0594,0.0594,0.0505,1.8814,0.3629,-0.0092,0.3628,10
2026-03-21T17:55:12.469712,4,0.0402,0.0267,0.0402,1.7154,0.6034,-0.2831,0.5329,5
2026-03-21T17:55:12.539784,0,0.0649,0.0649,0.0464,1.8793,0.5764,0.4416,0.3704,5
2026-03-21T17:55:12.539784,1,0.1319,0.1319,0.0917,1.9848,0.3182,0.1667,0.2710,24
2026-03-21T17:55:12.539784,2,0.0805,0.0602,0.0805,1.6513,0.6394,0.1593,0.6192,8
2026-03-21T17:55:12.539784,3,0.0598,0.0598,0.0585,1.8794,0.3639,-0.0091,0.3638,10
2026-03-21T17:55:12.539784,4,0.0456,0.0260,0.0456,1.7171,0.6034,-0.2831,0.5329,5
2026-03-21T17:55:12.607786,0,0.1296,0.1296,0.1030,1.9868,0.3178,0.1664,0.2707,24
2026-03-21T17:55:12.607786,1,0.0728,0.0623,0.0728,1.6465,0.6391,0.1594,0.6189,8
2026-03-21T17:55:12.607786,2,0.0719,0.0719,0.0635,1.8814,0.3672,-0.0127,0.3670,11
2026-03-21T17:55:12.607786,3,0.0484,0.0252,0.0484,1.7145,0.6028,-0.2828,0.5324,5
2026-03-21T17:55:12.677454,0,0.0619,0.0619,0.0405,1.8781,0.5754,0.4409,0.3697,5
2026-03-21T17:55:12.677454,1,0.1244,0.1244,0.0939,1.9899,0.3173,0.1662,0.2702,24
2026-03-21T17:55:12.677454,2,0.0864,0.0592,0.0864,1.6503,0.6394,0.1593,0.6192,8
2026-03-21T17:55:12.677454,3,0.0769,0.0591,0.0769,1.8858,0.3622,-0.0088,0.3621,10
2026-03-21T17:55:12.677454,4,0.0394,0.0272,0.0394,1.7145,0.6032,-0.2830,0.5327,5
2026-03-21T17:55:12.746555,0,0.1200,0.1200,0.1001,1.9848,0.3175,0.1661,0.2705,24
2026-03-21T17:55:12.746555,1,0.1133,0.0669,0.1133,1.6475,0.6473,0.1554,0.6284,9
2026-03-21T17:55:12.746555,2,0.0714,0.0597,0.0714,1.8884,0.3625,-0.0090,0.3624,10
2026-03-21T17:55:12.746555,3,0.0455,0.0250,0.0455,1.7188,0.5982,-0.2806,0.5283,5
2026-03-21T17:55:12.816400,0,0.0588,0.0588,0.0515,1.8737,0.5828,0.4465,0.3746,5
2026-03-21T17:55:12.816400,1,0.1304,0.1304,0.0942,1.9864,0.3186,0.1669,0.2713,24
2026-03-21T17:55:12.816400,2,0.0738,0.0621,0.0738,1.6465,0.6392,0.1594,0.6191,8
2026-03-21T17:55:12.816400,3,0.0628,0.0628,0.0579,1.8914,0.3661,-0.0096,0.3660,10
2026-03-21T17:55:12.816400,4,0.0576,0.0168,0.0576,1.7318,0.5954,-0.2792,0.5259,5
2026-03-21T17:55:12.885971,0,0.0613,0.0613,0.0461,1.8750,0.5832,0.4469,0.3748,5
2026-03-21T17:55:12.885971,1,0.1236,0.1236,0.0973,1.9904,0.3169,0.1657,0.2701,24
2026-03-21T17:55:12.885971,2,0.0823,0.0592,0.0823,1.6560,0.6369,0.1588,0.6168,8
2026-03-21T17:55:12.885971,3,0.0641,0.0634,0.0641,1.8907,0.3657,-0.0095,0.3656,10
2026-03-21T17:55:12.885971,4,0.0534,0.0195,0.0534,1.7240,0.5992,-0.2810,0.5292,5
2026-03-21T17:55:12.956160,0,0.0664,0.0664,0.0326,1.8749,0.5744,0.4402,0.3690,5
2026-03-21T17:55:12.956160,1,0.1333,0.1333,0.0797,1.9832,0.3181,0.1668,0.2709,24
2026-03-21T17:55:12.956160,2,0.1183,0.0662,0.1183,1.6465,0.6474,0.1555,0.6285,9
2026-03-21T17:55:12.956160,3,0.0624,0.0624,0.0577,1.8876,0.3642,-0.0095,0.3641,10
2026-03-21T17:55:12.956160,4,0.0509,0.0242,0.0509,1.7179,0.6026,-0.2827,0.5322,5
2026-03-21T17:55:13.024816,0,0.0595,0.0595,0.0447,1.8775,0.5762,0.4415,0.3703,5
2026-03-21T17:55:13.024816,1,0.1271,0.1271,0.0969,1.9872,0.3178,0.1666,0.2706,24
2026-03-21T17:55:13.024816,2,0.0737,0.0617,0.0737,1.6503,0.6386,0.1592,0.6184,8
2026-03-21T17:55:13.024816,3,0.0617,0.0617,0.0400,1.8786,0.3655,-0.0097,0.3654,10
2026-03-21T17:55:13.024816,4,0.0436,0.0246,0.0436,1.7205,0.5988,-0.2809,0.5288,5
2026-03-21T17:55:13.094593,0,0.0618,0.0618,0.0281,1.8730,0.5762,0.4416,0.3702,5
2026-03-21T17:55:13.094593,1,0.1319,0.1319,0.0998,1.9873,0.3186,0.1671,0.2713,24
2026-03-21T17:55:13.094593,2,0.0873,0.0584,0.0873,1.6551,0.6387,0.1592,0.6186,8
2026-03-21T17:55:13.094593,3,0.0613,0.0613,0.0514,1.8824,0.3644,-0.0095,0.3643,10
2026-03-21T17:55:13.094593,4,0.0545,0.0226,0.0545,1.7242,0.5978,-0.2804,0.5280,5
2026-03-21T17:55:13.165018,0,0.0548,0.0548,0.0354,1.8737,0.5764,0.4417,0.3704,5
2026-03-21T17:55:13.165018,1,0.1253,0.1253,0.1028,1.9856,0.3186,0.1667,0.2714,24
2026-03-21T17:55:13.165018,2,0.1259,0.0636,0.1259,1.6551,0.6474,0.1554,0.6285,9
2026-03-21T17:55:13.165018,3,0.0620,0.0620,0.0520,1.8826,0.3653,-0.0098,0.3652,10
2026-03-21T17:55:13.165018,4,0.0455,0.0250,0.0455,1.7197,0.5992,-0.2811,0.5292,5
2026-03-21T17:55:13.234755,0,0.0706,0.0706,0.0341,1.8737,0.5804,0.4448,0.3728,5
2026-03-21T17:55:13.234755,1,0.1504,0.1250,0.1504,1.9876,0.3215,0.1652,0.2759,25
2026-03-21T17:55:13.234755,2,0.0804,0.0596,0.0804,1.6560,0.6382,0.1591,0.6181,8
2026-03-21T17:55:13.234755,3,0.0622,0.0622,0.0429,1.8794,0.3680,-0.0097,0.3679,10
2026-03-21T17:55:13.234755,4,0.0497,0.0211,0.0497,1.7266,0.5948,-0.2790,0.5253,5
2026-03-21T17:55:13.304647,0,0.0557,0.0557,0.0407,1.8750,0.5780,0.4429,0.3714,5
2026-03-21T17:55:13.304647,1,0.1301,0.1301,0.1025,1.9872,0.3184,0.1668,0.2712,24
2026-03-21T17:55:13.304647,2,0.0717,0.0619,0.0717,1.6513,0.6379,0.1591,0.6177,8
2026-03-21T17:55:13.304647,3,0.0623,0.0623,0.0473,1.8799,0.3658,-0.0098,0.3657,10
2026-03-21T17:55:13.304647,4,0.0454,0.0258,0.0454,1.7214,0.5952,-0.2792,0.5256,5
2026-03-21T17:55:13.374352,0,0.1308,0.1308,0.0975,1.9850,0.3186,0.1669,0.2714,24
2026-03-21T17:55:13.374352,1,0.0738,0.0620,0.0738,1.6475,0.6419,0.1600,0.6216,8
2026-03-21T17:55:13.374352,2,0.0636,0.0636,0.0552,1.8808,0.3696,-0.0098,0.3695,10
2026-03-21T17:55:13.374352,3,0.0544,0.0230,0.0544,1.7223,0.5966,-0.2798,0.5269,5
2026-03-21T17:55:13.444533,0,0.0574,0.0574,0.0334,1.8743,0.5788,0.4436,0.3719,5
2026-03-21T17:55:13.444533,1,0.1322,0.1322,0.0977,1.9824,0.3184,0.1669,0.2712,24
2026-03-21T17:55:13.444533,2,0.0758,0.0619,0.0758,1.6456,0.6415,0.1599,0.6212,8
2026-03-21T17:55:13.444533,3,0.0621,0.0621,0.0498,1.8854,0.3628,-0.0095,0.3627,10
2026-03-21T17:55:13.444533,4,0.0586,0.0167,0.0586,1.7301,0.5972,-0.2801,0.5275,5
2026-03-21T17:55:13.514111,0,0.1329,0.1329,0.0952,1.9856,0.3193,0.1673,0.2719,24
2026-03-21T17:55:13.514111,1,0.0864,0.0592,0.0864,1.6503,0.6411,0.1598,0.6209,8
2026-03-21T17:55:13.514111,2,0.0627,0.0627,0.0538,1.8854,0.3629,-0.0096,0.3628,10
2026-03-21T17:55:13.514111,3,0.0587,0.0192,0.0587,1.7257,0.5992,-0.2810,0.5292,5
2026-03-21T17:55:13.584260,0,0.0757,0.0757,0.0440,1.8735,0.5814,0.4455,0.3736,5
2026-03-21T17:55:13.584260,1,0.1340,0.1340,0.0990,1.9865,0.3176,0.1664,0.2705,24
2026-03-21T17:55:13.584260,2,0.0805,0.0602,0.0805,1.6513,0.6392,0.1593,0.6191,8
2026-03-21T17:55:13.584260,3,0.0616,0.0616,0.0403,1.8799,0.3653,-0.0097,0.3652,10
2026-03-21T17:55:13.584260,4,0.0614,0.0192,0.0614,1.7266,0.5986,-0.2807,0.5287,5
2026-03-21T17:55:13.653814,0,0.0525,0.0525,0.0382,1.8718,0.5792,0.4438,0.3722,5
2026-03-21T17:55:13.653814,1,0.1181,0.1181,0.0942,1.9808,0.3206,0.1678,0.2732,24
2026-03-21T17:55:13.653814,2,0.0930,0.0565,0.0930,1.6608,0.6361,0.1584,0.6161,8
2026-03-21T17:55:13.653814,3,0.0614,0.0614,0.0501,1.8857,0.3616,-0.0096,0.3615,10
2026-03-21T17:55:13.653814,4,0.0507,0.0239,0.0507,1.7231,0.5958,-0.2795,0.5262,5
2026-03-21T17:55:13.723668,0,0.0627,0.0627,0.0353,1.8769,0.5762,0.4416,0.3702,5
2026-03-21T17:55:13.723668,1,0.1271,0.1271,0.1011,1.9896,0.3185,0.1667,0.2713,24
2026-03-21T17:55:13.723668,2,0.1193,0.0660,0.1193,1.6465,0.6483,0.1557,0.6294,9
2026-03-21T17:55:13.723668,3,0.0627,0.0627,0.0568,1.8907,0.3624,-0.0094,0.3623,10
2026-03-21T17:55:13.723668,4,0.0578,0.0219,0.0578,1.7257,0.5956,-0.2793,0.5261,5
2026-03-21T17:55:13.792583,0,0.0642,0.0642,0.0420,1.8755,0.5770,0.4421,0.3708,5
2026-03-21T17:55:13.792583,1,0.1305,0.1305,0.0980,1.9912,0.3174,0.1662,0.2704,24
2026-03-21T17:55:13.792583,2,0.0709,0.0627,0.0709,1.6465,0.6384,0.1592,0.6182,8
2026-03-21T17:55:13.792583,3,0.0624,0.0624,0.0528,1.8844,0.3644,-0.0098,0.3643,10
2026-03-21T17:55:13.792583,4,0.0588,0.0223,0.0588,1.7295,0.5920,-0.2776,0.5229,5
2026-03-21T17:55:13.861500,0,0.0633,0.0633,0.0355,1.8718,0.5780,0.4429,0.3714,5
2026-03-21T17:55:13.861500,1,0.1247,0.1247,0.1014,1.9880,0.3162,0.1655,0.2694,24
2026-03-21T17:55:13.861500,2,0.0726,0.0616,0.0726,1.6522,0.6372,0.1589,0.6171,8
2026-03-21T17:55:13.861500,3,0.0626,0.0626,0.0558,1.8864,0.3642,-0.0097,0.3641,10
2026-03-21T17:55:13.861500,4,0.0578,0.0201,0.0578,1.7266,0.5982,-0.2806,0.5283,5
2026-03-21T17:55:13.930342,0,0.0597,0.0597,0.0386,1.8755,0.5788,0.4435,0.3719,5
2026-03-21T17:55:13.930342,1,0.1309,0.1309,0.1018,1.9856,0.3200,0.1676,0.2725,24
2026-03-21T17:55:13.930342,2,0.0882,0.0581,0.0882,1.6560,0.6375,0.1588,0.6174,8
2026-03-21T17:55:13.930342,3,0.0619,0.0619,0.0447,1.8826,0.3651,-0.0095,0.3650,10
2026-03-21T17:55:13.930342,4,0.0542,0.0202,0.0542,1.7257,0.5964,-0.2797,0.5267,5
2026-03-21T17:55:14.001098,0,0.0736,0.0736,0.0420,1.8749,0.5798,0.4443,0.3725,5
2026-03-21T17:55:14.001098,1,0.1254,0.1254,0.0991,1.9866,0.3176,0.1663,0.2706,24
2026-03-21T17:55:14.001098,2,0.0795,0.0604,0.0795,1.6513,0.6377,0.1589,0.6176,8
2026-03-21T17:55:14.001098,3,0.0627,0.0627,0.0490,1.8816,0.3676,-0.0098,0.3675,10
2026-03-21T17:55:14.001098,4,0.0541,0.0188,0.0541,1.7283,0.5954,-0.2793,0.5259,5
2026-03-21T17:55:14.071062,0,0.0859,0.0859,0.0613,1.8808,0.5766,0.4353,0.3781,6
2026-03-21T17:55:14.071062,1,0.1212,0.1212,0.1026,1.9891,0.3179,0.1663,0.2709,24
2026-03-21T17:55:14.071062,2,0.1221,0.0650,0.1221,1.6503,0.6477,0.1555,0.6287,9
2026-03-21T17:55:14.071062,3,0.0622,0.0622,0.0488,1.8834,0.3636,-0.0096,0.3635,10
2026-03-21T17:55:14.071062,4,0.0576,0.0184,0.0576,1.7327,0.5940,-0.2786,0.5246,5
2026-03-21T17:55:14.140403,0,0.0617,0.0617,0.0392,1.8774,0.5740,0.4398,0.3688,5
2026-03-21T17:55:14.140403,1,0.1312,0.1312,0.0910,1.9832,0.3170,0.1662,0.2700,24
2026-03-21T17:55:14.140403,2,0.0796,0.0605,0.0796,1.6503,0.6386,0.1592,0.6185,8
2026-03-21T17:55:14.140403,3,0.0618,0.0618,0.0483,1.8878,0.3649,-0.0095,0.3648,10
2026-03-21T17:55:14.140403,4,0.0569,0.0209,0.0569,1.7275,0.5954,-0.2792,0.5259,5
2026-03-21T17:55:14.209833,0,0.0689,0.0689,0.0395,1.8730,0.5806,0.4449,0.3731,5
2026-03-21T17:55:14.209833,1,0.1267,0.1267,0.0977,1.9834,0.3185,0.1669,0.2713,24
2026-03-21T17:55:14.209833,2,0.0912,0.0575,0.0912,1.6560,0.6380,0.1589,0.6179,8
2026-03-21T17:55:14.209833,3,0.0610,0.0610,0.0495,1.8884,0.3632,-0.0095,0.3631,10
2026-03-21T17:55:14.209833,4,0.0427,0.0249,0.0427,1.7223,0.5956,-0.2794,0.5260,5
2026-03-21T17:55:14.279958,0,0.0612,0.0612,0.0377,1.8699,0.5828,0.4466,0.3745,5
2026-03-21T17:55:14.279958,1,0.1316,0.1316,0.0955,1.9868,0.3180,0.1667,0.2708,24
2026-03-21T17:55:14.279958,2,0.1317,0.0624,0.1317,1.6560,0.6477,0.1554,0.6287,9
2026-03-21T17:55:14.279958,3,0.0623,0.0623,0.0515,1.8834,0.3661,-0.0096,0.3660,10
2026-03-21T17:55:14.279958,4,0.0755,0.0197,0.0755,1.7335,0.5978,-0.2803,0.5280,5
2026-03-21T17:55:14.349644,0,0.1029,0.1029,0.0335,1.8724,0.5713,0.4316,0.3743,6
2026-03-21T17:55:14.349644,1,0.1457,0.1251,0.1457,1.9857,0.3199,0.1646,0.2743,25
2026-03-21T17:55:14.349644,2,0.0758,0.0617,0.0758,1.6465,0.6405,0.1596,0.6203,8
2026-03-21T17:55:14.349644,3,0.0612,0.0612,0.0419,1.8808,0.3646,-0.0095,0.3645,10
2026-03-21T17:55:14.349644,4,0.0726,0.0131,0.0726,1.7379,0.5954,-0.2791,0.5259,5
2026-03-21T17:55:14.419226,0,0.0612,0.0612,0.0356,1.8705,0.5816,0.4457,0.3737,5
2026-03-21T17:55:14.419226,1,0.1326,0.1326,0.0776,1.9829,0.3184,0.1670,0.2710,24
2026-03-21T17:55:14.419226,2,0.1297,0.0625,0.1297,1.6579,0.6478,0.1555,0.6288,9
2026-03-21T17:55:14.419226,3,0.0620,0.0620,0.0459,1.8828,0.3651,-0.0095,0.3650,10
2026-03-21T17:55:14.419226,4,0.0605,0.0237,0.0605,1.7257,0.5974,-0.2802,0.5276,5
2026-03-21T17:55:14.489032,0,0.0565,0.0565,0.0367,1.8743,0.5786,0.4434,0.3718,5
2026-03-21T17:55:14.489032,1,0.1215,0.1215,0.0968,1.9852,0.3196,0.1671,0.2724,24
2026-03-21T17:55:14.489032,2,0.0834,0.0595,0.0834,1.6522,0.6401,0.1595,0.6199,8
2026-03-21T17:55:14.489032,3,0.0621,0.0621,0.0460,1.8836,0.3662,-0.0097,0.3661,10
2026-03-21T17:55:14.489032,4,0.0741,0.0206,0.0741,1.7312,0.5958,-0.2793,0.5263,5
2026-03-21T17:55:14.557912,0,0.0511,0.0511,0.0441,1.8743,0.5794,0.4439,0.3724,5
2026-03-21T17:55:14.557912,1,0.1313,0.1313,0.1058,1.9895,0.3175,0.1664,0.2705,24
2026-03-21T17:55:14.557912,2,0.0679,0.0632,0.0679,1.6475,0.6424,0.1602,0.6221,8
2026-03-21T17:55:14.557912,3,0.0624,0.0624,0.0588,1.8904,0.3643,-0.0097,0.3642,10
2026-03-21T17:55:14.557912,4,0.0532,0.0227,0.0532,1.7283,0.5938,-0.2785,0.5244,5
2026-03-21T17:55:14.628070,0,0.1309,0.1309,0.1040,1.9896,0.3174,0.1663,0.2703,24
2026-03-21T17:55:14.628070,1,0.0698,0.0624,0.0698,1.6503,0.6380,0.1591,0.6178,8
2026-03-21T17:55:14.628070,2,0.0618,0.0618,0.0418,1.8784,0.3649,-0.0097,0.3648,10
2026-03-21T17:55:14.628070,3,0.0524,0.0224,0.0524,1.7257,0.5934,-0.2783,0.5241,5
2026-03-21T17:55:14.698104,0,0.0619,0.0619,0.0334,1.8737,0.5788,0.4436,0.3719,5
2026-03-21T17:55:14.698104,1,0.1305,0.1305,0.0946,1.9840,0.3181,0.1668,0.2709,24
2026-03-21T17:55:14.698104,2,0.0815,0.0599,0.0815,1.6522,0.6384,0.1591,0.6182,8
2026-03-21T17:55:14.698104,3,0.0623,0.0623,0.0491,1.8847,0.3640,-0.0095,0.3639,10
2026-03-21T17:55:14.698104,4,0.0533,0.0223,0.0533,1.7275,0.5948,-0.2790,0.5253,5
2026-03-21T17:55:14.768528,0,0.1047,0.1047,0.0323,1.8698,0.5751,0.4345,0.3768,6
2026-03-21T17:55:14.768528,1,0.1306,0.1306,0.0883,1.9880,0.3181,0.1665,0.2710,24
2026-03-21T17:55:14.768528,2,0.0901,0.0575,0.0901,1.6579,0.6375,0.1589,0.6174,8
2026-03-21T17:55:14.768528,3,0.0623,0.0623,0.0479,1.8828,0.3659,-0.0096,0.3658,10
2026-03-21T17:55:14.768528,4,0.0658,0.0181,0.0658,1.7292,0.5970,-0.2799,0.5273,5
2026-03-21T17:55:14.838344,0,0.0706,0.0706,0.0473,1.8762,0.5816,0.4457,0.3737,5
2026-03-21T17:55:14.838344,1,0.1299,0.1299,0.0989,1.9817,0.3202,0.1677,0.2728,24
2026-03-21T17:55:14.838344,2,0.0835,0.0596,0.0835,1.6513,0.6395,0.1593,0.6193,8
2026-03-21T17:55:14.838344,3,0.0618,0.0618,0.0483,1.8838,0.3631,-0.0097,0.3630,10
2026-03-21T17:55:14.838344,4,0.0569,0.0223,0.0569,1.7275,0.5950,-0.2791,0.5255,5
2026-03-21T17:55:14.906470,0,0.1235,0.1235,0.0927,1.9840,0.3181,0.1666,0.2710,24
2026-03-21T17:55:14.906470,1,0.0716,0.0616,0.0716,1.6541,0.6347,0.1583,0.6147,8
2026-03-21T17:55:14.906470,2,0.0620,0.0620,0.0489,1.8844,0.3652,-0.0097,0.3651,10
2026-03-21T17:55:14.906470,3,0.0541,0.0194,0.0541,1.7301,0.5938,-0.2785,0.5245,5
2026-03-21T17:55:14.977180,0,0.0640,0.0640,0.0374,1.8750,0.5740,0.4398,0.3688,5
2026-03-21T17:55:14.977180,1,0.1291,0.1291,0.0952,1.9865,0.3183,0.1667,0.2711,24
2026-03-21T17:55:14.977180,2,0.0863,0.0587,0.0863,1.6541,0.6389,0.1592,0.6187,8
2026-03-21T17:55:14.977180,3,0.0624,0.0624,0.0538,1.8864,0.3649,-0.0098,0.3648,10
2026-03-21T17:55:14.977180,4,0.0465,0.0241,0.0465,1.7225,0.5958,-0.2795,0.5262,5
2026-03-21T17:55:15.045591,0,0.0643,0.0643,0.0335,1.8730,0.5776,0.4426,0.3711,5
2026-03-21T17:55:15.045591,1,0.1281,0.1281,0.1005,1.9899,0.3167,0.1659,0.2698,24
2026-03-21T17:55:15.045591,2,0.1248,0.0636,0.1248,1.6560,0.6456,0.1549,0.6267,9
2026-03-21T17:55:15.045591,3,0.0619,0.0619,0.0450,1.8816,0.3649,-0.0097,0.3648,10
2026-03-21T17:55:15.045591,4,0.0613,0.0181,0.0613,1.7292,0.5960,-0.2795,0.5264,5
2026-03-21T17:55:15.115726,0,0.0643,0.0643,0.0341,1.8730,0.5792,0.4439,0.3721,5
2026-03-21T17:55:15.115726,1,0.1313,0.1313,0.0930,1.9834,0.3170,0.1661,0.2700,24
2026-03-21T17:55:15.115726,2,0.1240,0.0645,0.1240,1.6513,0.6482,0.1556,0.6293,9
2026-03-21T17:55:15.115726,3,0.0621,0.0621,0.0463,1.8828,0.3651,-0.0096,0.3650,10
2026-03-21T17:55:15.115726,4,0.0561,0.0239,0.0561,1.7231,0.5970,-0.2800,0.5273,5
2026-03-21T17:55:15.186267,0,0.0696,0.0696,0.0395,1.8724,0.5796,0.4442,0.3724,5
2026-03-21T17:55:15.186267,1,0.1257,0.1257,0.0986,1.9899,0.3184,0.1669,0.2712,24
2026-03-21T17:55:15.186267,2,0.1288,0.0629,0.1288,1.6560,0.6471,0.1553,0.6282,9
2026-03-21T17:55:15.186267,3,0.0625,0.0625,0.0523,1.8808,0.3637,-0.0097,0.3636,10
2026-03-21T17:55:15.186267,4,0.0589,0.0230,0.0589,1.7260,0.5968,-0.2799,0.5271,5
2026-03-21T17:55:15.255667,0,0.0642,0.0642,0.0400,1.8755,0.5774,0.4424,0.3710,5
2026-03-21T17:55:15.255667,1,0.1309,0.1309,0.1092,1.9864,0.3176,0.1663,0.2706,24
2026-03-21T17:55:15.255667,2,0.0823,0.0591,0.0823,1.6570,0.6389,0.1592,0.6187,8
2026-03-21T17:55:15.255667,3,0.0623,0.0623,0.0568,1.8834,0.3639,-0.0099,0.3638,10
2026-03-21T17:55:15.255667,4,0.0614,0.0219,0.0614,1.7266,0.5952,-0.2791,0.5257,5
2026-03-21T17:55:15.325286,0,0.0619,0.0619,0.0375,1.8724,0.5798,0.4443,0.3726,5
2026-03-21T17:55:15.325286,1,0.1432,0.1281,0.1432,1.9889,0.3216,0.1653,0.2758,25
2026-03-21T17:55:15.325286,2,0.0787,0.0612,0.0787,1.6465,0.6401,0.1596,0.6199,8
2026-03-21T17:55:15.325286,3,0.0628,0.0628,0.0476,1.8772,0.3677,-0.0098,0.3676,10
2026-03-21T17:55:15.325286,4,0.0488,0.0246,0.0488,1.7266,0.5910,-0.2772,0.5220,5
2026-03-21T17:55:15.395470,0,0.0657,0.0657,0.0375,1.8724,0.5788,0.4435,0.3719,5
2026-03-21T17:55:15.395470,1,0.1295,0.1295,0.1009,1.9856,0.3177,0.1664,0.2706,24
2026-03-21T17:55:15.395470,2,0.0715,0.0613,0.0715,1.6560,0.6361,0.1587,0.6160,8
2026-03-21T17:55:15.395470,3,0.0636,0.0624,0.0636,1.8882,0.3610,-0.0098,0.3609,10
2026-03-21T17:55:15.395470,4,0.0505,0.0205,0.0505,1.7283,0.5940,-0.2786,0.5246,5
2026-03-21T17:55:15.465300,0,0.1274,0.1274,0.1010,1.9876,0.3158,0.1655,0.2690,24
2026-03-21T17:55:15.465300,1,0.0757,0.0614,0.0757,1.6494,0.6371,0.1589,0.6170,8
2026-03-21T17:55:15.465300,2,0.0662,0.0627,0.0662,1.8888,0.3630,-0.0097,0.3629,10
2026-03-21T17:55:15.465300,3,0.0552,0.0215,0.0552,1.7249,0.5984,-0.2807,0.5285,5
2026-03-21T17:55:15.536147,0,0.0571,0.0571,0.0341,1.8724,0.5770,0.4421,0.3708,5
2026-03-21T17:55:15.536147,1,0.1224,0.1224,0.1040,1.9896,0.3159,0.1655,0.2691,24
2026-03-21T17:55:15.536147,2,0.0737,0.0617,0.0737,1.6503,0.6371,0.1588,0.6170,8
2026-03-21T17:55:15.536147,3,0.0509,0.0509,0.0327,1.8856,0.3595,-0.0061,0.3595,9
2026-03-21T17:55:15.536147,4,0.0516,0.0247,0.0516,1.7249,0.5958,-0.2795,0.5262,5
2026-03-21T17:55:15.606244,0,0.0620,0.0620,0.0314,1.8743,0.5768,0.4420,0.3706,5
2026-03-21T17:55:15.606244,1,0.1233,0.1233,0.0941,1.9816,0.3189,0.1670,0.2717,24
2026-03-21T17:55:15.606244,2,0.1231,0.0649,0.1231,1.6494,0.6484,0.1557,0.6295,9
2026-03-21T17:55:15.606244,3,0.0628,0.0628,0.0528,1.8814,0.3673,-0.0099,0.3672,10
2026-03-21T17:55:15.606244,4,0.0489,0.0216,0.0489,1.7249,0.5964,-0.2797,0.5267,5
2026-03-21T17:55:15.675388,0,0.1258,0.1258,0.0912,1.9853,0.3193,0.1672,0.2720,24
2026-03-21T17:55:15.675388,1,0.0748,0.0622,0.0748,1.6446,0.6384,0.1592,0.6182,8
2026-03-21T17:55:15.675388,2,0.0624,0.0624,0.0538,1.8824,0.3653,-0.0098,0.3652,10
2026-03-21T17:55:15.675388,3,0.0665,0.0152,0.0665,1.7335,0.5966,-0.2797,0.5270,5
2026-03-21T17:55:15.745108,0,0.0588,0.0588,0.0431,1.8787,0.5764,0.4416,0.3704,5
2026-03-21T17:55:15.745108,1,0.1287,0.1287,0.1010,1.9857,0.3191,0.1671,0.2718,24
2026-03-21T17:55:15.745108,2,0.0651,0.0642,0.0651,1.6437,0.6391,0.1594,0.6189,8
2026-03-21T17:55:15.745108,3,0.0620,0.0620,0.0488,1.8794,0.3645,-0.0098,0.3644,10
2026-03-21T17:55:15.745108,4,0.0533,0.0228,0.0533,1.7257,0.5968,-0.2799,0.5271,5
2026-03-21T17:55:15.813866,0,0.0557,0.0557,0.0375,1.8724,0.5784,0.4432,0.3717,5
2026-03-21T17:55:15.813866,1,0.1268,0.1268,0.1081,1.9881,0.3191,0.1670,0.2719,24
2026-03-21T17:55:15.813866,2,0.0882,0.0581,0.0882,1.6560,0.6384,0.1590,0.6182,8
2026-03-21T17:55:15.813866,3,0.0622,0.0622,0.0509,1.8854,0.3633,-0.0096,0.3632,10
2026-03-21T17:55:15.813866,4,0.0561,0.0225,0.0561,1.7231,0.5994,-0.2811,0.5294,5
2026-03-21T17:55:15.882736,0,0.0618,0.0618,0.0348,1.8737,0.5760,0.4414,0.3701,5
2026-03-21T17:55:15.882736,1,0.1270,0.1270,0.1032,1.9889,0.3179,0.1665,0.2708,24
2026-03-21T17:55:15.882736,2,0.0647,0.0647,0.0600,1.6475,0.6389,0.1594,0.6187,8
2026-03-21T17:55:15.882736,3,0.0632,0.0632,0.0556,1.8812,0.3669,-0.0098,0.3668,10
2026-03-21T17:55:15.882736,4,0.0560,0.0181,0.0560,1.7257,0.6002,-0.2815,0.5301,5
2026-03-21T17:55:15.952585,0,0.0617,0.0617,0.0471,1.8787,0.5758,0.4412,0.3701,5
2026-03-21T17:55:15.952585,1,0.1254,0.1254,0.1011,1.9848,0.3190,0.1670,0.2718,24
2026-03-21T17:55:15.952585,2,0.0668,0.0629,0.0668,1.6513,0.6349,0.1583,0.6148,8
2026-03-21T17:55:15.952585,3,0.0616,0.0616,0.0438,1.8794,0.3633,-0.0096,0.3632,10
2026-03-21T17:55:15.952585,4,0.0487,0.0214,0.0487,1.7283,0.5938,-0.2785,0.5244,5
2026-03-21T17:55:16.021897,0,0.0656,0.0656,0.0419,1.8774,0.5750,0.4406,0.3695,5
2026-03-21T17:55:16.021897,1,0.1298,0.1298,0.0895,1.9864,0.3172,0.1664,0.2700,24
2026-03-21T17:55:16.021897,2,0.0864,0.0592,0.0864,1.6503,0.6414,0.1598,0.6211,8
2026-03-21T17:55:16.021897,3,0.0616,0.0616,0.0513,1.8888,0.3627,-0.0097,0.3626,10
2026-03-21T17:55:16.021897,4,0.0568,0.0191,0.0568,1.7283,0.5964,-0.2797,0.5268,5
2026-03-21T17:55:16.091798,0,0.1480,0.1260,0.1480,1.9880,0.3210,0.1650,0.2754,25
2026-03-21T17:55:16.091798,1,0.0873,0.0586,0.0873,1.6532,0.6405,0.1596,0.6203,8
2026-03-21T17:55:16.091798,2,0.0612,0.0612,0.0465,1.8844,0.3644,-0.0095,0.3643,10
2026-03-21T17:55:16.091798,3,0.0552,0.0234,0.0552,1.7231,0.5970,-0.2800,0.5273,5
2026-03-21T17:55:16.160838,0,0.0595,0.0595,0.0327,1.8750,0.5752,0.4408,0.3696,5
2026-03-21T17:55:16.160838,1,0.1229,0.1229,0.1014,1.9880,0.3175,0.1662,0.2705,24
2026-03-21T17:55:16.160838,2,0.1123,0.0671,0.1123,1.6475,0.6482,0.1557,0.6292,9
2026-03-21T17:55:16.160838,3,0.0615,0.0615,0.0425,1.8814,0.3665,-0.0097,0.3664,10
2026-03-21T17:55:16.160838,4,0.0545,0.0222,0.0545,1.7225,0.5992,-0.2810,0.5292,5
2026-03-21T17:55:16.231476,0,0.0695,0.0695,0.0353,1.8749,0.5754,0.4410,0.3697,5
2026-03-21T17:55:16.231476,1,0.1262,0.1262,0.0898,1.9848,0.3189,0.1672,0.2716,24
2026-03-21T17:55:16.231476,2,0.0825,0.0601,0.0825,1.6494,0.6399,0.1595,0.6197,8
2026-03-21T17:55:16.231476,3,0.0620,0.0620,0.0460,1.8836,0.3653,-0.0097,0.3652,10
2026-03-21T17:55:16.231476,4,0.0657,0.0198,0.0657,1.7318,0.5966,-0.2798,0.5270,5
2026-03-21T17:55:16.301362,0,0.0674,0.0674,0.0345,1.8774,0.5569,0.4167,0.3695,5
2026-03-21T17:55:16.301362,1,0.1324,0.1324,0.1007,1.9872,0.3163,0.1657,0.2694,24
2026-03-21T17:55:16.301362,2,0.0901,0.0574,0.0901,1.6589,0.6382,0.1591,0.6181,8
2026-03-21T17:55:16.301362,3,0.0619,0.0619,0.0556,1.8882,0.3644,-0.0097,0.3643,10
2026-03-21T17:55:16.301362,4,0.0553,0.0200,0.0553,1.7286,0.5940,-0.2786,0.5246,5
2026-03-21T17:55:16.370933,0,0.0612,0.0612,0.0295,1.8711,0.5786,0.4434,0.3717,5
2026-03-21T17:55:16.370933,1,0.1249,0.1249,0.0964,1.9848,0.3177,0.1662,0.2707,24
2026-03-21T17:55:16.370933,2,0.0825,0.0599,0.0825,1.6503,0.6407,0.1597,0.6205,8
2026-03-21T17:55:16.370933,3,0.0620,0.0620,0.0489,1.8854,0.3642,-0.0097,0.3641,10
2026-03-21T17:55:16.370933,4,0.0639,0.0172,0.0639,1.7301,0.5950,-0.2790,0.5256,5
2026-03-21T17:55:16.440370,0,0.0649,0.0649,0.0401,1.8737,0.5792,0.4438,0.3722,5
2026-03-21T17:55:16.440370,1,0.1433,0.1294,0.1433,1.9908,0.3207,0.1649,0.2751,25
2026-03-21T17:55:16.440370,2,0.0817,0.0607,0.0817,1.6456,0.6407,0.1597,0.6205,8
2026-03-21T17:55:16.440370,3,0.0627,0.0627,0.0578,1.8854,0.3639,-0.0098,0.3638,10
2026-03-21T17:55:16.440370,4,0.0524,0.0233,0.0524,1.7257,0.5940,-0.2786,0.5246,5
2026-03-21T17:55:16.510236,0,0.0526,0.0526,0.0378,1.8781,0.5742,0.4400,0.3690,5
2026-03-21T17:55:16.510236,1,0.1281,0.1281,0.1012,1.9868,0.3167,0.1658,0.2699,24
2026-03-21T17:55:16.510236,2,0.0746,0.0613,0.0746,1.6513,0.6386,0.1592,0.6185,8
2026-03-21T17:55:16.510236,3,0.0624,0.0624,0.0540,1.8846,0.3617,-0.0097,0.3616,10
2026-03-21T17:55:16.510236,4,0.0585,0.0198,0.0585,1.7318,0.5942,-0.2787,0.5248,5
2026-03-21T17:55:16.580237,0,0.0671,0.0671,0.0413,1.8755,0.5748,0.4404,0.3694,5
2026-03-21T17:55:16.580237,1,0.1247,0.1247,0.1032,1.9907,0.3188,0.1667,0.2717,24
2026-03-21T17:55:16.580237,2,0.1262,0.0651,0.1262,1.6446,0.6506,0.1561,0.6315,9
2026-03-21T17:55:16.580237,3,0.0624,0.0624,0.0582,1.8838,0.3638,-0.0097,0.3637,10
2026-03-21T17:55:16.580237,4,0.0579,0.0207,0.0579,1.7223,0.5996,-0.2812,0.5296,5
2026-03-21T17:55:16.650929,0,0.0641,0.0641,0.0352,1.8774,0.5728,0.4390,0.3680,5
2026-03-21T17:55:16.650929,1,0.1323,0.1323,0.0868,1.9856,0.3184,0.1670,0.2711,24
2026-03-21T17:55:16.650929,2,0.0921,0.0571,0.0921,1.6579,0.6382,0.1590,0.6181,8
2026-03-21T17:55:16.650929,3,0.0654,0.0600,0.0654,1.8844,0.3621,-0.0091,0.3620,10
2026-03-21T17:55:16.650929,4,0.0653,0.0191,0.0653,1.7188,0.6068,-0.2845,0.5360,5
2026-03-21T17:55:16.720521,0,0.1305,0.1305,0.0946,1.9840,0.3197,0.1675,0.2723,24
2026-03-21T17:55:16.720521,1,0.1221,0.0648,0.1221,1.6513,0.6486,0.1557,0.6296,9
2026-03-21T17:55:16.720521,2,0.0614,0.0614,0.0400,1.8826,0.3649,-0.0160,0.3646,10
2026-03-21T17:55:16.720521,3,0.0524,0.0198,0.0524,1.7257,0.5976,-0.2803,0.5278,5
2026-03-21T17:55:16.790756,0,0.0566,0.0566,0.0356,1.8698,0.5828,0.4466,0.3745,5
2026-03-21T17:55:16.790756,1,0.1309,0.1309,0.0851,1.9829,0.3177,0.1665,0.2706,24
2026-03-21T17:55:16.790756,2,0.1212,0.0654,0.1212,1.6484,0.6481,0.1556,0.6292,9
2026-03-21T17:55:16.790756,3,0.0584,0.0584,0.0428,1.8903,0.3569,-0.0216,0.3563,10
2026-03-21T17:55:16.790756,4,0.0765,0.0298,0.0765,1.7216,0.6011,-0.2771,0.5334,6
2026-03-21T17:55:16.859992,0,0.1282,0.1282,0.0896,1.9865,0.3177,0.1666,0.2705,24
2026-03-21T17:55:16.859992,1,0.0757,0.0616,0.0757,1.6475,0.6392,0.1594,0.6190,8
2026-03-21T17:55:16.859992,2,0.0653,0.0653,0.0401,1.9022,0.3467,-0.0304,0.3454,11
2026-03-21T17:55:16.859992,3,0.0643,0.0290,0.0643,1.7266,0.5951,-0.2744,0.5280,6
2026-03-21T17:55:16.930401,0,0.1427,0.1329,0.1427,1.9856,0.3225,0.1661,0.2764,25
2026-03-21T17:55:16.930401,1,0.1072,0.0670,0.1072,1.6541,0.6472,0.1555,0.6283,9
2026-03-21T17:55:16.930401,2,0.0538,0.0538,0.0367,1.9271,0.3216,-0.0277,0.3204,11
2026-03-21T17:55:16.930401,3,0.0651,0.0287,0.0651,1.7301,0.5959,-0.2748,0.5287,6
2026-03-21T17:55:16.998167,0,0.1302,0.1302,0.0979,1.9864,0.3176,0.1665,0.2704,24
2026-03-21T17:55:16.998167,1,0.1200,0.0649,0.1200,1.6532,0.6469,0.1554,0.6280,9
2026-03-21T17:55:16.998167,2,0.0809,0.0809,0.0596,1.9340,0.3182,-0.0303,0.3167,14
2026-03-21T17:55:16.998167,3,0.0616,0.0299,0.0616,1.7266,0.5964,-0.2751,0.5292,6
2026-03-21T17:55:17.067459,0,0.1423,0.1308,0.1423,1.9832,0.3240,0.1668,0.2777,25
2026-03-21T17:55:17.067459,1,0.0960,0.0562,0.0960,1.6589,0.6406,0.1596,0.6204,8
2026-03-21T17:55:17.067459,2,0.0766,0.0766,0.0437,1.9425,0.3055,-0.0294,0.3041,14
2026-03-21T17:55:17.067459,3,0.0561,0.0298,0.0561,1.7283,0.5977,-0.2758,0.5303,6
2026-03-21T17:55:17.136788,0,0.1374,0.1374,0.0823,1.9858,0.3181,0.1671,0.2707,24
2026-03-21T17:55:17.136788,1,0.0948,0.0557,0.0948,1.6646,0.6360,0.1584,0.6159,8
2026-03-21T17:55:17.136788,2,0.0700,0.0700,0.0526,1.9472,0.3014,-0.0232,0.3005,14
2026-03-21T17:55:17.136788,3,0.0818,0.0395,0.0818,1.7240,0.5996,-0.2718,0.5345,7
2026-03-21T17:55:17.206727,0,0.1323,0.1323,0.0808,1.9852,0.3189,0.1673,0.2715,24
2026-03-21T17:55:17.206727,1,0.1334,0.0608,0.1334,1.6646,0.6488,0.1557,0.6298,9
2026-03-21T17:55:17.206727,2,0.0634,0.0634,0.0302,1.9388,0.3013,-0.0208,0.3006,13
2026-03-21T17:55:17.206727,3,0.0722,0.0359,0.0722,1.7318,0.5936,-0.2691,0.5291,7
2026-03-21T17:55:17.276202,0,0.1424,0.1326,0.1424,1.9852,0.3227,0.1661,0.2767,25
2026-03-21T17:55:17.276202,1,0.0960,0.0562,0.0960,1.6589,0.6417,0.1598,0.6215,8
2026-03-21T17:55:17.276202,2,0.0712,0.0712,0.0699,1.9418,0.3071,-0.0181,0.3066,14
2026-03-21T17:55:17.276202,3,0.0587,0.0404,0.0587,1.7292,0.5906,-0.2679,0.5264,7
2026-03-21T17:55:17.345551,0,0.1302,0.1302,0.0907,1.9838,0.3196,0.1676,0.2721,24
2026-03-21T17:55:17.345551,1,0.1006,0.0543,0.1006,1.6665,0.6381,0.1589,0.6180,8
2026-03-21T17:55:17.345551,2,0.0720,0.0720,0.0696,1.9395,0.3044,-0.0179,0.3039,14
2026-03-21T17:55:17.345551,3,0.0619,0.0379,0.0619,1.7370,0.5859,-0.2657,0.5222,7
2026-03-21T17:55:17.416204,0,0.1316,0.1316,0.1313,1.9817,0.3232,0.1665,0.2770,25
2026-03-21T17:55:17.416204,1,0.0835,0.0599,0.0835,1.6494,0.6390,0.1592,0.6188,8
2026-03-21T17:55:17.416204,2,0.0726,0.0726,0.0536,1.9415,0.3045,-0.0183,0.3040,14
2026-03-21T17:55:17.416204,3,0.0678,0.0406,0.0678,1.7347,0.5838,-0.2647,0.5203,7
2026-03-21T17:55:17.486012,0,0.1412,0.1295,0.1412,1.9906,0.3216,0.1656,0.2756,25
2026-03-21T17:55:17.486012,1,0.0678,0.0627,0.0678,1.6513,0.6374,0.1589,0.6172,8
2026-03-21T17:55:17.486012,2,0.0719,0.0719,0.0532,1.9441,0.3027,-0.0182,0.3022,14
2026-03-21T17:55:17.486012,3,0.0646,0.0367,0.0646,1.7370,0.5815,-0.2636,0.5183,7
2026-03-21T17:55:17.555131,0,0.1466,0.1223,0.1466,1.9904,0.3211,0.1652,0.2754,25
2026-03-21T17:55:17.555131,1,0.0735,0.0611,0.0735,1.6551,0.6364,0.1586,0.6163,8
2026-03-21T17:55:17.555131,2,0.0723,0.0723,0.0539,1.9438,0.3044,-0.0183,0.3039,14
2026-03-21T17:55:17.555131,3,0.0653,0.0357,0.0653,1.7422,0.5816,-0.2637,0.5184,7
2026-03-21T17:55:17.625341,0,0.1330,0.1330,0.0998,1.9883,0.3188,0.1672,0.2714,24
2026-03-21T17:55:17.625341,1,0.0765,0.0606,0.0765,1.6541,0.6379,0.1590,0.6177,8
2026-03-21T17:55:17.625341,2,0.0712,0.0712,0.0512,1.9451,0.3030,-0.0181,0.3025,14
2026-03-21T17:55:17.625341,3,0.0645,0.0382,0.0645,1.7387,0.5818,-0.2638,0.5185,7
2026-03-21T17:55:17.695960,0,0.1319,0.1319,0.1213,1.9840,0.3218,0.1659,0.2757,25
2026-03-21T17:55:17.695960,1,0.0892,0.0578,0.0892,1.6570,0.6379,0.1590,0.6177,8
2026-03-21T17:55:17.695960,2,0.0727,0.0727,0.0566,1.9425,0.3052,-0.0182,0.3046,14
2026-03-21T17:55:17.695960,3,0.0620,0.0398,0.0620,1.7344,0.5824,-0.2641,0.5190,7
2026-03-21T17:55:17.766808,0,0.0765,0.0765,0.0362,1.8584,0.6004,0.4601,0.3857,5
2026-03-21T17:55:17.766808,1,0.1320,0.1261,0.1320,1.9852,0.3206,0.1651,0.2748,25
2026-03-21T17:55:17.766808,2,0.0793,0.0593,0.0793,1.6598,0.6374,0.1588,0.6173,8
2026-03-21T17:55:17.766808,3,0.0712,0.0712,0.0636,1.9514,0.3024,-0.0180,0.3019,14
2026-03-21T17:55:17.766808,4,0.0599,0.0384,0.0599,1.7396,0.5796,-0.2628,0.5166,7
2026-03-21T17:55:17.836522,0,0.1281,0.1281,0.1205,1.9841,0.3225,0.1662,0.2763,25
2026-03-21T17:55:17.836522,1,0.0813,0.0592,0.0813,1.6579,0.6377,0.1589,0.6176,8
2026-03-21T17:55:17.836522,2,0.0720,0.0720,0.0443,1.9371,0.3048,-0.0183,0.3042,14
2026-03-21T17:55:17.836522,3,0.0606,0.0376,0.0606,1.7439,0.5805,-0.2632,0.5174,7
2026-03-21T17:55:17.905785,0,0.1282,0.1282,0.1219,1.9817,0.3212,0.1656,0.2752,25
2026-03-21T17:55:17.905785,1,0.0803,0.0594,0.0803,1.6579,0.6385,0.1591,0.6184,8
2026-03-21T17:55:17.905785,2,0.0723,0.0723,0.0456,1.9415,0.3059,-0.0185,0.3053,14
2026-03-21T17:55:17.905785,3,0.0551,0.0431,0.0551,1.7330,0.5826,-0.2643,0.5193,7
2026-03-21T17:55:17.974184,0,0.0761,0.0761,0.0266,1.8698,0.5816,0.4459,0.3735,5
2026-03-21T17:55:17.974184,1,0.1289,0.1289,0.1210,1.9856,0.3215,0.1658,0.2755,25
2026-03-21T17:55:17.974184,2,0.0897,0.0567,0.0897,1.6722,0.6360,0.1584,0.6159,8
2026-03-21T17:55:17.974184,3,0.0723,0.0723,0.0686,1.9494,0.3049,-0.0182,0.3044,14
2026-03-21T17:55:17.974184,4,0.0468,0.0457,0.0468,1.7283,0.5869,-0.2663,0.5231,7
2026-03-21T17:55:18.042871,0,0.0798,0.0798,0.0588,1.8724,0.5857,0.4455,0.3802,6
2026-03-21T17:55:18.042871,1,0.1371,0.1371,0.1147,1.9840,0.3228,0.1665,0.2765,25
2026-03-21T17:55:18.042871,2,0.0691,0.0518,0.0691,1.6481,0.6403,0.1543,0.6215,7
2026-03-21T17:55:18.042871,3,0.0734,0.0734,0.0616,1.9375,0.3066,-0.0182,0.3061,14
2026-03-21T17:55:18.042871,4,0.0586,0.0403,0.0586,1.7301,0.5899,-0.2675,0.5258,7
2026-03-21T17:55:18.112057,0,0.1371,0.1371,0.1062,1.9821,0.3221,0.1664,0.2758,25
2026-03-21T17:55:18.112057,1,0.1171,0.0561,0.1171,1.6395,0.6530,0.1513,0.6352,8
2026-03-21T17:55:18.112057,2,0.0732,0.0732,0.0617,1.9375,0.3079,-0.0183,0.3074,14
2026-03-21T17:55:18.112057,3,0.0637,0.0393,0.0637,1.7214,0.5962,-0.2703,0.5314,7
2026-03-21T17:55:18.182996,0,0.0818,0.0818,0.0593,1.8756,0.5811,0.4420,0.3772,6
2026-03-21T17:55:18.182996,1,0.1326,0.1326,0.0990,1.9796,0.3232,0.1670,0.2768,25
2026-03-21T17:55:18.182996,2,0.0570,0.0554,0.0570,1.6356,0.6443,0.1554,0.6253,7
2026-03-21T17:55:18.182996,3,0.0776,0.0739,0.0776,1.9465,0.3083,-0.0183,0.3077,14
2026-03-21T17:55:18.182996,4,0.0708,0.0361,0.0708,1.7240,0.6005,-0.2722,0.5353,7
2026-03-21T17:55:18.252015,0,0.0765,0.0765,0.0551,1.8735,0.5789,0.4404,0.3758,6
2026-03-21T17:55:18.252015,1,0.1375,0.1375,0.1002,1.9818,0.3214,0.1662,0.2752,25
2026-03-21T17:55:18.252015,2,0.0565,0.0565,0.0522,1.6337,0.6442,0.1554,0.6252,7
2026-03-21T17:55:18.252015,3,0.0740,0.0740,0.0726,1.9395,0.3098,-0.0184,0.3093,14
2026-03-21T17:55:18.252015,4,0.0573,0.0420,0.0573,1.7214,0.5995,-0.2719,0.5343,7
2026-03-21T17:55:18.321381,0,0.1401,0.1401,0.1060,1.9781,0.3243,0.1676,0.2776,25
2026-03-21T17:55:18.321381,1,0.0565,0.0565,0.0557,1.6337,0.6432,0.1551,0.6242,7
2026-03-21T17:55:18.321381,2,0.0744,0.0744,0.0731,1.9390,0.3093,-0.0183,0.3088,14
2026-03-21T17:55:18.321381,3,0.0866,0.0430,0.0866,1.7197,0.6050,-0.2694,0.5417,8
2026-03-21T17:55:18.391523,0,0.0849,0.0849,0.0349,1.8769,0.5770,0.4424,0.3704,5
2026-03-21T17:55:18.391523,1,0.1350,0.1350,0.1045,1.9776,0.3246,0.1676,0.2780,25
2026-03-21T17:55:18.391523,2,0.0561,0.0558,0.0561,1.6337,0.6435,0.1552,0.6245,7
2026-03-21T17:55:18.391523,3,0.0728,0.0728,0.0701,1.9400,0.3072,-0.0182,0.3067,14
2026-03-21T17:55:18.391523,4,0.0657,0.0513,0.0657,1.7145,0.6040,-0.2692,0.5407,8
2026-03-21T17:55:18.461620,0,0.0772,0.0772,0.0250,1.8763,0.5696,0.4367,0.3658,5
2026-03-21T17:55:18.461620,1,0.1289,0.1289,0.1108,1.9782,0.3224,0.1664,0.2761,25
2026-03-21T17:55:18.461620,2,0.0877,0.0598,0.0877,1.6712,0.6377,0.1590,0.6176,8
2026-03-21T17:55:18.461620,3,0.0654,0.0654,0.0265,1.9411,0.3023,-0.0211,0.3016,13
2026-03-21T17:55:18.461620,4,0.1014,0.0557,0.1014,1.7162,0.6088,-0.2662,0.5475,9
2026-03-21T17:55:18.531926,0,0.0651,0.0651,0.0575,1.8827,0.5632,0.4283,0.3658,6
2026-03-21T17:55:18.531926,1,0.1326,0.1326,0.1262,1.9832,0.3235,0.1667,0.2772,25
2026-03-21T17:55:18.531926,2,0.0899,0.0568,0.0899,1.6636,0.6396,0.1594,0.6194,8
2026-03-21T17:55:18.531926,3,0.0726,0.0726,0.0657,1.9396,0.3060,-0.0181,0.3055,14
2026-03-21T17:55:18.531926,4,0.0811,0.0579,0.0811,1.7145,0.6039,-0.2643,0.5430,9
2026-03-21T17:55:18.601629,0,0.0564,0.0564,0.0204,1.8888,0.5486,0.4205,0.3524,5
2026-03-21T17:55:18.601629,1,0.1447,0.1220,0.1447,1.9904,0.3221,0.1655,0.2763,25
2026-03-21T17:55:18.601629,2,0.0728,0.0623,0.0728,1.6465,0.6401,0.1597,0.6199,8
2026-03-21T17:55:18.601629,3,0.0729,0.0729,0.0649,1.9408,0.3050,-0.0182,0.3045,14
2026-03-21T17:55:18.601629,4,0.0752,0.0635,0.0752,1.7114,0.6049,-0.2648,0.5439,9
2026-03-21T17:55:18.672920,0,0.0617,0.0617,0.0308,1.8938,0.5466,0.4189,0.3512,5
2026-03-21T17:55:18.672920,1,0.1306,0.1306,0.0987,1.9890,0.3171,0.1661,0.2701,24
2026-03-21T17:55:18.672920,2,0.0765,0.0607,0.0765,1.6532,0.6379,0.1590,0.6177,8
2026-03-21T17:55:18.672920,3,0.0714,0.0714,0.0522,1.9461,0.3017,-0.0180,0.3011,14
2026-03-21T17:55:18.672920,4,0.0819,0.0586,0.0819,1.7154,0.6020,-0.2634,0.5414,9
2026-03-21T17:55:18.742355,0,0.0678,0.0678,0.0260,1.8923,0.5464,0.4188,0.3510,5
2026-03-21T17:55:18.742355,1,0.1264,0.1264,0.0943,1.9883,0.3163,0.1655,0.2695,24
2026-03-21T17:55:18.742355,2,0.0742,0.0617,0.0742,1.6532,0.6389,0.1593,0.6187,8
2026-03-21T17:55:18.742355,3,0.0728,0.0728,0.0629,1.9508,0.3017,-0.0182,0.3012,14
2026-03-21T17:55:18.742355,4,0.0561,0.0561,0.0525,1.7197,0.5954,-0.2655,0.5329,8
2026-03-21T17:55:18.811286,0,0.0511,0.0511,0.0254,1.8891,0.5510,0.4223,0.3540,5
2026-03-21T17:55:18.811286,1,0.1221,0.1221,0.0895,1.9864,0.3179,0.1663,0.2709,24
2026-03-21T17:55:18.811286,2,0.0987,0.0547,0.0987,1.6665,0.6375,0.1588,0.6174,8
2026-03-21T17:55:18.811286,3,0.0719,0.0719,0.0557,1.9435,0.3016,-0.0181,0.3010,14
2026-03-21T17:55:18.811286,4,0.1139,0.0519,0.1139,1.7260,0.6020,-0.2631,0.5415,9
2026-03-21T17:55:18.879846,0,0.0653,0.0563,0.0653,1.8925,0.5541,0.4212,0.3599,6
2026-03-21T17:55:18.879846,1,0.1309,0.1309,0.0945,1.9904,0.3183,0.1666,0.2712,24
2026-03-21T17:55:18.879846,2,0.0717,0.0619,0.0717,1.6513,0.6382,0.1591,0.6181,8
2026-03-21T17:55:18.879846,3,0.0865,0.0865,0.0635,1.9445,0.3054,-0.0214,0.3047,15
2026-03-21T17:55:18.879846,4,0.0745,0.0523,0.0745,1.7251,0.5944,-0.2648,0.5321,8
2026-03-21T17:55:18.949772,0,0.0543,0.0539,0.0543,1.8898,0.5522,0.4199,0.3587,6
2026-03-21T17:55:18.949772,1,0.1289,0.1289,0.0944,1.9895,0.3152,0.1652,0.2685,24
2026-03-21T17:55:18.949772,2,0.0844,0.0594,0.0844,1.6513,0.6375,0.1589,0.6174,8
2026-03-21T17:55:18.949772,3,0.0635,0.0635,0.0192,1.9438,0.2988,-0.0209,0.2981,13
2026-03-21T17:55:18.949772,4,0.0540,0.0421,0.0540,1.7318,0.5871,-0.2663,0.5232,7
2026-03-21T17:55:19.018642,0,0.0576,0.0546,0.0576,1.8951,0.5472,0.4161,0.3555,6
2026-03-21T17:55:19.018642,1,0.1236,0.1236,0.1034,1.9872,0.3185,0.1668,0.2713,24
2026-03-21T17:55:19.018642,2,0.0854,0.0591,0.0854,1.6522,0.6396,0.1594,0.6194,8
2026-03-21T17:55:19.018642,3,0.0869,0.0869,0.0701,1.9450,0.3075,-0.0214,0.3067,15
2026-03-21T17:55:19.018642,4,0.0485,0.0446,0.0485,1.7309,0.5881,-0.2668,0.5241,7
2026-03-21T17:55:19.088647,0,0.0607,0.0607,0.0551,1.8912,0.5474,0.4163,0.3555,6
2026-03-21T17:55:19.088647,1,0.1650,0.1650,0.1091,1.9928,0.3207,0.1708,0.2715,25
2026-03-21T17:55:19.088647,2,0.0668,0.0631,0.0668,1.6494,0.6369,0.1589,0.6167,8
2026-03-21T17:55:19.088647,3,0.0711,0.0711,0.0637,1.9435,0.3028,-0.0179,0.3023,14
2026-03-21T17:55:19.088647,4,0.0585,0.0408,0.0585,1.7327,0.5859,-0.2658,0.5222,7
2026-03-21T17:55:19.158289,0,0.0570,0.0467,0.0570,1.8898,0.5491,0.4174,0.3567,6
2026-03-21T17:55:19.158289,1,0.1265,0.1265,0.0934,1.9856,0.3193,0.1672,0.2720,24
2026-03-21T17:55:19.158289,2,0.0663,0.0663,0.0563,1.6408,0.6387,0.1594,0.6185,8
2026-03-21T17:55:19.158289,3,0.0708,0.0708,0.0626,1.9475,0.3028,-0.0180,0.3023,14
2026-03-21T17:55:19.158289,4,0.1051,0.0408,0.1051,1.7327,0.5949,-0.2647,0.5327,8
2026-03-21T17:55:19.227587,0,0.0662,0.0546,0.0662,1.8955,0.5499,0.4181,0.3572,6
2026-03-21T17:55:19.227587,1,0.1294,0.1294,0.0940,1.9872,0.3174,0.1663,0.2704,24
2026-03-21T17:55:19.227587,2,0.0646,0.0640,0.0646,1.6484,0.6389,0.1594,0.6187,8
2026-03-21T17:55:19.227587,3,0.0720,0.0720,0.0607,1.9455,0.3037,-0.0180,0.3031,14
2026-03-21T17:55:19.227587,4,0.1033,0.0410,0.1033,1.7309,0.5951,-0.2648,0.5330,8
2026-03-21T17:55:19.297506,0,0.0500,0.0500,0.0278,1.8981,0.5396,0.4135,0.3467,5
2026-03-21T17:55:19.297506,1,0.1572,0.1572,0.0872,1.9841,0.3212,0.1711,0.2718,25
2026-03-21T17:55:19.297506,2,0.0698,0.0625,0.0698,1.6494,0.6390,0.1593,0.6188,8
2026-03-21T17:55:19.297506,3,0.0705,0.0705,0.0547,1.9416,0.3019,-0.0179,0.3013,14
2026-03-21T17:55:19.297506,4,0.0601,0.0388,0.0601,1.7361,0.5855,-0.2655,0.5219,7
2026-03-21T17:55:19.367584,0,0.0632,0.0583,0.0632,1.8925,0.5496,0.4178,0.3570,6
2026-03-21T17:55:19.367584,1,0.1312,0.1312,0.0933,1.9864,0.3177,0.1663,0.2706,24
2026-03-21T17:55:19.367584,2,0.0678,0.0628,0.0678,1.6503,0.6366,0.1587,0.6165,8
2026-03-21T17:55:19.367584,3,0.0859,0.0859,0.0636,1.9465,0.3054,-0.0214,0.3046,15
2026-03-21T17:55:19.367584,4,0.0620,0.0393,0.0620,1.7353,0.5841,-0.2649,0.5205,7
2026-03-21T17:55:19.437149,0,0.0661,0.0661,0.0172,1.8919,0.5416,0.4152,0.3478,5
2026-03-21T17:55:19.437149,1,0.1255,0.1255,0.0982,1.9866,0.3176,0.1664,0.2706,24
2026-03-21T17:55:19.437149,2,0.0670,0.0636,0.0670,1.6456,0.6395,0.1595,0.6193,8
2026-03-21T17:55:19.437149,3,0.0709,0.0709,0.0532,1.9441,0.3005,-0.0180,0.3000,14
2026-03-21T17:55:19.437149,4,0.0657,0.0373,0.0657,1.7344,0.5865,-0.2659,0.5227,7
2026-03-21T17:55:19.506220,0,0.0642,0.0507,0.0642,1.8949,0.5507,0.4187,0.3578,6
2026-03-21T17:55:19.506220,1,0.1577,0.1577,0.1030,1.9868,0.3192,0.1700,0.2701,25
2026-03-21T17:55:19.506220,2,0.0717,0.0619,0.0717,1.6513,0.6381,0.1591,0.6180,8
2026-03-21T17:55:19.506220,3,0.0721,0.0721,0.0657,1.9435,0.3045,-0.0182,0.3040,14
2026-03-21T17:55:19.506220,4,0.0534,0.0432,0.0534,1.7257,0.5889,-0.2671,0.5249,7
2026-03-21T17:55:19.576992,0,0.0561,0.0561,0.0216,1.8906,0.5440,0.4169,0.3495,5
2026-03-21T17:55:19.576992,1,0.1293,0.1293,0.1005,1.9880,0.3169,0.1660,0.2699,24
2026-03-21T17:55:19.576992,2,0.0689,0.0630,0.0689,1.6475,0.6407,0.1598,0.6205,8
2026-03-21T17:55:19.576992,3,0.0723,0.0723,0.0596,1.9465,0.3029,-0.0181,0.3023,14
2026-03-21T17:55:19.576992,4,0.0534,0.0432,0.0534,1.7303,0.5852,-0.2654,0.5216,7
2026-03-21T17:55:19.646743,0,0.0508,0.0508,0.0150,1.8888,0.5434,0.4165,0.3491,5
2026-03-21T17:55:19.646743,1,0.1259,0.1259,0.0902,1.9834,0.3166,0.1658,0.2696,24
2026-03-21T17:55:19.646743,2,0.0636,0.0636,0.0629,1.6513,0.6357,0.1586,0.6156,8
2026-03-21T17:55:19.646743,3,0.0705,0.0705,0.0506,1.9445,0.3014,-0.0180,0.3009,14
2026-03-21T17:55:19.646743,4,0.0531,0.0427,0.0531,1.7301,0.5861,-0.2658,0.5223,7
2026-03-21T17:55:19.717476,0,0.0662,0.0662,0.0633,1.8919,0.5529,0.4204,0.3591,6
2026-03-21T17:55:19.717476,1,0.1281,0.1281,0.1078,1.9849,0.3194,0.1672,0.2721,24
2026-03-21T17:55:19.717476,2,0.0717,0.0622,0.0717,1.6494,0.6402,0.1596,0.6200,8
2026-03-21T17:55:19.717476,3,0.0731,0.0723,0.0731,1.9430,0.3034,-0.0179,0.3029,14
2026-03-21T17:55:19.717476,4,0.0530,0.0424,0.0530,1.7327,0.5859,-0.2658,0.5222,7
2026-03-21T17:55:19.786657,0,0.0688,0.0553,0.0688,1.8988,0.5494,0.4177,0.3569,6
2026-03-21T17:55:19.786657,1,0.1274,0.1274,0.0905,1.9837,0.3194,0.1673,0.2721,24
2026-03-21T17:55:19.786657,2,0.0845,0.0597,0.0845,1.6494,0.6420,0.1600,0.6217,8
2026-03-21T17:55:19.786657,3,0.0855,0.0855,0.0826,1.9505,0.3069,-0.0210,0.3062,15
2026-03-21T17:55:19.786657,4,0.0614,0.0419,0.0614,1.7301,0.5899,-0.2676,0.5258,7
2026-03-21T17:55:19.856151,0,0.0645,0.0475,0.0645,1.8904,0.5524,0.4199,0.3589,6
2026-03-21T17:55:19.856151,1,0.1215,0.1215,0.0971,1.9856,0.3196,0.1673,0.2723,24
2026-03-21T17:55:19.856151,2,0.0746,0.0612,0.0746,1.6522,0.6384,0.1592,0.6182,8
2026-03-21T17:55:19.856151,3,0.0785,0.0785,0.0617,1.9475,0.3030,-0.0240,0.3021,14
2026-03-21T17:55:19.856151,4,0.0508,0.0453,0.0508,1.7268,0.5872,-0.2664,0.5233,7
2026-03-21T17:55:19.925099,0,0.1050,0.1050,0.0229,1.8891,0.5410,0.4088,0.3543,6
2026-03-21T17:55:19.925099,1,0.1289,0.1289,0.0879,1.9848,0.3195,0.1674,0.2721,24
2026-03-21T17:55:19.925099,2,0.1214,0.0664,0.1214,1.6418,0.6511,0.1564,0.6321,9
2026-03-21T17:55:19.925099,3,0.0713,0.0713,0.0637,1.9425,0.3029,-0.0179,0.3023,14
2026-03-21T17:55:19.925099,4,0.0639,0.0374,0.0639,1.7344,0.5868,-0.2660,0.5230,7
2026-03-21T17:55:19.994509,0,0.0604,0.0604,0.0293,1.8856,0.5554,0.4256,0.3568,5
2026-03-21T17:55:19.994509,1,0.1282,0.1282,0.0969,1.9928,0.3173,0.1663,0.2703,24
2026-03-21T17:55:19.994509,2,0.0872,0.0582,0.0872,1.6570,0.6422,0.1600,0.6220,8
2026-03-21T17:55:19.994509,3,0.0721,0.0721,0.0665,1.9374,0.3064,-0.0182,0.3058,14
2026-03-21T17:55:19.994509,4,0.0642,0.0396,0.0642,1.7275,0.5899,-0.2675,0.5258,7
2026-03-21T17:55:20.063709,0,0.0568,0.0568,0.0281,1.8837,0.5618,0.4305,0.3609,5
2026-03-21T17:55:20.063709,1,0.1329,0.1329,0.0976,1.9860,0.3187,0.1670,0.2714,24
2026-03-21T17:55:20.063709,2,0.0640,0.0640,0.0640,1.6465,0.6411,0.1600,0.6208,8
2026-03-21T17:55:20.063709,3,0.0728,0.0728,0.0627,1.9435,0.3051,-0.0181,0.3046,14
2026-03-21T17:55:20.063709,4,0.0647,0.0369,0.0647,1.7353,0.5888,-0.2669,0.5248,7
2026-03-21T17:55:20.134144,0,0.1279,0.1279,0.0859,1.9856,0.3175,0.1664,0.2704,24
2026-03-21T17:55:20.134144,1,0.0834,0.0595,0.0834,1.6522,0.6412,0.1599,0.6210,8
2026-03-21T17:55:20.134144,2,0.0644,0.0644,0.0158,1.9414,0.2991,-0.0209,0.2984,13
2026-03-21T17:55:20.134144,3,0.0856,0.0345,0.0856,1.7379,0.5902,-0.2674,0.5261,7
2026-03-21T17:55:20.203220,0,0.0579,0.0579,0.0300,1.8763,0.5724,0.4387,0.3678,5
2026-03-21T17:55:20.203220,1,0.1324,0.1324,0.0945,1.9848,0.3165,0.1660,0.2694,24
2026-03-21T17:55:20.203220,2,0.1309,0.0633,0.1309,1.6513,0.6497,0.1559,0.6307,9
2026-03-21T17:55:20.203220,3,0.0725,0.0725,0.0532,1.9401,0.3045,-0.0182,0.3040,14
2026-03-21T17:55:20.203220,4,0.0830,0.0347,0.0830,1.7353,0.5894,-0.2670,0.5254,7
2026-03-21T17:55:20.273620,0,0.0663,0.0663,0.0338,1.8774,0.5712,0.4377,0.3670,5
2026-03-21T17:55:20.273620,1,0.1223,0.1223,0.0995,1.9936,0.3159,0.1654,0.2691,24
2026-03-21T17:55:20.273620,2,0.0652,0.0652,0.0612,1.6418,0.6409,0.1600,0.6206,8
2026-03-21T17:55:20.273620,3,0.0714,0.0714,0.0552,1.9431,0.3022,-0.0180,0.3017,14
2026-03-21T17:55:20.273620,4,0.0850,0.0367,0.0850,1.7318,0.5926,-0.2686,0.5283,7
2026-03-21T17:55:20.342698,0,0.0555,0.0555,0.0407,1.8749,0.5754,0.4409,0.3698,5
2026-03-21T17:55:20.342698,1,0.1253,0.1253,0.1061,1.9889,0.3179,0.1665,0.2708,24
2026-03-21T17:55:20.342698,2,0.0644,0.0644,0.0641,1.6437,0.6391,0.1594,0.6189,8
2026-03-21T17:55:20.342698,3,0.0713,0.0713,0.0531,1.9430,0.3040,-0.0181,0.3035,14
2026-03-21T17:55:20.342698,4,0.0886,0.0366,0.0886,1.7327,0.5932,-0.2688,0.5288,7
2026-03-21T17:55:20.413044,0,0.0679,0.0679,0.0388,1.8724,0.5784,0.4432,0.3716,5
2026-03-21T17:55:20.413044,1,0.1354,0.1354,0.0815,1.9849,0.3180,0.1666,0.2708,24
2026-03-21T17:55:20.413044,2,0.0659,0.0634,0.0659,1.6484,0.6380,0.1592,0.6178,8
2026-03-21T17:55:20.413044,3,0.0733,0.0733,0.0466,1.9415,0.3045,-0.0183,0.3040,14
2026-03-21T17:55:20.413044,4,0.0977,0.0323,0.0977,1.7335,0.5933,-0.2687,0.5290,7
2026-03-21T17:55:20.482352,0,0.0597,0.0597,0.0353,1.8749,0.5784,0.4432,0.3716,5
2026-03-21T17:55:20.482352,1,0.1268,0.1268,0.0967,1.9880,0.3160,0.1655,0.2691,24
2026-03-21T17:55:20.482352,2,0.1212,0.0654,0.1212,1.6484,0.6489,0.1558,0.6299,9
2026-03-21T17:55:20.482352,3,0.0717,0.0717,0.0559,1.9398,0.3049,-0.0182,0.3044,14
2026-03-21T17:55:20.482352,4,0.0548,0.0309,0.0548,1.7370,0.5841,-0.2694,0.5182,6
2026-03-21T17:55:20.553244,0,0.0556,0.0556,0.0440,1.8755,0.5770,0.4421,0.3708,5
2026-03-21T17:55:20.553244,1,0.1267,0.1267,0.0969,1.9826,0.3196,0.1673,0.2723,24
2026-03-21T17:55:20.553244,2,0.0644,0.0644,0.0620,1.6465,0.6391,0.1595,0.6189,8
2026-03-21T17:55:20.553244,3,0.0884,0.0884,0.0711,1.9442,0.3089,-0.0215,0.3082,15
2026-03-21T17:55:20.553244,4,0.0476,0.0329,0.0476,1.7361,0.5812,-0.2682,0.5157,6
2026-03-21T17:55:20.623268,0,0.0651,0.0651,0.0414,1.8763,0.5784,0.4432,0.3716,5
2026-03-21T17:55:20.623268,1,0.1306,0.1306,0.0910,1.9842,0.3168,0.1660,0.2698,24
2026-03-21T17:55:20.623268,2,0.1117,0.0686,0.1117,1.6380,0.6502,0.1563,0.6312,9
2026-03-21T17:55:20.623268,3,0.0718,0.0718,0.0482,1.9441,0.3030,-0.0183,0.3025,14
2026-03-21T17:55:20.623268,4,0.0556,0.0289,0.0556,1.7387,0.5829,-0.2689,0.5172,6
2026-03-21T17:55:20.692824,0,0.0689,0.0689,0.0380,1.8683,0.5852,0.4484,0.3760,5
2026-03-21T17:55:20.692824,1,0.1279,0.1279,0.0965,1.9849,0.3158,0.1655,0.2690,24
2026-03-21T17:55:20.692824,2,0.0856,0.0597,0.0856,1.6475,0.6424,0.1601,0.6221,8
2026-03-21T17:55:20.692824,3,0.0720,0.0720,0.0672,1.9431,0.3045,-0.0180,0.3040,14
2026-03-21T17:55:20.692824,4,0.0905,0.0339,0.0905,1.7318,0.5925,-0.2684,0.5282,7
2026-03-21T17:55:20.761485,0,0.0542,0.0542,0.0400,1.8743,0.5788,0.4435,0.3720,5
2026-03-21T17:55:20.761485,1,0.1233,0.1233,0.0978,1.9872,0.3178,0.1664,0.2708,24
2026-03-21T17:55:20.761485,2,0.0729,0.0626,0.0729,1.6446,0.6405,0.1597,0.6202,8
2026-03-21T17:55:20.761485,3,0.0659,0.0659,0.0297,1.9412,0.3043,-0.0211,0.3036,13
2026-03-21T17:55:20.761485,4,0.0523,0.0334,0.0523,1.7318,0.5836,-0.2692,0.5178,6
2026-03-21T17:55:20.831422,0,0.0548,0.0548,0.0332,1.8774,0.5720,0.4383,0.3675,5
2026-03-21T17:55:20.831422,1,0.1265,0.1265,0.0882,1.9898,0.3161,0.1657,0.2692,24
2026-03-21T17:55:20.831422,2,0.0844,0.0593,0.0844,1.6522,0.6395,0.1594,0.6193,8
2026-03-21T17:55:20.831422,3,0.0886,0.0744,0.0886,1.9415,0.3126,-0.0183,0.3120,14
2026-03-21T17:55:20.831422,4,0.0543,0.0333,0.0543,1.7330,0.5866,-0.2706,0.5204,6
2026-03-21T17:55:20.900706,0,0.0649,0.0649,0.0319,1.8768,0.5732,0.4393,0.3682,5
2026-03-21T17:55:20.900706,1,0.1323,0.1323,0.0960,1.9872,0.3168,0.1660,0.2699,24
2026-03-21T17:55:20.900706,2,0.1279,0.0635,0.1279,1.6532,0.6488,0.1557,0.6298,9
2026-03-21T17:55:20.900706,3,0.0713,0.0713,0.0469,1.9285,0.3213,-0.0223,0.3205,13
2026-03-21T17:55:20.900706,4,0.0587,0.0309,0.0587,1.7301,0.5869,-0.2707,0.5207,6
2026-03-21T17:55:20.970293,0,0.0710,0.0710,0.0313,1.8749,0.5738,0.4398,0.3686,5
2026-03-21T17:55:20.970293,1,0.1312,0.1312,0.0957,1.9898,0.3186,0.1669,0.2714,24
2026-03-21T17:55:20.970293,2,0.0727,0.0620,0.0727,1.6494,0.6395,0.1594,0.6193,8
2026-03-21T17:55:20.970293,3,0.0771,0.0771,0.0610,1.9196,0.3326,-0.0231,0.3318,13
2026-03-21T17:55:20.970293,4,0.0618,0.0274,0.0618,1.7422,0.5829,-0.2689,0.5172,6
2026-03-21T17:55:21.039668,0,0.0608,0.0608,0.0259,1.8762,0.5686,0.4358,0.3653,5
2026-03-21T17:55:21.039668,1,0.1246,0.1246,0.1082,1.9920,0.3176,0.1662,0.2707,24
2026-03-21T17:55:21.039668,2,0.0660,0.0639,0.0660,1.6446,0.6382,0.1591,0.6181,8
2026-03-21T17:55:21.039668,3,0.0791,0.0791,0.0612,1.9164,0.3330,-0.0235,0.3321,13
2026-03-21T17:55:21.039668,4,0.0537,0.0295,0.0537,1.7413,0.5784,-0.2668,0.5132,6
2026-03-21T17:55:21.108951,0,0.0601,0.0601,0.0365,1.8814,0.5694,0.4364,0.3658,5
2026-03-21T17:55:21.108951,1,0.1326,0.1326,0.0948,1.9880,0.3167,0.1662,0.2696,24
2026-03-21T17:55:21.108951,2,0.0757,0.0614,0.0757,1.6494,0.6406,0.1597,0.6204,8
2026-03-21T17:55:21.108951,3,0.0996,0.0722,0.0996,1.9235,0.3322,-0.0163,0.3318,13
2026-03-21T17:55:21.108951,4,0.0422,0.0356,0.0422,1.7344,0.5796,-0.2674,0.5142,6
2026-03-21T17:55:21.179777,0,0.0576,0.0576,0.0252,1.8775,0.5660,0.4338,0.3636,5
2026-03-21T17:55:21.179777,1,0.1689,0.1689,0.1017,1.9864,0.3212,0.1713,0.2717,25
2026-03-21T17:55:21.179777,2,0.0649,0.0637,0.0649,1.6475,0.6376,0.1590,0.6175,8
2026-03-21T17:55:21.179777,3,0.0868,0.0868,0.0722,1.9211,0.3321,-0.0201,0.3315,14
2026-03-21T17:55:21.179777,4,0.0475,0.0334,0.0475,1.7379,0.5776,-0.2665,0.5124,6
2026-03-21T17:55:21.248704,0,0.0622,0.0622,0.0363,1.8846,0.5624,0.4310,0.3613,5
2026-03-21T17:55:21.248704,1,0.1664,0.1664,0.1013,1.9841,0.3216,0.1714,0.2721,25
2026-03-21T17:55:21.248704,2,0.0640,0.0640,0.0640,1.6465,0.6381,0.1591,0.6180,8
2026-03-21T17:55:21.248704,3,0.0882,0.0730,0.0882,1.9241,0.3290,-0.0164,0.3286,13
2026-03-21T17:55:21.248704,4,0.0564,0.0311,0.0564,1.7405,0.5791,-0.2671,0.5138,6
2026-03-21T17:55:21.318451,0,0.0637,0.0637,0.0387,1.8910,0.5576,0.4273,0.3583,5
2026-03-21T17:55:21.318451,1,0.1588,0.1588,0.1001,1.9847,0.3210,0.1710,0.2717,25
2026-03-21T17:55:21.318451,2,0.0706,0.0619,0.0706,1.6532,0.6386,0.1592,0.6185,8
2026-03-21T17:55:21.318451,3,0.0646,0.0646,0.0385,1.9261,0.3204,-0.0195,0.3198,12
2026-03-21T17:55:21.318451,4,0.0492,0.0319,0.0492,1.7405,0.5742,-0.2649,0.5095,6
2026-03-21T17:55:21.388241,0,0.0621,0.0621,0.0256,1.8853,0.5586,0.4282,0.3588,5
2026-03-21T17:55:21.388241,1,0.1232,0.1232,0.1035,1.9872,0.3188,0.1668,0.2716,24
2026-03-21T17:55:21.388241,2,0.0678,0.0628,0.0678,1.6503,0.6384,0.1592,0.6182,8
2026-03-21T17:55:21.388241,3,0.0656,0.0656,0.0320,1.9186,0.3256,-0.0198,0.3250,12
2026-03-21T17:55:21.388241,4,0.0601,0.0307,0.0601,1.7396,0.5764,-0.2659,0.5114,6
2026-03-21T17:55:21.458195,0,0.0557,0.0557,0.0250,1.8827,0.5570,0.4269,0.3579,5
2026-03-21T17:55:21.458195,1,0.1278,0.1278,0.0934,1.9874,0.3160,0.1656,0.2691,24
2026-03-21T17:55:21.458195,2,0.0855,0.0595,0.0855,1.6494,0.6389,0.1591,0.6187,8
2026-03-21T17:55:21.458195,3,0.0631,0.0631,0.0400,1.9245,0.3217,-0.0194,0.3212,12
2026-03-21T17:55:21.458195,4,0.0545,0.0289,0.0545,1.7431,0.5741,-0.2648,0.5094,6
2026-03-21T17:55:21.527891,0,0.0605,0.0605,0.0255,1.8865,0.5560,0.4262,0.3572,5
2026-03-21T17:55:21.527891,1,0.1529,0.1285,0.1529,1.9920,0.3220,0.1655,0.2762,25
2026-03-21T17:55:21.527891,2,0.0787,0.0611,0.0787,1.6475,0.6395,0.1594,0.6193,8
2026-03-21T17:55:21.527891,3,0.0786,0.0786,0.0684,1.9235,0.3258,-0.0232,0.3250,13
2026-03-21T17:55:21.527891,4,0.0643,0.0289,0.0643,1.7465,0.5732,-0.2644,0.5086,6
2026-03-21T17:55:21.598619,0,0.0617,0.0617,0.0275,1.8872,0.5514,0.4226,0.3542,5
2026-03-21T17:55:21.598619,1,0.1239,0.1239,0.0962,1.9865,0.3172,0.1661,0.2703,24
2026-03-21T17:55:21.598619,2,0.0709,0.0631,0.0709,1.6437,0.6395,0.1595,0.6193,8
2026-03-21T17:55:21.598619,3,0.0630,0.0630,0.0306,1.9201,0.3236,-0.0195,0.3230,12
2026-03-21T17:55:21.598619,4,0.0601,0.0320,0.0601,1.7396,0.5757,-0.2655,0.5109,6
2026-03-21T17:55:21.667906,0,0.0572,0.0572,0.0274,1.8891,0.5504,0.4218,0.3536,5
2026-03-21T17:55:21.667906,1,0.1657,0.1657,0.1064,1.9873,0.3201,0.1705,0.2710,25
2026-03-21T17:55:21.667906,2,0.0767,0.0612,0.0767,1.6494,0.6386,0.1592,0.6185,8
2026-03-21T17:55:21.667906,3,0.0642,0.0642,0.0320,1.9176,0.3231,-0.0197,0.3226,12
2026-03-21T17:55:21.667906,4,0.0590,0.0326,0.0590,1.7431,0.5719,-0.2638,0.5074,6
2026-03-21T17:55:21.737762,0,0.0588,0.0588,0.0252,1.8862,0.5526,0.4235,0.3550,5
2026-03-21T17:55:21.737762,1,0.1599,0.1599,0.0998,1.9873,0.3209,0.1711,0.2715,25
2026-03-21T17:55:21.737762,2,0.1327,0.0622,0.1327,1.6560,0.6466,0.1551,0.6277,9
2026-03-21T17:55:21.737762,3,0.0642,0.0642,0.0392,1.9238,0.3224,-0.0195,0.3218,12
2026-03-21T17:55:21.737762,4,0.0666,0.0315,0.0666,1.7443,0.5726,-0.2640,0.5081,6
2026-03-21T17:55:21.807169,0,0.0539,0.0539,0.0199,1.8862,0.5482,0.4201,0.3522,5
2026-03-21T17:55:21.807169,1,0.1251,0.1251,0.1004,1.9889,0.3179,0.1663,0.2710,24
2026-03-21T17:55:21.807169,2,0.0747,0.0617,0.0747,1.6484,0.6380,0.1591,0.6178,8
2026-03-21T17:55:21.807169,3,0.0855,0.0722,0.0855,1.9194,0.3280,-0.0163,0.3276,13
2026-03-21T17:55:21.807169,4,0.0644,0.0321,0.0644,1.7439,0.5751,-0.2652,0.5102,6
2026-03-21T17:55:21.876419,0,0.0579,0.0579,0.0274,1.8904,0.5500,0.4215,0.3533,5
2026-03-21T17:55:21.876419,1,0.1288,0.1288,0.0984,1.9840,0.3178,0.1664,0.2708,24
2026-03-21T17:55:21.876419,2,0.0659,0.0634,0.0659,1.6484,0.6386,0.1593,0.6184,8
2026-03-21T17:55:21.876419,3,0.0653,0.0653,0.0335,1.9221,0.3226,-0.0196,0.3220,12
2026-03-21T17:55:21.876419,4,0.0527,0.0323,0.0527,1.7422,0.5731,-0.2644,0.5084,6
2026-03-21T17:55:21.946577,0,0.0556,0.0556,0.0304,1.8894,0.5516,0.4227,0.3544,5
2026-03-21T17:55:21.946577,1,0.1271,0.1271,0.0907,1.9848,0.3186,0.1668,0.2715,24
2026-03-21T17:55:21.946577,2,0.0854,0.0591,0.0854,1.6522,0.6390,0.1592,0.6188,8
2026-03-21T17:55:21.946577,3,0.0633,0.0633,0.0345,1.9231,0.3230,-0.0195,0.3224,12
2026-03-21T17:55:21.946577,4,0.0598,0.0289,0.0598,1.7457,0.5721,-0.2638,0.5076,6
2026-03-21T17:55:22.015719,0,0.0646,0.0548,0.0646,1.8885,0.5584,0.4245,0.3628,6
2026-03-21T17:55:22.015719,1,0.1234,0.1234,0.0969,1.9816,0.3181,0.1665,0.2710,24
2026-03-21T17:55:22.015719,2,0.0793,0.0593,0.0793,1.6598,0.6354,0.1583,0.6153,8
2026-03-21T17:55:22.015719,3,0.0640,0.0640,0.0315,1.9271,0.3205,-0.0194,0.3199,12
2026-03-21T17:55:22.015719,4,0.0578,0.0291,0.0578,1.7491,0.5709,-0.2633,0.5065,6
2026-03-21T17:55:22.085208,0,0.0471,0.0471,0.0381,1.8917,0.5516,0.4226,0.3545,5
2026-03-21T17:55:22.085208,1,0.1501,0.1501,0.1009,1.9865,0.3208,0.1707,0.2716,25
2026-03-21T17:55:22.085208,2,0.0670,0.0637,0.0670,1.6446,0.6377,0.1590,0.6176,8
2026-03-21T17:55:22.085208,3,0.0816,0.0734,0.0816,1.9275,0.3262,-0.0166,0.3258,13
2026-03-21T17:55:22.085208,4,0.0471,0.0320,0.0471,1.7465,0.5689,-0.2625,0.5047,6
2026-03-21T17:55:22.154628,0,0.0589,0.0589,0.0319,1.8936,0.5504,0.4218,0.3536,5
2026-03-21T17:55:22.154628,1,0.1452,0.1452,0.0995,1.9841,0.3199,0.1702,0.2709,25
2026-03-21T17:55:22.154628,2,0.0723,0.0622,0.0723,1.6503,0.6399,0.1595,0.6197,8
2026-03-21T17:55:22.154628,3,0.0727,0.0726,0.0727,1.9226,0.3287,-0.0168,0.3282,13
2026-03-21T17:55:22.154628,4,0.0461,0.0323,0.0461,1.7474,0.5707,-0.2633,0.5064,6
2026-03-21T17:55:22.224673,0,0.0996,0.0996,0.0369,1.8892,0.5599,0.4324,0.3557,6
2026-03-21T17:55:22.224673,1,0.1480,0.1480,0.1042,1.9889,0.3201,0.1701,0.2711,25
2026-03-21T17:55:22.224673,2,0.0764,0.0603,0.0764,1.6570,0.6394,0.1594,0.6192,8
2026-03-21T17:55:22.224673,3,0.0735,0.0735,0.0707,1.9176,0.3288,-0.0168,0.3284,13
2026-03-21T17:55:22.224673,4,0.0471,0.0320,0.0471,1.7465,0.5701,-0.2630,0.5058,6
2026-03-21T17:55:22.293712,0,0.0501,0.0501,0.0249,1.8865,0.5504,0.4218,0.3536,5
2026-03-21T17:55:22.293712,1,0.1506,0.1506,0.0991,1.9857,0.3204,0.1706,0.2711,25
2026-03-21T17:55:22.293712,2,0.0659,0.0637,0.0659,1.6465,0.6391,0.1594,0.6189,8
2026-03-21T17:55:22.293712,3,0.0778,0.0743,0.0778,1.9197,0.3297,-0.0166,0.3293,13
2026-03-21T17:55:22.293712,4,0.0471,0.0322,0.0471,1.7448,0.5686,-0.2623,0.5044,6
2026-03-21T17:55:22.364538,0,0.0515,0.0515,0.0190,1.8894,0.5454,0.4180,0.3504,5
2026-03-21T17:55:22.364538,1,0.1244,0.1244,0.1085,1.9895,0.3181,0.1664,0.2711,24
2026-03-21T17:55:22.364538,2,0.0767,0.0613,0.0767,1.6484,0.6400,0.1595,0.6198,8
2026-03-21T17:55:22.364538,3,0.0644,0.0644,0.0295,1.9171,0.3258,-0.0198,0.3252,12
2026-03-21T17:55:22.364538,4,0.0752,0.0250,0.0752,1.7457,0.5779,-0.2664,0.5128,6
2026-03-21T17:55:22.433031,0,0.0587,0.0587,0.0173,1.8910,0.5462,0.4187,0.3508,5
2026-03-21T17:55:22.433031,1,0.1223,0.1223,0.0951,1.9864,0.3162,0.1655,0.2694,24
2026-03-21T17:55:22.433031,2,0.0815,0.0601,0.0815,1.6503,0.6380,0.1590,0.6179,8
2026-03-21T17:55:22.433031,3,0.0645,0.0645,0.0352,1.9258,0.3215,-0.0195,0.3209,12
2026-03-21T17:55:22.433031,4,0.0736,0.0279,0.0736,1.7422,0.5776,-0.2663,0.5125,6
2026-03-21T17:55:22.503940,0,0.0930,0.0930,0.0313,1.8894,0.5617,0.4339,0.3568,6
2026-03-21T17:55:22.503940,1,0.1498,0.1498,0.0975,1.9897,0.3183,0.1695,0.2694,25
2026-03-21T17:55:22.503940,2,0.0651,0.0644,0.0651,1.6418,0.6401,0.1597,0.6199,8
2026-03-21T17:55:22.503940,3,0.0640,0.0640,0.0350,1.9255,0.3235,-0.0196,0.3229,12
2026-03-21T17:55:22.503940,4,0.0769,0.0211,0.0769,1.7491,0.5779,-0.2664,0.5129,6
2026-03-21T17:55:22.573663,0,0.0584,0.0584,0.0276,1.8886,0.5474,0.4195,0.3517,5
2026-03-21T17:55:22.573663,1,0.1535,0.1535,0.0948,1.9832,0.3219,0.1714,0.2724,25
2026-03-21T17:55:22.573663,2,0.0670,0.0638,0.0670,1.6437,0.6419,0.1601,0.6216,8
2026-03-21T17:55:22.573663,3,0.0652,0.0652,0.0361,1.9207,0.3236,-0.0195,0.3230,12
2026-03-21T17:55:22.573663,4,0.0672,0.0284,0.0672,1.7413,0.5771,-0.2661,0.5121,6
2026-03-21T17:55:22.643421,0,0.0538,0.0538,0.0245,1.8881,0.5474,0.4195,0.3517,5
2026-03-21T17:55:22.643421,1,0.1616,0.1616,0.0998,1.9873,0.3197,0.1704,0.2705,25
2026-03-21T17:55:22.643421,2,0.1280,0.0639,0.1280,1.6503,0.6479,0.1555,0.6290,9
2026-03-21T17:55:22.643421,3,0.0812,0.0730,0.0812,1.9261,0.3279,-0.0165,0.3275,13
2026-03-21T17:55:22.643421,4,0.0904,0.0224,0.0904,1.7509,0.5767,-0.2658,0.5119,6
2026-03-21T17:55:22.713443,0,0.0579,0.0579,0.0241,1.8885,0.5506,0.4220,0.3537,5
2026-03-21T17:55:22.713443,1,0.1274,0.1274,0.1001,1.9876,0.3171,0.1660,0.2702,24
2026-03-21T17:55:22.713443,2,0.0884,0.0587,0.0884,1.6513,0.6384,0.1590,0.6182,8
2026-03-21T17:55:22.713443,3,0.0648,0.0648,0.0256,1.9201,0.3236,-0.0198,0.3230,12
2026-03-21T17:55:22.713443,4,0.0798,0.0277,0.0798,1.7439,0.5777,-0.2663,0.5127,6
2026-03-21T17:55:22.783549,0,0.0533,0.0533,0.0300,1.8917,0.5484,0.4203,0.3524,5
2026-03-21T17:55:22.783549,1,0.1261,0.1261,0.0994,1.9878,0.3163,0.1657,0.2694,24
2026-03-21T17:55:22.783549,2,0.1240,0.0645,0.1240,1.6513,0.6471,0.1553,0.6282,9
2026-03-21T17:55:22.783549,3,0.0644,0.0644,0.0320,1.9196,0.3239,-0.0197,0.3233,12
2026-03-21T17:55:22.783549,4,0.0304,0.0304,0.0275,1.7439,0.5652,-0.2653,0.4991,5
2026-03-21T17:55:22.852301,0,0.0631,0.0631,0.0276,1.8906,0.5462,0.4186,0.3509,5
2026-03-21T17:55:22.852301,1,0.1519,0.1519,0.1039,1.9848,0.3198,0.1702,0.2708,25
2026-03-21T17:55:22.852301,2,0.0727,0.0618,0.0727,1.6503,0.6374,0.1589,0.6172,8
2026-03-21T17:55:22.852301,3,0.0730,0.0730,0.0712,1.9201,0.3280,-0.0167,0.3276,13
2026-03-21T17:55:22.852301,4,0.0314,0.0314,0.0257,1.7422,0.5670,-0.2662,0.5007,5
2026-03-21T17:55:22.922124,0,0.0539,0.0539,0.0268,1.8938,0.5452,0.4178,0.3503,5
2026-03-21T17:55:22.922124,1,0.1579,0.1579,0.1019,1.9904,0.3200,0.1704,0.2709,25
2026-03-21T17:55:22.922124,2,0.0670,0.0637,0.0670,1.6446,0.6420,0.1601,0.6217,8
2026-03-21T17:55:22.922124,3,0.0642,0.0642,0.0332,1.9178,0.3253,-0.0198,0.3247,12
2026-03-21T17:55:22.922124,4,0.0324,0.0288,0.0324,1.7426,0.5694,-0.2672,0.5028,5
2026-03-21T17:55:22.991352,0,0.0546,0.0546,0.0263,1.8913,0.5454,0.4180,0.3504,5
2026-03-21T17:55:22.991352,1,0.1554,0.1554,0.0907,1.9848,0.3199,0.1704,0.2708,25
2026-03-21T17:55:22.991352,2,0.0664,0.0634,0.0664,1.6513,0.6371,0.1589,0.6170,8
2026-03-21T17:55:22.991352,3,0.0724,0.0724,0.0697,1.9176,0.3280,-0.0167,0.3276,13
2026-03-21T17:55:22.991352,4,0.0372,0.0252,0.0372,1.7491,0.5646,-0.2649,0.4986,5
2026-03-21T17:55:23.060873,0,0.0526,0.0526,0.0184,1.8894,0.5458,0.4183,0.3506,5
2026-03-21T17:55:23.060873,1,0.1495,0.1495,0.0954,1.9866,0.3191,0.1699,0.2701,25
2026-03-21T17:55:23.060873,2,0.0647,0.0647,0.0611,1.6456,0.6374,0.1590,0.6172,8
2026-03-21T17:55:23.060873,3,0.0757,0.0739,0.0757,1.9246,0.3279,-0.0166,0.3275,13
2026-03-21T17:55:23.060873,4,0.0306,0.0301,0.0306,1.7443,0.5630,-0.2643,0.4972,5
2026-03-21T17:55:23.130762,0,0.0555,0.0555,0.0268,1.8885,0.5500,0.4215,0.3534,5
2026-03-21T17:55:23.130762,1,0.1623,0.1623,0.0993,1.9886,0.3202,0.1704,0.2711,25
2026-03-21T17:55:23.130762,2,0.0647,0.0647,0.0621,1.6446,0.6380,0.1592,0.6178,8
2026-03-21T17:55:23.130762,3,0.0633,0.0633,0.0300,1.9245,0.3216,-0.0195,0.3210,12
2026-03-21T17:55:23.130762,4,0.0320,0.0320,0.0238,1.7457,0.5654,-0.2654,0.4993,5
2026-03-21T17:55:23.199882,0,0.0587,0.0587,0.0263,1.8906,0.5488,0.4206,0.3526,5
2026-03-21T17:55:23.199882,1,0.1630,0.1630,0.1003,1.9888,0.3200,0.1704,0.2709,25
2026-03-21T17:55:23.199882,2,0.0815,0.0600,0.0815,1.6513,0.6381,0.1590,0.6180,8
2026-03-21T17:55:23.199882,3,0.0645,0.0645,0.0290,1.9226,0.3228,-0.0197,0.3222,12
2026-03-21T17:55:23.199882,4,0.0306,0.0306,0.0276,1.7413,0.5688,-0.2670,0.5023,5
2026-03-21T17:55:23.269614,0,0.0571,0.0571,0.0270,1.8906,0.5476,0.4197,0.3518,5
2026-03-21T17:55:23.269614,1,0.1186,0.1186,0.0987,1.9872,0.3170,0.1657,0.2702,24
2026-03-21T17:55:23.269614,2,0.1204,0.0664,0.1204,1.6427,0.6476,0.1554,0.6286,9
2026-03-21T17:55:23.269614,3,0.0647,0.0647,0.0385,1.9241,0.3226,-0.0196,0.3221,12
2026-03-21T17:55:23.269614,4,0.0851,0.0253,0.0851,1.7474,0.5772,-0.2660,0.5123,6
2026-03-21T17:55:23.339477,0,0.0524,0.0524,0.0281,1.8891,0.5496,0.4212,0.3531,5
2026-03-21T17:55:23.339477,1,0.1617,0.1617,0.0936,1.9858,0.3201,0.1707,0.2708,25
2026-03-21T17:55:23.339477,2,0.0786,0.0608,0.0786,1.6494,0.6385,0.1591,0.6183,8
2026-03-21T17:55:23.339477,3,0.0650,0.0650,0.0340,1.9235,0.3215,-0.0196,0.3209,12
2026-03-21T17:55:23.339477,4,0.0745,0.0287,0.0745,1.7422,0.5784,-0.2667,0.5133,6
2026-03-21T17:55:23.409680,0,0.0601,0.0601,0.0256,1.8919,0.5450,0.4177,0.3501,5
2026-03-21T17:55:23.409680,1,0.1602,0.1602,0.1052,1.9880,0.3214,0.1712,0.2719,25
2026-03-21T17:55:23.409680,2,0.0796,0.0606,0.0796,1.6494,0.6386,0.1592,0.6185,8
2026-03-21T17:55:23.409680,3,0.0651,0.0651,0.0265,1.9191,0.3249,-0.0198,0.3243,12
2026-03-21T17:55:23.409680,4,0.0312,0.0288,0.0312,1.7413,0.5686,-0.2669,0.5021,5
2026-03-21T17:55:23.478970,0,0.0571,0.0571,0.0236,1.8853,0.5520,0.4231,0.3546,5
2026-03-21T17:55:23.478970,1,0.1611,0.1611,0.0959,1.9881,0.3198,0.1705,0.2705,25
2026-03-21T17:55:23.478970,2,0.0902,0.0578,0.0902,1.6551,0.6367,0.1586,0.6167,8
2026-03-21T17:55:23.478970,3,0.0647,0.0647,0.0295,1.9191,0.3245,-0.0198,0.3239,12
2026-03-21T17:55:23.478970,4,0.0338,0.0273,0.0338,1.7439,0.5658,-0.2655,0.4997,5
2026-03-21T17:55:23.548776,0,0.0601,0.0601,0.0269,1.8913,0.5476,0.4197,0.3518,5
2026-03-21T17:55:23.548776,1,0.1581,0.1581,0.0925,1.9856,0.3194,0.1703,0.2702,25
2026-03-21T17:55:23.548776,2,0.1278,0.0632,0.1278,1.6551,0.6457,0.1549,0.6268,9
2026-03-21T17:55:23.548776,3,0.0631,0.0631,0.0352,1.9248,0.3215,-0.0196,0.3209,12
2026-03-21T17:55:23.548776,4,0.0408,0.0266,0.0408,1.7483,0.5648,-0.2650,0.4988,5
2026-03-21T17:55:23.618365,0,0.0662,0.0662,0.0320,1.8951,0.5452,0.4178,0.3503,5
2026-03-21T17:55:23.618365,1,0.1655,0.1655,0.0835,1.9841,0.3213,0.1713,0.2718,25
2026-03-21T17:55:23.618365,2,0.0806,0.0606,0.0806,1.6484,0.6389,0.1593,0.6187,8
2026-03-21T17:55:23.618365,3,0.0652,0.0652,0.0342,1.9218,0.3236,-0.0197,0.3230,12
2026-03-21T17:55:23.618365,4,0.0709,0.0274,0.0709,1.7413,0.5762,-0.2656,0.5114,6
2026-03-21T17:55:23.687877,0,0.0495,0.0495,0.0274,1.8904,0.5498,0.4213,0.3533,5
2026-03-21T17:55:23.687877,1,0.1506,0.1506,0.1059,1.9897,0.3198,0.1702,0.2708,25
2026-03-21T17:55:23.687877,2,0.0708,0.0625,0.0708,1.6484,0.6397,0.1595,0.6195,8
2026-03-21T17:55:23.687877,3,0.0815,0.0730,0.0815,1.9264,0.3270,-0.0165,0.3265,13
2026-03-21T17:55:23.687877,4,0.0794,0.0288,0.0794,1.7426,0.5761,-0.2655,0.5112,6
2026-03-21T17:55:23.757692,0,0.0553,0.0553,0.0334,1.8904,0.5464,0.4187,0.3511,5
2026-03-21T17:55:23.757692,1,0.1644,0.1644,0.0983,1.9858,0.3205,0.1708,0.2712,25
2026-03-21T17:55:23.757692,2,0.0669,0.0635,0.0669,1.6465,0.6400,0.1596,0.6198,8
2026-03-21T17:55:23.757692,3,0.0647,0.0647,0.0270,1.9216,0.3242,-0.0198,0.3236,12
2026-03-21T17:55:23.757692,4,0.0894,0.0206,0.0894,1.7517,0.5772,-0.2660,0.5123,6
2026-03-21T17:55:23.827816,0,0.0572,0.0572,0.0308,1.8932,0.5478,0.4198,0.3520,5
2026-03-21T17:55:23.827816,1,0.1529,0.1529,0.0946,1.9849,0.3199,0.1705,0.2707,25
2026-03-21T17:55:23.827816,2,0.0652,0.0652,0.0602,1.6437,0.6389,0.1594,0.6187,8
2026-03-21T17:55:23.827816,3,0.0767,0.0738,0.0767,1.9226,0.3284,-0.0168,0.3280,13
2026-03-21T17:55:23.827816,4,0.0741,0.0278,0.0741,1.7491,0.5712,-0.2634,0.5069,6
2026-03-21T17:55:23.898096,0,0.0507,0.0507,0.0237,1.8900,0.5458,0.4183,0.3507,5
2026-03-21T17:55:23.898096,1,0.1442,0.1442,0.1050,1.9897,0.3196,0.1701,0.2705,25
2026-03-21T17:55:23.898096,2,0.0689,0.0630,0.0689,1.6475,0.6372,0.1589,0.6171,8
2026-03-21T17:55:23.898096,3,0.0739,0.0739,0.0712,1.9171,0.3287,-0.0168,0.3282,13
2026-03-21T17:55:23.898096,4,0.0867,0.0224,0.0867,1.7509,0.5771,-0.2659,0.5121,6
2026-03-21T17:55:23.968307,0,0.0608,0.0608,0.0222,1.8913,0.5448,0.4176,0.3500,5
2026-03-21T17:55:23.968307,1,0.1432,0.1432,0.0965,1.9849,0.3203,0.1705,0.2711,25
2026-03-21T17:55:23.968307,2,0.0666,0.0638,0.0666,1.6465,0.6397,0.1595,0.6195,8
2026-03-21T17:55:23.968307,3,0.0649,0.0649,0.0310,1.9265,0.3231,-0.0198,0.3225,12
2026-03-21T17:55:23.968307,4,0.0318,0.0278,0.0318,1.7491,0.5634,-0.2644,0.4975,5
2026-03-21T17:55:24.037929,0,0.0548,0.0548,0.0352,1.8949,0.5488,0.4206,0.3526,5
2026-03-21T17:55:24.037929,1,0.1533,0.1533,0.1028,1.9874,0.3198,0.1704,0.2707,25
2026-03-21T17:55:24.037929,2,0.0684,0.0627,0.0684,1.6513,0.6355,0.1584,0.6154,8
2026-03-21T17:55:24.037929,3,0.0816,0.0726,0.0816,1.9255,0.3269,-0.0165,0.3265,13
2026-03-21T17:55:24.037929,4,0.0814,0.0221,0.0814,1.7491,0.5759,-0.2654,0.5111,6
2026-03-21T17:55:24.106422,0,0.0442,0.0442,0.0227,1.8898,0.5472,0.4193,0.3516,5
2026-03-21T17:55:24.106422,1,0.1514,0.1514,0.1061,1.9889,0.3190,0.1696,0.2702,25
2026-03-21T17:55:24.106422,2,0.0669,0.0633,0.0669,1.6475,0.6376,0.1590,0.6175,8
2026-03-21T17:55:24.106422,3,0.0653,0.0653,0.0330,1.9186,0.3252,-0.0198,0.3246,12
2026-03-21T17:55:24.106422,4,0.0717,0.0291,0.0717,1.7439,0.5739,-0.2646,0.5093,6
2026-03-21T17:55:24.176489,0,0.0599,0.0599,0.0208,1.8932,0.5414,0.4150,0.3478,5
2026-03-21T17:55:24.176489,1,0.1534,0.1534,0.0961,1.9883,0.3199,0.1703,0.2708,25
2026-03-21T17:55:24.176489,2,0.0775,0.0604,0.0775,1.6541,0.6380,0.1590,0.6179,8
2026-03-21T17:55:24.176489,3,0.0644,0.0644,0.0240,1.9186,0.3233,-0.0198,0.3227,12
2026-03-21T17:55:24.176489,4,0.0868,0.0243,0.0868,1.7491,0.5781,-0.2664,0.5130,6
2026-03-21T17:55:24.245379,0,0.0453,0.0453,0.0333,1.8963,0.5432,0.4162,0.3491,5
2026-03-21T17:55:24.245379,1,0.1445,0.1445,0.1049,1.9915,0.3198,0.1700,0.2708,25
2026-03-21T17:55:24.245379,2,0.0647,0.0647,0.0621,1.6446,0.6366,0.1587,0.6165,8
2026-03-21T17:55:24.245379,3,0.0635,0.0635,0.0195,1.9201,0.3215,-0.0196,0.3209,12
2026-03-21T17:55:24.245379,4,0.0305,0.0305,0.0264,1.7483,0.5626,-0.2641,0.4968,5
2026-03-21T17:55:24.314680,0,0.0602,0.0602,0.0293,1.8930,0.5472,0.4194,0.3515,5
2026-03-21T17:55:24.314680,1,0.1612,0.1612,0.1043,1.9881,0.3209,0.1709,0.2716,25
2026-03-21T17:55:24.314680,2,0.0650,0.0640,0.0650,1.6456,0.6366,0.1587,0.6165,8
2026-03-21T17:55:24.314680,3,0.0846,0.0745,0.0846,1.9255,0.3263,-0.0165,0.3259,13
2026-03-21T17:55:24.314680,4,0.0910,0.0230,0.0910,1.7561,0.5739,-0.2645,0.5093,6
2026-03-21T17:55:24.383874,0,0.0570,0.0570,0.0313,1.8923,0.5472,0.4193,0.3516,5
2026-03-21T17:55:24.383874,1,0.1484,0.1484,0.0932,1.9845,0.3208,0.1708,0.2716,25
2026-03-21T17:55:24.383874,2,0.0767,0.0613,0.0767,1.6484,0.6380,0.1591,0.6178,8
2026-03-21T17:55:24.383874,3,0.0645,0.0645,0.0295,1.9231,0.3236,-0.0198,0.3230,12
2026-03-21T17:55:24.383874,4,0.0868,0.0238,0.0868,1.7500,0.5757,-0.2653,0.5110,6
2026-03-21T17:55:24.454654,0,0.0630,0.0630,0.0314,1.8951,0.5442,0.4171,0.3496,5
2026-03-21T17:55:24.454654,1,0.1238,0.1238,0.1142,1.9904,0.3153,0.1649,0.2688,24
2026-03-21T17:55:24.454654,2,0.0668,0.0630,0.0668,1.6503,0.6379,0.1591,0.6177,8
2026-03-21T17:55:24.454654,3,0.0646,0.0646,0.0325,1.9241,0.3217,-0.0197,0.3211,12
2026-03-21T17:55:24.454654,4,0.0399,0.0252,0.0399,1.7491,0.5628,-0.2641,0.4970,5
2026-03-21T17:55:24.524063,0,0.0493,0.0493,0.0273,1.8917,0.5464,0.4187,0.3511,5
2026-03-21T17:55:24.524063,1,0.1602,0.1602,0.1121,1.9912,0.3203,0.1705,0.2711,25
2026-03-21T17:55:24.524063,2,0.0670,0.0636,0.0670,1.6456,0.6367,0.1588,0.6166,8
2026-03-21T17:55:24.524063,3,0.0640,0.0640,0.0275,1.9221,0.3238,-0.0197,0.3232,12
2026-03-21T17:55:24.524063,4,0.0773,0.0252,0.0773,1.7496,0.5726,-0.2639,0.5081,6
2026-03-21T17:55:24.593357,0,0.0506,0.0506,0.0294,1.8898,0.5460,0.4184,0.3509,5
2026-03-21T17:55:24.593357,1,0.1418,0.1418,0.0981,1.9865,0.3177,0.1690,0.2690,25
2026-03-21T17:55:24.593357,2,0.0736,0.0613,0.0736,1.6532,0.6345,0.1582,0.6145,8
2026-03-21T17:55:24.593357,3,0.0660,0.0660,0.0405,1.9311,0.3231,-0.0197,0.3225,12
2026-03-21T17:55:24.593357,4,0.0670,0.0275,0.0670,1.7474,0.5736,-0.2645,0.5090,6
2026-03-21T17:55:24.663656,0,0.0649,0.0564,0.0649,1.8894,0.5589,0.4249,0.3631,6
2026-03-21T17:55:24.663656,1,0.1515,0.1515,0.1009,1.9903,0.3206,0.1709,0.2713,25
2026-03-21T17:55:24.663656,2,0.0688,0.0628,0.0688,1.6484,0.6375,0.1589,0.6174,8
2026-03-21T17:55:24.663656,3,0.0862,0.0740,0.0862,1.9221,0.3297,-0.0166,0.3292,13
2026-03-21T17:55:24.663656,4,0.0751,0.0257,0.0751,1.7483,0.5741,-0.2647,0.5094,6
2026-03-21T17:55:24.733552,0,0.0587,0.0587,0.0252,1.8869,0.5512,0.4224,0.3541,5
2026-03-21T17:55:24.733552,1,0.1400,0.1400,0.1063,1.9872,0.3185,0.1693,0.2698,25
2026-03-21T17:55:24.733552,2,0.0651,0.0644,0.0651,1.6418,0.6406,0.1598,0.6204,8
2026-03-21T17:55:24.733552,3,0.0648,0.0648,0.0212,1.9178,0.3229,-0.0198,0.3223,12
2026-03-21T17:55:24.733552,4,0.0661,0.0271,0.0661,1.7474,0.5717,-0.2636,0.5073,6
2026-03-21T17:55:24.803788,0,0.0579,0.0579,0.0274,1.8898,0.5490,0.4207,0.3527,5
2026-03-21T17:55:24.803788,1,0.1576,0.1576,0.1004,1.9860,0.3191,0.1700,0.2701,25
2026-03-21T17:55:24.803788,2,0.0786,0.0606,0.0786,1.6513,0.6409,0.1597,0.6206,8
2026-03-21T17:55:24.803788,3,0.0644,0.0644,0.0335,1.9231,0.3231,-0.0197,0.3225,12
2026-03-21T17:55:24.803788,4,0.0745,0.0305,0.0745,1.7422,0.5767,-0.2659,0.5118,6
2026-03-21T17:55:24.873650,0,0.0556,0.0556,0.0314,1.8944,0.5470,0.4192,0.3515,5
2026-03-21T17:55:24.873650,1,0.1612,0.1612,0.1029,1.9857,0.3191,0.1701,0.2700,25
2026-03-21T17:55:24.873650,2,0.0775,0.0607,0.0775,1.6522,0.6372,0.1588,0.6171,8
2026-03-21T17:55:24.873650,3,0.0647,0.0647,0.0341,1.9197,0.3246,-0.0197,0.3240,12
2026-03-21T17:55:24.873650,4,0.0860,0.0222,0.0860,1.7483,0.5789,-0.2668,0.5138,6
2026-03-21T17:55:24.944595,0,0.0508,0.0508,0.0209,1.8906,0.5454,0.4180,0.3504,5
2026-03-21T17:55:24.944595,1,0.1232,0.1232,0.1042,1.9889,0.3170,0.1659,0.2702,24
2026-03-21T17:55:24.944595,2,0.0669,0.0635,0.0669,1.6465,0.6377,0.1591,0.6176,8
2026-03-21T17:55:24.944595,3,0.0654,0.0654,0.0331,1.9257,0.3213,-0.0195,0.3207,12
2026-03-21T17:55:24.944595,4,0.0345,0.0266,0.0345,1.7483,0.5652,-0.2653,0.4991,5
2026-03-21T17:55:25.013915,0,0.0539,0.0539,0.0266,1.8936,0.5442,0.4171,0.3496,5
2026-03-21T17:55:25.013915,1,0.1512,0.1512,0.1085,1.9904,0.3200,0.1705,0.2708,25
2026-03-21T17:55:25.013915,2,0.0649,0.0649,0.0621,1.6427,0.6406,0.1599,0.6203,8
2026-03-21T17:55:25.013915,3,0.0649,0.0649,0.0280,1.9206,0.3235,-0.0197,0.3229,12
2026-03-21T17:55:25.013915,4,0.0301,0.0289,0.0301,1.7457,0.5644,-0.2649,0.4984,5
2026-03-21T17:55:25.082996,0,0.0653,0.0569,0.0653,1.8891,0.5554,0.4222,0.3608,6
2026-03-21T17:55:25.082996,1,0.1505,0.1505,0.1001,1.9848,0.3205,0.1707,0.2713,25
2026-03-21T17:55:25.082996,2,0.0654,0.0654,0.0648,1.6385,0.6395,0.1595,0.6193,8
2026-03-21T17:55:25.082996,3,0.0658,0.0658,0.0281,1.9197,0.3237,-0.0198,0.3231,12
2026-03-21T17:55:25.082996,4,0.0698,0.0254,0.0698,1.7457,0.5736,-0.2644,0.5090,6
2026-03-21T17:55:25.152288,0,0.0533,0.0533,0.0283,1.8906,0.5502,0.4216,0.3535,5
2026-03-21T17:55:25.152288,1,0.1477,0.1477,0.1001,1.9876,0.3199,0.1703,0.2708,25
2026-03-21T17:55:25.152288,2,0.0706,0.0619,0.0706,1.6532,0.6387,0.1593,0.6186,8
2026-03-21T17:55:25.152288,3,0.0637,0.0637,0.0241,1.9187,0.3216,-0.0196,0.3210,12
2026-03-21T17:55:25.152288,4,0.0875,0.0218,0.0875,1.7535,0.5749,-0.2649,0.5102,6
2026-03-21T17:55:25.221833,0,0.0547,0.0547,0.0261,1.8891,0.5488,0.4206,0.3526,5
2026-03-21T17:55:25.221833,1,0.1596,0.1596,0.0913,1.9826,0.3203,0.1708,0.2709,25
2026-03-21T17:55:25.221833,2,0.0655,0.0655,0.0602,1.6408,0.6400,0.1597,0.6197,8
2026-03-21T17:55:25.221833,3,0.0660,0.0660,0.0336,1.9201,0.3235,-0.0198,0.3229,12
2026-03-21T17:55:25.221833,4,0.0661,0.0258,0.0661,1.7474,0.5719,-0.2637,0.5075,6
2026-03-21T17:55:25.290314,0,0.0632,0.0547,0.0632,1.8925,0.5536,0.4208,0.3596,6
2026-03-21T17:55:25.290314,1,0.1564,0.1564,0.0981,1.9875,0.3187,0.1697,0.2698,25
2026-03-21T17:55:25.290314,2,0.0643,0.0643,0.0640,1.6446,0.6387,0.1593,0.6185,8
2026-03-21T17:55:25.290314,3,0.0715,0.0715,0.0647,1.9206,0.3264,-0.0165,0.3259,13
2026-03-21T17:55:25.290314,4,0.0786,0.0283,0.0786,1.7509,0.5726,-0.2639,0.5081,6
2026-03-21T17:55:25.360109,0,0.0477,0.0477,0.0306,1.8943,0.5450,0.4176,0.3502,5
2026-03-21T17:55:25.360109,1,0.1519,0.1519,0.1042,1.9889,0.3195,0.1701,0.2705,25
2026-03-21T17:55:25.360109,2,0.0647,0.0647,0.0627,1.6456,0.6382,0.1592,0.6181,8
2026-03-21T17:55:25.360109,3,0.0786,0.0731,0.0786,1.9255,0.3257,-0.0165,0.3253,13
2026-03-21T17:55:25.360109,4,0.0722,0.0247,0.0722,1.7509,0.5717,-0.2636,0.5074,6
2026-03-21T17:55:25.429713,0,0.0509,0.0509,0.0251,1.8888,0.5488,0.4206,0.3526,5
2026-03-21T17:55:25.429713,1,0.1505,0.1505,0.1026,1.9883,0.3200,0.1703,0.2709,25
2026-03-21T17:55:25.429713,2,0.0647,0.0647,0.0631,1.6427,0.6371,0.1589,0.6170,8
2026-03-21T17:55:25.429713,3,0.0647,0.0647,0.0311,1.9207,0.3235,-0.0196,0.3229,12
2026-03-21T17:55:25.429713,4,0.0814,0.0257,0.0814,1.7483,0.5736,-0.2644,0.5090,6
2026-03-21T17:55:25.499966,0,0.0585,0.0585,0.0283,1.8906,0.5470,0.4192,0.3514,5
2026-03-21T17:55:25.499966,1,0.1560,0.1560,0.1012,1.9849,0.3195,0.1701,0.2705,25
2026-03-21T17:55:25.499966,2,0.0649,0.0635,0.0649,1.6494,0.6387,0.1593,0.6185,8
2026-03-21T17:55:25.499966,3,0.0752,0.0740,0.0752,1.9201,0.3287,-0.0168,0.3282,13
2026-03-21T17:55:25.499966,4,0.0329,0.0329,0.0268,1.7496,0.5628,-0.2642,0.4970,5
2026-03-21T17:55:25.569249,0,0.0649,0.0549,0.0649,1.8949,0.5546,0.4216,0.3603,6
2026-03-21T17:55:25.569249,1,0.1403,0.1403,0.0969,1.9872,0.3184,0.1694,0.2697,25
2026-03-21T17:55:25.569249,2,0.0642,0.0642,0.0640,1.6456,0.6400,0.1596,0.6198,8
2026-03-21T17:55:25.569249,3,0.0767,0.0737,0.0767,1.9216,0.3295,-0.0168,0.3291,13
2026-03-21T17:55:25.569249,4,0.0663,0.0318,0.0663,1.7431,0.5734,-0.2644,0.5088,6
2026-03-21T17:55:25.639830,0,0.0440,0.0440,0.0274,1.8898,0.5488,0.4205,0.3527,5
2026-03-21T17:55:25.639830,1,0.1428,0.1428,0.1058,1.9905,0.3205,0.1705,0.2713,25
2026-03-21T17:55:25.639830,2,0.0679,0.0630,0.0679,1.6484,0.6371,0.1589,0.6170,8
2026-03-21T17:55:25.639830,3,0.0643,0.0643,0.0375,1.9300,0.3214,-0.0195,0.3208,12
2026-03-21T17:55:25.639830,4,0.0726,0.0318,0.0726,1.7422,0.5752,-0.2652,0.5104,6
2026-03-21T17:55:25.710220,0,0.0564,0.0564,0.0319,1.8949,0.5458,0.4183,0.3507,5
2026-03-21T17:55:25.710220,1,0.1491,0.1491,0.1136,1.9880,0.3203,0.1704,0.2712,25
2026-03-21T17:55:25.710220,2,0.0717,0.0622,0.0717,1.6494,0.6395,0.1595,0.6193,8
2026-03-21T17:55:25.710220,3,0.0649,0.0649,0.0252,1.9208,0.3228,-0.0198,0.3222,12
2026-03-21T17:55:25.710220,4,0.0855,0.0219,0.0855,1.7587,0.5707,-0.2631,0.5065,6
2026-03-21T17:55:25.780599,0,0.0561,0.0561,0.0302,1.8925,0.5438,0.4167,0.3494,5
2026-03-21T17:55:25.780599,1,0.1483,0.1483,0.0961,1.9864,0.3189,0.1698,0.2699,25
2026-03-21T17:55:25.780599,2,0.0649,0.0636,0.0649,1.6484,0.6364,0.1587,0.6162,8
2026-03-21T17:55:25.780599,3,0.0648,0.0648,0.0256,1.9201,0.3227,-0.0197,0.3220,12
2026-03-21T17:55:25.780599,4,0.0681,0.0304,0.0681,1.7431,0.5752,-0.2652,0.5104,6
2026-03-21T17:55:25.850384,0,0.0537,0.0537,0.0308,1.8898,0.5466,0.4189,0.3512,5
2026-03-21T17:55:25.850384,1,0.1533,0.1533,0.1072,1.9928,0.3192,0.1699,0.2703,25
2026-03-21T17:55:25.850384,2,0.0648,0.0648,0.0621,1.6437,0.6379,0.1592,0.6177,8
2026-03-21T17:55:25.850384,3,0.0876,0.0876,0.0788,1.9271,0.3319,-0.0204,0.3313,14
2026-03-21T17:55:25.850384,4,0.0716,0.0294,0.0716,1.7457,0.5731,-0.2642,0.5085,6
2026-03-21T17:55:25.920087,0,0.0539,0.0539,0.0250,1.8853,0.5502,0.4216,0.3535,5
2026-03-21T17:55:25.920087,1,0.1494,0.1494,0.1019,1.9876,0.3201,0.1703,0.2710,25
2026-03-21T17:55:25.920087,2,0.0679,0.0632,0.0679,1.6475,0.6397,0.1595,0.6195,8
2026-03-21T17:55:25.920087,3,0.0645,0.0645,0.0310,1.9245,0.3227,-0.0197,0.3220,12
2026-03-21T17:55:25.920087,4,0.0292,0.0292,0.0291,1.7483,0.5624,-0.2640,0.4966,5
2026-03-21T17:55:25.989325,0,0.0493,0.0493,0.0332,1.8955,0.5444,0.4172,0.3498,5
2026-03-21T17:55:25.989325,1,0.1447,0.1447,0.0962,1.9874,0.3204,0.1704,0.2713,25
2026-03-21T17:55:25.989325,2,0.0708,0.0625,0.0708,1.6484,0.6387,0.1593,0.6186,8
2026-03-21T17:55:25.989325,3,0.0839,0.0733,0.0839,1.9228,0.3270,-0.0164,0.3266,13
2026-03-21T17:55:25.989325,4,0.0749,0.0263,0.0749,1.7517,0.5727,-0.2640,0.5082,6
2026-03-21T17:55:26.058922,0,0.0530,0.0530,0.0221,1.8898,0.5454,0.4180,0.3504,5
2026-03-21T17:55:26.058922,1,0.1529,0.1529,0.1033,1.9880,0.3189,0.1697,0.2700,25
2026-03-21T17:55:26.058922,2,0.0689,0.0632,0.0689,1.6456,0.6392,0.1594,0.6190,8
2026-03-21T17:55:26.058922,3,0.0640,0.0640,0.0240,1.9245,0.3215,-0.0196,0.3209,12
2026-03-21T17:55:26.058922,4,0.0652,0.0281,0.0652,1.7457,0.5734,-0.2644,0.5088,6
2026-03-21T17:55:26.127741,0,0.0374,0.0374,0.0307,1.8923,0.5432,0.4162,0.3491,5
2026-03-21T17:55:26.127741,1,0.1511,0.1511,0.1044,1.9872,0.3201,0.1702,0.2711,25
2026-03-21T17:55:26.127741,2,0.0659,0.0637,0.0659,1.6465,0.6371,0.1589,0.6170,8
2026-03-21T17:55:26.127741,3,0.0656,0.0656,0.0392,1.9248,0.3220,-0.0196,0.3214,12
2026-03-21T17:55:26.127741,4,0.0734,0.0303,0.0734,1.7457,0.5716,-0.2635,0.5072,6
2026-03-21T17:55:26.195814,0,0.0508,0.0508,0.0301,1.8944,0.5442,0.4170,0.3497,5
2026-03-21T17:55:26.195814,1,0.1519,0.1519,0.1039,1.9895,0.3200,0.1703,0.2709,25
2026-03-21T17:55:26.195814,2,0.0755,0.0607,0.0755,1.6551,0.6384,0.1592,0.6182,8
2026-03-21T17:55:26.195814,3,0.0872,0.0728,0.0872,1.9241,0.3261,-0.0164,0.3257,13
2026-03-21T17:55:26.195814,4,0.0762,0.0268,0.0762,1.7448,0.5759,-0.2655,0.5111,6
2026-03-21T17:55:26.267264,0,0.0533,0.0533,0.0183,1.8906,0.5440,0.4169,0.3495,5
2026-03-21T17:55:26.267264,1,0.1504,0.1504,0.0927,1.9858,0.3188,0.1697,0.2699,25
2026-03-21T17:55:26.267264,2,0.0648,0.0648,0.0621,1.6437,0.6390,0.1594,0.6188,8
2026-03-21T17:55:26.267264,3,0.0806,0.0730,0.0806,1.9255,0.3277,-0.0166,0.3273,13
2026-03-21T17:55:26.267264,4,0.0670,0.0284,0.0670,1.7474,0.5719,-0.2637,0.5075,6
2026-03-21T17:55:26.335942,0,0.0700,0.0455,0.0700,1.8932,0.5557,0.4224,0.3611,6
2026-03-21T17:55:26.335942,1,0.1581,0.1581,0.0909,1.9840,0.3206,0.1708,0.2713,25
2026-03-21T17:55:26.335942,2,0.1289,0.0633,0.1289,1.6532,0.6469,0.1552,0.6280,9
2026-03-21T17:55:26.335942,3,0.0644,0.0644,0.0360,1.9255,0.3209,-0.0196,0.3203,12
2026-03-21T17:55:26.335942,4,0.0848,0.0244,0.0848,1.7535,0.5729,-0.2641,0.5084,6
2026-03-21T17:55:26.405900,0,0.0539,0.0539,0.0196,1.8906,0.5446,0.4174,0.3499,5
2026-03-21T17:55:26.405900,1,0.1547,0.1547,0.1016,1.9872,0.3202,0.1705,0.2711,25
2026-03-21T17:55:26.405900,2,0.0645,0.0645,0.0631,1.6446,0.6392,0.1594,0.6190,8
2026-03-21T17:55:26.405900,3,0.0641,0.0641,0.0332,1.9177,0.3231,-0.0195,0.3225,12
2026-03-21T17:55:26.405900,4,0.0742,0.0261,0.0742,1.7483,0.5744,-0.2648,0.5097,6
2026-03-21T17:55:26.475541,0,0.0525,0.0525,0.0187,1.8910,0.5440,0.4170,0.3495,5
2026-03-21T17:55:26.475541,1,0.1480,0.1480,0.1088,1.9888,0.3189,0.1697,0.2700,25
2026-03-21T17:55:26.475541,2,0.0775,0.0604,0.0775,1.6541,0.6412,0.1598,0.6210,8
2026-03-21T17:55:26.475541,3,0.0649,0.0649,0.0270,1.9235,0.3223,-0.0196,0.3217,12
2026-03-21T17:55:26.475541,4,0.0697,0.0258,0.0697,1.7465,0.5716,-0.2635,0.5072,6
2026-03-21T17:55:26.544869,0,0.0523,0.0523,0.0270,1.8900,0.5464,0.4187,0.3511,5
2026-03-21T17:55:26.544869,1,0.1428,0.1428,0.1011,1.9858,0.3200,0.1701,0.2710,25
2026-03-21T17:55:26.544869,2,0.0669,0.0635,0.0669,1.6465,0.6390,0.1594,0.6188,8
2026-03-21T17:55:26.544869,3,0.0643,0.0643,0.0278,1.9184,0.3234,-0.0197,0.3228,12
2026-03-21T17:55:26.544869,4,0.0726,0.0291,0.0726,1.7431,0.5764,-0.2657,0.5115,6
2026-03-21T17:55:26.614490,0,0.0544,0.0544,0.0233,1.8930,0.5412,0.4148,0.3477,5
2026-03-21T17:55:26.614490,1,0.1588,0.1588,0.0996,1.9880,0.3210,0.1711,0.2716,25
2026-03-21T17:55:26.614490,2,0.0648,0.0633,0.0648,1.6513,0.6359,0.1586,0.6158,8
2026-03-21T17:55:26.614490,3,0.0719,0.0718,0.0719,1.9258,0.3260,-0.0165,0.3256,13
2026-03-21T17:55:26.614490,4,0.0767,0.0246,0.0767,1.7517,0.5732,-0.2643,0.5087,6
2026-03-21T17:55:26.685252,0,0.0663,0.0478,0.0663,1.8949,0.5514,0.4192,0.3583,6
2026-03-21T17:55:26.685252,1,0.1454,0.1454,0.1057,1.9904,0.3201,0.1702,0.2711,25
2026-03-21T17:55:26.685252,2,0.0665,0.0632,0.0665,1.6503,0.6361,0.1586,0.6160,8
2026-03-21T17:55:26.685252,3,0.0643,0.0643,0.0230,1.9196,0.3236,-0.0197,0.3230,12
2026-03-21T17:55:26.685252,4,0.0805,0.0265,0.0805,1.7491,0.5736,-0.2644,0.5090,6
2026-03-21T17:55:26.755045,0,0.0548,0.0548,0.0316,1.8919,0.5478,0.4198,0.3520,5
2026-03-21T17:55:26.755045,1,0.1526,0.1526,0.1021,1.9840,0.3210,0.1709,0.2718,25
2026-03-21T17:55:26.755045,2,0.0651,0.0651,0.0612,1.6427,0.6386,0.1593,0.6184,8
2026-03-21T17:55:26.755045,3,0.0725,0.0725,0.0687,1.9186,0.3284,-0.0167,0.3280,13
2026-03-21T17:55:26.755045,4,0.0327,0.0274,0.0327,1.7491,0.5658,-0.2655,0.4996,5
2026-03-21T17:55:26.825108,0,0.0516,0.0516,0.0299,1.8949,0.5436,0.4166,0.3493,5
2026-03-21T17:55:26.825108,1,0.1459,0.1459,0.0964,1.9896,0.3201,0.1704,0.2709,25
2026-03-21T17:55:26.825108,2,0.0642,0.0642,0.0640,1.6456,0.6390,0.1594,0.6188,8
2026-03-21T17:55:26.825108,3,0.0796,0.0728,0.0796,1.9265,0.3260,-0.0164,0.3256,13
2026-03-21T17:55:26.825108,4,0.0742,0.0248,0.0742,1.7483,0.5757,-0.2654,0.5109,6
2026-03-21T17:55:26.894354,0,0.0531,0.0531,0.0256,1.8919,0.5444,0.4172,0.3498,5
2026-03-21T17:55:26.894354,1,0.1454,0.1454,0.0917,1.9848,0.3200,0.1703,0.2709,25
2026-03-21T17:55:26.894354,2,0.0649,0.0637,0.0649,1.6475,0.6381,0.1591,0.6180,8
2026-03-21T17:55:26.894354,3,0.0724,0.0724,0.0702,1.9231,0.3270,-0.0166,0.3266,13
2026-03-21T17:55:26.894354,4,0.0823,0.0266,0.0823,1.7483,0.5747,-0.2649,0.5100,6
2026-03-21T17:55:26.964489,0,0.0509,0.0509,0.0267,1.8917,0.5464,0.4187,0.3511,5
2026-03-21T17:55:26.964489,1,0.1473,0.1473,0.1074,1.9912,0.3193,0.1700,0.2703,25
2026-03-21T17:55:26.964489,2,0.0698,0.0625,0.0698,1.6494,0.6389,0.1593,0.6187,8
2026-03-21T17:55:26.964489,3,0.0652,0.0652,0.0315,1.9231,0.3231,-0.0198,0.3225,12
2026-03-21T17:55:26.964489,4,0.0391,0.0246,0.0391,1.7457,0.5720,-0.2684,0.5052,5
2026-03-21T17:55:27.033955,0,0.0490,0.0490,0.0247,1.8944,0.5400,0.4138,0.3470,5
2026-03-21T17:55:27.033955,1,0.1505,0.1505,0.0954,1.9848,0.3205,0.1705,0.2713,25
2026-03-21T17:55:27.033955,2,0.0659,0.0634,0.0659,1.6484,0.6370,0.1589,0.6169,8
2026-03-21T17:55:27.033955,3,0.0640,0.0640,0.0285,1.9241,0.3201,-0.0195,0.3195,12
2026-03-21T17:55:27.033955,4,0.0725,0.0250,0.0725,1.7457,0.5744,-0.2648,0.5097,6
2026-03-21T17:55:27.104568,0,0.0586,0.0586,0.0252,1.8943,0.5428,0.4160,0.3487,5
2026-03-21T17:55:27.104568,1,0.1550,0.1550,0.0907,1.9829,0.3208,0.1709,0.2715,25
2026-03-21T17:55:27.104568,2,0.0674,0.0674,0.0542,1.6361,0.6402,0.1598,0.6200,8
2026-03-21T17:55:27.104568,3,0.0655,0.0655,0.0316,1.9191,0.3234,-0.0198,0.3228,12
2026-03-21T17:55:27.104568,4,0.0842,0.0258,0.0842,1.7465,0.5772,-0.2660,0.5123,6
2026-03-21T17:55:27.172701,0,0.0610,0.0610,0.0207,1.8904,0.5464,0.4188,0.3510,5
2026-03-21T17:55:27.172701,1,0.1537,0.1537,0.0996,1.9890,0.3203,0.1705,0.2712,25
2026-03-21T17:55:27.172701,2,0.0723,0.0622,0.0723,1.6522,0.6401,0.1596,0.6199,8
2026-03-21T17:55:27.172701,3,0.0654,0.0654,0.0285,1.9221,0.3227,-0.0198,0.3220,12
2026-03-21T17:55:27.172701,4,0.0347,0.0279,0.0347,1.7422,0.5676,-0.2664,0.5012,5
2026-03-21T17:55:27.241873,0,0.0451,0.0451,0.0287,1.8910,0.5440,0.4168,0.3496,5
2026-03-21T17:55:27.241873,1,0.1542,0.1542,0.0954,1.9876,0.3195,0.1701,0.2704,25
2026-03-21T17:55:27.241873,2,0.0708,0.0626,0.0708,1.6475,0.6395,0.1595,0.6193,8
2026-03-21T17:55:27.241873,3,0.0647,0.0647,0.0260,1.9186,0.3241,-0.0197,0.3235,12
2026-03-21T17:55:27.241873,4,0.0443,0.0216,0.0443,1.7509,0.5662,-0.2656,0.5001,5
2026-03-21T17:55:27.311417,0,0.0531,0.0531,0.0272,1.8955,0.5438,0.4168,0.3494,5
2026-03-21T17:55:27.311417,1,0.1449,0.1449,0.0953,1.9856,0.3198,0.1702,0.2708,25
2026-03-21T17:55:27.311417,2,0.0794,0.0599,0.0794,1.6551,0.6392,0.1594,0.6191,8
2026-03-21T17:55:27.311417,3,0.0807,0.0726,0.0807,1.9186,0.3295,-0.0166,0.3291,13
2026-03-21T17:55:27.311417,4,0.0399,0.0239,0.0399,1.7491,0.5664,-0.2658,0.5002,5
2026-03-21T17:55:27.381335,0,0.0577,0.0577,0.0344,1.9001,0.5406,0.4143,0.3474,5
2026-03-21T17:55:27.381335,1,0.1544,0.1544,0.1189,1.9952,0.3201,0.1703,0.2711,25
2026-03-21T17:55:27.381335,2,0.0669,0.0669,0.0555,1.6370,0.6384,0.1593,0.6182,8
2026-03-21T17:55:27.381335,3,0.0649,0.0649,0.0311,1.9227,0.3217,-0.0195,0.3211,12
2026-03-21T17:55:27.381335,4,0.0426,0.0226,0.0426,1.7483,0.5686,-0.2668,0.5022,5
2026-03-21T17:55:27.450079,0,0.0670,0.0585,0.0670,1.8943,0.5509,0.4188,0.3579,6
2026-03-21T17:55:27.450079,1,0.1577,0.1577,0.0985,1.9860,0.3221,0.1715,0.2727,25
2026-03-21T17:55:27.450079,2,0.1230,0.0647,0.1230,1.6513,0.6468,0.1553,0.6279,9
2026-03-21T17:55:27.450079,3,0.0634,0.0634,0.0232,1.9188,0.3232,-0.0198,0.3225,12
2026-03-21T17:55:27.450079,4,0.0772,0.0256,0.0772,1.7413,0.5796,-0.2671,0.5144,6
2026-03-21T17:55:27.520252,0,0.0593,0.0593,0.0274,1.8944,0.5440,0.4169,0.3495,5
2026-03-21T17:55:27.520252,1,0.1257,0.1257,0.0913,1.9872,0.3171,0.1661,0.2702,24
2026-03-21T17:55:27.520252,2,0.0766,0.0610,0.0766,1.6513,0.6387,0.1592,0.6186,8
2026-03-21T17:55:27.520252,3,0.0633,0.0633,0.0340,1.9236,0.3225,-0.0195,0.3219,12
2026-03-21T17:55:27.520252,4,0.0364,0.0259,0.0364,1.7448,0.5670,-0.2661,0.5007,5
2026-03-21T17:55:27.590046,0,0.0652,0.0469,0.0652,1.8938,0.5511,0.4189,0.3580,6
2026-03-21T17:55:27.590046,1,0.1494,0.1494,0.1068,1.9896,0.3191,0.1698,0.2702,25
2026-03-21T17:55:27.590046,2,0.0653,0.0653,0.0592,1.6437,0.6402,0.1598,0.6200,8
2026-03-21T17:55:27.590046,3,0.0646,0.0646,0.0310,1.9235,0.3227,-0.0197,0.3221,12
2026-03-21T17:55:27.590046,4,0.0398,0.0238,0.0398,1.7500,0.5646,-0.2649,0.4986,5
2026-03-21T17:55:27.659554,0,0.0707,0.0529,0.0707,1.8932,0.5532,0.4205,0.3595,6
2026-03-21T17:55:27.659554,1,0.1485,0.1485,0.1126,1.9907,0.3190,0.1697,0.2701,25
2026-03-21T17:55:27.659554,2,0.0747,0.0615,0.0747,1.6503,0.6386,0.1592,0.6184,8
2026-03-21T17:55:27.659554,3,0.0641,0.0641,0.0280,1.9216,0.3222,-0.0197,0.3216,12
2026-03-21T17:55:27.659554,4,0.0300,0.0300,0.0284,1.7431,0.5660,-0.2657,0.4998,5
2026-03-21T17:55:27.729400,0,0.0492,0.0492,0.0234,1.8938,0.5424,0.4157,0.3485,5
2026-03-21T17:55:27.729400,1,0.1504,0.1504,0.0965,1.9840,0.3204,0.1706,0.2713,25
2026-03-21T17:55:27.729400,2,0.0736,0.0615,0.0736,1.6513,0.6391,0.1593,0.6189,8
2026-03-21T17:55:27.729400,3,0.0649,0.0649,0.0310,1.9235,0.3243,-0.0197,0.3237,12
2026-03-21T17:55:27.729400,4,0.0745,0.0270,0.0745,1.7422,0.5784,-0.2666,0.5133,6
2026-03-21T17:55:27.798921,0,0.0550,0.0550,0.0234,1.8944,0.5444,0.4172,0.3497,5
2026-03-21T17:55:27.798921,1,0.1557,0.1557,0.0981,1.9856,0.3203,0.1705,0.2711,25
2026-03-21T17:55:27.798921,2,0.0825,0.0599,0.0825,1.6503,0.6380,0.1590,0.6179,8
2026-03-21T17:55:27.798921,3,0.0640,0.0640,0.0370,1.9206,0.3222,-0.0196,0.3216,12
2026-03-21T17:55:27.798921,4,0.0354,0.0262,0.0354,1.7474,0.5658,-0.2655,0.4997,5
2026-03-21T17:55:27.869555,0,0.0645,0.0435,0.0645,1.8938,0.5489,0.4172,0.3567,6
2026-03-21T17:55:27.869555,1,0.1483,0.1483,0.1027,1.9864,0.3218,0.1713,0.2724,25
2026-03-21T17:55:27.869555,2,0.0680,0.0635,0.0680,1.6446,0.6367,0.1588,0.6166,8
2026-03-21T17:55:27.869555,3,0.0652,0.0652,0.0290,1.9216,0.3251,-0.0198,0.3245,12
2026-03-21T17:55:27.869555,4,0.0324,0.0299,0.0324,1.7417,0.5688,-0.2669,0.5023,5
2026-03-21T17:55:27.939626,0,0.0516,0.0516,0.0221,1.8898,0.5462,0.4186,0.3509,5
2026-03-21T17:55:27.939626,1,0.1495,0.1495,0.0971,1.9940,0.3191,0.1699,0.2701,25
2026-03-21T17:55:27.939626,2,0.0650,0.0641,0.0650,1.6446,0.6369,0.1588,0.6167,8
2026-03-21T17:55:27.939626,3,0.0849,0.0735,0.0849,1.9238,0.3311,-0.0167,0.3307,13
2026-03-21T17:55:27.939626,4,0.0761,0.0250,0.0761,1.7457,0.5776,-0.2663,0.5125,6
2026-03-21T17:55:28.010043,0,0.0590,0.0523,0.0590,1.8938,0.5492,0.4176,0.3568,6
2026-03-21T17:55:28.010043,1,0.1479,0.1479,0.1139,1.9873,0.3212,0.1708,0.2721,25
2026-03-21T17:55:28.010043,2,0.0805,0.0601,0.0805,1.6522,0.6372,0.1588,0.6171,8
2026-03-21T17:55:28.010043,3,0.0729,0.0729,0.0682,1.9191,0.3293,-0.0169,0.3289,13
2026-03-21T17:55:28.010043,4,0.0380,0.0246,0.0380,1.7509,0.5650,-0.2651,0.4990,5
2026-03-21T17:55:28.079424,0,0.0516,0.0516,0.0220,1.8923,0.5434,0.4165,0.3491,5
2026-03-21T17:55:28.079424,1,0.1575,0.1575,0.1042,1.9889,0.3197,0.1702,0.2706,25
2026-03-21T17:55:28.079424,2,0.0664,0.0633,0.0664,1.6513,0.6381,0.1592,0.6179,8
2026-03-21T17:55:28.079424,3,0.0734,0.0734,0.0692,1.9221,0.3279,-0.0167,0.3275,13
2026-03-21T17:55:28.079424,4,0.0814,0.0244,0.0814,1.7483,0.5754,-0.2652,0.5107,6
2026-03-21T17:55:28.148702,0,0.0577,0.0577,0.0259,1.8949,0.5438,0.4168,0.3493,5
2026-03-21T17:55:28.148702,1,0.1572,0.1572,0.1107,1.9907,0.3197,0.1702,0.2706,25
2026-03-21T17:55:28.148702,2,0.1214,0.0662,0.1214,1.6427,0.6484,0.1556,0.6295,9
2026-03-21T17:55:28.148702,3,0.0658,0.0658,0.0330,1.9216,0.3229,-0.0198,0.3223,12
2026-03-21T17:55:28.148702,4,0.0339,0.0275,0.0339,1.7413,0.5696,-0.2673,0.5030,5
2026-03-21T17:55:28.218205,0,0.0659,0.0453,0.0659,1.8904,0.5532,0.4205,0.3595,6
2026-03-21T17:55:28.218205,1,0.1495,0.1495,0.1002,1.9858,0.3184,0.1695,0.2696,25
2026-03-21T17:55:28.218205,2,0.0726,0.0615,0.0726,1.6532,0.6365,0.1587,0.6164,8
2026-03-21T17:55:28.218205,3,0.0738,0.0738,0.0722,1.9181,0.3290,-0.0168,0.3286,13
2026-03-21T17:55:28.218205,4,0.0340,0.0290,0.0340,1.7414,0.5680,-0.2666,0.5016,5
2026-03-21T17:55:28.287930,0,0.0684,0.0539,0.0684,1.8936,0.5532,0.4206,0.3595,6
2026-03-21T17:55:28.287930,1,0.1472,0.1472,0.0981,1.9856,0.3205,0.1703,0.2715,25
2026-03-21T17:55:28.287930,2,0.0671,0.0671,0.0534,1.6389,0.6386,0.1594,0.6184,8
2026-03-21T17:55:28.287930,3,0.0652,0.0652,0.0295,1.9241,0.3239,-0.0199,0.3233,12
2026-03-21T17:55:28.287930,4,0.0320,0.0282,0.0320,1.7439,0.5704,-0.2677,0.5037,5
2026-03-21T17:55:28.357224,0,0.0546,0.0546,0.0248,1.8925,0.5436,0.4166,0.3493,5
2026-03-21T17:55:28.357224,1,0.1440,0.1440,0.0971,1.9864,0.3194,0.1698,0.2705,25
2026-03-21T17:55:28.357224,2,0.0649,0.0649,0.0637,1.6414,0.6385,0.1592,0.6183,8
2026-03-21T17:55:28.357224,3,0.0809,0.0739,0.0809,1.9238,0.3278,-0.0166,0.3274,13
2026-03-21T17:55:28.357224,4,0.0826,0.0266,0.0826,1.7422,0.5796,-0.2671,0.5143,6
2026-03-21T17:55:28.426682,0,0.0531,0.0531,0.0226,1.8930,0.5430,0.4162,0.3488,5
2026-03-21T17:55:28.426682,1,0.1466,0.1466,0.1082,1.9891,0.3195,0.1699,0.2705,25
2026-03-21T17:55:28.426682,2,0.0701,0.0636,0.0701,1.6408,0.6394,0.1594,0.6192,8
2026-03-21T17:55:28.426682,3,0.0646,0.0646,0.0310,1.9226,0.3236,-0.0198,0.3230,12
2026-03-21T17:55:28.426682,4,0.0311,0.0286,0.0311,1.7439,0.5688,-0.2669,0.5023,5
2026-03-21T17:55:28.496967,0,0.0538,0.0538,0.0232,1.8943,0.5426,0.4159,0.3486,5
2026-03-21T17:55:28.496967,1,0.1498,0.1498,0.0985,1.9842,0.3193,0.1699,0.2703,25
2026-03-21T17:55:28.496967,2,0.0684,0.0637,0.0684,1.6494,0.6385,0.1592,0.6183,8
2026-03-21T17:55:28.496967,3,0.0650,0.0650,0.0342,1.9228,0.3222,-0.0197,0.3215,12
2026-03-21T17:55:28.496967,4,0.0674,0.0308,0.0674,1.7379,0.5802,-0.2676,0.5149,6
2026-03-21T17:55:28.566478,0,0.0538,0.0538,0.0228,1.8932,0.5418,0.4152,0.3481,5
2026-03-21T17:55:28.566478,1,0.1506,0.1506,0.1050,1.9888,0.3168,0.1687,0.2682,25
2026-03-21T17:55:28.566478,2,0.0776,0.0608,0.0776,1.6513,0.6352,0.1583,0.6152,8
2026-03-21T17:55:28.566478,3,0.0732,0.0732,0.0708,1.9177,0.3297,-0.0167,0.3292,13
2026-03-21T17:55:28.566478,4,0.0663,0.0274,0.0663,1.7422,0.5794,-0.2672,0.5141,6
2026-03-21T17:55:28.635278,0,0.0600,0.0600,0.0267,1.8944,0.5414,0.4149,0.3478,5
2026-03-21T17:55:28.635278,1,0.1547,0.1547,0.0932,1.9883,0.3185,0.1697,0.2696,25
2026-03-21T17:55:28.635278,2,0.1202,0.0654,0.1202,1.6494,0.6457,0.1549,0.6268,9
2026-03-21T17:55:28.635278,3,0.0647,0.0647,0.0256,1.9231,0.3232,-0.0198,0.3226,12
2026-03-21T17:55:28.635278,4,0.0628,0.0281,0.0628,1.7396,0.5792,-0.2671,0.5140,6
2026-03-21T17:55:28.705914,0,0.0570,0.0570,0.0243,1.8913,0.5454,0.4180,0.3504,5
2026-03-21T17:55:28.705914,1,0.1487,0.1487,0.1009,1.9865,0.3201,0.1703,0.2711,25
2026-03-21T17:55:28.705914,2,0.0891,0.0577,0.0891,1.6579,0.6367,0.1587,0.6167,8
2026-03-21T17:55:28.705914,3,0.0746,0.0746,0.0722,1.9221,0.3276,-0.0167,0.3272,13
2026-03-21T17:55:28.705914,4,0.0644,0.0264,0.0644,1.7448,0.5781,-0.2666,0.5129,6
2026-03-21T17:55:28.775487,0,0.0508,0.0508,0.0354,1.8951,0.5458,0.4182,0.3508,5
2026-03-21T17:55:28.775487,1,0.1515,0.1515,0.1027,1.9912,0.3185,0.1696,0.2696,25
2026-03-21T17:55:28.775487,2,0.0688,0.0628,0.0688,1.6484,0.6380,0.1591,0.6178,8
2026-03-21T17:55:28.775487,3,0.0732,0.0732,0.0677,1.9206,0.3285,-0.0168,0.3281,13
2026-03-21T17:55:28.775487,4,0.0600,0.0265,0.0600,1.7422,0.5809,-0.2679,0.5154,6
2026-03-21T17:55:28.844262,0,0.0491,0.0491,0.0287,1.8917,0.5440,0.4169,0.3496,5
2026-03-21T17:55:28.844262,1,0.1533,0.1533,0.0973,1.9904,0.3207,0.1708,0.2714,25
2026-03-21T17:55:28.844262,2,0.0728,0.0623,0.0728,1.6465,0.6387,0.1592,0.6186,8
2026-03-21T17:55:28.844262,3,0.0741,0.0741,0.0697,1.9206,0.3288,-0.0168,0.3284,13
2026-03-21T17:55:28.844262,4,0.0581,0.0300,0.0581,1.7431,0.5789,-0.2670,0.5136,6
2026-03-21T17:55:28.915009,0,0.0568,0.0568,0.0268,1.8938,0.5414,0.4149,0.3478,5
2026-03-21T17:55:28.915009,1,0.1477,0.1477,0.0954,1.9857,0.3182,0.1694,0.2694,25
2026-03-21T17:55:28.915009,2,0.0746,0.0613,0.0746,1.6513,0.6370,0.1588,0.6169,8
2026-03-21T17:55:28.915009,3,0.0738,0.0738,0.0712,1.9201,0.3297,-0.0168,0.3293,13
2026-03-21T17:55:28.915009,4,0.0450,0.0344,0.0450,1.7335,0.5806,-0.2679,0.5151,6
2026-03-21T17:55:28.983917,0,0.0592,0.0592,0.0279,1.8955,0.5416,0.4151,0.3479,5
2026-03-21T17:55:28.983917,1,0.1471,0.1471,0.1025,1.9928,0.3176,0.1691,0.2688,25
2026-03-21T17:55:28.983917,2,0.0679,0.0633,0.0679,1.6465,0.6379,0.1591,0.6177,8
2026-03-21T17:55:28.983917,3,0.0832,0.0737,0.0832,1.9301,0.3283,-0.0168,0.3278,13
2026-03-21T17:55:28.983917,4,0.0949,0.0326,0.0949,1.7353,0.5925,-0.2684,0.5282,7
2026-03-21T17:55:29.053522,0,0.0540,0.0540,0.0266,1.8936,0.5442,0.4171,0.3496,5
2026-03-21T17:55:29.053522,1,0.1506,0.1506,0.0955,1.9868,0.3197,0.1702,0.2706,25
2026-03-21T17:55:29.053522,2,0.0658,0.0632,0.0658,1.6503,0.6362,0.1586,0.6162,8
2026-03-21T17:55:29.053522,3,0.0736,0.0736,0.0672,1.9191,0.3281,-0.0168,0.3277,13
2026-03-21T17:55:29.053522,4,0.0993,0.0312,0.0993,1.7379,0.5911,-0.2677,0.5270,7
2026-03-21T17:55:29.123717,0,0.0647,0.0647,0.0240,1.8923,0.5444,0.4173,0.3497,5
2026-03-21T17:55:29.123717,1,0.1457,0.1457,0.0924,1.9865,0.3193,0.1699,0.2704,25
2026-03-21T17:55:29.123717,2,0.0647,0.0647,0.0611,1.6456,0.6387,0.1593,0.6185,8
2026-03-21T17:55:29.123717,3,0.0739,0.0739,0.0649,1.9168,0.3303,-0.0169,0.3298,13
2026-03-21T17:55:29.123717,4,0.0502,0.0314,0.0502,1.7387,0.5816,-0.2683,0.5160,6
2026-03-21T17:55:29.193062,0,0.0562,0.0562,0.0216,1.8913,0.5448,0.4176,0.3500,5
2026-03-21T17:55:29.193062,1,0.1533,0.1533,0.1062,1.9880,0.3204,0.1705,0.2712,25
2026-03-21T17:55:29.193062,2,0.0694,0.0632,0.0694,1.6503,0.6384,0.1591,0.6182,8
2026-03-21T17:55:29.193062,3,0.0651,0.0651,0.0208,1.9164,0.3233,-0.0199,0.3227,12
2026-03-21T17:55:29.193062,4,0.0494,0.0322,0.0494,1.7353,0.5829,-0.2689,0.5172,6
2026-03-21T17:55:29.263004,0,0.0609,0.0609,0.0267,1.8910,0.5460,0.4185,0.3508,5
2026-03-21T17:55:29.263004,1,0.1494,0.1494,0.0948,1.9841,0.3194,0.1701,0.2704,25
2026-03-21T17:55:29.263004,2,0.0767,0.0614,0.0767,1.6475,0.6384,0.1591,0.6182,8
2026-03-21T17:55:29.263004,3,0.0775,0.0734,0.0775,1.9234,0.3280,-0.0168,0.3276,13
2026-03-21T17:55:29.263004,4,0.0435,0.0374,0.0435,1.7321,0.5836,-0.2693,0.5177,6
2026-03-21T17:55:29.332988,0,0.0634,0.0592,0.0634,1.8900,0.5534,0.4207,0.3595,6
2026-03-21T17:55:29.332988,1,0.1560,0.1560,0.1026,1.9920,0.3183,0.1694,0.2695,25
2026-03-21T17:55:29.332988,2,0.0653,0.0653,0.0612,1.6408,0.6416,0.1601,0.6213,8
2026-03-21T17:55:29.332988,3,0.0739,0.0739,0.0682,1.9181,0.3302,-0.0169,0.3298,13
2026-03-21T17:55:29.332988,4,0.0948,0.0320,0.0948,1.7370,0.5921,-0.2682,0.5278,7
2026-03-21T17:55:29.402862,0,0.0546,0.0546,0.0239,1.8943,0.5412,0.4148,0.3477,5
2026-03-21T17:55:29.402862,1,0.1515,0.1515,0.0985,1.9841,0.3205,0.1706,0.2713,25
2026-03-21T17:55:29.402862,2,0.0786,0.0606,0.0786,1.6513,0.6385,0.1591,0.6183,8
2026-03-21T17:55:29.402862,3,0.0779,0.0738,0.0779,1.9238,0.3297,-0.0167,0.3293,13
2026-03-21T17:55:29.402862,4,0.0441,0.0350,0.0441,1.7318,0.5837,-0.2693,0.5179,6
2026-03-21T17:55:29.472248,0,0.0625,0.0492,0.0625,1.8904,0.5531,0.4205,0.3593,6
2026-03-21T17:55:29.472248,1,0.1187,0.1187,0.0996,1.9881,0.3157,0.1651,0.2691,24
2026-03-21T17:55:29.472248,2,0.0913,0.0580,0.0913,1.6522,0.6401,0.1595,0.6199,8
2026-03-21T17:55:29.472248,3,0.0741,0.0741,0.0687,1.9166,0.3312,-0.0169,0.3308,13
2026-03-21T17:55:29.472248,4,0.0842,0.0357,0.0842,1.7292,0.5949,-0.2696,0.5303,7
2026-03-21T17:55:29.542271,0,0.0577,0.0577,0.0308,1.8938,0.5452,0.4178,0.3503,5
2026-03-21T17:55:29.542271,1,0.1508,0.1508,0.1038,1.9866,0.3207,0.1706,0.2715,25
2026-03-21T17:55:29.542271,2,0.0786,0.0609,0.0786,1.6484,0.6390,0.1593,0.6188,8
2026-03-21T17:55:29.542271,3,0.0729,0.0729,0.0692,1.9231,0.3304,-0.0168,0.3300,13
2026-03-21T17:55:29.542271,4,0.0805,0.0347,0.0805,1.7309,0.5955,-0.2698,0.5308,7
2026-03-21T17:55:29.610994,0,0.0507,0.0507,0.0259,1.8943,0.5428,0.4160,0.3487,5
2026-03-21T17:55:29.610994,1,0.1520,0.1520,0.0934,1.9875,0.3194,0.1700,0.2703,25
2026-03-21T17:55:29.610994,2,0.0667,0.0667,0.0544,1.6408,0.6386,0.1594,0.6184,8
2026-03-21T17:55:29.610994,3,0.0752,0.0752,0.0682,1.9201,0.3308,-0.0170,0.3304,13
2026-03-21T17:55:29.610994,4,0.0732,0.0351,0.0732,1.7309,0.5955,-0.2699,0.5308,7
2026-03-21T17:55:29.681816,0,0.0585,0.0585,0.0226,1.8936,0.5426,0.4159,0.3486,5
2026-03-21T17:55:29.681816,1,0.1455,0.1455,0.1032,1.9888,0.3187,0.1694,0.2699,25
2026-03-21T17:55:29.681816,2,0.0717,0.0620,0.0717,1.6503,0.6365,0.1587,0.6164,8
2026-03-21T17:55:29.681816,3,0.0754,0.0754,0.0729,1.9168,0.3326,-0.0170,0.3321,13
2026-03-21T17:55:29.681816,4,0.0706,0.0384,0.0706,1.7275,0.5943,-0.2695,0.5298,7
2026-03-21T17:55:29.751160,0,0.0632,0.0632,0.0177,1.8923,0.5430,0.4163,0.3487,5
2026-03-21T17:55:29.751160,1,0.1526,0.1526,0.0884,1.9834,0.3189,0.1700,0.2699,25
2026-03-21T17:55:29.751160,2,0.0817,0.0606,0.0817,1.6465,0.6391,0.1593,0.6189,8
2026-03-21T17:55:29.751160,3,0.0660,0.0660,0.0318,1.9204,0.3276,-0.0200,0.3270,12
2026-03-21T17:55:29.751160,4,0.0888,0.0348,0.0888,1.7292,0.5983,-0.2711,0.5334,7
2026-03-21T17:55:29.820685,0,0.0615,0.0615,0.0239,1.8936,0.5424,0.4157,0.3484,5
2026-03-21T17:55:29.820685,1,0.1532,0.1532,0.1033,1.9899,0.3212,0.1710,0.2718,25
2026-03-21T17:55:29.820685,2,0.0795,0.0604,0.0795,1.6513,0.6402,0.1596,0.6200,8
2026-03-21T17:55:29.820685,3,0.0749,0.0749,0.0727,1.9206,0.3290,-0.0169,0.3286,13
2026-03-21T17:55:29.820685,4,0.0769,0.0365,0.0769,1.7292,0.5963,-0.2703,0.5316,7
2026-03-21T17:55:29.890189,0,0.0531,0.0531,0.0252,1.8949,0.5426,0.4159,0.3486,5
2026-03-21T17:55:29.890189,1,0.1518,0.1518,0.1005,1.9880,0.3190,0.1700,0.2699,25
2026-03-21T17:55:29.890189,2,0.0698,0.0627,0.0698,1.6484,0.6372,0.1589,0.6171,8
2026-03-21T17:55:29.890189,3,0.0776,0.0747,0.0776,1.9265,0.3278,-0.0167,0.3274,13
2026-03-21T17:55:29.890189,4,0.0801,0.0297,0.0801,1.7379,0.5931,-0.2687,0.5287,7
2026-03-21T17:55:29.959615,0,0.0928,0.0928,0.0352,1.8951,0.5572,0.4304,0.3539,6
2026-03-21T17:55:29.959615,1,0.1476,0.1476,0.1068,1.9858,0.3193,0.1698,0.2704,25
2026-03-21T17:55:29.959615,2,0.0685,0.0644,0.0685,1.6465,0.6389,0.1593,0.6187,8
2026-03-21T17:55:29.959615,3,0.0767,0.0767,0.0527,1.9206,0.3300,-0.0171,0.3295,13
2026-03-21T17:55:29.959615,4,0.0686,0.0356,0.0686,1.7318,0.5925,-0.2686,0.5281,7
2026-03-21T17:55:30.029728,0,0.0743,0.0598,0.0743,1.8981,0.5509,0.4187,0.3580,6
2026-03-21T17:55:30.029728,1,0.1375,0.1375,0.1085,1.9904,0.3200,0.1700,0.2711,25
2026-03-21T17:55:30.029728,2,0.0755,0.0607,0.0755,1.6551,0.6386,0.1592,0.6184,8
2026-03-21T17:55:30.029728,3,0.0897,0.0897,0.0832,1.9187,0.3345,-0.0207,0.3338,14
2026-03-21T17:55:30.029728,4,0.0632,0.0383,0.0632,1.7292,0.5916,-0.2682,0.5273,7
2026-03-21T17:55:30.099199,0,0.0461,0.0461,0.0242,1.8925,0.5424,0.4157,0.3485,5
2026-03-21T17:55:30.099199,1,0.1445,0.1445,0.0953,1.9856,0.3206,0.1707,0.2714,25
2026-03-21T17:55:30.099199,2,0.0654,0.0654,0.0647,1.6446,0.6390,0.1594,0.6188,8
2026-03-21T17:55:30.099199,3,0.0739,0.0739,0.0712,1.9201,0.3306,-0.0169,0.3301,13
2026-03-21T17:55:30.099199,4,0.0882,0.0325,0.0882,1.7413,0.5928,-0.2686,0.5285,7
2026-03-21T17:55:30.169227,0,0.0536,0.0536,0.0239,1.8930,0.5410,0.4146,0.3476,5
2026-03-21T17:55:30.169227,1,0.1561,0.1561,0.1021,1.9849,0.3191,0.1699,0.2701,25
2026-03-21T17:55:30.169227,2,0.0767,0.0614,0.0767,1.6475,0.6377,0.1590,0.6176,8
2026-03-21T17:55:30.169227,3,0.0735,0.0735,0.0722,1.9231,0.3264,-0.0166,0.3259,13
2026-03-21T17:55:30.169227,4,0.0742,0.0352,0.0742,1.7292,0.5963,-0.2703,0.5316,7
2026-03-21T17:55:30.238755,0,0.0526,0.0526,0.0226,1.8936,0.5436,0.4166,0.3492,5
2026-03-21T17:55:30.238755,1,0.1606,0.1606,0.1029,1.9857,0.3204,0.1707,0.2712,25
2026-03-21T17:55:30.238755,2,0.1260,0.0640,0.1260,1.6522,0.6482,0.1556,0.6293,9
2026-03-21T17:55:30.238755,3,0.0657,0.0657,0.0250,1.9176,0.3250,-0.0199,0.3244,12
2026-03-21T17:55:30.238755,4,0.0742,0.0340,0.0742,1.7292,0.5953,-0.2698,0.5307,7
2026-03-21T17:55:30.308363,0,0.0507,0.0507,0.0292,1.8955,0.5412,0.4147,0.3478,5
2026-03-21T17:55:30.308363,1,0.1522,0.1522,0.1117,1.9889,0.3187,0.1697,0.2698,25
2026-03-21T17:55:30.308363,2,0.1134,0.0672,0.1134,1.6456,0.6470,0.1554,0.6281,9
2026-03-21T17:55:30.308363,3,0.0757,0.0734,0.0757,1.9186,0.3298,-0.0168,0.3294,13
2026-03-21T17:55:30.308363,4,0.0831,0.0331,0.0831,1.7344,0.5956,-0.2699,0.5310,7
2026-03-21T17:55:30.377580,0,0.0615,0.0615,0.0246,1.8943,0.5430,0.4162,0.3488,5
2026-03-21T17:55:30.377580,1,0.1508,0.1508,0.1012,1.9897,0.3187,0.1695,0.2698,25
2026-03-21T17:55:30.377580,2,0.0658,0.0658,0.0588,1.6446,0.6374,0.1591,0.6172,8
2026-03-21T17:55:30.377580,3,0.0730,0.0730,0.0719,1.9168,0.3304,-0.0169,0.3300,13
2026-03-21T17:55:30.377580,4,0.0751,0.0364,0.0751,1.7301,0.5956,-0.2700,0.5309,7
2026-03-21T17:55:30.447984,0,0.0563,0.0563,0.0206,1.8957,0.5396,0.4136,0.3466,5
2026-03-21T17:55:30.447984,1,0.1503,0.1503,0.0895,1.9864,0.3182,0.1696,0.2693,25
2026-03-21T17:55:30.447984,2,0.0650,0.0641,0.0650,1.6446,0.6380,0.1591,0.6178,8
2026-03-21T17:55:30.447984,3,0.0737,0.0737,0.0702,1.9171,0.3310,-0.0169,0.3306,13
2026-03-21T17:55:30.447984,4,0.0771,0.0394,0.0771,1.7257,0.5983,-0.2712,0.5334,7
2026-03-21T17:55:30.517187,0,0.0595,0.0546,0.0595,1.8936,0.5486,0.4171,0.3563,6
2026-03-21T17:55:30.517187,1,0.1619,0.1619,0.0910,1.9841,0.3204,0.1708,0.2711,25
2026-03-21T17:55:30.517187,2,0.0797,0.0610,0.0797,1.6465,0.6405,0.1597,0.6203,8
2026-03-21T17:55:30.517187,3,0.0832,0.0742,0.0832,1.9291,0.3302,-0.0168,0.3298,13
2026-03-21T17:55:30.517187,4,0.0831,0.0315,0.0831,1.7327,0.5965,-0.2702,0.5318,7
2026-03-21T17:55:30.587953,0,0.0572,0.0572,0.0189,1.8913,0.5446,0.4174,0.3498,5
2026-03-21T17:55:30.587953,1,0.1623,0.1623,0.1024,1.9861,0.3212,0.1711,0.2718,25
2026-03-21T17:55:30.587953,2,0.0728,0.0622,0.0728,1.6475,0.6391,0.1594,0.6189,8
2026-03-21T17:55:30.587953,3,0.0748,0.0748,0.0715,1.9234,0.3286,-0.0170,0.3281,13
2026-03-21T17:55:30.587953,4,0.0724,0.0366,0.0724,1.7283,0.5958,-0.2701,0.5311,7
2026-03-21T17:55:30.656665,0,0.0606,0.0554,0.0606,1.8913,0.5519,0.4196,0.3585,6
2026-03-21T17:55:30.656665,1,0.1627,0.1627,0.0967,1.9889,0.3199,0.1704,0.2708,25
2026-03-21T17:55:30.656665,2,0.0815,0.0599,0.0815,1.6522,0.6400,0.1595,0.6198,8
2026-03-21T17:55:30.656665,3,0.0732,0.0732,0.0633,1.9171,0.3297,-0.0168,0.3292,13
2026-03-21T17:55:30.656665,4,0.0735,0.0390,0.0735,1.7249,0.5965,-0.2704,0.5317,7
2026-03-21T17:55:30.726779,0,0.0651,0.0507,0.0651,1.8944,0.5497,0.4179,0.3572,6
2026-03-21T17:55:30.726779,1,0.1620,0.1620,0.1081,1.9881,0.3194,0.1702,0.2703,25
2026-03-21T17:55:30.726779,2,0.0824,0.0596,0.0824,1.6532,0.6376,0.1589,0.6175,8
2026-03-21T17:55:30.726779,3,0.0656,0.0656,0.0265,1.9191,0.3263,-0.0199,0.3257,12
2026-03-21T17:55:30.726779,4,0.0734,0.0367,0.0734,1.7266,0.5965,-0.2703,0.5317,7
2026-03-21T17:55:30.796361,0,0.0499,0.0499,0.0280,1.8923,0.5450,0.4176,0.3502,5
2026-03-21T17:55:30.796361,1,0.1498,0.1498,0.1034,1.9872,0.3186,0.1695,0.2697,25
2026-03-21T17:55:30.796361,2,0.0699,0.0631,0.0699,1.6446,0.6400,0.1596,0.6198,8
2026-03-21T17:55:30.796361,3,0.0644,0.0644,0.0268,1.9186,0.3243,-0.0199,0.3237,12
2026-03-21T17:55:30.796361,4,0.0778,0.0326,0.0778,1.7301,0.5972,-0.2707,0.5324,7
2026-03-21T17:55:30.865890,0,0.0626,0.0608,0.0626,1.8919,0.5516,0.4194,0.3583,6
2026-03-21T17:55:30.865890,1,0.1548,0.1548,0.1039,1.9857,0.3203,0.1705,0.2711,25
2026-03-21T17:55:30.865890,2,0.0717,0.0620,0.0717,1.6503,0.6389,0.1593,0.6187,8
2026-03-21T17:55:30.865890,3,0.0747,0.0732,0.0747,1.9245,0.3284,-0.0167,0.3280,13
2026-03-21T17:55:30.865890,4,0.0725,0.0350,0.0725,1.7266,0.5982,-0.2711,0.5332,7
2026-03-21T17:55:30.936121,0,0.0654,0.0599,0.0654,1.8981,0.5489,0.4173,0.3566,6
2026-03-21T17:55:30.936121,1,0.1522,0.1522,0.1017,1.9873,0.3194,0.1699,0.2705,25
2026-03-21T17:55:30.936121,2,0.0727,0.0618,0.0727,1.6503,0.6369,0.1588,0.6168,8
2026-03-21T17:55:30.936121,3,0.0723,0.0723,0.0657,1.9186,0.3287,-0.0167,0.3282,13
2026-03-21T17:55:30.936121,4,0.0689,0.0367,0.0689,1.7266,0.5979,-0.2710,0.5330,7
2026-03-21T17:55:31.005244,0,0.0592,0.0592,0.0307,1.8923,0.5452,0.4178,0.3503,5
2026-03-21T17:55:31.005244,1,0.1530,0.1530,0.0919,1.9888,0.3189,0.1698,0.2699,25
2026-03-21T17:55:31.005244,2,0.0654,0.0654,0.0618,1.6418,0.6381,0.1591,0.6179,8
2026-03-21T17:55:31.005244,3,0.0653,0.0653,0.0282,1.9228,0.3231,-0.0198,0.3225,12
2026-03-21T17:55:31.005244,4,0.0706,0.0353,0.0706,1.7283,0.5972,-0.2707,0.5323,7
2026-03-21T17:55:31.074198,0,0.0671,0.0545,0.0671,1.8930,0.5519,0.4196,0.3586,6
2026-03-21T17:55:31.074198,1,0.1567,0.1567,0.0967,1.9880,0.3190,0.1699,0.2700,25
2026-03-21T17:55:31.074198,2,0.0746,0.0613,0.0746,1.6513,0.6377,0.1590,0.6176,8
2026-03-21T17:55:31.074198,3,0.0637,0.0637,0.0205,1.9191,0.3224,-0.0197,0.3218,12
2026-03-21T17:55:31.074198,4,0.0700,0.0373,0.0700,1.7260,0.5993,-0.2716,0.5343,7
2026-03-21T17:55:31.144671,0,0.0498,0.0498,0.0319,1.8949,0.5412,0.4147,0.3478,5
2026-03-21T17:55:31.144671,1,0.1470,0.1470,0.1052,1.9880,0.3192,0.1700,0.2702,25
2026-03-21T17:55:31.144671,2,0.0688,0.0628,0.0688,1.6484,0.6371,0.1588,0.6170,8
2026-03-21T17:55:31.144671,3,0.0640,0.0640,0.0245,1.9191,0.3238,-0.0197,0.3232,12
2026-03-21T17:55:31.144671,4,0.0660,0.0371,0.0660,1.7292,0.5963,-0.2704,0.5315,7
2026-03-21T17:55:31.214571,0,0.0629,0.0507,0.0629,1.8943,0.5496,0.4178,0.3570,6
2026-03-21T17:55:31.214571,1,0.1461,0.1461,0.0929,1.9842,0.3190,0.1698,0.2701,25
2026-03-21T17:55:31.214571,2,0.0668,0.0630,0.0668,1.6503,0.6369,0.1588,0.6167,8
2026-03-21T17:55:31.214571,3,0.0789,0.0730,0.0789,1.9278,0.3281,-0.0166,0.3277,13
2026-03-21T17:55:31.214571,4,0.0662,0.0376,0.0662,1.7249,0.5998,-0.2719,0.5346,7
2026-03-21T17:55:31.284022,0,0.0626,0.0615,0.0626,1.8919,0.5511,0.4190,0.3580,6
2026-03-21T17:55:31.284022,1,0.1549,0.1549,0.0929,1.9889,0.3182,0.1695,0.2693,25
2026-03-21T17:55:31.284022,2,0.0708,0.0623,0.0708,1.6494,0.6396,0.1595,0.6194,8
2026-03-21T17:55:31.284022,3,0.0624,0.0624,0.0351,1.9187,0.3224,-0.0193,0.3218,12
2026-03-21T17:55:31.284022,4,0.0772,0.0335,0.0772,1.7249,0.6023,-0.2730,0.5369,7
2026-03-21T17:55:31.354104,0,0.0523,0.0523,0.0188,1.8878,0.5460,0.4185,0.3508,5
2026-03-21T17:55:31.354104,1,0.1260,0.1260,0.0967,1.9880,0.3176,0.1662,0.2707,24
2026-03-21T17:55:31.354104,2,0.0892,0.0578,0.0892,1.6570,0.6371,0.1587,0.6170,8
2026-03-21T17:55:31.354104,3,0.0650,0.0650,0.0376,1.9191,0.3252,-0.0196,0.3246,12
2026-03-21T17:55:31.354104,4,0.0817,0.0360,0.0817,1.7249,0.6013,-0.2725,0.5361,7
2026-03-21T17:55:31.424145,0,0.0531,0.0491,0.0531,1.8919,0.5466,0.4156,0.3550,6
2026-03-21T17:55:31.424145,1,0.1605,0.1605,0.0972,1.9856,0.3202,0.1706,0.2710,25
2026-03-21T17:55:31.424145,2,0.0863,0.0587,0.0863,1.6541,0.6382,0.1590,0.6181,8
2026-03-21T17:55:31.424145,3,0.0777,0.0732,0.0777,1.9196,0.3286,-0.0166,0.3282,13
2026-03-21T17:55:31.424145,4,0.0778,0.0334,0.0778,1.7309,0.5995,-0.2717,0.5344,7
2026-03-21T17:55:31.492422,0,0.0529,0.0529,0.0221,1.8932,0.5398,0.4137,0.3468,5
2026-03-21T17:55:31.492422,1,0.1574,0.1574,0.1024,1.9834,0.3213,0.1712,0.2718,25
2026-03-21T17:55:31.492422,2,0.0653,0.0653,0.0602,1.6427,0.6377,0.1591,0.6176,8
2026-03-21T17:55:31.492422,3,0.0874,0.0874,0.0778,1.9271,0.3330,-0.0204,0.3324,14
2026-03-21T17:55:31.492422,4,0.0681,0.0374,0.0681,1.7240,0.5999,-0.2720,0.5347,7
2026-03-21T17:55:31.562785,0,0.0444,0.0444,0.0298,1.8962,0.5406,0.4142,0.3474,5
2026-03-21T17:55:31.562785,1,0.1419,0.1419,0.1034,1.9852,0.3185,0.1695,0.2697,25
2026-03-21T17:55:31.562785,2,0.0737,0.0619,0.0737,1.6484,0.6401,0.1596,0.6199,8
2026-03-21T17:55:31.562785,3,0.0747,0.0737,0.0747,1.9186,0.3298,-0.0168,0.3294,13
2026-03-21T17:55:31.562785,4,0.0671,0.0372,0.0671,1.7249,0.5998,-0.2719,0.5346,7
2026-03-21T17:55:31.633706,0,0.0537,0.0537,0.0293,1.8957,0.5412,0.4147,0.3477,5
2026-03-21T17:55:31.633706,1,0.1529,0.1529,0.1027,1.9865,0.3190,0.1697,0.2701,25
2026-03-21T17:55:31.633706,2,0.0717,0.0620,0.0717,1.6503,0.6392,0.1594,0.6190,8
2026-03-21T17:55:31.633706,3,0.0651,0.0651,0.0345,1.9251,0.3225,-0.0196,0.3219,12
2026-03-21T17:55:31.633706,4,0.0691,0.0366,0.0691,1.7231,0.6019,-0.2729,0.5365,7
2026-03-21T17:55:31.703440,0,0.0493,0.0493,0.0358,1.8975,0.5434,0.4164,0.3492,5
2026-03-21T17:55:31.703440,1,0.1538,0.1538,0.1028,1.9874,0.3223,0.1715,0.2729,25
2026-03-21T17:55:31.703440,2,0.0650,0.0640,0.0650,1.6456,0.6409,0.1598,0.6206,8
2026-03-21T17:55:31.703440,3,0.0849,0.0721,0.0849,1.9238,0.3265,-0.0164,0.3261,13
2026-03-21T17:55:31.703440,4,0.0594,0.0425,0.0594,1.7190,0.6018,-0.2729,0.5363,7
2026-03-21T17:55:31.773223,0,0.0569,0.0569,0.0292,1.8943,0.5426,0.4158,0.3486,5
2026-03-21T17:55:31.773223,1,0.1449,0.1449,0.1029,1.9866,0.3202,0.1704,0.2711,25
2026-03-21T17:55:31.773223,2,0.0648,0.0648,0.0601,1.6465,0.6367,0.1589,0.6166,8
2026-03-21T17:55:31.773223,3,0.0775,0.0775,0.0674,1.9275,0.3244,-0.0229,0.3236,13
2026-03-21T17:55:31.773223,4,0.1120,0.0381,0.1120,1.7257,0.6079,-0.2704,0.5444,8
2026-03-21T17:55:31.841281,0,0.0468,0.0468,0.0213,1.8923,0.5418,0.4152,0.3481,5
2026-03-21T17:55:31.841281,1,0.1452,0.1452,0.0963,1.9847,0.3209,0.1706,0.2718,25
2026-03-21T17:55:31.841281,2,0.0687,0.0624,0.0687,1.6522,0.6375,0.1590,0.6173,8
2026-03-21T17:55:31.841281,3,0.0630,0.0630,0.0341,1.9237,0.3202,-0.0193,0.3196,12
2026-03-21T17:55:31.841281,4,0.0626,0.0392,0.0626,1.7249,0.5968,-0.2706,0.5319,7
2026-03-21T17:55:31.910934,0,0.0552,0.0552,0.0236,1.8892,0.5442,0.4171,0.3496,5
2026-03-21T17:55:31.910934,1,0.1546,0.1546,0.1105,1.9896,0.3203,0.1704,0.2712,25
2026-03-21T17:55:31.910934,2,0.0650,0.0638,0.0650,1.6465,0.6375,0.1590,0.6173,8
2026-03-21T17:55:31.910934,3,0.0635,0.0635,0.0290,1.9226,0.3232,-0.0195,0.3226,12
2026-03-21T17:55:31.910934,4,0.0705,0.0351,0.0705,1.7292,0.5999,-0.2719,0.5348,7
2026-03-21T17:55:31.980788,0,0.0559,0.0559,0.0195,1.8932,0.5392,0.4133,0.3464,5
2026-03-21T17:55:31.980788,1,0.1442,0.1442,0.0964,1.9848,0.3192,0.1699,0.2702,25
2026-03-21T17:55:31.980788,2,0.0669,0.0633,0.0669,1.6475,0.6382,0.1592,0.6181,8
2026-03-21T17:55:31.980788,3,0.0778,0.0745,0.0778,1.9217,0.3279,-0.0166,0.3275,13
2026-03-21T17:55:31.980788,4,0.0690,0.0364,0.0690,1.7240,0.6002,-0.2721,0.5350,7
2026-03-21T17:55:32.050808,0,0.0601,0.0461,0.0601,1.8949,0.5469,0.4158,0.3553,6
2026-03-21T17:55:32.050808,1,0.1599,0.1599,0.1046,1.9865,0.3201,0.1705,0.2709,25
2026-03-21T17:55:32.050808,2,0.0668,0.0631,0.0668,1.6494,0.6389,0.1593,0.6187,8
2026-03-21T17:55:32.050808,3,0.0646,0.0646,0.0298,1.9184,0.3236,-0.0197,0.3230,12
2026-03-21T17:55:32.050808,4,0.0693,0.0400,0.0693,1.7179,0.6028,-0.2732,0.5373,7
2026-03-21T17:55:32.120813,0,0.0498,0.0498,0.0235,1.8919,0.5412,0.4147,0.3477,5
2026-03-21T17:55:32.120813,1,0.1525,0.1525,0.0959,1.9852,0.3202,0.1706,0.2710,25
2026-03-21T17:55:32.120813,2,0.0716,0.0617,0.0716,1.6532,0.6396,0.1595,0.6194,8
2026-03-21T17:55:32.120813,3,0.0748,0.0722,0.0748,1.9177,0.3297,-0.0165,0.3293,13
2026-03-21T17:55:32.120813,4,0.0663,0.0378,0.0663,1.7231,0.6018,-0.2728,0.5364,7
2026-03-21T17:55:32.190364,0,0.0630,0.0468,0.0630,1.8951,0.5492,0.4175,0.3568,6
2026-03-21T17:55:32.190364,1,0.1425,0.1425,0.0961,1.9864,0.3195,0.1701,0.2705,25
2026-03-21T17:55:32.190364,2,0.0736,0.0614,0.0736,1.6522,0.6367,0.1587,0.6166,8
2026-03-21T17:55:32.190364,3,0.0767,0.0767,0.0571,1.9211,0.3264,-0.0230,0.3255,13
2026-03-21T17:55:32.190364,4,0.0681,0.0374,0.0681,1.7240,0.5998,-0.2719,0.5346,7
2026-03-21T17:55:32.259842,0,0.0438,0.0438,0.0285,1.8976,0.5384,0.4126,0.3460,5
2026-03-21T17:55:32.259842,1,0.1557,0.1557,0.1031,1.9897,0.3209,0.1709,0.2716,25
2026-03-21T17:55:32.259842,2,0.0643,0.0643,0.0640,1.6446,0.6390,0.1594,0.6188,8
2026-03-21T17:55:32.259842,3,0.0626,0.0626,0.0375,1.9251,0.3196,-0.0192,0.3190,12
2026-03-21T17:55:32.259842,4,0.0691,0.0366,0.0691,1.7223,0.6006,-0.2723,0.5354,7
2026-03-21T17:55:32.329716,0,0.0547,0.0547,0.0284,1.8994,0.5396,0.4136,0.3467,5
2026-03-21T17:55:32.329716,1,0.1513,0.1513,0.0971,1.9865,0.3202,0.1705,0.2710,25
2026-03-21T17:55:32.329716,2,0.0717,0.0620,0.0717,1.6503,0.6385,0.1592,0.6183,8
2026-03-21T17:55:32.329716,3,0.0854,0.0854,0.0799,1.9248,0.3291,-0.0199,0.3285,14
2026-03-21T17:55:32.329716,4,0.0717,0.0351,0.0717,1.7249,0.6018,-0.2728,0.5364,7
2026-03-21T17:55:32.398719,0,0.0590,0.0569,0.0590,1.8910,0.5524,0.4200,0.3589,6
2026-03-21T17:55:32.398719,1,0.1247,0.1247,0.1103,1.9912,0.3151,0.1648,0.2685,24
2026-03-21T17:55:32.398719,2,0.0728,0.0621,0.0728,1.6484,0.6389,0.1593,0.6187,8
2026-03-21T17:55:32.398719,3,0.0761,0.0761,0.0536,1.9235,0.3267,-0.0230,0.3259,13
2026-03-21T17:55:32.398719,4,0.0699,0.0360,0.0699,1.7240,0.6016,-0.2727,0.5363,7
2026-03-21T17:55:32.468326,0,0.0476,0.0476,0.0166,1.8923,0.5398,0.4137,0.3468,5
2026-03-21T17:55:32.468326,1,0.1521,0.1521,0.0996,1.9834,0.3203,0.1707,0.2711,25
2026-03-21T17:55:32.468326,2,0.0649,0.0649,0.0601,1.6456,0.6401,0.1597,0.6199,8
2026-03-21T17:55:32.468326,3,0.0639,0.0639,0.0400,1.9216,0.3206,-0.0195,0.3200,12
2026-03-21T17:55:32.468326,4,0.0556,0.0433,0.0556,1.7216,0.5986,-0.2715,0.5335,7
2026-03-21T17:55:32.538913,0,0.0568,0.0568,0.0286,1.8949,0.5408,0.4145,0.3475,5
2026-03-21T17:55:32.538913,1,0.1498,0.1498,0.0932,1.9872,0.3180,0.1692,0.2692,25
2026-03-21T17:55:32.538913,2,0.0653,0.0653,0.0602,1.6427,0.6390,0.1594,0.6188,8
2026-03-21T17:55:32.538913,3,0.0650,0.0650,0.0318,1.9224,0.3214,-0.0197,0.3208,12
2026-03-21T17:55:32.538913,4,0.0795,0.0307,0.0795,1.7318,0.6032,-0.2733,0.5377,7
2026-03-21T17:55:32.608004,0,0.0624,0.0467,0.0624,1.8938,0.5472,0.4160,0.3555,6
2026-03-21T17:55:32.608004,1,0.1481,0.1481,0.0963,1.9866,0.3192,0.1700,0.2702,25
2026-03-21T17:55:32.608004,2,0.0718,0.0624,0.0718,1.6475,0.6382,0.1591,0.6181,8
2026-03-21T17:55:32.608004,3,0.0634,0.0634,0.0345,1.9251,0.3222,-0.0195,0.3216,12
2026-03-21T17:55:32.608004,4,0.0699,0.0359,0.0699,1.7249,0.5999,-0.2719,0.5348,7
2026-03-21T17:55:32.678138,0,0.0543,0.0543,0.0252,1.8949,0.5382,0.4125,0.3458,5
2026-03-21T17:55:32.678138,1,0.1557,0.1557,0.1013,1.9888,0.3193,0.1698,0.2704,25
2026-03-21T17:55:32.678138,2,0.0640,0.0640,0.0640,1.6465,0.6360,0.1586,0.6159,8
2026-03-21T17:55:32.678138,3,0.0633,0.0633,0.0385,1.9241,0.3204,-0.0193,0.3198,12
2026-03-21T17:55:32.678138,4,0.0681,0.0368,0.0681,1.7240,0.5993,-0.2717,0.5342,7
2026-03-21T17:55:32.747675,0,0.0489,0.0489,0.0246,1.8923,0.5406,0.4143,0.3474,5
2026-03-21T17:55:32.747675,1,0.1540,0.1540,0.1002,1.9858,0.3212,0.1712,0.2718,25
2026-03-21T17:55:32.747675,2,0.0697,0.0621,0.0697,1.6532,0.6391,0.1594,0.6189,8
2026-03-21T17:55:32.747675,3,0.0647,0.0647,0.0392,1.9228,0.3230,-0.0196,0.3224,12
2026-03-21T17:55:32.747675,4,0.1176,0.0357,0.1176,1.7240,0.6114,-0.2719,0.5476,8
2026-03-21T17:55:32.817854,0,0.0455,0.0455,0.0286,1.8936,0.5444,0.4172,0.3498,5
2026-03-21T17:55:32.817854,1,0.1526,0.1526,0.0946,1.9897,0.3180,0.1694,0.2691,25
2026-03-21T17:55:32.817854,2,0.0665,0.0637,0.0665,1.6475,0.6384,0.1592,0.6182,8
2026-03-21T17:55:32.817854,3,0.0862,0.0742,0.0862,1.9241,0.3286,-0.0165,0.3282,13
2026-03-21T17:55:32.817854,4,0.0696,0.0354,0.0696,1.7301,0.5992,-0.2717,0.5341,7
2026-03-21T17:55:32.886557,0,0.0468,0.0468,0.0248,1.8932,0.5414,0.4149,0.3479,5
2026-03-21T17:55:32.886557,1,0.1533,0.1533,0.1055,1.9864,0.3205,0.1706,0.2713,25
2026-03-21T17:55:32.886557,2,0.0698,0.0624,0.0698,1.6503,0.6382,0.1591,0.6181,8
2026-03-21T17:55:32.886557,3,0.0650,0.0650,0.0395,1.9251,0.3221,-0.0195,0.3215,12
2026-03-21T17:55:32.886557,4,0.0619,0.0397,0.0619,1.7242,0.5992,-0.2716,0.5341,7
2026-03-21T17:55:32.956787,0,0.0560,0.0560,0.0290,1.8994,0.5396,0.4136,0.3466,5
2026-03-21T17:55:32.956787,1,0.1519,0.1519,0.1076,1.9904,0.3183,0.1695,0.2695,25
2026-03-21T17:55:32.956787,2,0.0699,0.0629,0.0699,1.6465,0.6366,0.1587,0.6165,8
2026-03-21T17:55:32.956787,3,0.0637,0.0637,0.0320,1.9196,0.3222,-0.0195,0.3216,12
2026-03-21T17:55:32.956787,4,0.0681,0.0368,0.0681,1.7240,0.6002,-0.2721,0.5350,7
2026-03-21T17:55:33.025556,0,0.0667,0.0553,0.0667,1.8994,0.5472,0.4161,0.3555,6
2026-03-21T17:55:33.025556,1,0.1606,0.1606,0.0881,1.9888,0.3202,0.1704,0.2711,25
2026-03-21T17:55:33.025556,2,0.0679,0.0634,0.0679,1.6456,0.6394,0.1595,0.6192,8
2026-03-21T17:55:33.025556,3,0.0785,0.0785,0.0639,1.9191,0.3283,-0.0232,0.3275,13
2026-03-21T17:55:33.025556,4,0.0627,0.0394,0.0627,1.7231,0.5989,-0.2715,0.5338,7
2026-03-21T17:55:33.095781,0,0.0523,0.0523,0.0274,1.8944,0.5426,0.4158,0.3486,5
2026-03-21T17:55:33.095781,1,0.1475,0.1475,0.1052,1.9946,0.3181,0.1692,0.2694,25
2026-03-21T17:55:33.095781,2,0.0717,0.0619,0.0717,1.6513,0.6395,0.1595,0.6193,8
2026-03-21T17:55:33.095781,3,0.0638,0.0638,0.0371,1.9247,0.3207,-0.0194,0.3201,12
2026-03-21T17:55:33.095781,4,0.0590,0.0411,0.0590,1.7223,0.5999,-0.2720,0.5347,7
2026-03-21T17:55:33.165441,0,0.0546,0.0546,0.0280,1.8930,0.5442,0.4171,0.3496,5
2026-03-21T17:55:33.165441,1,0.1494,0.1494,0.0997,1.9891,0.3194,0.1701,0.2704,25
2026-03-21T17:55:33.165441,2,0.0679,0.0634,0.0679,1.6456,0.6391,0.1594,0.6189,8
2026-03-21T17:55:33.165441,3,0.0627,0.0627,0.0282,1.9218,0.3217,-0.0194,0.3212,12
2026-03-21T17:55:33.165441,4,0.0653,0.0380,0.0653,1.7249,0.5985,-0.2713,0.5335,7
2026-03-21T17:55:33.235740,0,0.0943,0.0943,0.0274,1.8885,0.5582,0.4312,0.3545,6
2026-03-21T17:55:33.235740,1,0.1463,0.1463,0.1008,1.9864,0.3198,0.1702,0.2708,25
2026-03-21T17:55:33.235740,2,0.0725,0.0613,0.0725,1.6551,0.6379,0.1591,0.6177,8
2026-03-21T17:55:33.235740,3,0.0632,0.0632,0.0370,1.9235,0.3204,-0.0194,0.3198,12
2026-03-21T17:55:33.235740,4,0.0528,0.0444,0.0528,1.7233,0.5956,-0.2701,0.5309,7
2026-03-21T17:55:33.304676,0,0.0680,0.0466,0.0680,1.8925,0.5507,0.4186,0.3579,6
2026-03-21T17:55:33.304676,1,0.1512,0.1512,0.0979,1.9872,0.3198,0.1702,0.2707,25
2026-03-21T17:55:33.304676,2,0.0689,0.0630,0.0689,1.6475,0.6417,0.1601,0.6215,8
2026-03-21T17:55:33.304676,3,0.0628,0.0628,0.0400,1.9206,0.3213,-0.0193,0.3207,12
2026-03-21T17:55:33.304676,4,0.0673,0.0384,0.0673,1.7223,0.6023,-0.2731,0.5369,7
2026-03-21T17:55:33.374494,0,0.0539,0.0539,0.0239,1.8936,0.5432,0.4163,0.3490,5
2026-03-21T17:55:33.374494,1,0.1483,0.1483,0.0989,1.9873,0.3198,0.1702,0.2707,25
2026-03-21T17:55:33.374494,2,0.0650,0.0640,0.0650,1.6456,0.6392,0.1594,0.6190,8
2026-03-21T17:55:33.374494,3,0.0620,0.0620,0.0360,1.9255,0.3210,-0.0194,0.3204,12
2026-03-21T17:55:33.374494,4,0.0634,0.0387,0.0634,1.7257,0.6011,-0.2725,0.5357,7
2026-03-21T17:55:33.445583,0,0.0524,0.0524,0.0318,1.8968,0.5442,0.4170,0.3497,5
2026-03-21T17:55:33.445583,1,0.1434,0.1434,0.1058,1.9896,0.3203,0.1703,0.2712,25
2026-03-21T17:55:33.445583,2,0.0671,0.0639,0.0671,1.6427,0.6416,0.1601,0.6213,8
2026-03-21T17:55:33.445583,3,0.0632,0.0632,0.0412,1.9238,0.3212,-0.0193,0.3207,12
2026-03-21T17:55:33.445583,4,0.0607,0.0399,0.0607,1.7257,0.5986,-0.2714,0.5336,7
2026-03-21T17:55:33.513670,0,0.0585,0.0585,0.0261,1.8932,0.5442,0.4171,0.3496,5
2026-03-21T17:55:33.513670,1,0.1461,0.1461,0.0981,1.9856,0.3196,0.1699,0.2707,25
2026-03-21T17:55:33.513670,2,0.0657,0.0657,0.0582,1.6427,0.6354,0.1585,0.6153,8
2026-03-21T17:55:33.513670,3,0.0992,0.0725,0.0992,1.9271,0.3273,-0.0162,0.3269,13
2026-03-21T17:55:33.513670,4,0.0681,0.0369,0.0681,1.7231,0.6012,-0.2725,0.5359,7
2026-03-21T17:55:33.583124,0,0.0570,0.0570,0.0235,1.8925,0.5444,0.4172,0.3497,5
2026-03-21T17:55:33.583124,1,0.1553,0.1553,0.0995,1.9889,0.3210,0.1709,0.2717,25
2026-03-21T17:55:33.583124,2,0.0765,0.0605,0.0765,1.6551,0.6370,0.1588,0.6169,8
2026-03-21T17:55:33.583124,3,0.0624,0.0624,0.0390,1.9266,0.3213,-0.0194,0.3207,12
2026-03-21T17:55:33.583124,4,0.0656,0.0385,0.0656,1.7197,0.6025,-0.2731,0.5370,7
2026-03-21T17:55:33.652943,0,0.0950,0.0950,0.0372,1.8982,0.5531,0.4272,0.3513,6
2026-03-21T17:55:33.652943,1,0.1532,0.1532,0.1103,1.9912,0.3206,0.1706,0.2714,25
2026-03-21T17:55:33.652943,2,0.1229,0.0641,0.1229,1.6551,0.6439,0.1546,0.6251,9
2026-03-21T17:55:33.652943,3,0.0769,0.0769,0.0631,1.9281,0.3227,-0.0227,0.3219,13
2026-03-21T17:55:33.652943,4,0.0689,0.0363,0.0689,1.7257,0.5996,-0.2718,0.5345,7
2026-03-21T17:55:33.722856,0,0.0619,0.0578,0.0619,1.8925,0.5536,0.4209,0.3596,6
2026-03-21T17:55:33.722856,1,0.1612,0.1612,0.0958,1.9833,0.3205,0.1709,0.2711,25
2026-03-21T17:55:33.722856,2,0.0748,0.0622,0.0748,1.6446,0.6399,0.1596,0.6196,8
2026-03-21T17:55:33.722856,3,0.0628,0.0628,0.0505,1.9270,0.3207,-0.0192,0.3201,12
2026-03-21T17:55:33.722856,4,0.0708,0.0356,0.0708,1.7249,0.5989,-0.2715,0.5339,7
2026-03-21T17:55:33.792280,0,0.0524,0.0524,0.0248,1.8938,0.5438,0.4168,0.3494,5
2026-03-21T17:55:33.792280,1,0.1495,0.1495,0.0987,1.9834,0.3208,0.1709,0.2715,25
2026-03-21T17:55:33.792280,2,0.0794,0.0597,0.0794,1.6570,0.6360,0.1585,0.6159,8
2026-03-21T17:55:33.792280,3,0.0860,0.0860,0.0849,1.9228,0.3313,-0.0198,0.3307,14
2026-03-21T17:55:33.792280,4,0.0661,0.0373,0.0661,1.7275,0.6002,-0.2721,0.5350,7
2026-03-21T17:55:33.862225,0,0.0506,0.0506,0.0256,1.8919,0.5430,0.4161,0.3489,5
2026-03-21T17:55:33.862225,1,0.1445,0.1445,0.1109,1.9881,0.3206,0.1705,0.2715,25
2026-03-21T17:55:33.862225,2,0.0661,0.0644,0.0661,1.6408,0.6404,0.1597,0.6201,8
2026-03-21T17:55:33.862225,3,0.0628,0.0628,0.0395,1.9251,0.3205,-0.0193,0.3199,12
2026-03-21T17:55:33.862225,4,0.0707,0.0353,0.0707,1.7266,0.5978,-0.2709,0.5328,7
2026-03-21T17:55:33.931204,0,0.0678,0.0595,0.0678,1.8923,0.5566,0.4232,0.3616,6
2026-03-21T17:55:33.931204,1,0.1552,0.1552,0.1038,1.9866,0.3210,0.1709,0.2718,25
2026-03-21T17:55:33.931204,2,0.0657,0.0657,0.0582,1.6427,0.6406,0.1598,0.6204,8
2026-03-21T17:55:33.931204,3,0.0784,0.0784,0.0624,1.9186,0.3281,-0.0231,0.3273,13
2026-03-21T17:55:33.931204,4,0.1127,0.0363,0.1127,1.7292,0.6069,-0.2700,0.5435,8
2026-03-21T17:55:34.001533,0,0.0638,0.0545,0.0638,1.8944,0.5484,0.4169,0.3563,6
2026-03-21T17:55:34.001533,1,0.1536,0.1536,0.1019,1.9913,0.3190,0.1698,0.2700,25
2026-03-21T17:55:34.001533,2,0.0680,0.0635,0.0680,1.6446,0.6387,0.1593,0.6186,8
2026-03-21T17:55:34.001533,3,0.0946,0.0844,0.0946,1.9236,0.3297,-0.0196,0.3291,14
2026-03-21T17:55:34.001533,4,0.0671,0.0371,0.0671,1.7257,0.5996,-0.2718,0.5345,7
2026-03-21T17:55:34.071615,0,0.0606,0.0606,0.0278,1.8968,0.5412,0.4148,0.3477,5
2026-03-21T17:55:34.071615,1,0.1566,0.1566,0.1059,1.9868,0.3204,0.1705,0.2712,25
2026-03-21T17:55:34.071615,2,0.0745,0.0610,0.0745,1.6541,0.6362,0.1586,0.6162,8
2026-03-21T17:55:34.071615,3,0.0722,0.0722,0.0521,1.9237,0.3232,-0.0223,0.3224,13
2026-03-21T17:55:34.071615,4,0.1047,0.0377,0.1047,1.7240,0.6083,-0.2706,0.5447,8
2026-03-21T17:55:34.140527,0,0.0515,0.0515,0.0209,1.8919,0.5420,0.4154,0.3482,5
2026-03-21T17:55:34.140527,1,0.1509,0.1509,0.0919,1.9888,0.3177,0.1692,0.2689,25
2026-03-21T17:55:34.140527,2,0.0678,0.0627,0.0678,1.6513,0.6375,0.1589,0.6174,8
2026-03-21T17:55:34.140527,3,0.0714,0.0714,0.0449,1.9295,0.3201,-0.0222,0.3194,13
2026-03-21T17:55:34.140527,4,0.0599,0.0405,0.0599,1.7240,0.5991,-0.2716,0.5339,7
2026-03-21T17:55:34.210169,0,0.0679,0.0491,0.0679,1.8938,0.5509,0.4188,0.3580,6
2026-03-21T17:55:34.210169,1,0.1474,0.1474,0.0988,1.9872,0.3191,0.1698,0.2701,25
2026-03-21T17:55:34.210169,2,0.0659,0.0634,0.0659,1.6484,0.6379,0.1591,0.6177,8
2026-03-21T17:55:34.210169,3,0.0753,0.0753,0.0540,1.9255,0.3240,-0.0226,0.3232,13
2026-03-21T17:55:34.210169,4,0.0589,0.0408,0.0589,1.7249,0.5999,-0.2720,0.5347,7
2026-03-21T17:55:34.279866,0,0.0560,0.0560,0.0253,1.8917,0.5432,0.4163,0.3490,5
2026-03-21T17:55:34.279866,1,0.1480,0.1480,0.0994,1.9888,0.3180,0.1693,0.2692,25
2026-03-21T17:55:34.279866,2,0.0649,0.0635,0.0649,1.6494,0.6354,0.1584,0.6153,8
2026-03-21T17:55:34.279866,3,0.0842,0.0803,0.0842,1.9241,0.3276,-0.0193,0.3271,14
2026-03-21T17:55:34.279866,4,0.0681,0.0369,0.0681,1.7231,0.5993,-0.2717,0.5342,7
2026-03-21T17:55:34.349220,0,0.0522,0.0522,0.0262,1.8919,0.5432,0.4163,0.3490,5
2026-03-21T17:55:34.349220,1,0.1532,0.1532,0.0946,1.9897,0.3178,0.1693,0.2690,25
2026-03-21T17:55:34.349220,2,0.0660,0.0639,0.0660,1.6446,0.6380,0.1592,0.6178,8
2026-03-21T17:55:34.349220,3,0.0870,0.0870,0.0732,1.9227,0.3289,-0.0261,0.3279,14
2026-03-21T17:55:34.349220,4,0.0697,0.0356,0.0697,1.7283,0.5982,-0.2711,0.5332,7
2026-03-21T17:55:34.419846,0,0.0577,0.0577,0.0574,1.8894,0.5526,0.4201,0.3589,6
2026-03-21T17:55:34.419846,1,0.1571,0.1571,0.0992,1.9848,0.3204,0.1707,0.2711,25
2026-03-21T17:55:34.419846,2,0.0697,0.0623,0.0697,1.6513,0.6375,0.1590,0.6174,8
2026-03-21T17:55:34.419846,3,0.0707,0.0707,0.0485,1.9261,0.3231,-0.0224,0.3223,13
2026-03-21T17:55:34.419846,4,0.0636,0.0392,0.0636,1.7231,0.5991,-0.2716,0.5339,7
2026-03-21T17:55:34.489482,0,0.0700,0.0554,0.0700,1.8932,0.5549,0.4218,0.3606,6
2026-03-21T17:55:34.489482,1,0.1585,0.1585,0.0935,1.9857,0.3209,0.1708,0.2716,25
2026-03-21T17:55:34.489482,2,0.0706,0.0615,0.0706,1.6560,0.6340,0.1580,0.6140,8
2026-03-21T17:55:34.489482,3,0.0730,0.0730,0.0615,1.9280,0.3239,-0.0224,0.3231,13
2026-03-21T17:55:34.489482,4,0.0610,0.0411,0.0610,1.7205,0.5995,-0.2718,0.5343,7
2026-03-21T17:55:34.558678,0,0.0555,0.0555,0.0282,1.8919,0.5466,0.4189,0.3512,5
2026-03-21T17:55:34.558678,1,0.1515,0.1515,0.1060,1.9888,0.3208,0.1708,0.2716,25
2026-03-21T17:55:34.558678,2,0.0727,0.0620,0.0727,1.6494,0.6375,0.1590,0.6174,8
2026-03-21T17:55:34.558678,3,0.0709,0.0709,0.0469,1.9285,0.3198,-0.0220,0.3190,13
2026-03-21T17:55:34.558678,4,0.0529,0.0444,0.0529,1.7179,0.6003,-0.2722,0.5351,7
2026-03-21T17:55:34.628815,0,0.0554,0.0554,0.0287,1.8923,0.5446,0.4174,0.3499,5
2026-03-21T17:55:34.628815,1,0.1540,0.1540,0.0949,1.9833,0.3193,0.1701,0.2703,25
2026-03-21T17:55:34.628815,2,0.0648,0.0648,0.0617,1.6446,0.6380,0.1591,0.6178,8
2026-03-21T17:55:34.628815,3,0.0705,0.0705,0.0470,1.9255,0.3215,-0.0223,0.3207,13
2026-03-21T17:55:34.628815,4,0.0751,0.0339,0.0751,1.7301,0.5985,-0.2713,0.5335,7
2026-03-21T17:55:34.698247,0,0.0537,0.0537,0.0212,1.8936,0.5390,0.4131,0.3463,5
2026-03-21T17:55:34.698247,1,0.1570,0.1570,0.1037,1.9912,0.3198,0.1702,0.2708,25
2026-03-21T17:55:34.698247,2,0.0786,0.0608,0.0786,1.6494,0.6391,0.1593,0.6189,8
2026-03-21T17:55:34.698247,3,0.0710,0.0710,0.0545,1.9290,0.3196,-0.0222,0.3188,13
2026-03-21T17:55:34.698247,4,0.0672,0.0373,0.0672,1.7240,0.6016,-0.2727,0.5363,7
2026-03-21T17:55:34.768130,0,0.0670,0.0577,0.0670,1.8943,0.5522,0.4198,0.3588,6
2026-03-21T17:55:34.768130,1,0.1494,0.1494,0.0879,1.9857,0.3197,0.1702,0.2706,25
2026-03-21T17:55:34.768130,2,0.0756,0.0610,0.0756,1.6522,0.6380,0.1590,0.6178,8
2026-03-21T17:55:34.768130,3,0.0859,0.0859,0.0767,1.9311,0.3232,-0.0257,0.3222,14
2026-03-21T17:55:34.768130,4,0.0731,0.0335,0.0731,1.7327,0.5982,-0.2711,0.5332,7
2026-03-21T17:55:34.837445,0,0.0498,0.0498,0.0228,1.8925,0.5406,0.4143,0.3473,5
2026-03-21T17:55:34.837445,1,0.1501,0.1501,0.1004,1.9870,0.3199,0.1702,0.2708,25
2026-03-21T17:55:34.837445,2,0.0685,0.0639,0.0685,1.6475,0.6379,0.1590,0.6177,8
2026-03-21T17:55:34.837445,3,0.0703,0.0703,0.0520,1.9266,0.3215,-0.0222,0.3208,13
2026-03-21T17:55:34.837445,4,0.0558,0.0439,0.0558,1.7181,0.5991,-0.2717,0.5339,7
2026-03-21T17:55:34.908219,0,0.0611,0.0538,0.0611,1.8932,0.5504,0.4184,0.3576,6
2026-03-21T17:55:34.908219,1,0.1460,0.1460,0.0920,1.9842,0.3203,0.1706,0.2711,25
2026-03-21T17:55:34.908219,2,0.0659,0.0635,0.0659,1.6475,0.6377,0.1590,0.6176,8
2026-03-21T17:55:34.908219,3,0.0714,0.0714,0.0460,1.9255,0.3213,-0.0223,0.3205,13
2026-03-21T17:55:34.908219,4,0.0780,0.0350,0.0780,1.7266,0.6003,-0.2721,0.5351,7
2026-03-21T17:55:34.977530,0,0.0664,0.0538,0.0664,1.8923,0.5519,0.4195,0.3586,6
2026-03-21T17:55:34.977530,1,0.1502,0.1502,0.0979,1.9873,0.3219,0.1714,0.2726,25
2026-03-21T17:55:34.977530,2,0.0639,0.0639,0.0629,1.6494,0.6370,0.1589,0.6168,8
2026-03-21T17:55:34.977530,3,0.0720,0.0720,0.0450,1.9226,0.3214,-0.0222,0.3206,13
2026-03-21T17:55:34.977530,4,0.0796,0.0326,0.0796,1.7301,0.5991,-0.2715,0.5340,7
2026-03-21T17:55:35.047149,0,0.0615,0.0522,0.0615,1.8943,0.5491,0.4174,0.3567,6
2026-03-21T17:55:35.047149,1,0.1594,0.1594,0.0996,1.9880,0.3201,0.1705,0.2709,25
2026-03-21T17:55:35.047149,2,0.0671,0.0639,0.0671,1.6427,0.6375,0.1590,0.6173,8
2026-03-21T17:55:35.047149,3,0.0720,0.0720,0.0561,1.9286,0.3221,-0.0223,0.3214,13
2026-03-21T17:55:35.047149,4,0.0574,0.0422,0.0574,1.7197,0.5999,-0.2721,0.5347,7
2026-03-21T17:55:35.117023,0,0.0575,0.0575,0.0279,1.8949,0.5400,0.4138,0.3469,5
2026-03-21T17:55:35.117023,1,0.1549,0.1549,0.1065,1.9865,0.3206,0.1706,0.2714,25
2026-03-21T17:55:35.117023,2,0.0649,0.0635,0.0649,1.6494,0.6360,0.1587,0.6159,8
2026-03-21T17:55:35.117023,3,0.0712,0.0712,0.0490,1.9245,0.3233,-0.0224,0.3225,13
2026-03-21T17:55:35.117023,4,0.0653,0.0380,0.0653,1.7249,0.5983,-0.2713,0.5333,7
2026-03-21T17:55:35.185883,0,0.0511,0.0511,0.0254,1.8951,0.5438,0.4168,0.3494,5
2026-03-21T17:55:35.185883,1,0.1508,0.1508,0.0947,1.9888,0.3178,0.1693,0.2689,25
2026-03-21T17:55:35.185883,2,0.0669,0.0669,0.0570,1.6389,0.6402,0.1597,0.6200,8
2026-03-21T17:55:35.185883,3,0.1011,0.0805,0.1011,1.9270,0.3283,-0.0193,0.3277,14
2026-03-21T17:55:35.185883,4,0.0625,0.0390,0.0625,1.7266,0.5978,-0.2710,0.5328,7
2026-03-21T17:55:35.255939,0,0.0523,0.0523,0.0272,1.8955,0.5418,0.4152,0.3481,5
2026-03-21T17:55:35.255939,1,0.1466,0.1466,0.1071,1.9880,0.3216,0.1710,0.2724,25
2026-03-21T17:55:35.255939,2,0.0650,0.0638,0.0650,1.6465,0.6377,0.1591,0.6176,8
2026-03-21T17:55:35.255939,3,0.0712,0.0712,0.0441,1.9237,0.3211,-0.0223,0.3203,13
2026-03-21T17:55:35.255939,4,0.1155,0.0365,0.1155,1.7275,0.6084,-0.2706,0.5449,8
2026-03-21T17:55:35.326098,0,0.0546,0.0546,0.0149,1.8913,0.5424,0.4157,0.3484,5
2026-03-21T17:55:35.326098,1,0.1544,0.1544,0.0897,1.9866,0.3196,0.1703,0.2705,25
2026-03-21T17:55:35.326098,2,0.0892,0.0579,0.0892,1.6560,0.6375,0.1589,0.6174,8
2026-03-21T17:55:35.326098,3,0.0717,0.0717,0.0514,1.9320,0.3195,-0.0222,0.3187,13
2026-03-21T17:55:35.326098,4,0.0726,0.0377,0.0726,1.7249,0.6008,-0.2723,0.5355,7
2026-03-21T17:55:35.395610,0,0.0417,0.0417,0.0241,1.8932,0.5420,0.4153,0.3483,5
2026-03-21T17:55:35.395610,1,0.1512,0.1512,0.0957,1.9832,0.3214,0.1710,0.2722,25
2026-03-21T17:55:35.395610,2,0.0805,0.0601,0.0805,1.6522,0.6384,0.1591,0.6182,8
2026-03-21T17:55:35.395610,3,0.0869,0.0869,0.0751,1.9247,0.3265,-0.0260,0.3255,14
2026-03-21T17:55:35.395610,4,0.1157,0.0363,0.1157,1.7249,0.6090,-0.2709,0.5455,8
2026-03-21T17:55:35.465860,0,0.0670,0.0491,0.0670,1.8969,0.5476,0.4162,0.3558,6
2026-03-21T17:55:35.465860,1,0.1561,0.1561,0.0876,1.9864,0.3192,0.1702,0.2700,25
2026-03-21T17:55:35.465860,2,0.0718,0.0624,0.0718,1.6475,0.6391,0.1594,0.6189,8
2026-03-21T17:55:35.465860,3,0.0710,0.0710,0.0445,1.9301,0.3189,-0.0223,0.3181,13
2026-03-21T17:55:35.465860,4,0.0644,0.0385,0.0644,1.7240,0.6009,-0.2724,0.5356,7
2026-03-21T17:55:35.535159,0,0.0584,0.0514,0.0584,1.8898,0.5511,0.4190,0.3580,6
2026-03-21T17:55:35.535159,1,0.1403,0.1403,0.0984,1.9888,0.3195,0.1700,0.2706,25
2026-03-21T17:55:35.535159,2,0.0660,0.0640,0.0660,1.6437,0.6396,0.1596,0.6194,8
2026-03-21T17:55:35.535159,3,0.0719,0.0719,0.0435,1.9261,0.3219,-0.0224,0.3211,13
2026-03-21T17:55:35.535159,4,0.0689,0.0372,0.0689,1.7257,0.5982,-0.2712,0.5332,7
2026-03-21T17:55:35.603788,0,0.0633,0.0524,0.0633,1.8919,0.5532,0.4206,0.3594,6
2026-03-21T17:55:35.603788,1,0.1571,0.1571,0.0924,1.9865,0.3204,0.1707,0.2711,25
2026-03-21T17:55:35.603788,2,0.0642,0.0642,0.0630,1.6465,0.6370,0.1589,0.6169,8
2026-03-21T17:55:35.603788,3,0.0707,0.0707,0.0529,1.9315,0.3208,-0.0222,0.3200,13
2026-03-21T17:55:35.603788,4,0.0608,0.0401,0.0608,1.7240,0.5993,-0.2717,0.5342,7
2026-03-21T17:55:35.675186,0,0.0624,0.0500,0.0624,1.8910,0.5537,0.4210,0.3598,6
2026-03-21T17:55:35.675186,1,0.1495,0.1495,0.0982,1.9857,0.3196,0.1702,0.2705,25
2026-03-21T17:55:35.675186,2,0.1242,0.0650,0.1242,1.6475,0.6474,0.1553,0.6285,9
2026-03-21T17:55:35.675186,3,0.0852,0.0790,0.0852,1.9261,0.3261,-0.0192,0.3255,14
2026-03-21T17:55:35.675186,4,0.1051,0.0418,0.1051,1.7171,0.6126,-0.2725,0.5487,8
2026-03-21T17:55:35.744418,0,0.0589,0.0589,0.0177,1.8894,0.5462,0.4187,0.3508,5
2026-03-21T17:55:35.744418,1,0.1505,0.1505,0.0863,1.9832,0.3210,0.1708,0.2717,25
2026-03-21T17:55:35.744418,2,0.0659,0.0634,0.0659,1.6484,0.6382,0.1592,0.6181,8
2026-03-21T17:55:35.744418,3,0.0721,0.0721,0.0365,1.9211,0.3230,-0.0225,0.3222,13
2026-03-21T17:55:35.744418,4,0.0645,0.0387,0.0645,1.7231,0.5991,-0.2716,0.5339,7
2026-03-21T17:55:35.814156,0,0.0599,0.0599,0.0233,1.8936,0.5404,0.4142,0.3472,5
2026-03-21T17:55:35.814156,1,0.1487,0.1487,0.0987,1.9880,0.3197,0.1702,0.2706,25
2026-03-21T17:55:35.814156,2,0.0678,0.0629,0.0678,1.6494,0.6396,0.1596,0.6194,8
2026-03-21T17:55:35.814156,3,0.0802,0.0798,0.0802,1.9261,0.3276,-0.0195,0.3270,14
2026-03-21T17:55:35.814156,4,0.0618,0.0399,0.0618,1.7223,0.6009,-0.2724,0.5356,7
2026-03-21T17:55:35.883660,0,0.0583,0.0583,0.0206,1.8930,0.5402,0.4140,0.3470,5
2026-03-21T17:55:35.883660,1,0.1529,0.1529,0.1010,1.9857,0.3204,0.1707,0.2712,25
2026-03-21T17:55:35.883660,2,0.0657,0.0657,0.0582,1.6427,0.6392,0.1595,0.6190,8
2026-03-21T17:55:35.883660,3,0.0613,0.0613,0.0397,1.9222,0.3203,-0.0192,0.3198,12
2026-03-21T17:55:35.883660,4,0.0662,0.0376,0.0662,1.7249,0.5985,-0.2713,0.5334,7
2026-03-21T17:55:35.953140,0,0.0707,0.0460,0.0707,1.9000,0.5487,0.4171,0.3566,6
2026-03-21T17:55:35.953140,1,0.1495,0.1495,0.0995,1.9870,0.3194,0.1700,0.2704,25
2026-03-21T17:55:35.953140,2,0.0650,0.0650,0.0627,1.6423,0.6367,0.1588,0.6166,8
2026-03-21T17:55:35.953140,3,0.0633,0.0633,0.0425,1.9191,0.3232,-0.0195,0.3226,12
2026-03-21T17:55:35.953140,4,0.0635,0.0388,0.0635,1.7249,0.5988,-0.2715,0.5337,7
2026-03-21T17:55:36.022642,0,0.0522,0.0522,0.0241,1.8944,0.5402,0.4140,0.3471,5
2026-03-21T17:55:36.022642,1,0.1429,0.1429,0.0932,1.9864,0.3191,0.1700,0.2701,25
2026-03-21T17:55:36.022642,2,0.0688,0.0627,0.0688,1.6494,0.6366,0.1588,0.6165,8
2026-03-21T17:55:36.022642,3,0.0639,0.0639,0.0350,1.9196,0.3232,-0.0195,0.3226,12
2026-03-21T17:55:36.022642,4,0.0582,0.0417,0.0582,1.7205,0.6015,-0.2727,0.5361,7
2026-03-21T17:55:36.092821,0,0.0616,0.0459,0.0616,1.8957,0.5461,0.4151,0.3548,6
2026-03-21T17:55:36.092821,1,0.1522,0.1522,0.1056,1.9912,0.3191,0.1700,0.2701,25
2026-03-21T17:55:36.092821,2,0.0659,0.0634,0.0659,1.6484,0.6375,0.1590,0.6173,8
2026-03-21T17:55:36.092821,3,0.0816,0.0715,0.0816,1.9255,0.3241,-0.0162,0.3236,13
2026-03-21T17:55:36.092821,4,0.0645,0.0386,0.0645,1.7231,0.6011,-0.2725,0.5358,7
2026-03-21T17:55:36.161576,0,0.0573,0.0444,0.0573,1.8968,0.5454,0.4146,0.3543,6
2026-03-21T17:55:36.161576,1,0.1487,0.1487,0.1084,1.9903,0.3177,0.1690,0.2690,25
2026-03-21T17:55:36.161576,2,0.0649,0.0637,0.0649,1.6475,0.6382,0.1592,0.6181,8
2026-03-21T17:55:36.161576,3,0.0643,0.0643,0.0400,1.9235,0.3231,-0.0195,0.3225,12
2026-03-21T17:55:36.161576,4,0.0645,0.0386,0.0645,1.7231,0.6003,-0.2722,0.5351,7
2026-03-21T17:55:36.232276,0,0.0897,0.0897,0.0314,1.8936,0.5544,0.4283,0.3521,6
2026-03-21T17:55:36.232276,1,0.1418,0.1418,0.1026,1.9891,0.3189,0.1697,0.2700,25
2026-03-21T17:55:36.232276,2,0.0640,0.0639,0.0640,1.6475,0.6392,0.1595,0.6190,8
2026-03-21T17:55:36.232276,3,0.0628,0.0628,0.0306,1.9171,0.3216,-0.0194,0.3210,12
2026-03-21T17:55:36.232276,4,0.0699,0.0374,0.0699,1.7240,0.5998,-0.2719,0.5346,7
2026-03-21T17:55:36.301898,0,0.0585,0.0585,0.0259,1.8963,0.5406,0.4143,0.3473,5
2026-03-21T17:55:36.301898,1,0.1485,0.1485,0.0979,1.9864,0.3185,0.1696,0.2696,25
2026-03-21T17:55:36.301898,2,0.0650,0.0638,0.0650,1.6465,0.6364,0.1587,0.6163,8
2026-03-21T17:55:36.301898,3,0.0614,0.0614,0.0415,1.9231,0.3209,-0.0190,0.3203,12
2026-03-21T17:55:36.301898,4,0.0736,0.0345,0.0736,1.7231,0.6036,-0.2736,0.5381,7
2026-03-21T17:55:36.370766,0,0.0481,0.0481,0.0175,1.8925,0.5374,0.4119,0.3453,5
2026-03-21T17:55:36.370766,1,0.1431,0.1431,0.0980,1.9912,0.3197,0.1701,0.2707,25
2026-03-21T17:55:36.370766,2,0.0776,0.0609,0.0776,1.6503,0.6392,0.1594,0.6191,8
2026-03-21T17:55:36.370766,3,0.0748,0.0748,0.0473,1.9251,0.3247,-0.0227,0.3239,13
2026-03-21T17:55:36.370766,4,0.0717,0.0382,0.0717,1.7249,0.6005,-0.2722,0.5352,7
2026-03-21T17:55:36.441214,0,0.0467,0.0467,0.0225,1.8955,0.5382,0.4125,0.3458,5
2026-03-21T17:55:36.441214,1,0.1550,0.1550,0.0929,1.9832,0.3210,0.1711,0.2717,25
2026-03-21T17:55:36.441214,2,0.1251,0.0646,0.1251,1.6494,0.6473,0.1554,0.6284,9
2026-03-21T17:55:36.441214,3,0.0739,0.0739,0.0398,1.9224,0.3241,-0.0227,0.3233,13
2026-03-21T17:55:36.441214,4,0.0675,0.0391,0.0675,1.7188,0.6025,-0.2731,0.5370,7
2026-03-21T17:55:36.511041,0,0.0530,0.0530,0.0272,1.8969,0.5396,0.4135,0.3467,5
2026-03-21T17:55:36.511041,1,0.1443,0.1443,0.0934,1.9874,0.3179,0.1692,0.2692,25
2026-03-21T17:55:36.511041,2,0.0777,0.0612,0.0777,1.6475,0.6400,0.1595,0.6198,8
2026-03-21T17:55:36.511041,3,0.0747,0.0747,0.0470,1.9255,0.3249,-0.0227,0.3241,13
2026-03-21T17:55:36.511041,4,0.0671,0.0382,0.0671,1.7249,0.5982,-0.2712,0.5332,7
2026-03-21T17:55:36.581919,0,0.0499,0.0499,0.0214,1.8944,0.5398,0.4137,0.3468,5
2026-03-21T17:55:36.581919,1,0.1574,0.1574,0.0946,1.9868,0.3207,0.1708,0.2714,25
2026-03-21T17:55:36.581919,2,0.1222,0.0654,0.1222,1.6475,0.6499,0.1560,0.6309,9
2026-03-21T17:55:36.581919,3,0.0724,0.0724,0.0515,1.9261,0.3228,-0.0224,0.3220,13
2026-03-21T17:55:36.581919,4,0.0618,0.0399,0.0618,1.7223,0.6009,-0.2725,0.5356,7
2026-03-21T17:55:36.650347,0,0.0623,0.0544,0.0623,1.8957,0.5457,0.4149,0.3545,6
2026-03-21T17:55:36.650347,1,0.1528,0.1528,0.1005,1.9880,0.3202,0.1703,0.2712,25
2026-03-21T17:55:36.650347,2,0.0729,0.0626,0.0729,1.6446,0.6405,0.1597,0.6203,8
2026-03-21T17:55:36.650347,3,0.0746,0.0746,0.0440,1.9228,0.3259,-0.0228,0.3251,13
2026-03-21T17:55:36.650347,4,0.0726,0.0365,0.0726,1.7249,0.6003,-0.2721,0.5351,7
2026-03-21T17:55:36.719195,0,0.0577,0.0577,0.0272,1.8969,0.5420,0.4154,0.3482,5
2026-03-21T17:55:36.719195,1,0.1436,0.1436,0.1040,1.9897,0.3183,0.1695,0.2694,25
2026-03-21T17:55:36.719195,2,0.0649,0.0649,0.0617,1.6475,0.6381,0.1592,0.6179,8
2026-03-21T17:55:36.719195,3,0.0751,0.0751,0.0540,1.9306,0.3219,-0.0223,0.3211,13
2026-03-21T17:55:36.719195,4,0.0716,0.0360,0.0716,1.7257,0.6005,-0.2722,0.5353,7
2026-03-21T17:55:36.789235,0,0.0506,0.0506,0.0267,1.8957,0.5390,0.4131,0.3463,5
2026-03-21T17:55:36.789235,1,0.1536,0.1536,0.1034,1.9872,0.3191,0.1699,0.2701,25
2026-03-21T17:55:36.789235,2,0.0678,0.0629,0.0678,1.6494,0.6390,0.1594,0.6188,8
2026-03-21T17:55:36.789235,3,0.0741,0.0741,0.0444,1.9252,0.3235,-0.0224,0.3227,13
2026-03-21T17:55:36.789235,4,0.0601,0.0412,0.0601,1.7225,0.5976,-0.2709,0.5327,7
2026-03-21T17:55:36.859333,0,0.0475,0.0475,0.0215,1.8932,0.5390,0.4131,0.3463,5
2026-03-21T17:55:36.859333,1,0.1500,0.1500,0.0969,1.9872,0.3196,0.1701,0.2706,25
2026-03-21T17:55:36.859333,2,0.0669,0.0632,0.0669,1.6484,0.6362,0.1587,0.6161,8
2026-03-21T17:55:36.859333,3,0.0912,0.0847,0.0912,1.9261,0.3269,-0.0194,0.3263,14
2026-03-21T17:55:36.859333,4,0.0627,0.0395,0.0627,1.7223,0.5968,-0.2706,0.5319,7
2026-03-21T17:55:36.928284,0,0.0489,0.0489,0.0272,1.8982,0.5362,0.4109,0.3445,5
2026-03-21T17:55:36.928284,1,0.1487,0.1487,0.1073,1.9920,0.3180,0.1692,0.2692,25
2026-03-21T17:55:36.928284,2,0.0645,0.0645,0.0631,1.6446,0.6391,0.1594,0.6189,8
2026-03-21T17:55:36.928284,3,0.0757,0.0757,0.0555,1.9291,0.3252,-0.0227,0.3244,13
2026-03-21T17:55:36.928284,4,0.0642,0.0381,0.0642,1.7275,0.5998,-0.2719,0.5346,7
2026-03-21T17:55:36.999240,0,0.0513,0.0513,0.0246,1.8943,0.5400,0.4138,0.3469,5
2026-03-21T17:55:36.999240,1,0.1437,0.1437,0.1008,1.9864,0.3204,0.1704,0.2713,25
2026-03-21T17:55:36.999240,2,0.0709,0.0627,0.0709,1.6465,0.6390,0.1593,0.6188,8
2026-03-21T17:55:36.999240,3,0.0724,0.0724,0.0390,1.9285,0.3196,-0.0221,0.3188,13
2026-03-21T17:55:36.999240,4,0.0653,0.0380,0.0653,1.7249,0.5968,-0.2706,0.5319,7
2026-03-21T17:55:37.067915,0,0.0482,0.0482,0.0218,1.8955,0.5370,0.4115,0.3450,5
2026-03-21T17:55:37.067915,1,0.1403,0.1403,0.1000,1.9856,0.3199,0.1701,0.2710,25
2026-03-21T17:55:37.067915,2,0.0656,0.0642,0.0656,1.6442,0.6376,0.1590,0.6175,8
2026-03-21T17:55:37.067915,3,0.0753,0.0753,0.0526,1.9275,0.3217,-0.0227,0.3209,13
2026-03-21T17:55:37.067915,4,0.0706,0.0352,0.0706,1.7283,0.6011,-0.2725,0.5358,7
2026-03-21T17:55:37.137764,0,0.0513,0.0513,0.0178,1.8949,0.5360,0.4108,0.3443,5
2026-03-21T17:55:37.137764,1,0.1539,0.1539,0.0949,1.9881,0.3193,0.1701,0.2703,25
2026-03-21T17:55:37.137764,2,0.1145,0.0676,0.1145,1.6418,0.6471,0.1554,0.6282,9
2026-03-21T17:55:37.137764,3,0.0717,0.0717,0.0441,1.9227,0.3208,-0.0222,0.3201,13
2026-03-21T17:55:37.137764,4,0.0672,0.0373,0.0672,1.7231,0.6006,-0.2723,0.5354,7
2026-03-21T17:55:37.207819,0,0.0462,0.0462,0.0292,1.8949,0.5432,0.4163,0.3490,5
2026-03-21T17:55:37.207819,1,0.1495,0.1495,0.0863,1.9889,0.3178,0.1692,0.2691,25
2026-03-21T17:55:37.207819,2,0.0768,0.0617,0.0768,1.6456,0.6412,0.1598,0.6210,8
2026-03-21T17:55:37.207819,3,0.0745,0.0745,0.0487,1.9266,0.3224,-0.0226,0.3216,13
2026-03-21T17:55:37.207819,4,0.0759,0.0324,0.0759,1.7309,0.6001,-0.2719,0.5349,7
2026-03-21T17:55:37.277596,0,0.0521,0.0521,0.0246,1.8930,0.5414,0.4149,0.3478,5
2026-03-21T17:55:37.277596,1,0.1528,0.1528,0.0999,1.9912,0.3197,0.1703,0.2706,25
2026-03-21T17:55:37.277596,2,0.0698,0.0627,0.0698,1.6484,0.6376,0.1590,0.6175,8
2026-03-21T17:55:37.277596,3,0.0754,0.0754,0.0551,1.9290,0.3219,-0.0227,0.3211,13
2026-03-21T17:55:37.277596,4,0.0772,0.0353,0.0772,1.7240,0.6021,-0.2729,0.5367,7
2026-03-21T17:55:37.347250,0,0.0597,0.0507,0.0597,1.8910,0.5519,0.4196,0.3585,6
2026-03-21T17:55:37.347250,1,0.1599,0.1599,0.0999,1.9865,0.3198,0.1704,0.2706,25
2026-03-21T17:55:37.347250,2,0.1223,0.0656,0.1223,1.6456,0.6492,0.1559,0.6302,9
2026-03-21T17:55:37.347250,3,0.0640,0.0640,0.0438,1.9224,0.3217,-0.0194,0.3211,12
2026-03-21T17:55:37.347250,4,0.0663,0.0378,0.0663,1.7231,0.6008,-0.2724,0.5355,7
2026-03-21T17:55:37.417224,0,0.0637,0.0637,0.0581,1.8963,0.5471,0.4160,0.3553,6
2026-03-21T17:55:37.417224,1,0.1228,0.1228,0.0963,1.9876,0.3151,0.1649,0.2685,24
2026-03-21T17:55:37.417224,2,0.0748,0.0621,0.0748,1.6456,0.6405,0.1597,0.6203,8
2026-03-21T17:55:37.417224,3,0.0631,0.0631,0.0420,1.9235,0.3207,-0.0194,0.3202,12
2026-03-21T17:55:37.417224,4,0.0761,0.0350,0.0761,1.7275,0.6011,-0.2724,0.5358,7
2026-03-21T17:55:37.486806,0,0.0599,0.0599,0.0565,1.8899,0.5502,0.4184,0.3574,6
2026-03-21T17:55:37.486806,1,0.1609,0.1609,0.0945,1.9895,0.3194,0.1703,0.2702,25
2026-03-21T17:55:37.486806,2,0.0659,0.0659,0.0588,1.6456,0.6361,0.1587,0.6160,8
2026-03-21T17:55:37.486806,3,0.0632,0.0632,0.0330,1.9255,0.3194,-0.0194,0.3188,12
2026-03-21T17:55:37.486806,4,0.1111,0.0376,0.1111,1.7249,0.6085,-0.2707,0.5450,8
2026-03-21T17:55:37.555359,0,0.0590,0.0590,0.0553,1.8968,0.5444,0.4140,0.3536,6
2026-03-21T17:55:37.555359,1,0.1533,0.1533,0.0976,1.9842,0.3197,0.1703,0.2706,25
2026-03-21T17:55:37.555359,2,0.0700,0.0632,0.0700,1.6437,0.6401,0.1597,0.6199,8
2026-03-21T17:55:37.555359,3,0.0777,0.0777,0.0659,1.9251,0.3250,-0.0230,0.3242,13
2026-03-21T17:55:37.555359,4,0.1201,0.0357,0.1201,1.7283,0.6088,-0.2707,0.5452,8
2026-03-21T17:55:37.625783,0,0.0530,0.0530,0.0207,1.8944,0.5394,0.4134,0.3465,5
2026-03-21T17:55:37.625783,1,0.1515,0.1515,0.0906,1.9865,0.3192,0.1700,0.2702,25
2026-03-21T17:55:37.625783,2,0.0695,0.0645,0.0695,1.6475,0.6394,0.1594,0.6192,8
2026-03-21T17:55:37.625783,3,0.0789,0.0789,0.0702,1.9244,0.3248,-0.0231,0.3240,13
2026-03-21T17:55:37.625783,4,0.0654,0.0387,0.0654,1.7231,0.6003,-0.2722,0.5351,7
2026-03-21T17:55:37.694759,0,0.0607,0.0528,0.0607,1.8962,0.5479,0.4166,0.3559,6
2026-03-21T17:55:37.694759,1,0.1473,0.1473,0.0994,1.9888,0.3173,0.1689,0.2687,25
2026-03-21T17:55:37.694759,2,0.0708,0.0623,0.0708,1.6494,0.6376,0.1590,0.6175,8
2026-03-21T17:55:37.694759,3,0.0873,0.0873,0.0856,1.9245,0.3325,-0.0200,0.3319,14
2026-03-21T17:55:37.694759,4,0.0699,0.0359,0.0699,1.7249,0.6022,-0.2730,0.5368,7
2026-03-21T17:55:37.765613,0,0.0637,0.0428,0.0637,1.8923,0.5504,0.4184,0.3576,6
2026-03-21T17:55:37.765613,1,0.1512,0.1512,0.1037,1.9883,0.3197,0.1701,0.2707,25
2026-03-21T17:55:37.765613,2,0.0642,0.0642,0.0640,1.6456,0.6392,0.1595,0.6190,8
2026-03-21T17:55:37.765613,3,0.0789,0.0789,0.0659,1.9171,0.3283,-0.0235,0.3274,13
2026-03-21T17:55:37.765613,4,0.0634,0.0387,0.0634,1.7257,0.5992,-0.2717,0.5341,7
2026-03-21T17:55:37.833981,0,0.0685,0.0498,0.0685,1.8951,0.5497,0.4179,0.3572,6
2026-03-21T17:55:37.833981,1,0.1459,0.1459,0.0924,1.9818,0.3232,0.1719,0.2737,25
2026-03-21T17:55:37.833981,2,0.0678,0.0629,0.0678,1.6494,0.6379,0.1591,0.6177,8
2026-03-21T17:55:37.833981,3,0.0638,0.0638,0.0390,1.9265,0.3207,-0.0195,0.3201,12
2026-03-21T17:55:37.833981,4,0.0715,0.0348,0.0715,1.7292,0.5985,-0.2713,0.5335,7
2026-03-21T17:55:37.903818,0,0.0624,0.0499,0.0624,1.8938,0.5486,0.4171,0.3564,6
2026-03-21T17:55:37.903818,1,0.1455,0.1455,0.1089,1.9936,0.3195,0.1699,0.2706,25
2026-03-21T17:55:37.903818,2,0.0717,0.0618,0.0717,1.6522,0.6386,0.1593,0.6184,8
2026-03-21T17:55:37.903818,3,0.0804,0.0804,0.0767,1.9231,0.3280,-0.0232,0.3271,13
2026-03-21T17:55:37.903818,4,0.0699,0.0387,0.0699,1.7240,0.6002,-0.2721,0.5350,7
2026-03-21T17:55:37.973970,0,0.0477,0.0477,0.0214,1.8944,0.5402,0.4140,0.3471,5
2026-03-21T17:55:37.973970,1,0.1445,0.1445,0.1150,1.9903,0.3211,0.1706,0.2720,25
2026-03-21T17:55:37.973970,2,0.0745,0.0609,0.0745,1.6551,0.6379,0.1590,0.6177,8
2026-03-21T17:55:37.973970,3,0.0802,0.0732,0.0802,1.9241,0.3264,-0.0165,0.3260,13
2026-03-21T17:55:37.973970,4,0.0646,0.0415,0.0646,1.7205,0.6002,-0.2721,0.5350,7
2026-03-21T17:55:38.043109,0,0.0515,0.0515,0.0287,1.8951,0.5414,0.4149,0.3479,5
2026-03-21T17:55:38.043109,1,0.1533,0.1533,0.0845,1.9842,0.3192,0.1700,0.2702,25
2026-03-21T17:55:38.043109,2,0.0642,0.0642,0.0630,1.6465,0.6364,0.1587,0.6163,8
2026-03-21T17:55:38.043109,3,0.0919,0.0745,0.0919,1.9228,0.3290,-0.0164,0.3286,13
2026-03-21T17:55:38.043109,4,0.0654,0.0382,0.0654,1.7231,0.5988,-0.2715,0.5337,7
2026-03-21T17:55:38.113485,0,0.0555,0.0555,0.0214,1.8904,0.5458,0.4183,0.3506,5
2026-03-21T17:55:38.113485,1,0.1491,0.1491,0.0999,1.9883,0.3211,0.1710,0.2717,25
2026-03-21T17:55:38.113485,2,0.0647,0.0645,0.0647,1.6446,0.6390,0.1594,0.6188,8
2026-03-21T17:55:38.113485,3,0.0801,0.0801,0.0768,1.9221,0.3280,-0.0234,0.3272,13
2026-03-21T17:55:38.113485,4,0.0663,0.0377,0.0663,1.7240,0.6006,-0.2723,0.5354,7
2026-03-21T17:55:38.183642,0,0.0526,0.0526,0.0261,1.8904,0.5494,0.4210,0.3530,5
2026-03-21T17:55:38.183642,1,0.1556,0.1556,0.0959,1.9872,0.3209,0.1709,0.2716,25
2026-03-21T17:55:38.183642,2,0.0806,0.0604,0.0806,1.6494,0.6385,0.1592,0.6183,8
2026-03-21T17:55:38.183642,3,0.0638,0.0638,0.0371,1.9197,0.3224,-0.0194,0.3218,12
2026-03-21T17:55:38.183642,4,0.0817,0.0312,0.0817,1.7266,0.6033,-0.2734,0.5379,7
2026-03-21T17:55:38.252462,0,0.0737,0.0737,0.0421,1.8750,0.5834,0.4471,0.3748,5
2026-03-21T17:55:38.252462,1,0.1215,0.1215,0.0990,1.9856,0.3192,0.1671,0.2720,24
2026-03-21T17:55:38.252462,2,0.0774,0.0602,0.0774,1.6560,0.6346,0.1583,0.6146,8
2026-03-21T17:55:38.252462,3,0.0654,0.0654,0.0332,1.9148,0.3265,-0.0199,0.3259,12
2026-03-21T17:55:38.252462,4,0.0826,0.0355,0.0826,1.7257,0.6023,-0.2730,0.5369,7
2026-03-21T17:55:38.323013,0,0.1277,0.1277,0.1260,1.9802,0.3245,0.1672,0.2781,25
2026-03-21T17:55:38.323013,1,0.1021,0.0654,0.1021,1.6855,0.6300,0.1515,0.6116,9
2026-03-21T17:55:38.323013,2,0.0640,0.0640,0.0265,1.9191,0.3223,-0.0197,0.3217,12
2026-03-21T17:55:38.323013,3,0.0901,0.0341,0.0901,1.7231,0.6058,-0.2744,0.5400,7
2026-03-21T17:55:38.391359,0,0.1366,0.1366,0.1108,1.9810,0.3243,0.1673,0.2778,25
2026-03-21T17:55:38.391359,1,0.0816,0.0620,0.0816,1.6423,0.6444,0.1497,0.6267,8
2026-03-21T17:55:38.391359,2,0.0712,0.0712,0.0682,1.9231,0.3274,-0.0165,0.3269,13
2026-03-21T17:55:38.391359,3,0.0456,0.0357,0.0456,1.7197,0.5996,-0.2766,0.5319,6
2026-03-21T17:55:38.461526,0,0.0922,0.0922,0.0414,1.8827,0.5459,0.4050,0.3659,7
2026-03-21T17:55:38.461526,1,0.1313,0.1313,0.1048,1.9798,0.3251,0.1677,0.2784,25
2026-03-21T17:55:38.461526,2,0.0671,0.0671,0.0541,1.6404,0.6366,0.1481,0.6192,8
2026-03-21T17:55:38.461526,3,0.0796,0.0730,0.0796,1.9226,0.3290,-0.0166,0.3285,13
2026-03-21T17:55:38.461526,4,0.0501,0.0335,0.0501,1.7205,0.6002,-0.2769,0.5325,6
2026-03-21T17:55:38.532080,0,0.1004,0.1004,0.0408,1.9125,0.4956,0.3658,0.3344,8
2026-03-21T17:55:38.532080,1,0.1343,0.1343,0.1147,1.9812,0.3280,0.1690,0.2811,25
2026-03-21T17:55:38.532080,2,0.0914,0.0666,0.0914,1.6779,0.6290,0.1513,0.6106,9
2026-03-21T17:55:38.532080,3,0.0668,0.0668,0.0355,1.9191,0.3298,-0.0201,0.3292,12
2026-03-21T17:55:38.532080,4,0.0519,0.0327,0.0519,1.7197,0.5992,-0.2764,0.5317,6
2026-03-21T17:55:38.600785,0,0.1557,0.1557,0.0331,1.9231,0.4843,0.3638,0.3197,10
2026-03-21T17:55:38.600785,1,0.1268,0.1249,0.1268,1.9743,0.3303,0.1699,0.2833,25
2026-03-21T17:55:38.600785,2,0.0747,0.0747,0.0639,1.6541,0.6307,0.1520,0.6121,9
2026-03-21T17:55:38.600785,3,0.0605,0.0605,0.0595,1.9111,0.3418,-0.0174,0.3414,11
2026-03-21T17:55:38.600785,4,0.0446,0.0243,0.0446,1.7179,0.6072,-0.2849,0.5362,5
2026-03-21T17:55:38.670598,0,0.2780,0.2780,0.1041,1.9775,0.3629,0.2225,0.2867,34
2026-03-21T17:55:38.670598,1,0.0946,0.0812,0.0946,1.6868,0.6283,0.1565,0.6085,10
2026-03-21T17:55:38.670598,2,0.0498,0.0498,0.0406,1.8820,0.3640,-0.0187,0.3635,9
2026-03-21T17:55:38.740599,0,0.3027,0.3027,0.0842,1.9739,0.3699,0.2349,0.2857,35
2026-03-21T17:55:38.740599,1,0.1314,0.0844,0.1314,1.6902,0.6318,0.1624,0.6105,11
2026-03-21T17:55:38.740599,2,0.0809,0.0809,0.0738,1.8459,0.4148,-0.0376,0.4131,11
2026-03-21T17:55:38.810125,0,0.2770,0.2770,0.1041,1.9684,0.3710,0.2368,0.2856,34
2026-03-21T17:55:38.810125,1,0.1007,0.1007,0.0527,1.6470,0.6377,0.1756,0.6130,11
2026-03-21T17:55:38.810125,2,0.1178,0.1178,0.0596,1.8174,0.4402,-0.0471,0.4376,15
2026-03-21T17:55:38.879299,0,0.2776,0.2776,0.0808,1.9660,0.3778,0.2511,0.2823,32
2026-03-21T17:55:38.879299,1,0.1323,0.1323,0.1062,1.6641,0.6537,0.1963,0.6236,14
2026-03-21T17:55:38.879299,2,0.1072,0.1072,0.0432,1.8050,0.4493,-0.0596,0.4453,14
2026-03-21T17:55:38.949248,0,0.2944,0.2944,0.0656,1.9612,0.4043,0.2846,0.2872,30
2026-03-21T17:55:38.949248,1,0.1675,0.1675,0.0331,1.6127,0.6699,0.2302,0.6292,15
2026-03-21T17:55:38.949248,2,0.0658,0.0658,0.0433,1.7888,0.4715,-0.0659,0.4669,9
2026-03-21T17:55:39.018325,0,0.1382,0.1382,0.0483,1.9120,0.5579,0.4495,0.3304,12
2026-03-21T17:55:39.018325,1,0.4952,0.4952,0.0672,1.6058,0.7479,0.3793,0.6446,34
2026-03-21T17:55:39.087660,0,0.4742,0.4742,0.0691,1.5905,0.7746,0.4025,0.6618,32
2026-03-21T17:55:39.157329,0,0.2809,0.2809,0.1162,1.5912,0.8497,0.5082,0.6810,20
2026-03-21T17:55:39.227184,0,0.0704,0.0666,0.0704,1.5847,0.9077,0.6074,0.6746,7
2026-03-21T17:55:43.827206,0,0.1477,0.0335,0.1477,2.3251,0.6334,0.6332,-0.0169,14
2026-03-21T17:55:43.896307,0,0.1442,0.0169,0.1442,2.3101,0.6334,0.6333,-0.0056,14
2026-03-21T17:55:43.966191,0,0.1444,0.0120,0.1444,2.3104,0.6322,0.6322,-0.0056,14
2026-03-21T17:55:43.966191,1,0.0683,0.0683,0.0440,1.9860,0.2604,-0.0288,0.2588,9
2026-03-21T17:55:44.036546,0,0.1457,0.0140,0.1457,2.3107,0.6335,0.6335,-0.0056,14
2026-03-21T17:55:44.036546,1,0.0871,0.0552,0.0871,2.0397,0.2320,-0.0243,0.2307,12
2026-03-21T17:55:44.105003,0,0.1465,0.0304,0.1465,2.3102,0.6326,0.6325,-0.0054,14
2026-03-21T17:55:44.105003,1,0.0701,0.0538,0.0701,2.0054,0.2484,-0.0326,0.2462,11
2026-03-21T17:55:44.174881,0,0.1454,0.0087,0.1454,2.3107,0.6339,0.6338,-0.0056,14
2026-03-21T17:55:44.174881,1,0.0783,0.0783,0.0619,1.9752,0.3021,-0.0520,0.2976,9
2026-03-21T17:55:44.244121,0,0.1456,0.0149,0.1456,2.3104,0.6325,0.6325,-0.0055,14
2026-03-21T17:55:44.313964,0,0.1445,0.0113,0.1445,2.3101,0.6329,0.6328,-0.0056,14
2026-03-21T17:55:44.383709,0,0.1465,0.0193,0.1465,2.3107,0.6344,0.6344,-0.0055,14
2026-03-21T17:55:44.453951,0,0.1460,0.0253,0.1460,2.3100,0.6314,0.6314,-0.0054,14
2026-03-21T17:55:44.523763,0,0.1457,0.0183,0.1457,2.3110,0.6328,0.6328,-0.0056,14
2026-03-21T17:55:44.593612,0,0.1453,0.0140,0.1453,2.3104,0.6336,0.6335,-0.0055,14
2026-03-21T17:55:44.662508,0,0.1448,0.0110,0.1448,2.3100,0.6339,0.6339,-0.0055,14
2026-03-21T17:55:44.733081,0,0.1453,0.0119,0.1453,2.3104,0.6336,0.6335,-0.0056,14
2026-03-21T17:55:44.801942,0,0.1451,0.0135,0.1451,2.3106,0.6339,0.6339,-0.0057,14
2026-03-21T17:55:44.872051,0,0.1453,0.0106,0.1453,2.3107,0.6339,0.6338,-0.0056,14
2026-03-21T17:55:44.942180,0,0.1455,0.0186,0.1455,2.3113,0.6324,0.6324,-0.0057,14
2026-03-21T17:55:45.010655,0,0.1449,0.0117,0.1449,2.3104,0.6333,0.6333,-0.0056,14
2026-03-21T17:55:45.081299,0,0.1453,0.0111,0.1453,2.3107,0.6336,0.6336,-0.0056,14
2026-03-21T17:55:45.150894,0,0.1449,0.0168,0.1449,2.3098,0.6322,0.6322,-0.0054,14
2026-03-21T17:55:45.220458,0,0.1443,0.0115,0.1443,2.3096,0.6316,0.6316,-0.0056,14
2026-03-21T17:55:45.291188,0,0.1460,0.0178,0.1460,2.3109,0.6329,0.6329,-0.0055,14
2026-03-21T17:55:45.359842,0,0.1450,0.0175,0.1450,2.3099,0.6323,0.6323,-0.0056,14
2026-03-21T17:55:45.429168,0,0.1452,0.0116,0.1452,2.3105,0.6326,0.6326,-0.0055,14
2026-03-21T17:55:45.499264,0,0.1446,0.0145,0.1446,2.3102,0.6315,0.6315,-0.0056,14
2026-03-21T17:55:45.568396,0,0.1460,0.0205,0.1460,2.3110,0.6338,0.6338,-0.0056,14
2026-03-21T17:55:45.638632,0,0.1456,0.0172,0.1456,2.3110,0.6332,0.6332,-0.0056,14
2026-03-21T17:55:45.708197,0,0.1448,0.0180,0.1448,2.3109,0.6320,0.6320,-0.0056,14
2026-03-21T17:55:45.777954,0,0.1454,0.0202,0.1454,2.3115,0.6322,0.6322,-0.0056,14
2026-03-21T17:55:45.847863,0,0.1455,0.0169,0.1455,2.3104,0.6324,0.6323,-0.0056,14
2026-03-21T17:55:45.917396,0,0.1460,0.0220,0.1460,2.3105,0.6320,0.6320,-0.0055,14
2026-03-21T17:55:45.986777,0,0.1448,0.0163,0.1448,2.3098,0.6310,0.6310,-0.0055,14
2026-03-21T17:55:46.056415,0,0.1459,0.0146,0.1459,2.3106,0.6342,0.6342,-0.0056,14
2026-03-21T17:55:46.126577,0,0.1451,0.0153,0.1451,2.3101,0.6332,0.6332,-0.0055,14
2026-03-21T17:55:46.195181,0,0.1453,0.0135,0.1453,2.3102,0.6335,0.6335,-0.0055,14
2026-03-21T17:55:46.265926,0,0.1438,0.0160,0.1438,2.3098,0.6309,0.6308,-0.0056,14
2026-03-21T17:55:46.335077,0,0.1447,0.0120,0.1447,2.3100,0.6326,0.6326,-0.0056,14
2026-03-21T17:55:46.405108,0,0.1451,0.0090,0.1451,2.3105,0.6333,0.6333,-0.0056,14
2026-03-21T17:55:46.474733,0,0.1451,0.0159,0.1451,2.3100,0.6325,0.6325,-0.0056,14
2026-03-21T17:55:46.544488,0,0.1465,0.0200,0.1465,2.3111,0.6330,0.6330,-0.0055,14
2026-03-21T17:55:46.613973,0,0.1455,0.0131,0.1455,2.3109,0.6339,0.6338,-0.0055,14
2026-03-21T17:55:46.683462,0,0.1446,0.0134,0.1446,2.3100,0.6324,0.6324,-0.0055,14
2026-03-21T17:55:46.753690,0,0.1446,0.0088,0.1446,2.3104,0.6316,0.6316,-0.0056,14
2026-03-21T17:55:46.823332,0,0.1445,0.0133,0.1445,2.3104,0.6317,0.6317,-0.0056,14
2026-03-21T17:55:46.892871,0,0.1450,0.0149,0.1450,2.3102,0.6318,0.6318,-0.0055,14
2026-03-21T17:55:46.962987,0,0.1459,0.0198,0.1459,2.3106,0.6322,0.6322,-0.0055,14
2026-03-21T17:55:47.032335,0,0.1455,0.0178,0.1455,2.3104,0.6344,0.6343,-0.0057,14
2026-03-21T17:55:47.101833,0,0.1446,0.0129,0.1446,2.3102,0.6317,0.6317,-0.0056,14
2026-03-21T17:55:47.171941,0,0.1448,0.0119,0.1448,2.3104,0.6328,0.6328,-0.0056,14
2026-03-21T17:55:47.240881,0,0.1454,0.0139,0.1454,2.3102,0.6336,0.6335,-0.0054,14
2026-03-21T17:55:47.310442,0,0.1453,0.0155,0.1453,2.3105,0.6319,0.6318,-0.0055,14
2026-03-21T17:55:47.380411,0,0.1457,0.0188,0.1457,2.3105,0.6323,0.6323,-0.0055,14
2026-03-21T17:55:47.449882,0,0.1456,0.0170,0.1456,2.3102,0.6332,0.6332,-0.0056,14
2026-03-21T17:55:47.519439,0,0.1453,0.0210,0.1453,2.3111,0.6312,0.6312,-0.0056,14
2026-03-21T17:55:47.590317,0,0.1446,0.0073,0.1446,2.3102,0.6329,0.6328,-0.0055,14
2026-03-21T17:55:47.658588,0,0.1447,0.0100,0.1447,2.3104,0.6323,0.6323,-0.0055,14
2026-03-21T17:55:47.729355,0,0.1445,0.0145,0.1445,2.3100,0.6309,0.6308,-0.0056,14
2026-03-21T17:55:47.798888,0,0.1454,0.0122,0.1454,2.3109,0.6334,0.6334,-0.0057,14
2026-03-21T17:55:47.868506,0,0.1453,0.0150,0.1453,2.3109,0.6329,0.6329,-0.0057,14
2026-03-21T17:55:47.938312,0,0.1450,0.0090,0.1450,2.3106,0.6334,0.6334,-0.0056,14
2026-03-21T17:55:48.007757,0,0.1451,0.0115,0.1451,2.3106,0.6331,0.6330,-0.0056,14
2026-03-21T17:55:48.077759,0,0.1459,0.0153,0.1459,2.3109,0.6324,0.6324,-0.0056,14
2026-03-21T17:55:48.147388,0,0.1454,0.0146,0.1454,2.3105,0.6322,0.6322,-0.0055,14
2026-03-21T17:55:48.217040,0,0.1452,0.0139,0.1452,2.3101,0.6324,0.6324,-0.0055,14
2026-03-21T17:55:48.285744,0,0.1451,0.0126,0.1451,2.3106,0.6311,0.6310,-0.0056,14
2026-03-21T17:55:48.356148,0,0.1449,0.0110,0.1449,2.3101,0.6322,0.6322,-0.0055,14
2026-03-21T17:55:48.425526,0,0.1458,0.0146,0.1458,2.3106,0.6327,0.6327,-0.0056,14
2026-03-21T17:55:48.495581,0,0.1444,0.0115,0.1444,2.3098,0.6334,0.6333,-0.0056,14
2026-03-21T17:55:48.564478,0,0.1452,0.0139,0.1452,2.3105,0.6321,0.6321,-0.0056,14
2026-03-21T17:55:48.635165,0,0.1450,0.0096,0.1450,2.3109,0.6329,0.6328,-0.0056,14
2026-03-21T17:55:48.704902,0,0.1452,0.0153,0.1452,2.3107,0.6324,0.6323,-0.0055,14
2026-03-21T17:55:48.774309,0,0.1446,0.0115,0.1446,2.3102,0.6322,0.6322,-0.0056,14
2026-03-21T17:55:48.844201,0,0.1449,0.0106,0.1449,2.3106,0.6314,0.6314,-0.0055,14
2026-03-21T17:55:48.913928,0,0.1456,0.0156,0.1456,2.3110,0.6307,0.6307,-0.0057,14
2026-03-21T17:55:48.983288,0,0.1446,0.0176,0.1446,2.3106,0.6312,0.6312,-0.0057,14
2026-03-21T17:55:49.053586,0,0.1451,0.0140,0.1451,2.3101,0.6319,0.6319,-0.0055,14
2026-03-21T17:55:49.122091,0,0.1460,0.0235,0.1460,2.3106,0.6326,0.6325,-0.0055,14
2026-03-21T17:55:49.192198,0,0.1448,0.0200,0.1448,2.3096,0.6313,0.6313,-0.0056,14
2026-03-21T17:55:49.262235,0,0.1453,0.0163,0.1453,2.3101,0.6321,0.6321,-0.0055,14
2026-03-21T17:55:49.331509,0,0.1447,0.0114,0.1447,2.3105,0.6329,0.6328,-0.0055,14
2026-03-21T17:55:49.402074,0,0.1440,0.0098,0.1440,2.3100,0.6321,0.6320,-0.0056,14
2026-03-21T17:55:49.470989,0,0.1447,0.0110,0.1447,2.3105,0.6324,0.6323,-0.0056,14
2026-03-21T17:55:49.540962,0,0.1447,0.0096,0.1447,2.3102,0.6321,0.6320,-0.0055,14
2026-03-21T17:55:49.611570,0,0.1460,0.0175,0.1460,2.3109,0.6333,0.6333,-0.0055,14
2026-03-21T17:55:49.679947,0,0.1460,0.0192,0.1460,2.3112,0.6309,0.6309,-0.0056,14
2026-03-21T17:55:49.749907,0,0.1447,0.0170,0.1447,2.3099,0.6315,0.6315,-0.0054,14
2026-03-21T17:55:49.820464,0,0.1451,0.0215,0.1451,2.3096,0.6323,0.6323,-0.0054,14
2026-03-21T17:55:49.889113,0,0.1439,0.0150,0.1439,2.3100,0.6321,0.6321,-0.0057,14
2026-03-21T17:55:49.958974,0,0.1449,0.0185,0.1449,2.3096,0.6306,0.6306,-0.0054,14
2026-03-21T17:55:50.028945,0,0.1454,0.0195,0.1454,2.3100,0.6322,0.6322,-0.0054,14
2026-03-21T17:55:50.098023,0,0.1453,0.0159,0.1453,2.3101,0.6327,0.6327,-0.0055,14
2026-03-21T17:55:50.168140,0,0.1452,0.0232,0.1452,2.3107,0.6306,0.6305,-0.0055,14
2026-03-21T17:55:50.238204,0,0.1440,0.0104,0.1440,2.3102,0.6306,0.6306,-0.0056,14
2026-03-21T17:55:50.307240,0,0.1456,0.0159,0.1456,2.3106,0.6346,0.6345,-0.0056,14
2026-03-21T17:55:50.377203,0,0.1454,0.0146,0.1454,2.3110,0.6332,0.6332,-0.0056,14
2026-03-21T17:55:50.447111,0,0.1445,0.0106,0.1445,2.3106,0.6334,0.6334,-0.0056,14
2026-03-21T17:55:50.515472,0,0.1454,0.0169,0.1454,2.3102,0.6341,0.6341,-0.0056,14
2026-03-21T17:55:50.586641,0,0.1456,0.0136,0.1456,2.3110,0.6335,0.6335,-0.0056,14
2026-03-21T17:55:50.655366,0,0.1448,0.0139,0.1448,2.3102,0.6345,0.6345,-0.0056,14
2026-03-21T17:55:50.726221,0,0.1452,0.0169,0.1452,2.3102,0.6306,0.6305,-0.0056,14
2026-03-21T17:55:50.794780,0,0.1453,0.0185,0.1453,2.3101,0.6324,0.6324,-0.0056,14
2026-03-21T17:55:50.864142,0,0.1453,0.0135,0.1453,2.3106,0.6330,0.6330,-0.0056,14
2026-03-21T17:55:50.934900,0,0.1453,0.0149,0.1453,2.3104,0.6322,0.6322,-0.0055,14
2026-03-21T17:55:51.004257,0,0.1450,0.0141,0.1450,2.3106,0.6321,0.6320,-0.0056,14
2026-03-21T17:55:51.074203,0,0.1445,0.0149,0.1445,2.3101,0.6297,0.6297,-0.0055,14
2026-03-21T17:55:51.143632,0,0.1456,0.0230,0.1456,2.3105,0.6330,0.6330,-0.0056,14
2026-03-21T17:55:51.213244,0,0.1459,0.0252,0.1459,2.3112,0.6329,0.6329,-0.0056,14
2026-03-21T17:55:51.283130,0,0.1452,0.0100,0.1452,2.3104,0.6334,0.6334,-0.0055,14
2026-03-21T17:55:51.352629,0,0.1440,0.0113,0.1440,2.3100,0.6333,0.6333,-0.0056,14
2026-03-21T17:55:51.421859,0,0.1450,0.0136,0.1450,2.3109,0.6331,0.6331,-0.0056,14
2026-03-21T17:55:51.492563,0,0.1437,0.0100,0.1437,2.3104,0.6313,0.6313,-0.0056,14
2026-03-21T17:55:51.560995,0,0.1450,0.0104,0.1450,2.3106,0.6325,0.6325,-0.0055,14
2026-03-21T17:55:51.631277,0,0.1459,0.0142,0.1459,2.3112,0.6342,0.6342,-0.0056,14
2026-03-21T17:55:51.701458,0,0.1458,0.0156,0.1458,2.3110,0.6330,0.6330,-0.0056,14
2026-03-21T17:55:51.770490,0,0.1451,0.0170,0.1451,2.3100,0.6311,0.6310,-0.0055,14
2026-03-21T17:55:51.840203,0,0.1459,0.0136,0.1459,2.3110,0.6334,0.6333,-0.0055,14
2026-03-21T17:55:51.910922,0,0.1447,0.0125,0.1447,2.3099,0.6334,0.6333,-0.0055,14
2026-03-21T17:55:51.979944,0,0.1457,0.0208,0.1457,2.3102,0.6319,0.6319,-0.0055,14
2026-03-21T17:55:52.050330,0,0.1451,0.0190,0.1451,2.3098,0.6312,0.6312,-0.0055,14
2026-03-21T17:55:52.119412,0,0.1459,0.0169,0.1459,2.3110,0.6316,0.6316,-0.0056,14
2026-03-21T17:55:52.189133,0,0.1448,0.0188,0.1448,2.3096,0.6321,0.6321,-0.0054,14
2026-03-21T17:55:52.258718,0,0.1450,0.0125,0.1450,2.3101,0.6341,0.6341,-0.0055,14
2026-03-21T17:55:52.327342,0,0.1448,0.0090,0.1448,2.3106,0.6332,0.6332,-0.0056,14
2026-03-21T17:55:52.397925,0,0.1452,0.0120,0.1452,2.3104,0.6319,0.6318,-0.0056,14
2026-03-21T17:55:52.467544,0,0.1462,0.0156,0.1462,2.3112,0.6331,0.6331,-0.0057,14
2026-03-21T17:55:52.536784,0,0.1447,0.0107,0.1447,2.3102,0.6331,0.6331,-0.0056,14
2026-03-21T17:55:52.606893,0,0.1453,0.0130,0.1453,2.3100,0.6344,0.6343,-0.0054,14
2026-03-21T17:55:52.676705,0,0.1448,0.0095,0.1448,2.3101,0.6325,0.6325,-0.0055,14
2026-03-21T17:55:52.745876,0,0.1438,0.0097,0.1438,2.3094,0.6317,0.6317,-0.0055,14
2026-03-21T17:55:52.816575,0,0.1456,0.0132,0.1456,2.3110,0.6325,0.6325,-0.0056,14
2026-03-21T17:55:52.885734,0,0.1447,0.0195,0.1447,2.3099,0.6309,0.6309,-0.0056,14
2026-03-21T17:55:52.955238,0,0.1441,0.0089,0.1441,2.3100,0.6317,0.6317,-0.0055,14
2026-03-21T17:55:53.025554,0,0.1453,0.0147,0.1453,2.3109,0.6324,0.6323,-0.0057,14
2026-03-21T17:55:53.094291,0,0.1457,0.0165,0.1457,2.3107,0.6334,0.6334,-0.0055,14
2026-03-21T17:55:53.164807,0,0.1451,0.0123,0.1451,2.3102,0.6313,0.6313,-0.0055,14
2026-03-21T17:55:53.234118,0,0.1457,0.0172,0.1457,2.3110,0.6330,0.6330,-0.0056,14
2026-03-21T17:55:53.303319,0,0.1452,0.0185,0.1452,2.3100,0.6316,0.6316,-0.0055,14
2026-03-21T17:55:53.373574,0,0.1454,0.0149,0.1454,2.3101,0.6344,0.6343,-0.0055,14
2026-03-21T17:55:53.443004,0,0.1449,0.0126,0.1449,2.3106,0.6331,0.6331,-0.0056,14
2026-03-21T17:55:53.512676,0,0.1460,0.0214,0.1460,2.3105,0.6321,0.6320,-0.0054,14
2026-03-21T17:55:53.582448,0,0.1450,0.0139,0.1450,2.3101,0.6319,0.6318,-0.0054,14
2026-03-21T17:55:53.652206,0,0.1448,0.0176,0.1448,2.3096,0.6316,0.6316,-0.0055,14
2026-03-21T17:55:53.721973,0,0.1443,0.0097,0.1443,2.3100,0.6313,0.6313,-0.0056,14
2026-03-21T17:55:53.791737,0,0.1446,0.0185,0.1446,2.3096,0.6321,0.6321,-0.0054,14
2026-03-21T17:55:53.861344,0,0.1450,0.0119,0.1450,2.3102,0.6328,0.6328,-0.0055,14
2026-03-21T17:55:53.931829,0,0.1452,0.0105,0.1452,2.3104,0.6340,0.6340,-0.0055,14
2026-03-21T17:55:54.001127,0,0.1448,0.0160,0.1448,2.3106,0.6322,0.6322,-0.0057,14
2026-03-21T17:55:54.070151,0,0.1457,0.0213,0.1457,2.3112,0.6301,0.6300,-0.0056,14
2026-03-21T17:55:54.140314,0,0.1437,0.0107,0.1437,2.3099,0.6321,0.6321,-0.0056,14
2026-03-21T17:55:54.209878,0,0.1443,0.0155,0.1443,2.3099,0.6304,0.6303,-0.0055,14
2026-03-21T17:55:54.279082,0,0.1463,0.0205,0.1463,2.3111,0.6340,0.6340,-0.0056,14
2026-03-21T17:55:54.349479,0,0.1446,0.0198,0.1446,2.3095,0.6319,0.6318,-0.0054,14
2026-03-21T17:55:54.418477,0,0.1446,0.0136,0.1446,2.3106,0.6326,0.6325,-0.0056,14
2026-03-21T17:55:54.488694,0,0.1451,0.0136,0.1451,2.3106,0.6331,0.6330,-0.0055,14
2026-03-21T17:55:54.558308,0,0.1446,0.0119,0.1446,2.3102,0.6325,0.6325,-0.0056,14
2026-03-21T17:55:54.628210,0,0.1449,0.0100,0.1449,2.3102,0.6336,0.6336,-0.0056,14
2026-03-21T17:55:54.697712,0,0.1447,0.0165,0.1447,2.3095,0.6330,0.6330,-0.0055,14
2026-03-21T17:55:54.766830,0,0.1456,0.0215,0.1456,2.3104,0.6324,0.6324,-0.0056,14
2026-03-21T17:55:54.836796,0,0.1459,0.0213,0.1459,2.3115,0.6332,0.6332,-0.0057,14
2026-03-21T17:55:54.906900,0,0.1455,0.0119,0.1455,2.3107,0.6319,0.6319,-0.0056,14
2026-03-21T17:55:54.976242,0,0.1461,0.0214,0.1461,2.3106,0.6326,0.6326,-0.0056,14
2026-03-21T17:55:55.046325,0,0.1443,0.0107,0.1443,2.3106,0.6312,0.6312,-0.0056,14
2026-03-21T17:55:55.115454,0,0.1455,0.0143,0.1455,2.3109,0.6316,0.6315,-0.0056,14
2026-03-21T17:55:55.185508,0,0.1455,0.0105,0.1455,2.3106,0.6321,0.6321,-0.0055,14
2026-03-21T17:55:55.255802,0,0.1441,0.0135,0.1441,2.3101,0.6327,0.6327,-0.0056,14
2026-03-21T17:55:55.325414,0,0.1455,0.0165,0.1455,2.3101,0.6339,0.6339,-0.0056,14
2026-03-21T17:55:55.394491,0,0.1447,0.0163,0.1447,2.3096,0.6316,0.6315,-0.0054,14
2026-03-21T17:55:55.464191,0,0.1456,0.0155,0.1456,2.3104,0.6327,0.6327,-0.0054,14
2026-03-21T17:55:55.533614,0,0.1449,0.0140,0.1449,2.3105,0.6316,0.6316,-0.0055,14
2026-03-21T17:55:55.603515,0,0.1458,0.0178,0.1458,2.3104,0.6335,0.6335,-0.0055,14
2026-03-21T17:55:55.673410,0,0.1450,0.0124,0.1450,2.3105,0.6324,0.6324,-0.0056,14
2026-03-21T17:55:55.743298,0,0.1453,0.0165,0.1453,2.3102,0.6317,0.6317,-0.0055,14
2026-03-21T17:55:55.812788,0,0.1435,0.0111,0.1435,2.3096,0.6312,0.6312,-0.0055,14
2026-03-21T17:55:55.882047,0,0.1465,0.0172,0.1465,2.3113,0.6330,0.6330,-0.0056,14
2026-03-21T17:55:55.952287,0,0.1452,0.0170,0.1452,2.3110,0.6320,0.6320,-0.0056,14
2026-03-21T17:55:56.021704,0,0.1446,0.0095,0.1446,2.3099,0.6341,0.6340,-0.0055,14
2026-03-21T17:55:56.091777,0,0.1459,0.0205,0.1459,2.3102,0.6338,0.6338,-0.0055,14
2026-03-21T17:55:56.161340,0,0.1438,0.0128,0.1438,2.3096,0.6311,0.6311,-0.0055,14
2026-03-21T17:55:56.231642,0,0.1455,0.0126,0.1455,2.3107,0.6334,0.6333,-0.0055,14
2026-03-21T17:55:56.300240,0,0.1464,0.0156,0.1464,2.3113,0.6328,0.6328,-0.0056,14
2026-03-21T17:55:56.370661,0,0.1456,0.0136,0.1456,2.3110,0.6321,0.6321,-0.0056,14
2026-03-21T17:55:56.440455,0,0.1447,0.0126,0.1447,2.3104,0.6336,0.6335,-0.0055,14
2026-03-21T17:55:56.509275,0,0.1444,0.0106,0.1444,2.3096,0.6326,0.6326,-0.0054,14
2026-03-21T17:55:56.579585,0,0.1449,0.0123,0.1449,2.3099,0.6329,0.6328,-0.0055,14
2026-03-21T17:55:56.648672,0,0.1446,0.0102,0.1446,2.3106,0.6327,0.6327,-0.0057,14
2026-03-21T17:55:56.718642,0,0.1453,0.0130,0.1453,2.3106,0.6321,0.6320,-0.0056,14
2026-03-21T17:55:56.788482,0,0.1454,0.0180,0.1454,2.3102,0.6339,0.6338,-0.0056,14
2026-03-21T17:55:56.857724,0,0.1463,0.0143,0.1463,2.3112,0.6331,0.6330,-0.0056,14
2026-03-21T17:55:56.928045,0,0.1432,0.0106,0.1432,2.3094,0.6308,0.6308,-0.0055,14
2026-03-21T17:55:56.997935,0,0.1452,0.0180,0.1452,2.3101,0.6318,0.6318,-0.0055,14
2026-03-21T17:55:57.066868,0,0.1446,0.0121,0.1446,2.3104,0.6339,0.6338,-0.0056,14
2026-03-21T17:55:57.137052,0,0.1454,0.0117,0.1454,2.3107,0.6323,0.6323,-0.0055,14
2026-03-21T17:55:57.206404,0,0.1440,0.0145,0.1440,2.3096,0.6319,0.6319,-0.0056,14
2026-03-21T17:55:57.276468,0,0.1455,0.0127,0.1455,2.3110,0.6316,0.6316,-0.0056,14
2026-03-21T17:55:57.346070,0,0.1452,0.0194,0.1452,2.3104,0.6326,0.6325,-0.0057,14
2026-03-21T17:55:57.414808,0,0.1464,0.0178,0.1464,2.3109,0.6355,0.6355,-0.0056,14
2026-03-21T17:55:57.484753,0,0.1452,0.0153,0.1452,2.3107,0.6324,0.6323,-0.0055,14
2026-03-21T17:55:57.554981,0,0.1458,0.0109,0.1458,2.3109,0.6338,0.6338,-0.0055,14
2026-03-21T17:55:57.624450,0,0.1445,0.0138,0.1445,2.3105,0.6329,0.6328,-0.0057,14
2026-03-21T17:55:57.694380,0,0.1466,0.0253,0.1466,2.3106,0.6328,0.6328,-0.0055,14
2026-03-21T17:55:57.764182,0,0.1462,0.0224,0.1462,2.3106,0.6329,0.6329,-0.0055,14
2026-03-21T17:55:57.833023,0,0.1445,0.0208,0.1445,2.3091,0.6327,0.6327,-0.0054,14
2026-03-21T17:55:57.903460,0,0.1450,0.0116,0.1450,2.3105,0.6314,0.6314,-0.0056,14
2026-03-21T17:55:57.972867,0,0.1453,0.0169,0.1453,2.3104,0.6326,0.6326,-0.0056,14
2026-03-21T17:55:58.042524,0,0.1453,0.0175,0.1453,2.3104,0.6321,0.6321,-0.0055,14
2026-03-21T17:55:58.112395,0,0.1452,0.0169,0.1452,2.3105,0.6328,0.6328,-0.0056,14
2026-03-21T17:55:58.182413,0,0.1453,0.0119,0.1453,2.3107,0.6334,0.6334,-0.0057,14
2026-03-21T17:55:58.253016,0,0.1452,0.0160,0.1452,2.3102,0.6323,0.6323,-0.0055,14
2026-03-21T17:55:58.321722,0,0.1454,0.0110,0.1454,2.3105,0.6332,0.6332,-0.0056,14
2026-03-21T17:55:58.391339,0,0.1438,0.0116,0.1438,2.3093,0.6319,0.6318,-0.0054,14
2026-03-21T17:55:58.460920,0,0.1446,0.0086,0.1446,2.3100,0.6329,0.6328,-0.0054,14
2026-03-21T17:55:58.530792,0,0.1450,0.0141,0.1450,2.3110,0.6314,0.6314,-0.0056,14
2026-03-21T17:55:58.600386,0,0.1449,0.0170,0.1449,2.3099,0.6325,0.6325,-0.0055,14
2026-03-21T17:55:58.670002,0,0.1454,0.0169,0.1454,2.3101,0.6336,0.6336,-0.0055,14
2026-03-21T17:55:58.739418,0,0.1452,0.0175,0.1452,2.3099,0.6321,0.6320,-0.0054,14
2026-03-21T17:55:58.809211,0,0.1441,0.0132,0.1441,2.3093,0.6332,0.6332,-0.0055,14
2026-03-21T17:55:58.878665,0,0.1457,0.0159,0.1457,2.3107,0.6336,0.6335,-0.0055,14
2026-03-21T17:55:58.948067,0,0.1450,0.0119,0.1450,2.3101,0.6324,0.6323,-0.0054,14
2026-03-21T17:55:59.018557,0,0.1444,0.0091,0.1444,2.3100,0.6334,0.6333,-0.0055,14
2026-03-21T17:55:59.088145,0,0.1445,0.0165,0.1445,2.3102,0.6327,0.6327,-0.0055,14
2026-03-21T17:55:59.157407,0,0.1451,0.0109,0.1451,2.3101,0.6339,0.6338,-0.0055,14
2026-03-21T17:55:59.227791,0,0.1459,0.0186,0.1459,2.3106,0.6331,0.6330,-0.0055,14
2026-03-21T17:55:59.296344,0,0.1463,0.0199,0.1463,2.3109,0.6336,0.6335,-0.0054,14
2026-03-21T17:55:59.366782,0,0.1454,0.0145,0.1454,2.3100,0.6346,0.6346,-0.0054,14
2026-03-21T17:55:59.436713,0,0.1440,0.0123,0.1440,2.3101,0.6303,0.6303,-0.0056,14
2026-03-21T17:55:59.505072,0,0.1450,0.0096,0.1450,2.3104,0.6323,0.6323,-0.0055,14
2026-03-21T17:55:59.574917,0,0.1443,0.0149,0.1443,2.3095,0.6309,0.6309,-0.0055,14
2026-03-21T17:55:59.645859,0,0.1441,0.0145,0.1441,2.3100,0.6317,0.6317,-0.0055,14
2026-03-21T17:55:59.715238,0,0.1449,0.0182,0.1449,2.3110,0.6316,0.6315,-0.0057,14
2026-03-21T17:55:59.784931,0,0.1450,0.0115,0.1450,2.3105,0.6320,0.6320,-0.0055,14
2026-03-21T17:55:59.854456,0,0.1438,0.0101,0.1438,2.3101,0.6305,0.6305,-0.0056,14
2026-03-21T17:55:59.924093,0,0.1461,0.0188,0.1461,2.3105,0.6326,0.6325,-0.0054,14
2026-03-21T17:55:59.994046,0,0.1446,0.0119,0.1446,2.3102,0.6336,0.6335,-0.0056,14
2026-03-21T17:56:00.062943,0,0.1460,0.0185,0.1460,2.3106,0.6323,0.6323,-0.0055,14
2026-03-21T17:56:00.133797,0,0.1437,0.0133,0.1437,2.3094,0.6309,0.6309,-0.0055,14
2026-03-21T17:56:00.202953,0,0.1455,0.0143,0.1455,2.3110,0.6338,0.6338,-0.0056,14
2026-03-21T17:56:00.272762,0,0.1458,0.0140,0.1458,2.3107,0.6337,0.6337,-0.0056,14
2026-03-21T17:56:00.342123,0,0.1454,0.0195,0.1454,2.3102,0.6331,0.6331,-0.0056,14
2026-03-21T17:56:00.412239,0,0.1451,0.0117,0.1451,2.3106,0.6314,0.6314,-0.0055,14
2026-03-21T17:56:00.481380,0,0.1458,0.0184,0.1458,2.3104,0.6321,0.6320,-0.0055,14
2026-03-21T17:56:00.551803,0,0.1452,0.0129,0.1452,2.3102,0.6329,0.6329,-0.0056,14
2026-03-21T17:56:00.621204,0,0.1446,0.0135,0.1446,2.3100,0.6295,0.6295,-0.0056,14
2026-03-21T17:56:00.690779,0,0.1448,0.0116,0.1448,2.3109,0.6320,0.6320,-0.0056,14
2026-03-21T17:56:00.761199,0,0.1452,0.0159,0.1452,2.3102,0.6313,0.6313,-0.0055,14
2026-03-21T17:56:00.829761,0,0.1447,0.0176,0.1447,2.3099,0.6311,0.6310,-0.0056,14
2026-03-21T17:56:00.899633,0,0.1452,0.0110,0.1452,2.3109,0.6338,0.6338,-0.0057,14
2026-03-21T17:56:00.969572,0,0.1456,0.0156,0.1456,2.3105,0.6335,0.6335,-0.0055,14
2026-03-21T17:56:01.039348,0,0.1451,0.0106,0.1451,2.3107,0.6332,0.6332,-0.0055,14
2026-03-21T17:56:01.108433,0,0.1457,0.0146,0.1457,2.3111,0.6323,0.6323,-0.0055,14
2026-03-21T17:56:01.178631,0,0.1441,0.0149,0.1441,2.3101,0.6331,0.6331,-0.0056,14
2026-03-21T17:56:01.248292,0,0.1455,0.0123,0.1455,2.3106,0.6324,0.6324,-0.0056,14
2026-03-21T17:56:01.318226,0,0.1464,0.0170,0.1464,2.3112,0.6340,0.6340,-0.0056,14
2026-03-21T17:56:01.387622,0,0.1451,0.0163,0.1451,2.3101,0.6328,0.6328,-0.0055,14
2026-03-21T17:56:01.457634,0,0.1451,0.0079,0.1451,2.3104,0.6336,0.6335,-0.0055,14
2026-03-21T17:56:01.527182,0,0.1451,0.0093,0.1451,2.3107,0.6326,0.6326,-0.0056,14
2026-03-21T17:56:01.596953,0,0.1443,0.0132,0.1443,2.3094,0.6340,0.6340,-0.0054,14
2026-03-21T17:56:01.666644,0,0.1448,0.0106,0.1448,2.3107,0.6321,0.6320,-0.0056,14
2026-03-21T17:56:01.736035,0,0.1451,0.0185,0.1451,2.3099,0.6307,0.6307,-0.0055,14
2026-03-21T17:56:01.805636,0,0.1448,0.0111,0.1448,2.3105,0.6325,0.6325,-0.0056,14
2026-03-21T17:56:01.875815,0,0.1447,0.0141,0.1447,2.3102,0.6318,0.6318,-0.0056,14
2026-03-21T17:56:01.945277,0,0.1449,0.0165,0.1449,2.3099,0.6322,0.6322,-0.0055,14
2026-03-21T17:56:02.014755,0,0.1454,0.0159,0.1454,2.3102,0.6321,0.6321,-0.0055,14
2026-03-21T17:56:02.084692,0,0.1454,0.0190,0.1454,2.3102,0.6331,0.6331,-0.0055,14
2026-03-21T17:56:02.154145,0,0.1448,0.0081,0.1448,2.3102,0.6329,0.6328,-0.0056,14
2026-03-21T17:56:02.224222,0,0.1451,0.0107,0.1451,2.3105,0.6317,0.6317,-0.0055,14
2026-03-21T17:56:02.293460,0,0.1444,0.0149,0.1444,2.3094,0.6326,0.6325,-0.0054,14
2026-03-21T17:56:02.363557,0,0.1456,0.0188,0.1456,2.3105,0.6309,0.6309,-0.0054,14
2026-03-21T17:56:02.432981,0,0.1446,0.0169,0.1446,2.3098,0.6322,0.6322,-0.0056,14
2026-03-21T17:56:02.502540,0,0.1451,0.0125,0.1451,2.3105,0.6324,0.6323,-0.0055,14
2026-03-21T17:56:02.573433,0,0.1448,0.0221,0.1448,2.3091,0.6318,0.6318,-0.0053,14
2026-03-21T17:56:02.642461,0,0.1445,0.0086,0.1445,2.3106,0.6329,0.6329,-0.0056,14
2026-03-21T17:56:02.711118,0,0.1451,0.0151,0.1451,2.3109,0.6314,0.6314,-0.0057,14
2026-03-21T17:56:02.781877,0,0.1457,0.0146,0.1457,2.3105,0.6335,0.6335,-0.0055,14
2026-03-21T17:56:02.851024,0,0.1451,0.0155,0.1451,2.3102,0.6331,0.6331,-0.0055,14
2026-03-21T17:56:02.920572,0,0.1450,0.0188,0.1450,2.3099,0.6332,0.6332,-0.0054,14
2026-03-21T17:56:02.991011,0,0.1458,0.0133,0.1458,2.3111,0.6333,0.6333,-0.0056,14
2026-03-21T17:56:03.059457,0,0.1450,0.0135,0.1450,2.3104,0.6328,0.6328,-0.0056,14
2026-03-21T17:56:03.129582,0,0.1456,0.0165,0.1456,2.3104,0.6331,0.6330,-0.0055,14
2026-03-21T17:56:03.199358,0,0.1453,0.0127,0.1453,2.3106,0.6334,0.6333,-0.0055,14
2026-03-21T17:56:03.269406,0,0.1443,0.0113,0.1443,2.3099,0.6327,0.6327,-0.0055,14
2026-03-21T17:56:03.338654,0,0.1446,0.0126,0.1446,2.3096,0.6330,0.6330,-0.0055,14
2026-03-21T17:56:03.408680,0,0.1450,0.0169,0.1450,2.3101,0.6331,0.6330,-0.0056,14
2026-03-21T17:56:03.478306,0,0.1457,0.0146,0.1457,2.3111,0.6335,0.6335,-0.0057,14
2026-03-21T17:56:03.548332,0,0.1460,0.0215,0.1460,2.3107,0.6326,0.6325,-0.0055,14
2026-03-21T17:56:03.617751,0,0.1457,0.0149,0.1457,2.3107,0.6317,0.6317,-0.0056,14
2026-03-21T17:56:03.687587,0,0.1448,0.0134,0.1448,2.3102,0.6327,0.6327,-0.0056,14
2026-03-21T17:56:03.756577,0,0.1446,0.0146,0.1446,2.3100,0.6321,0.6320,-0.0055,14
2026-03-21T17:56:03.826616,0,0.1448,0.0095,0.1448,2.3101,0.6330,0.6330,-0.0055,14
2026-03-21T17:56:03.896795,0,0.1456,0.0178,0.1456,2.3101,0.6329,0.6328,-0.0055,14
2026-03-21T17:56:03.965967,0,0.1451,0.0155,0.1451,2.3100,0.6326,0.6326,-0.0054,14
2026-03-21T17:56:04.035434,0,0.1458,0.0146,0.1458,2.3106,0.6340,0.6340,-0.0055,14
2026-03-21T17:56:04.105876,0,0.1451,0.0113,0.1451,2.3102,0.6333,0.6333,-0.0055,14
2026-03-21T17:56:04.174578,0,0.1446,0.0160,0.1446,2.3096,0.6312,0.6312,-0.0055,14
2026-03-21T17:56:04.244643,0,0.1452,0.0140,0.1452,2.3101,0.6329,0.6328,-0.0054,14
2026-03-21T17:56:04.314953,0,0.1453,0.0108,0.1453,2.3107,0.6326,0.6325,-0.0055,14
2026-03-21T17:56:04.384579,0,0.1455,0.0153,0.1455,2.3109,0.6316,0.6315,-0.0055,14
2026-03-21T17:56:04.453966,0,0.1460,0.0188,0.1460,2.3107,0.6349,0.6349,-0.0056,14
2026-03-21T17:56:04.524006,0,0.1446,0.0114,0.1446,2.3102,0.6335,0.6335,-0.0055,14
2026-03-21T17:56:04.593841,0,0.1459,0.0156,0.1459,2.3110,0.6323,0.6323,-0.0055,14
2026-03-21T17:56:04.663409,0,0.1449,0.0125,0.1449,2.3105,0.6315,0.6315,-0.0055,14
2026-03-21T17:56:04.732903,0,0.1452,0.0186,0.1452,2.3102,0.6323,0.6323,-0.0055,14
2026-03-21T17:56:04.802470,0,0.1449,0.0112,0.1449,2.3102,0.6341,0.6340,-0.0056,14
2026-03-21T17:56:04.872285,0,0.1457,0.0127,0.1457,2.3111,0.6334,0.6334,-0.0056,14
2026-03-21T17:56:04.941835,0,0.1448,0.0123,0.1448,2.3104,0.6319,0.6319,-0.0056,14
2026-03-21T17:56:05.011765,0,0.1448,0.0179,0.1448,2.3105,0.6328,0.6328,-0.0057,14
2026-03-21T17:56:05.081251,0,0.1450,0.0116,0.1450,2.3102,0.6319,0.6318,-0.0056,14
2026-03-21T17:56:05.150195,0,0.1462,0.0212,0.1462,2.3112,0.6333,0.6333,-0.0056,14
2026-03-21T17:56:05.220888,0,0.1449,0.0193,0.1449,2.3100,0.6314,0.6313,-0.0055,14
2026-03-21T17:56:05.290506,0,0.1445,0.0068,0.1445,2.3104,0.6320,0.6320,-0.0055,14
2026-03-21T17:56:05.359938,0,0.1449,0.0155,0.1449,2.3100,0.6331,0.6331,-0.0055,14
2026-03-21T17:56:05.430128,0,0.1454,0.0142,0.1454,2.3107,0.6326,0.6326,-0.0056,14
2026-03-21T17:56:05.499134,0,0.1444,0.0080,0.1444,2.3105,0.6342,0.6342,-0.0056,14
2026-03-21T17:56:05.568511,0,0.1457,0.0141,0.1457,2.3110,0.6316,0.6316,-0.0055,14
2026-03-21T17:56:05.639173,0,0.1456,0.0139,0.1456,2.3106,0.6334,0.6334,-0.0056,14
2026-03-21T17:56:05.708864,0,0.1449,0.0153,0.1449,2.3096,0.6326,0.6325,-0.0055,14
2026-03-21T17:56:05.778652,0,0.1449,0.0084,0.1449,2.3102,0.6327,0.6327,-0.0055,14
2026-03-21T17:56:05.847985,0,0.1439,0.0150,0.1439,2.3093,0.6309,0.6309,-0.0055,14
2026-03-21T17:56:05.917639,0,0.1455,0.0158,0.1455,2.3109,0.6319,0.6319,-0.0055,14
2026-03-21T17:56:05.987846,0,0.1454,0.0155,0.1454,2.3101,0.6331,0.6330,-0.0055,14
2026-03-21T17:56:06.056941,0,0.1462,0.0143,0.1462,2.3113,0.6337,0.6337,-0.0056,14
2026-03-21T17:56:06.126310,0,0.1456,0.0156,0.1456,2.3107,0.6322,0.6322,-0.0056,14
2026-03-21T17:56:06.196146,0,0.1451,0.0136,0.1451,2.3100,0.6334,0.6334,-0.0055,14
2026-03-21T17:56:06.265942,0,0.1441,0.0149,0.1441,2.3105,0.6314,0.6313,-0.0057,14
2026-03-21T17:56:06.335370,0,0.1448,0.0130,0.1448,2.3104,0.6306,0.6306,-0.0056,14
2026-03-21T17:56:06.405379,0,0.1450,0.0126,0.1450,2.3106,0.6329,0.6328,-0.0056,14
2026-03-21T17:56:06.475094,0,0.1447,0.0066,0.1447,2.3104,0.6323,0.6323,-0.0056,14
2026-03-21T17:56:06.544779,0,0.1453,0.0129,0.1453,2.3106,0.6326,0.6325,-0.0057,14
2026-03-21T17:56:06.614853,0,0.1455,0.0113,0.1455,2.3109,0.6332,0.6332,-0.0056,14
2026-03-21T17:56:06.683632,0,0.1458,0.0138,0.1458,2.3107,0.6338,0.6338,-0.0055,14
2026-03-21T17:56:06.754469,0,0.1443,0.0172,0.1443,2.3091,0.6329,0.6329,-0.0054,14
2026-03-21T17:56:06.822979,0,0.1453,0.0146,0.1453,2.3105,0.6331,0.6330,-0.0054,14
2026-03-21T17:56:06.893759,0,0.1446,0.0093,0.1446,2.3098,0.6337,0.6337,-0.0055,14
2026-03-21T17:56:06.963154,0,0.1449,0.0129,0.1449,2.3100,0.6329,0.6329,-0.0055,14
2026-03-21T17:56:07.032903,0,0.1458,0.0189,0.1458,2.3102,0.6331,0.6331,-0.0053,14
2026-03-21T17:56:07.102274,0,0.1445,0.0119,0.1445,2.3102,0.6323,0.6323,-0.0056,14
2026-03-21T17:56:07.171806,0,0.1447,0.0138,0.1447,2.3102,0.6316,0.6316,-0.0055,14
2026-03-21T17:56:07.240891,0,0.1447,0.0178,0.1447,2.3102,0.6326,0.6325,-0.0056,14
2026-03-21T17:56:07.311413,0,0.1459,0.0166,0.1459,2.3107,0.6324,0.6323,-0.0055,14
2026-03-21T17:56:07.380818,0,0.1453,0.0159,0.1453,2.3104,0.6324,0.6324,-0.0056,14
2026-03-21T17:56:07.451190,0,0.1452,0.0190,0.1452,2.3106,0.6316,0.6315,-0.0056,14
2026-03-21T17:56:07.451190,1,0.0715,0.0715,0.0382,1.5610,0.7105,0.1902,0.6846,6
2026-03-21T17:56:07.520752,0,0.1463,0.0187,0.1463,2.3115,0.6328,0.6328,-0.0056,14
2026-03-21T17:56:07.520752,1,0.0628,0.0628,0.0283,1.5826,0.6867,0.1719,0.6648,6
2026-03-21T17:56:07.589845,0,0.1444,0.0091,0.1444,2.3098,0.6335,0.6335,-0.0056,14
2026-03-21T17:56:07.589845,1,0.0615,0.0495,0.0615,1.5900,0.6839,0.1593,0.6651,6
2026-03-21T17:56:07.660185,0,0.1457,0.0135,0.1457,2.3107,0.6336,0.6336,-0.0055,14
2026-03-21T17:56:07.660185,1,0.0481,0.0481,0.0149,1.5739,0.6846,0.1657,0.6642,5
2026-03-21T17:56:07.730272,0,0.1449,0.0113,0.1449,2.3106,0.6317,0.6317,-0.0055,14
2026-03-21T17:56:07.730272,1,0.0554,0.0487,0.0554,1.5717,0.7142,0.1729,0.6929,5
2026-03-21T17:56:07.799660,0,0.1457,0.0119,0.1457,2.3107,0.6338,0.6338,-0.0055,14
2026-03-21T17:56:07.869116,0,0.1455,0.0198,0.1455,2.3102,0.6324,0.6324,-0.0056,14
2026-03-21T17:56:07.937790,0,0.1459,0.0185,0.1459,2.3106,0.6340,0.6340,-0.0055,14
2026-03-21T17:56:08.008809,0,0.1456,0.0179,0.1456,2.3107,0.6320,0.6320,-0.0056,14
2026-03-21T17:56:08.078168,0,0.1449,0.0103,0.1449,2.3109,0.6336,0.6336,-0.0056,14
2026-03-21T17:56:08.147305,0,0.1449,0.0122,0.1449,2.3107,0.6316,0.6316,-0.0056,14
2026-03-21T17:56:08.217132,0,0.1455,0.0208,0.1455,2.3099,0.6336,0.6335,-0.0054,14
2026-03-21T17:56:08.286755,0,0.1455,0.0180,0.1455,2.3105,0.6311,0.6310,-0.0055,14
2026-03-21T17:56:08.356773,0,0.1438,0.0129,0.1438,2.3104,0.6318,0.6318,-0.0057,14
2026-03-21T17:56:08.426415,0,0.1445,0.0119,0.1445,2.3101,0.6331,0.6330,-0.0055,14
2026-03-21T17:56:08.496182,0,0.1449,0.0091,0.1449,2.3106,0.6329,0.6329,-0.0056,14
2026-03-21T17:56:08.565524,0,0.1443,0.0109,0.1443,2.3096,0.6319,0.6319,-0.0056,14
2026-03-21T17:56:08.635986,0,0.1447,0.0108,0.1447,2.3104,0.6324,0.6323,-0.0055,14
2026-03-21T17:56:08.704820,0,0.1446,0.0089,0.1446,2.3104,0.6335,0.6335,-0.0055,14
2026-03-21T17:56:08.775088,0,0.1453,0.0146,0.1453,2.3105,0.6308,0.6308,-0.0056,14
2026-03-21T17:56:08.844972,0,0.1443,0.0141,0.1443,2.3096,0.6317,0.6317,-0.0054,14
2026-03-21T17:56:08.913454,0,0.1446,0.0094,0.1446,2.3100,0.6336,0.6335,-0.0056,14
2026-03-21T17:56:08.983910,0,0.1443,0.0110,0.1443,2.3100,0.6341,0.6340,-0.0056,14
2026-03-21T17:56:09.053850,0,0.1446,0.0090,0.1446,2.3102,0.6319,0.6319,-0.0056,14
2026-03-21T17:56:09.123167,0,0.1442,0.0079,0.1442,2.3099,0.6322,0.6322,-0.0054,14
2026-03-21T17:56:09.193244,0,0.1459,0.0193,0.1459,2.3104,0.6331,0.6330,-0.0055,14
2026-03-21T17:56:09.262378,0,0.1461,0.0150,0.1461,2.3110,0.6326,0.6326,-0.0056,14
2026-03-21T17:56:09.331989,0,0.1464,0.0195,0.1464,2.3111,0.6324,0.6323,-0.0055,14
2026-03-21T17:56:09.401893,0,0.1445,0.0131,0.1445,2.3107,0.6321,0.6321,-0.0056,14
2026-03-21T17:56:09.471434,0,0.1458,0.0238,0.1458,2.3104,0.6328,0.6328,-0.0055,14
2026-03-21T17:56:09.540888,0,0.1452,0.0120,0.1452,2.3104,0.6326,0.6326,-0.0055,14
2026-03-21T17:56:09.610992,0,0.1451,0.0159,0.1451,2.3101,0.6323,0.6323,-0.0055,14
2026-03-21T17:56:09.680804,0,0.1456,0.0165,0.1456,2.3102,0.6329,0.6328,-0.0055,14
2026-03-21T17:56:09.750998,0,0.1457,0.0188,0.1457,2.3107,0.6330,0.6330,-0.0056,14
2026-03-21T17:56:09.819841,0,0.1447,0.0180,0.1447,2.3104,0.6304,0.6303,-0.0056,14
2026-03-21T17:56:09.889999,0,0.1449,0.0147,0.1449,2.3105,0.6319,0.6318,-0.0054,14
2026-03-21T17:56:09.959568,0,0.1446,0.0144,0.1446,2.3102,0.6332,0.6332,-0.0056,14
2026-03-21T17:56:10.029112,0,0.1456,0.0193,0.1456,2.3101,0.6332,0.6332,-0.0055,14
2026-03-21T17:56:10.098695,0,0.1457,0.0135,0.1457,2.3107,0.6334,0.6334,-0.0056,14
2026-03-21T17:56:10.169030,0,0.1462,0.0178,0.1462,2.3107,0.6336,0.6335,-0.0056,14
2026-03-21T17:56:10.237632,0,0.1456,0.0116,0.1456,2.3110,0.6326,0.6326,-0.0056,14
2026-03-21T17:56:10.308583,0,0.1456,0.0139,0.1456,2.3107,0.6327,0.6327,-0.0055,14
2026-03-21T17:56:10.377482,0,0.1451,0.0089,0.1451,2.3102,0.6341,0.6340,-0.0055,14
2026-03-21T17:56:10.447500,0,0.1449,0.0139,0.1449,2.3100,0.6329,0.6329,-0.0055,14
2026-03-21T17:56:10.447500,1,0.0535,0.0535,0.0447,1.7484,0.5021,-0.0086,0.5020,7
2026-03-21T17:56:10.517249,0,0.1448,0.0198,0.1448,2.3096,0.6317,0.6317,-0.0055,14
2026-03-21T17:56:10.517249,1,0.0720,0.0720,0.0558,1.7655,0.4860,-0.0509,0.4834,9
2026-03-21T17:56:10.586512,0,0.1444,0.0135,0.1444,2.3096,0.6324,0.6324,-0.0055,14
2026-03-21T17:56:10.586512,1,0.0582,0.0582,0.0148,1.7701,0.4716,-0.0536,0.4686,8
2026-03-21T17:56:10.656024,0,0.1447,0.0113,0.1447,2.3100,0.6339,0.6339,-0.0055,14
2026-03-21T17:56:10.656024,1,0.0725,0.0725,0.0419,1.7627,0.4825,-0.0425,0.4806,9
2026-03-21T17:56:10.726676,0,0.1446,0.0149,0.1446,2.3100,0.6301,0.6301,-0.0056,14
2026-03-21T17:56:10.726676,1,0.0585,0.0585,0.0316,1.7660,0.4781,-0.0291,0.4772,8
2026-03-21T17:56:10.796113,0,0.1457,0.0115,0.1457,2.3106,0.6348,0.6348,-0.0056,14
2026-03-21T17:56:10.796113,1,0.0491,0.0491,0.0182,1.7696,0.4691,-0.0163,0.4689,7
2026-03-21T17:56:10.866436,0,0.1449,0.0165,0.1449,2.3099,0.6318,0.6318,-0.0055,14
2026-03-21T17:56:10.866436,1,0.0497,0.0497,0.0438,1.7725,0.4687,-0.0079,0.4686,7
2026-03-21T17:56:10.935224,0,0.1443,0.0129,0.1443,2.3095,0.6318,0.6318,-0.0054,14
2026-03-21T17:56:10.935224,1,0.0663,0.0616,0.0663,1.7804,0.4712,-0.0039,0.4712,8
2026-03-21T17:56:11.005156,0,0.1455,0.0190,0.1455,2.3104,0.6323,0.6323,-0.0055,14
2026-03-21T17:56:11.005156,1,0.0613,0.0613,0.0536,1.7836,0.4677,-0.0039,0.4677,8
2026-03-21T17:56:11.080852,0,0.1443,0.0172,0.1443,2.3091,0.6319,0.6319,-0.0054,14
2026-03-21T17:56:11.080852,1,0.0596,0.0587,0.0596,1.7876,0.4606,-0.0036,0.4606,8
2026-03-21T17:56:11.144344,0,0.1446,0.0100,0.1446,2.3100,0.6329,0.6328,-0.0054,14
2026-03-21T17:56:11.144344,1,0.0484,0.0484,0.0184,1.7824,0.4560,0.0001,0.4560,7
2026-03-21T17:56:11.214246,0,0.1443,0.0106,0.1443,2.3102,0.6324,0.6324,-0.0056,14
2026-03-21T17:56:11.214246,1,0.0599,0.0599,0.0411,1.7754,0.4675,0.0125,0.4673,8
2026-03-21T17:56:11.283660,0,0.1450,0.0103,0.1450,2.3105,0.6325,0.6325,-0.0056,14
2026-03-21T17:56:11.283660,1,0.0618,0.0618,0.0558,1.7770,0.4666,0.0208,0.4662,8
2026-03-21T17:56:11.353254,0,0.1451,0.0115,0.1451,2.3105,0.6329,0.6328,-0.0055,14
2026-03-21T17:56:11.353254,1,0.0609,0.0609,0.0519,1.7820,0.4632,0.0205,0.4628,8
2026-03-21T17:56:11.353254,2,0.0648,0.0648,0.0610,1.6374,0.7007,-0.3238,0.6214,6
2026-03-21T17:56:11.423784,0,0.1453,0.0146,0.1453,2.3102,0.6339,0.6338,-0.0056,14
2026-03-21T17:56:11.423784,1,0.0602,0.0602,0.0503,1.7864,0.4584,0.0203,0.4579,8
2026-03-21T17:56:11.423784,2,0.0613,0.0613,0.0467,1.6313,0.6910,-0.3137,0.6157,7
2026-03-21T17:56:11.493885,0,0.1463,0.0169,0.1463,2.3109,0.6346,0.6346,-0.0055,14
2026-03-21T17:56:11.493885,1,0.0660,0.0660,0.0236,1.7845,0.5053,0.2138,0.4578,7
2026-03-21T17:56:11.493885,2,0.0728,0.0709,0.0728,1.7885,0.4662,0.0161,0.4659,9
2026-03-21T17:56:11.493885,3,0.0743,0.0743,0.0706,1.6391,0.6897,-0.3022,0.6200,9
2026-03-21T17:56:11.563200,0,0.1454,0.0149,0.1454,2.3104,0.6329,0.6328,-0.0056,14
2026-03-21T17:56:11.563200,1,0.0696,0.0696,0.0147,1.8103,0.4741,0.2006,0.4296,9
2026-03-21T17:56:11.563200,2,0.0676,0.0676,0.0597,1.7914,0.4596,0.0158,0.4594,9
2026-03-21T17:56:11.563200,3,0.0784,0.0784,0.0493,1.6651,0.6649,-0.2915,0.5976,9
2026-03-21T17:56:11.633092,0,0.1447,0.0096,0.1447,2.3105,0.6306,0.6306,-0.0056,14
2026-03-21T17:56:11.633092,1,0.0654,0.0654,0.0625,1.7914,0.5058,0.2178,0.4566,8
2026-03-21T17:56:11.633092,2,0.0670,0.0670,0.0520,1.7906,0.4566,0.0158,0.4564,9
2026-03-21T17:56:11.633092,3,0.0768,0.0768,0.0452,1.6842,0.6420,-0.2815,0.5770,9
2026-03-21T17:56:11.702360,0,0.1446,0.0129,0.1446,2.3096,0.6325,0.6325,-0.0054,14
2026-03-21T17:56:11.702360,1,0.0665,0.0665,0.0490,1.7856,0.4584,0.0158,0.4581,9
2026-03-21T17:56:11.702360,2,0.0684,0.0684,0.0641,1.7050,0.6196,-0.2716,0.5569,9
2026-03-21T17:56:11.772136,0,0.1449,0.0100,0.1449,2.3101,0.6329,0.6329,-0.0055,14
2026-03-21T17:56:11.772136,1,0.0670,0.0670,0.0414,1.7924,0.4571,0.0159,0.4568,9
2026-03-21T17:56:11.772136,2,0.0689,0.0689,0.0669,1.7058,0.6029,-0.2642,0.5420,9
2026-03-21T17:56:11.842085,0,0.1447,0.0087,0.1447,2.3104,0.6326,0.6326,-0.0056,14
2026-03-21T17:56:11.842085,1,0.0658,0.0658,0.0297,1.7906,0.4539,0.0159,0.4536,9
2026-03-21T17:56:11.842085,2,0.0700,0.0700,0.0249,1.7225,0.5804,-0.2591,0.5194,8
2026-03-21T17:56:11.911837,0,0.1441,0.0102,0.1441,2.3098,0.6296,0.6296,-0.0055,14
2026-03-21T17:56:11.911837,1,0.0679,0.0679,0.0555,1.7916,0.4544,0.0162,0.4541,9
2026-03-21T17:56:11.911837,2,0.0604,0.0574,0.0604,1.7487,0.5632,-0.2511,0.5041,8
2026-03-21T17:56:11.980848,0,0.1456,0.0170,0.1456,2.3104,0.6332,0.6332,-0.0056,14
2026-03-21T17:56:11.980848,1,0.0552,0.0552,0.0158,1.7904,0.4473,0.0116,0.4471,8
2026-03-21T17:56:11.980848,2,0.0821,0.0462,0.0821,1.7621,0.5499,-0.2449,0.4924,8
2026-03-21T17:56:12.050477,0,0.1449,0.0106,0.1449,2.3104,0.6323,0.6323,-0.0055,14
2026-03-21T17:56:12.050477,1,0.0655,0.0655,0.0345,1.7974,0.4482,0.0156,0.4479,9
2026-03-21T17:56:12.050477,2,0.1101,0.0455,0.1101,1.7786,0.5510,-0.2361,0.4978,10
2026-03-21T17:56:12.119853,0,0.1458,0.0168,0.1458,2.3107,0.6335,0.6335,-0.0055,14
2026-03-21T17:56:12.119853,1,0.0654,0.0654,0.0530,1.7956,0.4520,0.0154,0.4517,9
2026-03-21T17:56:12.119853,2,0.0844,0.0583,0.0844,1.7725,0.5388,-0.2313,0.4867,10
2026-03-21T17:56:12.190746,0,0.1444,0.0139,0.1444,2.3096,0.6310,0.6310,-0.0054,14
2026-03-21T17:56:12.190746,1,0.0652,0.0652,0.0563,1.7960,0.4514,0.0154,0.4512,9
2026-03-21T17:56:12.190746,2,0.0847,0.0556,0.0847,1.7812,0.5335,-0.2291,0.4818,10
2026-03-21T17:56:12.258958,0,0.1455,0.0204,0.1455,2.3106,0.6322,0.6322,-0.0056,14
2026-03-21T17:56:12.258958,1,0.0779,0.0779,0.0593,1.7964,0.4565,0.0199,0.4561,10
2026-03-21T17:56:12.258958,2,0.0811,0.0578,0.0811,1.7916,0.5220,-0.2242,0.4714,10
2026-03-21T17:56:12.329660,0,0.1460,0.0180,0.1460,2.3106,0.6324,0.6323,-0.0055,14
2026-03-21T17:56:12.329660,1,0.0763,0.0763,0.0613,1.7930,0.4568,0.0196,0.4564,10
2026-03-21T17:56:12.329660,2,0.0654,0.0607,0.0654,1.7890,0.5191,-0.2231,0.4687,10
2026-03-21T17:56:12.399397,0,0.1452,0.0079,0.1452,2.3105,0.6341,0.6340,-0.0056,14
2026-03-21T17:56:12.399397,1,0.0643,0.0643,0.0236,1.7920,0.4503,0.0234,0.4497,9
2026-03-21T17:56:12.399397,2,0.0657,0.0657,0.0523,1.7890,0.5189,-0.2232,0.4685,10
2026-03-21T17:56:12.468143,0,0.1460,0.0173,0.1460,2.3107,0.6322,0.6322,-0.0055,14
2026-03-21T17:56:12.468143,1,0.0647,0.0647,0.0365,1.8000,0.4496,0.0233,0.4490,9
2026-03-21T17:56:12.468143,2,0.0976,0.0613,0.0976,1.7916,0.5202,-0.2192,0.4718,11
2026-03-21T17:56:12.539781,0,0.1455,0.0188,0.1455,2.3104,0.6319,0.6318,-0.0055,14
2026-03-21T17:56:12.539781,1,0.0641,0.0641,0.0206,1.7930,0.4482,0.0234,0.4476,9
2026-03-21T17:56:12.539781,2,0.0871,0.0656,0.0871,1.7829,0.5259,-0.2216,0.4769,11
2026-03-21T17:56:12.608344,0,0.1459,0.0184,0.1459,2.3104,0.6351,0.6350,-0.0055,14
2026-03-21T17:56:12.608344,1,0.0642,0.0642,0.0196,1.7881,0.4519,0.0236,0.4513,9
2026-03-21T17:56:12.608344,2,0.0891,0.0679,0.0891,1.7820,0.5297,-0.2233,0.4804,11
2026-03-21T17:56:12.678323,0,0.1459,0.0147,0.1459,2.3111,0.6346,0.6345,-0.0056,14
2026-03-21T17:56:12.678323,1,0.0761,0.0761,0.0720,1.7976,0.4569,0.0195,0.4565,10
2026-03-21T17:56:12.678323,2,0.0822,0.0678,0.0822,1.7742,0.5423,-0.2287,0.4918,11
2026-03-21T17:56:12.748299,0,0.1454,0.0205,0.1454,2.3100,0.6319,0.6319,-0.0054,14
2026-03-21T17:56:12.748299,1,0.0766,0.0766,0.0658,1.7974,0.4552,0.0196,0.4548,10
2026-03-21T17:56:12.748299,2,0.0749,0.0749,0.0679,1.7656,0.5498,-0.2319,0.4985,11
2026-03-21T17:56:12.817339,0,0.1449,0.0146,0.1449,2.3107,0.6316,0.6316,-0.0057,14
2026-03-21T17:56:12.817339,1,0.0650,0.0650,0.0276,1.7954,0.4483,0.0235,0.4477,9
2026-03-21T17:56:12.817339,2,0.0788,0.0788,0.0664,1.7500,0.5640,-0.2380,0.5114,11
2026-03-21T17:56:12.886450,0,0.1438,0.0083,0.1438,2.3098,0.6334,0.6334,-0.0056,14
2026-03-21T17:56:12.886450,1,0.0632,0.0632,0.0225,1.7910,0.4490,0.0234,0.4484,9
2026-03-21T17:56:12.886450,2,0.0802,0.0802,0.0682,1.7405,0.5751,-0.2427,0.5214,11
2026-03-21T17:56:12.956852,0,0.1450,0.0126,0.1450,2.3106,0.6324,0.6323,-0.0055,14
2026-03-21T17:56:12.956852,1,0.0638,0.0638,0.0286,1.7950,0.4473,0.0232,0.4467,9
2026-03-21T17:56:12.956852,2,0.1052,0.0861,0.1052,1.7277,0.5895,-0.2437,0.5368,12
2026-03-21T17:56:13.025849,0,0.1442,0.0109,0.1442,2.3098,0.6321,0.6320,-0.0055,14
2026-03-21T17:56:13.025849,1,0.0654,0.0654,0.0335,1.7920,0.4535,0.0235,0.4529,9
2026-03-21T17:56:13.025849,2,0.0967,0.0870,0.0967,1.7220,0.5974,-0.2470,0.5440,12
2026-03-21T17:56:13.095182,0,0.1455,0.0185,0.1455,2.3105,0.6323,0.6323,-0.0055,14
2026-03-21T17:56:13.095182,1,0.0690,0.0650,0.0690,1.7934,0.4587,0.0235,0.4581,9
2026-03-21T17:56:13.095182,2,0.0951,0.0951,0.0822,1.7123,0.6041,-0.2499,0.5499,12
2026-03-21T17:56:13.165767,0,0.1453,0.0169,0.1453,2.3105,0.6318,0.6318,-0.0056,14
2026-03-21T17:56:13.165767,1,0.0680,0.0641,0.0680,1.7885,0.4597,0.0234,0.4591,9
2026-03-21T17:56:13.165767,2,0.0943,0.0943,0.0824,1.7058,0.6099,-0.2522,0.5553,12
2026-03-21T17:56:13.234860,0,0.1444,0.0129,0.1444,2.3098,0.6300,0.6300,-0.0055,14
2026-03-21T17:56:13.234860,1,0.0661,0.0661,0.0321,1.7940,0.4555,0.0317,0.4544,9
2026-03-21T17:56:13.234860,2,0.0979,0.0979,0.0806,1.6955,0.6157,-0.2549,0.5604,12
2026-03-21T17:56:13.305230,0,0.1453,0.0175,0.1453,2.3104,0.6336,0.6336,-0.0055,14
2026-03-21T17:56:13.305230,1,0.0798,0.0798,0.0604,1.7891,0.4622,0.0364,0.4608,10
2026-03-21T17:56:13.305230,2,0.1258,0.0954,0.1258,1.6972,0.6274,-0.2543,0.5735,13
2026-03-21T17:56:13.374983,0,0.1455,0.0165,0.1455,2.3105,0.6323,0.6323,-0.0056,14
2026-03-21T17:56:13.374983,1,0.0650,0.0650,0.0595,1.7858,0.4624,0.0318,0.4613,9
2026-03-21T17:56:13.374983,2,0.1009,0.0894,0.1009,1.6998,0.6247,-0.2585,0.5687,12
2026-03-21T17:56:13.444595,0,0.1449,0.0130,0.1449,2.3104,0.6316,0.6316,-0.0054,14
2026-03-21T17:56:13.444595,1,0.0568,0.0568,0.0183,1.7867,0.4558,0.0357,0.4544,8
2026-03-21T17:56:13.444595,2,0.1075,0.0879,0.1075,1.6998,0.6301,-0.2608,0.5736,12
2026-03-21T17:56:13.514186,0,0.1453,0.0140,0.1453,2.3106,0.6314,0.6313,-0.0057,14
2026-03-21T17:56:13.514186,1,0.0676,0.0676,0.0401,1.7934,0.4581,0.0400,0.4563,9
2026-03-21T17:56:13.514186,2,0.0943,0.0943,0.0900,1.6946,0.6322,-0.2618,0.5754,12
2026-03-21T17:56:13.583822,0,0.1443,0.0115,0.1443,2.3101,0.6304,0.6304,-0.0056,14
2026-03-21T17:56:13.583822,1,0.0695,0.0695,0.0450,1.7865,0.4611,0.0404,0.4593,9
2026-03-21T17:56:13.583822,2,0.1150,0.1027,0.1150,1.6892,0.6360,-0.2581,0.5813,13
2026-03-21T17:56:13.652514,0,0.1451,0.0099,0.1451,2.3105,0.6337,0.6337,-0.0056,14
2026-03-21T17:56:13.652514,1,0.0683,0.0683,0.0387,1.7881,0.4564,0.0399,0.4547,9
2026-03-21T17:56:13.652514,2,0.1049,0.1049,0.0990,1.6894,0.6339,-0.2574,0.5793,13
2026-03-21T17:56:13.722591,0,0.1452,0.0149,0.1452,2.3104,0.6317,0.6317,-0.0054,14
2026-03-21T17:56:13.722591,1,0.0649,0.0649,0.0462,1.7937,0.4545,0.0394,0.4528,9
2026-03-21T17:56:13.722591,2,0.1186,0.1186,0.1051,1.6805,0.6384,-0.2540,0.5857,14
2026-03-21T17:56:13.792154,0,0.1446,0.0156,0.1446,2.3099,0.6323,0.6323,-0.0056,14
2026-03-21T17:56:13.792154,1,0.0805,0.0805,0.0586,1.7857,0.4662,0.0449,0.4640,10
2026-03-21T17:56:13.792154,2,0.1244,0.1244,0.0929,1.6788,0.6377,-0.2541,0.5849,14
2026-03-21T17:56:13.862942,0,0.1454,0.0193,0.1454,2.3109,0.6314,0.6314,-0.0056,14
2026-03-21T17:56:13.862942,1,0.0633,0.0633,0.0616,1.7901,0.4603,0.0397,0.4586,9
2026-03-21T17:56:13.862942,2,0.1412,0.1282,0.1412,1.6805,0.6436,-0.2506,0.5928,15
2026-03-21T17:56:13.932292,0,0.1451,0.0163,0.1451,2.3101,0.6321,0.6320,-0.0055,14
2026-03-21T17:56:13.932292,1,0.0641,0.0641,0.0563,1.7867,0.4612,0.0398,0.4595,9
2026-03-21T17:56:13.932292,2,0.1211,0.1211,0.1074,1.6876,0.6373,-0.2537,0.5846,14
2026-03-21T17:56:14.001301,0,0.1458,0.0126,0.1458,2.3110,0.6346,0.6346,-0.0056,14
2026-03-21T17:56:14.001301,1,0.0652,0.0635,0.0652,1.7947,0.4595,0.0396,0.4578,9
2026-03-21T17:56:14.001301,2,0.1229,0.1229,0.1012,1.6823,0.6359,-0.2532,0.5833,14
2026-03-21T17:56:14.071966,0,0.1453,0.0155,0.1453,2.3109,0.6329,0.6328,-0.0056,14
2026-03-21T17:56:14.071966,1,0.0673,0.0620,0.0673,1.7928,0.4569,0.0393,0.4552,9
2026-03-21T17:56:14.071966,2,0.1222,0.1222,0.1101,1.6788,0.6368,-0.2535,0.5842,14
2026-03-21T17:56:14.141748,0,0.1447,0.0096,0.1447,2.3105,0.6333,0.6333,-0.0055,14
2026-03-21T17:56:14.141748,1,0.0530,0.0530,0.0496,1.7416,0.5876,0.2671,0.5234,5
2026-03-21T17:56:14.141748,2,0.0673,0.0639,0.0673,1.7907,0.4592,0.0395,0.4575,9
2026-03-21T17:56:14.141748,3,0.1179,0.1179,0.0802,1.6858,0.6333,-0.2574,0.5787,13
2026-03-21T17:56:14.210887,0,0.1459,0.0150,0.1459,2.3106,0.6335,0.6335,-0.0055,14
2026-03-21T17:56:14.210887,1,0.0779,0.0779,0.0766,1.7861,0.4673,0.0445,0.4652,10
2026-03-21T17:56:14.210887,2,0.1179,0.1179,0.0799,1.6902,0.6295,-0.2558,0.5752,13
2026-03-21T17:56:14.281086,0,0.1460,0.0159,0.1460,2.3106,0.6344,0.6344,-0.0055,14
2026-03-21T17:56:14.281086,1,0.0724,0.0724,0.0596,1.7877,0.4628,0.0487,0.4603,9
2026-03-21T17:56:14.281086,2,0.1196,0.1196,0.1030,1.6832,0.6343,-0.2524,0.5819,14
2026-03-21T17:56:14.350860,0,0.1441,0.0093,0.1441,2.3101,0.6316,0.6316,-0.0055,14
2026-03-21T17:56:14.350860,1,0.0715,0.0715,0.0520,1.7861,0.4606,0.0484,0.4581,9
2026-03-21T17:56:14.350860,2,0.1384,0.1231,0.1384,1.6911,0.6377,-0.2483,0.5874,15
2026-03-21T17:56:14.420650,0,0.1455,0.0129,0.1455,2.3106,0.6326,0.6326,-0.0055,14
2026-03-21T17:56:14.420650,1,0.0718,0.0718,0.0556,1.7877,0.4612,0.0485,0.4586,9
2026-03-21T17:56:14.420650,2,0.1240,0.1240,0.1195,1.6876,0.6334,-0.2468,0.5833,15
2026-03-21T17:56:14.489706,0,0.1455,0.0168,0.1455,2.3102,0.6339,0.6338,-0.0055,14
2026-03-21T17:56:14.489706,1,0.0715,0.0715,0.0558,1.7908,0.4592,0.0484,0.4566,9
2026-03-21T17:56:14.489706,2,0.1278,0.1278,0.1107,1.6885,0.6310,-0.2459,0.5811,15
2026-03-21T17:56:14.559509,0,0.1457,0.0208,0.1457,2.3100,0.6327,0.6327,-0.0053,14
2026-03-21T17:56:14.559509,1,0.0691,0.0691,0.0462,1.7950,0.4569,0.0479,0.4543,9
2026-03-21T17:56:14.559509,2,0.1362,0.1362,0.1006,1.6938,0.6318,-0.2464,0.5818,15
2026-03-21T17:56:14.629192,0,0.1452,0.0149,0.1452,2.3102,0.6321,0.6321,-0.0055,14
2026-03-21T17:56:14.629192,1,0.0692,0.0692,0.0361,1.7849,0.4575,0.0480,0.4550,9
2026-03-21T17:56:14.629192,2,0.1363,0.1363,0.0853,1.6823,0.6299,-0.2458,0.5800,15
2026-03-21T17:56:14.698976,0,0.1456,0.0102,0.1456,2.3109,0.6330,0.6330,-0.0056,14
2026-03-21T17:56:14.698976,1,0.0692,0.0692,0.0369,1.7867,0.4591,0.0483,0.4565,9
2026-03-21T17:56:14.698976,2,0.1401,0.1401,0.1233,1.6844,0.6317,-0.2412,0.5838,16
2026-03-21T17:56:14.768340,0,0.1449,0.0129,0.1449,2.3100,0.6339,0.6339,-0.0055,14
2026-03-21T17:56:14.768340,1,0.0674,0.0674,0.0304,1.7881,0.4561,0.0478,0.4536,9
2026-03-21T17:56:14.768340,2,0.1397,0.1397,0.0762,1.6799,0.6281,-0.2453,0.5782,15
2026-03-21T17:56:14.838398,0,0.1452,0.0130,0.1452,2.3104,0.6332,0.6332,-0.0056,14
2026-03-21T17:56:14.838398,1,0.0692,0.0692,0.0462,1.7960,0.4546,0.0478,0.4521,9
2026-03-21T17:56:14.838398,2,0.1400,0.1400,0.1205,1.6796,0.6303,-0.2406,0.5825,16
2026-03-21T17:56:14.908000,0,0.1456,0.0190,0.1456,2.3106,0.6318,0.6318,-0.0057,14
2026-03-21T17:56:14.908000,1,0.0695,0.0695,0.0410,1.7878,0.4574,0.0480,0.4549,9
2026-03-21T17:56:14.908000,2,0.1429,0.1429,0.0735,1.6849,0.6249,-0.2441,0.5753,15
2026-03-21T17:56:14.977576,0,0.1443,0.0116,0.1443,2.3100,0.6319,0.6318,-0.0055,14
2026-03-21T17:56:14.977576,1,0.0822,0.0619,0.0822,1.7947,0.4600,0.0394,0.4583,9
2026-03-21T17:56:14.977576,2,0.1432,0.1432,0.1289,1.6938,0.6262,-0.2390,0.5788,16
2026-03-21T17:56:15.048029,0,0.1459,0.0210,0.1459,2.3104,0.6337,0.6337,-0.0055,14
2026-03-21T17:56:15.048029,1,0.0853,0.0774,0.0853,1.7958,0.4636,0.0441,0.4615,10
2026-03-21T17:56:15.048029,2,0.1431,0.1431,0.0717,1.6889,0.6210,-0.2425,0.5717,15
2026-03-21T17:56:15.116831,0,0.1453,0.0145,0.1453,2.3105,0.6331,0.6330,-0.0055,14
2026-03-21T17:56:15.116831,1,0.0699,0.0699,0.0519,1.7958,0.4563,0.0479,0.4538,9
2026-03-21T17:56:15.116831,2,0.1500,0.1500,0.0694,1.6933,0.6186,-0.2418,0.5694,15
2026-03-21T17:56:15.187286,0,0.1452,0.0156,0.1452,2.3106,0.6326,0.6325,-0.0056,14
2026-03-21T17:56:15.187286,1,0.0701,0.0701,0.0442,1.7881,0.4575,0.0481,0.4550,9
2026-03-21T17:56:15.187286,2,0.1446,0.1446,0.1135,1.6871,0.6225,-0.2378,0.5753,16
2026-03-21T17:56:15.257402,0,0.1448,0.0113,0.1448,2.3101,0.6314,0.6313,-0.0054,14
2026-03-21T17:56:15.257402,1,0.0693,0.0693,0.0442,1.7891,0.4591,0.0482,0.4565,9
2026-03-21T17:56:15.257402,2,0.1431,0.1431,0.1158,1.6885,0.6229,-0.2379,0.5757,16
2026-03-21T17:56:15.325880,0,0.1445,0.0099,0.1445,2.3100,0.6313,0.6313,-0.0055,14
2026-03-21T17:56:15.325880,1,0.0732,0.0622,0.0732,1.7907,0.4614,0.0396,0.4597,9
2026-03-21T17:56:15.325880,2,0.1458,0.1458,0.0670,1.6911,0.6172,-0.2411,0.5682,15
2026-03-21T17:56:15.395990,0,0.1447,0.0149,0.1447,2.3100,0.6304,0.6303,-0.0054,14
2026-03-21T17:56:15.395990,1,0.0709,0.0709,0.0468,1.7848,0.4597,0.0484,0.4572,9
2026-03-21T17:56:15.395990,2,0.1442,0.1442,0.1132,1.6868,0.6215,-0.2373,0.5744,16
2026-03-21T17:56:15.465407,0,0.1453,0.0192,0.1453,2.3107,0.6308,0.6308,-0.0057,14
2026-03-21T17:56:15.465407,1,0.0720,0.0720,0.0528,1.7888,0.4575,0.0483,0.4550,9
2026-03-21T17:56:15.465407,2,0.1491,0.1491,0.1029,1.6920,0.6195,-0.2367,0.5725,16
2026-03-21T17:56:15.534652,0,0.1452,0.0146,0.1452,2.3104,0.6314,0.6313,-0.0055,14
2026-03-21T17:56:15.534652,1,0.0713,0.0713,0.0538,1.7948,0.4555,0.0480,0.4530,9
2026-03-21T17:56:15.534652,2,0.1443,0.1443,0.1153,1.6938,0.6203,-0.2369,0.5733,16
2026-03-21T17:56:15.604858,0,0.1434,0.0102,0.1434,2.3094,0.6326,0.6326,-0.0056,14
2026-03-21T17:56:15.604858,1,0.0713,0.0713,0.0528,1.7878,0.4596,0.0483,0.4571,9
2026-03-21T17:56:15.604858,2,0.1453,0.1453,0.1079,1.6902,0.6208,-0.2371,0.5737,16
2026-03-21T17:56:15.673896,0,0.1455,0.0175,0.1455,2.3101,0.6329,0.6329,-0.0055,14
2026-03-21T17:56:15.673896,1,0.0787,0.0787,0.0746,1.7930,0.4657,0.0445,0.4636,10
2026-03-21T17:56:15.673896,2,0.1435,0.1435,0.1146,1.6911,0.6215,-0.2373,0.5744,16
2026-03-21T17:56:15.744089,0,0.1444,0.0125,0.1444,2.3098,0.6319,0.6319,-0.0055,14
2026-03-21T17:56:15.744089,1,0.0774,0.0623,0.0774,1.7908,0.4613,0.0396,0.4596,9
2026-03-21T17:56:15.744089,2,0.1479,0.1479,0.1120,1.6885,0.6220,-0.2376,0.5748,16
2026-03-21T17:56:15.814202,0,0.1453,0.0159,0.1453,2.3105,0.6319,0.6319,-0.0057,14
2026-03-21T17:56:15.814202,1,0.0653,0.0637,0.0653,1.7907,0.4591,0.0395,0.4574,9
2026-03-21T17:56:15.814202,2,0.1481,0.1481,0.1123,1.6849,0.6222,-0.2376,0.5750,16
2026-03-21T17:56:15.883746,0,0.1443,0.0104,0.1443,2.3101,0.6310,0.6310,-0.0055,14
2026-03-21T17:56:15.883746,1,0.0780,0.0780,0.0712,1.7907,0.4661,0.0445,0.4640,10
2026-03-21T17:56:15.883746,2,0.1416,0.1416,0.1213,1.6920,0.6204,-0.2368,0.5734,16
2026-03-21T17:56:15.953519,0,0.1447,0.0100,0.1447,2.3100,0.6329,0.6328,-0.0055,14
2026-03-21T17:56:15.953519,1,0.0698,0.0698,0.0472,1.7911,0.4576,0.0481,0.4551,9
2026-03-21T17:56:15.953519,2,0.1487,0.1487,0.0668,1.6897,0.6170,-0.2412,0.5679,15
2026-03-21T17:56:16.023298,0,0.1448,0.0122,0.1448,2.3106,0.6326,0.6326,-0.0056,14
2026-03-21T17:56:16.023298,1,0.0666,0.0666,0.0344,1.7960,0.4556,0.0478,0.4531,9
2026-03-21T17:56:16.023298,2,0.1473,0.1473,0.1076,1.6938,0.6196,-0.2366,0.5726,16
2026-03-21T17:56:16.092906,0,0.1455,0.0178,0.1455,2.3101,0.6318,0.6318,-0.0055,14
2026-03-21T17:56:16.092906,1,0.0673,0.0673,0.0272,1.7858,0.4565,0.0479,0.4540,9
2026-03-21T17:56:16.092906,2,0.1463,0.1463,0.1051,1.6894,0.6196,-0.2367,0.5727,16
2026-03-21T17:56:16.162585,0,0.1448,0.0106,0.1448,2.3104,0.6305,0.6305,-0.0055,14
2026-03-21T17:56:16.162585,1,0.0661,0.0661,0.0275,1.7930,0.4554,0.0477,0.4529,9
2026-03-21T17:56:16.162585,2,0.1466,0.1466,0.1087,1.6920,0.6185,-0.2364,0.5716,16
2026-03-21T17:56:16.231562,0,0.1456,0.0188,0.1456,2.3104,0.6318,0.6318,-0.0056,14
2026-03-21T17:56:16.231562,1,0.0683,0.0683,0.0370,1.7897,0.4575,0.0480,0.4550,9
2026-03-21T17:56:16.231562,2,0.1478,0.1478,0.1151,1.6906,0.6176,-0.2358,0.5708,16
2026-03-21T17:56:16.302218,0,0.1443,0.0160,0.1443,2.3100,0.6309,0.6308,-0.0056,14
2026-03-21T17:56:16.302218,1,0.0677,0.0677,0.0371,1.7938,0.4552,0.0477,0.4527,9
2026-03-21T17:56:16.302218,2,0.1466,0.1466,0.0660,1.6938,0.6161,-0.2408,0.5671,15
2026-03-21T17:56:16.371292,0,0.1448,0.0149,0.1448,2.3100,0.6323,0.6323,-0.0056,14
2026-03-21T17:56:16.371292,1,0.0706,0.0622,0.0706,1.7881,0.4623,0.0397,0.4606,9
2026-03-21T17:56:16.371292,2,0.1434,0.1434,0.1228,1.6964,0.6171,-0.2356,0.5703,16
2026-03-21T17:56:16.440790,0,0.1448,0.0184,0.1448,2.3102,0.6343,0.6343,-0.0056,14
2026-03-21T17:56:16.440790,1,0.0659,0.0659,0.0346,1.7871,0.4587,0.0399,0.4570,9
2026-03-21T17:56:16.440790,2,0.1432,0.1432,0.0719,1.6929,0.6158,-0.2405,0.5669,15
2026-03-21T17:56:16.511094,0,0.1456,0.0163,0.1456,2.3110,0.6327,0.6327,-0.0056,14
2026-03-21T17:56:16.511094,1,0.0801,0.0801,0.0691,1.7835,0.4716,0.0369,0.4701,10
2026-03-21T17:56:16.511094,2,0.1411,0.1411,0.0826,1.6997,0.6150,-0.2400,0.5662,15
2026-03-21T17:56:16.580641,0,0.1459,0.0142,0.1459,2.3111,0.6344,0.6344,-0.0056,14
2026-03-21T17:56:16.580641,1,0.0656,0.0656,0.0591,1.7835,0.4666,0.0321,0.4655,9
2026-03-21T17:56:16.580641,2,0.1332,0.1332,0.0926,1.7050,0.6130,-0.2391,0.5644,15
2026-03-21T17:56:16.649995,0,0.1452,0.0129,0.1452,2.3104,0.6314,0.6314,-0.0056,14
2026-03-21T17:56:16.649995,1,0.0677,0.0647,0.0677,1.7891,0.4623,0.0317,0.4612,9
2026-03-21T17:56:16.649995,2,0.1239,0.1239,0.1063,1.7032,0.6117,-0.2385,0.5633,15
2026-03-21T17:56:16.720105,0,0.1450,0.0154,0.1450,2.3104,0.6318,0.6318,-0.0056,14
2026-03-21T17:56:16.720105,1,0.0650,0.0650,0.0373,1.7867,0.4604,0.0318,0.4593,9
2026-03-21T17:56:16.720105,2,0.1217,0.1217,0.0713,1.7041,0.6047,-0.2411,0.5546,14
2026-03-21T17:56:16.789022,0,0.1452,0.0185,0.1452,2.3101,0.6321,0.6320,-0.0055,14
2026-03-21T17:56:16.789022,1,0.0812,0.0812,0.0650,1.7847,0.4658,0.0368,0.4643,10
2026-03-21T17:56:16.789022,2,0.1211,0.1211,0.0783,1.7044,0.6009,-0.2394,0.5512,14
2026-03-21T17:56:16.859269,0,0.1447,0.0123,0.1447,2.3101,0.6332,0.6332,-0.0056,14
2026-03-21T17:56:16.859269,1,0.0661,0.0661,0.0296,1.7870,0.4587,0.0320,0.4576,9
2026-03-21T17:56:16.859269,2,0.1125,0.1125,0.0665,1.7111,0.5941,-0.2415,0.5428,13
2026-03-21T17:56:16.929065,0,0.1453,0.0129,0.1453,2.3104,0.6338,0.6338,-0.0055,14
2026-03-21T17:56:16.929065,1,0.0806,0.0806,0.0623,1.7860,0.4642,0.0367,0.4627,10
2026-03-21T17:56:16.929065,2,0.1114,0.1114,0.0594,1.7145,0.5883,-0.2393,0.5375,13
2026-03-21T17:56:16.999206,0,0.1459,0.0133,0.1459,2.3111,0.6331,0.6331,-0.0056,14
2026-03-21T17:56:16.999206,1,0.0768,0.0768,0.0585,1.7398,0.5961,0.2757,0.5285,6
2026-03-21T17:56:16.999206,2,0.0784,0.0784,0.0661,1.7855,0.4667,0.0364,0.4653,10
2026-03-21T17:56:16.999206,3,0.1121,0.1121,0.1083,1.7210,0.5879,-0.2340,0.5394,14
2026-03-21T17:56:17.067987,0,0.1459,0.0208,0.1459,2.3106,0.6327,0.6327,-0.0056,14
2026-03-21T17:56:17.067987,1,0.0821,0.0821,0.0430,1.7353,0.5799,0.2727,0.5118,7
2026-03-21T17:56:17.067987,2,0.0669,0.0669,0.0309,1.7870,0.4595,0.0321,0.4584,9
2026-03-21T17:56:17.067987,3,0.1111,0.1111,0.0516,1.7257,0.5766,-0.2345,0.5268,13
2026-03-21T17:56:17.138651,0,0.1440,0.0149,0.1440,2.3099,0.6319,0.6319,-0.0056,14
2026-03-21T17:56:17.138651,1,0.0816,0.0816,0.0432,1.7407,0.5801,0.2728,0.5119,7
2026-03-21T17:56:17.138651,2,0.0791,0.0791,0.0706,1.7831,0.4677,0.0283,0.4668,10
2026-03-21T17:56:17.138651,3,0.1094,0.1094,0.1012,1.7292,0.5787,-0.2303,0.5309,14
2026-03-21T17:56:17.207650,0,0.1449,0.0116,0.1449,2.3107,0.6326,0.6326,-0.0056,14
2026-03-21T17:56:17.207650,1,0.0793,0.0786,0.0793,1.7928,0.4678,0.0282,0.4669,10
2026-03-21T17:56:17.207650,2,0.1132,0.1132,0.0543,1.7256,0.5728,-0.2331,0.5232,13
2026-03-21T17:56:17.277127,0,0.1446,0.0111,0.1446,2.3100,0.6336,0.6335,-0.0055,14
2026-03-21T17:56:17.277127,1,0.0689,0.0689,0.0428,1.7850,0.4610,0.0324,0.4598,9
2026-03-21T17:56:17.277127,2,0.1111,0.1111,0.0949,1.7257,0.5766,-0.2295,0.5290,14
2026-03-21T17:56:17.346712,0,0.1453,0.0116,0.1453,2.3109,0.6319,0.6319,-0.0056,14
2026-03-21T17:56:17.346712,1,0.0676,0.0676,0.0344,1.7855,0.4600,0.0321,0.4588,9
2026-03-21T17:56:17.346712,2,0.1106,0.1106,0.0575,1.7316,0.5724,-0.2327,0.5229,13
2026-03-21T17:56:17.416073,0,0.1453,0.0146,0.1453,2.3109,0.6310,0.6310,-0.0055,14
2026-03-21T17:56:17.416073,1,0.0665,0.0665,0.0308,1.7898,0.4553,0.0318,0.4542,9
2026-03-21T17:56:17.416073,2,0.1089,0.1089,0.0583,1.7286,0.5746,-0.2336,0.5250,13
2026-03-21T17:56:17.486543,0,0.1450,0.0140,0.1450,2.3101,0.6323,0.6323,-0.0056,14
2026-03-21T17:56:17.486543,1,0.0674,0.0674,0.0294,1.7825,0.4611,0.0322,0.4600,9
2026-03-21T17:56:17.486543,2,0.1072,0.1072,0.0998,1.7335,0.5762,-0.2293,0.5286,14
2026-03-21T17:56:17.555791,0,0.1448,0.0140,0.1448,2.3100,0.6307,0.6307,-0.0055,14
2026-03-21T17:56:17.555791,1,0.0664,0.0664,0.0277,1.7851,0.4605,0.0320,0.4594,9
2026-03-21T17:56:17.555791,2,0.1097,0.1097,0.1001,1.7309,0.5785,-0.2302,0.5308,14
2026-03-21T17:56:17.626095,0,0.1461,0.0254,0.1461,2.3105,0.6305,0.6305,-0.0055,14
2026-03-21T17:56:17.626095,1,0.0647,0.0647,0.0257,1.7851,0.4589,0.0319,0.4578,9
2026-03-21T17:56:17.626095,2,0.1142,0.1142,0.0907,1.7254,0.5791,-0.2305,0.5312,14
2026-03-21T17:56:17.695984,0,0.1464,0.0215,0.1464,2.3105,0.6330,0.6330,-0.0054,14
2026-03-21T17:56:17.695984,1,0.0654,0.0654,0.0267,1.7831,0.4606,0.0320,0.4595,9
2026-03-21T17:56:17.695984,2,0.1109,0.1109,0.0851,1.7283,0.5799,-0.2309,0.5320,14
2026-03-21T17:56:17.765011,0,0.1467,0.0224,0.1467,2.3111,0.6342,0.6342,-0.0055,14
2026-03-21T17:56:17.765011,1,0.0674,0.0674,0.0340,1.7871,0.4611,0.0322,0.4600,9
2026-03-21T17:56:17.765011,2,0.1112,0.1112,0.0881,1.7266,0.5801,-0.2310,0.5321,14
2026-03-21T17:56:17.834941,0,0.1450,0.0139,0.1450,2.3101,0.6309,0.6309,-0.0055,14
2026-03-21T17:56:17.834941,1,0.0671,0.0671,0.0280,1.7831,0.4603,0.0322,0.4592,9
2026-03-21T17:56:17.834941,2,0.1153,0.1153,0.0415,1.7223,0.5784,-0.2354,0.5284,13
2026-03-21T17:56:17.904630,0,0.1447,0.0106,0.1447,2.3102,0.6332,0.6332,-0.0056,14
2026-03-21T17:56:17.904630,1,0.0665,0.0665,0.0321,1.7894,0.4586,0.0319,0.4575,9
2026-03-21T17:56:17.904630,2,0.1145,0.1145,0.0886,1.7214,0.5795,-0.2308,0.5315,14
2026-03-21T17:56:17.974062,0,0.1449,0.0149,0.1449,2.3101,0.6299,0.6299,-0.0054,14
2026-03-21T17:56:17.974062,1,0.0656,0.0656,0.0257,1.7881,0.4586,0.0319,0.4575,9
2026-03-21T17:56:17.974062,2,0.1142,0.1142,0.0767,1.7257,0.5801,-0.2311,0.5321,14
2026-03-21T17:56:18.044040,0,0.1456,0.0194,0.1456,2.3101,0.6314,0.6314,-0.0055,14
2026-03-21T17:56:18.044040,1,0.0646,0.0646,0.0337,1.7881,0.4575,0.0318,0.4564,9
2026-03-21T17:56:18.044040,2,0.1130,0.1130,0.0832,1.7236,0.5812,-0.2315,0.5331,14
2026-03-21T17:56:18.113914,0,0.1449,0.0159,0.1449,2.3099,0.6308,0.6308,-0.0055,14
2026-03-21T17:56:18.113914,1,0.0676,0.0676,0.0327,1.7838,0.4621,0.0323,0.4609,9
2026-03-21T17:56:18.113914,2,0.1127,0.1127,0.0919,1.7227,0.5814,-0.2314,0.5333,14
2026-03-21T17:56:18.183203,0,0.1446,0.0136,0.1446,2.3100,0.6301,0.6301,-0.0054,14
2026-03-21T17:56:18.183203,1,0.0682,0.0682,0.0397,1.7868,0.4570,0.0320,0.4558,9
2026-03-21T17:56:18.183203,2,0.1138,0.1138,0.0956,1.7245,0.5795,-0.2308,0.5316,14
2026-03-21T17:56:18.253061,0,0.1443,0.0106,0.1443,2.3102,0.6322,0.6322,-0.0056,14
2026-03-21T17:56:18.253061,1,0.0679,0.0679,0.0363,1.7855,0.4602,0.0322,0.4591,9
2026-03-21T17:56:18.253061,2,0.1066,0.1066,0.0984,1.7292,0.5804,-0.2309,0.5325,14
2026-03-21T17:56:18.323420,0,0.1447,0.0108,0.1447,2.3105,0.6337,0.6337,-0.0056,14
2026-03-21T17:56:18.323420,1,0.0665,0.0665,0.0267,1.7851,0.4609,0.0321,0.4597,9
2026-03-21T17:56:18.323420,2,0.1104,0.1104,0.0859,1.7292,0.5773,-0.2299,0.5296,14
2026-03-21T17:56:18.392575,0,0.1458,0.0170,0.1458,2.3110,0.6317,0.6317,-0.0056,14
2026-03-21T17:56:18.392575,1,0.0647,0.0644,0.0647,1.7881,0.4621,0.0317,0.4610,9
2026-03-21T17:56:18.392575,2,0.1110,0.1110,0.0808,1.7327,0.5756,-0.2292,0.5280,14
2026-03-21T17:56:18.462213,0,0.1452,0.0159,0.1452,2.3100,0.6323,0.6323,-0.0054,14
2026-03-21T17:56:18.462213,1,0.0795,0.0795,0.0645,1.7828,0.4695,0.0367,0.4681,10
2026-03-21T17:56:18.462213,2,0.1177,0.1177,0.0688,1.7245,0.5768,-0.2299,0.5291,14
2026-03-21T17:56:18.532222,0,0.1446,0.0108,0.1446,2.3105,0.6330,0.6330,-0.0057,14
2026-03-21T17:56:18.532222,1,0.0792,0.0792,0.0557,1.7851,0.4670,0.0366,0.4656,10
2026-03-21T17:56:18.532222,2,0.1147,0.1147,0.0759,1.7249,0.5767,-0.2298,0.5289,14
2026-03-21T17:56:18.601276,0,0.1450,0.0168,0.1450,2.3099,0.6319,0.6318,-0.0055,14
2026-03-21T17:56:18.601276,1,0.0790,0.0790,0.0647,1.7861,0.4690,0.0366,0.4676,10
2026-03-21T17:56:18.601276,2,0.1159,0.1159,0.0688,1.7283,0.5760,-0.2294,0.5283,14
2026-03-21T17:56:18.670520,0,0.1448,0.0123,0.1448,2.3109,0.6326,0.6326,-0.0057,14
2026-03-21T17:56:18.670520,1,0.0790,0.0790,0.0681,1.7904,0.4667,0.0364,0.4653,10
2026-03-21T17:56:18.670520,2,0.1141,0.1141,0.0778,1.7249,0.5768,-0.2297,0.5290,14
2026-03-21T17:56:18.740547,0,0.1442,0.0225,0.1442,2.3091,0.6322,0.6322,-0.0055,14
2026-03-21T17:56:18.740547,1,0.0776,0.0776,0.0681,1.7875,0.4669,0.0364,0.4655,10
2026-03-21T17:56:18.740547,2,0.1132,0.1132,0.0806,1.7249,0.5785,-0.2304,0.5306,14
2026-03-21T17:56:18.810556,0,0.1448,0.0208,0.1448,2.3094,0.6299,0.6298,-0.0054,14
2026-03-21T17:56:18.810556,1,0.0796,0.0796,0.0608,1.7904,0.4642,0.0366,0.4628,10
2026-03-21T17:56:18.810556,2,0.1141,0.1141,0.0745,1.7283,0.5773,-0.2300,0.5295,14
2026-03-21T17:56:18.879340,0,0.1450,0.0116,0.1450,2.3106,0.6309,0.6309,-0.0056,14
2026-03-21T17:56:18.879340,1,0.0653,0.0653,0.0441,1.7875,0.4604,0.0319,0.4593,9
2026-03-21T17:56:18.879340,2,0.1169,0.1169,0.0716,1.7216,0.5781,-0.2304,0.5302,14
2026-03-21T17:56:18.949986,0,0.1450,0.0121,0.1450,2.3106,0.6320,0.6320,-0.0056,14
2026-03-21T17:56:18.949986,1,0.0650,0.0650,0.0355,1.7848,0.4605,0.0318,0.4594,9
2026-03-21T17:56:18.949986,2,0.1112,0.1112,0.0870,1.7264,0.5792,-0.2305,0.5313,14
2026-03-21T17:56:19.019446,0,0.1453,0.0193,0.1453,2.3109,0.6306,0.6306,-0.0056,14
2026-03-21T17:56:19.019446,1,0.0656,0.0656,0.0367,1.7861,0.4610,0.0320,0.4599,9
2026-03-21T17:56:19.019446,2,0.1127,0.1127,0.0895,1.7289,0.5769,-0.2297,0.5292,14
2026-03-21T17:56:19.089725,0,0.1448,0.0113,0.1448,2.3102,0.6329,0.6329,-0.0056,14
2026-03-21T17:56:19.089725,1,0.0676,0.0676,0.0377,1.7888,0.4602,0.0320,0.4591,9
2026-03-21T17:56:19.089725,2,0.1115,0.1115,0.0879,1.7283,0.5773,-0.2299,0.5296,14
2026-03-21T17:56:19.158944,0,0.1449,0.0127,0.1449,2.3107,0.6322,0.6322,-0.0055,14
2026-03-21T17:56:19.158944,1,0.0686,0.0686,0.0456,1.7898,0.4611,0.0323,0.4599,9
2026-03-21T17:56:19.158944,2,0.1116,0.1116,0.0821,1.7292,0.5786,-0.2304,0.5308,14
2026-03-21T17:56:19.228969,0,0.1447,0.0136,0.1447,2.3098,0.6322,0.6322,-0.0055,14
2026-03-21T17:56:19.228969,1,0.0846,0.0799,0.0846,1.7891,0.4704,0.0284,0.4695,10
2026-03-21T17:56:19.228969,2,0.1150,0.1150,0.0741,1.7260,0.5771,-0.2299,0.5294,14
2026-03-21T17:56:19.298640,0,0.1451,0.0152,0.1451,2.3109,0.6337,0.6337,-0.0057,14
2026-03-21T17:56:19.298640,1,0.0697,0.0697,0.0446,1.7809,0.4609,0.0325,0.4597,9
2026-03-21T17:56:19.298640,2,0.1150,0.1150,0.0717,1.7283,0.5773,-0.2300,0.5295,14
2026-03-21T17:56:19.368378,0,0.1454,0.0233,0.1454,2.3102,0.6318,0.6318,-0.0055,14
2026-03-21T17:56:19.368378,1,0.0682,0.0682,0.0409,1.7881,0.4626,0.0323,0.4615,9
2026-03-21T17:56:19.368378,2,0.1178,0.1178,0.0664,1.7240,0.5773,-0.2301,0.5295,14
2026-03-21T17:56:19.438324,0,0.1442,0.0133,0.1442,2.3096,0.6314,0.6313,-0.0056,14
2026-03-21T17:56:19.438324,1,0.0653,0.0653,0.0300,1.7835,0.4607,0.0239,0.4601,9
2026-03-21T17:56:19.438324,2,0.1140,0.1140,0.0756,1.7275,0.5785,-0.2304,0.5306,14
2026-03-21T17:56:19.507945,0,0.1451,0.0208,0.1451,2.3096,0.6329,0.6329,-0.0055,14
2026-03-21T17:56:19.507945,1,0.0648,0.0648,0.0545,1.7840,0.4637,0.0237,0.4631,9
2026-03-21T17:56:19.507945,2,0.1163,0.1163,0.0712,1.7240,0.5766,-0.2297,0.5289,14
2026-03-21T17:56:19.578320,0,0.1451,0.0139,0.1451,2.3102,0.6322,0.6322,-0.0056,14
2026-03-21T17:56:19.578320,1,0.0690,0.0690,0.0423,1.7835,0.4614,0.0323,0.4603,9
2026-03-21T17:56:19.578320,2,0.1190,0.1190,0.0647,1.7214,0.5790,-0.2308,0.5310,14
2026-03-21T17:56:19.674842,0,0.1458,0.0194,0.1458,2.3102,0.6324,0.6323,-0.0055,14
2026-03-21T17:56:19.674842,1,0.0689,0.0689,0.0439,1.7861,0.4614,0.0324,0.4603,9
2026-03-21T17:56:19.674842,2,0.1197,0.1197,0.0633,1.7238,0.5788,-0.2306,0.5308,14
2026-03-21T17:56:19.718702,0,0.1450,0.0180,0.1450,2.3099,0.6309,0.6309,-0.0055,14
2026-03-21T17:56:19.718702,1,0.0782,0.0782,0.0740,1.7825,0.4699,0.0284,0.4690,10
2026-03-21T17:56:19.718702,2,0.1152,0.1152,0.0739,1.7249,0.5789,-0.2307,0.5310,14
2026-03-21T17:56:19.786092,0,0.1460,0.0156,0.1460,2.3111,0.6328,0.6328,-0.0055,14
2026-03-21T17:56:19.786092,1,0.0776,0.0776,0.0675,1.7850,0.4694,0.0283,0.4685,10
2026-03-21T17:56:19.786092,2,0.1148,0.1148,0.0738,1.7266,0.5765,-0.2297,0.5287,14
2026-03-21T17:56:19.856441,0,0.1444,0.0113,0.1444,2.3105,0.6327,0.6327,-0.0057,14
2026-03-21T17:56:19.856441,1,0.0778,0.0778,0.0726,1.7811,0.4698,0.0283,0.4689,10
2026-03-21T17:56:19.856441,2,0.1126,0.1126,0.0825,1.7249,0.5783,-0.2304,0.5305,14
2026-03-21T17:56:19.926165,0,0.1459,0.0155,0.1459,2.3107,0.6320,0.6320,-0.0055,14
2026-03-21T17:56:19.926165,1,0.0696,0.0696,0.0459,1.7831,0.4624,0.0324,0.4613,9
2026-03-21T17:56:19.926165,2,0.1173,0.1173,0.0705,1.7233,0.5779,-0.2303,0.5300,14
2026-03-21T17:56:19.995452,0,0.1449,0.0116,0.1449,2.3101,0.6324,0.6323,-0.0055,14
2026-03-21T17:56:19.995452,1,0.0785,0.0785,0.0740,1.7825,0.4692,0.0283,0.4683,10
2026-03-21T17:56:19.995452,2,0.1142,0.1142,0.0735,1.7292,0.5772,-0.2300,0.5294,14
2026-03-21T17:56:20.064922,0,0.1455,0.0165,0.1455,2.3105,0.6332,0.6332,-0.0055,14
2026-03-21T17:56:20.064922,1,0.0697,0.0697,0.0568,1.7930,0.4617,0.0324,0.4606,9
2026-03-21T17:56:20.064922,2,0.1147,0.1147,0.0759,1.7249,0.5790,-0.2307,0.5311,14
2026-03-21T17:56:20.135429,0,0.1455,0.0136,0.1455,2.3105,0.6324,0.6324,-0.0056,14
2026-03-21T17:56:20.135429,1,0.0792,0.0792,0.0736,1.7851,0.4702,0.0285,0.4693,10
2026-03-21T17:56:20.135429,2,0.1153,0.1153,0.0729,1.7257,0.5785,-0.2305,0.5307,14
2026-03-21T17:56:20.205222,0,0.1460,0.0176,0.1460,2.3109,0.6342,0.6342,-0.0055,14
2026-03-21T17:56:20.205222,1,0.0693,0.0693,0.0413,1.7805,0.4641,0.0326,0.4629,9
2026-03-21T17:56:20.205222,2,0.1143,0.1143,0.0724,1.7301,0.5803,-0.2311,0.5322,14
2026-03-21T17:56:20.274866,0,0.1443,0.0152,0.1443,2.3093,0.6321,0.6320,-0.0054,14
2026-03-21T17:56:20.274866,1,0.0699,0.0699,0.0498,1.7851,0.4634,0.0325,0.4623,9
2026-03-21T17:56:20.274866,2,0.1173,0.1173,0.0672,1.7249,0.5796,-0.2310,0.5316,14
2026-03-21T17:56:20.343401,0,0.1437,0.0159,0.1437,2.3098,0.6306,0.6306,-0.0056,14
2026-03-21T17:56:20.343401,1,0.0796,0.0796,0.0675,1.7820,0.4713,0.0286,0.4704,10
2026-03-21T17:56:20.343401,2,0.1202,0.1202,0.0599,1.7223,0.5833,-0.2324,0.5350,14
2026-03-21T17:56:20.412734,0,0.1448,0.0138,0.1448,2.3107,0.6324,0.6323,-0.0058,14
2026-03-21T17:56:20.412734,1,0.0657,0.0657,0.0606,1.7841,0.4658,0.0238,0.4652,9
2026-03-21T17:56:20.412734,2,0.1229,0.1148,0.1229,1.7266,0.5893,-0.2296,0.5427,15
2026-03-21T17:56:20.483154,0,0.1445,0.0166,0.1445,2.3100,0.6305,0.6305,-0.0055,14
2026-03-21T17:56:20.483154,1,0.0800,0.0800,0.0706,1.7861,0.4706,0.0285,0.4697,10
2026-03-21T17:56:20.483154,2,0.1179,0.1179,0.1040,1.7240,0.5914,-0.2306,0.5445,15
2026-03-21T17:56:20.552192,0,0.1448,0.0126,0.1448,2.3099,0.6319,0.6319,-0.0055,14
2026-03-21T17:56:20.552192,1,0.0668,0.0668,0.0275,1.7809,0.4636,0.0323,0.4625,9
2026-03-21T17:56:20.552192,2,0.1235,0.1235,0.0942,1.7181,0.5961,-0.2324,0.5489,15
2026-03-21T17:56:20.622037,0,0.1450,0.0110,0.1450,2.3102,0.6327,0.6327,-0.0056,14
2026-03-21T17:56:20.622037,1,0.0653,0.0653,0.0447,1.7920,0.4617,0.0320,0.4606,9
2026-03-21T17:56:20.622037,2,0.1264,0.1264,0.0849,1.7136,0.5977,-0.2332,0.5503,15
2026-03-21T17:56:20.692322,0,0.1452,0.0129,0.1452,2.3104,0.6317,0.6317,-0.0055,14
2026-03-21T17:56:20.692322,1,0.0662,0.0662,0.0245,1.7828,0.4590,0.0320,0.4579,9
2026-03-21T17:56:20.692322,2,0.1335,0.1335,0.0786,1.7111,0.5995,-0.2340,0.5519,15
2026-03-21T17:56:20.761419,0,0.1451,0.0156,0.1451,2.3105,0.6307,0.6307,-0.0055,14
2026-03-21T17:56:20.761419,1,0.0656,0.0656,0.0394,1.7918,0.4585,0.0318,0.4574,9
2026-03-21T17:56:20.761419,2,0.1427,0.1427,0.0682,1.7085,0.6027,-0.2354,0.5548,15
2026-03-21T17:56:20.831327,0,0.1440,0.0128,0.1440,2.3096,0.6316,0.6316,-0.0055,14
2026-03-21T17:56:20.831327,1,0.0694,0.0694,0.0483,1.7898,0.4600,0.0403,0.4582,9
2026-03-21T17:56:20.831327,2,0.1412,0.1412,0.0855,1.7085,0.6079,-0.2372,0.5597,15
2026-03-21T17:56:20.900899,0,0.1454,0.0101,0.1454,2.3107,0.6329,0.6328,-0.0055,14
2026-03-21T17:56:20.900899,1,0.0674,0.0674,0.0307,1.7860,0.4594,0.0402,0.4577,9
2026-03-21T17:56:20.900899,2,0.1442,0.1442,0.0761,1.6991,0.6094,-0.2380,0.5610,15
2026-03-21T17:56:20.970330,0,0.1442,0.0141,0.1442,2.3100,0.6329,0.6329,-0.0056,14
2026-03-21T17:56:20.970330,1,0.0643,0.0643,0.0587,1.7881,0.4629,0.0318,0.4618,9
2026-03-21T17:56:20.970330,2,0.1436,0.1436,0.0637,1.6982,0.6102,-0.2384,0.5617,15
2026-03-21T17:56:21.041059,0,0.1448,0.0126,0.1448,2.3099,0.6320,0.6320,-0.0055,14
2026-03-21T17:56:21.041059,1,0.0654,0.0654,0.0365,1.7848,0.4604,0.0319,0.4593,9
2026-03-21T17:56:21.041059,2,0.1415,0.1415,0.1235,1.6991,0.6145,-0.2346,0.5680,16
2026-03-21T17:56:21.109509,0,0.1450,0.0146,0.1450,2.3101,0.6310,0.6310,-0.0056,14
2026-03-21T17:56:21.109509,1,0.0658,0.0658,0.0297,1.7851,0.4585,0.0318,0.4574,9
2026-03-21T17:56:21.109509,2,0.1448,0.1448,0.0714,1.6982,0.6117,-0.2389,0.5631,15
2026-03-21T17:56:21.179533,0,0.1449,0.0190,0.1449,2.3099,0.6317,0.6317,-0.0055,14
2026-03-21T17:56:21.179533,1,0.0806,0.0806,0.0651,1.7875,0.4686,0.0367,0.4671,10
2026-03-21T17:56:21.179533,2,0.1448,0.1448,0.1189,1.6973,0.6149,-0.2347,0.5683,16
2026-03-21T17:56:21.249193,0,0.1446,0.0095,0.1446,2.3100,0.6320,0.6320,-0.0055,14
2026-03-21T17:56:21.249193,1,0.0653,0.0653,0.0565,1.7838,0.4643,0.0320,0.4632,9
2026-03-21T17:56:21.249193,2,0.1445,0.1445,0.0674,1.7000,0.6100,-0.2383,0.5615,15
2026-03-21T17:56:21.318964,0,0.1443,0.0077,0.1443,2.3102,0.6299,0.6299,-0.0056,14
2026-03-21T17:56:21.318964,1,0.0660,0.0660,0.0265,1.7828,0.4621,0.0322,0.4610,9
2026-03-21T17:56:21.318964,2,0.1431,0.1431,0.0786,1.7044,0.6098,-0.2381,0.5614,15
2026-03-21T17:56:21.389244,0,0.1450,0.0178,0.1450,2.3096,0.6327,0.6327,-0.0055,14
2026-03-21T17:56:21.389244,1,0.0654,0.0654,0.0281,1.7815,0.4619,0.0321,0.4607,9
2026-03-21T17:56:21.389244,2,0.1446,0.1446,0.1133,1.6947,0.6152,-0.2349,0.5686,16
2026-03-21T17:56:21.458806,0,0.1447,0.0113,0.1447,2.3106,0.6322,0.6322,-0.0057,14
2026-03-21T17:56:21.458806,1,0.0606,0.0606,0.0550,1.7452,0.5888,0.2677,0.5245,5
2026-03-21T17:56:21.458806,2,0.0660,0.0660,0.0220,1.7815,0.4623,0.0322,0.4612,9
2026-03-21T17:56:21.458806,3,0.1446,0.1446,0.1114,1.6947,0.6150,-0.2348,0.5684,16
2026-03-21T17:56:21.528021,0,0.1449,0.0184,0.1449,2.3109,0.6327,0.6327,-0.0057,14
2026-03-21T17:56:21.528021,1,0.0669,0.0669,0.0259,1.7820,0.4625,0.0323,0.4614,9
2026-03-21T17:56:21.528021,2,0.1468,0.1468,0.0723,1.6991,0.6126,-0.2391,0.5640,15
2026-03-21T17:56:21.598099,0,0.1451,0.0161,0.1451,2.3107,0.6330,0.6330,-0.0056,14
2026-03-21T17:56:21.598099,1,0.0679,0.0679,0.0437,1.7928,0.4611,0.0322,0.4600,9
2026-03-21T17:56:21.598099,2,0.1434,0.1434,0.1002,1.6960,0.6132,-0.2341,0.5667,16
2026-03-21T17:56:21.667455,0,0.1458,0.0228,0.1458,2.3104,0.6319,0.6319,-0.0055,14
2026-03-21T17:56:21.667455,1,0.0665,0.0665,0.0277,1.7841,0.4624,0.0322,0.4613,9
2026-03-21T17:56:21.667455,2,0.1427,0.1427,0.1197,1.6991,0.6163,-0.2353,0.5696,16
2026-03-21T17:56:21.736952,0,0.1452,0.0168,0.1452,2.3101,0.6319,0.6319,-0.0055,14
2026-03-21T17:56:21.736952,1,0.0865,0.0773,0.0865,1.7890,0.4678,0.0281,0.4669,10
2026-03-21T17:56:21.736952,2,0.1428,0.1428,0.1152,1.6955,0.6151,-0.2348,0.5686,16
2026-03-21T17:56:21.807808,0,0.1455,0.0158,0.1455,2.3105,0.6326,0.6325,-0.0055,14
2026-03-21T17:56:21.807808,1,0.0693,0.0683,0.0693,1.7461,0.5994,0.2725,0.5339,5
2026-03-21T17:56:21.807808,2,0.0778,0.0778,0.0734,1.7818,0.4710,0.0283,0.4701,10
2026-03-21T17:56:21.807808,3,0.1479,0.1479,0.1041,1.7000,0.6138,-0.2344,0.5672,16
2026-03-21T17:56:21.876766,0,0.1449,0.0160,0.1449,2.3100,0.6328,0.6328,-0.0054,14
2026-03-21T17:56:21.876766,1,0.0775,0.0775,0.0700,1.7825,0.4697,0.0282,0.4688,10
2026-03-21T17:56:21.876766,2,0.1492,0.1492,0.1201,1.7052,0.6127,-0.2341,0.5662,16
2026-03-21T17:56:21.945383,0,0.1457,0.0165,0.1457,2.3106,0.6335,0.6335,-0.0055,14
2026-03-21T17:56:21.945383,1,0.0836,0.0774,0.0836,1.7811,0.4719,0.0282,0.4710,10
2026-03-21T17:56:21.945383,2,0.1416,0.1416,0.1109,1.7000,0.6133,-0.2342,0.5669,16
2026-03-21T17:56:22.015971,0,0.1454,0.0125,0.1454,2.3105,0.6334,0.6334,-0.0055,14
2026-03-21T17:56:22.015971,1,0.0825,0.0771,0.0825,1.7800,0.4719,0.0283,0.4710,10
2026-03-21T17:56:22.015971,2,0.1429,0.1429,0.0704,1.6991,0.6092,-0.2380,0.5608,15
2026-03-21T17:56:22.085900,0,0.1449,0.0139,0.1449,2.3100,0.6334,0.6333,-0.0056,14
2026-03-21T17:56:22.085900,1,0.0675,0.0675,0.0308,1.7828,0.4632,0.0323,0.4621,9
2026-03-21T17:56:22.085900,2,0.1428,0.1428,0.1242,1.7017,0.6123,-0.2337,0.5659,16
2026-03-21T17:56:22.154909,0,0.1451,0.0149,0.1451,2.3100,0.6328,0.6328,-0.0054,14
2026-03-21T17:56:22.154909,1,0.0681,0.0681,0.0300,1.7781,0.4644,0.0325,0.4633,9
2026-03-21T17:56:22.154909,2,0.1401,0.1401,0.1230,1.7044,0.6122,-0.2335,0.5659,16
2026-03-21T17:56:22.225379,0,0.1454,0.0149,0.1454,2.3105,0.6319,0.6318,-0.0055,14
2026-03-21T17:56:22.225379,1,0.0694,0.0694,0.0492,1.7875,0.4622,0.0326,0.4610,9
2026-03-21T17:56:22.225379,2,0.1462,0.1462,0.0615,1.6991,0.6095,-0.2382,0.5611,15
2026-03-21T17:56:22.294391,0,0.1448,0.0115,0.1448,2.3101,0.6319,0.6318,-0.0055,14
2026-03-21T17:56:22.294391,1,0.0814,0.0778,0.0814,1.7888,0.4696,0.0281,0.4687,10
2026-03-21T17:56:22.294391,2,0.1416,0.1416,0.1146,1.6989,0.6123,-0.2338,0.5659,16
2026-03-21T17:56:22.364633,0,0.1456,0.0155,0.1456,2.3106,0.6325,0.6325,-0.0056,14
2026-03-21T17:56:22.364633,1,0.0676,0.0676,0.0344,1.7855,0.4630,0.0323,0.4618,9
2026-03-21T17:56:22.364633,2,0.1439,0.1439,0.1188,1.6982,0.6129,-0.2340,0.5665,16
2026-03-21T17:56:22.434176,0,0.1448,0.0134,0.1448,2.3102,0.6314,0.6314,-0.0055,14
2026-03-21T17:56:22.434176,1,0.0679,0.0679,0.0357,1.7848,0.4620,0.0324,0.4608,9
2026-03-21T17:56:22.434176,2,0.1454,0.1454,0.0695,1.6982,0.6103,-0.2384,0.5618,15
2026-03-21T17:56:22.503983,0,0.1454,0.0133,0.1454,2.3102,0.6343,0.6343,-0.0055,14
2026-03-21T17:56:22.503983,1,0.0681,0.0681,0.0339,1.7820,0.4644,0.0326,0.4633,9
2026-03-21T17:56:22.503983,2,0.1431,0.1431,0.0764,1.7041,0.6064,-0.2368,0.5582,15
2026-03-21T17:56:22.573450,0,0.1452,0.0125,0.1452,2.3104,0.6328,0.6328,-0.0056,14
2026-03-21T17:56:22.573450,1,0.0679,0.0679,0.0377,1.7868,0.4609,0.0322,0.4597,9
2026-03-21T17:56:22.573450,2,0.1455,0.1455,0.0679,1.7004,0.6095,-0.2380,0.5611,15
2026-03-21T17:56:22.642969,0,0.1454,0.0145,0.1454,2.3105,0.6322,0.6322,-0.0056,14
2026-03-21T17:56:22.642969,1,0.0681,0.0681,0.0307,1.7789,0.4644,0.0325,0.4633,9
2026-03-21T17:56:22.642969,2,0.1416,0.1416,0.1170,1.6964,0.6128,-0.2339,0.5664,16
2026-03-21T17:56:22.713332,0,0.1448,0.0135,0.1448,2.3104,0.6311,0.6310,-0.0056,14
2026-03-21T17:56:22.713332,1,0.0835,0.0779,0.0835,1.7850,0.4713,0.0283,0.4704,10
2026-03-21T17:56:22.713332,2,0.1467,0.1467,0.0703,1.7000,0.6097,-0.2382,0.5613,15
2026-03-21T17:56:22.782221,0,0.1436,0.0151,0.1436,2.3096,0.6316,0.6316,-0.0056,14
2026-03-21T17:56:22.782221,1,0.0689,0.0689,0.0385,1.7806,0.4631,0.0325,0.4619,9
2026-03-21T17:56:22.782221,2,0.1454,0.1454,0.1127,1.7008,0.6142,-0.2346,0.5677,16
2026-03-21T17:56:22.852057,0,0.1440,0.0095,0.1440,2.3099,0.6325,0.6325,-0.0056,14
2026-03-21T17:56:22.852057,1,0.0690,0.0690,0.0483,1.7894,0.4636,0.0325,0.4625,9
2026-03-21T17:56:22.852057,2,0.1421,0.1421,0.1112,1.6964,0.6122,-0.2337,0.5659,16
2026-03-21T17:56:22.921913,0,0.1456,0.0183,0.1456,2.3116,0.6326,0.6325,-0.0056,14
2026-03-21T17:56:22.921913,1,0.0813,0.0775,0.0813,1.7887,0.4694,0.0282,0.4685,10
2026-03-21T17:56:22.921913,2,0.1486,0.1486,0.1233,1.7017,0.6137,-0.2342,0.5673,16
2026-03-21T17:56:22.991334,0,0.1448,0.0102,0.1448,2.3106,0.6327,0.6327,-0.0056,14
2026-03-21T17:56:22.991334,1,0.0683,0.0683,0.0389,1.7851,0.4616,0.0323,0.4605,9
2026-03-21T17:56:22.991334,2,0.1490,0.1490,0.1266,1.7070,0.6135,-0.2342,0.5670,16
2026-03-21T17:56:23.061254,0,0.1450,0.0146,0.1450,2.3099,0.6336,0.6336,-0.0055,14
2026-03-21T17:56:23.061254,1,0.0679,0.0679,0.0327,1.7818,0.4641,0.0324,0.4629,9
2026-03-21T17:56:23.061254,2,0.1456,0.1456,0.1084,1.6955,0.6152,-0.2350,0.5685,16
2026-03-21T17:56:23.131581,0,0.1461,0.0163,0.1461,2.3110,0.6311,0.6310,-0.0054,14
2026-03-21T17:56:23.131581,1,0.0683,0.0683,0.0388,1.7850,0.4627,0.0324,0.4616,9
2026-03-21T17:56:23.131581,2,0.1426,0.1426,0.1151,1.6945,0.6143,-0.2345,0.5677,16
2026-03-21T17:56:23.200743,0,0.1440,0.0078,0.1440,2.3096,0.6314,0.6314,-0.0055,14
2026-03-21T17:56:23.200743,1,0.0675,0.0675,0.0326,1.7847,0.4610,0.0322,0.4598,9
2026-03-21T17:56:23.200743,2,0.1420,0.1420,0.1207,1.6982,0.6148,-0.2347,0.5683,16
2026-03-21T17:56:23.270402,0,0.1456,0.0113,0.1456,2.3109,0.6320,0.6320,-0.0056,14
2026-03-21T17:56:23.270402,1,0.0671,0.0671,0.0279,1.7830,0.4625,0.0322,0.4614,9
2026-03-21T17:56:23.270402,2,0.1426,0.1426,0.1095,1.6947,0.6148,-0.2348,0.5682,16
2026-03-21T17:56:23.339717,0,0.1456,0.0180,0.1456,2.3100,0.6331,0.6330,-0.0054,14
2026-03-21T17:56:23.339717,1,0.0664,0.0664,0.0315,1.7838,0.4637,0.0323,0.4626,9
2026-03-21T17:56:23.339717,2,0.1407,0.1407,0.1101,1.6982,0.6122,-0.2337,0.5658,16
2026-03-21T17:56:23.409749,0,0.1456,0.0200,0.1456,2.3105,0.6315,0.6315,-0.0055,14
2026-03-21T17:56:23.409749,1,0.0664,0.0664,0.0261,1.7825,0.4621,0.0322,0.4610,9
2026-03-21T17:56:23.409749,2,0.1432,0.1432,0.1122,1.7070,0.6101,-0.2329,0.5639,16
2026-03-21T17:56:23.479041,0,0.1457,0.0142,0.1457,2.3110,0.6329,0.6328,-0.0056,14
2026-03-21T17:56:23.479041,1,0.0658,0.0658,0.0296,1.7810,0.4621,0.0322,0.4610,9
2026-03-21T17:56:23.479041,2,0.1376,0.1376,0.0723,1.7067,0.6049,-0.2361,0.5569,15
2026-03-21T17:56:23.548866,0,0.1458,0.0145,0.1458,2.3109,0.6332,0.6332,-0.0056,14
2026-03-21T17:56:23.548866,1,0.0674,0.0674,0.0254,1.7785,0.4636,0.0324,0.4625,9
2026-03-21T17:56:23.548866,2,0.1396,0.1396,0.0827,1.7085,0.6057,-0.2365,0.5576,15
2026-03-21T17:56:23.621813,0,0.1450,0.0115,0.1450,0.0779,0.6325,0.6325,-0.0056,14
2026-03-21T17:56:23.621813,1,0.0679,0.0679,0.0373,0.4833,0.4630,0.0324,0.4618,9
2026-03-21T17:56:23.621813,2,0.1413,0.1413,0.0808,0.6056,0.6055,-0.2365,0.5574,15
2026-03-21T17:56:23.688642,0,0.1446,0.0134,0.1446,0.0776,0.6344,0.6344,-0.0055,14
2026-03-21T17:56:23.688642,1,0.0657,0.0657,0.0244,0.4709,0.4596,0.0320,0.4585,9
2026-03-21T17:56:23.688642,2,0.1343,0.1343,0.0819,0.6075,0.6040,-0.2359,0.5560,15
2026-03-21T17:56:23.757450,0,0.1451,0.0130,0.1451,0.0779,0.6336,0.6336,-0.0056,14
2026-03-21T17:56:23.757450,1,0.0674,0.0674,0.0297,0.4793,0.4649,0.0323,0.4637,9
2026-03-21T17:56:23.757450,2,0.1321,0.1321,0.0861,0.6152,0.6029,-0.2354,0.5551,15
2026-03-21T17:56:23.828456,0,0.1452,0.0139,0.1452,0.0782,0.6340,0.6340,-0.0056,14
2026-03-21T17:56:23.828456,1,0.0683,0.0683,0.0358,0.4862,0.4620,0.0323,0.4608,9
2026-03-21T17:56:23.828456,2,0.1280,0.1280,0.0845,0.6085,0.6000,-0.2342,0.5524,15
2026-03-21T17:56:23.897943,0,0.1455,0.0149,0.1455,0.0782,0.6320,0.6320,-0.0055,14
2026-03-21T17:56:23.897943,1,0.0662,0.0662,0.0287,0.4750,0.4614,0.0321,0.4603,9
2026-03-21T17:56:23.897943,2,0.1267,0.1267,0.0840,0.6027,0.6010,-0.2345,0.5534,15
2026-03-21T17:56:23.966361,0,0.1451,0.0131,0.1451,0.0781,0.6333,0.6333,-0.0056,14
2026-03-21T17:56:23.966361,1,0.0661,0.0661,0.0307,0.4780,0.4631,0.0322,0.4620,9
2026-03-21T17:56:23.966361,2,0.1279,0.1279,0.0866,0.6123,0.6019,-0.2349,0.5542,15
2026-03-21T17:56:24.037702,0,0.1453,0.0166,0.1453,0.0781,0.6330,0.6330,-0.0055,14
2026-03-21T17:56:24.037702,1,0.0674,0.0674,0.0334,0.4793,0.4633,0.0324,0.4622,9
2026-03-21T17:56:24.037702,2,0.1297,0.1297,0.0840,0.6114,0.6003,-0.2343,0.5527,15
2026-03-21T17:56:24.105904,0,0.1454,0.0155,0.1454,0.0780,0.6319,0.6319,-0.0055,14
2026-03-21T17:56:24.105904,1,0.0669,0.0669,0.0338,0.4763,0.4624,0.0322,0.4613,9
2026-03-21T17:56:24.105904,2,0.1288,0.1288,0.0827,0.6075,0.5997,-0.2341,0.5521,15
2026-03-21T17:56:24.175371,0,0.1447,0.0109,0.1447,0.0776,0.6317,0.6317,-0.0055,14
2026-03-21T17:56:24.175371,1,0.0658,0.0658,0.0271,0.4770,0.4607,0.0321,0.4596,9
2026-03-21T17:56:24.175371,2,0.1286,0.1286,0.0862,0.6066,0.5992,-0.2339,0.5517,15
2026-03-21T17:56:24.246695,0,0.1448,0.0140,0.1448,2.0565,0.6317,0.6317,-0.0055,14
2026-03-21T17:56:24.246695,1,0.0823,0.0823,0.0653,1.5243,0.4711,0.0374,0.4696,10
2026-03-21T17:56:24.246695,2,0.1337,0.1337,0.0778,1.4556,0.6006,-0.2345,0.5529,15
2026-03-21T17:56:24.315481,0,0.1459,0.0205,0.1459,2.0568,0.6329,0.6329,-0.0056,14
2026-03-21T17:56:24.315481,1,0.0671,0.0671,0.0280,1.5293,0.4643,0.0324,0.4632,9
2026-03-21T17:56:24.315481,2,0.1361,0.1361,0.0756,1.4582,0.5996,-0.2341,0.5520,15
2026-03-21T17:56:24.384961,0,0.1450,0.0120,0.1450,2.0566,0.6314,0.6314,-0.0055,14
2026-03-21T17:56:24.384961,1,0.0660,0.0660,0.0301,1.5267,0.4634,0.0322,0.4623,9
2026-03-21T17:56:24.384961,2,0.1333,0.1333,0.0765,1.4495,0.6027,-0.2353,0.5549,15
2026-03-21T17:56:24.454638,0,0.1457,0.0175,0.1457,2.0570,0.6334,0.6333,-0.0056,14
2026-03-21T17:56:24.454638,1,0.0667,0.0667,0.0355,1.5281,0.4643,0.0322,0.4632,9
2026-03-21T17:56:24.454638,2,0.1305,0.1305,0.0802,1.4503,0.6026,-0.2352,0.5548,15
2026-03-21T17:56:24.524443,0,0.1450,0.0195,0.1450,2.0565,0.6329,0.6328,-0.0055,14
2026-03-21T17:56:24.524443,1,0.0669,0.0669,0.0267,1.5273,0.4645,0.0323,0.4634,9
2026-03-21T17:56:24.524443,2,0.1365,0.1365,0.0786,1.4573,0.6019,-0.2350,0.5541,15
2026-03-21T17:56:24.594532,0,0.1452,0.0109,0.1452,2.0568,0.6326,0.6326,-0.0056,14
2026-03-21T17:56:24.594532,1,0.0650,0.0650,0.0241,1.5247,0.4634,0.0322,0.4623,9
2026-03-21T17:56:24.594532,2,0.1395,0.1395,0.0751,1.4538,0.6027,-0.2354,0.5548,15
2026-03-21T17:56:24.663944,0,0.1452,0.0125,0.1452,2.0566,0.6323,0.6323,-0.0056,14
2026-03-21T17:56:24.663944,1,0.0668,0.0668,0.0259,1.5292,0.4599,0.0322,0.4587,9
2026-03-21T17:56:24.663944,2,0.1371,0.1371,0.0828,1.4635,0.6003,-0.2344,0.5526,15
2026-03-21T17:56:24.733010,0,0.1444,0.0098,0.1444,2.0564,0.6336,0.6336,-0.0055,14
2026-03-21T17:56:24.733010,1,0.0679,0.0679,0.0314,1.5267,0.4635,0.0324,0.4624,9
2026-03-21T17:56:24.733010,2,0.1391,0.1391,0.0677,1.4503,0.6041,-0.2359,0.5561,15
2026-03-21T17:56:24.803805,0,0.1445,0.0133,0.1445,2.0566,0.6314,0.6314,-0.0055,14
2026-03-21T17:56:24.803805,1,0.0682,0.0682,0.0297,1.5231,0.4654,0.0326,0.4643,9
2026-03-21T17:56:24.803805,2,0.1343,0.1343,0.0819,1.4530,0.6040,-0.2358,0.5561,15
2026-03-21T17:56:24.872315,0,0.1446,0.0121,0.1446,2.0568,0.6316,0.6316,-0.0055,14
2026-03-21T17:56:24.872315,1,0.0647,0.0647,0.0304,1.5270,0.4627,0.0320,0.4616,9
2026-03-21T17:56:24.872315,2,0.1395,0.1395,0.0709,1.4477,0.6054,-0.2365,0.5573,15
2026-03-21T17:56:24.942624,0,0.1450,0.0119,0.1450,2.0565,0.6326,0.6325,-0.0056,14
2026-03-21T17:56:24.942624,1,0.0665,0.0665,0.0217,1.5253,0.4626,0.0322,0.4615,9
2026-03-21T17:56:24.942624,2,0.1391,0.1391,0.0749,1.4556,0.6033,-0.2356,0.5554,15
2026-03-21T17:56:25.012700,0,0.1455,0.0169,0.1455,2.0565,0.6328,0.6328,-0.0054,14
2026-03-21T17:56:25.012700,1,0.0662,0.0662,0.0337,1.5273,0.4636,0.0322,0.4625,9
2026-03-21T17:56:25.012700,2,0.1379,0.1379,0.0885,1.4635,0.6026,-0.2352,0.5548,15
2026-03-21T17:56:25.081770,0,0.1456,0.0170,0.1456,2.0572,0.6326,0.6326,-0.0056,14
2026-03-21T17:56:25.081770,1,0.0671,0.0671,0.0395,1.5331,0.4644,0.0323,0.4633,9
2026-03-21T17:56:25.081770,2,0.1376,0.1376,0.0731,1.4538,0.6035,-0.2357,0.5555,15
2026-03-21T17:56:25.151037,0,0.1447,0.0149,0.1447,2.0564,0.6306,0.6306,-0.0056,14
2026-03-21T17:56:25.151037,1,0.0671,0.0671,0.0297,1.5263,0.4656,0.0324,0.4645,9
2026-03-21T17:56:25.151037,2,0.1372,0.1372,0.0840,1.4512,0.6045,-0.2360,0.5565,15
2026-03-21T17:56:25.221904,0,0.1456,0.0165,0.1456,2.0570,0.6314,0.6313,-0.0056,14
2026-03-21T17:56:25.221904,1,0.0664,0.0664,0.0267,1.5273,0.4610,0.0321,0.4599,9
2026-03-21T17:56:25.221904,2,0.1410,0.1410,0.0812,1.4600,0.6036,-0.2358,0.5556,15
2026-03-21T17:56:25.290308,0,0.1454,0.0152,0.1454,2.0573,0.6318,0.6318,-0.0056,14
2026-03-21T17:56:25.290308,1,0.0661,0.0661,0.0301,1.5267,0.4633,0.0322,0.4622,9
2026-03-21T17:56:25.290308,2,0.1388,0.1388,0.1299,1.4556,0.6080,-0.2320,0.5620,16
2026-03-21T17:56:25.360619,0,0.1457,0.0139,0.1457,2.0571,0.6337,0.6337,-0.0056,14
2026-03-21T17:56:25.360619,1,0.0675,0.0675,0.0280,1.5247,0.4672,0.0325,0.4660,9
2026-03-21T17:56:25.360619,2,0.1386,0.1386,0.0827,1.4547,0.6056,-0.2364,0.5576,15
2026-03-21T17:56:25.431289,0,0.1439,0.0145,0.1439,2.0561,0.6313,0.6313,-0.0055,14
2026-03-21T17:56:25.431289,1,0.0679,0.0679,0.0389,1.5343,0.4631,0.0323,0.4619,9
2026-03-21T17:56:25.431289,2,0.1398,0.1398,0.0646,1.4530,0.6035,-0.2357,0.5556,15
2026-03-21T17:56:25.499998,0,0.1457,0.0129,0.1457,2.0570,0.6334,0.6334,-0.0056,14
2026-03-21T17:56:25.499998,1,0.0669,0.0669,0.0287,1.5303,0.4632,0.0322,0.4621,9
2026-03-21T17:56:25.499998,2,0.1402,0.1402,0.0858,1.4617,0.6049,-0.2361,0.5569,15
2026-03-21T17:56:25.569938,0,0.1460,0.0190,0.1460,2.0572,0.6316,0.6316,-0.0056,14
2026-03-21T17:56:25.569938,1,0.0668,0.0668,0.0260,1.5293,0.4626,0.0322,0.4615,9
2026-03-21T17:56:25.569938,2,0.1391,0.1391,0.0828,1.4635,0.6033,-0.2355,0.5554,15
2026-03-21T17:56:25.639471,0,0.1457,0.0143,0.1457,2.0567,0.6338,0.6338,-0.0055,14
2026-03-21T17:56:25.639471,1,0.0664,0.0664,0.0235,1.5241,0.4645,0.0323,0.4634,9
2026-03-21T17:56:25.639471,2,0.1399,0.1399,0.0692,1.4547,0.6042,-0.2360,0.5562,15
2026-03-21T17:56:25.709074,0,0.1444,0.0105,0.1444,2.0559,0.6325,0.6325,-0.0055,14
2026-03-21T17:56:25.709074,1,0.0658,0.0658,0.0254,1.5290,0.4620,0.0321,0.4609,9
2026-03-21T17:56:25.709074,2,0.1398,0.1398,0.0767,1.4565,0.6031,-0.2355,0.5552,15
2026-03-21T17:56:25.779487,0,0.1453,0.0142,0.1453,2.0572,0.6327,0.6327,-0.0056,14
2026-03-21T17:56:25.779487,1,0.0671,0.0671,0.0250,1.5263,0.4627,0.0323,0.4616,9
2026-03-21T17:56:25.779487,2,0.1402,0.1402,0.0710,1.4556,0.6031,-0.2354,0.5553,15
2026-03-21T17:56:25.848459,0,0.1448,0.0112,0.1448,2.0568,0.6309,0.6308,-0.0055,14
2026-03-21T17:56:25.848459,1,0.0668,0.0668,0.0277,1.5253,0.4651,0.0324,0.4639,9
2026-03-21T17:56:25.848459,2,0.1380,0.1380,0.0794,1.4582,0.6052,-0.2362,0.5572,15
2026-03-21T17:56:25.918935,0,0.1448,0.0130,0.1448,2.0561,0.6334,0.6334,-0.0054,14
2026-03-21T17:56:25.918935,1,0.0660,0.0660,0.0277,1.5243,0.4642,0.0323,0.4631,9
2026-03-21T17:56:25.918935,2,0.1375,0.1375,0.0786,1.4573,0.6035,-0.2357,0.5555,15
2026-03-21T17:56:25.988692,0,0.1447,0.0115,0.1447,2.0562,0.6330,0.6330,-0.0056,14
2026-03-21T17:56:25.988692,1,0.0661,0.0661,0.0281,1.5277,0.4623,0.0322,0.4612,9
2026-03-21T17:56:25.988692,2,0.1413,0.1413,0.0799,1.4530,0.6054,-0.2364,0.5573,15
2026-03-21T17:56:26.057248,0,0.1457,0.0119,0.1457,2.0571,0.6332,0.6332,-0.0056,14
2026-03-21T17:56:26.057248,1,0.0661,0.0661,0.0285,1.5281,0.4634,0.0322,0.4623,9
2026-03-21T17:56:26.057248,2,0.1367,0.1367,0.0760,1.4538,0.6035,-0.2356,0.5556,15
2026-03-21T17:56:26.127514,0,0.1461,0.0205,0.1461,2.0570,0.6336,0.6336,-0.0055,14
2026-03-21T17:56:26.127514,1,0.0679,0.0679,0.0320,1.5273,0.4642,0.0324,0.4631,9
2026-03-21T17:56:26.127514,2,0.1393,0.1393,0.0688,1.4486,0.6036,-0.2358,0.5556,15
2026-03-21T17:56:26.197116,0,0.1462,0.0188,0.1462,2.0570,0.6340,0.6340,-0.0056,14
2026-03-21T17:56:26.197116,1,0.0671,0.0671,0.0259,1.5272,0.4630,0.0324,0.4618,9
2026-03-21T17:56:26.197116,2,0.1363,0.1363,0.0706,1.4503,0.6035,-0.2357,0.5555,15
2026-03-21T17:56:26.266962,0,0.1455,0.0188,0.1455,2.0565,0.6331,0.6331,-0.0055,14
2026-03-21T17:56:26.266962,1,0.0664,0.0664,0.0337,1.5323,0.4631,0.0322,0.4620,9
2026-03-21T17:56:26.266962,2,0.1427,0.1427,0.0710,1.4556,0.6037,-0.2359,0.5557,15
2026-03-21T17:56:26.337164,0,0.1446,0.0099,0.1446,2.0561,0.6328,0.6328,-0.0056,14
2026-03-21T17:56:26.337164,1,0.0675,0.0675,0.0290,1.5273,0.4634,0.0323,0.4623,9
2026-03-21T17:56:26.337164,2,0.1388,0.1388,0.0741,1.4538,0.6039,-0.2359,0.5560,15
2026-03-21T17:56:26.407816,0,0.1451,0.0169,0.1451,1.3560,0.6314,0.6313,-0.0056,14
2026-03-21T17:56:26.407816,1,0.0665,0.0665,0.0231,1.9786,0.4626,0.0322,0.4615,9
2026-03-21T17:56:26.407816,2,0.1407,0.1407,0.0856,2.2916,0.6017,-0.2349,0.5540,15
2026-03-21T17:56:26.476436,0,0.1444,0.0175,0.1444,1.3555,0.6316,0.6315,-0.0055,14
2026-03-21T17:56:26.476436,1,0.0661,0.0661,0.0237,1.9786,0.4637,0.0323,0.4626,9
2026-03-21T17:56:26.476436,2,0.1372,0.1372,0.0690,2.2881,0.6042,-0.2359,0.5562,15
2026-03-21T17:56:26.545699,0,0.1444,0.0111,0.1444,1.3521,0.6313,0.6313,-0.0055,14
2026-03-21T17:56:26.545699,1,0.0669,0.0669,0.0314,1.9786,0.4624,0.0322,0.4613,9
2026-03-21T17:56:26.545699,2,0.1408,0.1408,0.0785,2.2911,0.6034,-0.2357,0.5555,15
2026-03-21T17:56:26.614479,0,0.1449,0.0143,0.1449,1.3525,0.6317,0.6317,-0.0055,14
2026-03-21T17:56:26.614479,1,0.0668,0.0668,0.0291,1.9786,0.4626,0.0323,0.4615,9
2026-03-21T17:56:26.614479,2,0.1411,0.1411,0.0731,2.2911,0.6027,-0.2354,0.5548,15
2026-03-21T17:56:26.685124,0,0.1444,0.0161,0.1444,1.3546,0.6326,0.6326,-0.0055,14
2026-03-21T17:56:26.685124,1,0.0671,0.0671,0.0260,1.9786,0.4629,0.0323,0.4617,9
2026-03-21T17:56:26.685124,2,0.1387,0.1387,0.0823,2.2901,0.6027,-0.2353,0.5549,15
2026-03-21T17:56:26.754352,0,0.1447,0.0149,0.1447,1.3530,0.6314,0.6313,-0.0054,14
2026-03-21T17:56:26.754352,1,0.0671,0.0671,0.0254,1.9786,0.4621,0.0323,0.4609,9
2026-03-21T17:56:26.754352,2,0.1379,0.1379,0.0745,2.2896,0.6021,-0.2352,0.5543,15
2026-03-21T17:56:26.825093,0,0.1454,0.0140,0.1454,1.3521,0.6336,0.6335,-0.0057,14
2026-03-21T17:56:26.825093,1,0.0671,0.0671,0.0277,1.9786,0.4625,0.0322,0.4614,9
2026-03-21T17:56:26.825093,2,0.1390,0.1390,0.0742,2.2896,0.6029,-0.2355,0.5550,15
2026-03-21T17:56:26.893940,0,0.1454,0.0146,0.1454,1.3550,0.6327,0.6327,-0.0056,14
2026-03-21T17:56:26.893940,1,0.0675,0.0675,0.0300,1.9786,0.4633,0.0324,0.4622,9
2026-03-21T17:56:26.893940,2,0.1355,0.1355,0.0803,2.2861,0.6031,-0.2354,0.5552,15
2026-03-21T17:56:26.963739,0,0.1458,0.0175,0.1458,1.3520,0.6341,0.6341,-0.0057,14
2026-03-21T17:56:26.963739,1,0.0686,0.0686,0.0387,1.9786,0.4646,0.0325,0.4635,9
2026-03-21T17:56:26.963739,2,0.1333,0.1333,0.0775,2.2861,0.6022,-0.2351,0.5544,15
2026-03-21T17:56:27.033074,0,0.1446,0.0084,0.1446,1.3495,0.6335,0.6335,-0.0057,14
2026-03-21T17:56:27.033074,1,0.0690,0.0690,0.0377,1.9786,0.4661,0.0326,0.4649,9
2026-03-21T17:56:27.033074,2,0.1354,0.1354,0.0815,2.2871,0.6036,-0.2356,0.5557,15
2026-03-21T17:56:27.102797,0,0.1452,0.0108,0.1452,1.3480,0.6342,0.6342,-0.0056,14
2026-03-21T17:56:27.102797,1,0.0850,0.0786,0.0850,1.9879,0.4736,0.0285,0.4727,10
2026-03-21T17:56:27.102797,2,0.1354,0.1354,0.0754,2.2871,0.6021,-0.2351,0.5543,15
2026-03-21T17:56:27.173513,0,0.1448,0.0115,0.1448,1.3526,0.6321,0.6321,-0.0055,14
2026-03-21T17:56:27.173513,1,0.0780,0.0780,0.0747,1.9879,0.4742,0.0285,0.4733,10
2026-03-21T17:56:27.173513,2,0.1406,0.1406,0.0819,2.2906,0.6020,-0.2351,0.5542,15
2026-03-21T17:56:27.242877,0,0.1454,0.0125,0.1454,1.3506,0.6339,0.6338,-0.0055,14
2026-03-21T17:56:27.242877,1,0.0665,0.0665,0.0527,1.9874,0.4685,0.0242,0.4679,9
2026-03-21T17:56:27.242877,2,0.1389,0.1389,0.0764,2.2881,0.6017,-0.2349,0.5540,15
2026-03-21T17:56:27.312152,0,0.1447,0.0102,0.1447,1.3536,0.6314,0.6313,-0.0055,14
2026-03-21T17:56:27.312152,1,0.0792,0.0792,0.0557,1.9875,0.4708,0.0286,0.4699,10
2026-03-21T17:56:27.312152,2,0.1355,0.1355,0.0759,2.2861,0.6024,-0.2352,0.5546,15
2026-03-21T17:56:27.381907,0,0.1438,0.0111,0.1438,1.3536,0.6316,0.6315,-0.0056,14
2026-03-21T17:56:27.381907,1,0.0676,0.0676,0.0344,1.9786,0.4630,0.0324,0.4618,9
2026-03-21T17:56:27.381907,2,0.1406,0.1406,0.0869,2.2926,0.6017,-0.2350,0.5540,15
2026-03-21T17:56:27.452295,0,0.1441,0.0178,0.1441,1.3550,0.6311,0.6311,-0.0055,14
2026-03-21T17:56:27.452295,1,0.0662,0.0662,0.0276,1.9786,0.4630,0.0322,0.4618,9
2026-03-21T17:56:27.452295,2,0.1410,0.1410,0.0751,2.2916,0.6033,-0.2356,0.5553,15
2026-03-21T17:56:27.521030,0,0.1464,0.0170,0.1464,1.3521,0.6329,0.6328,-0.0055,14
2026-03-21T17:56:27.521030,1,0.0824,0.0824,0.0682,1.9786,0.4694,0.0372,0.4679,10
2026-03-21T17:56:27.521030,2,0.1406,0.1406,0.0670,2.2906,0.6034,-0.2358,0.5554,15
2026-03-21T17:56:27.590999,0,0.1452,0.0176,0.1452,1.3577,0.6315,0.6315,-0.0055,14
2026-03-21T17:56:27.590999,1,0.0669,0.0669,0.0266,1.9786,0.4617,0.0322,0.4606,9
2026-03-21T17:56:27.590999,2,0.1405,0.1405,0.0803,2.2911,0.6043,-0.2360,0.5563,15
2026-03-21T17:56:27.660725,0,0.1454,0.0141,0.1454,1.3521,0.6327,0.6327,-0.0057,14
2026-03-21T17:56:27.660725,1,0.0654,0.0654,0.0335,1.9786,0.4649,0.0322,0.4637,9
2026-03-21T17:56:27.660725,2,0.1367,0.1367,0.0841,2.2881,0.6031,-0.2354,0.5552,15
2026-03-21T17:56:27.730199,0,0.1457,0.0149,0.1457,1.3530,0.6318,0.6318,-0.0055,14
2026-03-21T17:56:27.730199,1,0.0699,0.0661,0.0699,1.7388,0.6012,0.2734,0.5354,5
2026-03-21T17:56:27.730199,2,0.0658,0.0658,0.0185,1.9786,0.4616,0.0321,0.4605,9
2026-03-21T17:56:27.730199,3,0.1343,0.1343,0.0836,2.2871,0.6031,-0.2353,0.5553,15
2026-03-21T17:56:27.799310,0,0.1440,0.0075,0.1440,1.3510,0.6324,0.6323,-0.0056,14
2026-03-21T17:56:27.799310,1,0.0668,0.0668,0.0316,1.9786,0.4632,0.0324,0.4621,9
2026-03-21T17:56:27.799310,2,0.1412,0.1412,0.0795,2.2921,0.6028,-0.2354,0.5549,15
2026-03-21T17:56:27.869793,0,0.1458,0.0166,0.1458,1.3527,0.6324,0.6323,-0.0056,14
2026-03-21T17:56:27.869793,1,0.0675,0.0675,0.0334,1.9786,0.4617,0.0322,0.4606,9
2026-03-21T17:56:27.869793,2,0.1382,0.1382,0.0788,2.2896,0.6039,-0.2358,0.5559,15
2026-03-21T17:56:27.938956,0,0.1451,0.0129,0.1451,1.3530,0.6316,0.6316,-0.0056,14
2026-03-21T17:56:27.938956,1,0.0692,0.0692,0.0373,1.9786,0.4651,0.0326,0.4639,9
2026-03-21T17:56:27.938956,2,0.1355,0.1355,0.0752,2.2866,0.6027,-0.2353,0.5548,15
2026-03-21T17:56:28.009192,0,0.1456,0.0133,0.1456,1.3525,0.6324,0.6323,-0.0056,14
2026-03-21T17:56:28.009192,1,0.0668,0.0668,0.0315,1.9786,0.4647,0.0323,0.4636,9
2026-03-21T17:56:28.009192,2,0.1348,0.1348,0.0732,2.2851,0.6033,-0.2355,0.5554,15
2026-03-21T17:56:28.078368,0,0.1455,0.0139,0.1455,1.3530,0.6333,0.6333,-0.0056,14
2026-03-21T17:56:28.078368,1,0.0661,0.0661,0.0301,1.9786,0.4645,0.0324,0.4634,9
2026-03-21T17:56:28.078368,2,0.1379,0.1379,0.0841,2.2896,0.6027,-0.2353,0.5548,15
2026-03-21T17:56:28.147822,0,0.1450,0.0176,0.1450,1.3566,0.6312,0.6312,-0.0056,14
2026-03-21T17:56:28.147822,1,0.0690,0.0690,0.0365,1.9786,0.4660,0.0326,0.4648,9
2026-03-21T17:56:28.147822,2,0.1365,0.1365,0.0786,2.2871,0.6013,-0.2348,0.5535,15
2026-03-21T17:56:28.218376,0,0.1458,0.0185,0.1458,1.3556,0.6315,0.6315,-0.0056,14
2026-03-21T17:56:28.218376,1,0.0661,0.0661,0.0326,1.9786,0.4654,0.0323,0.4643,9
2026-03-21T17:56:28.218376,2,0.1363,0.1363,0.0820,2.2866,0.6003,-0.2344,0.5527,15
2026-03-21T17:56:28.287366,0,0.1456,0.0127,0.1456,1.3521,0.6316,0.6315,-0.0056,14
2026-03-21T17:56:28.287366,1,0.0649,0.0649,0.0263,1.9786,0.4610,0.0321,0.4599,9
2026-03-21T17:56:28.287366,2,0.1378,0.1378,0.1326,2.2906,0.6069,-0.2316,0.5610,16
2026-03-21T17:56:28.357446,0,0.1452,0.0180,0.1452,1.3521,0.6311,0.6310,-0.0054,14
2026-03-21T17:56:28.357446,1,0.0672,0.0672,0.0328,1.9786,0.4620,0.0322,0.4608,9
2026-03-21T17:56:28.357446,2,0.1356,0.1356,0.0810,2.2856,0.5987,-0.2338,0.5512,15
2026-03-21T17:56:28.427236,0,0.1449,0.0116,0.1449,1.3520,0.6321,0.6321,-0.0056,14
2026-03-21T17:56:28.427236,1,0.0694,0.0694,0.0508,1.9786,0.4615,0.0323,0.4604,9
2026-03-21T17:56:28.427236,2,0.1412,0.1412,0.0754,2.2901,0.6019,-0.2351,0.5541,15
2026-03-21T17:56:28.497050,0,0.1461,0.0184,0.1461,1.3506,0.6336,0.6336,-0.0055,14
2026-03-21T17:56:28.497050,1,0.0799,0.0799,0.0591,1.9870,0.4696,0.0289,0.4687,10
2026-03-21T17:56:28.497050,2,0.1386,0.1386,0.0784,2.2886,0.6017,-0.2351,0.5539,15
2026-03-21T17:56:28.566203,0,0.1442,0.0115,0.1442,1.3536,0.6307,0.6307,-0.0055,14
2026-03-21T17:56:28.566203,1,0.0660,0.0660,0.0566,1.9874,0.4646,0.0239,0.4640,9
2026-03-21T17:56:28.566203,2,0.1342,0.1342,0.0788,2.2856,0.6009,-0.2346,0.5532,15
2026-03-21T17:56:28.636105,0,0.1444,0.0119,0.1444,1.3516,0.6314,0.6313,-0.0055,14
2026-03-21T17:56:28.636105,1,0.0782,0.0782,0.0756,1.9878,0.4695,0.0283,0.4686,10
2026-03-21T17:56:28.636105,2,0.1304,0.1304,0.0895,2.2851,0.6005,-0.2343,0.5529,15
2026-03-21T17:56:28.705820,0,0.1443,0.0162,0.1443,1.3566,0.6313,0.6313,-0.0057,14
2026-03-21T17:56:28.705820,1,0.0800,0.0800,0.0720,1.9877,0.4710,0.0285,0.4701,10
2026-03-21T17:56:28.705820,2,0.1266,0.1266,0.0861,2.2791,0.6016,-0.2348,0.5539,15
2026-03-21T17:56:28.775654,0,0.1448,0.0090,0.1448,1.3521,0.6314,0.6314,-0.0055,14
2026-03-21T17:56:28.775654,1,0.0800,0.0800,0.0604,1.9875,0.4692,0.0285,0.4683,10
2026-03-21T17:56:28.775654,2,0.1311,0.1311,0.0877,2.2831,0.5994,-0.2339,0.5519,15
2026-03-21T17:56:28.845218,0,0.1453,0.0141,0.1453,1.3545,0.6316,0.6315,-0.0055,14
2026-03-21T17:56:28.845218,1,0.0667,0.0667,0.0416,1.9871,0.4634,0.0240,0.4628,9
2026-03-21T17:56:28.845218,2,0.1330,0.1330,0.0805,2.2841,0.5990,-0.2338,0.5515,15
2026-03-21T17:56:28.915180,0,0.1441,0.0080,0.1441,1.3510,0.6315,0.6315,-0.0055,14
2026-03-21T17:56:28.915180,1,0.0667,0.0667,0.0271,1.9868,0.4622,0.0242,0.4616,9
2026-03-21T17:56:28.915180,2,0.1228,0.1228,0.0931,2.2756,0.5989,-0.2336,0.5515,15
2026-03-21T17:56:28.985680,0,0.1449,0.0114,0.1449,1.3520,0.6338,0.6338,-0.0056,14
2026-03-21T17:56:28.985680,1,0.0674,0.0674,0.0307,1.9869,0.4645,0.0243,0.4639,9
2026-03-21T17:56:28.985680,2,0.1301,0.1301,0.0758,2.2801,0.5976,-0.2333,0.5502,15
2026-03-21T17:56:29.053756,0,0.1461,0.0155,0.1461,1.3516,0.6333,0.6333,-0.0056,14
2026-03-21T17:56:29.053756,1,0.0668,0.0668,0.0282,1.9869,0.4613,0.0241,0.4607,9
2026-03-21T17:56:29.053756,2,0.1262,0.1262,0.0848,2.2776,0.5974,-0.2332,0.5500,15
2026-03-21T17:56:29.124182,0,0.1440,0.0063,0.1440,1.3507,0.6314,0.6313,-0.0056,14
2026-03-21T17:56:29.124182,1,0.0665,0.0665,0.0307,1.9868,0.4594,0.0241,0.4588,9
2026-03-21T17:56:29.124182,2,0.1318,0.1318,0.0750,2.2821,0.5981,-0.2336,0.5507,15
2026-03-21T17:56:29.193401,0,0.1453,0.0150,0.1453,1.3531,0.6325,0.6325,-0.0055,14
2026-03-21T17:56:29.193401,1,0.0662,0.0662,0.0219,1.9868,0.4610,0.0240,0.4603,9
2026-03-21T17:56:29.193401,2,0.1305,0.1305,0.0759,2.2811,0.5981,-0.2334,0.5507,15
2026-03-21T17:56:29.263104,0,0.1456,0.0198,0.1456,1.3550,0.6321,0.6321,-0.0055,14
2026-03-21T17:56:29.263104,1,0.0669,0.0669,0.0267,1.9869,0.4622,0.0242,0.4616,9
2026-03-21T17:56:29.263104,2,0.1321,0.1321,0.0766,2.2821,0.5976,-0.2333,0.5502,15
2026-03-21T17:56:29.332936,0,0.1458,0.0178,0.1458,1.3510,0.6329,0.6328,-0.0054,14
2026-03-21T17:56:29.332936,1,0.0676,0.0676,0.0290,1.9867,0.4641,0.0244,0.4634,9
2026-03-21T17:56:29.332936,2,0.1247,0.1247,0.0907,2.2781,0.5996,-0.2339,0.5521,15
2026-03-21T17:56:29.401866,0,0.1451,0.0115,0.1451,1.3516,0.6328,0.6328,-0.0055,14
2026-03-21T17:56:29.401866,1,0.0819,0.0780,0.0819,1.9972,0.4706,0.0201,0.4702,10
2026-03-21T17:56:29.401866,2,0.1303,0.1303,0.0785,2.2806,0.5986,-0.2338,0.5511,15
2026-03-21T17:56:29.472135,0,0.1442,0.0109,0.1442,1.3526,0.6317,0.6317,-0.0056,14
2026-03-21T17:56:29.472135,1,0.0678,0.0678,0.0320,1.9868,0.4625,0.0244,0.4619,9
2026-03-21T17:56:29.472135,2,0.1316,0.1316,0.0836,2.2816,0.5979,-0.2333,0.5505,15
2026-03-21T17:56:29.542431,0,0.1447,0.0185,0.1447,1.3576,0.6314,0.6313,-0.0055,14
2026-03-21T17:56:29.542431,1,0.0676,0.0676,0.0336,1.9869,0.4642,0.0245,0.4635,9
2026-03-21T17:56:29.542431,2,0.1327,0.1327,0.0778,2.2836,0.5985,-0.2336,0.5511,15
2026-03-21T17:56:29.611592,0,0.1448,0.0165,0.1448,1.3546,0.6320,0.6320,-0.0055,14
2026-03-21T17:56:29.611592,1,0.0680,0.0680,0.0396,1.9867,0.4610,0.0243,0.4603,9
2026-03-21T17:56:29.611592,2,0.1291,0.1291,0.0807,2.2811,0.6006,-0.2343,0.5530,15
2026-03-21T17:56:29.681934,0,0.1453,0.0147,0.1453,1.3541,0.6314,0.6314,-0.0056,14
2026-03-21T17:56:29.681934,1,0.0681,0.0681,0.0401,1.9870,0.4631,0.0243,0.4624,9
2026-03-21T17:56:29.681934,2,0.1306,0.1306,0.0844,2.2831,0.6001,-0.2342,0.5525,15
2026-03-21T17:56:29.752208,0,0.1464,0.0204,0.1464,1.3536,0.6352,0.6352,-0.0055,14
2026-03-21T17:56:29.752208,1,0.0673,0.0673,0.0347,1.9868,0.4620,0.0243,0.4613,9
2026-03-21T17:56:29.752208,2,0.1290,0.1290,0.0846,2.2821,0.5999,-0.2341,0.5523,15
2026-03-21T17:56:29.821042,0,0.1438,0.0185,0.1438,1.3586,0.6316,0.6315,-0.0055,14
2026-03-21T17:56:29.821042,1,0.0672,0.0672,0.0280,1.9867,0.4617,0.0243,0.4611,9
2026-03-21T17:56:29.821042,2,0.1302,0.1302,0.0779,2.2816,0.6002,-0.2343,0.5526,15
2026-03-21T17:56:29.890765,0,0.1447,0.0114,0.1447,1.3525,0.6331,0.6331,-0.0057,14
2026-03-21T17:56:29.890765,1,0.0665,0.0665,0.0247,1.9868,0.4632,0.0243,0.4626,9
2026-03-21T17:56:29.890765,2,0.1322,0.1322,0.0797,2.2836,0.5999,-0.2342,0.5523,15
2026-03-21T17:56:29.960433,0,0.1452,0.0126,0.1452,1.3530,0.6306,0.6306,-0.0056,14
2026-03-21T17:56:29.960433,1,0.0772,0.0772,0.0632,1.9967,0.4694,0.0201,0.4690,10
2026-03-21T17:56:29.960433,2,0.1263,0.1263,0.0870,2.2791,0.6007,-0.2344,0.5531,15
2026-03-21T17:56:30.030063,0,0.1458,0.0153,0.1458,1.3515,0.6326,0.6326,-0.0055,14
2026-03-21T17:56:30.030063,1,0.0663,0.0663,0.0289,1.9868,0.4585,0.0239,0.4579,9
2026-03-21T17:56:30.030063,2,0.1330,0.1330,0.0777,2.2836,0.5998,-0.2341,0.5522,15
2026-03-21T17:56:30.099977,0,0.1445,0.0106,0.1445,1.3506,0.6334,0.6333,-0.0056,14
2026-03-21T17:56:30.099977,1,0.0790,0.0790,0.0518,1.9960,0.4666,0.0203,0.4662,10
2026-03-21T17:56:30.099977,2,0.1234,0.1234,0.0944,2.2776,0.5993,-0.2338,0.5518,15
2026-03-21T17:56:30.169340,0,0.1457,0.0176,0.1457,1.3547,0.6321,0.6321,-0.0055,14
2026-03-21T17:56:30.169340,1,0.0772,0.0772,0.0718,1.9967,0.4680,0.0200,0.4676,10
2026-03-21T17:56:30.169340,2,0.1281,0.1281,0.0887,2.2831,0.6019,-0.2349,0.5542,15
2026-03-21T17:56:30.238496,0,0.1443,0.0165,0.1443,1.3580,0.6310,0.6310,-0.0055,14
2026-03-21T17:56:30.238496,1,0.0662,0.0662,0.0221,1.9868,0.4600,0.0240,0.4593,9
2026-03-21T17:56:30.238496,2,0.1258,0.1258,0.0868,2.2781,0.6005,-0.2343,0.5529,15
2026-03-21T17:56:30.308727,0,0.1458,0.0200,0.1458,1.3521,0.6329,0.6329,-0.0055,14
2026-03-21T17:56:30.308727,1,0.0648,0.0648,0.0263,1.9869,0.4602,0.0239,0.4596,9
2026-03-21T17:56:30.308727,2,0.1273,0.1273,0.0842,2.2796,0.5995,-0.2341,0.5519,15
2026-03-21T17:56:30.377654,0,0.1450,0.0139,0.1450,1.3530,0.6312,0.6312,-0.0056,14
2026-03-21T17:56:30.377654,1,0.0793,0.0793,0.0561,1.9870,0.4657,0.0286,0.4648,10
2026-03-21T17:56:30.377654,2,0.1285,0.1285,0.0837,2.2816,0.5999,-0.2342,0.5523,15
2026-03-21T17:56:30.448617,0,0.1438,0.0080,0.1438,1.3510,0.6314,0.6313,-0.0055,14
2026-03-21T17:56:30.448617,1,0.0787,0.0787,0.0557,1.9869,0.4630,0.0285,0.4621,10
2026-03-21T17:56:30.448617,2,0.1230,0.1230,0.0975,2.2786,0.6006,-0.2343,0.5530,15
2026-03-21T17:56:30.517430,0,0.1450,0.0110,0.1450,1.3531,0.6316,0.6316,-0.0056,14
2026-03-21T17:56:30.517430,1,0.0798,0.0798,0.0656,1.9868,0.4619,0.0285,0.4610,10
2026-03-21T17:56:30.517430,2,0.1264,0.1178,0.1264,2.2791,0.6044,-0.2355,0.5567,15
2026-03-21T17:56:30.587461,0,0.1453,0.0165,0.1453,1.3526,0.6319,0.6318,-0.0054,14
2026-03-21T17:56:30.587461,1,0.0644,0.0644,0.0320,1.9869,0.4573,0.0237,0.4567,9
2026-03-21T17:56:30.587461,2,0.1189,0.1189,0.0734,2.2791,0.6015,-0.2396,0.5517,14
2026-03-21T17:56:30.656713,0,0.1448,0.0129,0.1448,1.3510,0.6330,0.6330,-0.0056,14
2026-03-21T17:56:30.656713,1,0.0649,0.0649,0.0276,1.9868,0.4552,0.0237,0.4546,9
2026-03-21T17:56:30.656713,2,0.1161,0.1161,0.0819,2.2786,0.6048,-0.2409,0.5548,14
2026-03-21T17:56:30.726446,0,0.1453,0.0161,0.1453,1.3565,0.6314,0.6314,-0.0056,14
2026-03-21T17:56:30.726446,1,0.0643,0.0643,0.0316,1.9869,0.4545,0.0236,0.4539,9
2026-03-21T17:56:30.726446,2,0.1167,0.1167,0.0876,2.2836,0.6074,-0.2419,0.5572,14
2026-03-21T17:56:30.795447,0,0.1447,0.0179,0.1447,1.3600,0.6314,0.6314,-0.0056,14
2026-03-21T17:56:30.795447,1,0.0656,0.0656,0.0256,1.9867,0.4544,0.0237,0.4538,9
2026-03-21T17:56:30.795447,2,0.1091,0.1091,0.1069,2.2796,0.6093,-0.2424,0.5590,14
2026-03-21T17:56:30.865585,0,0.1460,0.0155,0.1460,1.3496,0.6344,0.6344,-0.0056,14
2026-03-21T17:56:30.865585,1,0.0661,0.0661,0.0242,1.9868,0.4576,0.0239,0.4570,9
2026-03-21T17:56:30.865585,2,0.1223,0.1050,0.1223,2.2777,0.6100,-0.2426,0.5597,14
2026-03-21T17:56:30.934715,0,0.1453,0.0139,0.1453,1.3520,0.6326,0.6326,-0.0057,14
2026-03-21T17:56:30.934715,1,0.0662,0.0662,0.0245,1.9868,0.4584,0.0240,0.4578,9
2026-03-21T17:56:30.934715,2,0.1114,0.1114,0.1026,2.2821,0.6110,-0.2432,0.5606,14
2026-03-21T17:56:31.004939,0,0.1447,0.0130,0.1447,1.3521,0.6320,0.6320,-0.0055,14
2026-03-21T17:56:31.004939,1,0.0661,0.0661,0.0262,1.9867,0.4578,0.0240,0.4571,9
2026-03-21T17:56:31.004939,2,0.1129,0.1129,0.1000,2.2836,0.6101,-0.2429,0.5597,14
2026-03-21T17:56:31.074407,0,0.1453,0.0125,0.1453,1.3526,0.6335,0.6335,-0.0056,14
2026-03-21T17:56:31.074407,1,0.0672,0.0672,0.0405,1.9868,0.4574,0.0241,0.4568,9
2026-03-21T17:56:31.074407,2,0.1129,0.1129,0.0978,2.2821,0.6093,-0.2426,0.5589,14
2026-03-21T17:56:31.144278,0,0.1456,0.0210,0.1456,1.3561,0.6324,0.6323,-0.0055,14
2026-03-21T17:56:31.144278,1,0.0527,0.0527,0.0425,1.7371,0.5880,0.2672,0.5238,5
2026-03-21T17:56:31.144278,2,0.0838,0.0769,0.0838,1.9971,0.4666,0.0197,0.4662,10
2026-03-21T17:56:31.144278,3,0.1151,0.1151,0.0945,2.2846,0.6115,-0.2434,0.5609,14
2026-03-21T17:56:31.222499,0,0.1452,0.0112,0.1452,1.3506,0.6341,0.6341,-0.0056,14
2026-03-21T17:56:31.222499,1,0.0736,0.0736,0.0514,1.7397,0.5867,0.2713,0.5202,6
2026-03-21T17:56:31.222499,2,0.0789,0.0789,0.0653,1.9965,0.4662,0.0201,0.4658,10
2026-03-21T17:56:31.222499,3,0.1123,0.1123,0.0965,2.2801,0.6130,-0.2440,0.5624,14
2026-03-21T17:56:31.288155,0,0.1441,0.0092,0.1441,1.3503,0.6320,0.6320,-0.0054,14
2026-03-21T17:56:31.288155,1,0.0555,0.0555,0.0505,1.7388,0.5924,0.2693,0.5277,5
2026-03-21T17:56:31.288155,2,0.0782,0.0782,0.0515,1.9952,0.4636,0.0204,0.4632,10
2026-03-21T17:56:31.288155,3,0.1125,0.1093,0.1125,2.2841,0.6135,-0.2440,0.5629,14
2026-03-21T17:56:31.355697,0,0.1444,0.0061,0.1444,1.3481,0.6333,0.6333,-0.0056,14
2026-03-21T17:56:31.355697,1,0.0648,0.0648,0.0304,1.9953,0.4574,0.0157,0.4571,9
2026-03-21T17:56:31.355697,2,0.1066,0.1066,0.0823,2.2836,0.6146,-0.2498,0.5615,13
2026-03-21T17:56:31.484556,0,0.1452,0.0113,0.1452,1.3497,0.6338,0.6338,-0.0056,14
2026-03-21T17:56:31.484556,1,0.0654,0.0654,0.0255,1.9952,0.4611,0.0159,0.4608,9
2026-03-21T17:56:31.484556,2,0.1154,0.1154,0.0601,2.2871,0.6118,-0.2488,0.5589,13
2026-03-21T17:56:31.537900,0,0.1447,0.0141,0.1447,1.3565,0.6296,0.6296,-0.0056,14
2026-03-21T17:56:31.537900,1,0.0662,0.0662,0.0490,1.9958,0.4625,0.0158,0.4622,9
2026-03-21T17:56:31.537900,2,0.1135,0.1105,0.1135,2.2841,0.6155,-0.2448,0.5647,14
2026-03-21T17:56:31.601172,0,0.1441,0.0136,0.1441,1.3547,0.6296,0.6296,-0.0054,14
2026-03-21T17:56:31.601172,1,0.0471,0.0471,0.0380,1.7353,0.5882,0.2673,0.5240,5
2026-03-21T17:56:31.601172,2,0.0648,0.0648,0.0296,1.9950,0.4594,0.0158,0.4591,9
2026-03-21T17:56:31.601172,3,0.1129,0.1129,0.1000,2.2836,0.6150,-0.2447,0.5642,14
2026-03-21T17:56:31.662864,0,0.1455,0.0130,0.1455,1.3521,0.6328,0.6328,-0.0055,14
2026-03-21T17:56:31.662864,1,0.0787,0.0787,0.0509,1.7373,0.5911,0.2735,0.5240,6
2026-03-21T17:56:31.662864,2,0.0652,0.0652,0.0308,1.9954,0.4600,0.0158,0.4597,9
2026-03-21T17:56:31.662864,3,0.1180,0.1180,0.0871,2.2861,0.6140,-0.2446,0.5632,14
2026-03-21T17:56:31.748494,0,0.1451,0.0196,0.1451,1.3547,0.6306,0.6306,-0.0055,14
2026-03-21T17:56:31.748494,1,0.0812,0.0812,0.0655,1.7423,0.5851,0.2708,0.5186,6
2026-03-21T17:56:31.748494,2,0.0656,0.0656,0.0300,1.9954,0.4627,0.0160,0.4625,9
2026-03-21T17:56:31.748494,3,0.1169,0.1169,0.0877,2.2841,0.6147,-0.2449,0.5639,14
2026-03-21T17:56:31.820770,0,0.1467,0.0223,0.1467,1.3535,0.6326,0.6325,-0.0055,14
2026-03-21T17:56:31.820770,1,0.0730,0.0730,0.0506,1.7406,0.5869,0.2715,0.5203,6
2026-03-21T17:56:31.820770,2,0.0662,0.0662,0.0310,1.9954,0.4617,0.0160,0.4615,9
2026-03-21T17:56:31.820770,3,0.1163,0.1163,0.0874,2.2826,0.6126,-0.2440,0.5619,14
2026-03-21T17:56:31.883177,0,0.1448,0.0105,0.1448,1.3526,0.6321,0.6320,-0.0056,14
2026-03-21T17:56:31.883177,1,0.0807,0.0807,0.0646,1.7423,0.5871,0.2717,0.5204,6
2026-03-21T17:56:31.883177,2,0.0660,0.0660,0.0252,1.9950,0.4612,0.0160,0.4609,9
2026-03-21T17:56:31.883177,3,0.1197,0.1197,0.0802,2.2851,0.6134,-0.2443,0.5626,14
2026-03-21T17:56:31.956878,0,0.1453,0.0161,0.1453,1.3555,0.6322,0.6322,-0.0057,14
2026-03-21T17:56:31.956878,1,0.0413,0.0413,0.0286,1.7349,0.5828,0.2647,0.5192,5
2026-03-21T17:56:31.956878,2,0.0659,0.0659,0.0157,1.9949,0.4626,0.0162,0.4624,9
2026-03-21T17:56:31.956878,3,0.1149,0.1149,0.0890,2.2806,0.6105,-0.2431,0.5600,14
2026-03-21T17:56:32.022975,0,0.1449,0.0114,0.1449,1.3511,0.6329,0.6328,-0.0055,14
2026-03-21T17:56:32.022975,1,0.0719,0.0719,0.0408,1.7250,0.6107,0.2852,0.5400,5
2026-03-21T17:56:32.022975,2,0.0661,0.0661,0.0237,1.9953,0.4645,0.0162,0.4642,9
2026-03-21T17:56:32.022975,3,0.1181,0.1181,0.0817,2.2826,0.6095,-0.2427,0.5590,14
2026-03-21T17:56:32.112420,0,0.1450,0.0135,0.1450,1.3525,0.6338,0.6338,-0.0055,14
2026-03-21T17:56:32.112420,1,0.0500,0.0500,0.0327,1.7358,0.5860,0.2663,0.5220,5
2026-03-21T17:56:32.112420,2,0.0664,0.0664,0.0284,1.9953,0.4619,0.0160,0.4616,9
2026-03-21T17:56:32.112420,3,0.1152,0.1152,0.0880,2.2806,0.6103,-0.2430,0.5598,14
2026-03-21T17:56:32.165093,0,0.1440,0.0118,0.1440,1.3540,0.6314,0.6313,-0.0055,14
2026-03-21T17:56:32.165093,1,0.0744,0.0744,0.0521,1.7375,0.5842,0.2702,0.5180,6
2026-03-21T17:56:32.165093,2,0.0660,0.0660,0.0418,1.9959,0.4659,0.0159,0.4656,9
2026-03-21T17:56:32.165093,3,0.1166,0.1166,0.0864,2.2826,0.6095,-0.2427,0.5591,14
2026-03-21T17:56:32.201332,0,0.1462,0.0166,0.1462,1.3530,0.6321,0.6321,-0.0056,14
2026-03-21T17:56:32.201332,1,0.0658,0.0658,0.0210,1.7419,0.5756,0.2661,0.5104,6
2026-03-21T17:56:32.201332,2,0.0662,0.0662,0.0252,1.9870,0.4631,0.0242,0.4624,9
2026-03-21T17:56:32.201332,3,0.1156,0.1156,0.0860,2.2801,0.6108,-0.2432,0.5602,14
2026-03-21T17:56:32.296594,0,0.1443,0.0139,0.1443,0.1259,0.6322,0.6322,-0.0055,14
2026-03-21T17:56:32.296594,1,0.0589,0.0589,0.0169,0.5150,0.5664,0.2618,0.5023,6
2026-03-21T17:56:32.296594,2,0.0688,0.0688,0.0436,0.7495,0.4655,0.0325,0.4644,9
2026-03-21T17:56:32.296594,3,0.1180,0.1180,0.0827,1.0540,0.6105,-0.2432,0.5599,14
2026-03-21T17:56:32.331991,0,0.1455,0.0183,0.1455,0.1254,0.6325,0.6325,-0.0055,14
2026-03-21T17:56:32.331991,1,0.0629,0.0629,0.0174,0.5150,0.5697,0.2634,0.5052,6
2026-03-21T17:56:32.331991,2,0.0681,0.0681,0.0337,0.7495,0.4621,0.0323,0.4609,9
2026-03-21T17:56:32.331991,3,0.1203,0.1203,0.0772,1.0555,0.6105,-0.2433,0.5599,14
2026-03-21T17:56:32.399590,0,0.1455,0.0146,0.1455,0.1216,0.6337,0.6337,-0.0056,14
2026-03-21T17:56:32.399590,1,0.0626,0.0626,0.0207,0.5112,0.5771,0.2668,0.5117,6
2026-03-21T17:56:32.399590,2,0.0661,0.0661,0.0305,0.7495,0.4614,0.0321,0.4603,9
2026-03-21T17:56:32.399590,3,0.1204,0.1204,0.0794,1.0570,0.6112,-0.2435,0.5606,14
2026-03-21T17:56:32.469339,0,0.1445,0.0166,0.1445,0.1266,0.6315,0.6315,-0.0057,14
2026-03-21T17:56:32.469339,1,0.0634,0.0634,0.0165,0.5154,0.5731,0.2650,0.5081,6
2026-03-21T17:56:32.469339,2,0.0668,0.0668,0.0224,0.7495,0.4630,0.0323,0.4618,9
2026-03-21T17:56:32.469339,3,0.1197,0.1197,0.0802,1.0560,0.6107,-0.2434,0.5601,14
2026-03-21T17:56:32.539725,0,0.1451,0.0143,0.1451,0.1244,0.6321,0.6321,-0.0055,14
2026-03-21T17:56:32.539725,1,0.0568,0.0568,0.0118,0.5158,0.5641,0.2607,0.5002,6
2026-03-21T17:56:32.539725,2,0.0667,0.0667,0.0457,0.7495,0.4641,0.0321,0.4630,9
2026-03-21T17:56:32.539725,3,0.1183,0.1183,0.0785,1.0520,0.6083,-0.2423,0.5579,14
2026-03-21T17:56:32.608023,0,0.1449,0.0188,0.1449,0.1269,0.6324,0.6324,-0.0056,14
2026-03-21T17:56:32.608023,1,0.0963,0.0963,0.0517,0.5234,0.5699,0.2683,0.5028,7
2026-03-21T17:56:32.608023,2,0.0660,0.0660,0.0387,0.7495,0.4642,0.0322,0.4631,9
2026-03-21T17:56:32.608023,3,0.1194,0.1194,0.0779,1.0540,0.6086,-0.2425,0.5582,14
2026-03-21T17:56:32.678845,0,0.1445,0.0183,0.1445,0.1274,0.6301,0.6301,-0.0055,14
2026-03-21T17:56:32.678845,1,0.0904,0.0904,0.0431,0.5175,0.5721,0.2692,0.5048,7
2026-03-21T17:56:32.678845,2,0.0657,0.0657,0.0377,0.7495,0.4616,0.0320,0.4605,9
2026-03-21T17:56:32.678845,3,0.1208,0.1208,0.0737,1.0530,0.6079,-0.2424,0.5575,14
2026-03-21T17:56:32.747272,0,0.1453,0.0139,0.1453,0.1230,0.6325,0.6325,-0.0055,14
2026-03-21T17:56:32.747272,1,0.0910,0.0910,0.0465,0.5150,0.5756,0.2709,0.5079,7
2026-03-21T17:56:32.747272,2,0.0662,0.0662,0.0337,0.7495,0.4632,0.0321,0.4621,9
2026-03-21T17:56:32.747272,3,0.1193,0.1193,0.0768,1.0530,0.6085,-0.2425,0.5581,14
2026-03-21T17:56:32.817644,0,0.1451,0.0175,0.1451,0.1255,0.6318,0.6318,-0.0055,14
2026-03-21T17:56:32.817644,1,0.0568,0.0568,0.0158,0.5129,0.5674,0.2623,0.5032,6
2026-03-21T17:56:32.817644,2,0.0665,0.0665,0.0335,0.7495,0.4639,0.0321,0.4627,9
2026-03-21T17:56:32.817644,3,0.1218,0.1218,0.0703,1.0540,0.6089,-0.2425,0.5585,14
2026-03-21T17:56:32.887843,0,0.1456,0.0165,0.1456,0.1265,0.6341,0.6341,-0.0056,14
2026-03-21T17:56:32.887843,1,0.0530,0.0530,0.0195,0.5095,0.5722,0.2644,0.5075,6
2026-03-21T17:56:32.887843,2,0.0664,0.0664,0.0361,0.7495,0.4599,0.0320,0.4587,9
2026-03-21T17:56:32.887843,3,0.1225,0.1225,0.0717,1.0565,0.6075,-0.2421,0.5571,14
2026-03-21T17:56:32.956928,0,0.1452,0.0208,0.1452,0.1239,0.6316,0.6316,-0.0055,14
2026-03-21T17:56:32.956928,1,0.0578,0.0578,0.0240,0.5103,0.5732,0.2650,0.5083,6
2026-03-21T17:56:32.956928,2,0.0671,0.0671,0.0305,0.7495,0.4635,0.0323,0.4624,9
2026-03-21T17:56:32.956928,3,0.1210,0.1210,0.0721,1.0535,0.6058,-0.2415,0.5556,14
2026-03-21T17:56:33.026393,0,0.1443,0.0100,0.1443,0.1229,0.6315,0.6315,-0.0056,14
2026-03-21T17:56:33.026393,1,0.0558,0.0558,0.0150,0.5103,0.5726,0.2646,0.5078,6
2026-03-21T17:56:33.026393,2,0.0676,0.0676,0.0289,0.7495,0.4627,0.0324,0.4616,9
2026-03-21T17:56:33.026393,3,0.1198,0.1198,0.0737,1.0520,0.6053,-0.2412,0.5552,14
2026-03-21T17:56:33.096683,0,0.1455,0.0130,0.1455,0.1231,0.6336,0.6335,-0.0056,14
2026-03-21T17:56:33.096683,1,0.0590,0.0590,0.0253,0.5095,0.5726,0.2647,0.5077,6
2026-03-21T17:56:33.096683,2,0.0686,0.0686,0.0387,0.7495,0.4644,0.0326,0.4633,9
2026-03-21T17:56:33.096683,3,0.1227,0.1227,0.0664,1.0535,0.6065,-0.2417,0.5562,14
2026-03-21T17:56:33.165731,0,0.1450,0.0109,0.1450,0.1209,0.6324,0.6323,-0.0055,14
2026-03-21T17:56:33.165731,1,0.0617,0.0617,0.0184,0.5108,0.5764,0.2665,0.5111,6
2026-03-21T17:56:33.165731,2,0.0686,0.0686,0.0349,0.7495,0.4664,0.0327,0.4653,9
2026-03-21T17:56:33.165731,3,0.1215,0.1215,0.0680,1.0520,0.6035,-0.2406,0.5535,14
2026-03-21T17:56:33.235553,0,0.1454,0.0188,0.1454,0.1249,0.6327,0.6327,-0.0054,14
2026-03-21T17:56:33.235553,1,0.0576,0.0576,0.0258,0.5116,0.5702,0.2636,0.5057,6
2026-03-21T17:56:33.235553,2,0.0681,0.0681,0.0350,0.7495,0.4645,0.0324,0.4634,9
2026-03-21T17:56:33.235553,3,0.1179,0.1179,0.0751,1.0490,0.6029,-0.2403,0.5530,14
2026-03-21T17:56:33.305928,0,0.1455,0.0159,0.1455,0.1259,0.6315,0.6315,-0.0056,14
2026-03-21T17:56:33.305928,1,0.0966,0.0966,0.0527,0.5247,0.5674,0.2671,0.5006,7
2026-03-21T17:56:33.305928,2,0.0685,0.0685,0.0343,0.7495,0.4630,0.0324,0.4618,9
2026-03-21T17:56:33.305928,3,0.1158,0.1158,0.0883,1.0530,0.6080,-0.2422,0.5577,14
2026-03-21T17:56:33.374775,0,0.1456,0.0125,0.1456,0.1215,0.6344,0.6344,-0.0055,14
2026-03-21T17:56:33.374775,1,0.0662,0.0662,0.0403,0.5273,0.5559,0.2526,0.4952,7
2026-03-21T17:56:33.374775,2,0.0689,0.0689,0.0399,0.7495,0.4639,0.0325,0.4627,9
2026-03-21T17:56:33.374775,3,0.1116,0.0969,0.1116,1.0535,0.6145,-0.2495,0.5616,13
2026-03-21T17:56:33.445332,0,0.1444,0.0124,0.1444,0.1210,0.6329,0.6328,-0.0055,14
2026-03-21T17:56:33.445332,1,0.0626,0.0626,0.0371,0.5184,0.5802,0.2593,0.5191,6
2026-03-21T17:56:33.445332,2,0.0786,0.0786,0.0764,0.7587,0.4730,0.0285,0.4721,10
2026-03-21T17:56:33.445332,3,0.0872,0.0872,0.0670,1.0515,0.6212,-0.2624,0.5631,11
2026-03-21T17:56:33.513889,0,0.1458,0.0139,0.1458,0.1229,0.6321,0.6320,-0.0055,14
2026-03-21T17:56:33.513889,1,0.0758,0.0758,0.0584,0.7673,0.4693,0.0199,0.4689,10
2026-03-21T17:56:33.513889,2,0.0903,0.0753,0.0903,1.0559,0.6324,-0.2720,0.5709,10
2026-03-21T17:56:33.584196,0,0.1451,0.0097,0.1451,0.1196,0.6339,0.6338,-0.0055,14
2026-03-21T17:56:33.584196,1,0.1253,0.1253,0.0746,0.8343,0.4831,-0.0183,0.4828,15
2026-03-21T17:56:33.584196,2,0.0604,0.0604,0.0558,1.0670,0.6452,-0.2878,0.5775,8
2026-03-21T17:56:33.652650,0,0.1452,0.0152,0.1452,0.1255,0.6325,0.6325,-0.0056,14
2026-03-21T17:56:33.652650,1,0.1195,0.1195,0.0530,0.8318,0.4944,-0.0218,0.4939,14
2026-03-21T17:56:33.652650,2,0.0771,0.0584,0.0771,1.0750,0.6679,-0.3083,0.5925,6
2026-03-21T17:56:33.723140,0,0.1456,0.0146,0.1456,0.1239,0.6325,0.6325,-0.0055,14
2026-03-21T17:56:33.723140,1,0.0834,0.0834,0.0646,0.8134,0.5112,-0.0220,0.5108,10
2026-03-21T17:56:33.792701,0,0.1455,0.0152,0.1455,0.1245,0.6329,0.6328,-0.0056,14
2026-03-21T17:56:33.792701,1,0.0803,0.0148,0.0803,1.0971,0.7246,-0.3397,0.6400,5
2026-03-21T17:56:33.861991,0,0.1458,0.0163,0.1458,0.1246,0.6329,0.6329,-0.0056,14
2026-03-21T17:56:33.930832,0,0.1448,0.0175,0.1448,0.1255,0.6329,0.6328,-0.0054,14
2026-03-21T17:56:34.001866,0,0.1444,0.0139,0.1444,0.1240,0.6316,0.6316,-0.0054,14
2026-03-21T17:56:34.071152,0,0.1451,0.0141,0.1451,0.1261,0.6321,0.6320,-0.0056,14
2026-03-21T17:56:34.140711,0,0.1459,0.0115,0.1459,0.1205,0.6334,0.6334,-0.0056,14
2026-03-21T17:56:34.210845,0,0.1454,0.0165,0.1454,0.1235,0.6321,0.6320,-0.0055,14
2026-03-21T17:56:34.279691,0,0.1450,0.0123,0.1450,0.1244,0.6310,0.6310,-0.0055,14
2026-03-21T17:56:34.349589,0,0.1450,0.0119,0.1450,0.1219,0.6336,0.6335,-0.0055,14
2026-03-21T17:56:34.419811,0,0.1453,0.0136,0.1453,0.1236,0.6329,0.6329,-0.0056,14
2026-03-21T17:56:34.489045,0,0.1445,0.0136,0.1445,0.1246,0.6314,0.6313,-0.0055,14
2026-03-21T17:56:34.557814,0,0.1447,0.0091,0.1447,0.1214,0.6324,0.6324,-0.0055,14
2026-03-21T17:56:34.629121,0,0.1442,0.0144,0.1442,0.1255,0.6306,0.6306,-0.0055,14
2026-03-21T17:56:34.697703,0,0.1448,0.0115,0.1448,0.1225,0.6321,0.6320,-0.0056,14
2026-03-21T17:56:34.768376,0,0.1435,0.0135,0.1435,0.1249,0.6316,0.6316,-0.0056,14
2026-03-21T17:56:34.837800,0,0.1445,0.0095,0.1445,0.1219,0.6315,0.6315,-0.0056,14
2026-03-21T17:56:34.906990,0,0.1441,0.0101,0.1441,0.1221,0.6328,0.6328,-0.0056,14
2026-03-21T17:56:34.976541,0,0.1444,0.0139,0.1444,0.1259,0.6314,0.6314,-0.0055,14
2026-03-21T17:56:35.046760,0,0.1445,0.0209,0.1445,0.1299,0.6323,0.6323,-0.0056,14
2026-03-21T17:56:35.116496,0,0.1450,0.0146,0.1450,0.1246,0.6321,0.6320,-0.0057,14
2026-03-21T17:56:35.185791,0,0.1449,0.0105,0.1449,0.1225,0.6327,0.6327,-0.0055,14
2026-03-21T17:56:35.255492,0,0.1455,0.0200,0.1455,0.1301,0.6318,0.6318,-0.0056,14
2026-03-21T17:56:35.325181,0,0.1454,0.0145,0.1454,0.1225,0.6321,0.6321,-0.0055,14
2026-03-21T17:56:35.395510,0,0.1447,0.0121,0.1447,0.1231,0.6325,0.6325,-0.0056,14
2026-03-21T17:56:35.466581,0,0.1444,0.0088,0.1444,0.1214,0.6327,0.6327,-0.0056,14
2026-03-21T17:56:35.534742,0,0.1454,0.0228,0.1454,0.1309,0.6321,0.6321,-0.0056,14
2026-03-21T17:56:35.603442,0,0.1453,0.0129,0.1453,0.1229,0.6331,0.6331,-0.0054,14
2026-03-21T17:56:35.673837,0,0.1441,0.0131,0.1441,0.1221,0.6323,0.6323,-0.0055,14
2026-03-21T17:56:35.743498,0,0.1459,0.0173,0.1459,0.1256,0.6328,0.6328,-0.0056,14
2026-03-21T17:56:35.812327,0,0.1454,0.0206,0.1454,0.1286,0.6324,0.6323,-0.0056,14
2026-03-21T17:56:35.882502,0,0.1447,0.0228,0.1447,0.1289,0.6329,0.6328,-0.0056,14
2026-03-21T17:56:35.952354,0,0.1452,0.0126,0.1452,0.1239,0.6327,0.6327,-0.0056,14
2026-03-21T17:56:36.021516,0,0.1455,0.0143,0.1455,0.1236,0.6334,0.6333,-0.0056,14
2026-03-21T17:56:36.091745,0,0.1455,0.0195,0.1455,0.1295,0.6319,0.6319,-0.0055,14
2026-03-21T17:56:36.161703,0,0.1451,0.0126,0.1451,0.1249,0.6311,0.6310,-0.0055,14
2026-03-21T17:56:36.230827,0,0.1451,0.0156,0.1451,0.1279,0.6303,0.6303,-0.0056,14
2026-03-21T17:56:36.300888,0,0.1453,0.0175,0.1453,0.1235,0.6332,0.6332,-0.0055,14
2026-03-21T17:56:36.369992,0,0.1452,0.0133,0.1452,0.1246,0.6336,0.6335,-0.0056,14
2026-03-21T17:56:36.439743,0,0.1459,0.0116,0.1459,0.1196,0.6343,0.6343,-0.0056,14
2026-03-21T17:56:36.510291,0,0.1456,0.0168,0.1456,0.1229,0.6330,0.6330,-0.0054,14
2026-03-21T17:56:36.578822,0,0.1447,0.0154,0.1447,0.1255,0.6327,0.6327,-0.0057,14
2026-03-21T17:56:36.649022,0,0.1461,0.0233,0.1461,0.1294,0.6326,0.6325,-0.0056,14
2026-03-21T17:56:36.718749,0,0.1456,0.0226,0.1456,0.1286,0.6326,0.6325,-0.0054,14
2026-03-21T17:56:36.788538,0,0.1454,0.0141,0.1454,0.1221,0.6331,0.6330,-0.0056,14
2026-03-21T17:56:36.858382,0,0.1464,0.0192,0.1464,0.1245,0.6341,0.6340,-0.0057,14
2026-03-21T17:56:36.927231,0,0.1454,0.0136,0.1454,0.1249,0.6331,0.6331,-0.0055,14
2026-03-21T17:56:36.997235,0,0.1447,0.0149,0.1447,0.1279,0.6303,0.6303,-0.0056,14
2026-03-21T17:56:37.067732,0,0.1446,0.0139,0.1446,0.1245,0.6336,0.6335,-0.0056,14
2026-03-21T17:56:37.136816,0,0.1448,0.0129,0.1448,0.1219,0.6334,0.6333,-0.0054,14
2026-03-21T17:56:37.207178,0,0.1436,0.0090,0.1436,0.1216,0.6321,0.6321,-0.0055,14
2026-03-21T17:56:37.277174,0,0.1457,0.0204,0.1457,0.1245,0.6338,0.6338,-0.0054,14
2026-03-21T17:56:37.345375,0,0.1452,0.0149,0.1452,0.1229,0.6314,0.6314,-0.0054,14
2026-03-21T17:56:37.415822,0,0.1444,0.0137,0.1444,0.1221,0.6315,0.6315,-0.0055,14
2026-03-21T17:56:37.485795,0,0.1452,0.0166,0.1452,0.1256,0.6316,0.6316,-0.0055,14
2026-03-21T17:56:37.555168,0,0.1439,0.0119,0.1439,0.1239,0.6322,0.6322,-0.0056,14
2026-03-21T17:56:37.625204,0,0.1450,0.0150,0.1450,0.1251,0.6315,0.6315,-0.0055,14
2026-03-21T17:56:37.693931,0,0.1448,0.0100,0.1448,0.1229,0.6331,0.6331,-0.0056,14
2026-03-21T17:56:37.765137,0,0.1456,0.0146,0.1456,0.1236,0.6327,0.6327,-0.0056,14
2026-03-21T17:56:37.834667,0,0.1455,0.0129,0.1455,0.1229,0.6337,0.6337,-0.0056,14
2026-03-21T17:56:37.903893,0,0.1450,0.0126,0.1450,0.1226,0.6330,0.6330,-0.0055,14
2026-03-21T17:56:37.973846,0,0.1448,0.0140,0.1448,0.1231,0.6321,0.6320,-0.0056,14
2026-03-21T17:56:38.043366,0,0.1440,0.0140,0.1440,0.1251,0.6306,0.6306,-0.0055,14
2026-03-21T17:56:38.112923,0,0.1455,0.0109,0.1455,0.1219,0.6341,0.6340,-0.0056,14
2026-03-21T17:56:38.183022,0,0.1462,0.0166,0.1462,0.1226,0.6327,0.6327,-0.0055,14
2026-03-21T17:56:38.252142,0,0.1458,0.0191,0.1458,0.1275,0.6344,0.6344,-0.0055,14
2026-03-21T17:56:38.321528,0,0.1454,0.0162,0.1454,0.1275,0.6316,0.6316,-0.0056,14
2026-03-21T17:56:38.392396,0,0.1448,0.0166,0.1448,0.1299,0.6305,0.6305,-0.0056,14
2026-03-21T17:56:38.461568,0,0.1453,0.0141,0.1453,0.1254,0.6312,0.6312,-0.0056,14
2026-03-21T17:56:38.530926,0,0.1450,0.0139,0.1450,0.1259,0.6311,0.6310,-0.0056,14
2026-03-21T17:56:38.600576,0,0.1461,0.0198,0.1461,0.1269,0.6322,0.6322,-0.0055,14
2026-03-21T17:56:38.670377,0,0.1441,0.0143,0.1441,0.1223,0.6339,0.6338,-0.0055,14
2026-03-21T17:56:38.739996,0,0.1464,0.0197,0.1464,0.1261,0.6336,0.6335,-0.0055,14
2026-03-21T17:56:38.809175,0,0.1456,0.0182,0.1456,0.1285,0.6319,0.6318,-0.0056,14
2026-03-21T17:56:38.878556,0,0.1459,0.0143,0.1459,0.1214,0.6328,0.6328,-0.0055,14
2026-03-21T17:56:38.948896,0,0.1451,0.0168,0.1451,0.1219,0.6342,0.6342,-0.0054,14
2026-03-21T17:56:39.018280,0,0.1453,0.0135,0.1453,0.1225,0.6325,0.6325,-0.0056,14
2026-03-21T17:56:39.088246,0,0.1448,0.0103,0.1448,0.1234,0.6336,0.6335,-0.0055,14
2026-03-21T17:56:39.158585,0,0.1449,0.0133,0.1449,0.1244,0.6323,0.6323,-0.0055,14
2026-03-21T17:56:39.228446,0,0.1447,0.0107,0.1447,0.1236,0.6319,0.6318,-0.0056,14
2026-03-21T17:56:39.297926,0,0.1436,0.0114,0.1436,0.1234,0.6311,0.6311,-0.0055,14
2026-03-21T17:56:39.367266,0,0.1447,0.0218,0.1447,0.1299,0.6316,0.6316,-0.0055,14
2026-03-21T17:56:39.437030,0,0.1441,0.0132,0.1441,0.1233,0.6313,0.6313,-0.0054,14
2026-03-21T17:56:39.507415,0,0.1449,0.0131,0.1449,0.1231,0.6333,0.6333,-0.0055,14
2026-03-21T17:56:39.576863,0,0.1444,0.0150,0.1444,0.1261,0.6308,0.6308,-0.0056,14
2026-03-21T17:56:39.646191,0,0.1449,0.0129,0.1449,0.1239,0.6324,0.6323,-0.0055,14
2026-03-21T17:56:39.716220,0,0.1448,0.0108,0.1448,0.1244,0.6309,0.6309,-0.0056,14
2026-03-21T17:56:39.785550,0,0.1459,0.0218,0.1459,0.1249,0.6313,0.6313,-0.0055,14
2026-03-21T17:56:39.854825,0,0.1446,0.0120,0.1446,0.1246,0.6304,0.6303,-0.0055,14
2026-03-21T17:56:39.924847,0,0.1457,0.0149,0.1457,0.1249,0.6324,0.6323,-0.0057,14
2026-03-21T17:56:39.993928,0,0.1457,0.0178,0.1457,0.1229,0.6331,0.6331,-0.0055,14
2026-03-21T17:56:40.064152,0,0.1448,0.0109,0.1448,0.1210,0.6324,0.6324,-0.0055,14
2026-03-21T17:56:40.133410,0,0.1447,0.0097,0.1447,0.1226,0.6325,0.6325,-0.0056,14
2026-03-21T17:56:40.203229,0,0.1451,0.0110,0.1451,0.1201,0.6348,0.6348,-0.0055,14
2026-03-21T17:56:40.273453,0,0.1431,0.0108,0.1431,0.1259,0.6294,0.6294,-0.0055,14
2026-03-21T17:56:40.342658,0,0.1460,0.0142,0.1460,0.1215,0.6331,0.6331,-0.0056,14
2026-03-21T17:56:40.413088,0,0.1444,0.0135,0.1444,0.1225,0.6329,0.6329,-0.0057,14
2026-03-21T17:56:40.482785,0,0.1453,0.0149,0.1453,0.1249,0.6292,0.6292,-0.0055,14
2026-03-21T17:56:40.551645,0,0.1444,0.0159,0.1444,0.1249,0.6316,0.6316,-0.0056,14
2026-03-21T17:56:40.622056,0,0.1450,0.0126,0.1450,0.1249,0.6324,0.6323,-0.0057,14
2026-03-21T17:56:40.690982,0,0.1445,0.0175,0.1445,0.1284,0.6303,0.6303,-0.0056,14
2026-03-21T17:56:40.761891,0,0.1457,0.0175,0.1457,0.1226,0.6324,0.6324,-0.0055,14
2026-03-21T17:56:40.830627,0,0.1453,0.0129,0.1453,0.1219,0.6317,0.6317,-0.0055,14
2026-03-21T17:56:40.900145,0,0.1447,0.0125,0.1447,0.1215,0.6326,0.6325,-0.0055,14
2026-03-21T17:56:40.969022,0,0.1445,0.0100,0.1445,0.1219,0.6335,0.6335,-0.0055,14
2026-03-21T17:56:41.040212,0,0.1455,0.0218,0.1455,0.1329,0.6321,0.6321,-0.0056,14
2026-03-21T17:56:41.108940,0,0.1451,0.0180,0.1451,0.1271,0.6311,0.6311,-0.0055,14
2026-03-21T17:56:41.179044,0,0.1452,0.0119,0.1452,0.1219,0.6336,0.6335,-0.0056,14
2026-03-21T17:56:41.248793,0,0.1451,0.0155,0.1451,0.1266,0.6319,0.6318,-0.0056,14
2026-03-21T17:56:41.318898,0,0.1449,0.0096,0.1449,0.1225,0.6331,0.6331,-0.0056,14
2026-03-21T17:56:41.388394,0,0.1449,0.0156,0.1449,0.1216,0.6327,0.6327,-0.0054,14
2026-03-21T17:56:41.458056,0,0.1445,0.0139,0.1445,0.1239,0.6321,0.6321,-0.0057,14
2026-03-21T17:56:41.528129,0,0.1457,0.0135,0.1457,0.1225,0.6335,0.6335,-0.0056,14
2026-03-21T17:56:41.597150,0,0.1454,0.0122,0.1454,0.1235,0.6329,0.6329,-0.0055,14
2026-03-21T17:56:41.666803,0,0.1453,0.0123,0.1453,0.1214,0.6334,0.6334,-0.0055,14
2026-03-21T17:56:41.736780,0,0.1448,0.0135,0.1448,0.1244,0.6324,0.6323,-0.0055,14
2026-03-21T17:56:41.806341,0,0.1456,0.0165,0.1456,0.1225,0.6336,0.6336,-0.0055,14
2026-03-21T17:56:41.875943,0,0.1452,0.0120,0.1452,0.1221,0.6326,0.6326,-0.0056,14
2026-03-21T17:56:41.945774,0,0.1450,0.0097,0.1450,0.1221,0.6312,0.6312,-0.0056,14
2026-03-21T17:56:42.014620,0,0.1449,0.0146,0.1449,0.1256,0.6309,0.6308,-0.0055,14
2026-03-21T17:56:42.085077,0,0.1450,0.0113,0.1450,0.1229,0.6328,0.6328,-0.0055,14
2026-03-21T17:56:42.155011,0,0.1464,0.0150,0.1464,0.1204,0.6341,0.6341,-0.0056,14
2026-03-21T17:56:42.224306,0,0.1446,0.0146,0.1446,0.1265,0.6321,0.6320,-0.0056,14
2026-03-21T17:56:42.294396,0,0.1451,0.0155,0.1451,0.1245,0.6333,0.6333,-0.0056,14
2026-03-21T17:56:42.363943,0,0.1455,0.0158,0.1455,0.1219,0.6333,0.6333,-0.0055,14
2026-03-21T17:56:42.433700,0,0.1449,0.0165,0.1449,0.1275,0.6332,0.6332,-0.0055,14
2026-03-21T17:56:42.503664,0,0.1450,0.0099,0.1450,0.1219,0.6325,0.6325,-0.0056,14
2026-03-21T17:56:42.572889,0,0.1449,0.0121,0.1449,0.1221,0.6316,0.6315,-0.0056,14
2026-03-21T17:56:42.643095,0,0.1463,0.0185,0.1463,0.1255,0.6334,0.6334,-0.0057,14
2026-03-21T17:56:42.712833,0,0.1448,0.0125,0.1448,0.1254,0.6320,0.6320,-0.0055,14
2026-03-21T17:56:42.781933,0,0.1449,0.0129,0.1449,0.1225,0.6319,0.6318,-0.0054,14
2026-03-21T17:56:42.851934,0,0.1444,0.0154,0.1444,0.1291,0.6303,0.6303,-0.0056,14
2026-03-21T17:56:42.921092,0,0.1460,0.0175,0.1460,0.1245,0.6331,0.6330,-0.0056,14
2026-03-21T17:56:42.990896,0,0.1451,0.0106,0.1451,0.1225,0.6323,0.6323,-0.0055,14
2026-03-21T17:56:43.061015,0,0.1453,0.0140,0.1453,0.1241,0.6314,0.6313,-0.0054,14
2026-03-21T17:56:43.130653,0,0.1450,0.0130,0.1450,0.1231,0.6326,0.6326,-0.0056,14
2026-03-21T17:56:43.199449,0,0.1452,0.0184,0.1452,0.1215,0.6326,0.6326,-0.0054,14
2026-03-21T17:56:43.270192,0,0.1458,0.0133,0.1458,0.1214,0.6339,0.6339,-0.0055,14
2026-03-21T17:56:43.340046,0,0.1445,0.0148,0.1445,0.1239,0.6326,0.6326,-0.0055,14
2026-03-21T17:56:43.409261,0,0.1448,0.0132,0.1448,0.1245,0.6312,0.6312,-0.0056,14
2026-03-21T17:56:43.479174,0,0.1456,0.0106,0.1456,0.1200,0.6340,0.6340,-0.0056,14
2026-03-21T17:56:43.548657,0,0.1461,0.0159,0.1461,0.1229,0.6331,0.6330,-0.0055,14
2026-03-21T17:56:43.618504,0,0.1457,0.0185,0.1457,0.1265,0.6319,0.6319,-0.0055,14
2026-03-21T17:56:43.688148,0,0.1457,0.0159,0.1457,0.1209,0.6327,0.6327,-0.0055,14
2026-03-21T17:56:43.757811,0,0.1454,0.0130,0.1454,0.1221,0.6316,0.6316,-0.0055,14
2026-03-21T17:56:43.827763,0,0.1447,0.0111,0.1447,0.1221,0.6334,0.6333,-0.0054,14
2026-03-21T17:56:43.897001,0,0.1450,0.0115,0.1450,0.1219,0.6341,0.6340,-0.0055,14
2026-03-21T17:56:43.966798,0,0.1458,0.0165,0.1458,0.1245,0.6325,0.6325,-0.0055,14
2026-03-21T17:56:44.036527,0,0.1456,0.0155,0.1456,0.1245,0.6321,0.6321,-0.0056,14
2026-03-21T17:56:44.105779,0,0.1448,0.0155,0.1448,0.1256,0.6326,0.6325,-0.0056,14
2026-03-21T17:56:44.176305,0,0.1447,0.0165,0.1447,0.1265,0.6319,0.6318,-0.0055,14
2026-03-21T17:56:44.245332,0,0.1458,0.0175,0.1458,0.1265,0.6322,0.6322,-0.0055,14
2026-03-21T17:56:44.315149,0,0.1452,0.0155,0.1452,0.1255,0.6326,0.6326,-0.0056,14
2026-03-21T17:56:44.385544,0,0.1449,0.0146,0.1449,0.1249,0.6321,0.6321,-0.0055,14
2026-03-21T17:56:44.454418,0,0.1447,0.0183,0.1447,0.1249,0.6311,0.6310,-0.0056,14
2026-03-21T17:56:44.524241,0,0.1446,0.0130,0.1446,0.1239,0.6332,0.6332,-0.0056,14
2026-03-21T17:56:44.594473,0,0.1445,0.0175,0.1445,0.1285,0.6312,0.6312,-0.0055,14
2026-03-21T17:56:44.663875,0,0.1461,0.0173,0.1461,0.1234,0.6320,0.6320,-0.0055,14
2026-03-21T17:56:44.733092,0,0.1449,0.0088,0.1449,0.1221,0.6319,0.6318,-0.0056,14
2026-03-21T17:56:44.803331,0,0.1447,0.0169,0.1447,0.1260,0.6314,0.6313,-0.0053,14
2026-03-21T17:56:44.872386,0,0.1457,0.0213,0.1457,0.1304,0.6322,0.6322,-0.0056,14
2026-03-21T17:56:44.942703,0,0.1450,0.0111,0.1450,0.1231,0.6327,0.6327,-0.0056,14
2026-03-21T17:56:45.011849,0,0.1441,0.0124,0.1441,0.1215,0.6316,0.6316,-0.0056,14
2026-03-21T17:56:45.081230,0,0.1451,0.0156,0.1451,0.1236,0.6314,0.6314,-0.0056,14
2026-03-21T17:56:45.151450,0,0.1455,0.0146,0.1455,0.1246,0.6320,0.6320,-0.0056,14
2026-03-21T17:56:45.220652,0,0.1445,0.0137,0.1445,0.1256,0.6326,0.6325,-0.0056,14
2026-03-21T17:56:45.290772,0,0.1452,0.0110,0.1452,0.1221,0.6335,0.6335,-0.0055,14
2026-03-21T17:56:45.360683,0,0.1451,0.0109,0.1451,0.1209,0.6331,0.6331,-0.0055,14
2026-03-21T17:56:45.430329,0,0.1450,0.0110,0.1450,0.1211,0.6333,0.6333,-0.0055,14
2026-03-21T17:56:45.500103,0,0.1447,0.0119,0.1447,0.1219,0.6324,0.6323,-0.0056,14
2026-03-21T17:56:45.569593,0,0.1459,0.0126,0.1459,0.1216,0.6337,0.6337,-0.0055,14
2026-03-21T17:56:45.639329,0,0.1451,0.0139,0.1451,0.1239,0.6334,0.6334,-0.0057,14
2026-03-21T17:56:45.709354,0,0.1453,0.0188,0.1453,0.1259,0.6330,0.6330,-0.0054,14
2026-03-21T17:56:45.779046,0,0.1451,0.0176,0.1451,0.1236,0.6331,0.6331,-0.0055,14
2026-03-21T17:56:45.848408,0,0.1455,0.0195,0.1455,0.1245,0.6336,0.6335,-0.0055,14
2026-03-21T17:56:45.917990,0,0.1454,0.0097,0.1454,0.1206,0.6340,0.6340,-0.0056,14
2026-03-21T17:56:45.987232,0,0.1441,0.0171,0.1441,0.1255,0.6315,0.6315,-0.0056,14
2026-03-21T17:56:46.057231,0,0.1449,0.0185,0.1449,0.1265,0.6314,0.6314,-0.0054,14
2026-03-21T17:56:46.127270,0,0.1452,0.0103,0.1452,0.1204,0.6336,0.6336,-0.0055,14
2026-03-21T17:56:46.197018,0,0.1458,0.0159,0.1458,0.1239,0.6333,0.6333,-0.0056,14
2026-03-21T17:56:46.266296,0,0.1446,0.0109,0.1446,0.1209,0.6339,0.6339,-0.0055,14
2026-03-21T17:56:46.336154,0,0.1447,0.0071,0.1447,0.1214,0.6320,0.6320,-0.0056,14
2026-03-21T17:56:46.406199,0,0.1457,0.0208,0.1457,0.1239,0.6341,0.6341,-0.0055,14
2026-03-21T17:56:46.475186,0,0.1446,0.0160,0.1446,0.1241,0.6321,0.6321,-0.0054,14
2026-03-21T17:56:46.545304,0,0.1447,0.0119,0.1447,0.1209,0.6331,0.6330,-0.0055,14
2026-03-21T17:56:46.615127,0,0.1455,0.0106,0.1455,0.1200,0.6336,0.6336,-0.0056,14
2026-03-21T17:56:46.684835,0,0.1452,0.0129,0.1452,0.1230,0.6324,0.6323,-0.0055,14
2026-03-21T17:56:46.754024,0,0.1452,0.0172,0.1452,0.1245,0.6328,0.6328,-0.0057,14
2026-03-21T17:56:46.824394,0,0.1441,0.0126,0.1441,0.1261,0.6304,0.6303,-0.0055,14
2026-03-21T17:56:46.894001,0,0.1448,0.0166,0.1448,0.1275,0.6322,0.6322,-0.0055,14
2026-03-21T17:56:46.963176,0,0.1440,0.0142,0.1440,0.1242,0.6322,0.6322,-0.0055,14
2026-03-21T17:56:47.033461,0,0.1460,0.0194,0.1460,0.1235,0.6331,0.6331,-0.0055,14
2026-03-21T17:56:47.102316,0,0.1463,0.0187,0.1463,0.1251,0.6328,0.6328,-0.0056,14
2026-03-21T17:56:47.172802,0,0.1457,0.0113,0.1457,0.1206,0.6337,0.6337,-0.0056,14
2026-03-21T17:56:47.242074,0,0.1447,0.0130,0.1447,0.1269,0.6308,0.6308,-0.0056,14
2026-03-21T17:56:47.312030,0,0.1442,0.0140,0.1442,0.1241,0.6319,0.6319,-0.0054,14
2026-03-21T17:56:47.380961,0,0.1444,0.0127,0.1444,0.1256,0.6321,0.6321,-0.0056,14
2026-03-21T17:56:47.450741,0,0.1459,0.0175,0.1459,0.1255,0.6316,0.6316,-0.0056,14
2026-03-21T17:56:47.520073,0,0.1451,0.0145,0.1451,0.1235,0.6321,0.6320,-0.0055,14
2026-03-21T17:56:47.590370,0,0.1445,0.0127,0.1445,0.1236,0.6320,0.6320,-0.0055,14
2026-03-21T17:56:47.659932,0,0.1456,0.0103,0.1456,0.1199,0.6343,0.6343,-0.0056,14
2026-03-21T17:56:47.729188,0,0.1451,0.0129,0.1451,0.1229,0.6329,0.6328,-0.0056,14
2026-03-21T17:56:47.799960,0,0.1443,0.0170,0.1443,0.1251,0.6316,0.6316,-0.0055,14
2026-03-21T17:56:47.869049,0,0.1449,0.0178,0.1449,0.1254,0.6329,0.6328,-0.0056,14
2026-03-21T17:56:47.939536,0,0.1456,0.0113,0.1456,0.1214,0.6341,0.6341,-0.0055,14
2026-03-21T17:56:48.008454,0,0.1455,0.0135,0.1455,0.1215,0.6342,0.6342,-0.0055,14
2026-03-21T17:56:48.077497,0,0.1456,0.0163,0.1456,0.1236,0.6315,0.6315,-0.0056,14
2026-03-21T17:56:48.148267,0,0.1451,0.0116,0.1451,0.1225,0.6326,0.6325,-0.0055,14
2026-03-21T17:56:48.217297,0,0.1448,0.0111,0.1448,0.1225,0.6326,0.6326,-0.0056,14
2026-03-21T17:56:48.287725,0,0.1453,0.0149,0.1453,0.1229,0.6328,0.6328,-0.0055,14
2026-03-21T17:56:48.357422,0,0.1450,0.0106,0.1450,0.1225,0.6331,0.6331,-0.0055,14
2026-03-21T17:56:48.425848,0,0.1450,0.0109,0.1450,0.1229,0.6327,0.6327,-0.0055,14
2026-03-21T17:56:48.496674,0,0.1456,0.0198,0.1456,0.1259,0.6314,0.6313,-0.0055,14
2026-03-21T17:56:48.566330,0,0.1453,0.0170,0.1453,0.1264,0.6318,0.6318,-0.0057,14
2026-03-21T17:56:48.635952,0,0.1453,0.0136,0.1453,0.1229,0.6325,0.6325,-0.0057,14
2026-03-21T17:56:48.705445,0,0.1447,0.0123,0.1447,0.1224,0.6321,0.6321,-0.0055,14
2026-03-21T17:56:48.775303,0,0.1451,0.0218,0.1451,0.1299,0.6319,0.6318,-0.0057,14
2026-03-21T17:56:48.845243,0,0.1456,0.0225,0.1456,0.1285,0.6341,0.6341,-0.0056,14
2026-03-21T17:56:48.914644,0,0.1448,0.0172,0.1448,0.1223,0.6320,0.6320,-0.0054,14
2026-03-21T17:56:48.984397,0,0.1449,0.0178,0.1449,0.1249,0.6328,0.6328,-0.0055,14
2026-03-21T17:56:49.054072,0,0.1453,0.0140,0.1453,0.1251,0.6316,0.6316,-0.0055,14
2026-03-21T17:56:49.123735,0,0.1445,0.0119,0.1445,0.1219,0.6316,0.6316,-0.0055,14
2026-03-21T17:56:49.193143,0,0.1441,0.0149,0.1441,0.1225,0.6321,0.6320,-0.0056,14
2026-03-21T17:56:49.263027,0,0.1449,0.0182,0.1449,0.1223,0.6340,0.6340,-0.0054,14
2026-03-21T17:56:49.332649,0,0.1453,0.0123,0.1453,0.1214,0.6329,0.6328,-0.0055,14
2026-03-21T17:56:49.401648,0,0.1452,0.0153,0.1452,0.1254,0.6321,0.6320,-0.0055,14
2026-03-21T17:56:49.472305,0,0.1461,0.0178,0.1461,0.1239,0.6336,0.6335,-0.0056,14
2026-03-21T17:56:49.541676,0,0.1448,0.0129,0.1448,0.1249,0.6323,0.6323,-0.0057,14
2026-03-21T17:56:49.611101,0,0.1456,0.0263,0.1456,0.1304,0.6338,0.6338,-0.0055,14
2026-03-21T17:56:49.681374,0,0.1444,0.0110,0.1444,0.1219,0.6322,0.6322,-0.0056,14
2026-03-21T17:56:49.749887,0,0.1454,0.0160,0.1454,0.1231,0.6336,0.6336,-0.0055,14
2026-03-21T17:56:49.820562,0,0.1455,0.0149,0.1455,0.1219,0.6336,0.6335,-0.0055,14
2026-03-21T17:56:49.890630,0,0.1453,0.0121,0.1453,0.1211,0.6345,0.6345,-0.0056,14
2026-03-21T17:56:49.960170,0,0.1457,0.0132,0.1457,0.1225,0.6329,0.6329,-0.0056,14
2026-03-21T17:56:50.029021,0,0.1457,0.0160,0.1457,0.1244,0.6319,0.6318,-0.0056,14
2026-03-21T17:56:50.099255,0,0.1443,0.0117,0.1443,0.1221,0.6325,0.6325,-0.0056,14
2026-03-21T17:56:50.169599,0,0.1446,0.0159,0.1446,0.1239,0.6321,0.6321,-0.0055,14
2026-03-21T17:56:50.239238,0,0.1453,0.0182,0.1453,0.1265,0.6319,0.6319,-0.0055,14
2026-03-21T17:56:50.308149,0,0.1452,0.0129,0.1452,0.1225,0.6336,0.6336,-0.0056,14
2026-03-21T17:56:50.378226,0,0.1452,0.0114,0.1452,0.1231,0.6319,0.6319,-0.0056,14
2026-03-21T17:56:50.448019,0,0.1458,0.0176,0.1458,0.1269,0.6314,0.6313,-0.0055,14
2026-03-21T17:56:50.516794,0,0.1449,0.0131,0.1449,0.1231,0.6336,0.6335,-0.0056,14
2026-03-21T17:56:50.587556,0,0.1453,0.0139,0.1453,0.1250,0.6331,0.6330,-0.0055,14
2026-03-21T17:56:50.656520,0,0.1455,0.0099,0.1455,0.1209,0.6331,0.6331,-0.0056,14
2026-03-21T17:56:50.726474,0,0.1447,0.0149,0.1447,0.1249,0.6336,0.6335,-0.0055,14
2026-03-21T17:56:50.796742,0,0.1447,0.0169,0.1447,0.1259,0.6313,0.6313,-0.0054,14
2026-03-21T17:56:50.865026,0,0.1449,0.0140,0.1449,0.1229,0.6324,0.6323,-0.0055,14
2026-03-21T17:56:50.935668,0,0.1456,0.0141,0.1456,0.1244,0.6326,0.6326,-0.0056,14
2026-03-21T17:56:51.005515,0,0.1460,0.0190,0.1460,0.1211,0.6329,0.6329,-0.0055,14
2026-03-21T17:56:51.073905,0,0.1452,0.0159,0.1452,0.1255,0.6331,0.6330,-0.0055,14
2026-03-21T17:56:51.144662,0,0.1449,0.0110,0.1449,0.1221,0.6334,0.6333,-0.0055,14
2026-03-21T17:56:51.213618,0,0.1454,0.0158,0.1454,0.1219,0.6323,0.6323,-0.0055,14
2026-03-21T17:56:51.283077,0,0.1457,0.0200,0.1457,0.1261,0.6328,0.6328,-0.0055,14
2026-03-21T17:56:51.353520,0,0.1452,0.0195,0.1452,0.1285,0.6324,0.6324,-0.0055,14
2026-03-21T17:56:51.422490,0,0.1453,0.0126,0.1453,0.1236,0.6331,0.6330,-0.0056,14
2026-03-21T17:56:51.492291,0,0.1447,0.0149,0.1447,0.1260,0.6318,0.6318,-0.0053,14
2026-03-21T17:56:51.562291,0,0.1457,0.0170,0.1457,0.1249,0.6337,0.6337,-0.0056,14
2026-03-21T17:56:51.632281,0,0.1437,0.0162,0.1437,0.1262,0.6325,0.6325,-0.0055,14
2026-03-21T17:56:51.701863,0,0.1444,0.0160,0.1444,0.1239,0.6327,0.6327,-0.0053,14
2026-03-21T17:56:51.771748,0,0.1453,0.0168,0.1453,0.1249,0.6306,0.6306,-0.0055,14
2026-03-21T17:56:51.841342,0,0.1444,0.0100,0.1444,0.1221,0.6319,0.6319,-0.0055,14
2026-03-21T17:56:51.911219,0,0.1447,0.0159,0.1447,0.1259,0.6319,0.6318,-0.0054,14
2026-03-21T17:56:51.980419,0,0.1451,0.0203,0.1451,0.1264,0.6317,0.6317,-0.0054,14
2026-03-21T17:56:52.050953,0,0.1446,0.0216,0.1446,0.1306,0.6297,0.6297,-0.0054,14
2026-03-21T17:56:52.120474,0,0.1458,0.0173,0.1458,0.1264,0.6323,0.6323,-0.0055,14
2026-03-21T17:56:52.189633,0,0.1453,0.0129,0.1453,0.1209,0.6342,0.6342,-0.0055,14
2026-03-21T17:56:52.259754,0,0.1457,0.0158,0.1457,0.1239,0.6321,0.6321,-0.0055,14
2026-03-21T17:56:52.329595,0,0.1454,0.0149,0.1454,0.1239,0.6325,0.6325,-0.0056,14
2026-03-21T17:56:52.399479,0,0.1449,0.0140,0.1449,0.1211,0.6329,0.6329,-0.0055,14
2026-03-21T17:56:52.468833,0,0.1459,0.0163,0.1459,0.1234,0.6341,0.6340,-0.0056,14
2026-03-21T17:56:52.538424,0,0.1451,0.0160,0.1451,0.1271,0.6318,0.6318,-0.0056,14
2026-03-21T17:56:52.607674,0,0.1447,0.0115,0.1447,0.1225,0.6327,0.6327,-0.0056,14
2026-03-21T17:56:52.678084,0,0.1443,0.0151,0.1443,0.1241,0.6330,0.6330,-0.0057,14
2026-03-21T17:56:52.746904,0,0.1460,0.0218,0.1460,0.1269,0.6324,0.6324,-0.0056,14
2026-03-21T17:56:52.817764,0,0.1451,0.0149,0.1451,0.1249,0.6319,0.6319,-0.0054,14
2026-03-21T17:56:52.887367,0,0.1457,0.0206,0.1457,0.1266,0.6334,0.6334,-0.0055,14
2026-03-21T17:56:52.956470,0,0.1442,0.0116,0.1442,0.1225,0.6317,0.6317,-0.0055,14
2026-03-21T17:56:53.026620,0,0.1446,0.0110,0.1446,0.1229,0.6326,0.6326,-0.0055,14
2026-03-21T17:56:53.096133,0,0.1449,0.0149,0.1449,0.1259,0.6321,0.6320,-0.0057,14
2026-03-21T17:56:53.165724,0,0.1450,0.0090,0.1450,0.1200,0.6341,0.6341,-0.0055,14
2026-03-21T17:56:53.235705,0,0.1451,0.0135,0.1451,0.1235,0.6332,0.6332,-0.0055,14
2026-03-21T17:56:53.304969,0,0.1452,0.0175,0.1452,0.1275,0.6336,0.6335,-0.0055,14
2026-03-21T17:56:53.374439,0,0.1446,0.0147,0.1446,0.1281,0.6308,0.6308,-0.0056,14
2026-03-21T17:56:53.444741,0,0.1453,0.0127,0.1453,0.1241,0.6321,0.6320,-0.0056,14
2026-03-21T17:56:53.513647,0,0.1450,0.0149,0.1450,0.1250,0.6321,0.6320,-0.0054,14
2026-03-21T17:56:53.583919,0,0.1455,0.0159,0.1455,0.1255,0.6341,0.6340,-0.0056,14
2026-03-21T17:56:53.652806,0,0.1445,0.0094,0.1445,0.1231,0.6316,0.6316,-0.0055,14
2026-03-21T17:56:53.722986,0,0.1450,0.0119,0.1450,0.1229,0.6324,0.6323,-0.0056,14
2026-03-21T17:56:53.792843,0,0.1454,0.0160,0.1454,0.1254,0.6329,0.6328,-0.0057,14
2026-03-21T17:56:53.862273,0,0.1450,0.0116,0.1450,0.1236,0.6316,0.6315,-0.0055,14
2026-03-21T17:56:53.931626,0,0.1456,0.0153,0.1456,0.1244,0.6315,0.6315,-0.0055,14
2026-03-21T17:56:54.001800,0,0.1448,0.0150,0.1448,0.1239,0.6328,0.6328,-0.0056,14
2026-03-21T17:56:54.071509,0,0.1443,0.0102,0.1443,0.1213,0.6323,0.6323,-0.0054,14
2026-03-21T17:56:54.140341,0,0.1456,0.0117,0.1456,0.1221,0.6327,0.6327,-0.0055,14
2026-03-21T17:56:54.211148,0,0.1456,0.0180,0.1456,0.1271,0.6319,0.6319,-0.0056,14
2026-03-21T17:56:54.280697,0,0.1449,0.0140,0.1449,0.1231,0.6327,0.6327,-0.0056,14
2026-03-21T17:56:54.350655,0,0.1459,0.0123,0.1459,0.1204,0.6333,0.6333,-0.0056,14
2026-03-21T17:56:54.420005,0,0.1449,0.0101,0.1449,0.1221,0.6331,0.6331,-0.0056,14
2026-03-21T17:56:54.489712,0,0.1454,0.0182,0.1454,0.1265,0.6314,0.6314,-0.0056,14
2026-03-21T17:56:54.559333,0,0.1454,0.0116,0.1454,0.1229,0.6329,0.6328,-0.0056,14
2026-03-21T17:56:54.629579,0,0.1454,0.0140,0.1454,0.1221,0.6317,0.6317,-0.0055,14
2026-03-21T17:56:54.698544,0,0.1442,0.0185,0.1442,0.1265,0.6321,0.6320,-0.0056,14
2026-03-21T17:56:54.768148,0,0.1458,0.0178,0.1458,0.1249,0.6331,0.6330,-0.0056,14
2026-03-21T17:56:54.838486,0,0.1457,0.0150,0.1457,0.1241,0.6329,0.6329,-0.0056,14
2026-03-21T17:56:54.907026,0,0.1455,0.0096,0.1455,0.1200,0.6336,0.6336,-0.0055,14
2026-03-21T17:56:54.976828,0,0.1462,0.0186,0.1462,0.1249,0.6337,0.6337,-0.0057,14
2026-03-21T17:56:55.046642,0,0.1446,0.0135,0.1446,0.1254,0.6314,0.6313,-0.0056,14
2026-03-21T17:56:55.116477,0,0.1455,0.0160,0.1455,0.1250,0.6337,0.6337,-0.0055,14
2026-03-21T17:56:55.186334,0,0.1446,0.0121,0.1446,0.1244,0.6327,0.6327,-0.0056,14
2026-03-21T17:56:55.256508,0,0.1449,0.0099,0.1449,0.1209,0.6346,0.6346,-0.0056,14
2026-03-21T17:56:55.326074,0,0.1459,0.0150,0.1459,0.1221,0.6334,0.6333,-0.0056,14
2026-03-21T17:56:55.395537,0,0.1454,0.0126,0.1454,0.1219,0.6335,0.6335,-0.0057,14
2026-03-21T17:56:55.465321,0,0.1443,0.0093,0.1443,0.1219,0.6319,0.6319,-0.0055,14
2026-03-21T17:56:55.535178,0,0.1450,0.0225,0.1450,0.1266,0.6314,0.6314,-0.0054,14
2026-03-21T17:56:55.603821,0,0.1465,0.0178,0.1465,0.1229,0.6342,0.6342,-0.0055,14
2026-03-21T17:56:55.674516,0,0.1453,0.0145,0.1453,0.1215,0.6341,0.6340,-0.0055,14
2026-03-21T17:56:55.743837,0,0.1450,0.0159,0.1450,0.1259,0.6314,0.6313,-0.0057,14
2026-03-21T17:56:55.812928,0,0.1460,0.0143,0.1460,0.1204,0.6335,0.6335,-0.0055,14
2026-03-21T17:56:55.883232,0,0.1455,0.0199,0.1455,0.1250,0.6325,0.6325,-0.0054,14
2026-03-21T17:56:55.953529,0,0.1457,0.0185,0.1457,0.1245,0.6336,0.6335,-0.0055,14
2026-03-21T17:56:56.023638,0,0.1452,0.0130,0.1452,0.1231,0.6336,0.6335,-0.0056,14
2026-03-21T17:56:56.092777,0,0.1458,0.0129,0.1458,0.1219,0.6343,0.6343,-0.0055,14
2026-03-21T17:56:56.162093,0,0.1454,0.0159,0.1454,0.1230,0.6321,0.6321,-0.0055,14
2026-03-21T17:56:56.232381,0,0.1448,0.0137,0.1448,0.1221,0.6335,0.6335,-0.0054,14
2026-03-21T17:56:56.301703,0,0.1444,0.0110,0.1444,0.1229,0.6326,0.6325,-0.0056,14
2026-03-21T17:56:56.371273,0,0.1456,0.0119,0.1456,0.1205,0.6346,0.6345,-0.0055,14
2026-03-21T17:56:56.441042,0,0.1449,0.0129,0.1449,0.1219,0.6336,0.6336,-0.0055,14
2026-03-21T17:56:56.510070,0,0.1462,0.0210,0.1462,0.1261,0.6343,0.6343,-0.0054,14
2026-03-21T17:56:56.580947,0,0.1463,0.0175,0.1463,0.1216,0.6333,0.6333,-0.0055,14
2026-03-21T17:56:56.649422,0,0.1456,0.0175,0.1456,0.1265,0.6324,0.6323,-0.0056,14
2026-03-21T17:56:56.719787,0,0.1444,0.0145,0.1444,0.1245,0.6331,0.6330,-0.0056,14
2026-03-21T17:56:56.789079,0,0.1442,0.0165,0.1442,0.1256,0.6320,0.6320,-0.0056,14
2026-03-21T17:56:56.859324,0,0.1449,0.0120,0.1449,0.1229,0.6324,0.6324,-0.0055,14
2026-03-21T17:56:56.928331,0,0.1445,0.0152,0.1445,0.1223,0.6325,0.6325,-0.0055,14
2026-03-21T17:56:56.998384,0,0.1447,0.0165,0.1447,0.1245,0.6333,0.6333,-0.0055,14
2026-03-21T17:56:57.068362,0,0.1452,0.0155,0.1452,0.1245,0.6324,0.6324,-0.0055,14
2026-03-21T17:56:57.137755,0,0.1453,0.0156,0.1453,0.1266,0.6331,0.6330,-0.0056,14
2026-03-21T17:56:57.207851,0,0.1456,0.0198,0.1456,0.1249,0.6339,0.6338,-0.0056,14
2026-03-21T17:56:57.277185,0,0.1450,0.0085,0.1450,0.1209,0.6324,0.6323,-0.0055,14
2026-03-21T17:56:57.347730,0,0.1457,0.0159,0.1457,0.1200,0.6331,0.6331,-0.0055,14
2026-03-21T17:56:57.416634,0,0.1450,0.0120,0.1450,0.1191,0.6339,0.6338,-0.0055,14
2026-03-21T17:56:57.485700,0,0.1457,0.0155,0.1457,0.1245,0.6333,0.6333,-0.0055,14
2026-03-21T17:56:57.555115,0,0.1456,0.0175,0.1456,0.1245,0.6328,0.6328,-0.0055,14
2026-03-21T17:56:57.625044,0,0.1450,0.0190,0.1450,0.1251,0.6330,0.6330,-0.0054,14
2026-03-21T17:56:57.695865,0,0.1449,0.0155,0.1449,0.1265,0.6315,0.6315,-0.0056,14
2026-03-21T17:56:57.765014,0,0.1455,0.0188,0.1455,0.1219,0.6336,0.6335,-0.0054,14
2026-03-21T17:56:57.834502,0,0.1450,0.0109,0.1450,0.1229,0.6313,0.6313,-0.0055,14
2026-03-21T17:56:57.904819,0,0.1456,0.0195,0.1456,0.1246,0.6324,0.6323,-0.0055,14
2026-03-21T17:56:57.974289,0,0.1454,0.0168,0.1454,0.1249,0.6334,0.6333,-0.0056,14
2026-03-21T17:56:58.043784,0,0.1443,0.0119,0.1443,0.1230,0.6329,0.6329,-0.0055,14
2026-03-21T17:56:58.113859,0,0.1460,0.0178,0.1460,0.1219,0.6334,0.6334,-0.0055,14
2026-03-21T17:56:58.183279,0,0.1444,0.0123,0.1444,0.1244,0.6318,0.6318,-0.0054,14
2026-03-21T17:56:58.252905,0,0.1455,0.0155,0.1455,0.1205,0.6339,0.6339,-0.0055,14
2026-03-21T17:56:58.321898,0,0.1461,0.0146,0.1461,0.1226,0.6355,0.6355,-0.0057,14
2026-03-21T17:56:58.391841,0,0.1449,0.0113,0.1449,0.1224,0.6326,0.6325,-0.0056,14
2026-03-21T17:56:58.462233,0,0.1450,0.0140,0.1450,0.1211,0.6331,0.6331,-0.0054,14
2026-03-21T17:56:58.531069,0,0.1458,0.0175,0.1458,0.1216,0.6338,0.6338,-0.0054,14
2026-03-21T17:56:58.600490,0,0.1448,0.0120,0.1448,0.1251,0.6315,0.6315,-0.0056,14
2026-03-21T17:56:58.671188,0,0.1461,0.0150,0.1461,0.1221,0.6356,0.6355,-0.0057,14
2026-03-21T17:56:58.739725,0,0.1455,0.0139,0.1455,0.1235,0.6336,0.6335,-0.0055,14
2026-03-21T17:56:58.810039,0,0.1445,0.0159,0.1445,0.1245,0.6322,0.6322,-0.0055,14
2026-03-21T17:56:58.879868,0,0.1453,0.0137,0.1453,0.1246,0.6332,0.6332,-0.0056,14
2026-03-21T17:56:58.949014,0,0.1466,0.0189,0.1466,0.1240,0.6334,0.6334,-0.0055,14
2026-03-21T17:56:59.020174,0,0.1462,0.0163,0.1462,0.1236,0.6334,0.6334,-0.0055,14
2026-03-21T17:56:59.088557,0,0.1459,0.0187,0.1459,0.1271,0.6304,0.6303,-0.0055,14
2026-03-21T17:56:59.158359,0,0.1456,0.0225,0.1456,0.1285,0.6305,0.6305,-0.0054,14
2026-03-21T17:56:59.228896,0,0.1454,0.0175,0.1454,0.1255,0.6326,0.6326,-0.0055,14
2026-03-21T17:56:59.298207,0,0.1435,0.0110,0.1435,0.1261,0.6293,0.6293,-0.0055,14
2026-03-21T17:56:59.367314,0,0.1445,0.0118,0.1445,0.1229,0.6326,0.6326,-0.0056,14
2026-03-21T17:56:59.437508,0,0.1454,0.0145,0.1454,0.1205,0.6333,0.6333,-0.0055,14
2026-03-21T17:56:59.506624,0,0.1447,0.0166,0.1447,0.1279,0.6316,0.6315,-0.0057,14
2026-03-21T17:56:59.577729,0,0.1457,0.0133,0.1457,0.1226,0.6326,0.6326,-0.0057,14
2026-03-21T17:56:59.646711,0,0.1455,0.0178,0.1455,0.1249,0.6339,0.6339,-0.0056,14
2026-03-21T17:56:59.716214,0,0.1454,0.0198,0.1454,0.1269,0.6311,0.6311,-0.0056,14
2026-03-21T17:56:59.785655,0,0.1438,0.0135,0.1438,0.1256,0.6306,0.6305,-0.0057,14
2026-03-21T17:56:59.856139,0,0.1465,0.0197,0.1465,0.1261,0.6333,0.6333,-0.0055,14
2026-03-21T17:56:59.925098,0,0.1447,0.0151,0.1447,0.1235,0.6339,0.6339,-0.0055,14
2026-03-21T17:56:59.995189,0,0.1454,0.0159,0.1454,0.1239,0.6331,0.6330,-0.0055,14
2026-03-21T17:57:00.064581,0,0.1448,0.0085,0.1448,0.1204,0.6333,0.6333,-0.0055,14
2026-03-21T17:57:00.134205,0,0.1449,0.0145,0.1449,0.1235,0.6327,0.6327,-0.0055,14
2026-03-21T17:57:00.204898,0,0.1451,0.0155,0.1451,0.1275,0.6304,0.6303,-0.0056,14
2026-03-21T17:57:00.273625,0,0.1451,0.0178,0.1451,0.1239,0.6337,0.6337,-0.0055,14
2026-03-21T17:57:00.343911,0,0.1452,0.0186,0.1452,0.1286,0.6311,0.6310,-0.0056,14
2026-03-21T17:57:00.413548,0,0.1445,0.0169,0.1445,0.1269,0.6318,0.6318,-0.0056,14
2026-03-21T17:57:00.482646,0,0.1451,0.0118,0.1451,0.1224,0.6322,0.6322,-0.0056,14
2026-03-21T17:57:00.552762,0,0.1456,0.0157,0.1456,0.1251,0.6331,0.6331,-0.0056,14
2026-03-21T17:57:00.622406,0,0.1450,0.0109,0.1450,0.1219,0.6329,0.6329,-0.0057,14
2026-03-21T17:57:00.691361,0,0.1457,0.0157,0.1457,0.1251,0.6338,0.6338,-0.0055,14
2026-03-21T17:57:00.761933,0,0.1442,0.0140,0.1442,0.1266,0.6309,0.6309,-0.0055,14
2026-03-21T17:57:00.831514,0,0.1444,0.0082,0.1444,0.1225,0.6316,0.6315,-0.0056,14
2026-03-21T17:57:00.900821,0,0.1449,0.0133,0.1449,0.1259,0.6319,0.6319,-0.0056,14
2026-03-21T17:57:00.970382,0,0.1451,0.0139,0.1451,0.1239,0.6332,0.6332,-0.0055,14
2026-03-21T17:57:01.040715,0,0.1447,0.0154,0.1447,0.1235,0.6335,0.6335,-0.0056,14
2026-03-21T17:57:01.109982,0,0.1442,0.0094,0.1442,0.1225,0.6323,0.6323,-0.0056,14
2026-03-21T17:57:01.179970,0,0.1458,0.0159,0.1458,0.1229,0.6332,0.6332,-0.0056,14
2026-03-21T17:57:01.249520,0,0.1446,0.0094,0.1446,0.1220,0.6330,0.6330,-0.0055,14
2026-03-21T17:57:01.319168,0,0.1452,0.0183,0.1452,0.1284,0.6312,0.6312,-0.0055,14
2026-03-21T17:57:01.388824,0,0.1453,0.0123,0.1453,0.1236,0.6321,0.6321,-0.0056,14
2026-03-21T17:57:01.459235,0,0.1453,0.0149,0.1453,0.1249,0.6328,0.6328,-0.0056,14
2026-03-21T17:57:01.527923,0,0.1443,0.0099,0.1443,0.1220,0.6316,0.6316,-0.0055,14
2026-03-21T17:57:01.597688,0,0.1447,0.0120,0.1447,0.1221,0.6329,0.6328,-0.0054,14
2026-03-21T17:57:01.667828,0,0.1459,0.0188,0.1459,0.1249,0.6335,0.6335,-0.0056,14
2026-03-21T17:57:01.737479,0,0.1445,0.0120,0.1445,0.1204,0.6347,0.6347,-0.0057,14
2026-03-21T17:57:01.807043,0,0.1459,0.0156,0.1459,0.1239,0.6338,0.6338,-0.0057,14
2026-03-21T17:57:01.876852,0,0.1455,0.0155,0.1455,0.1225,0.6347,0.6347,-0.0057,14
2026-03-21T17:57:01.946648,0,0.1458,0.0133,0.1458,0.1214,0.6345,0.6345,-0.0056,14
2026-03-21T17:57:02.015432,0,0.1455,0.0173,0.1455,0.1224,0.6331,0.6331,-0.0055,14
2026-03-21T17:57:02.085892,0,0.1451,0.0119,0.1451,0.1219,0.6328,0.6328,-0.0056,14
2026-03-21T17:57:02.154880,0,0.1452,0.0159,0.1452,0.1239,0.6335,0.6335,-0.0057,14
2026-03-21T17:57:02.225439,0,0.1452,0.0101,0.1452,0.1201,0.6343,0.6343,-0.0056,14
2026-03-21T17:57:02.295230,0,0.1457,0.0116,0.1457,0.1209,0.6341,0.6340,-0.0056,14
2026-03-21T17:57:02.363771,0,0.1459,0.0190,0.1459,0.1241,0.6334,0.6334,-0.0055,14
2026-03-21T17:57:02.433771,0,0.1456,0.0162,0.1456,0.1225,0.6327,0.6327,-0.0057,14
2026-03-21T17:57:02.503806,0,0.1457,0.0133,0.1457,0.1214,0.6341,0.6340,-0.0056,14
2026-03-21T17:57:02.574072,0,0.1461,0.0175,0.1461,0.1245,0.6348,0.6348,-0.0057,14
2026-03-21T17:57:02.643166,0,0.1453,0.0122,0.1453,0.1215,0.6337,0.6337,-0.0057,14
2026-03-21T17:57:02.712712,0,0.1457,0.0133,0.1457,0.1216,0.6329,0.6328,-0.0056,14
2026-03-21T17:57:02.782093,0,0.1461,0.0126,0.1461,0.1200,0.6346,0.6345,-0.0056,14
2026-03-21T17:57:02.852357,0,0.1454,0.0135,0.1454,0.1215,0.6346,0.6346,-0.0055,14
2026-03-21T17:57:02.921447,0,0.1453,0.0188,0.1453,0.1249,0.6326,0.6326,-0.0055,14
2026-03-21T17:57:02.992067,0,0.1452,0.0183,0.1452,0.1264,0.6314,0.6313,-0.0055,14
2026-03-21T17:57:03.060690,0,0.1443,0.0123,0.1443,0.1229,0.6319,0.6318,-0.0055,14
2026-03-21T17:57:03.131127,0,0.1454,0.0180,0.1454,0.1261,0.6319,0.6319,-0.0055,14
2026-03-21T17:57:03.200944,0,0.1455,0.0120,0.1455,0.1221,0.6336,0.6336,-0.0056,14
2026-03-21T17:57:03.270152,0,0.1447,0.0139,0.1447,0.1265,0.6318,0.6318,-0.0056,14
2026-03-21T17:57:03.340443,0,0.1452,0.0165,0.1452,0.1239,0.6343,0.6343,-0.0055,14
2026-03-21T17:57:03.410062,0,0.1439,0.0105,0.1439,0.1244,0.6312,0.6312,-0.0056,14
2026-03-21T17:57:03.479757,0,0.1452,0.0149,0.1452,0.1249,0.6322,0.6322,-0.0055,14
2026-03-21T17:57:03.549114,0,0.1458,0.0139,0.1458,0.1229,0.6330,0.6330,-0.0056,14
2026-03-21T17:57:03.618889,0,0.1450,0.0120,0.1450,0.1221,0.6332,0.6332,-0.0055,14
2026-03-21T17:57:03.688132,0,0.1452,0.0109,0.1452,0.1200,0.6339,0.6338,-0.0056,14
2026-03-21T17:57:03.758172,0,0.1451,0.0127,0.1451,0.1251,0.6324,0.6324,-0.0056,14
2026-03-21T17:57:03.827233,0,0.1455,0.0188,0.1455,0.1249,0.6311,0.6310,-0.0055,14
2026-03-21T17:57:03.897710,0,0.1458,0.0163,0.1458,0.1234,0.6331,0.6330,-0.0055,14
2026-03-21T17:57:03.966950,0,0.1448,0.0106,0.1448,0.1219,0.6326,0.6325,-0.0057,14
2026-03-21T17:57:04.036432,0,0.1444,0.0166,0.1444,0.1246,0.6326,0.6325,-0.0054,14
2026-03-21T17:57:04.107118,0,0.1455,0.0168,0.1455,0.1229,0.6334,0.6334,-0.0055,14
2026-03-21T17:57:04.176144,0,0.1455,0.0145,0.1455,0.1245,0.6326,0.6326,-0.0055,14
2026-03-21T17:57:04.245448,0,0.1448,0.0170,0.1448,0.1231,0.6324,0.6323,-0.0054,14
2026-03-21T17:57:04.316180,0,0.1463,0.0145,0.1463,0.1215,0.6338,0.6338,-0.0056,14
2026-03-21T17:57:04.385199,0,0.1448,0.0142,0.1448,0.1245,0.6311,0.6310,-0.0057,14
2026-03-21T17:57:04.455150,0,0.1461,0.0205,0.1461,0.1246,0.6337,0.6337,-0.0055,14
2026-03-21T17:57:04.525045,0,0.1442,0.0100,0.1442,0.1221,0.6326,0.6325,-0.0056,14
2026-03-21T17:57:04.594222,0,0.1456,0.0168,0.1456,0.1239,0.6319,0.6319,-0.0055,14
2026-03-21T17:57:04.663940,0,0.1450,0.0173,0.1450,0.1249,0.6326,0.6326,-0.0055,14
2026-03-21T17:57:04.733894,0,0.1446,0.0175,0.1446,0.1275,0.6302,0.6302,-0.0055,14
2026-03-21T17:57:04.803831,0,0.1446,0.0159,0.1446,0.1249,0.6321,0.6321,-0.0055,14
2026-03-21T17:57:04.872631,0,0.1449,0.0149,0.1449,0.1255,0.6339,0.6338,-0.0056,14
2026-03-21T17:57:04.942999,0,0.1455,0.0159,0.1455,0.1229,0.6327,0.6327,-0.0055,14
2026-03-21T17:57:05.012031,0,0.1456,0.0150,0.1456,0.1224,0.6330,0.6330,-0.0056,14
2026-03-21T17:57:05.082061,0,0.1464,0.0170,0.1464,0.1231,0.6341,0.6341,-0.0056,14
2026-03-21T17:57:05.150812,0,0.1452,0.0175,0.1452,0.1255,0.6338,0.6338,-0.0055,14
2026-03-21T17:57:05.221922,0,0.1448,0.0129,0.1448,0.1229,0.6319,0.6318,-0.0055,14
2026-03-21T17:57:05.291014,0,0.1456,0.0140,0.1456,0.1221,0.6329,0.6329,-0.0056,14
2026-03-21T17:57:05.360491,0,0.1453,0.0140,0.1453,0.1231,0.6330,0.6330,-0.0056,14
2026-03-21T17:57:05.430937,0,0.1464,0.0233,0.1464,0.1264,0.6331,0.6331,-0.0055,14
2026-03-21T17:57:05.500432,0,0.1463,0.0188,0.1463,0.1239,0.6349,0.6349,-0.0056,14
2026-03-21T17:57:05.571186,0,0.1447,0.0100,0.1447,0.1204,0.6333,0.6333,-0.0056,14
2026-03-21T17:57:05.640046,0,0.1455,0.0126,0.1455,0.1236,0.6327,0.6327,-0.0056,14
2026-03-21T17:57:05.709375,0,0.1446,0.0117,0.1446,0.1221,0.6334,0.6334,-0.0055,14
2026-03-21T17:57:05.779009,0,0.1446,0.0109,0.1446,0.1229,0.6329,0.6328,-0.0054,14
2026-03-21T17:57:05.848760,0,0.1453,0.0155,0.1453,0.1235,0.6338,0.6338,-0.0056,14
2026-03-21T17:57:05.917632,0,0.1460,0.0165,0.1460,0.1245,0.6327,0.6327,-0.0056,14
2026-03-21T17:57:05.988392,0,0.1453,0.0173,0.1453,0.1269,0.6326,0.6326,-0.0057,14
2026-03-21T17:57:06.058118,0,0.1446,0.0149,0.1446,0.1249,0.6307,0.6307,-0.0054,14
2026-03-21T17:57:06.127147,0,0.1435,0.0132,0.1435,0.1242,0.6311,0.6311,-0.0055,14
2026-03-21T17:57:06.196544,0,0.1448,0.0119,0.1448,0.1200,0.6335,0.6335,-0.0055,14
2026-03-21T17:57:06.266749,0,0.1442,0.0179,0.1442,0.1259,0.6327,0.6327,-0.0055,14
2026-03-21T17:57:06.336630,0,0.1443,0.0116,0.1443,0.1236,0.6317,0.6317,-0.0056,14
2026-03-21T17:57:06.406466,0,0.1455,0.0153,0.1455,0.1256,0.6327,0.6327,-0.0056,14
2026-03-21T17:57:06.475715,0,0.1450,0.0129,0.1450,0.1229,0.6331,0.6331,-0.0056,14
2026-03-21T17:57:06.545240,0,0.1464,0.0225,0.1464,0.1236,0.6336,0.6335,-0.0055,14
2026-03-21T17:57:06.615462,0,0.1454,0.0190,0.1454,0.1241,0.6336,0.6335,-0.0057,14
2026-03-21T17:57:06.685120,0,0.1455,0.0139,0.1455,0.1209,0.6319,0.6318,-0.0055,14
2026-03-21T17:57:06.755230,0,0.1449,0.0136,0.1449,0.1230,0.6344,0.6343,-0.0055,14
2026-03-21T17:57:06.824768,0,0.1441,0.0143,0.1441,0.1254,0.6319,0.6319,-0.0056,14
2026-03-21T17:57:06.824768,1,0.0670,0.0183,0.0670,1.0720,0.6610,-0.3099,0.5838,5
2026-03-21T17:57:06.894274,0,0.1461,0.0167,0.1461,0.1241,0.6334,0.6334,-0.0056,14
2026-03-21T17:57:06.894274,1,0.0629,0.0322,0.0629,1.0695,0.6539,-0.3016,0.5802,6
2026-03-21T17:57:06.963743,0,0.1446,0.0166,0.1446,0.1265,0.6330,0.6330,-0.0056,14
2026-03-21T17:57:06.963743,1,0.0976,0.0361,0.0976,1.0650,0.6550,-0.2968,0.5839,7
2026-03-21T17:57:07.033416,0,0.1447,0.0113,0.1447,0.1204,0.6343,0.6343,-0.0056,14
2026-03-21T17:57:07.033416,1,0.0791,0.0384,0.0791,1.0630,0.6452,-0.2925,0.5751,7
2026-03-21T17:57:07.103299,0,0.1452,0.0120,0.1452,0.1209,0.6348,0.6348,-0.0055,14
2026-03-21T17:57:07.103299,1,0.0702,0.0413,0.0702,1.0655,0.6435,-0.2917,0.5735,7
2026-03-21T17:57:07.172575,0,0.1451,0.0190,0.1451,0.1281,0.6335,0.6335,-0.0056,14
2026-03-21T17:57:07.172575,1,0.0775,0.0438,0.0775,1.0650,0.6417,-0.2910,0.5720,7
2026-03-21T17:57:07.242021,0,0.1443,0.0127,0.1443,0.1231,0.6328,0.6328,-0.0055,14
2026-03-21T17:57:07.242021,1,0.0910,0.0370,0.0910,1.0625,0.6446,-0.2921,0.5746,7
2026-03-21T17:57:07.312913,0,0.1442,0.0120,0.1442,0.1241,0.6331,0.6331,-0.0056,14
2026-03-21T17:57:07.312913,1,0.0463,0.0394,0.0463,1.0660,0.6377,-0.2943,0.5657,6
2026-03-21T17:57:07.381752,0,0.1459,0.0168,0.1459,0.1229,0.6339,0.6339,-0.0055,14
2026-03-21T17:57:07.381752,1,0.0446,0.0403,0.0446,1.0670,0.6397,-0.2952,0.5675,6
2026-03-21T17:57:07.451821,0,0.1453,0.0146,0.1453,0.1235,0.6336,0.6336,-0.0055,14
2026-03-21T17:57:07.451821,1,0.0564,0.0348,0.0564,1.0675,0.6459,-0.2980,0.5730,6
2026-03-21T17:57:07.521748,0,0.1450,0.0098,0.1450,0.1219,0.6325,0.6325,-0.0056,14
2026-03-21T17:57:07.521748,1,0.0505,0.0247,0.0505,1.0670,0.6488,-0.3044,0.5730,5
2026-03-21T17:57:07.590418,0,0.1450,0.0105,0.1450,0.1229,0.6323,0.6323,-0.0055,14
2026-03-21T17:57:07.660553,0,0.1453,0.0129,0.1453,0.1229,0.6329,0.6328,-0.0056,14
2026-03-21T17:57:07.730404,0,0.1460,0.0130,0.1460,0.1209,0.6345,0.6345,-0.0056,14
2026-03-21T17:57:07.799702,0,0.1453,0.0150,0.1453,0.1211,0.6339,0.6338,-0.0055,14
2026-03-21T17:57:07.869990,0,0.1438,0.0240,0.1438,0.1319,0.6307,0.6307,-0.0056,14
2026-03-21T17:57:07.939139,0,0.1451,0.0143,0.1451,0.1234,0.6334,0.6334,-0.0056,14
2026-03-21T17:57:08.009062,0,0.1454,0.0139,0.1454,0.1219,0.6334,0.6333,-0.0056,14
2026-03-21T17:57:08.079058,0,0.1452,0.0146,0.1452,0.1236,0.6328,0.6328,-0.0057,14
2026-03-21T17:57:08.147959,0,0.1455,0.0140,0.1455,0.1211,0.6330,0.6330,-0.0055,14
2026-03-21T17:57:08.217350,0,0.1453,0.0150,0.1453,0.1239,0.6337,0.6337,-0.0056,14
2026-03-21T17:57:08.287658,0,0.1442,0.0116,0.1442,0.1205,0.6334,0.6334,-0.0056,14
2026-03-21T17:57:08.357325,0,0.1459,0.0145,0.1459,0.1205,0.6346,0.6346,-0.0056,14
2026-03-21T17:57:08.427103,0,0.1455,0.0186,0.1455,0.1246,0.6339,0.6339,-0.0055,14
2026-03-21T17:57:08.497101,0,0.1455,0.0160,0.1455,0.1261,0.6336,0.6336,-0.0056,14
2026-03-21T17:57:08.565746,0,0.1453,0.0185,0.1453,0.1226,0.6337,0.6337,-0.0055,14
2026-03-21T17:57:08.636424,0,0.1453,0.0155,0.1453,0.1235,0.6331,0.6331,-0.0056,14
2026-03-21T17:57:08.706177,0,0.1461,0.0195,0.1461,0.1236,0.6336,0.6336,-0.0055,14
2026-03-21T17:57:08.775634,0,0.1449,0.0115,0.1449,0.1225,0.6326,0.6325,-0.0055,14
2026-03-21T17:57:08.845422,0,0.1445,0.0129,0.1445,0.1249,0.6328,0.6328,-0.0055,14
2026-03-21T17:57:08.914874,0,0.1449,0.0133,0.1449,0.1234,0.6334,0.6333,-0.0056,14
2026-03-21T17:57:08.985096,0,0.1437,0.0096,0.1437,0.1213,0.6332,0.6332,-0.0055,14
2026-03-21T17:57:09.054347,0,0.1451,0.0137,0.1451,0.1241,0.6337,0.6337,-0.0056,14
2026-03-21T17:57:09.124077,0,0.1445,0.0110,0.1445,0.1211,0.6331,0.6331,-0.0056,14
2026-03-21T17:57:09.193944,0,0.1450,0.0094,0.1450,0.1210,0.6335,0.6335,-0.0055,14
2026-03-21T17:57:09.262864,0,0.1455,0.0159,0.1455,0.1229,0.6331,0.6331,-0.0054,14
2026-03-21T17:57:09.332626,0,0.1454,0.0198,0.1454,0.1289,0.6322,0.6322,-0.0056,14
2026-03-21T17:57:09.403020,0,0.1448,0.0177,0.1448,0.1271,0.6321,0.6320,-0.0057,14
2026-03-21T17:57:09.471676,0,0.1449,0.0150,0.1449,0.1249,0.6321,0.6321,-0.0056,14
2026-03-21T17:57:09.542061,0,0.1446,0.0130,0.1446,0.1246,0.6315,0.6315,-0.0055,14
2026-03-21T17:57:09.612220,0,0.1459,0.0123,0.1459,0.1214,0.6334,0.6333,-0.0055,14
2026-03-21T17:57:09.681203,0,0.1444,0.0114,0.1444,0.1200,0.6342,0.6342,-0.0056,14
2026-03-21T17:57:09.751653,0,0.1457,0.0188,0.1457,0.1229,0.6339,0.6338,-0.0055,14
2026-03-21T17:57:09.820702,0,0.1437,0.0139,0.1437,0.1239,0.6329,0.6329,-0.0055,14
2026-03-21T17:57:09.890360,0,0.1451,0.0123,0.1451,0.1244,0.6339,0.6339,-0.0055,14
2026-03-21T17:57:09.960155,0,0.1456,0.0200,0.1456,0.1241,0.6336,0.6335,-0.0056,14
2026-03-21T17:57:10.029886,0,0.1445,0.0116,0.1445,0.1216,0.6319,0.6319,-0.0055,14
2026-03-21T17:57:10.098838,0,0.1459,0.0213,0.1459,0.1294,0.6308,0.6308,-0.0056,14
2026-03-21T17:57:10.169505,0,0.1455,0.0188,0.1455,0.1239,0.6341,0.6340,-0.0055,14
2026-03-21T17:57:10.238822,0,0.1461,0.0190,0.1461,0.1241,0.6339,0.6338,-0.0056,14
2026-03-21T17:57:10.307726,0,0.1449,0.0141,0.1449,0.1264,0.6318,0.6318,-0.0056,14
2026-03-21T17:57:10.377951,0,0.1448,0.0149,0.1448,0.1239,0.6321,0.6321,-0.0056,14
2026-03-21T17:57:10.448020,0,0.1444,0.0125,0.1444,0.1275,0.6296,0.6296,-0.0055,14
2026-03-21T17:57:10.517765,0,0.1456,0.0149,0.1456,0.1250,0.6326,0.6325,-0.0055,14
2026-03-21T17:57:10.587590,0,0.1446,0.0126,0.1446,0.1226,0.6327,0.6327,-0.0057,14
2026-03-21T17:57:10.656799,0,0.1445,0.0107,0.1445,0.1216,0.6332,0.6332,-0.0057,14
2026-03-21T17:57:10.727046,0,0.1441,0.0113,0.1441,0.1239,0.6322,0.6322,-0.0056,14
2026-03-21T17:57:10.796206,0,0.1455,0.0129,0.1455,0.1229,0.6323,0.6323,-0.0056,14
2026-03-21T17:57:10.866452,0,0.1446,0.0121,0.1446,0.1225,0.6331,0.6330,-0.0056,14
2026-03-21T17:57:10.936044,0,0.1461,0.0142,0.1461,0.1215,0.6334,0.6334,-0.0056,14
2026-03-21T17:57:11.004774,0,0.1451,0.0150,0.1451,0.1241,0.6326,0.6326,-0.0056,14
2026-03-21T17:57:11.075397,0,0.1457,0.0165,0.1457,0.1245,0.6323,0.6323,-0.0056,14
2026-03-21T17:57:11.144966,0,0.1463,0.0167,0.1463,0.1241,0.6328,0.6328,-0.0056,14
2026-03-21T17:57:11.214163,0,0.1452,0.0146,0.1452,0.1205,0.6347,0.6347,-0.0055,14
2026-03-21T17:57:11.284130,0,0.1443,0.0113,0.1443,0.1249,0.6314,0.6314,-0.0055,14
2026-03-21T17:57:11.353953,0,0.1458,0.0136,0.1458,0.1229,0.6331,0.6330,-0.0056,14
2026-03-21T17:57:11.423340,0,0.1445,0.0076,0.1445,0.1215,0.6322,0.6322,-0.0056,14
2026-03-21T17:57:11.493385,0,0.1441,0.0111,0.1441,0.1230,0.6319,0.6318,-0.0055,14
2026-03-21T17:57:11.563001,0,0.1453,0.0129,0.1453,0.1239,0.6321,0.6320,-0.0055,14
2026-03-21T17:57:11.633416,0,0.1452,0.0155,0.1452,0.1235,0.6326,0.6326,-0.0056,14
2026-03-21T17:57:11.702315,0,0.1452,0.0150,0.1452,0.1241,0.6323,0.6323,-0.0055,14
2026-03-21T17:57:11.772099,0,0.1448,0.0136,0.1448,0.1226,0.6335,0.6335,-0.0056,14
2026-03-21T17:57:11.842212,0,0.1448,0.0090,0.1448,0.1219,0.6320,0.6320,-0.0055,14
2026-03-21T17:57:11.911457,0,0.1449,0.0189,0.1449,0.1275,0.6344,0.6343,-0.0055,14
2026-03-21T17:57:11.981327,0,0.1452,0.0159,0.1452,0.1249,0.6314,0.6313,-0.0056,14
2026-03-21T17:57:12.050590,0,0.1451,0.0087,0.1451,0.1201,0.6331,0.6330,-0.0056,14
2026-03-21T17:57:12.120340,0,0.1452,0.0165,0.1452,0.1245,0.6331,0.6331,-0.0055,14
2026-03-21T17:57:12.190206,0,0.1444,0.0115,0.1444,0.1215,0.6337,0.6337,-0.0056,14
2026-03-21T17:57:12.260184,0,0.1454,0.0165,0.1454,0.1266,0.6340,0.6340,-0.0056,14
2026-03-21T17:57:12.328518,0,0.1439,0.0205,0.1439,0.1309,0.6315,0.6315,-0.0057,14
2026-03-21T17:57:12.399443,0,0.1458,0.0195,0.1458,0.1285,0.6326,0.6325,-0.0056,14
2026-03-21T17:57:12.468436,0,0.1441,0.0179,0.1441,0.1269,0.6304,0.6304,-0.0055,14
2026-03-21T17:57:12.539104,0,0.1454,0.0156,0.1454,0.1269,0.6319,0.6319,-0.0055,14
2026-03-21T17:57:12.608376,0,0.1457,0.0143,0.1457,0.1236,0.6318,0.6318,-0.0055,14
2026-03-21T17:57:12.678005,0,0.1446,0.0076,0.1446,0.1186,0.6337,0.6337,-0.0056,14
2026-03-21T17:57:12.747078,0,0.1442,0.0110,0.1442,0.1219,0.6333,0.6333,-0.0056,14
2026-03-21T17:57:12.817278,0,0.1451,0.0149,0.1451,0.1259,0.6326,0.6326,-0.0056,14
2026-03-21T17:57:12.887181,0,0.1453,0.0109,0.1453,0.1209,0.6339,0.6338,-0.0056,14
2026-03-21T17:57:12.956962,0,0.1441,0.0118,0.1441,0.1229,0.6323,0.6323,-0.0055,14
2026-03-21T17:57:13.026533,0,0.1453,0.0149,0.1453,0.1209,0.6337,0.6337,-0.0055,14
2026-03-21T17:57:13.095647,0,0.1448,0.0114,0.1448,0.1254,0.6314,0.6313,-0.0056,14
2026-03-21T17:57:13.165396,0,0.1451,0.0201,0.1451,0.1223,0.6329,0.6328,-0.0054,14
2026-03-21T17:57:13.235205,0,0.1441,0.0185,0.1441,0.1275,0.6323,0.6323,-0.0055,14
2026-03-21T17:57:13.305248,0,0.1443,0.0166,0.1443,0.1275,0.6310,0.6310,-0.0055,14
2026-03-21T17:57:13.375131,0,0.1458,0.0159,0.1458,0.1239,0.6332,0.6332,-0.0057,14
2026-03-21T17:57:13.443796,0,0.1451,0.0135,0.1451,0.1245,0.6324,0.6323,-0.0055,14
2026-03-21T17:57:13.514447,0,0.1445,0.0198,0.1445,0.1299,0.6321,0.6320,-0.0056,14
2026-03-21T17:57:13.584373,0,0.1442,0.0146,0.1442,0.1255,0.6321,0.6320,-0.0056,14
2026-03-21T17:57:13.653277,0,0.1447,0.0109,0.1447,0.1249,0.6301,0.6301,-0.0056,14
2026-03-21T17:57:13.723327,0,0.1445,0.0094,0.1445,0.1224,0.6327,0.6327,-0.0055,14
2026-03-21T17:57:13.792988,0,0.1463,0.0198,0.1463,0.1249,0.6344,0.6344,-0.0056,14
2026-03-21T17:57:13.863467,0,0.1462,0.0175,0.1462,0.1206,0.6342,0.6342,-0.0056,14
2026-03-21T17:57:13.932601,0,0.1445,0.0160,0.1445,0.1231,0.6315,0.6315,-0.0054,14
2026-03-21T17:57:14.001673,0,0.1458,0.0136,0.1458,0.1229,0.6336,0.6335,-0.0056,14
2026-03-21T17:57:14.072069,0,0.1446,0.0119,0.1446,0.1239,0.6324,0.6324,-0.0056,14
2026-03-21T17:57:14.141450,0,0.1436,0.0110,0.1436,0.1219,0.6324,0.6324,-0.0055,14
2026-03-21T17:57:14.210734,0,0.1457,0.0235,0.1457,0.1256,0.6328,0.6328,-0.0055,14
2026-03-21T17:57:14.280901,0,0.1456,0.0122,0.1456,0.1215,0.6341,0.6341,-0.0057,14
2026-03-21T17:57:14.349990,0,0.1449,0.0100,0.1449,0.1200,0.6333,0.6333,-0.0056,14
2026-03-21T17:57:14.420256,0,0.1439,0.0123,0.1439,0.1219,0.6323,0.6323,-0.0055,14
2026-03-21T17:57:14.490298,0,0.1440,0.0116,0.1440,0.1236,0.6310,0.6310,-0.0055,14
2026-03-21T17:57:14.559341,0,0.1446,0.0129,0.1446,0.1249,0.6314,0.6313,-0.0055,14
2026-03-21T17:57:14.628717,0,0.1447,0.0160,0.1447,0.1251,0.6340,0.6340,-0.0055,14
2026-03-21T17:57:14.698621,0,0.1451,0.0079,0.1451,0.1199,0.6331,0.6330,-0.0055,14
2026-03-21T17:57:14.768090,0,0.1449,0.0083,0.1449,0.1194,0.6338,0.6338,-0.0056,14
2026-03-21T17:57:14.837852,0,0.1456,0.0126,0.1456,0.1219,0.6341,0.6341,-0.0057,14
2026-03-21T17:57:14.908506,0,0.1453,0.0169,0.1453,0.1250,0.6338,0.6338,-0.0054,14
2026-03-21T17:57:14.978216,0,0.1456,0.0080,0.1456,0.1180,0.6357,0.6357,-0.0056,14
2026-03-21T17:57:15.047391,0,0.1447,0.0091,0.1447,0.1200,0.6342,0.6342,-0.0055,14
2026-03-21T17:57:15.116309,0,0.1453,0.0172,0.1453,0.1235,0.6331,0.6331,-0.0057,14
2026-03-21T17:57:15.187017,0,0.1453,0.0114,0.1453,0.1215,0.6334,0.6333,-0.0057,14
2026-03-21T17:57:15.256410,0,0.1446,0.0115,0.1446,0.1235,0.6314,0.6313,-0.0055,14
2026-03-21T17:57:15.325641,0,0.1453,0.0150,0.1453,0.1211,0.6326,0.6325,-0.0054,14
2026-03-21T17:57:15.395971,0,0.1443,0.0125,0.1443,0.1246,0.6324,0.6324,-0.0055,14
2026-03-21T17:57:15.466761,0,0.1456,0.0193,0.1456,0.1284,0.6324,0.6323,-0.0057,14
2026-03-21T17:57:15.534994,0,0.1452,0.0149,0.1452,0.1265,0.6316,0.6316,-0.0055,14
2026-03-21T17:57:15.604185,0,0.1449,0.0166,0.1449,0.1295,0.6327,0.6327,-0.0056,14
2026-03-21T17:57:15.674456,0,0.1446,0.0150,0.1446,0.1241,0.6329,0.6329,-0.0056,14
2026-03-21T17:57:15.744290,0,0.1463,0.0198,0.1463,0.1229,0.6347,0.6347,-0.0056,14
2026-03-21T17:57:15.814003,0,0.1459,0.0178,0.1459,0.1249,0.6320,0.6320,-0.0055,14
2026-03-21T17:57:15.883026,0,0.1459,0.0136,0.1459,0.1209,0.6337,0.6337,-0.0056,14
2026-03-21T17:57:15.953191,0,0.1454,0.0116,0.1454,0.1215,0.6339,0.6338,-0.0056,14
2026-03-21T17:57:16.022913,0,0.1445,0.0165,0.1445,0.1285,0.6321,0.6321,-0.0055,14
2026-03-21T17:57:16.092592,0,0.1455,0.0111,0.1455,0.1204,0.6335,0.6335,-0.0056,14
2026-03-21T17:57:16.162553,0,0.1448,0.0169,0.1448,0.1245,0.6341,0.6340,-0.0055,14
2026-03-21T17:57:16.231941,0,0.1462,0.0213,0.1462,0.1244,0.6328,0.6328,-0.0056,14
2026-03-21T17:57:16.301400,0,0.1443,0.0126,0.1443,0.1230,0.6329,0.6328,-0.0054,14
2026-03-21T17:57:16.371285,0,0.1459,0.0166,0.1459,0.1226,0.6333,0.6333,-0.0055,14
2026-03-21T17:57:16.440732,0,0.1434,0.0133,0.1434,0.1233,0.6326,0.6326,-0.0056,14
2026-03-21T17:57:16.509808,0,0.1446,0.0119,0.1446,0.1209,0.6333,0.6333,-0.0055,14
2026-03-21T17:57:16.580270,0,0.1452,0.0119,0.1452,0.1220,0.6317,0.6317,-0.0055,14
2026-03-21T17:57:16.649646,0,0.1444,0.0145,0.1444,0.1225,0.6320,0.6320,-0.0055,14
2026-03-21T17:57:16.719724,0,0.1457,0.0235,0.1457,0.1266,0.6323,0.6323,-0.0054,14
2026-03-21T17:57:16.789087,0,0.1462,0.0143,0.1462,0.1204,0.6341,0.6341,-0.0056,14
2026-03-21T17:57:16.859485,0,0.1459,0.0190,0.1459,0.1221,0.6328,0.6328,-0.0055,14
2026-03-21T17:57:16.929540,0,0.1444,0.0108,0.1444,0.1219,0.6315,0.6315,-0.0056,14
2026-03-21T17:57:16.998746,0,0.1459,0.0135,0.1459,0.1215,0.6329,0.6329,-0.0055,14
2026-03-21T17:57:17.068202,0,0.1467,0.0198,0.1467,0.1229,0.6333,0.6333,-0.0056,14
2026-03-21T17:57:17.138491,0,0.1441,0.0112,0.1441,0.1223,0.6321,0.6321,-0.0055,14
2026-03-21T17:57:17.207787,0,0.1448,0.0104,0.1448,0.1231,0.6316,0.6316,-0.0056,14
2026-03-21T17:57:17.277120,0,0.1453,0.0119,0.1453,0.1209,0.6329,0.6328,-0.0056,14
2026-03-21T17:57:17.346598,0,0.1449,0.0101,0.1449,0.1224,0.6330,0.6330,-0.0057,14
2026-03-21T17:57:17.416319,0,0.1437,0.0108,0.1437,0.1223,0.6323,0.6323,-0.0055,14
2026-03-21T17:57:17.486298,0,0.1450,0.0090,0.1450,0.1210,0.6323,0.6323,-0.0055,14
2026-03-21T17:57:17.555298,0,0.1442,0.0155,0.1442,0.1255,0.6312,0.6312,-0.0055,14
2026-03-21T17:57:17.625159,0,0.1457,0.0169,0.1457,0.1269,0.6330,0.6330,-0.0056,14
2026-03-21T17:57:17.695248,0,0.1452,0.0170,0.1452,0.1221,0.6335,0.6335,-0.0055,14
2026-03-21T17:57:17.764792,0,0.1453,0.0109,0.1453,0.1210,0.6335,0.6335,-0.0055,14
2026-03-21T17:57:17.834415,0,0.1444,0.0133,0.1444,0.1234,0.6329,0.6329,-0.0054,14
2026-03-21T17:57:17.904941,0,0.1455,0.0116,0.1455,0.1226,0.6334,0.6334,-0.0056,14
2026-03-21T17:57:17.973407,0,0.1455,0.0107,0.1455,0.1211,0.6336,0.6336,-0.0056,14
2026-03-21T17:57:18.044277,0,0.1457,0.0146,0.1457,0.1239,0.6334,0.6333,-0.0055,14
2026-03-21T17:57:18.113311,0,0.1452,0.0101,0.1452,0.1200,0.6338,0.6338,-0.0054,14
2026-03-21T17:57:18.182346,0,0.1453,0.0136,0.1453,0.1249,0.6326,0.6326,-0.0056,14
2026-03-21T17:57:18.251971,0,0.1456,0.0199,0.1456,0.1230,0.6334,0.6334,-0.0053,14
2026-03-21T17:57:18.321677,0,0.1456,0.0156,0.1456,0.1226,0.6337,0.6337,-0.0055,14
2026-03-21T17:57:18.391463,0,0.1457,0.0178,0.1457,0.1259,0.6342,0.6342,-0.0056,14
2026-03-21T17:57:18.462014,0,0.1445,0.0153,0.1445,0.1249,0.6314,0.6313,-0.0056,14
2026-03-21T17:57:18.531172,0,0.1455,0.0109,0.1455,0.1209,0.6338,0.6338,-0.0056,14
2026-03-21T17:57:18.600330,0,0.1453,0.0136,0.1453,0.1229,0.6328,0.6328,-0.0057,14
2026-03-21T17:57:18.671453,0,0.1458,0.0113,0.1458,0.1196,0.6334,0.6334,-0.0056,14
2026-03-21T17:57:18.741006,0,0.1448,0.0111,0.1448,0.1231,0.6331,0.6331,-0.0055,14
2026-03-21T17:57:18.810440,0,0.1453,0.0129,0.1453,0.1239,0.6321,0.6320,-0.0057,14
2026-03-21T17:57:18.879692,0,0.1462,0.0153,0.1462,0.1214,0.6329,0.6329,-0.0055,14
2026-03-21T17:57:18.948924,0,0.1464,0.0194,0.1464,0.1215,0.6346,0.6345,-0.0055,14
2026-03-21T17:57:19.019470,0,0.1456,0.0119,0.1456,0.1210,0.6336,0.6335,-0.0055,14
2026-03-21T17:57:19.089070,0,0.1461,0.0159,0.1461,0.1219,0.6341,0.6340,-0.0055,14
2026-03-21T17:57:19.159022,0,0.1444,0.0112,0.1444,0.1213,0.6341,0.6340,-0.0055,14
2026-03-21T17:57:19.228399,0,0.1456,0.0113,0.1456,0.1206,0.6334,0.6334,-0.0056,14
2026-03-21T17:57:19.297651,0,0.1448,0.0155,0.1448,0.1255,0.6333,0.6333,-0.0055,14
2026-03-21T17:57:19.368003,0,0.1450,0.0095,0.1450,0.1205,0.6335,0.6335,-0.0056,14
2026-03-21T17:57:19.437741,0,0.1459,0.0195,0.1459,0.1255,0.6327,0.6327,-0.0056,14
2026-03-21T17:57:19.506576,0,0.1455,0.0215,0.1455,0.1285,0.6330,0.6330,-0.0055,14
2026-03-21T17:57:19.576991,0,0.1443,0.0068,0.1443,0.1194,0.6340,0.6340,-0.0056,14
2026-03-21T17:57:19.646007,0,0.1457,0.0159,0.1457,0.1259,0.6321,0.6320,-0.0056,14
2026-03-21T17:57:19.716304,0,0.1448,0.0168,0.1448,0.1269,0.6334,0.6333,-0.0056,14
2026-03-21T17:57:19.785334,0,0.1461,0.0146,0.1461,0.1219,0.6338,0.6338,-0.0056,14
2026-03-21T17:57:19.854693,0,0.1454,0.0150,0.1454,0.1241,0.6336,0.6335,-0.0055,14
2026-03-21T17:57:19.925317,0,0.1436,0.0111,0.1436,0.1235,0.6317,0.6317,-0.0056,14
2026-03-21T17:57:19.994880,0,0.1453,0.0168,0.1453,0.1229,0.6323,0.6323,-0.0055,14
2026-03-21T17:57:20.064167,0,0.1448,0.0109,0.1448,0.1209,0.6324,0.6324,-0.0055,14
2026-03-21T17:57:20.134821,0,0.1456,0.0175,0.1456,0.1275,0.6330,0.6330,-0.0056,14
2026-03-21T17:57:20.204285,0,0.1449,0.0099,0.1449,0.1219,0.6324,0.6324,-0.0055,14
2026-03-21T17:57:20.273513,0,0.1451,0.0089,0.1451,0.1209,0.6322,0.6322,-0.0055,14
2026-03-21T17:57:20.343700,0,0.1452,0.0117,0.1452,0.1231,0.6323,0.6323,-0.0055,14
2026-03-21T17:57:20.413322,0,0.1452,0.0165,0.1452,0.1265,0.6318,0.6318,-0.0056,14
2026-03-21T17:57:20.482477,0,0.1452,0.0160,0.1452,0.1239,0.6344,0.6344,-0.0056,14
2026-03-21T17:57:20.552565,0,0.1460,0.0176,0.1460,0.1256,0.6329,0.6329,-0.0055,14
2026-03-21T17:57:20.622293,0,0.1454,0.0136,0.1454,0.1226,0.6339,0.6338,-0.0056,14
2026-03-21T17:57:20.691550,0,0.1447,0.0146,0.1447,0.1246,0.6314,0.6314,-0.0055,14
2026-03-21T17:57:20.761632,0,0.1455,0.0198,0.1455,0.1269,0.6329,0.6329,-0.0056,14
2026-03-21T17:57:20.830902,0,0.1450,0.0189,0.1450,0.1315,0.6310,0.6310,-0.0056,14
2026-03-21T17:57:20.901593,0,0.1462,0.0223,0.1462,0.1264,0.6331,0.6331,-0.0054,14
2026-03-21T17:57:20.970410,0,0.1447,0.0173,0.1447,0.1254,0.6329,0.6329,-0.0054,14
2026-03-21T17:57:21.040458,0,0.1455,0.0135,0.1455,0.1235,0.6326,0.6325,-0.0055,14
2026-03-21T17:57:21.110468,0,0.1456,0.0142,0.1456,0.1235,0.6339,0.6339,-0.0056,14
2026-03-21T17:57:21.179507,0,0.1456,0.0173,0.1456,0.1264,0.6329,0.6328,-0.0055,14
2026-03-21T17:57:21.249625,0,0.1453,0.0115,0.1453,0.1225,0.6334,0.6334,-0.0056,14
2026-03-21T17:57:21.319579,0,0.1465,0.0189,0.1465,0.1240,0.6326,0.6326,-0.0055,14
2026-03-21T17:57:21.388355,0,0.1457,0.0158,0.1457,0.1239,0.6323,0.6323,-0.0055,14
2026-03-21T17:57:21.458331,0,0.1461,0.0159,0.1461,0.1219,0.6334,0.6334,-0.0056,14
2026-03-21T17:57:21.527812,0,0.1447,0.0145,0.1447,0.1235,0.6333,0.6333,-0.0056,14
2026-03-21T17:57:21.597489,0,0.1453,0.0185,0.1453,0.1255,0.6326,0.6325,-0.0054,14
2026-03-21T17:57:21.667945,0,0.1456,0.0139,0.1456,0.1239,0.6321,0.6320,-0.0055,14
2026-03-21T17:57:21.736489,0,0.1457,0.0149,0.1457,0.1239,0.6331,0.6331,-0.0055,14
2026-03-21T17:57:21.807189,0,0.1447,0.0125,0.1447,0.1235,0.6333,0.6333,-0.0055,14
2026-03-21T17:57:21.876496,0,0.1445,0.0086,0.1445,0.1196,0.6339,0.6339,-0.0056,14
2026-03-21T17:57:21.946027,0,0.1512,0.0608,0.1512,0.1718,0.6147,0.6147,-0.0016,15
2026-03-21T17:57:22.015511,0,0.1850,0.0641,0.1850,0.1752,0.6092,0.6090,0.0142,18
2026-03-21T17:57:22.085655,0,0.1746,0.0629,0.1746,0.1702,0.6106,0.6105,0.0091,17
2026-03-21T17:57:22.156088,0,0.1640,0.0531,0.1640,0.1580,0.6152,0.6151,-0.0068,16
2026-03-21T17:57:22.224870,0,0.1687,0.0495,0.1687,0.1589,0.6160,0.6154,-0.0280,16
2026-03-21T17:57:22.294640,0,0.1450,0.0461,0.1450,0.1566,0.6246,0.6216,-0.0609,14
2026-03-21T17:57:22.364411,0,0.0686,0.0246,0.0686,0.1332,0.6339,0.6277,-0.0884,7
2026-03-21T17:57:23.479055,0,0.1420,0.1420,0.0425,0.6308,0.4850,0.1788,-0.4509,16
2026-03-21T17:57:23.548727,0,0.2047,0.2047,0.1092,0.7079,0.4665,0.1283,-0.4485,22
2026-03-21T17:57:23.617739,0,0.1523,0.1523,0.1150,0.7495,0.4335,0.0684,-0.4281,19
2026-03-21T17:57:23.689030,0,0.0708,0.0490,0.0708,1.0715,0.6507,-0.2951,-0.5800,7
2026-03-21T17:57:23.689030,1,0.1605,0.1605,0.1044,0.7573,0.4219,0.0637,-0.4171,20
2026-03-21T17:57:23.758439,0,0.0764,0.0764,0.0472,1.0675,0.6364,-0.2789,-0.5720,9
2026-03-21T17:57:23.758439,1,0.1776,0.1776,0.1074,0.7579,0.4309,0.0691,-0.4254,21
2026-03-21T17:57:23.827902,0,0.1020,0.1020,0.0839,1.0690,0.6350,-0.2630,-0.5780,12
2026-03-21T17:57:23.827902,1,0.1694,0.1694,0.0896,0.7411,0.4396,0.0818,-0.4319,20
2026-03-21T17:57:23.897941,0,0.1166,0.1166,0.0699,1.0670,0.6263,-0.2546,-0.5722,13
2026-03-21T17:57:23.897941,1,0.1569,0.1569,0.0941,0.7176,0.4482,0.0993,-0.4370,18
2026-03-21T17:57:23.967030,0,0.1315,0.1315,0.0724,1.0710,0.6216,-0.2478,-0.5700,14
2026-03-21T17:57:23.967030,1,0.1544,0.1544,0.0879,0.7024,0.4580,0.1130,-0.4438,17
2026-03-21T17:57:24.037323,0,0.1336,0.1336,0.0980,1.0670,0.6197,-0.2420,-0.5705,15
2026-03-21T17:57:24.037323,1,0.1489,0.1489,0.0641,0.6898,0.4708,0.1233,-0.4543,17
2026-03-21T17:57:24.107053,0,0.1336,0.1336,0.0869,1.0645,0.6160,-0.2407,-0.5670,15
2026-03-21T17:57:24.107053,1,0.1369,0.1369,0.0603,0.6652,0.4791,0.1414,-0.4577,15
2026-03-21T17:57:24.177010,0,0.1284,0.1284,0.0640,1.0630,0.6086,-0.2428,-0.5581,14
2026-03-21T17:57:24.177010,1,0.1303,0.1303,0.0607,0.6312,0.4997,0.1676,-0.4708,14
2026-03-21T17:57:24.246034,0,0.1190,0.1190,0.0848,1.0565,0.6001,-0.2391,-0.5504,14
2026-03-21T17:57:24.246034,1,0.0568,0.0568,0.0465,0.6021,0.7560,0.1762,-0.7352,6
2026-03-21T17:57:24.246034,2,0.1382,0.1382,0.0566,0.5923,0.5153,0.2108,-0.4701,13
2026-03-21T17:57:24.316646,0,0.1161,0.1161,0.0693,1.0575,0.5905,-0.2401,-0.5394,13
2026-03-21T17:57:24.316646,1,0.0739,0.0739,0.0439,0.5528,0.7424,0.2294,-0.7061,7
2026-03-21T17:57:24.316646,2,0.1535,0.1535,0.0289,0.5444,0.5352,0.2691,-0.4626,15
2026-03-21T17:57:24.385460,0,0.0897,0.0897,0.0506,1.0420,0.5796,-0.2448,-0.5253,11
2026-03-21T17:57:24.385460,1,0.4077,0.4077,0.0729,0.5044,0.6267,0.4124,-0.4719,29
2026-03-21T17:57:24.455917,0,0.0909,0.0684,0.0909,1.0355,0.5811,-0.2497,-0.5247,10
2026-03-21T17:57:24.455917,1,0.0596,0.0355,0.0596,0.4487,0.7690,0.3247,-0.6970,5
2026-03-21T17:57:24.455917,2,0.0707,0.0023,0.0707,0.4134,0.6854,0.3371,-0.5967,4
2026-03-21T17:57:24.455917,3,0.2980,0.2980,0.0576,0.4305,0.6525,0.4409,-0.4810,21
2026-03-21T17:57:24.524788,0,0.0548,0.0548,0.0463,1.0305,0.5738,-0.2559,-0.5136,8
2026-03-21T17:57:24.524788,1,0.3154,0.3154,0.1617,0.4165,0.6666,0.4368,-0.5036,26
2026-03-21T17:57:24.595046,0,0.0705,0.0176,0.0705,1.0295,0.5766,-0.2703,-0.5093,5
2026-03-21T17:57:24.595046,1,0.3307,0.3307,0.1594,0.4134,0.6765,0.4441,-0.5103,26
2026-03-21T17:57:24.664585,0,0.3062,0.3062,0.1776,0.4286,0.6709,0.4207,-0.5226,26
2026-03-21T17:57:24.733201,0,0.2676,0.2676,0.2012,0.4330,0.6624,0.3996,-0.5282,25
2026-03-21T17:57:24.803929,0,0.2513,0.1929,0.2513,0.4331,0.6528,0.3718,-0.5365,23
2026-03-21T17:57:24.872827,0,0.1692,0.1645,0.1692,0.4170,0.6361,0.3779,-0.5117,18
2026-03-21T17:57:24.942555,0,0.1607,0.1555,0.1607,0.4150,0.6326,0.3806,-0.5053,17
2026-03-21T17:57:25.012791,0,0.1807,0.1239,0.1807,0.4233,0.6184,0.3618,-0.5015,17
2026-03-21T17:57:25.082370,0,0.2082,0.1131,0.2082,0.4363,0.6046,0.3527,-0.4911,19
2026-03-21T17:57:25.152045,0,0.0801,0.0210,0.0801,1.0120,0.5426,-0.2500,-0.4815,6
2026-03-21T17:57:25.152045,1,0.2204,0.1382,0.2204,0.4395,0.5972,0.3565,-0.4791,21
2026-03-21T17:57:25.222367,0,0.0737,0.0299,0.0737,1.0095,0.5284,-0.2394,-0.4710,7
2026-03-21T17:57:25.222367,1,0.2765,0.1421,0.2765,0.4524,0.5931,0.3526,-0.4769,25
2026-03-21T17:57:25.291094,0,0.1114,0.0486,0.1114,1.0100,0.5243,-0.2291,-0.4717,9
2026-03-21T17:57:25.291094,1,0.3133,0.1614,0.3133,0.4807,0.5764,0.3459,-0.4611,30
2026-03-21T17:57:25.361260,0,0.0737,0.0737,0.0390,1.0150,0.5083,-0.2231,-0.4567,9
2026-03-21T17:57:25.361260,1,0.2699,0.1699,0.2699,0.4803,0.5538,0.3526,-0.4270,31
2026-03-21T17:57:25.431559,0,0.0958,0.0848,0.0958,1.0110,0.5115,-0.2119,-0.4656,12
2026-03-21T17:57:25.431559,1,0.2331,0.1991,0.2331,0.4840,0.5383,0.3618,-0.3985,32
2026-03-21T17:57:25.501074,0,0.1078,0.0812,0.1078,0.9990,0.4985,-0.2024,-0.4556,13
2026-03-21T17:57:25.501074,1,0.2422,0.2422,0.2189,0.4766,0.5277,0.3731,-0.3732,33
2026-03-21T17:57:25.570511,0,0.0864,0.0864,0.0820,0.9980,0.4883,-0.1986,-0.4461,13
2026-03-21T17:57:25.570511,1,0.2257,0.2257,0.1879,0.4719,0.5177,0.3828,-0.3484,32
2026-03-21T17:57:25.640788,0,0.1229,0.0827,0.1229,0.9905,0.4840,-0.1923,-0.4441,14
2026-03-21T17:57:25.640788,1,0.2492,0.2492,0.1721,0.4616,0.5132,0.3987,-0.3232,32
2026-03-21T17:57:25.709943,0,0.1105,0.0801,0.1105,0.9860,0.4761,-0.1891,-0.4370,14
2026-03-21T17:57:25.709943,1,0.2890,0.2890,0.1970,0.4429,0.5179,0.4200,-0.3030,32
2026-03-21T17:57:25.779388,0,0.1294,0.0820,0.1294,0.9885,0.4756,-0.1886,-0.4366,14
2026-03-21T17:57:25.779388,1,0.2815,0.2815,0.1904,0.4222,0.5233,0.4350,-0.2908,30
2026-03-21T17:57:25.849062,0,0.0817,0.0817,0.0817,0.9885,0.4691,-0.1904,-0.4287,13
2026-03-21T17:57:25.849062,1,0.2876,0.2876,0.2565,0.3895,0.5420,0.4493,-0.3032,32
2026-03-21T17:57:25.918132,0,0.0867,0.0798,0.0867,0.9860,0.4666,-0.1895,-0.4264,13
2026-03-21T17:57:25.918132,1,0.3383,0.2603,0.3383,0.3662,0.5654,0.4536,-0.3376,34
2026-03-21T17:57:25.988697,0,0.0833,0.0824,0.0833,0.9880,0.4671,-0.1897,-0.4269,13
2026-03-21T17:57:25.988697,1,0.4070,0.2005,0.4070,0.3260,0.5987,0.4595,-0.3838,35
2026-03-21T17:57:26.057772,0,0.0857,0.0857,0.0753,0.9925,0.4724,-0.1919,-0.4317,13
2026-03-21T17:57:26.057772,1,0.4067,0.1935,0.4067,0.3264,0.5990,0.4595,-0.3843,35
2026-03-21T17:57:26.127953,0,0.1045,0.0810,0.1045,0.9930,0.4753,-0.1928,-0.4344,13
2026-03-21T17:57:26.127953,1,0.4022,0.1330,0.4022,0.3369,0.5960,0.4457,-0.3956,32
2026-03-21T17:57:26.198157,0,0.0828,0.0747,0.0828,0.9925,0.4741,-0.1963,-0.4316,12
2026-03-21T17:57:26.198157,1,0.3776,0.1706,0.3776,0.3255,0.5917,0.4542,-0.3792,33
2026-03-21T17:57:26.267505,0,0.0928,0.0775,0.0928,0.9970,0.4758,-0.1970,-0.4331,12
2026-03-21T17:57:26.267505,1,0.3792,0.1698,0.3792,0.3247,0.5926,0.4549,-0.3798,33
2026-03-21T17:57:26.337210,0,0.0882,0.0814,0.0882,1.0005,0.4788,-0.1983,-0.4358,12
2026-03-21T17:57:26.337210,1,0.3743,0.1194,0.3743,0.3260,0.5914,0.4464,-0.3879,31
2026-03-21T17:57:26.406256,0,0.0866,0.0853,0.0866,1.0000,0.4798,-0.1990,-0.4366,12
2026-03-21T17:57:26.406256,1,0.4228,0.2364,0.4228,0.3675,0.6121,0.4530,-0.4116,39
2026-03-21T17:57:26.476304,0,0.0904,0.0801,0.0904,0.9970,0.4814,-0.1995,-0.4381,12
2026-03-21T17:57:26.476304,1,0.4653,0.2218,0.4653,0.3758,0.6156,0.4461,-0.4242,39
2026-03-21T17:57:26.546370,0,0.1172,0.0786,0.1172,1.0030,0.4913,-0.2032,-0.4473,12
2026-03-21T17:57:26.546370,1,0.4639,0.1621,0.4639,0.3885,0.6264,0.4342,-0.4515,38
2026-03-21T17:57:26.615277,0,0.0996,0.0654,0.0996,0.9970,0.4911,-0.2072,-0.4453,11
2026-03-21T17:57:26.615277,1,0.4288,0.2046,0.4288,0.3995,0.6225,0.4361,-0.4442,39
2026-03-21T17:57:26.685677,0,0.0897,0.0668,0.0897,1.0010,0.4874,-0.2095,-0.4401,10
2026-03-21T17:57:26.685677,1,0.0878,0.0878,0.0726,0.3923,0.7665,0.4065,-0.6498,9
2026-03-21T17:57:26.685677,2,0.3235,0.1596,0.3235,0.3263,0.5859,0.4547,-0.3695,30
2026-03-21T17:57:26.755622,0,0.0520,0.0520,0.0505,0.9930,0.4800,-0.2139,-0.4297,8
2026-03-21T17:57:26.755622,1,0.4086,0.2031,0.4086,0.3762,0.6193,0.4430,-0.4328,37
2026-03-21T17:57:26.824996,0,0.0520,0.0354,0.0520,0.9890,0.4844,-0.2197,-0.4318,7
2026-03-21T17:57:26.824996,1,0.0855,0.0612,0.0855,0.3685,0.7763,0.4169,-0.6548,8
2026-03-21T17:57:26.824996,2,0.3061,0.1450,0.3061,0.3301,0.5858,0.4482,-0.3772,28
2026-03-21T17:57:26.895546,0,0.0469,0.0218,0.0469,0.9920,0.4889,-0.2293,-0.4317,5
2026-03-21T17:57:26.895546,1,0.0654,0.0654,0.0617,0.3575,0.7798,0.4248,-0.6540,7
2026-03-21T17:57:26.895546,2,0.3072,0.2088,0.3072,0.3353,0.5874,0.4575,-0.3684,30
2026-03-21T17:57:26.964226,0,0.1513,0.0733,0.1513,0.3342,0.5639,0.4521,-0.3370,12
2026-03-21T17:57:26.964226,1,0.0619,0.0619,0.0085,0.2403,0.6191,0.5443,-0.2951,4
2026-03-21T17:57:27.033991,0,0.1178,0.0171,0.1178,0.0849,0.9062,0.6729,-0.6069,7
2026-03-21T17:57:27.033991,1,0.0890,0.0890,0.0517,0.1618,0.7129,0.6249,-0.3431,5
2026-03-21T17:57:27.104487,0,0.1575,0.0140,0.1575,0.0849,0.8935,0.6735,-0.5872,9
2026-03-21T17:57:27.104487,1,0.0673,0.0451,0.0673,0.1898,0.6699,0.5770,-0.3402,6
2026-03-21T17:57:27.172919,0,0.0866,0.0827,0.0866,0.2858,0.5986,0.4989,-0.3308,8
2026-03-21T17:57:27.242688,0,0.2218,0.0649,0.2218,0.3234,0.5873,0.4601,-0.3650,17
2026-03-21T17:57:27.312968,0,0.2655,0.0932,0.2655,0.3218,0.5854,0.4547,-0.3686,22
2026-03-21T17:57:27.381876,0,0.2517,0.0708,0.2517,0.3209,0.5790,0.4500,-0.3643,20
2026-03-21T17:57:27.451819,0,0.2410,0.0864,0.2410,0.3203,0.5758,0.4540,-0.3542,20
2026-03-21T17:57:27.521476,0,0.2488,0.0738,0.2488,0.3218,0.5726,0.4512,-0.3525,20
2026-03-21T17:57:27.590756,0,0.2113,0.0651,0.2113,0.3201,0.5528,0.4451,-0.3278,19
2026-03-21T17:57:27.661044,0,0.2579,0.0590,0.2579,0.3228,0.5493,0.4440,-0.3235,22
2026-03-21T17:57:27.730237,0,0.3776,0.0672,0.3776,0.3298,0.5662,0.4484,-0.3457,28
2026-03-21T17:57:27.800131,0,0.4059,0.0479,0.4059,0.3211,0.5703,0.4508,-0.3492,30
2026-03-21T17:57:27.869925,0,0.3818,0.0393,0.3818,0.3145,0.5658,0.4600,-0.3293,30
2026-03-21T17:57:27.938824,0,0.3719,0.0495,0.3719,0.2800,0.5705,0.4839,-0.3021,31
2026-03-21T17:57:28.008748,0,0.3855,0.0483,0.3855,0.2591,0.5809,0.5057,-0.2858,32
2026-03-21T17:57:28.078808,0,0.3736,0.0478,0.3736,0.2516,0.5816,0.5187,-0.2632,31
2026-03-21T17:57:28.148246,0,0.3968,0.0683,0.3968,0.2342,0.5956,0.5422,-0.2466,32
2026-03-21T17:57:28.219127,0,0.3874,0.0699,0.3874,0.2324,0.5889,0.5442,-0.2250,32
2026-03-21T17:57:28.287619,0,0.3819,0.0686,0.3819,0.2554,0.5597,0.5242,-0.1961,34
2026-03-21T17:57:28.357863,0,0.3989,0.1611,0.3989,0.3072,0.5328,0.5040,-0.1727,34
2026-03-21T17:57:28.428178,0,0.1119,0.0459,0.1119,0.1765,0.7004,0.5998,-0.3618,7
2026-03-21T17:57:28.428178,1,0.2558,0.1234,0.2558,0.3328,0.4733,0.4586,-0.1170,26
2026-03-21T17:57:28.497378,0,0.1293,0.0570,0.1293,0.1586,0.7019,0.6163,-0.3359,8
2026-03-21T17:57:28.497378,1,0.2278,0.1397,0.2278,0.3341,0.4713,0.4597,-0.1037,23
2026-03-21T17:57:28.567646,0,0.1183,0.0380,0.1183,0.1532,0.7071,0.6210,-0.3382,8
2026-03-21T17:57:28.567646,1,0.2457,0.1715,0.2457,0.3346,0.4925,0.4781,-0.1181,23
2026-03-21T17:57:28.636176,0,0.1235,0.0344,0.1235,0.1521,0.7026,0.6199,-0.3307,9
2026-03-21T17:57:28.636176,1,0.2306,0.1668,0.2306,0.3356,0.4885,0.4754,-0.1122,22
2026-03-21T17:57:28.706393,0,0.1370,0.0613,0.1370,0.1483,0.7203,0.6263,-0.3558,8
2026-03-21T17:57:28.706393,1,0.2387,0.1491,0.2387,0.3286,0.4859,0.4719,-0.1159,23
2026-03-21T17:57:28.776336,0,0.1229,0.0244,0.1229,0.1360,0.7189,0.6284,-0.3492,9
2026-03-21T17:57:28.776336,1,0.2369,0.1664,0.2369,0.3388,0.4831,0.4711,-0.1070,23
2026-03-21T17:57:28.845232,0,0.1170,0.0290,0.1170,0.1420,0.7201,0.6263,-0.3553,8
2026-03-21T17:57:28.845232,1,0.2580,0.1665,0.2580,0.3306,0.4903,0.4749,-0.1221,24
2026-03-21T17:57:28.915033,0,0.1454,0.0474,0.1454,0.1420,0.7265,0.6285,-0.3643,9
2026-03-21T17:57:28.915033,1,0.2548,0.1682,0.2548,0.3395,0.4900,0.4746,-0.1220,24
2026-03-21T17:57:28.985500,0,0.1286,0.0339,0.1286,0.1459,0.7174,0.6270,-0.3486,9
2026-03-21T17:57:28.985500,1,0.2438,0.1626,0.2438,0.3311,0.4881,0.4739,-0.1168,23
2026-03-21T17:57:29.054528,0,0.2082,0.0418,0.2082,0.1238,0.7139,0.6442,-0.3078,16
2026-03-21T17:57:29.054528,1,0.0592,0.0579,0.0592,0.3311,0.4396,0.4382,-0.0349,8
2026-03-21T17:57:29.123565,0,0.2144,0.0380,0.2144,0.1191,0.7134,0.6512,-0.2914,17
2026-03-21T17:57:29.193737,0,0.1662,0.0291,0.1662,0.1111,0.7211,0.6531,-0.3056,13
2026-03-21T17:57:29.263063,0,0.2091,0.0316,0.2091,0.1098,0.7095,0.6561,-0.2701,14
2026-03-21T17:57:29.333840,0,0.1919,0.0321,0.1919,0.1123,0.7045,0.6558,-0.2573,14
2026-03-21T17:57:29.403131,0,0.1777,0.0271,0.1777,0.1071,0.7037,0.6548,-0.2579,14
2026-03-21T17:57:29.472421,0,0.1821,0.0315,0.1821,0.1106,0.7003,0.6578,-0.2403,15
2026-03-21T17:57:29.542945,0,0.1529,0.0231,0.1529,0.1043,0.6954,0.6573,-0.2270,13
2026-03-21T17:57:29.611263,0,0.1204,0.0191,0.1204,0.0996,0.6899,0.6597,-0.2021,11
2026-03-21T17:57:29.681016,0,0.0825,0.0094,0.0825,0.0942,0.6705,0.6592,-0.1223,8
2026-03-21T17:57:30.169675,0,0.3789,0.0275,0.3789,0.1133,0.6520,0.6483,-0.0697,33
2026-03-21T17:57:30.239122,0,0.4139,0.0600,0.4139,0.1419,0.6459,0.6454,-0.0275,33
2026-03-21T17:57:30.309178,0,0.4025,0.0843,0.4025,0.3285,0.4506,0.4506,-0.0048,47
2026-03-21T17:57:30.378442,0,0.3867,0.0240,0.3867,0.3412,0.4183,0.4182,-0.0048,50
2026-03-21T17:57:30.449253,0,0.3849,0.0196,0.3849,0.3458,0.4154,0.4154,0.0032,50
2026-03-21T17:57:30.517386,0,0.3827,0.0227,0.3827,0.3456,0.4145,0.4145,0.0033,50
2026-03-21T17:57:30.587964,0,0.3835,0.0177,0.3835,0.3425,0.4144,0.4144,0.0035,50
2026-03-21T17:57:30.658128,0,0.4085,0.0399,0.4085,0.3445,0.4167,0.4167,0.0075,51
2026-03-21T17:57:30.727112,0,0.3889,0.0206,0.3889,0.3403,0.4167,0.4166,0.0111,50
2026-03-21T17:57:30.796351,0,0.3860,0.0212,0.3860,0.3436,0.4167,0.4166,0.0109,50
2026-03-21T17:57:30.866754,0,0.3862,0.0240,0.3862,0.3418,0.4165,0.4163,0.0108,50
2026-03-21T17:57:30.936083,0,0.3867,0.0325,0.3867,0.3420,0.4167,0.4166,0.0110,50
2026-03-21T17:57:31.005686,0,0.4138,0.0370,0.4138,0.3410,0.4169,0.4166,0.0153,51
2026-03-21T17:57:31.076044,0,0.4070,0.0351,0.4070,0.3456,0.4173,0.4170,0.0152,51
2026-03-21T17:57:31.144939,0,0.4091,0.0472,0.4091,0.3420,0.4178,0.4176,0.0149,51
2026-03-21T17:57:31.215294,0,0.4075,0.0435,0.4075,0.3411,0.4172,0.4169,0.0149,51
2026-03-21T17:57:31.284673,0,0.4085,0.0425,0.4085,0.3410,0.4189,0.4186,0.0154,51
2026-03-21T17:57:31.353702,0,0.4126,0.0374,0.4126,0.3368,0.4188,0.4186,0.0152,51
2026-03-21T17:57:31.424303,0,0.4168,0.0414,0.4168,0.3410,0.4189,0.4186,0.0154,51
2026-03-21T17:57:31.494135,0,0.4155,0.0442,0.4155,0.3402,0.4190,0.4188,0.0154,51
2026-03-21T17:57:31.563274,0,0.4129,0.0366,0.4129,0.3415,0.4196,0.4193,0.0153,51
2026-03-21T17:57:31.633477,0,0.4132,0.0374,0.4132,0.3378,0.4201,0.4198,0.0156,51
2026-03-21T17:57:31.702862,0,0.3854,0.0180,0.3854,0.3368,0.4183,0.4181,0.0111,50
2026-03-21T17:57:31.772248,0,0.4152,0.0450,0.4152,0.3401,0.4192,0.4189,0.0156,51
2026-03-21T17:57:31.842467,0,0.4166,0.0457,0.4166,0.3427,0.4189,0.4186,0.0158,51
2026-03-21T17:57:31.912064,0,0.4175,0.0422,0.4175,0.3382,0.4192,0.4189,0.0156,51
2026-03-21T17:57:31.981927,0,0.4094,0.0347,0.4094,0.3396,0.4193,0.4190,0.0157,51
2026-03-21T17:57:32.051247,0,0.4173,0.0390,0.4173,0.3377,0.4196,0.4193,0.0156,51
2026-03-21T17:57:32.120870,0,0.3847,0.0255,0.3847,0.3397,0.4189,0.4187,0.0114,50
2026-03-21T17:57:32.190281,0,0.4171,0.0382,0.4171,0.3387,0.4204,0.4201,0.0154,51
2026-03-21T17:57:32.259894,0,0.3860,0.0247,0.3860,0.3380,0.4190,0.4189,0.0111,50
2026-03-21T17:57:32.329159,0,0.4164,0.0454,0.4164,0.3396,0.4192,0.4189,0.0156,51
2026-03-21T17:57:32.400190,0,0.4186,0.0446,0.4186,0.3406,0.4197,0.4194,0.0155,51
2026-03-21T17:57:32.468636,0,0.4143,0.0367,0.4143,0.3381,0.4195,0.4192,0.0155,51
2026-03-21T17:57:32.539101,0,0.3844,0.0266,0.3844,0.3426,0.4184,0.4182,0.0113,50
2026-03-21T17:57:32.608920,0,0.3890,0.0260,0.3890,0.3374,0.4194,0.4192,0.0111,50
2026-03-21T17:57:32.679212,0,0.4135,0.0329,0.4135,0.3388,0.4201,0.4198,0.0150,51
2026-03-21T17:57:32.747512,0,0.4140,0.0392,0.4140,0.3406,0.4187,0.4184,0.0154,51
2026-03-21T17:57:32.817847,0,0.4154,0.0446,0.4154,0.3416,0.4198,0.4195,0.0157,51
2026-03-21T17:57:32.887837,0,0.4106,0.0399,0.4106,0.3386,0.4187,0.4184,0.0157,51
2026-03-21T17:57:32.957323,0,0.4142,0.0445,0.4142,0.3370,0.4198,0.4195,0.0157,51
2026-03-21T17:57:33.026508,0,0.4139,0.0494,0.4139,0.3401,0.4181,0.4178,0.0160,51
2026-03-21T17:57:33.096879,0,0.4130,0.0389,0.4130,0.3376,0.4197,0.4194,0.0157,51
2026-03-21T17:57:33.165092,0,0.3866,0.0246,0.3866,0.3415,0.4181,0.4180,0.0112,50
2026-03-21T17:57:33.235072,0,0.4176,0.0466,0.4176,0.3408,0.4201,0.4198,0.0156,51
2026-03-21T17:57:33.306059,0,0.4138,0.0410,0.4138,0.3441,0.4193,0.4191,0.0153,51
2026-03-21T17:57:33.375046,0,0.4151,0.0374,0.4151,0.3388,0.4196,0.4193,0.0154,51
2026-03-21T17:57:33.445492,0,0.4129,0.0335,0.4129,0.3393,0.4196,0.4193,0.0153,51
2026-03-21T17:57:33.514737,0,0.4149,0.0420,0.4149,0.3415,0.4195,0.4192,0.0154,51
2026-03-21T17:57:33.584001,0,0.4154,0.0414,0.4154,0.3392,0.4184,0.4181,0.0154,51
2026-03-21T17:57:33.654113,0,0.4156,0.0373,0.4156,0.3377,0.4193,0.4190,0.0155,51
2026-03-21T17:57:33.724289,0,0.4155,0.0387,0.4155,0.3401,0.4190,0.4187,0.0155,51
2026-03-21T17:57:33.792982,0,0.4186,0.0417,0.4186,0.3377,0.4199,0.4196,0.0156,51
2026-03-21T17:57:33.863169,0,0.4122,0.0451,0.4122,0.3438,0.4190,0.4187,0.0155,51
2026-03-21T17:57:33.932529,0,0.4173,0.0465,0.4173,0.3398,0.4188,0.4185,0.0157,51
2026-03-21T17:57:34.001996,0,0.4174,0.0447,0.4174,0.3416,0.4194,0.4191,0.0155,51
2026-03-21T17:57:34.072356,0,0.3883,0.0276,0.3883,0.3436,0.4190,0.4188,0.0114,50
2026-03-21T17:57:34.141180,0,0.3882,0.0265,0.3882,0.3397,0.4185,0.4183,0.0111,50
2026-03-21T17:57:34.210884,0,0.3870,0.0194,0.3870,0.3364,0.4188,0.4187,0.0112,50
2026-03-21T17:57:34.281048,0,0.4149,0.0421,0.4149,0.3408,0.4189,0.4186,0.0154,51
2026-03-21T17:57:34.350716,0,0.4126,0.0368,0.4126,0.3409,0.4194,0.4191,0.0155,51
2026-03-21T17:57:34.420417,0,0.4128,0.0421,0.4128,0.3425,0.4191,0.4188,0.0157,51
2026-03-21T17:57:34.490227,0,0.4153,0.0395,0.4153,0.3382,0.4196,0.4193,0.0155,51
2026-03-21T17:57:34.559774,0,0.4092,0.0399,0.4092,0.3422,0.4185,0.4182,0.0156,51
2026-03-21T17:57:34.629238,0,0.4149,0.0403,0.4149,0.3398,0.4187,0.4185,0.0154,51
2026-03-21T17:57:34.699269,0,0.4169,0.0475,0.4169,0.3399,0.4195,0.4192,0.0159,51
2026-03-21T17:57:34.769157,0,0.4110,0.0339,0.4110,0.3388,0.4195,0.4192,0.0155,51
2026-03-21T17:57:34.838872,0,0.3846,0.0200,0.3846,0.3406,0.4178,0.4177,0.0111,50
2026-03-21T17:57:34.908075,0,0.4161,0.0463,0.4161,0.3397,0.4197,0.4194,0.0160,51
2026-03-21T17:57:34.978199,0,0.3885,0.0316,0.3885,0.3430,0.4187,0.4185,0.0113,50
2026-03-21T17:57:35.048045,0,0.4168,0.0406,0.4168,0.3411,0.4190,0.4187,0.0154,51
2026-03-21T17:57:35.117038,0,0.4134,0.0424,0.4134,0.3411,0.4196,0.4193,0.0154,51
2026-03-21T17:57:35.187279,0,0.4113,0.0350,0.4113,0.3408,0.4192,0.4189,0.0152,51
2026-03-21T17:57:35.256146,0,0.3877,0.0267,0.3877,0.3399,0.4192,0.4191,0.0113,50
2026-03-21T17:57:35.326191,0,0.4162,0.0442,0.4162,0.3411,0.4183,0.4181,0.0156,51
2026-03-21T17:57:35.396521,0,0.4171,0.0442,0.4171,0.3403,0.4192,0.4190,0.0155,51
2026-03-21T17:57:35.465126,0,0.4149,0.0433,0.4149,0.3420,0.4192,0.4190,0.0155,51
2026-03-21T17:57:35.535993,0,0.4199,0.0447,0.4199,0.3390,0.4202,0.4199,0.0155,51
2026-03-21T17:57:35.604894,0,0.4122,0.0348,0.4122,0.3388,0.4192,0.4189,0.0157,51
2026-03-21T17:57:35.674881,0,0.4138,0.0403,0.4138,0.3381,0.4201,0.4198,0.0156,51
2026-03-21T17:57:35.744338,0,0.4154,0.0418,0.4154,0.3396,0.4201,0.4198,0.0157,51
2026-03-21T17:57:35.814219,0,0.4147,0.0394,0.4147,0.3408,0.4191,0.4188,0.0154,51
2026-03-21T17:57:35.883930,0,0.4136,0.0375,0.4136,0.3389,0.4192,0.4189,0.0155,51
2026-03-21T17:57:35.953940,0,0.4153,0.0429,0.4153,0.3416,0.4193,0.4190,0.0155,51
2026-03-21T17:57:36.023269,0,0.4160,0.0412,0.4160,0.3408,0.4199,0.4196,0.0153,51
2026-03-21T17:57:36.093270,0,0.4138,0.0420,0.4138,0.3398,0.4193,0.4190,0.0156,51
2026-03-21T17:57:36.162829,0,0.4116,0.0475,0.4116,0.3435,0.4195,0.4192,0.0156,51
2026-03-21T17:57:36.231867,0,0.3872,0.0277,0.3872,0.3401,0.4186,0.4185,0.0113,50
2026-03-21T17:57:36.301683,0,0.4161,0.0404,0.4161,0.3391,0.4200,0.4197,0.0155,51
2026-03-21T17:57:36.371482,0,0.4148,0.0394,0.4148,0.3399,0.4201,0.4198,0.0154,51
2026-03-21T17:57:36.440730,0,0.4115,0.0408,0.4115,0.3439,0.4191,0.4188,0.0152,51
2026-03-21T17:57:36.511279,0,0.4153,0.0422,0.4153,0.3418,0.4194,0.4191,0.0156,51
2026-03-21T17:57:36.581029,0,0.4172,0.0434,0.4172,0.3376,0.4196,0.4193,0.0157,51
2026-03-21T17:57:36.650883,0,0.4125,0.0386,0.4125,0.3435,0.4192,0.4189,0.0152,51
2026-03-21T17:57:36.720726,0,0.4135,0.0407,0.4135,0.3430,0.4195,0.4192,0.0156,51
2026-03-21T17:57:36.789482,0,0.3856,0.0238,0.3856,0.3462,0.4180,0.4178,0.0114,50
2026-03-21T17:57:36.859573,0,0.4173,0.0471,0.4173,0.3395,0.4199,0.4196,0.0157,51
2026-03-21T17:57:36.929434,0,0.3881,0.0287,0.3881,0.3410,0.4191,0.4189,0.0114,50
2026-03-21T17:57:36.998425,0,0.4123,0.0350,0.4123,0.3381,0.4192,0.4189,0.0155,51
2026-03-21T17:57:37.068268,0,0.3872,0.0331,0.3872,0.3436,0.4188,0.4186,0.0111,50
2026-03-21T17:57:37.138092,0,0.4158,0.0419,0.4158,0.3397,0.4193,0.4191,0.0155,51
2026-03-21T17:57:37.208431,0,0.4136,0.0317,0.4136,0.3375,0.4197,0.4195,0.0153,51
2026-03-21T17:57:37.277512,0,0.4132,0.0374,0.4132,0.3379,0.4195,0.4192,0.0158,51
2026-03-21T17:57:37.347255,0,0.4158,0.0371,0.4158,0.3403,0.4191,0.4188,0.0154,51
2026-03-21T17:57:37.416545,0,0.4117,0.0357,0.4117,0.3406,0.4191,0.4188,0.0155,51
2026-03-21T17:57:37.486788,0,0.4159,0.0398,0.4159,0.3412,0.4192,0.4189,0.0154,51
2026-03-21T17:57:37.556298,0,0.4170,0.0457,0.4170,0.3427,0.4201,0.4199,0.0155,51
2026-03-21T17:57:37.626403,0,0.4133,0.0353,0.4133,0.3403,0.4191,0.4188,0.0153,51
2026-03-21T17:57:37.695707,0,0.4139,0.0438,0.4139,0.3407,0.4195,0.4192,0.0157,51
2026-03-21T17:57:37.765404,0,0.4147,0.0401,0.4147,0.3361,0.4195,0.4192,0.0158,51
2026-03-21T17:57:37.835474,0,0.4131,0.0440,0.4131,0.3410,0.4185,0.4182,0.0157,51
2026-03-21T17:57:37.903958,0,0.3854,0.0209,0.3854,0.3396,0.4179,0.4177,0.0112,50
2026-03-21T17:57:37.974731,0,0.4167,0.0375,0.4167,0.3389,0.4186,0.4183,0.0152,51
2026-03-21T17:57:38.044459,0,0.4154,0.0417,0.4154,0.3395,0.4189,0.4187,0.0157,51
2026-03-21T17:57:38.114061,0,0.4167,0.0437,0.4167,0.3389,0.4200,0.4197,0.0158,51
2026-03-21T17:57:38.184318,0,0.4130,0.0383,0.4130,0.3415,0.4197,0.4194,0.0153,51
2026-03-21T17:57:38.253446,0,0.4169,0.0381,0.4169,0.3368,0.4205,0.4202,0.0156,51
2026-03-21T17:57:38.322751,0,0.3838,0.0184,0.3838,0.3405,0.4177,0.4176,0.0112,50
2026-03-21T17:57:38.393091,0,0.4153,0.0400,0.4153,0.3387,0.4200,0.4197,0.0157,51
2026-03-21T17:57:38.461802,0,0.4149,0.0409,0.4149,0.3396,0.4186,0.4184,0.0154,51
2026-03-21T17:57:38.532017,0,0.4143,0.0437,0.4143,0.3397,0.4186,0.4183,0.0157,51
2026-03-21T17:57:38.601586,0,0.4091,0.0267,0.4091,0.3361,0.4192,0.4189,0.0156,51
2026-03-21T17:57:38.671070,0,0.4187,0.0454,0.4187,0.3405,0.4186,0.4183,0.0156,51
2026-03-21T17:57:38.741061,0,0.4146,0.0443,0.4146,0.3421,0.4198,0.4195,0.0157,51
2026-03-21T17:57:38.811398,0,0.4183,0.0440,0.4183,0.3391,0.4204,0.4201,0.0155,51
2026-03-21T17:57:38.880264,0,0.4166,0.0428,0.4166,0.3406,0.4195,0.4192,0.0154,51
2026-03-21T17:57:38.950665,0,0.4134,0.0424,0.4134,0.3411,0.4190,0.4187,0.0155,51
2026-03-21T17:57:39.019384,0,0.4119,0.0401,0.4119,0.3432,0.4181,0.4178,0.0156,51
2026-03-21T17:57:39.089228,0,0.3864,0.0305,0.3864,0.3428,0.4179,0.4177,0.0112,50
2026-03-21T17:57:39.159592,0,0.4154,0.0411,0.4154,0.3389,0.4194,0.4191,0.0155,51
2026-03-21T17:57:39.229093,0,0.4116,0.0319,0.4116,0.3386,0.4196,0.4193,0.0156,51
2026-03-21T17:57:39.299295,0,0.4156,0.0374,0.4156,0.3378,0.4201,0.4198,0.0154,51
2026-03-21T17:57:39.368636,0,0.3866,0.0228,0.3866,0.3388,0.4183,0.4181,0.0113,50
2026-03-21T17:57:39.438124,0,0.3862,0.0228,0.3862,0.3397,0.4173,0.4171,0.0112,50
2026-03-21T17:57:39.506918,0,0.3876,0.0191,0.3876,0.3388,0.4178,0.4177,0.0115,50
2026-03-21T17:57:39.577087,0,0.4156,0.0432,0.4156,0.3383,0.4197,0.4194,0.0157,51
2026-03-21T17:57:39.647300,0,0.3871,0.0332,0.3871,0.3418,0.4183,0.4182,0.0113,50
2026-03-21T17:57:39.717270,0,0.4124,0.0325,0.4124,0.3392,0.4194,0.4191,0.0154,51
2026-03-21T17:57:39.785911,0,0.4102,0.0377,0.4102,0.3426,0.4190,0.4187,0.0157,51
2026-03-21T17:57:39.856376,0,0.3885,0.0293,0.3885,0.3397,0.4181,0.4179,0.0112,50
2026-03-21T17:57:39.926009,0,0.4140,0.0402,0.4140,0.3407,0.4187,0.4184,0.0154,51
2026-03-21T17:57:39.994880,0,0.4149,0.0378,0.4149,0.3418,0.4196,0.4194,0.0154,51
2026-03-21T17:57:40.065545,0,0.4080,0.0331,0.4080,0.3407,0.4192,0.4189,0.0155,51
2026-03-21T17:57:40.135174,0,0.4130,0.0508,0.4130,0.3486,0.4188,0.4185,0.0158,51
2026-03-21T17:57:40.204501,0,0.3832,0.0281,0.3832,0.3478,0.4185,0.4183,0.0112,50
2026-03-21T17:57:40.274586,0,0.3872,0.0204,0.3872,0.3401,0.4187,0.4186,0.0112,50
2026-03-21T17:57:40.343813,0,0.4122,0.0391,0.4122,0.3431,0.4183,0.4180,0.0157,51
2026-03-21T17:57:40.413398,0,0.3857,0.0236,0.3857,0.3396,0.4186,0.4185,0.0111,50
2026-03-21T17:57:40.483477,0,0.4153,0.0407,0.4153,0.3448,0.4194,0.4191,0.0153,51
2026-03-21T17:57:40.552990,0,0.4145,0.0430,0.4145,0.3417,0.4188,0.4185,0.0156,51
2026-03-21T17:57:40.623342,0,0.4153,0.0424,0.4153,0.3411,0.4191,0.4189,0.0155,51
2026-03-21T17:57:40.692670,0,0.3888,0.0247,0.3888,0.3416,0.4180,0.4178,0.0114,50
2026-03-21T17:57:40.762273,0,0.3848,0.0154,0.3848,0.3396,0.4182,0.4180,0.0114,50
2026-03-21T17:57:40.832367,0,0.4199,0.0445,0.4199,0.3396,0.4195,0.4192,0.0157,51
2026-03-21T17:57:40.901426,0,0.4172,0.0448,0.4172,0.3390,0.4199,0.4196,0.0159,51
2026-03-21T17:57:40.971577,0,0.4168,0.0412,0.4168,0.3408,0.4193,0.4191,0.0155,51
2026-03-21T17:57:41.041564,0,0.4157,0.0399,0.4157,0.3386,0.4193,0.4190,0.0157,51
2026-03-21T17:57:41.110140,0,0.4108,0.0373,0.4108,0.3396,0.4191,0.4188,0.0155,51
2026-03-21T17:57:41.180368,0,0.4109,0.0349,0.4109,0.3417,0.4196,0.4193,0.0154,51
2026-03-21T17:57:41.250381,0,0.4087,0.0350,0.4087,0.3436,0.4191,0.4188,0.0152,51
2026-03-21T17:57:41.320193,0,0.4146,0.0345,0.4146,0.3376,0.4202,0.4199,0.0155,51
2026-03-21T17:57:41.389690,0,0.3867,0.0228,0.3867,0.3406,0.4192,0.4190,0.0115,50
2026-03-21T17:57:41.459342,0,0.3879,0.0236,0.3879,0.3396,0.4190,0.4189,0.0115,50
2026-03-21T17:57:41.527879,0,0.4184,0.0403,0.4184,0.3390,0.4200,0.4197,0.0156,51
2026-03-21T17:57:41.598454,0,0.4132,0.0386,0.4132,0.3391,0.4190,0.4188,0.0155,51
2026-03-21T17:57:41.667900,0,0.4108,0.0402,0.4108,0.3416,0.4185,0.4182,0.0159,51
2026-03-21T17:57:41.737596,0,0.3859,0.0239,0.3859,0.3435,0.4176,0.4175,0.0112,50
2026-03-21T17:57:41.807704,0,0.4108,0.0324,0.4108,0.3391,0.4193,0.4190,0.0156,51
2026-03-21T17:57:41.875919,0,0.4149,0.0401,0.4149,0.3397,0.4192,0.4189,0.0156,51
2026-03-21T17:57:41.946930,0,0.4154,0.0430,0.4154,0.3408,0.4197,0.4194,0.0154,51
2026-03-21T17:57:42.015897,0,0.4138,0.0414,0.4138,0.3392,0.4192,0.4189,0.0156,51
2026-03-21T17:57:42.086476,0,0.3836,0.0230,0.3836,0.3418,0.4182,0.4180,0.0112,50
2026-03-21T17:57:42.155676,0,0.3892,0.0357,0.3892,0.3444,0.4185,0.4184,0.0111,50
2026-03-21T17:57:42.225519,0,0.4119,0.0380,0.4119,0.3411,0.4192,0.4189,0.0155,51
2026-03-21T17:57:42.294775,0,0.3850,0.0215,0.3850,0.3403,0.4195,0.4194,0.0111,50
2026-03-21T17:57:42.364952,0,0.4141,0.0455,0.4141,0.3388,0.4197,0.4195,0.0157,51
2026-03-21T17:57:42.434292,0,0.4123,0.0373,0.4123,0.3396,0.4192,0.4189,0.0155,51
2026-03-21T17:57:42.504508,0,0.4171,0.0455,0.4171,0.3407,0.4191,0.4188,0.0154,51
2026-03-21T17:57:42.574251,0,0.4117,0.0347,0.4117,0.3396,0.4195,0.4192,0.0156,51
2026-03-21T17:57:42.643010,0,0.3878,0.0293,0.3878,0.3434,0.4186,0.4184,0.0112,50
2026-03-21T17:57:42.713725,0,0.3872,0.0330,0.3872,0.3453,0.4185,0.4184,0.0114,50
2026-03-21T17:57:42.782511,0,0.4151,0.0358,0.4151,0.3372,0.4192,0.4189,0.0153,51
2026-03-21T17:57:42.852368,0,0.4132,0.0389,0.4132,0.3403,0.4189,0.4186,0.0156,51
2026-03-21T17:57:42.922178,0,0.4169,0.0393,0.4169,0.3371,0.4206,0.4203,0.0156,51
2026-03-21T17:57:42.992382,0,0.3866,0.0241,0.3866,0.3411,0.4180,0.4178,0.0113,50
2026-03-21T17:57:43.061644,0,0.3884,0.0263,0.3884,0.3441,0.4175,0.4173,0.0115,50
2026-03-21T17:57:43.131781,0,0.4152,0.0373,0.4152,0.3378,0.4201,0.4198,0.0156,51
2026-03-21T17:57:43.200708,0,0.4155,0.0392,0.4155,0.3406,0.4194,0.4191,0.0155,51
2026-03-21T17:57:43.271024,0,0.4128,0.0412,0.4128,0.3417,0.4196,0.4193,0.0155,51
2026-03-21T17:57:43.340556,0,0.4168,0.0434,0.4168,0.3376,0.4195,0.4192,0.0156,51
2026-03-21T17:57:43.410061,0,0.4141,0.0428,0.4141,0.3415,0.4197,0.4194,0.0157,51
2026-03-21T17:57:43.480350,0,0.4154,0.0457,0.4154,0.3426,0.4184,0.4181,0.0159,51
2026-03-21T17:57:43.548665,0,0.4117,0.0367,0.4117,0.3416,0.4191,0.4188,0.0154,51
2026-03-21T17:57:43.619559,0,0.3863,0.0287,0.3863,0.3401,0.4192,0.4190,0.0112,50
2026-03-21T17:57:43.688789,0,0.3838,0.0273,0.3838,0.3415,0.4184,0.4182,0.0113,50
2026-03-21T17:57:43.758033,0,0.3884,0.0291,0.3884,0.3387,0.4183,0.4182,0.0112,50
2026-03-21T17:57:43.828631,0,0.3852,0.0279,0.3852,0.3420,0.4185,0.4183,0.0113,50
2026-03-21T17:57:43.898043,0,0.4156,0.0420,0.4156,0.3372,0.4200,0.4197,0.0157,51
2026-03-21T17:57:43.967653,0,0.3859,0.0194,0.3859,0.3391,0.4185,0.4183,0.0114,50
2026-03-21T17:57:44.037188,0,0.3881,0.0285,0.3881,0.3408,0.4197,0.4195,0.0114,50
2026-03-21T17:57:44.106792,0,0.4135,0.0394,0.4135,0.3417,0.4192,0.4190,0.0154,51
2026-03-21T17:57:44.176135,0,0.3855,0.0256,0.3855,0.3388,0.4186,0.4185,0.0111,50
2026-03-21T17:57:44.246329,0,0.4126,0.0423,0.4126,0.3410,0.4186,0.4183,0.0155,51
2026-03-21T17:57:44.315168,0,0.4108,0.0313,0.4108,0.3389,0.4194,0.4191,0.0154,51
2026-03-21T17:57:44.386183,0,0.4098,0.0303,0.4098,0.3406,0.4188,0.4185,0.0152,51
2026-03-21T17:57:44.455448,0,0.4148,0.0476,0.4148,0.3481,0.4191,0.4188,0.0153,51
2026-03-21T17:57:44.525476,0,0.4162,0.0418,0.4162,0.3396,0.4190,0.4187,0.0154,51
2026-03-21T17:57:44.595075,0,0.3884,0.0268,0.3884,0.3446,0.4197,0.4195,0.0114,50
2026-03-21T17:57:44.664357,0,0.4116,0.0385,0.4116,0.3398,0.4189,0.4187,0.0155,51
2026-03-21T17:57:44.734641,0,0.3878,0.0254,0.3878,0.3395,0.4195,0.4193,0.0113,50
2026-03-21T17:57:44.803649,0,0.4163,0.0419,0.4163,0.3379,0.4194,0.4191,0.0155,51
2026-03-21T17:57:44.873344,0,0.3850,0.0287,0.3850,0.3475,0.4180,0.4179,0.0114,50
2026-03-21T17:57:44.943277,0,0.4141,0.0457,0.4141,0.3444,0.4185,0.4182,0.0153,51
2026-03-21T17:57:45.012654,0,0.4156,0.0405,0.4156,0.3401,0.4194,0.4191,0.0155,51
2026-03-21T17:57:45.082098,0,0.4049,0.0266,0.4049,0.3398,0.4170,0.4167,0.0151,51
2026-03-21T17:57:45.152612,0,0.4052,0.0416,0.4052,0.3456,0.4148,0.4146,0.0147,51
2026-03-21T17:57:45.222033,0,0.4035,0.0399,0.4035,0.3448,0.4153,0.4151,0.0151,51
2026-03-21T17:57:45.291366,0,0.4070,0.0429,0.4070,0.3469,0.4149,0.4146,0.0150,51
2026-03-21T17:57:45.361725,0,0.4039,0.0356,0.4039,0.3469,0.4145,0.4142,0.0151,51
2026-03-21T17:57:45.430324,0,0.4054,0.0335,0.4054,0.3455,0.4139,0.4136,0.0154,51
2026-03-21T17:57:45.500943,0,0.3813,0.0203,0.3813,0.3446,0.4137,0.4136,0.0113,50
2026-03-21T17:57:45.570647,0,0.3810,0.0196,0.3810,0.3475,0.4116,0.4115,0.0113,50
2026-03-21T17:57:45.639662,0,0.4119,0.0487,0.4119,0.3456,0.4137,0.4134,0.0156,51
2026-03-21T17:57:45.709681,0,0.3830,0.0203,0.3830,0.3446,0.4125,0.4124,0.0113,50
2026-03-21T17:57:45.778904,0,0.3808,0.0252,0.3808,0.3485,0.4126,0.4125,0.0114,50
2026-03-21T17:57:45.849383,0,0.3855,0.0232,0.3855,0.3438,0.4126,0.4124,0.0111,50
2026-03-21T17:57:45.918482,0,0.4145,0.0508,0.4145,0.3450,0.4134,0.4131,0.0154,51
2026-03-21T17:57:45.988576,0,0.4091,0.0487,0.4091,0.3465,0.4137,0.4135,0.0154,51
2026-03-21T17:57:46.058637,0,0.4121,0.0517,0.4121,0.3460,0.4140,0.4137,0.0155,51
2026-03-21T17:57:46.127854,0,0.4058,0.0346,0.4058,0.3458,0.4126,0.4124,0.0153,51
2026-03-21T17:57:46.197379,0,0.4081,0.0418,0.4081,0.3486,0.4125,0.4123,0.0154,51
2026-03-21T17:57:46.267782,0,0.4046,0.0381,0.4046,0.3448,0.4126,0.4123,0.0154,51
2026-03-21T17:57:46.337401,0,0.4060,0.0407,0.4060,0.3448,0.4138,0.4136,0.0154,51
2026-03-21T17:57:46.407263,0,0.3805,0.0209,0.3805,0.3461,0.4130,0.4129,0.0114,50
2026-03-21T17:57:46.476894,0,0.3801,0.0165,0.3801,0.3435,0.4119,0.4118,0.0114,50
2026-03-21T17:57:46.545569,0,0.3809,0.0220,0.3809,0.3471,0.4120,0.4118,0.0112,50
2026-03-21T17:57:46.615985,0,0.3843,0.0212,0.3843,0.3446,0.4132,0.4131,0.0113,50
2026-03-21T17:57:46.685641,0,0.3851,0.0192,0.3851,0.3416,0.4154,0.4152,0.0115,50
2026-03-21T17:57:46.755334,0,0.3862,0.0242,0.3862,0.3411,0.4187,0.4185,0.0116,50
2026-03-21T17:57:46.824339,0,0.3853,0.0209,0.3853,0.3378,0.4193,0.4191,0.0114,50
2026-03-21T17:57:46.894858,0,0.3850,0.0181,0.3850,0.3378,0.4193,0.4191,0.0114,50
2026-03-21T17:57:46.962996,0,0.3867,0.0166,0.3867,0.3354,0.4204,0.4203,0.0115,50
2026-03-21T17:57:47.034093,0,0.3850,0.0230,0.3850,0.3436,0.4188,0.4186,0.0113,50
2026-03-21T17:57:47.103428,0,0.3892,0.0203,0.3892,0.3372,0.4200,0.4199,0.0115,50
2026-03-21T17:57:47.173694,0,0.3859,0.0160,0.3859,0.3366,0.4204,0.4202,0.0115,50
2026-03-21T17:57:47.243062,0,0.3856,0.0144,0.3856,0.3378,0.4199,0.4197,0.0114,50
2026-03-21T17:57:47.312436,0,0.3896,0.0169,0.3896,0.3386,0.4204,0.4202,0.0117,50
2026-03-21T17:57:47.382792,0,0.3905,0.0241,0.3905,0.3401,0.4191,0.4190,0.0113,50
2026-03-21T17:57:47.452508,0,0.3880,0.0247,0.3880,0.3425,0.4199,0.4198,0.0112,50
2026-03-21T17:57:47.521657,0,0.3859,0.0185,0.3859,0.3381,0.4206,0.4204,0.0114,50
2026-03-21T17:57:47.591650,0,0.3869,0.0185,0.3869,0.3407,0.4190,0.4189,0.0115,50
2026-03-21T17:57:47.661404,0,0.3874,0.0182,0.3874,0.3391,0.4208,0.4206,0.0115,50
2026-03-21T17:57:47.730870,0,0.3863,0.0190,0.3863,0.3425,0.4191,0.4190,0.0114,50
2026-03-21T17:57:47.800563,0,0.3846,0.0195,0.3846,0.3401,0.4193,0.4191,0.0113,50
2026-03-21T17:57:47.869482,0,0.3845,0.0129,0.3845,0.3373,0.4192,0.4190,0.0114,50
2026-03-21T17:57:47.940373,0,0.3891,0.0176,0.3891,0.3388,0.4192,0.4191,0.0114,50
2026-03-21T17:57:48.009630,0,0.3860,0.0209,0.3860,0.3430,0.4192,0.4190,0.0111,50
2026-03-21T17:57:48.079592,0,0.3855,0.0222,0.3855,0.3423,0.4198,0.4197,0.0113,50
2026-03-21T17:57:48.148549,0,0.3846,0.0139,0.3846,0.3361,0.4205,0.4204,0.0115,50
2026-03-21T17:57:48.218837,0,0.3875,0.0143,0.3875,0.3378,0.4197,0.4195,0.0116,50
2026-03-21T17:57:48.287224,0,0.3856,0.0183,0.3856,0.3389,0.4201,0.4200,0.0114,50
2026-03-21T17:57:48.358087,0,0.3879,0.0221,0.3879,0.3390,0.4197,0.4195,0.0113,50
2026-03-21T17:57:48.427585,0,0.3874,0.0215,0.3874,0.3375,0.4206,0.4204,0.0111,50
2026-03-21T17:57:48.498150,0,0.3914,0.0239,0.3914,0.3408,0.4189,0.4188,0.0113,50
2026-03-21T17:57:48.566350,0,0.3868,0.0172,0.3868,0.3377,0.4200,0.4198,0.0114,50
2026-03-21T17:57:48.636243,0,0.3884,0.0243,0.3884,0.3421,0.4196,0.4195,0.0114,50
2026-03-21T17:57:48.706326,0,0.3880,0.0169,0.3880,0.3386,0.4190,0.4188,0.0114,50
2026-03-21T17:57:48.775706,0,0.3872,0.0231,0.3872,0.3390,0.4194,0.4192,0.0115,50
2026-03-21T17:57:48.845293,0,0.3902,0.0205,0.3902,0.3384,0.4195,0.4194,0.0115,50
2026-03-21T17:57:48.915383,0,0.3877,0.0204,0.3877,0.3412,0.4198,0.4196,0.0113,50
2026-03-21T17:57:48.985210,0,0.3860,0.0168,0.3860,0.3371,0.4193,0.4191,0.0114,50
2026-03-21T17:57:49.053688,0,0.3878,0.0152,0.3878,0.3386,0.4201,0.4199,0.0116,50
2026-03-21T17:57:49.125042,0,0.3862,0.0162,0.3862,0.3401,0.4190,0.4189,0.0116,50
2026-03-21T17:57:49.193221,0,0.3866,0.0178,0.3866,0.3399,0.4196,0.4194,0.0114,50
2026-03-21T17:57:49.262998,0,0.3899,0.0246,0.3899,0.3369,0.4203,0.4201,0.0114,50
2026-03-21T17:57:49.333471,0,0.3839,0.0163,0.3839,0.3392,0.4199,0.4198,0.0114,50
2026-03-21T17:57:49.403032,0,0.3907,0.0171,0.3907,0.3377,0.4203,0.4201,0.0117,50
2026-03-21T17:57:49.472092,0,0.3881,0.0201,0.3881,0.3397,0.4206,0.4205,0.0112,50
2026-03-21T17:57:49.542740,0,0.3840,0.0169,0.3840,0.3407,0.4195,0.4193,0.0116,50
2026-03-21T17:57:49.612592,0,0.3904,0.0219,0.3904,0.3361,0.4203,0.4201,0.0114,50
2026-03-21T17:57:49.682586,0,0.3876,0.0215,0.3876,0.3408,0.4188,0.4187,0.0115,50
2026-03-21T17:57:49.751508,0,0.3821,0.0162,0.3821,0.3395,0.4184,0.4182,0.0117,50
2026-03-21T17:57:49.820742,0,0.3836,0.0213,0.3836,0.3397,0.4196,0.4195,0.0114,50
2026-03-21T17:57:49.890962,0,0.3850,0.0190,0.3850,0.3406,0.4194,0.4192,0.0114,50
2026-03-21T17:57:49.960122,0,0.3850,0.0153,0.3850,0.3380,0.4197,0.4196,0.0114,50
2026-03-21T17:57:50.030715,0,0.3929,0.0337,0.3929,0.3401,0.4190,0.4190,-0.0044,50
2026-03-21T17:57:50.099345,0,0.3866,0.0256,0.3866,0.3411,0.4213,0.4201,-0.0317,49
2026-03-21T17:57:50.169614,0,0.4188,0.0562,0.4188,0.3390,0.4328,0.4244,-0.0849,48
2026-03-21T17:57:50.239231,0,0.3888,0.0801,0.3888,0.3269,0.4588,0.4353,-0.1449,44
2026-03-21T17:57:50.308804,0,0.3769,0.0905,0.3769,0.3100,0.5253,0.4695,-0.2356,39
2026-03-21T17:57:50.378352,0,0.3799,0.2280,0.3799,0.3091,0.6009,0.5204,-0.3004,39
2026-03-21T17:57:50.448862,0,0.3868,0.2250,0.3868,0.3118,0.6524,0.5339,-0.3751,37
2026-03-21T17:57:50.517515,0,0.3907,0.2176,0.3907,0.3054,0.7143,0.5502,-0.4554,34
2026-03-21T17:57:50.588267,0,0.2189,0.1645,0.2189,0.3078,0.7703,0.5094,-0.5778,20
2026-03-21T17:57:50.588267,1,0.1306,0.0389,0.1306,0.1169,0.7527,0.6512,-0.3774,9
2026-03-21T17:57:50.658204,0,0.2001,0.1557,0.2001,0.3040,0.8058,0.5116,-0.6225,18
2026-03-21T17:57:50.658204,1,0.0924,0.0239,0.0924,0.1067,0.7743,0.6527,-0.4166,6
2026-03-21T17:57:50.727212,0,0.1512,0.1451,0.1512,0.3035,0.8324,0.5122,-0.6562,15
2026-03-21T17:57:50.797442,0,0.1873,0.1582,0.1873,0.3071,0.8370,0.5145,-0.6602,17
2026-03-21T17:57:50.797442,1,0.0796,0.0288,0.0796,0.1196,0.7932,0.6414,-0.4666,5
2026-03-21T17:57:50.866495,0,0.2106,0.1536,0.2106,0.3070,0.8283,0.5143,-0.6493,18
2026-03-21T17:57:50.866495,1,0.0745,0.0111,0.0745,0.1082,0.7870,0.6444,-0.4517,5
2026-03-21T17:57:50.936951,0,0.2024,0.1458,0.2024,0.3040,0.8371,0.5143,-0.6604,17
2026-03-21T17:57:50.936951,1,0.0776,0.0254,0.0776,0.1029,0.7868,0.6559,-0.4346,6
2026-03-21T17:57:51.005947,0,0.1812,0.1701,0.1812,0.3061,0.8424,0.5179,-0.6643,17
2026-03-21T17:57:51.005947,1,0.0667,0.0109,0.0667,0.0937,0.7888,0.6613,-0.4299,5
2026-03-21T17:57:51.074921,0,0.1987,0.1908,0.1987,0.3055,0.8367,0.5200,-0.6555,18
2026-03-21T17:57:51.074921,1,0.0830,0.0198,0.0830,0.1025,0.7925,0.6605,-0.4379,6
2026-03-21T17:57:51.145701,0,0.2010,0.1781,0.2010,0.3046,0.8367,0.5199,-0.6556,18
2026-03-21T17:57:51.145701,1,0.0983,0.0212,0.0983,0.1025,0.7939,0.6578,-0.4446,7
2026-03-21T17:57:51.216223,0,0.1966,0.1519,0.1966,0.3051,0.8411,0.5169,-0.6635,17
2026-03-21T17:57:51.216223,1,0.1029,0.0262,0.1029,0.1033,0.7986,0.6577,-0.4530,6
2026-03-21T17:57:51.285075,0,0.1245,0.1245,0.1210,0.8740,0.2631,-0.0654,-0.2549,31
2026-03-21T17:57:51.285075,1,0.1973,0.1496,0.1973,0.3035,0.8400,0.5161,-0.6627,17
2026-03-21T17:57:51.285075,2,0.1035,0.0254,0.1035,0.1025,0.7964,0.6598,-0.4460,7
2026-03-21T17:57:51.355830,0,0.1468,0.1468,0.0942,0.8805,0.2421,-0.0568,-0.2354,34
2026-03-21T17:57:51.355830,1,0.2003,0.1903,0.2003,0.3050,0.8371,0.5203,-0.6558,18
2026-03-21T17:57:51.355830,2,0.0850,0.0169,0.0850,0.0966,0.7943,0.6621,-0.4389,6
2026-03-21T17:57:51.424382,0,0.1565,0.1565,0.1273,0.8835,0.2497,-0.0562,-0.2433,35
2026-03-21T17:57:51.424382,1,0.1876,0.1565,0.1876,0.3075,0.8408,0.5168,-0.6632,17
2026-03-21T17:57:51.424382,2,0.1051,0.0245,0.1051,0.1008,0.8008,0.6634,-0.4485,7
2026-03-21T17:57:51.494462,0,0.1549,0.1549,0.1150,0.8880,0.2542,-0.0596,-0.2471,34
2026-03-21T17:57:51.494462,1,0.1697,0.1656,0.1697,0.3066,0.8196,0.5154,-0.6372,17
2026-03-21T17:57:51.564425,0,0.0884,0.0740,0.0884,0.8236,0.2637,-0.0318,-0.2618,15
2026-03-21T17:57:51.564425,1,0.2802,0.1612,0.2802,0.3072,0.7169,0.5006,-0.5131,24
2026-03-21T17:57:51.633555,0,0.2605,0.0342,0.2605,0.3126,0.6741,0.4477,-0.5040,17
2026-03-21T17:57:51.703359,0,0.2817,0.0184,0.2817,0.3144,0.6788,0.4412,-0.5159,17
2026-03-21T17:57:51.772681,0,0.2527,0.0401,0.2527,0.3147,0.6672,0.4429,-0.4990,17
2026-03-21T17:57:51.841350,0,0.2275,0.0564,0.2275,0.3140,0.6612,0.4482,-0.4861,17
2026-03-21T17:57:51.911719,0,0.2587,0.0492,0.2587,0.3092,0.6724,0.4464,-0.5028,17
2026-03-21T17:57:51.981952,0,0.2391,0.0572,0.2391,0.3111,0.6630,0.4450,-0.4915,16
2026-03-21T17:57:52.050490,0,0.2536,0.0465,0.2536,0.3119,0.6712,0.4456,-0.5019,17
2026-03-21T17:57:52.050490,1,0.0578,0.0128,0.0578,0.1160,0.7174,0.6391,-0.3259,5
2026-03-21T17:57:52.121520,0,0.2826,0.0740,0.2826,0.3098,0.6781,0.4496,-0.5076,19
2026-03-21T17:57:52.121520,1,0.0719,0.0266,0.0719,0.1156,0.7223,0.6435,-0.3281,7
2026-03-21T17:57:52.191010,0,0.2806,0.0408,0.2806,0.3108,0.6814,0.4475,-0.5139,18
2026-03-21T17:57:52.191010,1,0.0593,0.0120,0.0593,0.0896,0.7618,0.6662,-0.3695,5
2026-03-21T17:57:52.260060,0,0.2727,0.1023,0.2727,0.3112,0.6968,0.4722,-0.5124,21
2026-03-21T17:57:52.329807,0,0.1879,0.1584,0.1879,0.3090,0.7419,0.5056,-0.5429,19
2026-03-21T17:57:52.399684,0,0.1758,0.1758,0.1457,0.3095,0.7652,0.5024,-0.5771,17
2026-03-21T17:57:52.469152,0,0.1979,0.1450,0.1979,0.3075,0.7269,0.4953,-0.5320,19
2026-03-21T17:57:52.539620,0,0.2157,0.1990,0.2157,0.3111,0.6938,0.4947,-0.4864,22
2026-03-21T17:57:52.608271,0,0.1874,0.1828,0.1874,0.3106,0.6894,0.4925,-0.4825,20
2026-03-21T17:57:52.677946,0,0.1723,0.1536,0.1723,0.3109,0.6861,0.4937,-0.4765,19
2026-03-21T17:57:52.747211,0,0.2089,0.2089,0.1680,0.3118,0.6961,0.5103,-0.4734,21
2026-03-21T17:57:52.817455,0,0.1900,0.1900,0.1810,0.3130,0.6917,0.4990,-0.4790,19
2026-03-21T17:57:52.887906,0,0.1991,0.1900,0.1991,0.3106,0.6930,0.4955,-0.4845,20
2026-03-21T17:57:52.956582,0,0.2024,0.1838,0.2024,0.3094,0.6942,0.4962,-0.4856,20
2026-03-21T17:57:53.026996,0,0.2007,0.1881,0.2007,0.3112,0.6931,0.4954,-0.4847,20
2026-03-21T17:57:53.096400,0,0.2026,0.1892,0.2026,0.3114,0.6940,0.4961,-0.4853,20
2026-03-21T17:57:53.166554,0,0.1961,0.1321,0.1961,0.3097,0.6905,0.4879,-0.4886,19
2026-03-21T17:57:53.235679,0,0.2018,0.1890,0.2018,0.3112,0.6939,0.4960,-0.4852,20
2026-03-21T17:57:53.305332,0,0.1972,0.1927,0.1972,0.3141,0.6934,0.4957,-0.4849,20
2026-03-21T17:57:53.375835,0,0.1855,0.1426,0.1855,0.3113,0.6910,0.4884,-0.4888,19
2026-03-21T17:57:53.445127,0,0.2002,0.1935,0.2002,0.3132,0.6935,0.4959,-0.4848,20
2026-03-21T17:57:53.514164,0,0.1940,0.1940,0.1902,0.3146,0.6931,0.4956,-0.4845,20
2026-03-21T17:57:53.584735,0,0.2018,0.1846,0.2018,0.3118,0.6936,0.4958,-0.4850,20
2026-03-21T17:57:53.653768,0,0.2042,0.1884,0.2042,0.3106,0.6939,0.4959,-0.4853,20
2026-03-21T17:57:53.723260,0,0.1927,0.1927,0.1796,0.3149,0.6897,0.4976,-0.4775,19
2026-03-21T17:57:53.793804,0,0.2045,0.1862,0.2045,0.3126,0.6931,0.4954,-0.4847,20
2026-03-21T17:57:53.863167,0,0.1983,0.1904,0.1983,0.3109,0.6933,0.4956,-0.4848,20
2026-03-21T17:57:53.932856,0,0.2010,0.1890,0.2010,0.3087,0.6953,0.4970,-0.4862,20
2026-03-21T17:57:54.002836,0,0.2039,0.1901,0.2039,0.3106,0.6936,0.4957,-0.4851,20
2026-03-21T17:57:54.071806,0,0.2004,0.1876,0.2004,0.3090,0.6943,0.4963,-0.4856,20
2026-03-21T17:57:54.141456,0,0.1899,0.1344,0.1899,0.3080,0.6892,0.4870,-0.4876,19
2026-03-21T17:57:54.211908,0,0.2213,0.1445,0.2213,0.3116,0.6872,0.4853,-0.4865,21
2026-03-21T17:57:54.280797,0,0.2089,0.1684,0.2089,0.3134,0.6901,0.4876,-0.4884,21
2026-03-21T17:57:54.350804,0,0.2469,0.1919,0.2469,0.3140,0.6992,0.4845,-0.5041,23
2026-03-21T17:57:54.421045,0,0.2055,0.1742,0.2055,0.3154,0.6966,0.4834,-0.5016,21
2026-03-21T17:57:54.490499,0,0.2048,0.1855,0.2048,0.3154,0.7020,0.4874,-0.5052,21
2026-03-21T17:57:54.559768,0,0.2207,0.1856,0.2207,0.3155,0.7080,0.4868,-0.5141,22
2026-03-21T17:57:54.630114,0,0.2233,0.1605,0.2233,0.3126,0.7101,0.4834,-0.5202,21
2026-03-21T17:57:54.699430,0,0.2180,0.1965,0.2180,0.3134,0.7153,0.4920,-0.5192,22
2026-03-21T17:57:54.769223,0,0.2239,0.2034,0.2239,0.3146,0.7146,0.4915,-0.5187,22
2026-03-21T17:57:54.838778,0,0.1906,0.1687,0.1906,0.3145,0.7082,0.4871,-0.5140,20
2026-03-21T17:57:54.908864,0,0.2191,0.2013,0.2191,0.3149,0.7157,0.4922,-0.5196,22
2026-03-21T17:57:54.978731,0,0.1979,0.1979,0.1734,0.3140,0.7086,0.4972,-0.5049,20
2026-03-21T17:57:55.047705,0,0.2178,0.1658,0.2178,0.3139,0.7117,0.4844,-0.5213,21
2026-03-21T17:57:55.117546,0,0.2207,0.2050,0.2207,0.3146,0.7147,0.4916,-0.5188,22
2026-03-21T17:57:55.187497,0,0.1975,0.1975,0.1965,0.3136,0.7110,0.4940,-0.5114,21
2026-03-21T17:57:55.256574,0,0.2200,0.2046,0.2200,0.3134,0.7147,0.4916,-0.5189,22
2026-03-21T17:57:55.326703,0,0.2191,0.2020,0.2191,0.3156,0.7139,0.4911,-0.5182,22
2026-03-21T17:57:55.395974,0,0.2024,0.2024,0.1988,0.3136,0.7105,0.4937,-0.5110,21
2026-03-21T17:57:55.465586,0,0.2490,0.2032,0.2490,0.3137,0.7187,0.4892,-0.5265,23
2026-03-21T17:57:55.535959,0,0.2167,0.1660,0.2167,0.3149,0.7107,0.4839,-0.5206,21
2026-03-21T17:57:55.605257,0,0.2032,0.2032,0.2001,0.3144,0.7109,0.4940,-0.5112,21
2026-03-21T17:57:55.675436,0,0.2190,0.2036,0.2190,0.3156,0.7139,0.4911,-0.5181,22
2026-03-21T17:57:55.744153,0,0.2219,0.1614,0.2219,0.3127,0.7114,0.4843,-0.5212,21
2026-03-21T17:57:55.813353,0,0.2035,0.2035,0.1951,0.3139,0.7096,0.4930,-0.5103,21
2026-03-21T17:57:55.884059,0,0.1281,0.1281,0.1198,0.8736,0.2071,-0.0420,-0.2028,26
2026-03-21T17:57:55.884059,1,0.2041,0.2041,0.1978,0.3154,0.7103,0.4936,-0.5108,21
2026-03-21T17:57:55.953824,0,0.1057,0.1057,0.0949,0.8655,0.2321,-0.0630,-0.2233,29
2026-03-21T17:57:55.953824,1,0.2186,0.2007,0.2186,0.3160,0.7144,0.4913,-0.5186,22
2026-03-21T17:57:56.023214,0,0.2252,0.2036,0.2252,0.3141,0.7160,0.4924,-0.5198,22
2026-03-21T17:57:56.093081,0,0.2187,0.1638,0.2187,0.3144,0.7116,0.4843,-0.5213,21
2026-03-21T17:57:56.162735,0,0.1989,0.1989,0.1955,0.3142,0.7107,0.4938,-0.5112,21
2026-03-21T17:57:56.232013,0,0.2155,0.1996,0.2155,0.3149,0.7144,0.4914,-0.5185,22
2026-03-21T17:57:56.302006,0,0.2239,0.1965,0.2239,0.3126,0.7142,0.4912,-0.5185,22
2026-03-21T17:57:56.371922,0,0.0823,0.0613,0.0823,0.9105,0.3266,-0.1269,-0.3009,15
2026-03-21T17:57:56.371922,1,0.2218,0.2030,0.2218,0.3134,0.7162,0.4926,-0.5198,22
2026-03-21T17:57:56.441951,0,0.1694,0.1663,0.1694,0.3136,0.7058,0.4904,-0.5076,19
2026-03-21T17:57:56.510452,0,0.2228,0.1655,0.2228,0.3137,0.7131,0.4854,-0.5224,21
2026-03-21T17:57:56.580944,0,0.2075,0.2075,0.1955,0.3130,0.7135,0.4958,-0.5131,21
2026-03-21T17:57:56.651132,0,0.2151,0.1902,0.2151,0.3144,0.7168,0.4882,-0.5248,21
2026-03-21T17:57:56.720082,0,0.2075,0.1564,0.2075,0.3149,0.7190,0.4849,-0.5308,20
2026-03-21T17:57:56.789367,0,0.2049,0.1628,0.2049,0.3126,0.7197,0.4855,-0.5312,20
2026-03-21T17:57:56.860150,0,0.2124,0.1645,0.2124,0.3128,0.7186,0.4847,-0.5305,20
2026-03-21T17:57:56.929786,0,0.2065,0.1720,0.2065,0.3156,0.7181,0.4844,-0.5301,20
2026-03-21T17:57:56.999163,0,0.1691,0.1691,0.1566,0.3143,0.7110,0.4897,-0.5155,18
2026-03-21T17:57:57.068683,0,0.1796,0.1690,0.1796,0.3102,0.7182,0.4897,-0.5253,19
2026-03-21T17:57:57.138632,0,0.2023,0.1705,0.2023,0.3117,0.7252,0.4895,-0.5351,20
2026-03-21T17:57:57.208132,0,0.2013,0.2013,0.1967,0.3144,0.7295,0.4976,-0.5335,21
2026-03-21T17:57:57.277769,0,0.2260,0.1722,0.2260,0.3118,0.7310,0.4881,-0.5441,21
2026-03-21T17:57:57.347765,0,0.2006,0.1946,0.2006,0.3145,0.7282,0.4916,-0.5371,20
2026-03-21T17:57:57.416898,0,0.2143,0.1845,0.2143,0.3138,0.7379,0.4932,-0.5489,21
2026-03-21T17:57:57.487092,0,0.1814,0.1814,0.1565,0.3108,0.7366,0.4981,-0.5426,18
2026-03-21T17:57:57.556750,0,0.2000,0.1874,0.2000,0.3129,0.7462,0.4941,-0.5592,20
2026-03-21T17:57:57.626213,0,0.2047,0.1899,0.2047,0.3108,0.7479,0.4953,-0.5605,20
2026-03-21T17:57:57.695496,0,0.1855,0.1855,0.1730,0.3133,0.7420,0.4968,-0.5512,19
2026-03-21T17:57:57.766142,0,0.1856,0.1856,0.1763,0.3111,0.7437,0.4979,-0.5525,19
2026-03-21T17:57:57.834244,0,0.1875,0.1875,0.1759,0.3122,0.7430,0.4973,-0.5520,19
2026-03-21T17:57:57.905195,0,0.1851,0.1851,0.1746,0.3122,0.7416,0.4964,-0.5509,19
2026-03-21T17:57:57.974824,0,0.1899,0.1899,0.1728,0.3138,0.7416,0.4965,-0.5509,19
2026-03-21T17:57:58.044171,0,0.2017,0.2017,0.1907,0.3155,0.7493,0.4965,-0.5612,20
2026-03-21T17:57:58.113968,0,0.1989,0.1952,0.1989,0.3160,0.7445,0.4932,-0.5577,20
2026-03-21T17:57:58.183810,0,0.2595,0.1721,0.2595,0.3170,0.7454,0.4821,-0.5685,22
2026-03-21T17:57:58.252784,0,0.1920,0.1817,0.1920,0.3151,0.7232,0.4884,-0.5334,20
2026-03-21T17:57:58.323477,0,0.2212,0.2212,0.1925,0.3144,0.7621,0.5105,-0.5659,21
2026-03-21T17:57:58.392320,0,0.2065,0.2065,0.1555,0.2876,0.8643,0.5440,-0.6716,17
2026-03-21T17:57:58.461301,0,0.1169,0.1169,0.0972,0.1806,0.9611,0.6241,-0.7309,10
2026-03-21T17:57:58.532245,0,0.0993,0.0993,0.0987,0.1665,0.9634,0.6320,-0.7270,9
2026-03-21T17:57:58.601550,0,0.0982,0.0787,0.0982,0.1634,0.9609,0.6239,-0.7308,8
2026-03-21T17:57:58.671413,0,0.0851,0.0851,0.0629,0.1727,0.9581,0.6286,-0.7231,7
2026-03-21T17:57:58.740576,0,0.0923,0.0804,0.0923,0.1610,0.9657,0.6271,-0.7344,8
2026-03-21T17:57:58.810284,0,0.0912,0.0862,0.0912,0.1696,0.9597,0.6232,-0.7298,8
2026-03-21T17:57:58.880129,0,0.1032,0.1032,0.0619,0.1690,0.9517,0.6307,-0.7127,8
2026-03-21T17:57:58.950212,0,0.1046,0.1046,0.0693,0.1739,0.9564,0.6338,-0.7162,8
2026-03-21T17:57:59.019906,0,0.1097,0.1097,0.0610,0.1727,0.9601,0.6364,-0.7189,8
2026-03-21T17:57:59.089981,0,0.1110,0.1110,0.1091,0.1782,0.9571,0.6279,-0.7224,9
2026-03-21T17:57:59.159170,0,0.0879,0.0879,0.0615,0.1727,0.9544,0.6263,-0.7202,7
2026-03-21T17:57:59.228626,0,0.1100,0.1100,0.0949,0.1758,0.9615,0.6309,-0.7256,9
2026-03-21T17:57:59.298792,0,0.0938,0.0938,0.0696,0.1659,0.9609,0.6367,-0.7196,8
2026-03-21T17:57:59.367363,0,0.1009,0.1009,0.0919,0.1653,0.9624,0.6314,-0.7263,9
2026-03-21T17:57:59.438231,0,0.0945,0.0945,0.0931,0.1751,0.9620,0.6247,-0.7315,8
2026-03-21T17:57:59.507251,0,0.0991,0.0991,0.0934,0.1776,0.9625,0.6251,-0.7319,8
2026-03-21T17:57:59.576637,0,0.0961,0.0961,0.0624,0.1794,0.9519,0.6246,-0.7183,7
2026-03-21T17:57:59.646558,0,0.0940,0.0770,0.0940,0.1708,0.9532,0.6189,-0.7250,8
2026-03-21T17:57:59.716404,0,0.1120,0.1120,0.0983,0.1764,0.9557,0.6270,-0.7213,9
2026-03-21T17:57:59.785802,0,0.1061,0.1061,0.1035,0.1733,0.9609,0.6304,-0.7253,9
2026-03-21T17:57:59.856235,0,0.1048,0.1048,0.1002,0.1727,0.9615,0.6308,-0.7256,9
2026-03-21T17:57:59.926010,0,0.0943,0.0898,0.0943,0.1739,0.9611,0.6242,-0.7309,8
2026-03-21T17:57:59.995737,0,0.1041,0.1041,0.0953,0.1727,0.9626,0.6316,-0.7264,9
2026-03-21T17:58:00.065137,0,0.0944,0.0831,0.0944,0.1665,0.9592,0.6229,-0.7295,8
2026-03-21T17:58:00.134955,0,0.1059,0.1059,0.0744,0.1745,0.9555,0.6332,-0.7155,8
2026-03-21T17:58:00.203786,0,0.1026,0.1026,0.0735,0.1733,0.9575,0.6346,-0.7170,8
2026-03-21T17:58:00.273152,0,0.1169,0.1169,0.0943,0.1813,0.9571,0.6280,-0.7223,9
2026-03-21T17:58:00.344054,0,0.1030,0.0889,0.1030,0.1813,0.9580,0.6221,-0.7285,8
2026-03-21T17:58:00.413858,0,0.1122,0.1122,0.1098,0.1751,0.9597,0.6295,-0.7244,9
2026-03-21T17:58:00.482912,0,0.0942,0.0942,0.0920,0.1776,0.9639,0.6261,-0.7328,8
2026-03-21T17:58:00.551963,0,0.1079,0.1002,0.1079,0.1702,0.9607,0.6302,-0.7251,9
2026-03-21T17:58:00.622864,0,0.1138,0.1138,0.1014,0.1788,0.9574,0.6281,-0.7225,9
2026-03-21T17:58:00.691832,0,0.0787,0.0650,0.0787,0.1378,0.9621,0.6436,-0.7151,7
2026-03-21T17:58:00.762074,0,0.1072,0.1072,0.0587,0.1708,0.9539,0.6322,-0.7143,8
2026-03-21T17:58:00.831381,0,0.0908,0.0908,0.0853,0.1770,0.9562,0.6210,-0.7271,8
2026-03-21T17:58:00.901751,0,0.1039,0.0878,0.1039,0.1788,0.9581,0.6221,-0.7286,8
2026-03-21T17:58:00.971276,0,0.1051,0.1051,0.0998,0.1702,0.9605,0.6301,-0.7249,9
2026-03-21T17:58:01.040709,0,0.0976,0.0854,0.0976,0.1758,0.9567,0.6213,-0.7275,8
2026-03-21T17:58:01.110342,0,0.1112,0.1112,0.1037,0.1770,0.9604,0.6301,-0.7247,9
2026-03-21T17:58:01.180196,0,0.0600,0.0588,0.0600,0.1429,0.9626,0.6377,-0.7210,6
2026-03-21T17:58:01.249132,0,0.1020,0.0858,0.1020,0.1727,0.9606,0.6237,-0.7306,8
2026-03-21T17:58:01.319476,0,0.0810,0.0810,0.0664,0.1727,0.9556,0.6270,-0.7211,7
2026-03-21T17:58:01.389275,0,0.1038,0.1038,0.0662,0.1696,0.9582,0.6350,-0.7176,8
2026-03-21T17:58:01.458804,0,0.0937,0.0937,0.0532,0.1764,0.9538,0.6260,-0.7197,7
2026-03-21T17:58:01.528758,0,0.1020,0.1020,0.0670,0.1677,0.9572,0.6344,-0.7168,8
2026-03-21T17:58:01.598293,0,0.1056,0.0997,0.1056,0.1690,0.9604,0.6300,-0.7249,9
2026-03-21T17:58:01.667856,0,0.1073,0.1073,0.0907,0.1745,0.9567,0.6278,-0.7219,9
2026-03-21T17:58:01.737650,0,0.0975,0.0748,0.0975,0.1665,0.9590,0.6226,-0.7294,8
2026-03-21T17:58:01.806956,0,0.1104,0.1104,0.1051,0.1776,0.9615,0.6308,-0.7256,9
2026-03-21T17:58:01.876922,0,0.1145,0.1145,0.1007,0.1788,0.9575,0.6282,-0.7226,9
2026-03-21T17:58:01.946904,0,0.0858,0.0858,0.0684,0.1727,0.9578,0.6284,-0.7229,7
2026-03-21T17:58:02.015619,0,0.1059,0.1059,0.1033,0.1745,0.9590,0.6291,-0.7238,9
2026-03-21T17:58:02.015619,1,0.0764,0.0764,0.0376,0.8887,0.4946,-0.0986,0.4846,10
2026-03-21T17:58:02.086839,0,0.1084,0.1084,0.1070,0.1770,0.9604,0.6236,-0.7304,10
2026-03-21T17:58:02.086839,1,0.1254,0.0677,0.1254,0.8884,0.5340,-0.1089,0.5228,11
2026-03-21T17:58:02.155488,0,0.1066,0.1066,0.0929,0.1696,0.9619,0.6311,-0.7259,9
2026-03-21T17:58:02.155488,1,0.0956,0.0706,0.0956,0.9102,0.5196,-0.1203,0.5055,10
2026-03-21T17:58:02.225105,0,0.0929,0.0812,0.0929,0.1708,0.9610,0.6241,-0.7307,8
2026-03-21T17:58:02.225105,1,0.0835,0.0835,0.0806,0.9208,0.5128,-0.1235,0.4977,11
2026-03-21T17:58:02.295241,0,0.0733,0.0733,0.0700,0.1397,0.9627,0.6440,-0.7155,7
2026-03-21T17:58:02.295241,1,0.0782,0.0750,0.0782,0.9114,0.5040,-0.1212,0.4892,11
2026-03-21T17:58:02.364780,0,0.0795,0.0795,0.0659,0.1677,0.9594,0.6294,-0.7241,7
2026-03-21T17:58:02.364780,1,0.0751,0.0751,0.0645,0.9205,0.5121,-0.1279,0.4959,10
2026-03-21T17:58:02.434793,0,0.1098,0.0916,0.1098,0.1659,0.9580,0.6284,-0.7231,9
2026-03-21T17:58:02.434793,1,0.0678,0.0600,0.0678,0.9223,0.5509,-0.1375,0.5335,8
2026-03-21T17:58:02.504615,0,0.1100,0.0888,0.1100,0.1610,0.9599,0.6296,-0.7246,9
2026-03-21T17:58:02.504615,1,0.0529,0.0369,0.0529,0.9361,0.6346,-0.1640,0.6130,5
2026-03-21T17:58:02.574013,0,0.0959,0.0957,0.0959,0.1776,0.9624,0.6184,-0.7374,9
2026-03-21T17:58:02.643256,0,0.1048,0.1048,0.1002,0.1727,0.9599,0.6297,-0.7245,9
2026-03-21T17:58:02.713239,0,0.0903,0.0812,0.0903,0.1653,0.9615,0.6244,-0.7312,8
2026-03-21T17:58:02.782433,0,0.0975,0.0775,0.0975,0.1616,0.9610,0.6239,-0.7309,8
2026-03-21T17:58:02.853123,0,0.1045,0.0951,0.1045,0.1665,0.9644,0.6326,-0.7279,9
2026-03-21T17:58:02.922078,0,0.0991,0.0794,0.0991,0.1634,0.9605,0.6236,-0.7305,8
2026-03-21T17:58:02.991778,0,0.1045,0.1045,0.1038,0.1696,0.9580,0.6284,-0.7231,9
2026-03-21T17:58:03.061699,0,0.1047,0.1047,0.0960,0.1684,0.9641,0.6326,-0.7276,9
2026-03-21T17:58:03.131241,0,0.0925,0.0925,0.0738,0.1554,0.9604,0.6364,-0.7192,8
2026-03-21T17:58:03.201206,0,0.0979,0.0979,0.0653,0.1665,0.9596,0.6359,-0.7186,8
2026-03-21T17:58:03.271194,0,0.0918,0.0918,0.0733,0.1597,0.9621,0.6374,-0.7206,8
2026-03-21T17:58:03.339480,0,0.0958,0.0955,0.0958,0.1782,0.9622,0.6185,-0.7372,9
2026-03-21T17:58:03.410030,0,0.0791,0.0791,0.0718,0.1708,0.9567,0.6277,-0.7220,7
2026-03-21T17:58:03.479873,0,0.1030,0.1030,0.0939,0.1702,0.9619,0.6312,-0.7259,9
2026-03-21T17:58:03.548892,0,0.0905,0.0871,0.0905,0.1628,0.9640,0.6259,-0.7331,8
2026-03-21T17:58:03.619283,0,0.1019,0.0686,0.1019,0.1562,0.9634,0.6254,-0.7328,8
2026-03-21T17:58:03.688166,0,0.1018,0.0807,0.1018,0.1696,0.9579,0.6219,-0.7285,8
2026-03-21T17:58:03.758793,0,0.0964,0.0916,0.0964,0.1659,0.9636,0.6256,-0.7329,8
2026-03-21T17:58:03.828094,0,0.1036,0.0988,0.1036,0.1653,0.9646,0.6327,-0.7280,9
2026-03-21T17:58:03.897936,0,0.1085,0.1085,0.0636,0.1764,0.9569,0.6342,-0.7165,8
2026-03-21T17:58:03.967846,0,0.0942,0.0823,0.0942,0.1677,0.9604,0.6236,-0.7303,8
2026-03-21T17:58:04.037370,0,0.1054,0.0821,0.1054,0.1745,0.9597,0.6231,-0.7299,8
2026-03-21T17:58:04.106694,0,0.1003,0.0728,0.1003,0.1604,0.9620,0.6246,-0.7317,8
2026-03-21T17:58:04.175989,0,0.0987,0.0740,0.0987,0.1622,0.9635,0.6255,-0.7328,8
2026-03-21T17:58:04.246153,0,0.1017,0.0912,0.1017,0.1598,0.9644,0.6325,-0.7279,9
2026-03-21T17:58:04.316382,0,0.0970,0.0970,0.0949,0.1628,0.9602,0.6299,-0.7248,9
2026-03-21T17:58:04.384760,0,0.0916,0.0848,0.0916,0.1647,0.9622,0.6248,-0.7318,8
2026-03-21T17:58:04.455046,0,0.1045,0.0941,0.1045,0.1591,0.9601,0.6297,-0.7248,9
2026-03-21T17:58:04.525455,0,0.1077,0.0968,0.1077,0.1690,0.9576,0.6281,-0.7228,9
2026-03-21T17:58:04.594885,0,0.1090,0.1090,0.1008,0.1727,0.9635,0.6321,-0.7271,9
2026-03-21T17:58:04.664862,0,0.1076,0.0986,0.1076,0.1714,0.9618,0.6309,-0.7259,9
2026-03-21T17:58:04.734056,0,0.0987,0.0857,0.0987,0.1739,0.9595,0.6231,-0.7296,8
2026-03-21T17:58:04.803926,0,0.1087,0.1087,0.0666,0.1745,0.9584,0.6352,-0.7177,8
2026-03-21T17:58:04.873294,0,0.0942,0.0829,0.0942,0.1684,0.9560,0.6207,-0.7270,8
2026-03-21T17:58:04.943293,0,0.0959,0.0923,0.0959,0.1764,0.9601,0.6235,-0.7301,8
2026-03-21T17:58:05.012859,0,0.0971,0.0927,0.0971,0.1733,0.9599,0.6233,-0.7299,8
2026-03-21T17:58:05.082679,0,0.1103,0.0963,0.1103,0.1727,0.9607,0.6301,-0.7252,9
2026-03-21T17:58:05.152359,0,0.0656,0.0530,0.0656,0.1454,0.9589,0.6353,-0.7183,6
2026-03-21T17:58:05.221961,0,0.0984,0.0842,0.0984,0.1745,0.9590,0.6228,-0.7293,8
2026-03-21T17:58:05.292014,0,0.0907,0.0834,0.0907,0.1647,0.9632,0.6255,-0.7325,8
2026-03-21T17:58:05.361199,0,0.1015,0.1015,0.1008,0.1708,0.9576,0.6281,-0.7228,9
2026-03-21T17:58:05.431262,0,0.0910,0.0910,0.0631,0.1758,0.9536,0.6257,-0.7196,7
2026-03-21T17:58:05.501041,0,0.0753,0.0753,0.0678,0.1404,0.9573,0.6405,-0.7114,7
2026-03-21T17:58:05.569859,0,0.1103,0.1103,0.1058,0.1782,0.9610,0.6240,-0.7308,10
2026-03-21T17:58:05.640282,0,0.1078,0.1078,0.0807,0.1764,0.9580,0.6349,-0.7174,8
2026-03-21T17:58:05.710381,0,0.1124,0.1124,0.1037,0.1782,0.9604,0.6300,-0.7248,9
2026-03-21T17:58:05.778576,0,0.0979,0.0814,0.0979,0.1690,0.9629,0.6252,-0.7323,8
2026-03-21T17:58:05.849334,0,0.0851,0.0851,0.0612,0.1733,0.9541,0.6261,-0.7200,7
2026-03-21T17:58:05.918428,0,0.1003,0.1003,0.0967,0.1647,0.9608,0.6302,-0.7252,9
2026-03-21T17:58:05.989141,0,0.0752,0.0684,0.0752,0.1591,0.9591,0.6291,-0.7240,7
2026-03-21T17:58:06.058248,0,0.1062,0.0946,0.1062,0.1653,0.9584,0.6286,-0.7234,9
2026-03-21T17:58:06.128640,0,0.0961,0.0961,0.0713,0.1647,0.9580,0.6348,-0.7175,8
2026-03-21T17:58:06.128640,1,0.0696,0.0696,0.0259,0.9053,0.8263,-0.1221,0.8172,6
2026-03-21T17:58:06.198636,0,0.1065,0.1028,0.1065,0.1714,0.9602,0.6299,-0.7248,9
2026-03-21T17:58:06.198636,1,0.0571,0.0571,0.0074,0.9205,0.8176,-0.1420,0.8051,5
2026-03-21T17:58:06.267862,0,0.1052,0.0949,0.1052,0.1677,0.9619,0.6309,-0.7261,9
2026-03-21T17:58:06.267862,1,0.0568,0.0568,0.0139,0.9367,0.8299,-0.1584,0.8147,5
2026-03-21T17:58:06.337341,0,0.1024,0.1021,0.1024,0.1714,0.9608,0.6303,-0.7252,9
2026-03-21T17:58:06.337341,1,0.0575,0.0575,0.0094,0.9491,0.8190,-0.1703,0.8010,5
2026-03-21T17:58:06.407688,0,0.0999,0.0999,0.0962,0.1812,0.9661,0.6210,-0.7402,9
2026-03-21T17:58:06.407688,1,0.0802,0.0802,0.0474,0.9675,0.7993,-0.1734,0.7803,6
2026-03-21T17:58:06.476081,0,0.1068,0.1068,0.0948,0.1733,0.9562,0.6274,-0.7217,9
2026-03-21T17:58:06.476081,1,0.0631,0.0631,0.0505,0.9366,0.7623,-0.1519,0.7470,6
2026-03-21T17:58:06.546469,0,0.1139,0.1139,0.1084,0.1782,0.9564,0.6274,-0.7218,9
2026-03-21T17:58:06.546469,1,0.0517,0.0517,0.0103,0.9153,0.7286,-0.1391,0.7152,5
2026-03-21T17:58:06.616515,0,0.1027,0.1027,0.0868,0.1721,0.9564,0.6337,-0.7163,8
2026-03-21T17:58:06.616515,1,0.0573,0.0573,0.0544,0.8992,0.7218,-0.1188,0.7120,6
2026-03-21T17:58:06.685346,0,0.0914,0.0914,0.0642,0.1727,0.9571,0.6280,-0.7223,7
2026-03-21T17:58:06.685346,1,0.0485,0.0485,0.0133,0.8848,0.7074,-0.1106,0.6987,5
2026-03-21T17:58:06.755401,0,0.0925,0.0925,0.0911,0.1696,0.9632,0.6255,-0.7325,8
2026-03-21T17:58:06.755401,1,0.0498,0.0498,0.0276,0.8748,0.7132,-0.0992,0.7062,5
2026-03-21T17:58:06.824799,0,0.0955,0.0927,0.0955,0.1733,0.9631,0.6254,-0.7324,8
2026-03-21T17:58:06.824799,1,0.0614,0.0614,0.0360,0.8749,0.7150,-0.0932,0.7089,6
2026-03-21T17:58:06.895134,0,0.1026,0.0819,0.1026,0.1708,0.9606,0.6237,-0.7306,8
2026-03-21T17:58:06.895134,1,0.0611,0.0611,0.0345,0.8620,0.7173,-0.0810,0.7128,6
2026-03-21T17:58:06.965493,0,0.0959,0.0873,0.0959,0.1721,0.9572,0.6216,-0.7280,8
2026-03-21T17:58:06.965493,1,0.0613,0.0613,0.0329,0.8496,0.7190,-0.0687,0.7157,6
2026-03-21T17:58:07.035380,0,0.0956,0.0784,0.0956,0.1653,0.9634,0.6255,-0.7327,8
2026-03-21T17:58:07.035380,1,0.0490,0.0490,0.0147,0.8363,0.7126,-0.0621,0.7099,5
2026-03-21T17:58:07.104056,0,0.0730,0.0730,0.0675,0.1641,0.9554,0.6268,-0.7211,7
2026-03-21T17:58:07.104056,1,0.0664,0.0664,0.0451,0.8418,0.7257,-0.0570,0.7234,6
2026-03-21T17:58:07.174346,0,0.1075,0.0750,0.1075,0.1677,0.9584,0.6223,-0.7288,8
2026-03-21T17:58:07.174346,1,0.0487,0.0487,0.0212,0.8235,0.7094,-0.0494,0.7077,5
2026-03-21T17:58:07.243585,0,0.1002,0.1002,0.0953,0.1653,0.9607,0.6302,-0.7251,9
2026-03-21T17:58:07.243585,1,0.0480,0.0480,0.0234,0.8227,0.7052,-0.0490,0.7035,5
2026-03-21T17:58:07.313442,0,0.0959,0.0756,0.0959,0.1604,0.9604,0.6235,-0.7304,8
2026-03-21T17:58:07.313442,1,0.0481,0.0481,0.0233,0.8227,0.7048,-0.0490,0.7031,5
2026-03-21T17:58:07.383160,0,0.0979,0.0979,0.0718,0.1616,0.9616,0.6372,-0.7202,8
2026-03-21T17:58:07.383160,1,0.0474,0.0474,0.0294,0.8221,0.7032,-0.0488,0.7015,5
2026-03-21T17:58:07.452250,0,0.0955,0.0888,0.0955,0.1764,0.9606,0.6238,-0.7305,8
2026-03-21T17:58:07.452250,1,0.0483,0.0483,0.0253,0.8229,0.7052,-0.0490,0.7035,5
2026-03-21T17:58:07.522830,0,0.0955,0.0915,0.0955,0.1721,0.9584,0.6223,-0.7288,8
2026-03-21T17:58:07.522830,1,0.0491,0.0491,0.0152,0.8237,0.7076,-0.0493,0.7059,5
2026-03-21T17:58:07.592228,0,0.0991,0.0742,0.0991,0.1659,0.9589,0.6225,-0.7293,8
2026-03-21T17:58:07.592228,1,0.0490,0.0490,0.0163,0.8235,0.7034,-0.0490,0.7017,5
2026-03-21T17:58:07.661680,0,0.0932,0.0932,0.0864,0.1696,0.9606,0.6239,-0.7305,8
2026-03-21T17:58:07.661680,1,0.0627,0.0597,0.0627,0.8225,0.7115,-0.0429,0.7102,6
2026-03-21T17:58:07.731705,0,0.1070,0.0927,0.1070,0.1634,0.9625,0.6313,-0.7265,9
2026-03-21T17:58:07.731705,1,0.0526,0.0483,0.0526,0.8109,0.7118,-0.0369,0.7108,5
2026-03-21T17:58:07.800886,0,0.1014,0.1014,0.1014,0.1665,0.9606,0.6302,-0.7250,9
2026-03-21T17:58:07.870039,0,0.1051,0.1051,0.0906,0.1702,0.9589,0.6290,-0.7238,9
2026-03-21T17:58:07.870039,1,0.0629,0.0629,0.0496,0.8253,0.7107,-0.0433,0.7094,6
2026-03-21T17:58:07.940543,0,0.0991,0.0861,0.0991,0.1702,0.9574,0.6216,-0.7281,8
2026-03-21T17:58:07.940543,1,0.0640,0.0640,0.0426,0.8264,0.7115,-0.0434,0.7102,6
2026-03-21T17:58:08.009378,0,0.1025,0.0936,0.1025,0.1622,0.9642,0.6325,-0.7278,9
2026-03-21T17:58:08.009378,1,0.0485,0.0485,0.0406,0.8108,0.7074,-0.0368,0.7064,5
2026-03-21T17:58:08.079655,0,0.0999,0.0999,0.0994,0.1677,0.9561,0.6272,-0.7217,9
2026-03-21T17:58:08.079655,1,0.0646,0.0646,0.0409,0.8269,0.7100,-0.0434,0.7087,6
2026-03-21T17:58:08.079655,2,0.0831,0.0186,0.0831,1.0851,0.6928,-0.3248,0.6119,5
2026-03-21T17:58:08.149333,0,0.0853,0.0814,0.0853,0.1676,0.9570,0.6214,-0.7277,8
2026-03-21T17:58:08.149333,1,0.0496,0.0486,0.0496,0.8111,0.7096,-0.0368,0.7086,5
2026-03-21T17:58:08.219095,0,0.1035,0.1035,0.0890,0.1714,0.9585,0.6288,-0.7233,9
2026-03-21T17:58:08.219095,1,0.0629,0.0629,0.0486,0.8253,0.7088,-0.0432,0.7075,6
2026-03-21T17:58:08.287757,0,0.0904,0.0904,0.0527,0.1696,0.9564,0.6276,-0.7217,7
2026-03-21T17:58:08.287757,1,0.0636,0.0636,0.0426,0.8260,0.7102,-0.0433,0.7089,6
2026-03-21T17:58:08.358073,0,0.1082,0.1082,0.0717,0.1733,0.9595,0.6359,-0.7185,8
2026-03-21T17:58:08.358073,1,0.0645,0.0645,0.0456,0.8265,0.7043,-0.0431,0.7030,6
2026-03-21T17:58:08.358073,2,0.0821,0.0222,0.0821,1.0841,0.6876,-0.3223,0.6074,5
2026-03-21T17:58:08.427697,0,0.1060,0.0918,0.1060,0.1647,0.9595,0.6293,-0.7243,9
2026-03-21T17:58:08.427697,1,0.0633,0.0633,0.0328,0.8255,0.7097,-0.0433,0.7084,6
2026-03-21T17:58:08.499064,0,0.1071,0.0996,0.1071,0.1696,0.9588,0.6289,-0.7237,9
2026-03-21T17:58:08.499064,1,0.0652,0.0652,0.0499,0.8273,0.7095,-0.0435,0.7082,6
2026-03-21T17:58:08.499064,2,0.0775,0.0233,0.0775,1.0821,0.6814,-0.3195,0.6019,5
2026-03-21T17:58:08.567825,0,0.0795,0.0659,0.0795,0.1303,0.9671,0.6470,-0.7188,7
2026-03-21T17:58:08.567825,1,0.0656,0.0656,0.0538,0.8277,0.7100,-0.0435,0.7087,6
2026-03-21T17:58:08.567825,2,0.0667,0.0233,0.0667,1.0821,0.6788,-0.3183,0.5995,5
2026-03-21T17:58:08.637674,0,0.1062,0.1056,0.1062,0.1764,0.9579,0.6284,-0.7230,9
2026-03-21T17:58:08.637674,1,0.0655,0.0655,0.0496,0.8276,0.7112,-0.0436,0.7098,6
2026-03-21T17:58:08.637674,2,0.0692,0.0198,0.0692,1.0786,0.6762,-0.3171,0.5972,5
2026-03-21T17:58:08.707872,0,0.1077,0.0753,0.1077,0.1684,0.9589,0.6225,-0.7293,8
2026-03-21T17:58:08.707872,1,0.0651,0.0651,0.0476,0.8272,0.7087,-0.0435,0.7073,6
2026-03-21T17:58:08.707872,2,0.0586,0.0260,0.0586,1.0811,0.6752,-0.3167,0.5963,5
2026-03-21T17:58:08.776640,0,0.1033,0.1033,0.0911,0.1670,0.9582,0.6287,-0.7232,9
2026-03-21T17:58:08.776640,1,0.0486,0.0486,0.0246,0.8107,0.7034,-0.0367,0.7024,5
2026-03-21T17:58:08.776640,2,0.0621,0.0231,0.0621,1.0800,0.6750,-0.3166,0.5962,5
2026-03-21T17:58:08.847194,0,0.1083,0.1004,0.1083,0.1739,0.9555,0.6267,-0.7212,9
2026-03-21T17:58:08.847194,1,0.0655,0.0655,0.0549,0.8276,0.7087,-0.0435,0.7073,6
2026-03-21T17:58:08.847194,2,0.0603,0.0236,0.0603,1.0795,0.6716,-0.3150,0.5931,5
2026-03-21T17:58:08.916351,0,0.1050,0.1050,0.1004,0.1714,0.9604,0.6300,-0.7248,9
2026-03-21T17:58:08.916351,1,0.0651,0.0651,0.0529,0.8273,0.7082,-0.0434,0.7068,6
2026-03-21T17:58:08.916351,2,0.0551,0.0261,0.0551,1.0826,0.6770,-0.3176,0.5979,5
2026-03-21T17:58:08.986197,0,0.0869,0.0867,0.0869,0.1659,0.9585,0.6224,-0.7289,8
2026-03-21T17:58:08.986197,1,0.0488,0.0488,0.0416,0.8109,0.7004,-0.0365,0.6994,5
2026-03-21T17:58:08.986197,2,0.0603,0.0236,0.0603,1.0800,0.6748,-0.3165,0.5960,5
2026-03-21T17:58:09.055785,0,0.1045,0.1045,0.0974,0.1696,0.9581,0.6285,-0.7232,9
2026-03-21T17:58:09.055785,1,0.0481,0.0481,0.0268,0.8102,0.7004,-0.0365,0.6994,5
2026-03-21T17:58:09.055785,2,0.0505,0.0268,0.0505,1.0806,0.6722,-0.3154,0.5936,5
2026-03-21T17:58:09.124305,0,0.1105,0.1105,0.1004,0.1770,0.9585,0.6288,-0.7234,9
2026-03-21T17:58:09.124305,1,0.0475,0.0475,0.0295,0.8095,0.7006,-0.0365,0.6996,5
2026-03-21T17:58:09.124305,2,0.0523,0.0264,0.0523,1.0811,0.6726,-0.3155,0.5940,5
2026-03-21T17:58:09.194794,0,0.1017,0.0793,0.1017,0.1659,0.9576,0.6218,-0.7283,8
2026-03-21T17:58:09.194794,1,0.0485,0.0485,0.0296,0.8105,0.6982,-0.0364,0.6972,5
2026-03-21T17:58:09.194794,2,0.0532,0.0256,0.0532,1.0821,0.6754,-0.3168,0.5965,5
2026-03-21T17:58:09.264355,0,0.0975,0.0975,0.0663,0.1647,0.9567,0.6340,-0.7165,8
2026-03-21T17:58:09.264355,1,0.0480,0.0480,0.0286,0.8101,0.7008,-0.0365,0.6998,5
2026-03-21T17:58:09.264355,2,0.0444,0.0302,0.0444,1.0836,0.6742,-0.3163,0.5954,5
2026-03-21T17:58:09.333530,0,0.1117,0.1117,0.0972,0.1782,0.9602,0.6300,-0.7247,9
2026-03-21T17:58:09.333530,1,0.0483,0.0483,0.0238,0.8104,0.7006,-0.0365,0.6996,5
2026-03-21T17:58:09.333530,2,0.0521,0.0256,0.0521,1.0780,0.6714,-0.3150,0.5929,5
2026-03-21T17:58:09.403096,0,0.1045,0.0999,0.1045,0.1721,0.9587,0.6289,-0.7236,9
2026-03-21T17:58:09.403096,1,0.0485,0.0485,0.0296,0.8105,0.6994,-0.0364,0.6984,5
2026-03-21T17:58:09.403096,2,0.0443,0.0301,0.0443,1.0826,0.6752,-0.3168,0.5963,5
2026-03-21T17:58:09.473494,0,0.0926,0.0926,0.0901,0.1690,0.9587,0.6226,-0.7291,8
2026-03-21T17:58:09.473494,1,0.0476,0.0476,0.0295,0.8097,0.6986,-0.0364,0.6976,5
2026-03-21T17:58:09.473494,2,0.0362,0.0340,0.0362,1.0826,0.6694,-0.3142,0.5911,5
2026-03-21T17:58:09.542557,0,0.1085,0.1085,0.0945,0.1714,0.9620,0.6311,-0.7260,9
2026-03-21T17:58:09.542557,1,0.0478,0.0478,0.0336,0.8099,0.6976,-0.0363,0.6966,5
2026-03-21T17:58:09.542557,2,0.0397,0.0322,0.0397,1.0816,0.6736,-0.3161,0.5948,5
2026-03-21T17:58:09.612342,0,0.1071,0.1071,0.0991,0.1714,0.9616,0.6309,-0.7257,9
2026-03-21T17:58:09.612342,1,0.0479,0.0479,0.0248,0.8099,0.6986,-0.0364,0.6976,5
2026-03-21T17:58:09.612342,2,0.0381,0.0334,0.0381,1.0846,0.6740,-0.3163,0.5952,5
2026-03-21T17:58:09.682655,0,0.1056,0.0871,0.1056,0.1628,0.9589,0.6290,-0.7238,9
2026-03-21T17:58:09.682655,1,0.0480,0.0480,0.0268,0.8100,0.6990,-0.0364,0.6980,5
2026-03-21T17:58:09.682655,2,0.0487,0.0277,0.0487,1.0811,0.6754,-0.3169,0.5964,5
2026-03-21T17:58:09.751870,0,0.0851,0.0851,0.0730,0.1727,0.9568,0.6278,-0.7221,7
2026-03-21T17:58:09.751870,1,0.0478,0.0478,0.0266,0.8098,0.6968,-0.0363,0.6958,5
2026-03-21T17:58:09.751870,2,0.0435,0.0306,0.0435,1.0836,0.6766,-0.3175,0.5975,5
2026-03-21T17:58:09.822279,0,0.0747,0.0717,0.0747,0.1665,0.9557,0.6270,-0.7213,7
2026-03-21T17:58:09.822279,1,0.0480,0.0480,0.0318,0.8101,0.6996,-0.0364,0.6986,5
2026-03-21T17:58:09.822279,2,0.0415,0.0313,0.0415,1.0816,0.6688,-0.3138,0.5906,5
2026-03-21T17:58:09.891091,0,0.1043,0.1043,0.0653,0.1708,0.9586,0.6353,-0.7178,8
2026-03-21T17:58:09.891091,1,0.0644,0.0644,0.0397,0.8266,0.7093,-0.0434,0.7080,6
2026-03-21T17:58:09.891091,2,0.0548,0.0253,0.0548,1.0786,0.6716,-0.3151,0.5931,5
2026-03-21T17:58:09.961360,0,0.1048,0.1048,0.1046,0.1727,0.9591,0.6292,-0.7239,9
2026-03-21T17:58:09.961360,1,0.0640,0.0640,0.0446,0.8263,0.7073,-0.0432,0.7060,6
2026-03-21T17:58:09.961360,2,0.0883,0.0276,0.0883,1.0806,0.6837,-0.3151,0.6067,6
2026-03-21T17:58:10.030982,0,0.1022,0.1022,0.0983,0.1665,0.9616,0.6308,-0.7258,9
2026-03-21T17:58:10.030982,1,0.0639,0.0639,0.0397,0.8260,0.7057,-0.0432,0.7044,6
2026-03-21T17:58:10.030982,2,0.0424,0.0308,0.0424,1.0816,0.6734,-0.3160,0.5947,5
2026-03-21T17:58:10.100526,0,0.0946,0.0946,0.0711,0.1653,0.9592,0.6356,-0.7184,8
2026-03-21T17:58:10.100526,1,0.0654,0.0654,0.0506,0.8276,0.7105,-0.0435,0.7092,6
2026-03-21T17:58:10.100526,2,0.0423,0.0306,0.0423,1.0795,0.6732,-0.3159,0.5945,5
2026-03-21T17:58:10.171343,0,0.0848,0.0824,0.0848,0.1658,0.9617,0.6246,-0.7313,8
2026-03-21T17:58:10.171343,1,0.0649,0.0649,0.0476,0.8270,0.7053,-0.0432,0.7040,6
2026-03-21T17:58:10.171343,2,0.0893,0.0300,0.0893,1.0821,0.6847,-0.3156,0.6076,6
2026-03-21T17:58:10.239790,0,0.1033,0.0732,0.1033,0.1628,0.9567,0.6211,-0.7277,8
2026-03-21T17:58:10.239790,1,0.0646,0.0646,0.0466,0.8268,0.7063,-0.0432,0.7050,6
2026-03-21T17:58:10.239790,2,0.0875,0.0295,0.0875,1.0816,0.6842,-0.3154,0.6072,6
2026-03-21T17:58:10.310193,0,0.1084,0.0715,0.1084,0.1653,0.9625,0.6249,-0.7321,8
2026-03-21T17:58:10.310193,1,0.0646,0.0646,0.0476,0.8267,0.7065,-0.0433,0.7052,6
2026-03-21T17:58:10.310193,2,0.0381,0.0333,0.0381,1.0841,0.6732,-0.3160,0.5944,5
2026-03-21T17:58:10.380042,0,0.1067,0.0887,0.1067,0.1622,0.9604,0.6299,-0.7250,9
2026-03-21T17:58:10.380042,1,0.0634,0.0634,0.0476,0.8259,0.7120,-0.0433,0.7107,6
2026-03-21T17:58:10.380042,2,0.0408,0.0320,0.0408,1.0836,0.6736,-0.3161,0.5948,5
2026-03-21T17:58:10.449424,0,0.1060,0.1060,0.1017,0.1690,0.9623,0.6314,-0.7263,9
2026-03-21T17:58:10.449424,1,0.0472,0.0472,0.0454,0.8226,0.7128,-0.0494,0.7111,5
2026-03-21T17:58:10.449424,2,0.0435,0.0307,0.0435,1.0841,0.6758,-0.3171,0.5968,5
2026-03-21T17:58:10.519104,0,0.1045,0.1020,0.1045,0.1677,0.9604,0.6299,-0.7249,9
2026-03-21T17:58:10.519104,1,0.0529,0.0529,0.0238,0.8423,0.7494,-0.0653,0.7465,5
2026-03-21T17:58:10.519104,2,0.0468,0.0285,0.0468,1.0800,0.6732,-0.3158,0.5945,5
2026-03-21T17:58:10.588082,0,0.1132,0.1132,0.1063,0.1776,0.9589,0.6290,-0.7238,9
2026-03-21T17:58:10.658765,0,0.0902,0.0837,0.0902,0.1622,0.9634,0.6256,-0.7326,8
2026-03-21T17:58:10.658765,1,0.0689,0.0548,0.0689,0.8352,0.8391,-0.0580,0.8371,5
2026-03-21T17:58:10.727099,0,0.1100,0.0993,0.1100,0.1714,0.9610,0.6304,-0.7254,9
2026-03-21T17:58:10.727099,1,0.0591,0.0573,0.0591,0.8385,0.8763,-0.0607,0.8742,5
2026-03-21T17:58:10.797674,0,0.1104,0.0839,0.1104,0.1659,0.9553,0.6266,-0.7211,9
2026-03-21T17:58:10.867040,0,0.0994,0.0794,0.0994,0.1684,0.9616,0.6244,-0.7313,8
2026-03-21T17:58:10.867040,1,0.1282,0.1282,0.0658,0.8443,0.9211,-0.0312,0.9205,9
2026-03-21T17:58:10.937088,0,0.1058,0.1058,0.0970,0.1702,0.9608,0.6303,-0.7252,9
2026-03-21T17:58:10.937088,1,0.0951,0.0951,0.0307,0.8605,0.8873,-0.0619,0.8851,7
2026-03-21T17:58:11.005693,0,0.1010,0.1010,0.0960,0.1647,0.9618,0.6309,-0.7260,9
2026-03-21T17:58:11.005693,1,0.0574,0.0574,0.0331,0.8528,0.8539,-0.0742,0.8507,5
2026-03-21T17:58:11.077255,0,0.0885,0.0885,0.0804,0.1677,0.9539,0.6320,-0.7145,8
2026-03-21T17:58:11.077255,1,0.0550,0.0550,0.0409,0.8492,0.8317,-0.0723,0.8286,5
2026-03-21T17:58:11.145216,0,0.1108,0.0980,0.1108,0.1708,0.9614,0.6306,-0.7256,9
2026-03-21T17:58:11.145216,1,0.0747,0.0747,0.0382,0.8677,0.8206,-0.0788,0.8168,6
2026-03-21T17:58:11.214897,0,0.1021,0.1021,0.0713,0.1714,0.9590,0.6355,-0.7182,8
2026-03-21T17:58:11.214897,1,0.0659,0.0659,0.0541,0.8577,0.4772,-0.0710,0.4719,8
2026-03-21T17:58:11.285374,0,0.1032,0.0888,0.1032,0.1770,0.9604,0.6171,-0.7358,9
2026-03-21T17:58:11.285374,1,0.0665,0.0665,0.0535,0.8749,0.4725,-0.0866,0.4645,8
2026-03-21T17:58:11.355429,0,0.1013,0.0950,0.1013,0.1671,0.9618,0.6309,-0.7259,9
2026-03-21T17:58:11.355429,1,0.0515,0.0389,0.0515,0.8461,0.4470,-0.0772,0.4403,7
2026-03-21T17:58:11.424550,0,0.0730,0.0730,0.0687,0.1591,0.9611,0.6305,-0.7254,7
2026-03-21T17:58:11.424550,1,0.0610,0.0610,0.0428,0.8663,0.4310,-0.0822,0.4231,9
2026-03-21T17:58:11.495311,0,0.1000,0.0797,0.1000,0.1684,0.9605,0.6237,-0.7305,8
2026-03-21T17:58:11.495311,1,0.0699,0.0699,0.0317,0.8714,0.4144,-0.0827,0.4060,10
2026-03-21T17:58:11.564534,0,0.0982,0.0867,0.0982,0.1714,0.9605,0.6237,-0.7304,8
2026-03-21T17:58:11.564534,1,0.0677,0.0677,0.0438,0.8623,0.4049,-0.0770,0.3975,11
2026-03-21T17:58:11.633342,0,0.0930,0.0930,0.0716,0.1616,0.9599,0.6361,-0.7188,8
2026-03-21T17:58:11.633342,1,0.0685,0.0685,0.0383,0.8620,0.4004,-0.0762,0.3931,11
2026-03-21T17:58:11.703643,0,0.1077,0.0697,0.1077,0.1628,0.9626,0.6249,-0.7322,8
2026-03-21T17:58:11.703643,1,0.0646,0.0646,0.0415,0.8507,0.3959,-0.0684,0.3900,11
2026-03-21T17:58:11.772699,0,0.0862,0.0862,0.0624,0.1696,0.9564,0.6274,-0.7219,7
2026-03-21T17:58:11.772699,1,0.0664,0.0664,0.0283,0.8513,0.3940,-0.0682,0.3881,11
2026-03-21T17:58:11.843372,0,0.1029,0.0940,0.1029,0.1597,0.9636,0.6320,-0.7274,9
2026-03-21T17:58:11.843372,1,0.0736,0.0736,0.0584,0.8536,0.3962,-0.0650,0.3908,12
2026-03-21T17:58:11.912303,0,0.0850,0.0850,0.0784,0.1696,0.9618,0.6310,-0.7259,7
2026-03-21T17:58:11.912303,1,0.0740,0.0740,0.0733,0.8549,0.3968,-0.0650,0.3915,12
2026-03-21T17:58:11.982446,0,0.0959,0.0818,0.0959,0.1665,0.9605,0.6236,-0.7305,8
2026-03-21T17:58:11.982446,1,0.0759,0.0759,0.0589,0.8562,0.3991,-0.0655,0.3937,12
2026-03-21T17:58:12.051537,0,0.0993,0.0763,0.0993,0.1659,0.9599,0.6232,-0.7300,8
2026-03-21T17:58:12.051537,1,0.0749,0.0749,0.0539,0.8546,0.3962,-0.0650,0.3908,12
2026-03-21T17:58:12.121277,0,0.0983,0.0977,0.0983,0.1677,0.9598,0.6296,-0.7244,9
2026-03-21T17:58:12.121277,1,0.0759,0.0759,0.0549,0.8557,0.3970,-0.0652,0.3916,12
2026-03-21T17:58:12.191423,0,0.0905,0.0845,0.0905,0.1671,0.9606,0.6238,-0.7305,8
2026-03-21T17:58:12.191423,1,0.0843,0.0843,0.0511,0.8627,0.3967,-0.0655,0.3912,12
2026-03-21T17:58:12.262110,0,0.0955,0.0955,0.0678,0.1684,0.9557,0.6333,-0.7158,8
2026-03-21T17:58:12.262110,1,0.0962,0.0696,0.0962,0.8439,0.4017,-0.0583,0.3975,12
2026-03-21T17:58:12.330728,0,0.0886,0.0886,0.0558,0.1671,0.9620,0.6312,-0.7259,7
2026-03-21T17:58:12.330728,1,0.0655,0.0655,0.0494,0.8449,0.3960,-0.0616,0.3912,11
2026-03-21T17:58:12.400307,0,0.0911,0.0911,0.0512,0.1696,0.9600,0.6300,-0.7244,7
2026-03-21T17:58:12.400307,1,0.0683,0.0683,0.0305,0.8466,0.3961,-0.0618,0.3913,11
2026-03-21T17:58:12.470513,0,0.1064,0.1064,0.1022,0.1714,0.9599,0.6297,-0.7245,9
2026-03-21T17:58:12.470513,1,0.0692,0.0692,0.0430,0.8480,0.3956,-0.0617,0.3907,11
2026-03-21T17:58:12.539496,0,0.0811,0.0811,0.0599,0.1610,0.9604,0.6301,-0.7248,7
2026-03-21T17:58:12.539496,1,0.0765,0.0758,0.0765,0.8492,0.4014,-0.0588,0.3971,12
2026-03-21T17:58:12.610055,0,0.1058,0.1058,0.0659,0.1708,0.9600,0.6362,-0.7189,8
2026-03-21T17:58:12.610055,1,0.0854,0.0745,0.0854,0.8483,0.4040,-0.0591,0.3996,12
2026-03-21T17:58:12.678848,0,0.1033,0.1004,0.1033,0.1690,0.9640,0.6324,-0.7276,9
2026-03-21T17:58:12.678848,1,0.0707,0.0707,0.0426,0.8487,0.3933,-0.0614,0.3885,11
2026-03-21T17:58:12.750344,0,1.0171,1.0171,0.0834,1.1739,0.8627,0.0902,-0.8580,64
2026-03-21T17:58:12.750344,1,1.4837,0.1853,1.4837,0.1733,0.7421,0.7397,-0.0597,97
2026-03-21T17:58:12.750344,2,0.0712,0.0712,0.0301,0.8495,0.3958,-0.0619,0.3910,11
2026-03-21T17:58:12.819433,0,1.0198,1.0198,0.0828,1.1748,0.8625,0.0903,-0.8578,64
2026-03-21T17:58:12.819433,1,1.4349,0.1858,1.4349,0.1708,0.7438,0.7399,-0.0760,95
2026-03-21T17:58:12.819433,2,0.0769,0.0769,0.0439,0.8550,0.3990,-0.0625,0.3941,11
2026-03-21T17:58:12.887906,0,1.0222,1.0222,0.0753,1.1717,0.8630,0.0905,-0.8583,64
2026-03-21T17:58:12.887906,1,1.4759,0.1874,1.4759,0.1758,0.7427,0.7403,-0.0596,97
2026-03-21T17:58:12.887906,2,0.0826,0.0826,0.0802,0.8562,0.4039,-0.0594,0.3995,12
2026-03-21T17:58:12.958665,0,1.0275,1.0275,0.0741,1.1752,0.8624,0.0902,-0.8576,64
2026-03-21T17:58:12.958665,1,1.4336,0.1838,1.4336,0.1696,0.7444,0.7405,-0.0760,95
2026-03-21T17:58:12.958665,2,0.0654,0.0654,0.0653,0.8384,0.4016,-0.0552,0.3977,11
2026-03-21T17:58:13.028571,0,1.0245,1.0245,0.0781,1.1752,0.8636,0.0903,-0.8589,64
2026-03-21T17:58:13.028571,1,1.4762,0.1812,1.4762,0.1690,0.7433,0.7408,-0.0599,97
2026-03-21T17:58:13.028571,2,0.0848,0.0848,0.0619,0.8577,0.4039,-0.0596,0.3995,12
2026-03-21T17:58:13.097882,0,1.0199,1.0199,0.0777,1.1730,0.8634,0.0904,-0.8586,64
2026-03-21T17:58:13.097882,1,1.4463,0.1854,1.4463,0.1751,0.7427,0.7396,-0.0674,96
2026-03-21T17:58:13.097882,2,0.0662,0.0662,0.0589,0.8389,0.4004,-0.0552,0.3966,11
2026-03-21T17:58:13.167590,0,1.6164,1.1841,1.6164,1.1726,0.6091,0.4836,-0.3702,162
2026-03-21T17:58:13.167590,1,0.0648,0.0648,0.0648,0.8375,0.3992,-0.0549,0.3954,11
2026-03-21T17:58:13.236806,0,1.6203,1.1872,1.6203,1.1730,0.6092,0.4839,-0.3700,162
2026-03-21T17:58:13.236806,1,0.0648,0.0648,0.0644,0.8377,0.3998,-0.0550,0.3960,11
2026-03-21T17:58:13.306964,0,1.5440,1.1832,1.5440,1.1699,0.6179,0.4788,-0.3906,159
2026-03-21T17:58:13.306964,1,0.0838,0.0838,0.0688,0.8567,0.4035,-0.0594,0.3991,12
2026-03-21T17:58:13.376463,0,1.5635,1.1870,1.5635,1.1730,0.6150,0.4803,-0.3841,160
2026-03-21T17:58:13.376463,1,0.0846,0.0846,0.0652,0.8572,0.4023,-0.0594,0.3979,12
2026-03-21T17:58:13.446269,0,1.0295,1.0295,0.0646,1.1730,0.8624,0.0904,-0.8577,64
2026-03-21T17:58:13.446269,1,1.4450,0.1804,1.4450,0.1641,0.7436,0.7405,-0.0681,96
2026-03-21T17:58:13.446269,2,0.0659,0.0659,0.0529,0.8382,0.3977,-0.0549,0.3939,11
2026-03-21T17:58:13.515367,0,1.6208,1.1872,1.6208,1.1752,0.6085,0.4833,-0.3697,162
2026-03-21T17:58:13.515367,1,0.0857,0.0857,0.0503,0.8579,0.4045,-0.0598,0.4001,12
2026-03-21T17:58:13.586011,0,1.5702,1.1906,1.5702,1.1748,0.6150,0.4802,-0.3843,160
2026-03-21T17:58:13.586011,1,0.0675,0.0675,0.0460,0.8398,0.4018,-0.0556,0.3980,11
2026-03-21T17:58:13.655024,0,1.5698,1.1888,1.5698,1.1739,0.6147,0.4802,-0.3837,160
2026-03-21T17:58:13.655024,1,0.0658,0.0658,0.0539,0.8382,0.3994,-0.0551,0.3956,11
2026-03-21T17:58:13.725638,0,1.5950,1.1881,1.5950,1.1748,0.6126,0.4825,-0.3775,161
2026-03-21T17:58:13.725638,1,0.0676,0.0676,0.0443,0.8395,0.3983,-0.0552,0.3945,11
2026-03-21T17:58:13.794982,0,1.5921,1.1837,1.5921,1.1713,0.6116,0.4817,-0.3768,161
2026-03-21T17:58:13.794982,1,0.0690,0.0690,0.0485,0.8409,0.3989,-0.0551,0.3951,11
2026-03-21T17:58:13.864837,0,1.5412,1.1889,1.5412,1.1739,0.6176,0.4785,-0.3905,159
2026-03-21T17:58:13.864837,1,0.0706,0.0706,0.0455,0.8425,0.4010,-0.0555,0.3972,11
2026-03-21T17:58:13.934350,0,1.6198,1.1866,1.6198,1.1743,0.6092,0.4836,-0.3705,162
2026-03-21T17:58:13.934350,1,0.0713,0.0713,0.0453,0.8434,0.4029,-0.0558,0.3990,11
2026-03-21T17:58:14.003226,0,1.5914,1.1832,1.5914,1.1691,0.6118,0.4819,-0.3769,161
2026-03-21T17:58:14.003226,1,0.0715,0.0715,0.0414,0.8436,0.4024,-0.0559,0.3985,11
2026-03-21T17:58:14.073126,0,1.5971,1.1859,1.5971,1.1748,0.6120,0.4821,-0.3769,161
2026-03-21T17:58:14.073126,1,0.0717,0.0717,0.0307,0.8431,0.3997,-0.0556,0.3958,11
2026-03-21T17:58:14.142489,0,1.5409,1.1825,1.5409,1.1739,0.6178,0.4783,-0.3910,159
2026-03-21T17:58:14.142489,1,0.0733,0.0733,0.0425,0.8449,0.3996,-0.0555,0.3957,11
2026-03-21T17:58:14.212251,0,1.5406,1.1854,1.5406,1.1726,0.6175,0.4782,-0.3906,159
2026-03-21T17:58:14.212251,1,0.0743,0.0743,0.0381,0.8456,0.4000,-0.0556,0.3961,11
2026-03-21T17:58:14.281907,0,1.5668,1.1845,1.5668,1.1721,0.6146,0.4800,-0.3838,160
2026-03-21T17:58:14.281907,1,0.0740,0.0740,0.0366,0.8456,0.4030,-0.0560,0.3991,11
2026-03-21T17:58:14.351783,0,1.5912,1.1828,1.5912,1.1713,0.6117,0.4819,-0.3768,161
2026-03-21T17:58:14.351783,1,0.0751,0.0751,0.0466,0.8472,0.4045,-0.0562,0.4005,11
2026-03-21T17:58:14.421203,0,1.0242,1.0242,0.0755,1.1743,0.8640,0.0903,-0.8593,64
2026-03-21T17:58:14.421203,1,1.4279,0.1824,1.4279,0.1708,0.7438,0.7400,-0.0758,95
2026-03-21T17:58:14.421203,2,0.0723,0.0723,0.0353,0.8438,0.4016,-0.0558,0.3977,11
2026-03-21T17:58:14.491011,0,1.5684,1.1865,1.5684,1.1739,0.6147,0.4800,-0.3840,160
2026-03-21T17:58:14.491011,1,0.0743,0.0743,0.0384,0.8463,0.4049,-0.0563,0.4010,11
2026-03-21T17:58:14.560542,0,1.5158,1.1836,1.5158,1.1713,0.6210,0.4771,-0.3976,158
2026-03-21T17:58:14.560542,1,0.0743,0.0743,0.0396,0.8461,0.4028,-0.0561,0.3989,11
2026-03-21T17:58:14.630759,0,1.5679,1.1843,1.5679,1.1743,0.6150,0.4805,-0.3839,160
2026-03-21T17:58:14.630759,1,0.0764,0.0764,0.0445,0.8483,0.4035,-0.0563,0.3996,11
2026-03-21T17:58:14.701089,0,1.0154,1.0154,0.0830,1.1721,0.8632,0.0904,-0.8584,64
2026-03-21T17:58:14.701089,1,1.4155,0.1882,1.4155,0.1739,0.7440,0.7402,-0.0757,95
2026-03-21T17:58:14.701089,2,0.0735,0.0735,0.0337,0.8454,0.4067,-0.0566,0.4028,11
2026-03-21T17:58:14.770705,0,1.5677,1.1897,1.5677,1.1752,0.6149,0.4800,-0.3843,160
2026-03-21T17:58:14.770705,1,0.0749,0.0749,0.0337,0.8465,0.4052,-0.0564,0.4012,11
2026-03-21T17:58:14.839256,0,1.5704,1.1881,1.5704,1.1739,0.6147,0.4802,-0.3839,160
2026-03-21T17:58:14.839256,1,0.0751,0.0751,0.0426,0.8470,0.4068,-0.0565,0.4029,11
2026-03-21T17:58:14.909491,0,1.5919,1.1853,1.5919,1.1721,0.6116,0.4817,-0.3769,161
2026-03-21T17:58:14.909491,1,0.0777,0.0777,0.0495,0.8497,0.4050,-0.0565,0.4010,11
2026-03-21T17:58:14.979062,0,1.5438,1.1829,1.5438,1.1704,0.6177,0.4783,-0.3908,159
2026-03-21T17:58:14.979062,1,0.0754,0.0754,0.0361,0.8470,0.4062,-0.0566,0.4022,11
2026-03-21T17:58:15.048500,0,1.5709,1.1868,1.5709,1.1748,0.6148,0.4801,-0.3840,160
2026-03-21T17:58:15.048500,1,0.0774,0.0774,0.0518,0.8492,0.4066,-0.0567,0.4027,11
2026-03-21T17:58:15.118447,0,1.0281,1.0281,0.0733,1.1752,0.8627,0.0904,-0.8579,64
2026-03-21T17:58:15.118447,1,1.4780,0.1720,1.4780,0.1604,0.7436,0.7412,-0.0597,97
2026-03-21T17:58:15.118447,2,0.0796,0.0796,0.0485,0.8510,0.4055,-0.0568,0.4016,11
2026-03-21T17:58:15.187852,0,1.5669,1.1871,1.5669,1.1739,0.6147,0.4798,-0.3842,160
2026-03-21T17:58:15.187852,1,0.0771,0.0771,0.0478,0.8492,0.4055,-0.0565,0.4016,11
2026-03-21T17:58:15.257836,0,1.0236,1.0236,0.0718,1.1726,0.8631,0.0901,-0.8584,64
2026-03-21T17:58:15.257836,1,1.4824,0.1776,1.4824,0.1665,0.7428,0.7404,-0.0594,97
2026-03-21T17:58:15.257836,2,0.0790,0.0790,0.0527,0.8508,0.4071,-0.0568,0.4031,11
2026-03-21T17:58:15.327502,0,1.6212,1.1894,1.6212,1.1743,0.6090,0.4840,-0.3697,162
2026-03-21T17:58:15.327502,1,0.0770,0.0770,0.0459,0.8490,0.4068,-0.0567,0.4029,11
2026-03-21T17:58:15.396686,0,1.5220,1.1895,1.5220,1.1748,0.6213,0.4773,-0.3978,158
2026-03-21T17:58:15.396686,1,0.0779,0.0779,0.0464,0.8497,0.4062,-0.0567,0.4022,11
2026-03-21T17:58:15.467927,0,1.5468,1.1855,1.5468,1.1756,0.6174,0.4782,-0.3904,159
2026-03-21T17:58:15.467927,1,0.0767,0.0767,0.0387,0.8485,0.4075,-0.0567,0.4035,11
2026-03-21T17:58:15.536788,0,1.5966,1.1868,1.5966,1.1752,0.6123,0.4822,-0.3774,161
2026-03-21T17:58:15.536788,1,0.0771,0.0771,0.0459,0.8492,0.4056,-0.0565,0.4017,11
2026-03-21T17:58:15.606924,0,1.5704,1.1839,1.5704,1.1721,0.6145,0.4799,-0.3837,160
2026-03-21T17:58:15.606924,1,0.0799,0.0799,0.0562,0.8517,0.4071,-0.0569,0.4031,11
2026-03-21T17:58:15.676077,0,1.0216,1.0216,0.0804,1.1748,0.8630,0.0903,-0.8583,64
2026-03-21T17:58:15.676077,1,1.4848,0.1872,1.4848,0.1739,0.7425,0.7401,-0.0596,97
2026-03-21T17:58:15.676077,2,0.0777,0.0777,0.0498,0.8492,0.4040,-0.0563,0.4001,11
2026-03-21T17:58:15.745984,0,1.0180,1.0180,0.0758,1.1699,0.8624,0.0900,-0.8576,64
2026-03-21T17:58:15.745984,1,1.4513,0.1813,1.4513,0.1696,0.7437,0.7406,-0.0677,96
2026-03-21T17:58:15.745984,2,0.0787,0.0787,0.0474,0.8506,0.4096,-0.0572,0.4056,11
2026-03-21T17:58:15.815633,0,1.5454,1.1863,1.5454,1.1721,0.6183,0.4790,-0.3910,159
2026-03-21T17:58:15.815633,1,0.0780,0.0780,0.0459,0.8497,0.4083,-0.0569,0.4043,11
2026-03-21T17:58:15.884519,0,1.5635,1.1819,1.5635,1.1708,0.6152,0.4805,-0.3841,160
2026-03-21T17:58:15.884519,1,0.0783,0.0783,0.0547,0.8501,0.4078,-0.0568,0.4038,11
2026-03-21T17:58:15.955171,0,1.5959,1.1875,1.5959,1.1752,0.6123,0.4824,-0.3771,161
2026-03-21T17:58:15.955171,1,0.0811,0.0811,0.0573,0.8528,0.4088,-0.0571,0.4048,11
2026-03-21T17:58:16.025420,0,1.5414,1.1848,1.5414,1.1730,0.6181,0.4789,-0.3908,159
2026-03-21T17:58:16.025420,1,0.0632,0.0632,0.0205,0.8344,0.4032,-0.0525,0.3998,10
2026-03-21T17:58:16.094167,0,1.5686,1.1883,1.5686,1.1743,0.6154,0.4806,-0.3843,160
2026-03-21T17:58:16.094167,1,0.0798,0.0798,0.0595,0.8515,0.4075,-0.0569,0.4035,11
2026-03-21T17:58:16.164362,0,1.5445,1.1889,1.5445,1.1752,0.6178,0.4784,-0.3909,159
2026-03-21T17:58:16.164362,1,0.0793,0.0793,0.0576,0.8512,0.4061,-0.0566,0.4021,11
2026-03-21T17:58:16.233970,0,1.5666,1.1880,1.5666,1.1743,0.6150,0.4802,-0.3842,160
2026-03-21T17:58:16.233970,1,0.0632,0.0632,0.0297,0.8346,0.4028,-0.0524,0.3994,10
2026-03-21T17:58:16.303399,0,1.5234,1.1901,1.5234,1.1761,0.6210,0.4768,-0.3980,158
2026-03-21T17:58:16.303399,1,0.0769,0.0769,0.0387,0.8485,0.4068,-0.0568,0.4028,11
2026-03-21T17:58:16.373545,0,1.5707,1.1885,1.5707,1.1743,0.6149,0.4802,-0.3841,160
2026-03-21T17:58:16.373545,1,0.0784,0.0784,0.0454,0.8501,0.4100,-0.0572,0.4060,11
2026-03-21T17:58:16.443535,0,1.5463,1.1907,1.5463,1.1748,0.6177,0.4784,-0.3908,159
2026-03-21T17:58:16.443535,1,0.0794,0.0794,0.0513,0.8512,0.4079,-0.0569,0.4039,11
2026-03-21T17:58:16.512319,0,1.5421,1.1893,1.5421,1.1743,0.6179,0.4786,-0.3909,159
2026-03-21T17:58:16.512319,1,0.0612,0.0612,0.0314,0.8327,0.4013,-0.0521,0.3979,10
2026-03-21T17:58:16.583002,0,1.0253,1.0253,0.1284,1.1730,0.8620,0.0976,-0.8564,65
2026-03-21T17:58:16.583002,1,1.4271,0.1533,1.4271,0.1385,0.7448,0.7416,-0.0689,94
2026-03-21T17:58:16.583002,2,0.0779,0.0779,0.0449,0.8499,0.4090,-0.0570,0.4050,11
2026-03-21T17:58:16.651254,0,1.5401,1.1859,1.5401,1.1743,0.6178,0.4786,-0.3907,159
2026-03-21T17:58:16.651254,1,0.0632,0.0632,0.0297,0.8346,0.4008,-0.0522,0.3974,10
2026-03-21T17:58:16.721500,0,1.5449,1.1842,1.5449,1.1708,0.6175,0.4782,-0.3907,159
2026-03-21T17:58:16.721500,1,0.0649,0.0649,0.0316,0.8362,0.4027,-0.0524,0.3993,10
2026-03-21T17:58:16.791462,0,1.5948,1.1871,1.5948,1.1735,0.6119,0.4817,-0.3773,161
2026-03-21T17:58:16.791462,1,0.0818,0.0818,0.0614,0.8533,0.4085,-0.0572,0.4045,11
2026-03-21T17:58:16.860337,0,1.5647,1.1826,1.5647,1.1717,0.6151,0.4804,-0.3842,160
2026-03-21T17:58:16.860337,1,0.0639,0.0639,0.0293,0.8354,0.4030,-0.0525,0.3996,10
2026-03-21T17:58:16.931437,0,1.0203,1.0203,0.0782,1.1735,0.8624,0.0904,-0.8576,64
2026-03-21T17:58:16.931437,1,1.4752,0.1884,1.4752,0.1776,0.7426,0.7402,-0.0594,97
2026-03-21T17:58:16.931437,2,0.0814,0.0814,0.0575,0.8533,0.4109,-0.0575,0.4069,11
2026-03-21T17:58:17.000547,0,1.5453,1.1858,1.5453,1.1735,0.6178,0.4785,-0.3909,159
2026-03-21T17:58:17.000547,1,0.0634,0.0634,0.0277,0.8346,0.4024,-0.0523,0.3990,10
2026-03-21T17:58:17.070491,0,1.0269,1.0269,0.0749,1.1752,0.8635,0.0903,-0.8588,64
2026-03-21T17:58:17.070491,1,1.4393,0.1855,1.4393,0.1721,0.7443,0.7404,-0.0762,95
2026-03-21T17:58:17.070491,2,0.0641,0.0641,0.0362,0.8358,0.4031,-0.0524,0.3997,10
2026-03-21T17:58:17.139698,0,1.5450,1.1889,1.5450,1.1748,0.6178,0.4783,-0.3910,159
2026-03-21T17:58:17.139698,1,0.0640,0.0640,0.0344,0.8358,0.4063,-0.0529,0.4028,10
2026-03-21T17:58:17.209704,0,1.5729,1.1859,1.5729,1.1748,0.6149,0.4803,-0.3840,160
2026-03-21T17:58:17.209704,1,0.0639,0.0639,0.0334,0.8356,0.4042,-0.0526,0.4008,10
2026-03-21T17:58:17.279164,0,1.5441,1.1875,1.5441,1.1743,0.6180,0.4789,-0.3906,159
2026-03-21T17:58:17.279164,1,0.0655,0.0655,0.0217,0.8367,0.4044,-0.0528,0.4009,10
2026-03-21T17:58:17.348647,0,1.5936,1.1852,1.5936,1.1748,0.6120,0.4817,-0.3774,161
2026-03-21T17:58:17.348647,1,0.0657,0.0657,0.0267,0.8371,0.4042,-0.0527,0.4007,10
2026-03-21T17:58:17.417555,0,1.5421,1.1853,1.5421,1.1730,0.6179,0.4787,-0.3908,159
2026-03-21T17:58:17.417555,1,0.0817,0.0703,0.0817,0.8362,0.4100,-0.0494,0.4070,11
2026-03-21T17:58:17.488309,0,1.5683,1.1860,1.5683,1.1726,0.6151,0.4804,-0.3842,160
2026-03-21T17:58:17.488309,1,0.0640,0.0640,0.0298,0.8356,0.4046,-0.0527,0.4011,10
2026-03-21T17:58:17.557713,0,1.5487,1.1854,1.5487,1.1739,0.6179,0.4787,-0.3908,159
2026-03-21T17:58:17.557713,1,0.0645,0.0645,0.0297,0.8360,0.4054,-0.0528,0.4019,10
2026-03-21T17:58:17.627555,0,1.5412,1.1854,1.5412,1.1739,0.6177,0.4783,-0.3909,159
2026-03-21T17:58:17.627555,1,0.0654,0.0654,0.0344,0.8371,0.4075,-0.0530,0.4040,10
2026-03-21T17:58:17.696890,0,1.5436,1.1833,1.5436,1.1717,0.6179,0.4787,-0.3907,159
2026-03-21T17:58:17.696890,1,0.0662,0.0662,0.0333,0.8375,0.4036,-0.0526,0.4001,10
2026-03-21T17:58:17.767559,0,1.0183,1.0183,0.0828,1.1739,0.8633,0.0902,-0.8586,64
2026-03-21T17:58:17.767559,1,1.4630,0.1881,1.4630,0.1739,0.7430,0.7399,-0.0676,96
2026-03-21T17:58:17.767559,2,0.0664,0.0664,0.0308,0.8381,0.4076,-0.0531,0.4041,10
2026-03-21T17:58:17.836517,0,1.5914,1.1835,1.5914,1.1730,0.6116,0.4816,-0.3768,161
2026-03-21T17:58:17.836517,1,0.0659,0.0659,0.0273,0.8373,0.4056,-0.0529,0.4021,10
2026-03-21T17:58:17.905955,0,1.5452,1.1891,1.5452,1.1752,0.6176,0.4784,-0.3906,159
2026-03-21T17:58:17.905955,1,0.0659,0.0659,0.0364,0.8375,0.4048,-0.0526,0.4013,10
2026-03-21T17:58:17.975402,0,1.5694,1.1873,1.5694,1.1730,0.6152,0.4803,-0.3844,160
2026-03-21T17:58:17.975402,1,0.0649,0.0649,0.0353,0.8367,0.4051,-0.0527,0.4016,10
2026-03-21T17:58:18.046637,0,1.5445,1.1867,1.5445,1.1752,0.6177,0.4783,-0.3909,159
2026-03-21T17:58:18.046637,1,0.0654,0.0654,0.0262,0.8367,0.4028,-0.0525,0.3993,10
2026-03-21T17:58:18.115271,0,1.5758,1.1877,1.5758,1.1765,0.6142,0.4796,-0.3837,160
2026-03-21T17:58:18.115271,1,0.0666,0.0666,0.0294,0.8381,0.4076,-0.0532,0.4041,10
2026-03-21T17:58:18.184770,0,1.5447,1.1852,1.5447,1.1743,0.6171,0.4781,-0.3901,159
2026-03-21T17:58:18.184770,1,0.0648,0.0648,0.0334,0.8365,0.4052,-0.0528,0.4017,10
2026-03-21T17:58:18.254292,0,1.5698,1.1843,1.5698,1.1726,0.6148,0.4801,-0.3840,160
2026-03-21T17:58:18.254292,1,0.0675,0.0675,0.0303,0.8392,0.4059,-0.0530,0.4024,10
2026-03-21T17:58:18.324294,0,1.5401,1.1874,1.5401,1.1743,0.6172,0.4780,-0.3904,159
2026-03-21T17:58:18.324294,1,0.0645,0.0645,0.0268,0.8360,0.4059,-0.0528,0.4024,10
2026-03-21T17:58:18.394474,0,1.5984,1.1892,1.5984,1.1761,0.6120,0.4818,-0.3773,161
2026-03-21T17:58:18.394474,1,0.0661,0.0661,0.0322,0.8377,0.4053,-0.0529,0.4018,10
2026-03-21T17:58:18.464564,0,1.5445,1.1824,1.5445,1.1691,0.6179,0.4785,-0.3909,159
2026-03-21T17:58:18.464564,1,0.0992,0.0059,0.0992,0.0052,1.0643,0.7521,0.7530,5
2026-03-21T17:58:18.464564,2,0.0649,0.0649,0.0253,0.8362,0.4040,-0.0526,0.4005,10
2026-03-21T17:58:18.533801,0,1.0138,1.0138,0.0908,1.1748,0.8621,0.0901,-0.8574,64
2026-03-21T17:58:18.533801,1,1.4874,0.1442,1.4874,0.1334,0.7445,0.7427,-0.0523,96
2026-03-21T17:58:18.533801,2,0.0674,0.0674,0.0270,0.8387,0.4061,-0.0531,0.4026,10
2026-03-21T17:58:18.603760,0,1.0163,1.0163,0.0919,1.1761,0.8629,0.0904,-0.8582,64
2026-03-21T17:58:18.603760,1,1.5077,0.1913,1.5077,0.1788,0.7417,0.7400,-0.0507,98
2026-03-21T17:58:18.603760,2,0.0735,0.0735,0.0706,0.8392,0.4124,-0.0499,0.4093,11
2026-03-21T17:58:18.673470,0,1.5691,1.1838,1.5691,1.1739,0.6150,0.4802,-0.3842,160
2026-03-21T17:58:18.673470,1,0.0673,0.0673,0.0267,0.8387,0.4064,-0.0532,0.4029,10
2026-03-21T17:58:18.742313,0,1.5490,1.1879,1.5490,1.1748,0.6179,0.4786,-0.3909,159
2026-03-21T17:58:18.742313,1,0.0687,0.0687,0.0393,0.8400,0.4065,-0.0532,0.4030,10
2026-03-21T17:58:18.812588,0,1.5490,1.1869,1.5490,1.1761,0.6175,0.4783,-0.3906,159
2026-03-21T17:58:18.812588,1,0.0676,0.0676,0.0299,0.8390,0.4056,-0.0530,0.4021,10
2026-03-21T17:58:18.882958,0,1.0234,1.0234,0.0787,1.1748,0.8629,0.0905,-0.8581,64
2026-03-21T17:58:18.882958,1,1.4099,0.1813,1.4099,0.1696,0.7448,0.7400,-0.0839,94
2026-03-21T17:58:18.882958,2,0.0984,0.0065,0.0984,0.0037,1.0623,0.7507,0.7515,5
2026-03-21T17:58:18.882958,3,0.0665,0.0665,0.0423,0.8383,0.4059,-0.0528,0.4024,10
2026-03-21T17:58:18.951377,0,1.0200,1.0200,0.0817,1.1743,0.8627,0.0901,-0.8580,64
2026-03-21T17:58:18.951377,1,1.5044,0.1811,1.5044,0.1702,0.7418,0.7400,-0.0518,98
2026-03-21T17:58:18.951377,2,0.0649,0.0649,0.0327,0.8365,0.4054,-0.0527,0.4019,10
2026-03-21T17:58:19.021571,0,1.0146,1.0146,0.0846,1.1726,0.8632,0.0901,-0.8584,64
2026-03-21T17:58:19.021571,1,1.4270,0.1901,1.4270,0.1751,0.7438,0.7399,-0.0759,95
2026-03-21T17:58:19.021571,2,0.0657,0.0657,0.0318,0.8375,0.4054,-0.0529,0.4019,10
2026-03-21T17:58:19.091125,0,1.0278,1.0278,0.0741,1.1743,0.8635,0.0903,-0.8588,64
2026-03-21T17:58:19.091125,1,1.4238,0.1827,1.4238,0.1721,0.7437,0.7398,-0.0759,95
2026-03-21T17:58:19.091125,2,0.0677,0.0677,0.0354,0.8392,0.4060,-0.0531,0.4025,10
2026-03-21T17:58:19.161242,0,1.5497,1.1883,1.5497,1.1761,0.6179,0.4786,-0.3909,159
2026-03-21T17:58:19.161242,1,0.0652,0.0652,0.0285,0.8369,0.4055,-0.0529,0.4020,10
2026-03-21T17:58:19.230935,0,1.6207,1.1862,1.6207,1.1739,0.6088,0.4836,-0.3699,162
2026-03-21T17:58:19.230935,1,0.0664,0.0664,0.0216,0.8375,0.4042,-0.0528,0.4007,10
2026-03-21T17:58:19.299954,0,1.5451,1.1819,1.5451,1.1721,0.6180,0.4786,-0.3909,159
2026-03-21T17:58:19.299954,1,0.0817,0.0723,0.0817,0.8383,0.4117,-0.0496,0.4087,11
2026-03-21T17:58:19.369615,0,1.5473,1.1821,1.5473,1.1721,0.6180,0.4787,-0.3909,159
2026-03-21T17:58:19.369615,1,0.0681,0.0681,0.0296,0.8394,0.4083,-0.0533,0.4048,10
2026-03-21T17:58:19.439639,0,1.6206,1.1850,1.6206,1.1726,0.6089,0.4836,-0.3699,162
2026-03-21T17:58:19.439639,1,0.0746,0.0711,0.0746,0.8369,0.4097,-0.0494,0.4067,11
2026-03-21T17:58:19.508785,0,1.5944,1.1857,1.5944,1.1735,0.6123,0.4823,-0.3773,161
2026-03-21T17:58:19.508785,1,0.0648,0.0648,0.0344,0.8365,0.4035,-0.0525,0.4001,10
2026-03-21T17:58:19.579405,0,1.4985,1.1871,1.4985,1.1735,0.6240,0.4753,-0.4044,157
2026-03-21T17:58:19.579405,1,0.0652,0.0652,0.0292,0.8367,0.4029,-0.0525,0.3994,10
2026-03-21T17:58:19.647914,0,1.5433,1.1835,1.5433,1.1730,0.6182,0.4786,-0.3912,159
2026-03-21T17:58:19.647914,1,0.0785,0.0729,0.0785,0.8387,0.4102,-0.0495,0.4072,11
2026-03-21T17:58:19.718855,0,1.5437,1.1812,1.5437,1.1726,0.6173,0.4784,-0.3901,159
2026-03-21T17:58:19.718855,1,0.0652,0.0652,0.0293,0.8367,0.4045,-0.0527,0.4010,10
2026-03-21T17:58:19.787743,0,1.5189,1.1835,1.5189,1.1721,0.6208,0.4769,-0.3975,158
2026-03-21T17:58:19.787743,1,0.0667,0.0667,0.0216,0.8381,0.4065,-0.0531,0.4030,10
2026-03-21T17:58:19.857314,0,1.5736,1.1884,1.5736,1.1761,0.6148,0.4801,-0.3839,160
2026-03-21T17:58:19.857314,1,0.0641,0.0641,0.0353,0.8358,0.4029,-0.0525,0.3995,10
2026-03-21T17:58:19.927869,0,1.5220,1.1879,1.5220,1.1748,0.6201,0.4764,-0.3971,158
2026-03-21T17:58:19.927869,1,0.0445,0.0066,0.0445,0.0043,1.0242,0.7490,0.6986,3
2026-03-21T17:58:19.927869,2,0.0637,0.0637,0.0293,0.8352,0.4040,-0.0526,0.4006,10
2026-03-21T17:58:19.998107,0,1.0268,1.0268,0.1223,1.1721,0.8625,0.0979,-0.8569,65
2026-03-21T17:58:19.998107,1,1.4054,0.1518,1.4054,0.1385,0.7451,0.7411,-0.0770,93
2026-03-21T17:58:19.998107,2,0.0643,0.0643,0.0247,0.8354,0.4032,-0.0525,0.3998,10
2026-03-21T17:58:20.066781,0,1.0259,1.0259,0.1231,1.1730,0.8623,0.0978,-0.8568,65
2026-03-21T17:58:20.066781,1,1.4543,0.1502,1.4543,0.1385,0.7442,0.7417,-0.0610,95
2026-03-21T17:58:20.066781,2,0.0629,0.0629,0.0357,0.8346,0.4037,-0.0525,0.4003,10
2026-03-21T17:58:20.136857,0,1.5495,1.1878,1.5495,1.1770,0.6183,0.4789,-0.3911,159
2026-03-21T17:58:20.136857,1,0.0637,0.0637,0.0344,0.8354,0.4034,-0.0525,0.4000,10
2026-03-21T17:58:20.207445,0,1.0175,1.0175,0.0820,1.1730,0.8624,0.0899,-0.8577,64
2026-03-21T17:58:20.207445,1,1.4345,0.1845,1.4345,0.1714,0.7443,0.7404,-0.0761,95
2026-03-21T17:58:20.207445,2,0.0641,0.0641,0.0336,0.8356,0.4022,-0.0523,0.3988,10
2026-03-21T17:58:20.276108,0,1.5665,1.1861,1.5665,1.1756,0.6145,0.4799,-0.3838,160
2026-03-21T17:58:20.276108,1,0.0640,0.0640,0.0402,0.8356,0.4018,-0.0523,0.3984,10
2026-03-21T17:58:20.345763,0,1.5452,1.1855,1.5452,1.1752,0.6177,0.4784,-0.3907,159
2026-03-21T17:58:20.345763,1,0.0653,0.0653,0.0317,0.8369,0.4048,-0.0527,0.4013,10
2026-03-21T17:58:20.415105,0,1.5431,1.1853,1.5431,1.1730,0.6176,0.4785,-0.3904,159
2026-03-21T17:58:20.415105,1,0.0664,0.0664,0.0294,0.8379,0.4044,-0.0527,0.4009,10
2026-03-21T17:58:20.485589,0,1.5227,1.1832,1.5227,1.1726,0.6206,0.4768,-0.3972,158
2026-03-21T17:58:20.485589,1,0.0735,0.0723,0.0735,0.8379,0.4092,-0.0494,0.4062,11
2026-03-21T17:58:20.554673,0,1.5733,1.1821,1.5733,1.1704,0.6147,0.4800,-0.3841,160
2026-03-21T17:58:20.554673,1,0.0674,0.0674,0.0296,0.8387,0.4054,-0.0530,0.4019,10
2026-03-21T17:58:20.623586,0,1.5716,1.1851,1.5716,1.1748,0.6144,0.4798,-0.3837,160
2026-03-21T17:58:20.623586,1,0.0685,0.0685,0.0335,0.8398,0.4037,-0.0528,0.4002,10
2026-03-21T17:58:20.694387,0,1.5964,1.1843,1.5964,1.1735,0.6124,0.4823,-0.3774,161
2026-03-21T17:58:20.694387,1,0.0672,0.0672,0.0289,0.8385,0.4072,-0.0531,0.4037,10
2026-03-21T17:58:20.763549,0,1.5652,1.1853,1.5652,1.1730,0.6145,0.4801,-0.3836,160
2026-03-21T17:58:20.763549,1,0.0672,0.0672,0.0402,0.8390,0.4057,-0.0529,0.4022,10
2026-03-21T17:58:20.833133,0,1.5690,1.1881,1.5690,1.1726,0.6151,0.4805,-0.3840,160
2026-03-21T17:58:20.833133,1,0.0654,0.0654,0.0334,0.8371,0.4040,-0.0526,0.4005,10
2026-03-21T17:58:20.903125,0,1.0211,1.0211,0.0855,1.1761,0.8635,0.0902,-0.8588,64
2026-03-21T17:58:20.903125,1,1.4370,0.1860,1.4370,0.1727,0.7440,0.7401,-0.0760,95
2026-03-21T17:58:20.903125,2,0.0677,0.0677,0.0316,0.8392,0.4061,-0.0530,0.4026,10
2026-03-21T17:58:20.972333,0,1.5450,1.1879,1.5450,1.1748,0.6180,0.4788,-0.3908,159
2026-03-21T17:58:20.972333,1,0.0661,0.0661,0.0264,0.8375,0.4062,-0.0530,0.4027,10
2026-03-21T17:58:21.042256,0,1.5697,1.1886,1.5697,1.1752,0.6148,0.4800,-0.3841,160
2026-03-21T17:58:21.042256,1,0.0657,0.0657,0.0404,0.8377,0.4059,-0.0529,0.4024,10
2026-03-21T17:58:21.112198,0,1.6167,1.1878,1.6167,1.1739,0.6091,0.4834,-0.3705,162
2026-03-21T17:58:21.112198,1,0.0670,0.0670,0.0323,0.8387,0.4068,-0.0530,0.4033,10
2026-03-21T17:58:21.181074,0,1.5497,1.1868,1.5497,1.1748,0.6179,0.4786,-0.3909,159
2026-03-21T17:58:21.181074,1,0.0662,0.0662,0.0205,0.8375,0.4063,-0.0531,0.4028,10
2026-03-21T17:58:21.251861,0,1.0216,1.0216,0.0804,1.1748,0.8635,0.0901,-0.8588,64
2026-03-21T17:58:21.251861,1,1.5104,0.1907,1.5104,0.1776,0.7423,0.7405,-0.0515,98
2026-03-21T17:58:21.251861,2,0.0674,0.0674,0.0314,0.8387,0.4052,-0.0529,0.4017,10
2026-03-21T17:58:21.321315,0,1.5412,1.1872,1.5412,1.1739,0.6178,0.4785,-0.3908,159
2026-03-21T17:58:21.321315,1,0.0676,0.0676,0.0325,0.8392,0.4045,-0.0529,0.4010,10
2026-03-21T17:58:21.390109,0,1.0165,1.0165,0.0852,1.1739,0.8639,0.0901,-0.8592,64
2026-03-21T17:58:21.390109,1,1.4306,0.1864,1.4306,0.1739,0.7437,0.7399,-0.0760,95
2026-03-21T17:58:21.390109,2,0.0676,0.0676,0.0365,0.8392,0.4056,-0.0529,0.4021,10
2026-03-21T17:58:21.460673,0,1.5680,1.1871,1.5680,1.1730,0.6149,0.4800,-0.3844,160
2026-03-21T17:58:21.460673,1,0.0689,0.0689,0.0346,0.8400,0.4046,-0.0530,0.4011,10
2026-03-21T17:58:21.529794,0,1.6203,1.1864,1.6203,1.1739,0.6085,0.4833,-0.3699,162
2026-03-21T17:58:21.529794,1,0.0765,0.0765,0.0626,0.8419,0.4121,-0.0500,0.4090,11
2026-03-21T17:58:21.599665,0,1.5691,1.1855,1.5691,1.1752,0.6148,0.4801,-0.3840,160
2026-03-21T17:58:21.599665,1,0.0699,0.0699,0.0432,0.8412,0.4070,-0.0533,0.4035,10
2026-03-21T17:58:21.669661,0,1.5632,1.1825,1.5632,1.1708,0.6150,0.4805,-0.3839,160
2026-03-21T17:58:21.669661,1,0.0693,0.0693,0.0363,0.8406,0.4074,-0.0533,0.4039,10
2026-03-21T17:58:21.738620,0,1.5412,1.1833,1.5412,1.1717,0.6178,0.4786,-0.3907,159
2026-03-21T17:58:21.738620,1,0.0703,0.0703,0.0463,0.8417,0.4067,-0.0532,0.4032,10
2026-03-21T17:58:21.808155,0,1.5397,1.1837,1.5397,1.1717,0.6178,0.4786,-0.3907,159
2026-03-21T17:58:21.808155,1,0.0694,0.0694,0.0383,0.8408,0.4064,-0.0532,0.4029,10
2026-03-21T17:58:21.878838,0,1.5423,1.1860,1.5423,1.1735,0.6182,0.4788,-0.3911,159
2026-03-21T17:58:21.878838,1,0.0676,0.0676,0.0405,0.8390,0.4045,-0.0528,0.4010,10
2026-03-21T17:58:21.948109,0,1.5677,1.1844,1.5677,1.1739,0.6145,0.4797,-0.3840,160
2026-03-21T17:58:21.948109,1,0.0757,0.0757,0.0696,0.8414,0.4139,-0.0502,0.4108,11
2026-03-21T17:58:22.018470,0,1.5385,1.1872,1.5385,1.1739,0.6181,0.4786,-0.3911,159
2026-03-21T17:58:22.018470,1,0.0678,0.0678,0.0336,0.8394,0.4069,-0.0531,0.4034,10
2026-03-21T17:58:22.087283,0,1.5702,1.1870,1.5702,1.1748,0.6149,0.4803,-0.3840,160
2026-03-21T17:58:22.087283,1,0.0855,0.0750,0.0855,0.8410,0.4118,-0.0497,0.4088,11
2026-03-21T17:58:22.157547,0,1.5658,1.1867,1.5658,1.1726,0.6147,0.4801,-0.3838,160
2026-03-21T17:58:22.157547,1,0.0672,0.0672,0.0345,0.8392,0.4068,-0.0531,0.4033,10
2026-03-21T17:58:22.227405,0,1.6192,1.1858,1.6192,1.1730,0.6086,0.4832,-0.3699,162
2026-03-21T17:58:22.227405,1,0.0797,0.0747,0.0797,0.8406,0.4103,-0.0496,0.4072,11
2026-03-21T17:58:22.295866,0,1.5701,1.1873,1.5701,1.1721,0.6150,0.4804,-0.3839,160
2026-03-21T17:58:22.295866,1,0.0701,0.0701,0.0433,0.8412,0.4074,-0.0533,0.4039,10
2026-03-21T17:58:22.366802,0,1.5674,1.1846,1.5674,1.1735,0.6152,0.4805,-0.3842,160
2026-03-21T17:58:22.366802,1,0.0692,0.0692,0.0345,0.8406,0.4099,-0.0535,0.4064,10
2026-03-21T17:58:22.436724,0,1.5450,1.1848,1.5450,1.1730,0.6179,0.4787,-0.3906,159
2026-03-21T17:58:22.436724,1,0.0747,0.0747,0.0718,0.8404,0.4110,-0.0498,0.4080,11
2026-03-21T17:58:22.505828,0,1.5960,1.1856,1.5960,1.1739,0.6119,0.4821,-0.3769,161
2026-03-21T17:58:22.505828,1,0.0703,0.0703,0.0403,0.8414,0.4071,-0.0533,0.4036,10
2026-03-21T17:58:22.576042,0,1.5422,1.1834,1.5422,1.1717,0.6182,0.4789,-0.3909,159
2026-03-21T17:58:22.576042,1,0.0734,0.0734,0.0716,0.8392,0.4105,-0.0496,0.4075,11
2026-03-21T17:58:22.645188,0,1.5446,1.1823,1.5446,1.1721,0.6179,0.4785,-0.3909,159
2026-03-21T17:58:22.645188,1,0.0627,0.0627,0.0393,0.8348,0.4039,-0.0525,0.4005,10
2026-03-21T17:58:22.714656,0,1.6181,1.1860,1.6181,1.1743,0.6088,0.4835,-0.3701,162
2026-03-21T17:58:22.714656,1,0.0626,0.0626,0.0303,0.8342,0.4046,-0.0526,0.4012,10
