timestamp,object_id,length_m,width_m,depth_m,height_above_baseline_m,distance_m,centroid_x,centroid_y,point_count
2026-03-21T17:36:18.296048,0,1.1257,1.1257,0.0286,0.8840,0.8760,0.1111,-0.8689,66
2026-03-21T17:36:18.296048,1,0.0431,0.0431,0.0155,0.8687,1.1422,0.7495,-0.8620,3
2026-03-21T17:36:18.296048,2,1.4339,0.0240,1.4339,0.7467,0.7517,0.7513,0.0230,88
2026-03-21T17:36:18.365682,0,1.1208,1.1208,0.0246,0.8802,0.8758,0.1111,-0.8687,66
2026-03-21T17:36:18.365682,1,1.3885,0.0264,1.3885,0.7141,0.7516,0.7515,-0.0099,86
2026-03-21T17:36:18.365682,2,0.0492,0.0016,0.0492,0.7517,1.0466,0.7527,0.7271,3
2026-03-21T17:36:18.434481,0,1.1865,1.1865,0.0316,0.8810,0.8796,0.1388,-0.8685,69
2026-03-21T17:36:18.434481,1,1.4049,0.0250,1.4049,0.7100,0.7513,0.7513,-0.0022,87
2026-03-21T17:36:18.503690,0,1.1008,1.1008,0.0214,0.8779,0.8741,0.1020,-0.8681,65
2026-03-21T17:36:18.503690,1,0.0625,0.0625,0.0477,0.8720,1.1355,0.7450,-0.8569,5
2026-03-21T17:36:18.503690,2,1.3898,0.0247,1.3898,0.7120,0.7523,0.7523,-0.0101,86
2026-03-21T17:36:18.573206,0,1.1909,1.1909,0.0291,0.8800,0.8798,0.1390,-0.8687,69
2026-03-21T17:36:18.573206,1,1.3300,0.0223,1.3300,0.6818,0.7518,0.7517,-0.0099,84
2026-03-21T17:36:18.642100,0,1.1907,1.1907,0.0272,0.8774,0.8791,0.1388,-0.8681,69
2026-03-21T17:36:18.642100,1,1.4354,0.0285,1.4354,0.7377,0.7517,0.7516,-0.0106,88
2026-03-21T17:36:18.712553,0,1.1010,1.1010,0.0203,0.8810,0.8746,0.1021,-0.8686,65
2026-03-21T17:36:18.712553,1,0.0640,0.0640,0.0484,0.8712,1.1357,0.7451,-0.8570,5
2026-03-21T17:36:18.712553,2,1.3630,0.0225,1.3630,0.6990,0.7509,0.7508,0.0146,85
2026-03-21T17:36:18.781537,0,1.1936,1.1936,0.0270,0.8794,0.8792,0.1389,-0.8682,69
2026-03-21T17:36:18.781537,1,1.3590,0.0200,1.3590,0.6852,0.7514,0.7514,-0.0018,85
2026-03-21T17:36:18.851127,0,1.1923,1.1923,0.0275,0.8814,0.8794,0.1390,-0.8683,69
2026-03-21T17:36:18.851127,1,1.3630,0.0223,1.3630,0.6872,0.7516,0.7516,-0.0019,85
2026-03-21T17:36:18.921516,0,1.1980,1.1980,0.0252,3.1149,0.8795,0.1387,-0.8685,69
2026-03-21T17:36:18.921516,1,1.3318,0.0274,1.3318,2.8718,0.7511,0.7508,0.0221,84
2026-03-21T17:36:18.990762,0,1.0764,1.0764,0.0205,3.1112,0.8735,0.0930,-0.8685,64
2026-03-21T17:36:18.990762,1,0.0925,0.0925,0.0429,3.1036,1.1305,0.7345,-0.8594,6
2026-03-21T17:36:18.990762,2,1.3882,0.0313,1.3882,2.9234,0.7511,0.7511,0.0057,86
2026-03-21T17:36:19.059784,0,1.1954,1.1954,0.0524,3.1132,0.8804,0.1480,-0.8679,70
2026-03-21T17:36:19.059784,1,1.4083,0.0236,1.4083,2.9181,0.7514,0.7513,0.0145,87
2026-03-21T17:36:19.130144,0,1.1934,1.1934,0.0259,3.1104,0.8792,0.1388,-0.8682,69
2026-03-21T17:36:19.130144,1,0.0477,0.0077,0.0477,3.0535,1.1072,0.7690,-0.7966,3
2026-03-21T17:36:19.130144,2,1.4359,0.0217,1.4359,2.9214,0.7517,0.7514,0.0229,88
2026-03-21T17:36:19.199368,0,1.1992,1.1992,0.0573,3.1159,0.8811,0.1484,-0.8685,70
2026-03-21T17:36:19.199368,1,1.4117,0.0234,1.4117,2.9449,0.7515,0.7515,-0.0021,87
2026-03-21T17:36:19.269485,0,1.1965,1.1965,0.0537,3.1123,0.8809,0.1480,-0.8684,70
2026-03-21T17:36:19.269485,1,1.3855,0.0280,1.3855,2.9214,0.7515,0.7515,0.0060,86
2026-03-21T17:36:19.339443,0,1.1974,1.1974,0.0239,3.1114,0.8796,0.1390,-0.8686,69
2026-03-21T17:36:19.339443,1,1.4602,0.0281,1.4602,2.9699,0.7521,0.7521,-0.0025,89
2026-03-21T17:36:19.408561,0,1.1245,1.1245,0.0228,3.1142,0.8751,0.1110,-0.8681,66
2026-03-21T17:36:19.408561,1,1.3624,0.0244,1.3624,2.9227,0.7510,0.7510,-0.0018,85
2026-03-21T17:36:19.478710,0,1.1938,1.1938,0.0289,3.1149,0.8797,0.1391,-0.8687,69
2026-03-21T17:36:19.478710,1,1.3108,0.0225,1.3108,2.8975,0.7515,0.7515,-0.0017,83
2026-03-21T17:36:19.548307,0,1.1210,1.1210,0.0200,3.1132,0.8757,0.1111,-0.8687,66
2026-03-21T17:36:19.548307,1,0.0463,0.0463,0.0163,3.1015,1.1399,0.7479,-0.8602,3
2026-03-21T17:36:19.548307,2,1.3384,0.0214,1.3384,2.8955,0.7515,0.7515,0.0062,84
2026-03-21T17:36:19.617824,0,1.1267,1.1267,0.0236,3.1162,0.8763,0.1114,-0.8692,66
2026-03-21T17:36:19.617824,1,1.3563,0.0209,1.3563,2.9174,0.7516,0.7516,-0.0018,85
2026-03-21T17:36:19.617824,2,0.0491,0.0043,0.0491,1.5331,1.0439,0.7508,0.7253,3
2026-03-21T17:36:19.687882,0,1.0997,1.0997,0.0220,3.1142,0.8747,0.1019,-0.8687,65
2026-03-21T17:36:19.687882,1,1.3347,0.0254,1.3347,2.8699,0.7513,0.7509,0.0223,84
2026-03-21T17:36:19.687882,2,0.0474,0.0050,0.0474,1.5049,1.0616,0.7505,0.7508,3
2026-03-21T17:36:19.756972,0,1.1250,1.1250,0.0218,3.1109,0.8758,0.1110,-0.8687,66
2026-03-21T17:36:19.756972,1,1.4382,0.0257,1.4382,2.9965,0.7532,0.7527,-0.0271,88
2026-03-21T17:36:19.827269,0,1.1934,1.1934,0.0272,3.1118,0.8801,0.1389,-0.8691,69
2026-03-21T17:36:19.827269,1,1.3318,0.0221,1.3318,2.8929,0.7513,0.7512,0.0062,84
2026-03-21T17:36:19.896451,0,1.1976,1.1976,0.0240,3.1122,0.8801,0.1389,-0.8691,69
2026-03-21T17:36:19.896451,1,1.3357,0.0268,1.3357,2.8968,0.7515,0.7515,0.0061,84
2026-03-21T17:36:19.966973,0,1.1288,1.1288,0.0251,3.1133,0.8760,0.1108,-0.8690,66
2026-03-21T17:36:19.966973,1,1.3570,0.0197,1.3570,2.8922,0.7516,0.7515,0.0144,85
2026-03-21T17:36:19.966973,2,0.0789,0.0368,0.0789,1.6905,0.5911,-0.1174,0.5793,6
2026-03-21T17:36:19.966973,3,0.0442,0.0204,0.0442,1.7719,0.4962,-0.1408,0.4758,4
2026-03-21T17:36:20.036086,0,1.1240,1.1240,0.0233,3.1132,0.8751,0.1110,-0.8680,66
2026-03-21T17:36:20.036086,1,1.3855,0.0232,1.3855,2.9214,0.7517,0.7517,0.0063,86
2026-03-21T17:36:20.036086,2,0.1005,0.0484,0.1005,1.7878,0.5024,-0.1201,0.4878,9
2026-03-21T17:36:20.105880,0,1.1948,1.1948,0.0563,3.1149,0.8806,0.1480,-0.8681,70
2026-03-21T17:36:20.105880,1,1.2194,0.0184,1.2194,2.7777,0.7517,0.7503,0.0460,79
2026-03-21T17:36:20.105880,2,0.0727,0.0628,0.0727,1.7993,0.4748,-0.1144,0.4609,9
2026-03-21T17:36:20.175657,0,1.1273,1.1273,0.0220,3.1119,0.8759,0.1111,-0.8689,66
2026-03-21T17:36:20.175657,1,0.0457,0.0457,0.0133,3.1008,1.1419,0.7492,-0.8617,3
2026-03-21T17:36:20.175657,2,1.3622,0.0248,1.3622,2.8981,0.7510,0.7509,0.0142,85
2026-03-21T17:36:20.175657,3,0.0652,0.0652,0.0648,1.8102,0.4664,-0.1125,0.4526,9
2026-03-21T17:36:20.245502,0,1.1976,1.1976,0.0235,3.1132,0.8790,0.1389,-0.8679,69
2026-03-21T17:36:20.245502,1,1.4095,0.0305,1.4095,2.9706,0.7524,0.7522,-0.0190,87
2026-03-21T17:36:20.245502,2,0.0695,0.0459,0.0695,1.8030,0.4631,-0.1076,0.4504,8
2026-03-21T17:36:20.314774,0,1.1272,1.1272,0.0248,3.1139,0.8757,0.1110,-0.8686,66
2026-03-21T17:36:20.314774,1,0.0412,0.0412,0.0133,3.1008,1.1426,0.7497,-0.8622,3
2026-03-21T17:36:20.314774,2,1.3314,0.0235,1.3314,2.8686,0.7511,0.7508,0.0223,84
2026-03-21T17:36:20.314774,3,0.0675,0.0591,0.0675,1.8099,0.4652,-0.1084,0.4524,8
2026-03-21T17:36:20.385224,0,1.1248,1.1248,0.0213,3.1129,0.8760,0.1115,-0.8689,66
2026-03-21T17:36:20.385224,1,0.0405,0.0405,0.0193,3.1038,1.1432,0.7501,-0.8627,3
2026-03-21T17:36:20.385224,2,1.4083,0.0200,1.4083,2.9187,0.7516,0.7515,0.0150,87
2026-03-21T17:36:20.385224,3,0.0509,0.0509,0.0273,1.7924,0.4616,-0.1039,0.4497,7
2026-03-21T17:36:20.454422,0,1.1912,1.1912,0.0278,3.1123,0.8797,0.1393,-0.8686,69
2026-03-21T17:36:20.454422,1,1.3351,0.0209,1.3351,2.8961,0.7512,0.7512,0.0068,84
2026-03-21T17:36:20.454422,2,0.0729,0.0357,0.0729,1.8021,0.4644,-0.0960,0.4544,7
2026-03-21T17:36:20.523784,0,1.1268,1.1268,0.0224,3.1159,0.8759,0.1111,-0.8688,66
2026-03-21T17:36:20.523784,1,1.4333,0.0274,1.4333,2.9187,0.7516,0.7512,0.0230,88
2026-03-21T17:36:20.523784,2,0.0493,0.0493,0.0400,1.7972,0.4629,-0.1041,0.4510,7
2026-03-21T17:36:20.593267,0,1.0740,1.0740,0.0230,3.1132,0.8738,0.0930,-0.8688,64
2026-03-21T17:36:20.593267,1,0.0887,0.0887,0.0475,3.1017,1.1258,0.7314,-0.8559,6
2026-03-21T17:36:20.593267,2,1.3101,0.0198,1.3101,2.8712,0.7509,0.7507,0.0144,83
2026-03-21T17:36:20.593267,3,0.0433,0.0433,0.0421,1.7934,0.4617,-0.1037,0.4499,7
2026-03-21T17:36:20.662280,0,1.0987,1.0987,0.0189,3.1123,0.8750,0.1022,-0.8690,65
2026-03-21T17:36:20.662280,1,1.3604,0.0239,1.3604,2.8935,0.7519,0.7518,0.0143,85
2026-03-21T17:36:20.662280,2,0.0695,0.0587,0.0695,1.8080,0.4646,-0.1083,0.4518,8
2026-03-21T17:36:20.731738,0,1.1023,1.1023,0.0232,3.1152,0.8751,0.1020,-0.8692,65
2026-03-21T17:36:20.731738,1,1.3862,0.0287,1.3862,2.9207,0.7510,0.7510,0.0060,86
2026-03-21T17:36:20.731738,2,0.0598,0.0371,0.0598,1.8013,0.4594,-0.1029,0.4478,7
2026-03-21T17:36:20.801376,0,1.1901,1.1901,0.0583,3.1133,0.8801,0.1478,-0.8676,70
2026-03-21T17:36:20.801376,1,1.3319,0.0232,1.3319,2.8902,0.7512,0.7511,0.0062,84
2026-03-21T17:36:20.801376,2,0.0576,0.0365,0.0576,1.8099,0.4574,-0.1025,0.4458,7
2026-03-21T17:36:20.871114,0,1.1988,1.1988,0.0556,3.1157,0.8811,0.1479,-0.8686,70
2026-03-21T17:36:20.871114,1,1.3082,0.0280,1.3082,2.8922,0.7515,0.7515,-0.0017,83
2026-03-21T17:36:20.871114,2,0.0577,0.0366,0.0577,1.8090,0.4567,-0.1023,0.4451,7
2026-03-21T17:36:20.941708,0,1.1976,1.1976,0.0266,3.1149,0.8801,0.1387,-0.8691,69
2026-03-21T17:36:20.941708,1,1.4089,0.0300,1.4089,2.9706,0.7527,0.7524,-0.0191,87
2026-03-21T17:36:20.941708,2,0.0714,0.0602,0.0714,1.8118,0.4657,-0.1086,0.4529,8
2026-03-21T17:36:21.011181,0,1.1969,1.1969,0.0236,3.1122,0.8797,0.1390,-0.8686,69
2026-03-21T17:36:21.011181,1,0.0986,0.0049,0.0986,3.0227,1.0657,0.7662,-0.7407,5
2026-03-21T17:36:21.011181,2,1.3311,0.0242,1.3311,2.8948,0.7509,0.7509,0.0059,84
2026-03-21T17:36:21.011181,3,0.0558,0.0409,0.0558,1.7953,0.4659,-0.1045,0.4540,7
2026-03-21T17:36:21.080164,0,1.0951,1.0951,0.0196,3.1132,0.8745,0.1022,-0.8686,65
2026-03-21T17:36:21.080164,1,1.4097,0.0240,1.4097,2.9174,0.7510,0.7509,0.0147,87
2026-03-21T17:36:21.080164,2,0.0441,0.0400,0.0441,1.8003,0.4587,-0.1029,0.4470,7
2026-03-21T17:36:21.150314,0,1.1972,1.1972,0.0212,3.1109,0.8795,0.1391,-0.8685,69
2026-03-21T17:36:21.150314,1,1.3643,0.0222,1.3643,2.8981,0.7515,0.7514,0.0146,85
2026-03-21T17:36:21.150314,2,0.0724,0.0339,0.0724,1.8099,0.4616,-0.1033,0.4499,7
2026-03-21T17:36:21.219703,0,1.1905,1.1905,0.0260,3.1127,0.8797,0.1389,-0.8687,69
2026-03-21T17:36:21.219703,1,1.4122,0.0273,1.4122,2.9706,0.7522,0.7520,-0.0191,87
2026-03-21T17:36:21.219703,2,0.0329,0.0329,0.0326,1.8080,0.4548,-0.1060,0.4423,6
2026-03-21T17:36:21.289735,0,1.1925,1.1925,0.0582,3.1139,0.8801,0.1479,-0.8675,70
2026-03-21T17:36:21.289735,1,1.4156,0.0268,1.4156,2.9720,0.7518,0.7516,-0.0187,87
2026-03-21T17:36:21.289735,2,0.0754,0.0337,0.0754,1.8070,0.4646,-0.1040,0.4528,7
2026-03-21T17:36:21.359401,0,1.1231,1.1231,0.0160,3.1112,0.8766,0.1113,-0.8695,66
2026-03-21T17:36:21.359401,1,0.0928,0.0088,0.0928,2.9916,1.0447,0.7637,-0.7129,5
2026-03-21T17:36:21.359401,2,1.3394,0.0196,1.3394,2.8712,0.7514,0.7511,0.0231,84
2026-03-21T17:36:21.359401,3,0.0460,0.0430,0.0460,1.7894,0.4670,-0.1048,0.4551,7
2026-03-21T17:36:21.428683,0,1.0719,1.0719,0.0209,3.1142,0.8741,0.0936,-0.8690,64
2026-03-21T17:36:21.428683,1,0.0827,0.0827,0.0237,3.1060,1.1303,0.7268,-0.8656,5
2026-03-21T17:36:21.428683,2,1.4354,0.0233,1.4354,2.9944,0.7522,0.7517,-0.0267,88
2026-03-21T17:36:21.428683,3,0.0588,0.0419,0.0588,1.7963,0.4673,-0.1048,0.4554,7
2026-03-21T17:36:21.498681,0,1.1929,1.1929,0.0294,3.1139,0.8796,0.1391,-0.8685,69
2026-03-21T17:36:21.498681,1,0.0978,0.0028,0.0978,2.9973,1.0471,0.7654,-0.7145,5
2026-03-21T17:36:21.498681,2,1.3116,0.0206,1.3116,2.8679,0.7509,0.7508,0.0147,83
2026-03-21T17:36:21.498681,3,0.0571,0.0385,0.0571,1.7926,0.4681,-0.1049,0.4562,7
2026-03-21T17:36:21.568106,0,1.1907,1.1907,0.0323,3.1139,0.8799,0.1391,-0.8688,69
2026-03-21T17:36:21.568106,1,1.3829,0.0268,1.3829,2.9181,0.7513,0.7513,0.0061,86
2026-03-21T17:36:21.568106,2,0.0590,0.0382,0.0590,1.7926,0.4689,-0.1051,0.4569,7
2026-03-21T17:36:21.637148,0,1.1053,1.1053,0.0196,3.1142,0.8756,0.1023,-0.8696,65
2026-03-21T17:36:21.637148,1,1.4059,0.0198,1.4059,2.8935,0.7519,0.7513,0.0310,87
2026-03-21T17:36:21.637148,2,0.0658,0.0364,0.0658,1.7984,0.4671,-0.1046,0.4553,7
2026-03-21T17:36:21.707889,0,1.1017,1.1017,0.0224,3.1130,0.8753,0.1020,-0.8694,65
2026-03-21T17:36:21.707889,1,1.3371,0.0209,1.3371,2.8955,0.7516,0.7516,0.0062,84
2026-03-21T17:36:21.707889,2,0.0706,0.0352,0.0706,1.8013,0.4706,-0.1053,0.4586,7
2026-03-21T17:36:21.777242,0,1.1497,1.1497,0.0247,3.1139,0.8769,0.1202,-0.8686,67
2026-03-21T17:36:21.777242,1,0.0363,0.0269,0.0363,3.0934,1.1416,0.7638,-0.8484,3
2026-03-21T17:36:21.777242,2,1.3870,0.0261,1.3870,2.8981,0.7514,0.7511,0.0223,86
2026-03-21T17:36:21.777242,3,0.0338,0.0338,0.0328,1.7974,0.4620,-0.1077,0.4492,6
2026-03-21T17:36:21.846219,0,1.0726,1.0726,0.0274,3.1142,0.8737,0.0929,-0.8688,64
2026-03-21T17:36:21.846219,1,0.0885,0.0885,0.0168,3.1028,1.1275,0.7251,-0.8634,5
2026-03-21T17:36:21.846219,2,1.3602,0.0232,1.3602,2.8975,0.7513,0.7512,0.0144,85
2026-03-21T17:36:21.846219,3,0.0414,0.0314,0.0414,1.8061,0.4606,-0.1073,0.4480,6
2026-03-21T17:36:21.916990,0,1.1268,1.1268,0.0240,3.1149,0.8755,0.1106,-0.8685,66
2026-03-21T17:36:21.916990,1,1.3664,0.0259,1.3664,2.9234,0.7517,0.7517,-0.0021,85
2026-03-21T17:36:21.916990,2,0.0923,0.0569,0.0923,1.8022,0.4795,-0.1116,0.4663,8
2026-03-21T17:36:21.985724,0,1.1958,1.1958,0.0532,3.1103,0.8803,0.1476,-0.8678,70
2026-03-21T17:36:21.985724,1,1.3387,0.0275,1.3387,2.9241,0.7524,0.7524,-0.0100,84
2026-03-21T17:36:21.985724,2,0.0975,0.0039,0.0975,1.5564,1.0423,0.7494,0.7244,5
2026-03-21T17:36:21.985724,3,0.0396,0.0324,0.0396,1.7984,0.4615,-0.1075,0.4488,6
2026-03-21T17:36:22.055411,0,1.1225,1.1225,0.0222,3.1118,0.8756,0.1111,-0.8686,66
2026-03-21T17:36:22.055411,1,1.4135,0.0226,1.4135,2.8968,0.7516,0.7510,0.0309,87
2026-03-21T17:36:22.055411,2,0.0415,0.0316,0.0415,1.8032,0.4611,-0.1074,0.4484,6
2026-03-21T17:36:22.125509,0,1.1987,1.1987,0.0249,3.1139,0.8796,0.1390,-0.8685,69
2026-03-21T17:36:22.125509,1,1.3359,0.0228,1.3359,2.8724,0.7515,0.7512,0.0227,84
2026-03-21T17:36:22.125509,2,0.0365,0.0323,0.0365,1.8061,0.4615,-0.1075,0.4488,6
2026-03-21T17:36:22.195058,0,1.1907,1.1907,0.0292,3.1137,0.8798,0.1390,-0.8688,69
2026-03-21T17:36:22.195058,1,1.4333,0.0256,1.4333,2.9187,0.7520,0.7517,0.0226,88
2026-03-21T17:36:22.195058,2,0.0567,0.0567,0.0552,1.8042,0.4680,-0.1133,0.4541,7
2026-03-21T17:36:22.264423,0,1.1968,1.1968,0.0529,3.1122,0.8803,0.1481,-0.8677,70
2026-03-21T17:36:22.264423,1,1.4368,0.0291,1.4368,2.9713,0.7514,0.7513,-0.0105,88
2026-03-21T17:36:22.264423,2,0.0903,0.0548,0.0903,1.8032,0.4770,-0.1109,0.4639,8
2026-03-21T17:36:22.334151,0,1.1850,1.1850,0.0320,3.1120,0.8796,0.1389,-0.8686,69
2026-03-21T17:36:22.334151,1,1.4110,0.0230,1.4110,2.9201,0.7511,0.7509,0.0146,87
2026-03-21T17:36:22.334151,2,0.0341,0.0341,0.0318,1.7965,0.4636,-0.1080,0.4509,6
2026-03-21T17:36:22.403447,0,1.1284,1.1284,0.0225,3.1119,0.8755,0.1112,-0.8684,66
2026-03-21T17:36:22.403447,1,1.3610,0.0263,1.3610,2.9194,0.7514,0.7514,-0.0018,85
2026-03-21T17:36:22.403447,2,0.0777,0.0347,0.0777,1.7945,0.4750,-0.1063,0.4630,7
2026-03-21T17:36:22.474314,0,1.1274,1.1274,0.0200,3.1112,0.8755,0.1109,-0.8684,66
2026-03-21T17:36:22.474314,1,0.0444,0.0444,0.0118,3.0993,1.1419,0.7492,-0.8617,3
2026-03-21T17:36:22.474314,2,1.3877,0.0253,1.3877,2.8975,0.7511,0.7507,0.0225,86
2026-03-21T17:36:22.474314,3,0.0446,0.0316,0.0446,1.7974,0.4663,-0.1086,0.4535,6
2026-03-21T17:36:35.853771,0,0.0394,0.0311,0.0394,1.7505,0.5778,-0.2712,0.5102,5
2026-03-21T17:36:43.380408,0,0.0442,0.0171,0.0442,1.8016,0.5094,-0.2389,0.4499,5
2026-03-21T17:36:43.450051,0,0.0852,0.0205,0.0852,1.8042,0.5131,-0.2364,0.4554,6
2026-03-21T17:36:43.519695,0,0.0821,0.0207,0.0821,1.8120,0.5093,-0.2347,0.4520,6
2026-03-21T17:36:43.589765,0,0.0358,0.0205,0.0358,1.8094,0.5012,-0.2352,0.4426,5
2026-03-21T17:36:43.658695,0,0.0406,0.0211,0.0406,1.8016,0.5050,-0.2369,0.4460,5
2026-03-21T17:36:43.729408,0,0.0612,0.0165,0.0612,1.8033,0.5084,-0.2383,0.4491,5
2026-03-21T17:36:43.798927,0,0.0781,0.0136,0.0781,1.8077,0.5104,-0.2392,0.4509,5
2026-03-21T17:36:43.868195,0,0.0800,0.0130,0.0800,1.8059,0.5140,-0.2408,0.4541,5
2026-03-21T17:36:46.518270,0,0.0552,0.0129,0.0552,1.8189,0.4936,-0.2314,0.4360,5
2026-03-21T17:36:46.585633,0,0.0384,0.0189,0.0384,1.8129,0.4924,-0.2310,0.4349,5
2026-03-21T17:36:46.686400,0,0.0366,0.0220,0.0366,1.8111,0.4926,-0.2312,0.4351,5
2026-03-21T17:36:46.751965,0,0.0368,0.0248,0.0368,1.8104,0.4922,-0.2310,0.4347,5
2026-03-21T17:36:46.813812,0,0.0417,0.0166,0.0417,1.8206,0.4899,-0.2297,0.4326,5
2026-03-21T17:36:46.872954,0,0.0466,0.0161,0.0466,1.8094,0.4990,-0.2340,0.4408,5
2026-03-21T17:36:46.943086,0,0.0623,0.0119,0.0623,1.8215,0.4948,-0.2320,0.4371,5
2026-03-21T17:36:47.004125,0,0.0473,0.0177,0.0473,1.8146,0.4926,-0.2310,0.4351,5
2026-03-21T17:36:47.074307,0,0.0463,0.0146,0.0463,1.8180,0.4924,-0.2310,0.4349,5
2026-03-21T17:36:47.177038,0,0.0480,0.0136,0.0480,1.8206,0.4914,-0.2305,0.4341,5
2026-03-21T17:36:47.232589,0,0.0391,0.0182,0.0391,1.8163,0.4894,-0.2296,0.4323,5
2026-03-21T17:36:47.286126,0,0.0480,0.0137,0.0480,1.8189,0.4938,-0.2316,0.4362,5
2026-03-21T17:36:47.364221,0,0.0481,0.0157,0.0481,1.8180,0.4910,-0.2303,0.4337,5
2026-03-21T17:36:47.433476,0,0.0413,0.0193,0.0413,1.8131,0.4940,-0.2317,0.4363,5
2026-03-21T17:36:47.497927,0,0.0544,0.0166,0.0544,1.8172,0.4932,-0.2313,0.4357,5
2026-03-21T17:36:47.563445,0,0.0437,0.0181,0.0437,1.8146,0.4904,-0.2300,0.4332,5
2026-03-21T17:36:47.630513,0,0.0488,0.0129,0.0488,1.8232,0.4901,-0.2298,0.4328,5
2026-03-21T17:36:47.703040,0,0.0455,0.0173,0.0455,1.8137,0.4918,-0.2307,0.4344,5
2026-03-21T17:36:47.771614,0,0.0490,0.0162,0.0490,1.8163,0.4932,-0.2313,0.4356,5
2026-03-21T17:36:47.849551,0,0.0660,0.0115,0.0660,1.8198,0.4976,-0.2332,0.4396,5
2026-03-21T17:36:47.909979,0,0.0851,0.0144,0.0851,1.8120,0.5108,-0.2393,0.4513,5
2026-03-21T17:36:48.188462,0,0.0379,0.0204,0.0379,1.8061,0.4968,-0.2331,0.4388,5
2026-03-21T17:36:48.258661,0,0.0305,0.0234,0.0305,1.8131,0.4883,-0.2291,0.4312,5
2026-03-21T17:36:48.328008,0,0.0293,0.0240,0.0293,1.8154,0.4827,-0.2265,0.4262,5
2026-03-21T17:36:48.396991,0,0.0270,0.0270,0.0211,1.8172,0.4821,-0.2263,0.4256,5
2026-03-21T17:36:48.467355,0,0.0321,0.0321,0.0134,1.8139,0.4819,-0.2262,0.4254,5
2026-03-21T17:36:48.537115,0,0.0267,0.0247,0.0267,1.8192,0.4807,-0.2256,0.4244,5
2026-03-21T17:36:48.606917,0,0.0344,0.0201,0.0344,1.8215,0.4811,-0.2257,0.4248,5
2026-03-21T17:36:48.676431,0,0.0290,0.0290,0.0165,1.8198,0.4799,-0.2253,0.4237,5
2026-03-21T17:36:48.745795,0,0.0308,0.0308,0.0152,1.8139,0.4833,-0.2269,0.4267,5
2026-03-21T17:36:48.815034,0,0.0289,0.0223,0.0289,1.8267,0.4785,-0.2246,0.4225,5
2026-03-21T17:36:48.884579,0,0.0263,0.0263,0.0219,1.8198,0.4775,-0.2241,0.4216,5
2026-03-21T17:36:48.954794,0,0.0368,0.0181,0.0368,1.8310,0.4779,-0.2242,0.4220,5
2026-03-21T17:36:49.024495,0,0.0300,0.0223,0.0300,1.8206,0.4813,-0.2258,0.4250,5
2026-03-21T17:36:49.093826,0,0.0286,0.0286,0.0186,1.8129,0.4831,-0.2268,0.4265,5
2026-03-21T17:36:49.163549,0,0.0318,0.0216,0.0318,1.8189,0.4833,-0.2268,0.4268,5
2026-03-21T17:36:49.233120,0,0.0274,0.0238,0.0274,1.8180,0.4825,-0.2264,0.4260,5
2026-03-21T17:36:49.302967,0,0.0362,0.0191,0.0362,1.8224,0.4791,-0.2247,0.4231,5
2026-03-21T17:36:49.373171,0,0.0282,0.0232,0.0282,1.8206,0.4815,-0.2260,0.4251,5
2026-03-21T17:36:49.442223,0,0.0260,0.0260,0.0229,1.8189,0.4837,-0.2270,0.4271,5
2026-03-21T17:36:49.512792,0,0.0283,0.0234,0.0283,1.8180,0.4853,-0.2277,0.4285,5
2026-03-21T17:36:49.582630,0,0.0291,0.0229,0.0291,1.8189,0.4865,-0.2283,0.4296,5
2026-03-21T17:36:49.651855,0,0.0291,0.0291,0.0178,1.8111,0.4873,-0.2287,0.4302,5
2026-03-21T17:36:49.721307,0,0.0355,0.0199,0.0355,1.8172,0.4887,-0.2293,0.4315,5
2026-03-21T17:36:49.791912,0,0.0291,0.0291,0.0189,1.8051,0.4928,-0.2314,0.4352,5
2026-03-21T17:36:49.860696,0,0.0274,0.0274,0.0225,1.8051,0.4972,-0.2334,0.4391,5
2026-03-21T17:36:49.931144,0,0.0264,0.0264,0.0253,1.8007,0.5022,-0.2357,0.4435,5
2026-03-21T17:36:50.000010,0,0.0274,0.0274,0.0236,1.7990,0.5022,-0.2357,0.4435,5
2026-03-21T17:36:50.069695,0,0.0261,0.0257,0.0261,1.8033,0.5034,-0.2363,0.4446,5
2026-03-21T17:36:50.139801,0,0.0288,0.0244,0.0288,1.8033,0.5056,-0.2373,0.4465,5
2026-03-21T17:36:50.209426,0,0.0343,0.0220,0.0343,1.8007,0.5056,-0.2372,0.4465,5
2026-03-21T17:36:50.279159,0,0.0292,0.0250,0.0292,1.7947,0.5102,-0.2394,0.4506,5
2026-03-21T17:36:50.348427,0,0.0298,0.0298,0.0273,1.7964,0.5076,-0.2383,0.4483,5
2026-03-21T17:36:50.418871,0,0.0297,0.0297,0.0192,1.7964,0.5062,-0.2376,0.4470,5
2026-03-21T17:36:50.488344,0,0.0308,0.0308,0.0175,1.7938,0.5076,-0.2383,0.4482,5
2026-03-21T17:36:50.558366,0,0.0296,0.0296,0.0220,1.7947,0.5074,-0.2382,0.4481,5
2026-03-21T17:36:50.627707,0,0.0339,0.0339,0.0180,1.7938,0.5064,-0.2378,0.4472,5
2026-03-21T17:36:50.697839,0,0.0266,0.0266,0.0255,1.7973,0.5040,-0.2366,0.4451,5
2026-03-21T17:36:50.769430,0,0.0282,0.0253,0.0282,0.4638,0.5080,-0.2384,0.4486,5
2026-03-21T17:36:50.836301,0,0.0282,0.0258,0.0282,0.4638,0.5074,-0.2381,0.4481,5
2026-03-21T17:36:50.907151,0,0.0317,0.0317,0.0189,0.4580,0.5070,-0.2380,0.4477,5
2026-03-21T17:36:50.976094,0,0.0300,0.0244,0.0300,0.4656,0.5104,-0.2395,0.4508,5
2026-03-21T17:36:51.046368,0,0.0291,0.0291,0.0211,0.4602,0.5092,-0.2390,0.4497,5
2026-03-21T17:36:51.115865,0,0.0270,0.0270,0.0257,0.4665,0.5114,-0.2400,0.4516,5
2026-03-21T17:36:51.185910,0,0.0292,0.0262,0.0292,0.4692,0.5108,-0.2397,0.4511,5
2026-03-21T17:36:51.254713,0,0.0270,0.0270,0.0265,0.4665,0.5114,-0.2400,0.4516,5
2026-03-21T17:36:51.325433,0,0.0354,0.0248,0.0354,0.4710,0.5102,-0.2394,0.4506,5
2026-03-21T17:36:51.394434,0,0.0309,0.0240,0.0309,1.7977,0.5084,-0.2386,0.4490,5
2026-03-21T17:36:51.464477,0,0.0274,0.0260,0.0274,1.7942,0.5106,-0.2397,0.4509,5
2026-03-21T17:36:51.533336,0,0.0301,0.0256,0.0301,1.7951,0.5090,-0.2389,0.4495,5
2026-03-21T17:36:51.603836,0,0.0272,0.0272,0.0258,0.4692,0.5146,-0.2415,0.4544,5
2026-03-21T17:36:51.672963,0,0.0306,0.0306,0.0185,0.4611,0.5112,-0.2400,0.4514,5
2026-03-21T17:36:51.742580,0,0.0287,0.0287,0.0258,0.4701,0.5136,-0.2411,0.4535,5
2026-03-21T17:36:51.812937,0,0.0327,0.0232,0.0327,0.4692,0.5070,-0.2379,0.4478,5
2026-03-21T17:36:51.882507,0,0.0273,0.0273,0.0247,0.4638,0.5094,-0.2391,0.4499,5
2026-03-21T17:36:51.951790,0,0.0272,0.0272,0.0246,0.4620,0.5096,-0.2392,0.4500,5
2026-03-21T17:36:52.021762,0,0.0282,0.0282,0.0229,0.4629,0.5124,-0.2405,0.4525,5
2026-03-21T17:36:52.091397,0,0.0285,0.0285,0.0219,0.4593,0.5054,-0.2372,0.4463,5
2026-03-21T17:36:52.160873,0,0.0279,0.0279,0.0256,0.4647,0.5096,-0.2392,0.4500,5
2026-03-21T17:36:52.230650,0,0.0309,0.0241,0.0309,1.7954,0.5090,-0.2389,0.4495,5
2026-03-21T17:36:52.301066,0,0.0273,0.0273,0.0247,0.4638,0.5098,-0.2393,0.4502,5
2026-03-21T17:36:52.369675,0,0.0267,0.0267,0.0255,0.4629,0.5080,-0.2385,0.4486,5
2026-03-21T17:36:52.439652,0,0.0335,0.0225,0.0335,0.4665,0.5090,-0.2388,0.4495,5
2026-03-21T17:36:52.508785,0,0.0577,0.0253,0.0577,0.4994,0.5208,-0.2401,0.4621,6
2026-03-21T17:36:52.579277,0,0.0742,0.0120,0.0742,0.5141,0.5288,-0.2478,0.4672,5
2026-03-21T17:37:04.844613,0,0.0810,0.0146,0.0810,2.2563,0.6585,0.6582,0.0172,8
2026-03-21T17:37:04.913182,0,0.1036,0.0109,0.1036,2.2791,0.6558,0.6557,0.0057,10
2026-03-21T17:37:04.983674,0,0.1150,0.0179,0.1150,2.2905,0.6556,0.6556,0.0000,11
2026-03-21T17:37:05.053249,0,0.1270,0.0150,0.1270,2.3025,0.6575,0.6574,-0.0057,12
2026-03-21T17:37:05.122245,0,0.1154,0.0129,0.1154,2.3028,0.6563,0.6562,-0.0116,11
2026-03-21T17:37:05.192572,0,0.1156,0.0192,0.1156,2.3030,0.6560,0.6559,-0.0116,11
2026-03-21T17:37:05.262118,0,0.1272,0.0124,0.1272,2.3027,0.6556,0.6555,-0.0058,12
2026-03-21T17:37:05.332388,0,0.1147,0.0112,0.1147,2.3021,0.6562,0.6561,-0.0115,11
2026-03-21T17:37:05.401526,0,0.1271,0.0158,0.1271,2.3027,0.6562,0.6562,-0.0058,12
2026-03-21T17:37:05.471041,0,0.1160,0.0137,0.1160,2.3029,0.6584,0.6583,-0.0116,11
2026-03-21T17:37:05.541378,0,0.1156,0.0108,0.1156,2.3025,0.6563,0.6562,-0.0114,11
2026-03-21T17:37:05.610855,0,0.1507,0.0115,0.1507,2.3261,0.6564,0.6560,-0.0222,13
2026-03-21T17:37:05.681100,0,0.1383,0.0073,0.1383,2.3137,0.6568,0.6567,-0.0115,13
2026-03-21T17:37:05.749860,0,0.1373,0.0105,0.1373,2.3131,0.6546,0.6545,-0.0115,13
2026-03-21T17:37:05.819409,0,0.1386,0.0096,0.1386,2.3142,0.6562,0.6561,-0.0115,13
2026-03-21T17:37:05.888991,0,0.1378,0.0101,0.1378,2.3134,0.6543,0.6542,-0.0114,13
2026-03-21T17:37:05.959363,0,0.1387,0.0111,0.1387,2.3142,0.6561,0.6560,-0.0115,13
2026-03-21T17:37:06.028428,0,0.1381,0.0099,0.1381,2.3141,0.6558,0.6557,-0.0116,13
2026-03-21T17:37:06.098543,0,0.1385,0.0157,0.1385,2.3142,0.6561,0.6560,-0.0115,13
2026-03-21T17:37:06.167725,0,0.1387,0.0087,0.1387,2.3141,0.6565,0.6564,-0.0115,13
2026-03-21T17:37:06.237451,0,0.1383,0.0118,0.1383,2.3136,0.6559,0.6558,-0.0114,13
2026-03-21T17:37:06.306867,0,0.1370,0.0112,0.1370,2.3128,0.6551,0.6550,-0.0115,13
2026-03-21T17:37:06.377586,0,0.1371,0.0125,0.1371,2.3132,0.6551,0.6550,-0.0114,13
2026-03-21T17:37:06.447368,0,0.1255,0.0130,0.1255,2.3127,0.6569,0.6567,-0.0172,12
2026-03-21T17:37:06.517452,0,0.1268,0.0152,0.1268,2.3138,0.6546,0.6544,-0.0172,12
2026-03-21T17:37:06.586384,0,0.1378,0.0104,0.1378,2.3131,0.6548,0.6547,-0.0114,13
2026-03-21T17:37:06.656111,0,0.1381,0.0067,0.1381,2.3134,0.6557,0.6556,-0.0115,13
2026-03-21T17:37:06.726009,0,0.1379,0.0095,0.1379,2.3137,0.6549,0.6548,-0.0115,13
2026-03-21T17:37:06.794513,0,0.1379,0.0105,0.1379,2.3134,0.6560,0.6559,-0.0114,13
2026-03-21T17:37:06.864974,0,0.1381,0.0088,0.1381,2.3138,0.6563,0.6562,-0.0115,13
2026-03-21T17:37:06.934909,0,0.1379,0.0121,0.1379,2.3136,0.6545,0.6544,-0.0114,13
2026-03-21T17:37:07.003929,0,0.1376,0.0130,0.1376,2.3139,0.6555,0.6554,-0.0116,13
2026-03-21T17:37:07.074039,0,0.1386,0.0096,0.1386,2.3138,0.6563,0.6562,-0.0115,13
2026-03-21T17:37:07.143746,0,0.1374,0.0096,0.1374,2.3131,0.6547,0.6546,-0.0114,13
2026-03-21T17:37:07.213383,0,0.1384,0.0100,0.1384,2.3139,0.6556,0.6555,-0.0115,13
2026-03-21T17:37:07.282688,0,0.1255,0.0175,0.1255,2.3130,0.6561,0.6559,-0.0172,12
2026-03-21T17:37:07.352814,0,0.1383,0.0095,0.1383,2.3138,0.6574,0.6573,-0.0115,13
2026-03-21T17:37:07.421933,0,0.1376,0.0106,0.1376,2.3128,0.6548,0.6547,-0.0114,13
2026-03-21T17:37:07.492619,0,0.1368,0.0135,0.1368,2.3127,0.6546,0.6545,-0.0113,13
2026-03-21T17:37:07.561551,0,0.1380,0.0122,0.1380,2.3133,0.6558,0.6557,-0.0114,13
2026-03-21T17:37:07.631972,0,0.1379,0.0088,0.1379,2.3133,0.6542,0.6541,-0.0114,13
2026-03-21T17:37:07.701491,0,0.1385,0.0086,0.1385,2.3139,0.6551,0.6550,-0.0114,13
2026-03-21T17:37:07.771493,0,0.1387,0.0115,0.1387,2.3141,0.6564,0.6563,-0.0116,13
2026-03-21T17:37:07.841101,0,0.1381,0.0062,0.1381,2.3137,0.6562,0.6561,-0.0115,13
2026-03-21T17:37:07.910359,0,0.1380,0.0123,0.1380,2.3138,0.6564,0.6563,-0.0115,13
2026-03-21T17:37:07.980419,0,0.1373,0.0088,0.1373,2.3128,0.6549,0.6548,-0.0115,13
2026-03-21T17:37:08.049474,0,0.1388,0.0116,0.1388,2.3142,0.6551,0.6550,-0.0115,13
2026-03-21T17:37:08.118890,0,0.1377,0.0121,0.1377,2.3132,0.6536,0.6535,-0.0114,13
2026-03-21T17:37:08.188786,0,0.1386,0.0164,0.1386,2.3142,0.6541,0.6540,-0.0115,13
2026-03-21T17:37:08.258866,0,0.1268,0.0115,0.1268,2.3139,0.6562,0.6560,-0.0172,12
2026-03-21T17:37:08.328288,0,0.1372,0.0133,0.1372,2.3125,0.6542,0.6541,-0.0113,13
2026-03-21T17:37:08.398416,0,0.1382,0.0148,0.1382,2.3139,0.6545,0.6544,-0.0116,13
2026-03-21T17:37:08.468481,0,0.1379,0.0112,0.1379,2.3134,0.6564,0.6563,-0.0115,13
2026-03-21T17:37:08.537760,0,0.1384,0.0099,0.1384,2.3137,0.6567,0.6566,-0.0115,13
2026-03-21T17:37:08.608166,0,0.1379,0.0138,0.1379,2.3133,0.6550,0.6549,-0.0114,13
2026-03-21T17:37:08.677656,0,0.1370,0.0147,0.1370,2.3131,0.6546,0.6545,-0.0114,13
2026-03-21T17:37:08.746852,0,0.1378,0.0128,0.1378,2.3132,0.6555,0.6554,-0.0115,13
2026-03-21T17:37:08.816992,0,0.1368,0.0122,0.1368,2.3126,0.6524,0.6523,-0.0114,13
2026-03-21T17:37:08.886552,0,0.1256,0.0119,0.1256,2.3130,0.6548,0.6546,-0.0172,12
2026-03-21T17:37:08.956322,0,0.1375,0.0076,0.1375,2.3133,0.6551,0.6550,-0.0114,13
2026-03-21T17:37:09.025007,0,0.1377,0.0086,0.1377,2.3134,0.6538,0.6537,-0.0114,13
2026-03-21T17:37:09.095390,0,0.1378,0.0109,0.1378,2.3133,0.6551,0.6550,-0.0115,13
2026-03-21T17:37:09.164396,0,0.1374,0.0104,0.1374,2.3127,0.6548,0.6547,-0.0114,13
2026-03-21T17:37:09.234052,0,0.1381,0.0139,0.1381,2.3138,0.6549,0.6548,-0.0114,13
2026-03-21T17:37:09.304473,0,0.1372,0.0142,0.1372,2.3130,0.6561,0.6560,-0.0114,13
2026-03-21T17:37:09.374503,0,0.1392,0.0171,0.1392,2.3145,0.6556,0.6555,-0.0115,13
2026-03-21T17:37:09.443190,0,0.1384,0.0141,0.1384,2.3138,0.6553,0.6552,-0.0115,13
2026-03-21T17:37:09.513510,0,0.1377,0.0127,0.1377,2.3132,0.6561,0.6560,-0.0114,13
2026-03-21T17:37:09.582390,0,0.1373,0.0158,0.1373,2.3134,0.6554,0.6553,-0.0115,13
2026-03-21T17:37:09.652766,0,0.1379,0.0119,0.1379,2.3137,0.6566,0.6565,-0.0115,13
2026-03-21T17:37:09.722637,0,0.1382,0.0116,0.1382,2.3134,0.6551,0.6550,-0.0115,13
2026-03-21T17:37:09.792242,0,0.1379,0.0114,0.1379,2.3137,0.6550,0.6549,-0.0115,13
2026-03-21T17:37:09.862215,0,0.1385,0.0131,0.1385,2.3137,0.6551,0.6550,-0.0115,13
2026-03-21T17:37:09.932179,0,0.1382,0.0075,0.1382,2.3136,0.6569,0.6568,-0.0115,13
2026-03-21T17:37:10.000886,0,0.1370,0.0131,0.1370,2.3128,0.6544,0.6543,-0.0115,13
2026-03-21T17:37:10.070669,0,0.1380,0.0106,0.1380,2.3134,0.6568,0.6567,-0.0115,13
2026-03-21T17:37:10.140789,0,0.1380,0.0105,0.1380,2.3134,0.6554,0.6553,-0.0114,13
2026-03-21T17:37:10.210315,0,0.1371,0.0117,0.1371,2.3132,0.6533,0.6532,-0.0113,13
2026-03-21T17:37:10.279881,0,0.1383,0.0094,0.1383,2.3136,0.6563,0.6562,-0.0115,13
2026-03-21T17:37:10.349080,0,0.1368,0.0100,0.1368,2.3127,0.6540,0.6539,-0.0114,13
2026-03-21T17:37:10.419404,0,0.1371,0.0123,0.1371,2.3130,0.6548,0.6547,-0.0114,13
2026-03-21T17:37:10.488665,0,0.1263,0.0105,0.1263,2.3134,0.6535,0.6532,-0.0172,12
2026-03-21T17:37:10.557743,0,0.1385,0.0138,0.1385,2.3138,0.6558,0.6557,-0.0115,13
2026-03-21T17:37:10.628454,0,0.1384,0.0101,0.1384,2.3137,0.6563,0.6562,-0.0114,13
2026-03-21T17:37:10.697816,0,0.1381,0.0117,0.1381,2.3138,0.6559,0.6558,-0.0115,13
2026-03-21T17:37:10.767757,0,0.1376,0.0159,0.1376,2.3132,0.6546,0.6545,-0.0114,13
2026-03-21T17:37:10.837832,0,0.1378,0.0105,0.1378,2.3131,0.6559,0.6558,-0.0114,13
2026-03-21T17:37:10.907447,0,0.1383,0.0132,0.1383,2.3136,0.6548,0.6547,-0.0115,13
2026-03-21T17:37:10.977011,0,0.1381,0.0102,0.1381,2.3134,0.6548,0.6547,-0.0114,13
2026-03-21T17:37:11.046925,0,0.1379,0.0132,0.1379,2.3138,0.6534,0.6533,-0.0114,13
2026-03-21T17:37:11.116029,0,0.1375,0.0125,0.1375,2.3130,0.6537,0.6536,-0.0113,13
2026-03-21T17:37:11.185677,0,0.1373,0.0141,0.1373,2.3127,0.6554,0.6553,-0.0114,13
2026-03-21T17:37:11.255528,0,0.1378,0.0071,0.1378,2.3133,0.6552,0.6551,-0.0114,13
2026-03-21T17:37:11.324585,0,0.1376,0.0113,0.1376,2.3131,0.6534,0.6533,-0.0114,13
2026-03-21T17:37:11.395085,0,0.1387,0.0084,0.1387,2.3139,0.6564,0.6563,-0.0116,13
2026-03-21T17:37:11.464387,0,0.1379,0.0121,0.1379,2.3136,0.6548,0.6547,-0.0113,13
2026-03-21T17:37:11.533368,0,0.1262,0.0141,0.1262,2.3133,0.6549,0.6547,-0.0171,12
2026-03-21T17:37:11.604017,0,0.1383,0.0142,0.1383,2.3136,0.6567,0.6566,-0.0114,13
2026-03-21T17:37:11.672979,0,0.1384,0.0081,0.1384,2.3139,0.6560,0.6559,-0.0115,13
2026-03-21T17:37:11.742750,0,0.1371,0.0103,0.1371,2.3127,0.6554,0.6553,-0.0114,13
2026-03-21T17:37:11.812781,0,0.1384,0.0123,0.1384,2.3139,0.6558,0.6557,-0.0114,13
2026-03-21T17:37:11.882576,0,0.1379,0.0071,0.1379,2.3132,0.6554,0.6553,-0.0114,13
2026-03-21T17:37:11.952438,0,0.1378,0.0080,0.1378,2.3137,0.6561,0.6560,-0.0115,13
2026-03-21T17:37:12.021914,0,0.1384,0.0191,0.1384,2.3138,0.6547,0.6547,-0.0114,13
2026-03-21T17:37:12.091292,0,0.1385,0.0093,0.1385,2.3139,0.6561,0.6560,-0.0115,13
2026-03-21T17:37:12.161317,0,0.1381,0.0134,0.1381,2.3133,0.6547,0.6546,-0.0114,13
2026-03-21T17:37:12.230920,0,0.1379,0.0101,0.1379,2.3131,0.6556,0.6555,-0.0114,13
2026-03-21T17:37:12.299923,0,0.1373,0.0115,0.1373,2.3127,0.6550,0.6549,-0.0114,13
2026-03-21T17:37:12.370046,0,0.1378,0.0111,0.1378,2.3132,0.6557,0.6556,-0.0113,13
2026-03-21T17:37:12.439392,0,0.1381,0.0107,0.1381,2.3134,0.6558,0.6557,-0.0115,13
2026-03-21T17:37:12.509950,0,0.1389,0.0135,0.1389,2.3144,0.6575,0.6574,-0.0114,13
2026-03-21T17:37:12.579615,0,0.1377,0.0090,0.1377,2.3133,0.6551,0.6550,-0.0115,13
2026-03-21T17:37:12.649321,0,0.1387,0.0101,0.1387,2.3143,0.6575,0.6574,-0.0115,13
2026-03-21T17:37:12.719186,0,0.1250,0.0130,0.1250,2.3125,0.6536,0.6534,-0.0171,12
2026-03-21T17:37:12.788809,0,0.1384,0.0091,0.1384,2.3137,0.6559,0.6558,-0.0114,13
2026-03-21T17:37:12.858672,0,0.1376,0.0098,0.1376,2.3134,0.6550,0.6549,-0.0115,13
2026-03-21T17:37:12.928051,0,0.1266,0.0128,0.1266,2.3134,0.6561,0.6558,-0.0172,12
2026-03-21T17:37:12.997656,0,0.1372,0.0154,0.1372,2.3137,0.6549,0.6548,-0.0116,13
2026-03-21T17:37:13.067583,0,0.1372,0.0074,0.1372,2.3128,0.6542,0.6541,-0.0114,13
2026-03-21T17:37:13.136434,0,0.1387,0.0119,0.1387,2.3141,0.6566,0.6565,-0.0114,13
2026-03-21T17:37:13.206204,0,0.1374,0.0175,0.1374,2.3127,0.6541,0.6540,-0.0114,13
2026-03-21T17:37:13.276720,0,0.1381,0.0093,0.1381,2.3136,0.6556,0.6555,-0.0115,13
2026-03-21T17:37:13.345282,0,0.1373,0.0105,0.1373,2.3130,0.6558,0.6557,-0.0114,13
2026-03-21T17:37:13.415652,0,0.1382,0.0074,0.1382,2.3138,0.6554,0.6553,-0.0115,13
2026-03-21T17:37:13.485487,0,0.1378,0.0130,0.1378,2.3131,0.6559,0.6558,-0.0114,13
2026-03-21T17:37:13.554129,0,0.1384,0.0122,0.1384,2.3139,0.6548,0.6547,-0.0115,13
2026-03-21T17:37:13.624436,0,0.1372,0.0125,0.1372,2.3131,0.6550,0.6549,-0.0115,13
2026-03-21T17:37:13.694939,0,0.1376,0.0138,0.1376,2.3130,0.6559,0.6558,-0.0115,13
2026-03-21T17:37:13.763568,0,0.1379,0.0166,0.1379,2.3137,0.6545,0.6544,-0.0113,13
2026-03-21T17:37:13.834331,0,0.1377,0.0102,0.1377,2.3133,0.6549,0.6548,-0.0114,13
2026-03-21T17:37:13.904356,0,0.1372,0.0096,0.1372,2.3133,0.6548,0.6547,-0.0115,13
2026-03-21T17:37:13.973245,0,0.1378,0.0125,0.1378,2.3132,0.6553,0.6552,-0.0114,13
2026-03-21T17:37:14.043172,0,0.1384,0.0157,0.1384,2.3139,0.6548,0.6547,-0.0115,13
2026-03-21T17:37:14.112260,0,0.1266,0.0107,0.1266,2.3136,0.6562,0.6560,-0.0172,12
2026-03-21T17:37:14.181686,0,0.1380,0.0111,0.1380,2.3133,0.6550,0.6549,-0.0115,13
2026-03-21T17:37:14.252118,0,0.1371,0.0166,0.1371,2.3137,0.6541,0.6540,-0.0114,13
2026-03-21T17:37:14.321679,0,0.1375,0.0112,0.1375,2.3131,0.6529,0.6528,-0.0114,13
2026-03-21T17:37:14.390865,0,0.1376,0.0101,0.1376,2.3131,0.6545,0.6544,-0.0114,13
2026-03-21T17:37:14.461216,0,0.1382,0.0076,0.1382,2.3138,0.6557,0.6556,-0.0115,13
2026-03-21T17:37:14.530254,0,0.1383,0.0086,0.1383,2.3141,0.6555,0.6554,-0.0115,13
2026-03-21T17:37:14.600879,0,0.1378,0.0074,0.1378,2.3137,0.6561,0.6560,-0.0115,13
2026-03-21T17:37:14.669938,0,0.1380,0.0112,0.1380,2.3138,0.6544,0.6543,-0.0115,13
2026-03-21T17:37:14.739749,0,0.1374,0.0108,0.1374,2.3131,0.6550,0.6549,-0.0114,13
2026-03-21T17:37:14.809031,0,0.1371,0.0069,0.1371,2.3132,0.6548,0.6547,-0.0115,13
2026-03-21T17:37:14.878803,0,0.1383,0.0081,0.1383,2.3136,0.6553,0.6552,-0.0115,13
2026-03-21T17:37:14.948330,0,0.1383,0.0133,0.1383,2.3141,0.6560,0.6559,-0.0115,13
2026-03-21T17:37:15.019239,0,0.1384,0.0085,0.1384,2.3139,0.6567,0.6566,-0.0115,13
2026-03-21T17:37:15.087996,0,0.1374,0.0095,0.1374,2.3134,0.6556,0.6555,-0.0115,13
2026-03-21T17:37:15.158634,0,0.1382,0.0077,0.1382,2.3138,0.6554,0.6553,-0.0115,13
2026-03-21T17:37:15.227421,0,0.1384,0.0102,0.1384,2.3139,0.6550,0.6549,-0.0115,13
2026-03-21T17:37:15.296817,0,0.1371,0.0100,0.1371,2.3127,0.6551,0.6550,-0.0114,13
2026-03-21T17:37:15.367193,0,0.1373,0.0100,0.1373,2.3128,0.6551,0.6550,-0.0114,13
2026-03-21T17:37:15.436334,0,0.1372,0.0102,0.1372,2.3131,0.6538,0.6537,-0.0114,13
2026-03-21T17:37:15.506478,0,0.1269,0.0169,0.1269,2.3143,0.6547,0.6545,-0.0172,12
2026-03-21T17:37:15.576005,0,0.1379,0.0111,0.1379,2.3131,0.6549,0.6548,-0.0114,13
2026-03-21T17:37:15.645192,0,0.1371,0.0126,0.1371,2.3132,0.6536,0.6535,-0.0115,13
2026-03-21T17:37:15.714701,0,0.1380,0.0088,0.1380,2.3136,0.6564,0.6563,-0.0114,13
2026-03-21T17:37:15.785370,0,0.1377,0.0107,0.1377,2.3132,0.6541,0.6540,-0.0114,13
2026-03-21T17:37:15.854458,0,0.1386,0.0121,0.1386,2.3142,0.6555,0.6554,-0.0115,13
2026-03-21T17:37:15.924939,0,0.1377,0.0090,0.1377,2.3138,0.6551,0.6550,-0.0116,13
2026-03-21T17:37:15.994147,0,0.1380,0.0060,0.1380,2.3134,0.6558,0.6557,-0.0114,13
2026-03-21T17:37:16.064072,0,0.1381,0.0111,0.1381,2.3133,0.6554,0.6553,-0.0115,13
2026-03-21T17:37:16.134325,0,0.1271,0.0126,0.1271,2.3145,0.6571,0.6568,-0.0173,12
2026-03-21T17:37:16.203490,0,0.1273,0.0155,0.1273,2.3142,0.6532,0.6530,-0.0171,12
2026-03-21T17:37:16.272553,0,0.1383,0.0091,0.1383,2.3137,0.6548,0.6547,-0.0114,13
2026-03-21T17:37:16.342658,0,0.1377,0.0084,0.1377,2.3133,0.6560,0.6559,-0.0115,13
2026-03-21T17:37:16.412136,0,0.1371,0.0113,0.1371,2.3126,0.6550,0.6549,-0.0113,13
2026-03-21T17:37:16.480882,0,0.1383,0.0102,0.1383,2.3137,0.6556,0.6555,-0.0115,13
2026-03-21T17:37:16.551554,0,0.1376,0.0125,0.1376,2.3130,0.6543,0.6542,-0.0113,13
2026-03-21T17:37:16.620230,0,0.1377,0.0069,0.1377,2.3133,0.6539,0.6538,-0.0114,13
2026-03-21T17:37:16.691058,0,0.1375,0.0075,0.1375,2.3133,0.6556,0.6555,-0.0114,13
2026-03-21T17:37:16.760743,0,0.1383,0.0112,0.1383,2.3138,0.6564,0.6563,-0.0114,13
2026-03-21T17:37:16.830642,0,0.1384,0.0145,0.1384,2.3137,0.6557,0.6556,-0.0115,13
2026-03-21T17:37:16.899520,0,0.1383,0.0106,0.1383,2.3143,0.6564,0.6563,-0.0115,13
2026-03-21T17:37:16.969531,0,0.1375,0.0128,0.1375,2.3127,0.6534,0.6533,-0.0113,13
2026-03-21T17:37:17.038760,0,0.1379,0.0120,0.1379,2.3134,0.6567,0.6566,-0.0115,13
2026-03-21T17:37:17.108554,0,0.1379,0.0123,0.1379,2.3137,0.6532,0.6531,-0.0115,13
2026-03-21T17:37:17.178961,0,0.1263,0.0069,0.1263,2.3137,0.6551,0.6549,-0.0172,12
2026-03-21T17:37:17.249373,0,0.1381,0.0089,0.1381,2.3138,0.6545,0.6544,-0.0115,13
2026-03-21T17:37:17.317777,0,0.1380,0.0104,0.1380,2.3136,0.6546,0.6545,-0.0115,13
2026-03-21T17:37:17.387951,0,0.1386,0.0129,0.1386,2.3142,0.6560,0.6559,-0.0115,13
2026-03-21T17:37:17.457455,0,0.1386,0.0116,0.1386,2.3141,0.6551,0.6550,-0.0115,13
2026-03-21T17:37:17.526310,0,0.1265,0.0119,0.1265,2.3136,0.6570,0.6567,-0.0172,12
2026-03-21T17:37:17.596564,0,0.1266,0.0144,0.1266,2.3134,0.6556,0.6553,-0.0172,12
2026-03-21T17:37:17.666657,0,0.1376,0.0146,0.1376,2.3133,0.6543,0.6542,-0.0114,13
2026-03-21T17:37:17.736755,0,0.1380,0.0144,0.1380,2.3133,0.6541,0.6540,-0.0115,13
2026-03-21T17:37:17.806104,0,0.1377,0.0107,0.1377,2.3134,0.6546,0.6545,-0.0114,13
2026-03-21T17:37:17.875424,0,0.1374,0.0100,0.1374,2.3130,0.6558,0.6557,-0.0114,13
2026-03-21T17:37:17.944971,0,0.1389,0.0136,0.1389,2.3142,0.6555,0.6554,-0.0114,13
2026-03-21T17:37:18.015179,0,0.1382,0.0105,0.1382,2.3136,0.6568,0.6566,-0.0115,13
2026-03-21T17:37:18.084875,0,0.1383,0.0081,0.1383,2.3136,0.6554,0.6553,-0.0114,13
2026-03-21T17:37:18.154258,0,0.1372,0.0153,0.1372,2.3130,0.6551,0.6550,-0.0114,13
2026-03-21T17:37:18.224179,0,0.1377,0.0100,0.1377,2.3134,0.6545,0.6544,-0.0115,13
2026-03-21T17:37:18.293972,0,0.1371,0.0121,0.1371,2.3127,0.6538,0.6537,-0.0114,13
2026-03-21T17:37:18.362578,0,0.1370,0.0090,0.1370,2.3130,0.6534,0.6533,-0.0114,13
2026-03-21T17:37:18.433208,0,0.1377,0.0142,0.1377,2.3131,0.6538,0.6537,-0.0114,13
2026-03-21T17:37:18.502888,0,0.1380,0.0095,0.1380,2.3134,0.6563,0.6562,-0.0114,13
2026-03-21T17:37:18.572800,0,0.1371,0.0095,0.1371,2.3132,0.6553,0.6552,-0.0115,13
2026-03-21T17:37:18.641911,0,0.1380,0.0126,0.1380,2.3132,0.6542,0.6541,-0.0114,13
2026-03-21T17:37:18.711813,0,0.1385,0.0095,0.1385,2.3142,0.6554,0.6553,-0.0115,13
2026-03-21T17:37:18.781856,0,0.1383,0.0097,0.1383,2.3138,0.6553,0.6552,-0.0114,13
2026-03-21T17:37:18.851267,0,0.1377,0.0088,0.1377,2.3133,0.6553,0.6552,-0.0115,13
2026-03-21T17:37:18.921273,0,0.1376,0.0135,0.1376,2.3128,0.6549,0.6548,-0.0113,13
2026-03-21T17:37:18.990390,0,0.1380,0.0080,0.1380,2.3134,0.6561,0.6560,-0.0115,13
2026-03-21T17:37:19.060295,0,0.1371,0.0167,0.1371,2.3130,0.6532,0.6531,-0.0114,13
2026-03-21T17:37:19.130573,0,0.1378,0.0138,0.1378,2.3137,0.6534,0.6533,-0.0115,13
2026-03-21T17:37:19.199230,0,0.1372,0.0145,0.1372,2.3131,0.6541,0.6540,-0.0115,13
2026-03-21T17:37:19.268993,0,0.1372,0.0085,0.1372,2.3130,0.6538,0.6537,-0.0114,13
2026-03-21T17:37:19.338746,0,0.1378,0.0108,0.1378,2.3136,0.6546,0.6545,-0.0115,13
2026-03-21T17:37:19.408054,0,0.1373,0.0131,0.1373,2.3127,0.6542,0.6541,-0.0113,13
2026-03-21T17:37:19.478566,0,0.1393,0.0164,0.1393,2.3145,0.6555,0.6554,-0.0115,13
2026-03-21T17:37:19.548352,0,0.1384,0.0115,0.1384,2.3144,0.6553,0.6552,-0.0115,13
2026-03-21T17:37:19.617764,0,0.1386,0.0094,0.1386,2.3141,0.6551,0.6550,-0.0115,13
2026-03-21T17:37:19.688114,0,0.1385,0.0125,0.1385,2.3142,0.6541,0.6540,-0.0115,13
2026-03-21T17:37:19.756815,0,0.1383,0.0116,0.1383,2.3141,0.6555,0.6554,-0.0115,13
2026-03-21T17:37:19.825953,0,0.1372,0.0143,0.1372,2.3127,0.6532,0.6531,-0.0114,13
2026-03-21T17:37:19.896831,0,0.1368,0.0098,0.1368,2.3127,0.6551,0.6550,-0.0114,13
2026-03-21T17:37:19.965424,0,0.1375,0.0083,0.1375,2.3131,0.6537,0.6536,-0.0114,13
2026-03-21T17:37:20.036254,0,0.1373,0.0068,0.1373,2.3131,0.6548,0.6547,-0.0114,13
2026-03-21T17:37:20.105952,0,0.1262,0.0114,0.1262,2.3133,0.6540,0.6538,-0.0171,12
2026-03-21T17:37:20.175332,0,0.1382,0.0114,0.1382,2.3138,0.6548,0.6547,-0.0115,13
2026-03-21T17:37:20.245361,0,0.1381,0.0085,0.1381,2.3134,0.6559,0.6558,-0.0115,13
2026-03-21T17:37:20.315068,0,0.1386,0.0096,0.1386,2.3141,0.6557,0.6556,-0.0115,13
2026-03-21T17:37:20.384248,0,0.1373,0.0105,0.1373,2.3131,0.6549,0.6548,-0.0115,13
2026-03-21T17:37:20.453788,0,0.1378,0.0142,0.1378,2.3136,0.6555,0.6554,-0.0115,13
2026-03-21T17:37:20.523140,0,0.1379,0.0181,0.1379,2.3139,0.6550,0.6549,-0.0115,13
2026-03-21T17:37:20.593831,0,0.1380,0.0170,0.1380,2.3132,0.6559,0.6558,-0.0114,13
2026-03-21T17:37:20.662185,0,0.1382,0.0112,0.1382,2.3136,0.6548,0.6547,-0.0114,13
2026-03-21T17:37:20.732773,0,0.1376,0.0124,0.1376,2.3136,0.6551,0.6550,-0.0114,13
2026-03-21T17:37:20.801400,0,0.1386,0.0127,0.1386,2.3142,0.6553,0.6552,-0.0115,13
2026-03-21T17:37:20.871733,0,0.1381,0.0074,0.1381,2.3138,0.6561,0.6560,-0.0115,13
2026-03-21T17:37:20.941732,0,0.1371,0.0138,0.1371,2.3131,0.6545,0.6544,-0.0115,13
2026-03-21T17:37:21.012104,0,0.1377,0.0120,0.1377,2.3139,0.6541,0.6540,-0.0115,13
2026-03-21T17:37:21.080953,0,0.1380,0.0111,0.1380,2.3134,0.6547,0.6546,-0.0114,13
2026-03-21T17:37:21.150794,0,0.1385,0.0105,0.1385,2.3137,0.6565,0.6564,-0.0115,13
2026-03-21T17:37:21.221100,0,0.1390,0.0155,0.1390,2.3144,0.6549,0.6548,-0.0114,13
2026-03-21T17:37:21.290323,0,0.1377,0.0090,0.1377,2.3132,0.6564,0.6563,-0.0115,13
2026-03-21T17:37:21.360379,0,0.1373,0.0121,0.1373,2.3130,0.6549,0.6548,-0.0114,13
2026-03-21T17:37:21.430415,0,0.1383,0.0102,0.1383,2.3136,0.6568,0.6567,-0.0115,13
2026-03-21T17:37:21.499285,0,0.1378,0.0094,0.1378,2.3133,0.6556,0.6555,-0.0114,13
2026-03-21T17:37:21.569341,0,0.1374,0.0095,0.1374,2.3134,0.6554,0.6553,-0.0114,13
2026-03-21T17:37:21.638013,0,0.1382,0.0101,0.1382,2.3134,0.6548,0.6547,-0.0114,13
2026-03-21T17:37:21.707733,0,0.1384,0.0110,0.1384,2.3139,0.6566,0.6565,-0.0115,13
2026-03-21T17:37:21.778352,0,0.1383,0.0165,0.1383,2.3139,0.6557,0.6556,-0.0115,13
2026-03-21T17:37:21.846887,0,0.1373,0.0078,0.1373,2.3130,0.6555,0.6554,-0.0115,13
2026-03-21T17:37:21.917415,0,0.1376,0.0091,0.1376,2.3136,0.6554,0.6553,-0.0115,13
2026-03-21T17:37:21.986826,0,0.1374,0.0090,0.1374,2.3128,0.6547,0.6546,-0.0114,13
2026-03-21T17:37:22.056667,0,0.1376,0.0122,0.1376,2.3136,0.6571,0.6570,-0.0115,13
2026-03-21T17:37:22.126940,0,0.1379,0.0119,0.1379,2.3138,0.6553,0.6552,-0.0114,13
2026-03-21T17:37:22.196358,0,0.1377,0.0099,0.1377,2.3134,0.6557,0.6556,-0.0114,13
2026-03-21T17:37:22.265766,0,0.1368,0.0118,0.1368,2.3126,0.6543,0.6542,-0.0114,13
2026-03-21T17:37:22.335968,0,0.1384,0.0076,0.1384,2.3137,0.6548,0.6547,-0.0115,13
2026-03-21T17:37:22.405594,0,0.1375,0.0096,0.1375,2.3137,0.6554,0.6553,-0.0115,13
2026-03-21T17:37:22.475393,0,0.1382,0.0078,0.1382,2.3136,0.6565,0.6564,-0.0115,13
2026-03-21T17:37:22.544616,0,0.1385,0.0071,0.1385,2.3137,0.6566,0.6565,-0.0115,13
2026-03-21T17:37:22.614127,0,0.1381,0.0146,0.1381,2.3134,0.6544,0.6543,-0.0114,13
2026-03-21T17:37:22.684378,0,0.1380,0.0116,0.1380,2.3136,0.6562,0.6561,-0.0115,13
2026-03-21T17:37:22.753569,0,0.1266,0.0092,0.1266,2.3141,0.6557,0.6555,-0.0172,12
2026-03-21T17:37:22.823383,0,0.1392,0.0121,0.1392,2.3144,0.6562,0.6561,-0.0115,13
2026-03-21T17:37:22.892716,0,0.1371,0.0164,0.1371,2.3126,0.6553,0.6552,-0.0115,13
2026-03-21T17:37:22.962612,0,0.1381,0.0108,0.1381,2.3133,0.6561,0.6560,-0.0114,13
2026-03-21T17:37:23.032582,0,0.1376,0.0122,0.1376,2.3136,0.6555,0.6554,-0.0115,13
2026-03-21T17:37:23.102110,0,0.1379,0.0112,0.1379,2.3136,0.6550,0.6549,-0.0113,13
2026-03-21T17:37:23.171580,0,0.1379,0.0139,0.1379,2.3131,0.6546,0.6545,-0.0114,13
2026-03-21T17:37:23.241548,0,0.1267,0.0084,0.1267,2.3137,0.6556,0.6554,-0.0172,12
2026-03-21T17:37:23.311354,0,0.1266,0.0106,0.1266,2.3138,0.6573,0.6571,-0.0173,12
2026-03-21T17:37:23.380880,0,0.1379,0.0155,0.1379,2.3134,0.6555,0.6554,-0.0115,13
2026-03-21T17:37:23.451422,0,0.1372,0.0118,0.1372,2.3130,0.6548,0.6547,-0.0114,13
2026-03-21T17:37:23.520457,0,0.1374,0.0084,0.1374,2.3128,0.6557,0.6556,-0.0114,13
2026-03-21T17:37:23.590635,0,0.1263,0.0105,0.1263,2.3138,0.6565,0.6562,-0.0173,12
2026-03-21T17:37:23.659781,0,0.1380,0.0075,0.1380,2.3134,0.6541,0.6540,-0.0114,13
2026-03-21T17:37:23.729954,0,0.1381,0.0122,0.1381,2.3134,0.6562,0.6561,-0.0114,13
2026-03-21T17:37:23.798837,0,0.1377,0.0084,0.1377,2.3134,0.6547,0.6546,-0.0115,13
2026-03-21T17:37:23.868912,0,0.1375,0.0144,0.1375,2.3130,0.6549,0.6548,-0.0114,13
2026-03-21T17:37:23.938116,0,0.1386,0.0113,0.1386,2.3141,0.6554,0.6553,-0.0115,13
2026-03-21T17:37:24.008167,0,0.1378,0.0121,0.1378,2.3136,0.6557,0.6556,-0.0114,13
2026-03-21T17:37:24.077314,0,0.1252,0.0110,0.1252,2.3126,0.6541,0.6538,-0.0172,12
2026-03-21T17:37:24.154718,0,0.1384,0.0129,0.1384,2.3139,0.6556,0.6555,-0.0115,13
2026-03-21T17:37:24.217152,0,0.1387,0.0076,0.1387,2.3139,0.6566,0.6564,-0.0163,12
2026-03-21T17:37:24.287133,0,0.1378,0.0083,0.1378,2.3134,0.6554,0.6553,-0.0115,13
2026-03-21T17:37:24.356868,0,0.1379,0.0063,0.1379,2.3137,0.6554,0.6553,-0.0115,13
2026-03-21T17:37:24.426546,0,0.1381,0.0125,0.1381,2.3134,0.6551,0.6550,-0.0115,13
2026-03-21T17:37:24.496110,0,0.1382,0.0119,0.1382,2.3136,0.6565,0.6564,-0.0115,13
2026-03-21T17:37:24.566387,0,0.1377,0.0101,0.1377,2.3133,0.6553,0.6552,-0.0115,13
2026-03-21T17:37:24.635331,0,0.1375,0.0139,0.1375,2.3132,0.6529,0.6528,-0.0114,13
2026-03-21T17:37:24.704905,0,0.1378,0.0118,0.1378,2.3133,0.6547,0.6546,-0.0114,13
2026-03-21T17:37:24.774715,0,0.1377,0.0088,0.1377,2.3136,0.6535,0.6534,-0.0115,13
2026-03-21T17:37:24.844192,0,0.1387,0.0111,0.1387,2.3142,0.6564,0.6563,-0.0115,13
2026-03-21T17:37:24.914117,0,0.1376,0.0091,0.1376,2.3136,0.6564,0.6563,-0.0115,13
2026-03-21T17:37:24.983500,0,0.1382,0.0071,0.1382,2.3137,0.6577,0.6576,-0.0115,13
2026-03-21T17:37:25.052467,0,0.1374,0.0142,0.1374,2.3131,0.6542,0.6541,-0.0115,13
2026-03-21T17:37:25.123022,0,0.1371,0.0115,0.1371,2.3128,0.6541,0.6540,-0.0113,13
2026-03-21T17:37:25.192716,0,0.1374,0.0105,0.1374,2.3130,0.6546,0.6545,-0.0114,13
2026-03-21T17:37:25.262568,0,0.1383,0.0129,0.1383,2.3137,0.6560,0.6559,-0.0114,13
2026-03-21T17:37:25.332825,0,0.1385,0.0108,0.1385,2.3138,0.6556,0.6555,-0.0114,13
2026-03-21T17:37:25.402451,0,0.1378,0.0101,0.1378,2.3134,0.6551,0.6550,-0.0114,13
2026-03-21T17:37:25.472029,0,0.1387,0.0085,0.1387,2.3141,0.6568,0.6567,-0.0115,13
2026-03-21T17:37:25.542089,0,0.1377,0.0121,0.1377,2.3132,0.6548,0.6547,-0.0114,13
2026-03-21T17:37:25.610881,0,0.1386,0.0132,0.1386,2.3138,0.6561,0.6560,-0.0113,13
2026-03-21T17:37:25.681440,0,0.1389,0.0117,0.1389,2.3143,0.6577,0.6576,-0.0116,13
2026-03-21T17:37:25.750428,0,0.1268,0.0116,0.1268,2.3137,0.6563,0.6561,-0.0171,12
2026-03-21T17:37:25.820037,0,0.1378,0.0087,0.1378,2.3132,0.6545,0.6544,-0.0114,13
2026-03-21T17:37:25.890130,0,0.1367,0.0164,0.1367,2.3123,0.6528,0.6527,-0.0114,13
2026-03-21T17:37:25.959153,0,0.1379,0.0100,0.1379,2.3134,0.6549,0.6548,-0.0114,13
2026-03-21T17:37:26.028855,0,0.1384,0.0105,0.1384,2.3139,0.6554,0.6553,-0.0115,13
2026-03-21T17:37:26.099385,0,0.1373,0.0129,0.1373,2.3136,0.6538,0.6537,-0.0115,13
2026-03-21T17:37:26.167798,0,0.1266,0.0115,0.1266,2.3137,0.6557,0.6555,-0.0172,12
2026-03-21T17:37:26.238339,0,0.1378,0.0105,0.1378,2.3134,0.6541,0.6540,-0.0114,13
2026-03-21T17:37:26.308119,0,0.1375,0.0126,0.1375,2.3132,0.6548,0.6547,-0.0114,13
2026-03-21T17:37:26.376827,0,0.1269,0.0121,0.1269,2.3137,0.6561,0.6558,-0.0172,12
2026-03-21T17:37:26.447131,0,0.1380,0.0126,0.1380,2.3134,0.6554,0.6553,-0.0115,13
2026-03-21T17:37:26.517368,0,0.1380,0.0107,0.1380,2.3136,0.6560,0.6559,-0.0114,13
2026-03-21T17:37:26.586735,0,0.1376,0.0121,0.1376,2.3130,0.6558,0.6557,-0.0114,13
2026-03-21T17:37:26.656460,0,0.1374,0.0116,0.1374,2.3127,0.6538,0.6537,-0.0114,13
2026-03-21T17:37:26.726020,0,0.1373,0.0131,0.1373,2.3137,0.6552,0.6551,-0.0115,13
2026-03-21T17:37:26.795396,0,0.1378,0.0134,0.1378,2.3136,0.6564,0.6563,-0.0116,13
2026-03-21T17:37:26.865697,0,0.1374,0.0108,0.1374,2.3130,0.6554,0.6553,-0.0114,13
2026-03-21T17:37:26.934749,0,0.1378,0.0119,0.1378,2.3134,0.6543,0.6542,-0.0114,13
2026-03-21T17:37:27.003813,0,0.1381,0.0100,0.1381,2.3138,0.6574,0.6573,-0.0115,13
2026-03-21T17:37:27.074292,0,0.1262,0.0093,0.1262,2.3136,0.6553,0.6551,-0.0172,12
2026-03-21T17:37:27.143443,0,0.1384,0.0105,0.1384,2.3141,0.6567,0.6566,-0.0115,13
2026-03-21T17:37:27.213861,0,0.1379,0.0145,0.1379,2.3137,0.6545,0.6544,-0.0114,13
2026-03-21T17:37:27.283234,0,0.1385,0.0108,0.1385,2.3137,0.6563,0.6562,-0.0114,13
2026-03-21T17:37:27.352906,0,0.1373,0.0237,0.1373,2.3132,0.6541,0.6540,-0.0114,13
2026-03-21T17:37:27.423759,0,0.1370,0.0104,0.1370,2.3126,0.6549,0.6548,-0.0114,13
2026-03-21T17:37:27.492146,0,0.1381,0.0082,0.1381,2.3137,0.6551,0.6550,-0.0114,13
2026-03-21T17:37:27.562831,0,0.1266,0.0071,0.1266,2.3138,0.6556,0.6553,-0.0172,12
2026-03-21T17:37:27.632716,0,0.1384,0.0092,0.1384,2.3139,0.6551,0.6550,-0.0115,13
2026-03-21T17:37:27.701867,0,0.1382,0.0099,0.1382,2.3136,0.6540,0.6539,-0.0115,13
2026-03-21T17:37:27.770951,0,0.1375,0.0100,0.1375,2.3132,0.6559,0.6558,-0.0114,13
2026-03-21T17:37:27.841085,0,0.1374,0.0113,0.1374,2.3133,0.6555,0.6554,-0.0115,13
2026-03-21T17:37:27.910318,0,0.1375,0.0110,0.1375,2.3134,0.6538,0.6537,-0.0114,13
2026-03-21T17:37:27.980878,0,0.1383,0.0147,0.1383,2.3137,0.6545,0.6544,-0.0114,13
2026-03-21T17:37:28.050165,0,0.1381,0.0094,0.1381,2.3134,0.6544,0.6543,-0.0114,13
2026-03-21T17:37:28.119489,0,0.1265,0.0129,0.1265,2.3137,0.6555,0.6552,-0.0172,12
2026-03-21T17:37:28.189776,0,0.1378,0.0100,0.1378,2.3134,0.6551,0.6550,-0.0115,13
2026-03-21T17:37:28.259168,0,0.1373,0.0090,0.1373,2.3132,0.6532,0.6531,-0.0114,13
2026-03-21T17:37:28.328924,0,0.1264,0.0105,0.1264,2.3139,0.6556,0.6553,-0.0173,12
2026-03-21T17:37:28.398468,0,0.1264,0.0131,0.1264,2.3133,0.6556,0.6553,-0.0172,12
2026-03-21T17:37:28.468422,0,0.1375,0.0135,0.1375,2.3134,0.6538,0.6537,-0.0115,13
2026-03-21T17:37:28.538105,0,0.1381,0.0124,0.1381,2.3137,0.6551,0.6550,-0.0114,13
2026-03-21T17:37:28.607936,0,0.1380,0.0085,0.1380,2.3133,0.6560,0.6559,-0.0115,13
2026-03-21T17:37:28.677905,0,0.1383,0.0114,0.1383,2.3136,0.6553,0.6552,-0.0115,13
2026-03-21T17:37:28.747394,0,0.1378,0.0115,0.1378,2.3134,0.6544,0.6543,-0.0115,13
2026-03-21T17:37:28.816933,0,0.1378,0.0145,0.1378,2.3134,0.6555,0.6554,-0.0114,13
2026-03-21T17:37:28.886695,0,0.1387,0.0095,0.1387,2.3139,0.6559,0.6558,-0.0115,13
2026-03-21T17:37:28.955967,0,0.1376,0.0091,0.1376,2.3133,0.6550,0.6549,-0.0115,13
2026-03-21T17:37:29.025203,0,0.1379,0.0123,0.1379,2.3134,0.6549,0.6548,-0.0114,13
2026-03-21T17:37:29.094756,0,0.1376,0.0074,0.1376,2.3130,0.6547,0.6546,-0.0114,13
2026-03-21T17:37:29.163922,0,0.1375,0.0096,0.1375,2.3133,0.6551,0.6550,-0.0115,13
2026-03-21T17:37:29.234062,0,0.1378,0.0090,0.1378,2.3134,0.6548,0.6547,-0.0115,13
2026-03-21T17:37:29.304581,0,0.1378,0.0090,0.1378,2.3137,0.6541,0.6540,-0.0115,13
2026-03-21T17:37:29.373124,0,0.1388,0.0147,0.1388,2.3143,0.6561,0.6560,-0.0115,13
2026-03-21T17:37:29.443657,0,0.1393,0.0169,0.1393,2.3145,0.6561,0.6560,-0.0116,13
2026-03-21T17:37:29.513696,0,0.1262,0.0079,0.1262,2.3136,0.6551,0.6549,-0.0172,12
2026-03-21T17:37:29.582982,0,0.1379,0.0071,0.1379,2.3133,0.6548,0.6547,-0.0114,13
2026-03-21T17:37:29.653185,0,0.1386,0.0096,0.1386,2.3143,0.6556,0.6555,-0.0115,13
2026-03-21T17:37:29.723747,0,0.1380,0.0104,0.1380,2.3132,0.6557,0.6556,-0.0114,13
2026-03-21T17:37:29.792114,0,0.1389,0.0125,0.1389,2.3142,0.6563,0.6562,-0.0115,13
2026-03-21T17:37:29.861954,0,0.1378,0.0115,0.1378,2.3132,0.6561,0.6560,-0.0114,13
2026-03-21T17:37:29.931373,0,0.1384,0.0107,0.1384,2.3138,0.6560,0.6559,-0.0115,13
2026-03-21T17:37:30.001518,0,0.1381,0.0090,0.1381,2.3136,0.6551,0.6550,-0.0114,13
2026-03-21T17:37:30.071160,0,0.1379,0.0100,0.1379,2.3133,0.6550,0.6549,-0.0115,13
2026-03-21T17:37:30.071160,1,0.0610,0.0245,0.0610,1.7593,0.5611,-0.2588,0.4979,6
2026-03-21T17:37:30.139882,0,0.1378,0.0127,0.1378,2.3136,0.6543,0.6542,-0.0114,13
2026-03-21T17:37:30.139882,1,0.0374,0.0215,0.0374,1.7896,0.5202,-0.2441,0.4594,5
2026-03-21T17:37:30.210577,0,0.1371,0.0123,0.1371,2.3126,0.6548,0.6547,-0.0114,13
2026-03-21T17:37:30.280009,0,0.1260,0.0107,0.1260,2.3134,0.6561,0.6558,-0.0172,12
2026-03-21T17:37:30.348899,0,0.1260,0.0118,0.1260,2.3132,0.6566,0.6564,-0.0172,12
2026-03-21T17:37:30.419996,0,0.1384,0.0112,0.1384,2.3137,0.6557,0.6556,-0.0115,13
2026-03-21T17:37:30.488407,0,0.1266,0.0047,0.1266,2.3137,0.6563,0.6561,-0.0172,12
2026-03-21T17:37:30.488407,1,0.0310,0.0310,0.0121,1.8586,0.4313,-0.2025,0.3807,5
2026-03-21T17:37:30.558294,0,0.1380,0.0135,0.1380,2.3132,0.6534,0.6533,-0.0114,13
2026-03-21T17:37:30.629448,0,0.1259,0.0113,0.1259,2.3127,0.6540,0.6538,-0.0170,12
2026-03-21T17:37:30.698575,0,0.1385,0.0126,0.1385,2.3144,0.6551,0.6550,-0.0115,13
2026-03-21T17:37:30.698575,1,0.0279,0.0279,0.0117,1.8598,0.4317,-0.2027,0.3811,5
2026-03-21T17:37:30.768601,0,0.1381,0.0074,0.1381,2.3137,0.6561,0.6560,-0.0115,13
2026-03-21T17:37:30.838291,0,0.1373,0.0138,0.1373,2.3126,0.6555,0.6554,-0.0113,13
2026-03-21T17:37:30.838291,1,0.0279,0.0279,0.0125,1.8589,0.4329,-0.2033,0.3822,5
2026-03-21T17:37:30.906864,0,0.1375,0.0203,0.1375,2.3132,0.6531,0.6530,-0.0114,13
2026-03-21T17:37:30.977034,0,0.1383,0.0136,0.1383,2.3144,0.6560,0.6559,-0.0115,13
2026-03-21T17:37:31.046589,0,0.1382,0.0112,0.1382,2.3136,0.6554,0.6553,-0.0114,13
2026-03-21T17:37:31.046589,1,0.0291,0.0291,0.0112,1.8569,0.4307,-0.2023,0.3802,5
2026-03-21T17:37:31.115524,0,0.1380,0.0072,0.1380,2.3138,0.6549,0.6548,-0.0115,13
2026-03-21T17:37:31.186278,0,0.1373,0.0115,0.1373,2.3128,0.6565,0.6564,-0.0114,13
2026-03-21T17:37:31.186278,1,0.0279,0.0279,0.0182,1.8665,0.4267,-0.2003,0.3767,5
2026-03-21T17:37:31.255084,0,0.1386,0.0113,0.1386,2.3139,0.6564,0.6563,-0.0115,13
2026-03-21T17:37:31.326181,0,0.1269,0.0088,0.1269,2.3137,0.6569,0.6567,-0.0172,12
2026-03-21T17:37:31.394791,0,0.1378,0.0077,0.1378,2.3134,0.6537,0.6536,-0.0114,13
2026-03-21T17:37:31.463788,0,0.1381,0.0151,0.1381,2.3134,0.6541,0.6540,-0.0113,13
2026-03-21T17:37:31.534514,0,0.1369,0.0114,0.1369,2.3130,0.6534,0.6533,-0.0114,13
2026-03-21T17:37:31.534514,1,0.0255,0.0255,0.0177,1.8684,0.4263,-0.2001,0.3764,5
2026-03-21T17:37:31.604579,0,0.1370,0.0129,0.1370,2.3128,0.6553,0.6552,-0.0115,13
2026-03-21T17:37:31.604579,1,0.0278,0.0278,0.0133,1.8675,0.4251,-0.1996,0.3753,5
2026-03-21T17:37:31.672915,0,0.1378,0.0090,0.1378,2.3136,0.6547,0.6546,-0.0115,13
2026-03-21T17:37:31.672915,1,0.0264,0.0264,0.0141,1.8615,0.4263,-0.2001,0.3764,5
2026-03-21T17:37:31.743304,0,0.1376,0.0121,0.1376,2.3132,0.6571,0.6570,-0.0115,13
2026-03-21T17:37:31.743304,1,0.0229,0.0229,0.0201,1.8675,0.4273,-0.2006,0.3773,5
2026-03-21T17:37:31.813521,0,0.1264,0.0112,0.1264,2.3136,0.6550,0.6547,-0.0171,12
2026-03-21T17:37:31.813521,1,0.0255,0.0244,0.0255,1.8745,0.4243,-0.1992,0.3746,5
2026-03-21T17:37:31.883256,0,0.1375,0.0092,0.1375,2.3131,0.6544,0.6543,-0.0114,13
2026-03-21T17:37:31.883256,1,0.0295,0.0217,0.0295,1.8797,0.4219,-0.1980,0.3725,5
2026-03-21T17:37:31.952029,0,0.1373,0.0116,0.1373,2.3131,0.6536,0.6535,-0.0114,13
2026-03-21T17:37:31.952029,1,0.0217,0.0216,0.0217,1.8745,0.4213,-0.1977,0.3720,5
2026-03-21T17:37:32.021986,0,0.1378,0.0150,0.1378,2.3137,0.6556,0.6555,-0.0115,13
2026-03-21T17:37:32.021986,1,0.0243,0.0243,0.0186,1.8667,0.4275,-0.2006,0.3775,5
2026-03-21T17:37:32.092671,0,0.1382,0.0109,0.1382,2.3138,0.6551,0.6550,-0.0115,13
2026-03-21T17:37:32.092671,1,0.0311,0.0311,0.0052,1.8580,0.4269,-0.2005,0.3769,5
2026-03-21T17:37:32.161509,0,0.1377,0.0101,0.1377,2.3133,0.6554,0.6553,-0.0115,13
2026-03-21T17:37:32.161509,1,0.0284,0.0284,0.0124,1.8641,0.4267,-0.2004,0.3767,5
2026-03-21T17:37:32.231224,0,0.1378,0.0139,0.1378,2.3134,0.6556,0.6555,-0.0114,13
2026-03-21T17:37:32.231224,1,0.0313,0.0313,0.0090,1.8615,0.4257,-0.1999,0.3758,5
2026-03-21T17:37:32.300783,0,0.1382,0.0084,0.1382,2.3138,0.6554,0.6553,-0.0115,13
2026-03-21T17:37:32.300783,1,0.0290,0.0290,0.0161,1.8624,0.4299,-0.2018,0.3795,5
2026-03-21T17:37:32.369930,0,0.1374,0.0155,0.1374,2.3131,0.6560,0.6559,-0.0114,13
2026-03-21T17:37:32.369930,1,0.0284,0.0284,0.0125,1.8650,0.4257,-0.1999,0.3758,5
2026-03-21T17:37:32.440683,0,0.1380,0.0088,0.1380,2.3137,0.6562,0.6561,-0.0115,13
2026-03-21T17:37:32.440683,1,0.0265,0.0265,0.0130,1.8667,0.4243,-0.1992,0.3746,5
2026-03-21T17:37:32.510528,0,0.1382,0.0136,0.1382,2.3136,0.6553,0.6552,-0.0115,13
2026-03-21T17:37:32.510528,1,0.0274,0.0274,0.0131,1.8606,0.4279,-0.2009,0.3778,5
2026-03-21T17:38:06.240848,0,0.0446,0.0446,0.0425,0.6879,0.6596,-0.0342,0.6587,5
2026-03-21T17:38:06.310572,0,0.0443,0.0443,0.0434,0.6869,0.6616,-0.0343,0.6607,5
2026-03-21T17:38:06.380079,0,0.0464,0.0464,0.0198,0.6759,0.6644,-0.0347,0.6635,5
2026-03-21T17:38:06.449003,0,0.0473,0.0473,0.0233,0.6744,0.6632,-0.0347,0.6623,5
2026-03-21T17:38:06.518867,0,0.0616,0.0451,0.0616,0.7060,0.6646,-0.0227,0.6642,5
2026-03-21T17:38:06.588990,0,0.0486,0.0451,0.0486,0.6940,0.6618,-0.0227,0.6614,5
2026-03-21T17:38:06.658523,0,0.0456,0.0456,0.0396,0.6910,0.6634,-0.0229,0.6630,5
2026-03-21T17:38:06.728328,0,0.0476,0.0449,0.0476,0.6890,0.6600,-0.0227,0.6596,5
2026-03-21T17:38:06.797910,0,0.0455,0.0455,0.0419,0.6880,0.6600,-0.0227,0.6596,5
2026-03-21T17:38:06.868095,0,0.0451,0.0451,0.0406,1.5861,0.6604,-0.0227,0.6600,5
2026-03-21T17:38:06.937361,0,0.0476,0.0451,0.0476,1.5861,0.6592,-0.0227,0.6588,5
2026-03-21T17:38:07.006123,0,0.0451,0.0451,0.0436,1.5871,0.6604,-0.0227,0.6600,5
2026-03-21T17:38:07.076405,0,0.0607,0.0607,0.0429,1.5801,0.6680,-0.0292,0.6674,6
2026-03-21T17:38:07.145892,0,0.0506,0.0450,0.0506,1.5881,0.6608,-0.0227,0.6604,5
2026-03-21T17:38:07.215645,0,0.0452,0.0452,0.0446,1.5851,0.6622,-0.0228,0.6618,5
2026-03-21T17:38:07.285136,0,0.0496,0.0452,0.0496,1.5851,0.6618,-0.0227,0.6614,5
2026-03-21T17:38:07.354827,0,0.0566,0.0452,0.0566,1.5851,0.6658,-0.0228,0.6654,5
2026-03-21T17:38:07.424649,0,0.0576,0.0449,0.0576,1.5891,0.6632,-0.0227,0.6628,5
2026-03-21T17:38:07.494350,0,0.0526,0.0449,0.0526,1.5891,0.6614,-0.0227,0.6610,5
2026-03-21T17:38:07.563713,0,0.0539,0.0450,0.0539,1.5904,0.6612,-0.0226,0.6608,5
2026-03-21T17:38:07.633325,0,0.0604,0.0604,0.0539,1.5824,0.6690,-0.0291,0.6684,6
2026-03-21T17:38:07.703593,0,0.0516,0.0453,0.0516,1.5841,0.6644,-0.0228,0.6640,5
2026-03-21T17:38:07.773093,0,0.0526,0.0446,0.0526,1.5930,0.6606,-0.0227,0.6602,5
2026-03-21T17:38:07.842827,0,0.0616,0.0452,0.0616,1.5851,0.6666,-0.0228,0.6662,5
2026-03-21T17:38:07.912771,0,0.0479,0.0479,0.0333,1.5824,0.6648,-0.0349,0.6639,5
2026-03-21T17:38:07.982685,0,0.0480,0.0480,0.0348,1.5871,0.6602,-0.0461,0.6586,5
2026-03-21T17:38:08.054061,0,0.1109,0.1065,0.1109,2.4076,0.6052,-0.1145,0.5943,11
2026-03-21T17:38:15.508204,0,0.0483,0.0324,0.0483,2.3473,0.5680,-0.0984,0.5594,5
2026-03-21T17:38:15.577862,0,0.0407,0.0407,0.0309,2.3575,0.5954,-0.1033,0.5864,5
2026-03-21T17:38:15.646546,0,0.0709,0.0323,0.0709,2.3427,0.6016,-0.0936,0.5943,5
2026-03-21T17:38:15.717024,0,0.0409,0.0409,0.0242,2.3471,0.5998,-0.0938,0.5924,5
2026-03-21T17:38:15.787126,0,0.0732,0.0524,0.0732,2.3513,0.6059,-0.0893,0.5993,6
2026-03-21T17:38:15.856821,0,0.0372,0.0372,0.0365,2.3331,0.5958,-0.0827,0.5901,5
2026-03-21T17:38:15.926033,0,0.0376,0.0376,0.0315,2.3327,0.5932,-0.0824,0.5875,5
2026-03-21T17:38:15.995856,0,0.0373,0.0373,0.0345,2.3327,0.5946,-0.0826,0.5889,5
2026-03-21T17:38:16.065259,0,0.0375,0.0375,0.0295,2.3320,0.5878,-0.0817,0.5821,5
2026-03-21T17:38:16.135282,0,0.0399,0.0399,0.0104,2.3329,0.5840,-0.0813,0.5783,5
2026-03-21T17:38:16.204612,0,0.0389,0.0389,0.0166,2.3322,0.5838,-0.0812,0.5781,5
2026-03-21T17:38:16.274352,0,0.0427,0.0427,0.0155,2.3360,0.5900,-0.0822,0.5843,5
2026-03-21T17:38:16.343999,0,0.0396,0.0396,0.0157,2.3336,0.5912,-0.0822,0.5855,5
2026-03-21T17:38:16.414042,0,0.0387,0.0387,0.0206,2.3327,0.5884,-0.0818,0.5827,5
2026-03-21T17:38:16.483116,0,0.0385,0.0385,0.0216,2.3324,0.5896,-0.0820,0.5839,5
2026-03-21T17:38:16.553231,0,0.0390,0.0390,0.0176,2.3327,0.5888,-0.0819,0.5831,5
2026-03-21T17:38:16.622757,0,0.0442,0.0442,0.0214,2.3372,0.5928,-0.0827,0.5870,5
2026-03-21T17:38:16.692392,0,0.0389,0.0389,0.0166,2.3322,0.5896,-0.0820,0.5839,5
2026-03-21T17:38:16.761795,0,0.0409,0.0409,0.0126,2.3336,0.5910,-0.0823,0.5853,5
2026-03-21T17:38:16.832350,0,0.0436,0.0436,0.0142,2.3369,0.5946,-0.0829,0.5888,5
2026-03-21T17:38:16.901906,0,0.0451,0.0451,0.0290,2.3386,0.5966,-0.0832,0.5908,5
2026-03-21T17:38:16.971587,0,0.0434,0.0434,0.0250,2.3381,0.5998,-0.0836,0.5940,5
2026-03-21T17:38:17.041742,0,0.0398,0.0398,0.0147,2.3339,0.5932,-0.0825,0.5874,5
2026-03-21T17:38:17.111110,0,0.0392,0.0392,0.0196,2.3338,0.5920,-0.0823,0.5863,5
2026-03-21T17:38:17.180155,0,0.0385,0.0385,0.0246,2.3332,0.5952,-0.0828,0.5894,5
2026-03-21T17:38:17.250300,0,0.0395,0.0395,0.0156,2.3332,0.5910,-0.0822,0.5853,5
2026-03-21T17:38:17.319534,0,0.0388,0.0388,0.0226,2.3334,0.5942,-0.0826,0.5884,5
2026-03-21T17:38:17.388998,0,0.0375,0.0370,0.0375,2.3329,0.5958,-0.0827,0.5900,5
2026-03-21T17:38:17.459535,0,0.0387,0.0387,0.0226,2.3332,0.5928,-0.0824,0.5871,5
2026-03-21T17:38:17.528756,0,0.0382,0.0382,0.0266,2.3329,0.5900,-0.0820,0.5843,5
2026-03-21T17:38:17.598955,0,0.0369,0.0369,0.0344,2.3317,0.5844,-0.0811,0.5788,5
2026-03-21T17:39:04.221019,0,0.0541,0.0541,0.0377,0.7972,0.4298,-0.0111,0.4296,8
2026-03-21T17:39:04.290308,0,0.0530,0.0530,0.0397,0.7963,0.4242,-0.0110,0.4240,8
2026-03-21T17:39:04.360092,0,0.0537,0.0537,0.0430,0.7967,0.4280,-0.0111,0.4279,8
2026-03-21T17:39:04.430396,0,0.0538,0.0538,0.0418,0.7967,0.4278,-0.0110,0.4276,8
2026-03-21T17:39:04.501402,0,0.0533,0.0533,0.0468,0.7961,0.4296,-0.0110,0.4295,8
2026-03-21T17:39:04.568756,0,0.0541,0.0541,0.0383,0.7971,0.4298,-0.0111,0.4296,8
2026-03-21T17:39:04.639205,0,0.0536,0.0536,0.0407,0.7967,0.4294,-0.0111,0.4293,8
2026-03-21T17:39:04.708846,0,0.0531,0.0531,0.0438,0.7960,0.4273,-0.0109,0.4271,8
2026-03-21T17:39:04.778239,0,0.0541,0.0541,0.0500,0.7969,0.4279,-0.0110,0.4278,8
2026-03-21T17:39:04.848133,0,0.0543,0.0543,0.0440,0.7972,0.4288,-0.0111,0.4286,8
2026-03-21T17:39:04.918191,0,0.0532,0.0532,0.0390,0.7962,0.4290,-0.0110,0.4289,8
2026-03-21T17:39:04.987972,0,0.0541,0.0541,0.0520,0.7967,0.4301,-0.0110,0.4300,8
2026-03-21T17:39:05.056967,0,0.0532,0.0532,0.0388,0.7964,0.4259,-0.0109,0.4258,8
2026-03-21T17:39:05.126589,0,0.0548,0.0534,0.0548,0.7961,0.4288,-0.0110,0.4286,8
2026-03-21T17:39:05.197154,0,0.0533,0.0533,0.0463,0.7960,0.4298,-0.0110,0.4296,8
2026-03-21T17:39:05.267010,0,0.0541,0.0541,0.0463,0.7969,0.4294,-0.0110,0.4293,8
2026-03-21T17:39:05.335564,0,0.0540,0.0540,0.0448,0.7967,0.4315,-0.0110,0.4314,8
2026-03-21T17:39:05.406089,0,0.0533,0.0533,0.0487,0.7960,0.4280,-0.0109,0.4279,8
2026-03-21T17:39:05.475262,0,0.0539,0.0539,0.0407,0.7968,0.4293,-0.0111,0.4291,8
2026-03-21T17:39:05.545586,0,0.0545,0.0545,0.0478,0.7971,0.4328,-0.0111,0.4326,8
2026-03-21T17:39:05.614721,0,0.0537,0.0537,0.0397,0.7968,0.4284,-0.0111,0.4283,8
2026-03-21T17:39:05.684318,0,0.0543,0.0543,0.0500,0.7969,0.4319,-0.0111,0.4318,8
2026-03-21T17:39:05.753728,0,0.0568,0.0541,0.0568,0.7967,0.4306,-0.0111,0.4305,8
2026-03-21T17:39:05.823544,0,0.0535,0.0535,0.0500,0.7962,0.4301,-0.0110,0.4300,8
2026-03-21T17:39:05.893396,0,0.0536,0.0536,0.0518,0.7963,0.4273,-0.0109,0.4271,8
2026-03-21T17:39:05.963489,0,0.0540,0.0540,0.0510,0.7968,0.4290,-0.0110,0.4289,8
2026-03-21T17:39:06.032650,0,0.0538,0.0538,0.0528,0.7962,0.4311,-0.0109,0.4310,8
2026-03-21T17:39:06.102273,0,0.0617,0.0542,0.0617,0.7966,0.4301,-0.0109,0.4300,8
2026-03-21T17:39:06.172472,0,0.0446,0.0446,0.0142,0.7960,0.4239,-0.0148,0.4236,7
2026-03-21T17:39:06.241559,0,0.0523,0.0523,0.0425,0.8194,0.4340,-0.0337,0.4327,8
2026-03-21T17:39:06.311099,0,0.0907,0.0907,0.0454,0.9936,0.5066,-0.1823,0.4726,9
2026-03-21T17:39:11.536258,0,0.1441,0.0128,0.1441,0.1314,0.6339,0.6339,0.0056,14
2026-03-21T17:39:11.606481,0,0.1609,0.0325,0.1609,0.1325,0.6376,0.6376,-0.0000,15
2026-03-21T17:39:11.676583,0,0.1467,0.0182,0.1467,0.1291,0.6355,0.6355,-0.0057,14
2026-03-21T17:39:11.745041,0,0.1461,0.0186,0.1461,0.1305,0.6352,0.6352,-0.0056,14
2026-03-21T17:39:11.815944,0,0.1469,0.0201,0.1469,0.1310,0.6351,0.6351,-0.0057,14
2026-03-21T17:39:11.885467,0,0.1463,0.0220,0.1463,0.1309,0.6356,0.6355,-0.0057,14
2026-03-21T17:39:11.955527,0,0.1459,0.0227,0.1459,0.1315,0.6349,0.6349,-0.0058,14
2026-03-21T17:39:12.025148,0,0.1457,0.0183,0.1457,0.1331,0.6338,0.6338,-0.0057,14
2026-03-21T17:39:12.094892,0,0.1460,0.0156,0.1460,0.1304,0.6338,0.6338,-0.0056,14
2026-03-21T17:39:12.164702,0,0.1449,0.0097,0.1449,0.1285,0.6342,0.6342,-0.0057,14
2026-03-21T17:39:12.234020,0,0.1459,0.0175,0.1459,0.1314,0.6338,0.6338,-0.0056,14
2026-03-21T17:39:12.303490,0,0.1450,0.0173,0.1450,0.1331,0.6326,0.6325,-0.0057,14
2026-03-21T17:39:12.373062,0,0.1461,0.0161,0.1461,0.1270,0.6361,0.6360,-0.0057,14
2026-03-21T17:39:12.442653,0,0.1466,0.0295,0.1466,0.1324,0.6348,0.6348,-0.0058,14
2026-03-21T17:39:12.511890,0,0.1470,0.0250,0.1470,0.1309,0.6351,0.6351,-0.0057,14
2026-03-21T17:39:12.582505,0,0.1456,0.0176,0.1456,0.1295,0.6349,0.6349,-0.0058,14
2026-03-21T17:39:12.651333,0,0.1460,0.0156,0.1460,0.1314,0.6343,0.6343,-0.0056,14
2026-03-21T17:39:12.721532,0,0.1461,0.0215,0.1461,0.1324,0.6334,0.6334,-0.0058,14
2026-03-21T17:39:12.790869,0,0.1467,0.0215,0.1467,0.1304,0.6358,0.6358,-0.0056,14
2026-03-21T17:39:12.860289,0,0.1469,0.0210,0.1469,0.1309,0.6353,0.6352,-0.0058,14
2026-03-21T17:39:12.930525,0,0.1466,0.0246,0.1466,0.1325,0.6353,0.6353,-0.0057,14
2026-03-21T17:39:13.000646,0,0.1462,0.0222,0.1462,0.1331,0.6346,0.6345,-0.0057,14
2026-03-21T17:39:13.069666,0,0.1445,0.0176,0.1445,0.1344,0.6332,0.6332,-0.0058,14
2026-03-21T17:39:13.140820,0,0.1462,0.0205,0.1462,0.1304,0.6348,0.6347,-0.0058,14
2026-03-21T17:39:13.210072,0,0.1457,0.0236,0.1457,0.1334,0.6351,0.6350,-0.0057,14
2026-03-21T17:39:13.279053,0,0.1450,0.0167,0.1450,0.1325,0.6339,0.6339,-0.0058,14
2026-03-21T17:39:13.348567,0,0.1452,0.0139,0.1452,0.1324,0.6329,0.6328,0.0056,14
2026-03-21T17:39:13.417812,0,0.1613,0.0283,0.1613,0.1285,0.6367,0.6363,0.0223,15
2026-03-21T17:39:13.487698,0,0.1458,0.0224,0.1458,0.1300,0.6355,0.6349,0.0277,14
2026-03-21T17:39:13.557601,0,0.1450,0.0229,0.1450,0.1335,0.6331,0.6325,0.0275,14
2026-03-21T17:39:13.627577,0,0.1457,0.0205,0.1457,0.1341,0.6330,0.6324,0.0277,14
2026-03-21T17:39:13.697096,0,0.1445,0.0153,0.1445,0.1308,0.6334,0.6328,0.0276,14
2026-03-21T17:39:13.766662,0,0.1454,0.0173,0.1454,0.1309,0.6344,0.6338,0.0276,14
2026-03-21T17:39:13.835777,0,0.1447,0.0190,0.1447,0.1355,0.6333,0.6327,0.0276,14
2026-03-21T17:39:13.906736,0,0.1452,0.0136,0.1452,0.1302,0.6360,0.6354,0.0277,14
2026-03-21T17:39:13.975012,0,0.1453,0.0206,0.1453,0.1361,0.6331,0.6325,0.0276,14
2026-03-21T17:39:14.044855,0,0.1455,0.0180,0.1455,0.1305,0.6338,0.6332,0.0276,14
2026-03-21T17:39:14.115122,0,0.1449,0.0212,0.1449,0.1308,0.6350,0.6344,0.0277,14
2026-03-21T17:39:14.184924,0,0.1458,0.0205,0.1458,0.1381,0.6342,0.6336,0.0277,14
2026-03-21T17:39:14.254106,0,0.1456,0.0149,0.1456,0.1285,0.6359,0.6353,0.0278,14
2026-03-21T17:39:14.323719,0,0.1452,0.0146,0.1452,0.1292,0.6360,0.6354,0.0278,14
2026-03-21T17:39:14.393860,0,0.1452,0.0169,0.1452,0.1295,0.6345,0.6339,0.0276,14
2026-03-21T17:39:14.463166,0,0.1457,0.0171,0.1457,0.1317,0.6341,0.6335,0.0277,14
2026-03-21T17:39:14.532749,0,0.1454,0.0134,0.1454,0.1310,0.6353,0.6347,0.0278,14
2026-03-21T17:39:14.602849,0,0.1449,0.0193,0.1449,0.1319,0.6338,0.6332,0.0276,14
2026-03-21T17:39:14.672976,0,0.1449,0.0213,0.1449,0.1339,0.6322,0.6316,0.0275,14
2026-03-21T17:39:14.742159,0,0.1450,0.0153,0.1450,0.1309,0.6351,0.6345,0.0278,14
2026-03-21T17:39:14.812545,0,0.1448,0.0192,0.1448,0.1308,0.6357,0.6351,0.0277,14
2026-03-21T17:39:14.881652,0,0.1451,0.0103,0.1451,0.1312,0.6348,0.6342,0.0277,14
2026-03-21T17:39:14.951537,0,0.1454,0.0093,0.1454,0.1297,0.6349,0.6346,0.0167,14
2026-03-21T17:39:15.021535,0,0.1621,0.0407,0.1621,0.1304,0.6377,0.6376,0.0110,15
2026-03-21T17:39:15.091480,0,0.1469,0.0200,0.1469,0.1314,0.6361,0.6358,0.0167,14
2026-03-21T17:39:15.160534,0,0.1476,0.0281,0.1476,0.1325,0.6333,0.6331,0.0168,14
2026-03-21T17:39:15.230831,0,0.1481,0.0284,0.1481,0.1299,0.6360,0.6358,0.0169,14
2026-03-21T17:39:15.300450,0,0.1619,0.0379,0.1619,0.1305,0.6367,0.6366,0.0111,15
2026-03-21T17:39:15.368988,0,0.1471,0.0226,0.1471,0.1310,0.6365,0.6363,0.0168,14
2026-03-21T17:39:15.439473,0,0.1471,0.0247,0.1471,0.1331,0.6343,0.6341,0.0168,14
2026-03-21T17:39:15.508998,0,0.1473,0.0251,0.1473,0.1335,0.6327,0.6325,0.0168,14
2026-03-21T17:39:15.578877,0,0.1475,0.0237,0.1475,0.1321,0.6335,0.6333,0.0168,14
2026-03-21T17:39:15.648223,0,0.1477,0.0269,0.1477,0.1294,0.6365,0.6363,0.0169,14
2026-03-21T17:39:15.717273,0,0.1474,0.0283,0.1474,0.1317,0.6348,0.6346,0.0169,14
2026-03-21T17:39:15.787218,0,0.1475,0.0290,0.1475,0.1344,0.6348,0.6346,0.0168,14
2026-03-21T17:39:15.856954,0,0.1471,0.0201,0.1471,0.1285,0.6352,0.6350,0.0168,14
2026-03-21T17:39:15.927501,0,0.1455,0.0123,0.1455,0.1327,0.6337,0.6335,0.0166,14
2026-03-21T17:39:15.997153,0,0.1452,0.0144,0.1452,0.1349,0.6316,0.6314,0.0166,14
2026-03-21T17:39:16.066178,0,0.1442,0.0113,0.1442,0.1317,0.6326,0.6324,0.0165,14
2026-03-21T17:39:16.136828,0,0.1450,0.0164,0.1450,0.1309,0.6331,0.6328,0.0166,14
2026-03-21T17:39:16.206486,0,0.1450,0.0160,0.1450,0.1295,0.6351,0.6349,0.0165,14
2026-03-21T17:39:16.276144,0,0.1452,0.0226,0.1452,0.1341,0.6329,0.6327,0.0165,14
2026-03-21T17:39:16.345991,0,0.1454,0.0170,0.1454,0.1295,0.6343,0.6341,0.0165,14
2026-03-21T17:39:16.414930,0,0.1452,0.0181,0.1452,0.1295,0.6348,0.6346,0.0165,14
2026-03-21T17:39:16.484521,0,0.1456,0.0169,0.1456,0.1284,0.6343,0.6341,0.0165,14
2026-03-21T17:39:16.554511,0,0.1459,0.0209,0.1459,0.1324,0.6347,0.6345,0.0166,14
2026-03-21T17:39:16.624070,0,0.1455,0.0195,0.1455,0.1330,0.6332,0.6330,0.0166,14
2026-03-21T17:39:16.694382,0,0.1456,0.0169,0.1456,0.1314,0.6342,0.6340,0.0166,14
2026-03-21T17:39:16.763226,0,0.1450,0.0154,0.1450,0.1335,0.6342,0.6340,0.0164,14
2026-03-21T17:39:16.833103,0,0.1452,0.0166,0.1452,0.1321,0.6337,0.6335,0.0165,14
2026-03-21T17:39:16.903486,0,0.1456,0.0196,0.1456,0.1311,0.6352,0.6350,0.0167,14
2026-03-21T17:39:16.972047,0,0.1449,0.0204,0.1449,0.1319,0.6339,0.6336,0.0165,14
2026-03-21T17:39:17.042701,0,0.1457,0.0183,0.1457,0.1297,0.6350,0.6348,0.0166,14
2026-03-21T17:39:17.112301,0,0.1457,0.0200,0.1457,0.1305,0.6352,0.6350,0.0165,14
2026-03-21T17:39:17.181821,0,0.1461,0.0230,0.1461,0.1334,0.6336,0.6334,0.0165,14
2026-03-21T17:39:17.251813,0,0.1460,0.0126,0.1460,0.1291,0.6357,0.6355,0.0166,14
2026-03-21T17:39:17.321733,0,0.1450,0.0104,0.1450,0.1289,0.6344,0.6342,0.0166,14
2026-03-21T17:39:17.390752,0,0.1447,0.0127,0.1447,0.1292,0.6358,0.6356,0.0167,14
2026-03-21T17:39:17.461543,0,0.1448,0.0184,0.1448,0.1339,0.6324,0.6321,0.0164,14
2026-03-21T17:39:17.530696,0,0.1454,0.0109,0.1454,0.1294,0.6351,0.6348,0.0167,14
2026-03-21T17:39:17.599241,0,0.1454,0.0180,0.1454,0.1305,0.6340,0.6338,0.0165,14
2026-03-21T17:39:17.669700,0,0.1464,0.0190,0.1464,0.1305,0.6348,0.6346,0.0166,14
2026-03-21T17:39:17.739515,0,0.1454,0.0246,0.1454,0.1361,0.6337,0.6335,0.0165,14
2026-03-21T17:39:17.809653,0,0.1456,0.0242,0.1456,0.1307,0.6358,0.6356,0.0165,14
2026-03-21T17:39:17.878196,0,0.1452,0.0146,0.1452,0.1291,0.6346,0.6343,0.0166,14
2026-03-21T17:39:17.948292,0,0.1457,0.0141,0.1457,0.1295,0.6349,0.6347,0.0167,14
2026-03-21T17:39:18.017589,0,0.1441,0.0091,0.1441,0.1275,0.6347,0.6345,0.0167,14
2026-03-21T17:39:18.087723,0,0.1444,0.0161,0.1444,0.1345,0.6323,0.6321,0.0166,14
2026-03-21T17:39:18.156467,0,0.1448,0.0171,0.1448,0.1315,0.6337,0.6335,0.0166,14
2026-03-21T17:39:18.226707,0,0.1459,0.0156,0.1459,0.1311,0.6344,0.6342,0.0166,14
2026-03-21T17:39:18.296421,0,0.1454,0.0212,0.1454,0.1337,0.6342,0.6340,0.0165,14
2026-03-21T17:39:18.366951,0,0.1453,0.0239,0.1453,0.1324,0.6333,0.6331,0.0165,14
2026-03-21T17:39:18.436872,0,0.1448,0.0187,0.1448,0.1312,0.6337,0.6335,0.0165,14
2026-03-21T17:39:18.505875,0,0.1461,0.0320,0.1461,0.1375,0.6338,0.6336,0.0166,14
2026-03-21T17:39:18.576146,0,0.1444,0.0197,0.1444,0.1332,0.6345,0.6343,0.0164,14
2026-03-21T17:39:18.645146,0,0.1466,0.0252,0.1466,0.1367,0.6340,0.6338,0.0165,14
2026-03-21T17:39:18.714778,0,0.1457,0.0234,0.1457,0.1319,0.6343,0.6341,0.0166,14
2026-03-21T17:39:18.784713,0,0.1455,0.0155,0.1455,0.1280,0.6351,0.6349,0.0166,14
2026-03-21T17:39:18.854420,0,0.1458,0.0235,0.1458,0.1330,0.6337,0.6335,0.0164,14
2026-03-21T17:39:18.924029,0,0.1454,0.0169,0.1454,0.1304,0.6347,0.6345,0.0165,14
2026-03-21T17:39:18.993589,0,0.1447,0.0136,0.1447,0.1301,0.6346,0.6343,0.0166,14
2026-03-21T17:39:19.063354,0,0.1451,0.0176,0.1451,0.1331,0.6319,0.6316,0.0165,14
2026-03-21T17:39:19.132866,0,0.1454,0.0185,0.1454,0.1300,0.6351,0.6349,0.0166,14
2026-03-21T17:39:19.202540,0,0.1450,0.0146,0.1450,0.1291,0.6349,0.6347,0.0166,14
2026-03-21T17:39:19.272749,0,0.1449,0.0141,0.1449,0.1315,0.6341,0.6339,0.0165,14
2026-03-21T17:39:19.342238,0,0.1446,0.0224,0.1446,0.1339,0.6335,0.6333,0.0165,14
2026-03-21T17:39:19.412093,0,0.1453,0.0176,0.1453,0.1341,0.6336,0.6334,0.0167,14
2026-03-21T17:39:19.481822,0,0.1447,0.0179,0.1447,0.1334,0.6328,0.6326,0.0165,14
2026-03-21T17:39:19.551008,0,0.1449,0.0096,0.1449,0.1297,0.6340,0.6338,0.0166,14
2026-03-21T17:39:19.620780,0,0.1446,0.0172,0.1446,0.1347,0.6343,0.6341,0.0165,14
2026-03-21T17:39:19.690595,0,0.1456,0.0176,0.1456,0.1291,0.6366,0.6363,0.0166,14
2026-03-21T17:39:19.760651,0,0.1460,0.0226,0.1460,0.1311,0.6338,0.6336,0.0166,14
2026-03-21T17:39:19.829662,0,0.1460,0.0239,0.1460,0.1334,0.6333,0.6331,0.0166,14
2026-03-21T17:39:19.899685,0,0.1450,0.0151,0.1450,0.1345,0.6322,0.6320,0.0166,14
2026-03-21T17:39:19.969472,0,0.1456,0.0166,0.1456,0.1331,0.6336,0.6334,0.0166,14
2026-03-21T17:39:20.038450,0,0.1453,0.0212,0.1453,0.1317,0.6339,0.6337,0.0165,14
2026-03-21T17:39:20.108698,0,0.1455,0.0202,0.1455,0.1327,0.6360,0.6358,0.0166,14
2026-03-21T17:39:20.178424,0,0.1445,0.0177,0.1445,0.1322,0.6349,0.6347,0.0166,14
2026-03-21T17:39:20.248297,0,0.1457,0.0252,0.1457,0.1317,0.6336,0.6334,0.0164,14
2026-03-21T17:39:20.317898,0,0.1456,0.0236,0.1456,0.1331,0.6335,0.6333,0.0166,14
2026-03-21T17:39:20.387199,0,0.1446,0.0122,0.1446,0.1297,0.6348,0.6346,0.0166,14
2026-03-21T17:39:20.457821,0,0.1454,0.0195,0.1454,0.1330,0.6341,0.6339,0.0166,14
2026-03-21T17:39:20.526850,0,0.1449,0.0143,0.1449,0.1307,0.6339,0.6337,0.0166,14
2026-03-21T17:39:20.596185,0,0.1446,0.0172,0.1446,0.1317,0.6348,0.6346,0.0164,14
2026-03-21T17:39:20.665673,0,0.1451,0.0269,0.1451,0.1344,0.6326,0.6324,0.0164,14
2026-03-21T17:39:20.735366,0,0.1453,0.0200,0.1453,0.1344,0.6351,0.6349,0.0165,14
2026-03-21T17:39:20.805944,0,0.1463,0.0156,0.1463,0.1321,0.6358,0.6356,0.0167,14
2026-03-21T17:39:20.874932,0,0.1451,0.0104,0.1451,0.1289,0.6350,0.6348,0.0166,14
2026-03-21T17:39:20.944280,0,0.1449,0.0164,0.1449,0.1309,0.6354,0.6351,0.0166,14
2026-03-21T17:39:21.014555,0,0.1453,0.0169,0.1453,0.1314,0.6340,0.6338,0.0165,14
2026-03-21T17:39:21.084409,0,0.1451,0.0185,0.1451,0.1310,0.6344,0.6342,0.0165,14
2026-03-21T17:39:21.153327,0,0.1456,0.0133,0.1456,0.1297,0.6346,0.6344,0.0166,14
2026-03-21T17:39:21.224152,0,0.1459,0.0179,0.1459,0.1304,0.6362,0.6360,0.0166,14
2026-03-21T17:39:21.293098,0,0.1446,0.0107,0.1446,0.1292,0.6357,0.6355,0.0166,14
2026-03-21T17:39:21.363042,0,0.1458,0.0173,0.1458,0.1307,0.6345,0.6343,0.0165,14
2026-03-21T17:39:21.432905,0,0.1449,0.0144,0.1449,0.1345,0.6337,0.6335,0.0167,14
2026-03-21T17:39:21.503067,0,0.1454,0.0151,0.1454,0.1335,0.6345,0.6343,0.0167,14
2026-03-21T17:39:21.572061,0,0.1452,0.0209,0.1452,0.1304,0.6349,0.6347,0.0165,14
2026-03-21T17:39:21.641873,0,0.1445,0.0147,0.1445,0.1312,0.6361,0.6358,0.0166,14
2026-03-21T17:39:21.711525,0,0.1458,0.0186,0.1458,0.1321,0.6355,0.6353,0.0167,14
2026-03-21T17:39:21.780550,0,0.1446,0.0222,0.1446,0.1357,0.6337,0.6335,0.0164,14
2026-03-21T17:39:21.850705,0,0.1456,0.0235,0.1456,0.1320,0.6346,0.6343,0.0166,14
2026-03-21T17:39:21.920587,0,0.1465,0.0221,0.1465,0.1315,0.6358,0.6356,0.0167,14
2026-03-21T17:39:21.990226,0,0.1453,0.0156,0.1453,0.1331,0.6346,0.6343,0.0167,14
2026-03-21T17:39:22.059393,0,0.1442,0.0190,0.1442,0.1369,0.6334,0.6332,0.0166,14
2026-03-21T17:39:22.129710,0,0.1462,0.0204,0.1462,0.1299,0.6358,0.6356,0.0166,14
2026-03-21T17:39:22.199685,0,0.1466,0.0250,0.1466,0.1315,0.6348,0.6346,0.0165,14
2026-03-21T17:39:22.268324,0,0.1458,0.0227,0.1458,0.1282,0.6346,0.6343,0.0165,14
2026-03-21T17:39:22.338668,0,0.1458,0.0130,0.1458,0.1254,0.6366,0.6364,0.0166,14
2026-03-21T17:39:22.408693,0,0.1457,0.0149,0.1457,0.1294,0.6351,0.6348,0.0167,14
2026-03-21T17:39:22.477894,0,0.1456,0.0199,0.1456,0.1344,0.6319,0.6317,0.0165,14
2026-03-21T17:39:22.548205,0,0.1450,0.0209,0.1450,0.1324,0.6334,0.6332,0.0165,14
2026-03-21T17:39:22.617397,0,0.1452,0.0156,0.1452,0.1331,0.6347,0.6345,0.0166,14
2026-03-21T17:39:22.687764,0,0.1460,0.0176,0.1460,0.1271,0.6366,0.6364,0.0166,14
2026-03-21T17:39:22.756910,0,0.1448,0.0157,0.1448,0.1302,0.6355,0.6353,0.0165,14
2026-03-21T17:39:22.826197,0,0.1463,0.0236,0.1463,0.1331,0.6356,0.6354,0.0166,14
2026-03-21T17:39:22.895970,0,0.1459,0.0186,0.1459,0.1301,0.6347,0.6345,0.0166,14
2026-03-21T17:39:22.966066,0,0.1450,0.0194,0.1450,0.1349,0.6328,0.6326,0.0165,14
2026-03-21T17:39:23.035849,0,0.1453,0.0149,0.1453,0.1334,0.6326,0.6324,0.0165,14
2026-03-21T17:39:23.105527,0,0.1444,0.0149,0.1444,0.1334,0.6326,0.6324,0.0165,14
2026-03-21T17:39:23.173903,0,0.1460,0.0212,0.1460,0.1347,0.6339,0.6336,0.0166,14
2026-03-21T17:39:23.244574,0,0.1445,0.0124,0.1445,0.1319,0.6328,0.6326,0.0166,14
2026-03-21T17:39:23.314768,0,0.1444,0.0155,0.1444,0.1324,0.6346,0.6343,0.0166,14
2026-03-21T17:39:23.389106,0,0.1454,0.0119,0.1454,0.1274,0.6363,0.6361,0.0167,14
2026-03-21T17:39:23.454303,0,0.1461,0.0226,0.1461,0.1341,0.6351,0.6349,0.0166,14
2026-03-21T17:39:23.524007,0,0.1445,0.0127,0.1445,0.1302,0.6339,0.6337,0.0166,14
2026-03-21T17:39:23.593278,0,0.1445,0.0169,0.1445,0.1364,0.6331,0.6329,0.0166,14
2026-03-21T17:39:23.662184,0,0.1456,0.0236,0.1456,0.1361,0.6333,0.6331,0.0166,14
2026-03-21T17:39:23.732820,0,0.1453,0.0180,0.1453,0.1295,0.6342,0.6340,0.0165,14
2026-03-21T17:39:23.802616,0,0.1456,0.0171,0.1456,0.1315,0.6340,0.6338,0.0165,14
2026-03-21T17:39:23.872004,0,0.1459,0.0171,0.1459,0.1295,0.6341,0.6339,0.0166,14
2026-03-21T17:39:23.941024,0,0.1449,0.0171,0.1449,0.1335,0.6331,0.6329,0.0165,14
2026-03-21T17:39:24.011246,0,0.1451,0.0182,0.1451,0.1357,0.6326,0.6324,0.0165,14
2026-03-21T17:39:24.080782,0,0.1446,0.0189,0.1446,0.1334,0.6329,0.6326,0.0164,14
2026-03-21T17:39:24.149938,0,0.1452,0.0207,0.1452,0.1302,0.6356,0.6353,0.0166,14
2026-03-21T17:39:24.220004,0,0.1454,0.0186,0.1454,0.1321,0.6341,0.6338,0.0166,14
2026-03-21T17:39:24.289752,0,0.1451,0.0141,0.1451,0.1295,0.6347,0.6345,0.0165,14
2026-03-21T17:39:24.359804,0,0.1452,0.0184,0.1452,0.1329,0.6346,0.6344,0.0165,14
2026-03-21T17:39:24.429866,0,0.1449,0.0224,0.1449,0.1349,0.6339,0.6336,0.0166,14
2026-03-21T17:39:24.499287,0,0.1459,0.0191,0.1459,0.1295,0.6348,0.6346,0.0165,14
2026-03-21T17:39:24.569201,0,0.1451,0.0199,0.1451,0.1304,0.6345,0.6343,0.0164,14
2026-03-21T17:39:24.639286,0,0.1457,0.0179,0.1457,0.1314,0.6355,0.6353,0.0166,14
2026-03-21T17:39:24.708875,0,0.1444,0.0197,0.1444,0.1332,0.6339,0.6337,0.0166,14
2026-03-21T17:39:24.778264,0,0.1450,0.0156,0.1450,0.1340,0.6341,0.6338,0.0167,14
2026-03-21T17:39:24.847177,0,0.1453,0.0182,0.1453,0.1347,0.6344,0.6342,0.0165,14
2026-03-21T17:39:24.916776,0,0.1458,0.0242,0.1458,0.1337,0.6351,0.6349,0.0165,14
2026-03-21T17:39:24.987103,0,0.1448,0.0187,0.1448,0.1312,0.6356,0.6354,0.0165,14
2026-03-21T17:39:25.056620,0,0.1453,0.0220,0.1453,0.1334,0.6342,0.6340,0.0165,14
2026-03-21T17:39:25.126005,0,0.1439,0.0167,0.1439,0.1341,0.6329,0.6326,0.0165,14
2026-03-21T17:39:25.196004,0,0.1453,0.0250,0.1453,0.1335,0.6349,0.6346,0.0166,14
2026-03-21T17:39:25.265632,0,0.1455,0.0169,0.1455,0.1324,0.6338,0.6336,0.0166,14
2026-03-21T17:39:25.334540,0,0.1453,0.0182,0.1453,0.1317,0.6339,0.6336,0.0166,14
2026-03-21T17:39:25.404844,0,0.1458,0.0136,0.1458,0.1321,0.6332,0.6330,0.0167,14
2026-03-21T17:39:25.474753,0,0.1456,0.0206,0.1456,0.1321,0.6353,0.6351,0.0166,14
2026-03-21T17:39:25.545079,0,0.1453,0.0202,0.1453,0.1367,0.6349,0.6346,0.0165,14
2026-03-21T17:39:25.614382,0,0.1459,0.0224,0.1459,0.1339,0.6332,0.6330,0.0165,14
2026-03-21T17:39:25.684366,0,0.1451,0.0212,0.1451,0.1317,0.6338,0.6336,0.0164,14
2026-03-21T17:39:25.754166,0,0.1457,0.0244,0.1457,0.1319,0.6358,0.6356,0.0165,14
2026-03-21T17:39:25.823162,0,0.1455,0.0195,0.1455,0.1350,0.6347,0.6345,0.0166,14
2026-03-21T17:39:25.892840,0,0.1449,0.0204,0.1449,0.1319,0.6343,0.6341,0.0165,14
2026-03-21T17:39:25.962554,0,0.1459,0.0134,0.1459,0.1259,0.6363,0.6361,0.0167,14
2026-03-21T17:39:26.031664,0,0.1455,0.0212,0.1455,0.1307,0.6341,0.6339,0.0164,14
2026-03-21T17:39:26.102050,0,0.1448,0.0121,0.1448,0.1295,0.6332,0.6330,0.0166,14
2026-03-21T17:39:26.171465,0,0.1448,0.0084,0.1448,0.1285,0.6353,0.6351,0.0167,14
2026-03-21T17:39:26.240969,0,0.1451,0.0129,0.1451,0.1314,0.6342,0.6340,0.0167,14
2026-03-21T17:39:26.310826,0,0.1445,0.0177,0.1445,0.1322,0.6331,0.6329,0.0166,14
2026-03-21T17:39:26.380015,0,0.1452,0.0144,0.1452,0.1319,0.6343,0.6341,0.0166,14
2026-03-21T17:39:26.450375,0,0.1449,0.0164,0.1449,0.1339,0.6329,0.6327,0.0165,14
2026-03-21T17:39:26.519665,0,0.1470,0.0274,0.1470,0.1339,0.6344,0.6342,0.0165,14
2026-03-21T17:39:26.589959,0,0.1457,0.0149,0.1457,0.1284,0.6346,0.6344,0.0166,14
2026-03-21T17:39:26.659897,0,0.1457,0.0172,0.1457,0.1357,0.6337,0.6335,0.0166,14
2026-03-21T17:39:26.729595,0,0.1451,0.0227,0.1451,0.1312,0.6351,0.6348,0.0165,14
2026-03-21T17:39:26.798966,0,0.1447,0.0144,0.1447,0.1329,0.6330,0.6328,0.0165,14
2026-03-21T17:39:26.868980,0,0.1449,0.0169,0.1449,0.1314,0.6337,0.6335,0.0165,14
2026-03-21T17:39:26.938026,0,0.1458,0.0200,0.1458,0.1295,0.6354,0.6352,0.0166,14
2026-03-21T17:39:27.007707,0,0.1461,0.0282,0.1461,0.1307,0.6334,0.6332,0.0164,14
2026-03-21T17:39:27.078151,0,0.1450,0.0207,0.1450,0.1312,0.6338,0.6336,0.0165,14
2026-03-21T17:39:27.146445,0,0.1461,0.0202,0.1461,0.1287,0.6359,0.6357,0.0166,14
2026-03-21T17:39:27.216851,0,0.1453,0.0230,0.1453,0.1325,0.6324,0.6322,0.0165,14
2026-03-21T17:39:27.285856,0,0.1450,0.0146,0.1450,0.1330,0.6331,0.6329,0.0166,14
2026-03-21T17:39:27.355709,0,0.1459,0.0121,0.1459,0.1314,0.6340,0.6338,0.0166,14
2026-03-21T17:39:27.425596,0,0.1453,0.0180,0.1453,0.1325,0.6344,0.6342,0.0165,14
2026-03-21T17:39:27.495359,0,0.1458,0.0216,0.1458,0.1311,0.6339,0.6337,0.0165,14
2026-03-21T17:39:27.565211,0,0.1451,0.0202,0.1451,0.1327,0.6331,0.6329,0.0165,14
2026-03-21T17:39:27.635514,0,0.1447,0.0169,0.1447,0.1324,0.6328,0.6326,0.0166,14
2026-03-21T17:39:27.705125,0,0.1457,0.0239,0.1457,0.1314,0.6336,0.6334,0.0165,14
2026-03-21T17:39:27.775260,0,0.1460,0.0196,0.1460,0.1331,0.6346,0.6344,0.0166,14
2026-03-21T17:39:27.845178,0,0.1458,0.0216,0.1458,0.1301,0.6361,0.6359,0.0166,14
2026-03-21T17:39:27.913969,0,0.1451,0.0124,0.1451,0.1299,0.6340,0.6338,0.0166,14
2026-03-21T17:39:27.983888,0,0.1448,0.0174,0.1448,0.1349,0.6335,0.6333,0.0166,14
2026-03-21T17:39:28.053207,0,0.1448,0.0133,0.1448,0.1307,0.6333,0.6331,0.0165,14
2026-03-21T17:39:28.122500,0,0.1455,0.0205,0.1455,0.1330,0.6339,0.6336,0.0166,14
2026-03-21T17:39:28.192821,0,0.1446,0.0137,0.1446,0.1302,0.6351,0.6349,0.0166,14
2026-03-21T17:39:28.261912,0,0.1452,0.0139,0.1452,0.1314,0.6346,0.6344,0.0167,14
2026-03-21T17:39:28.331892,0,0.1456,0.0135,0.1456,0.1300,0.6349,0.6347,0.0166,14
2026-03-21T17:39:28.401624,0,0.1450,0.0163,0.1450,0.1297,0.6345,0.6343,0.0166,14
2026-03-21T17:39:28.470836,0,0.1450,0.0206,0.1450,0.1321,0.6341,0.6338,0.0166,14
2026-03-21T17:39:28.540566,0,0.1447,0.0257,0.1447,0.1341,0.6331,0.6329,0.0165,14
2026-03-21T17:39:28.610164,0,0.1466,0.0171,0.1466,0.1295,0.6351,0.6349,0.0167,14
2026-03-21T17:39:28.681051,0,0.1459,0.0221,0.1459,0.1315,0.6341,0.6338,0.0166,14
2026-03-21T17:39:28.750526,0,0.1452,0.0250,0.1452,0.1325,0.6332,0.6330,0.0164,14
2026-03-21T17:39:28.820138,0,0.1449,0.0151,0.1449,0.1325,0.6339,0.6336,0.0167,14
2026-03-21T17:39:28.889064,0,0.1448,0.0150,0.1448,0.1305,0.6339,0.6337,0.0165,14
2026-03-21T17:39:28.958847,0,0.1445,0.0207,0.1445,0.1332,0.6338,0.6336,0.0165,14
2026-03-21T17:39:29.027884,0,0.1446,0.0212,0.1446,0.1357,0.6327,0.6325,0.0164,14
2026-03-21T17:39:29.098974,0,0.1448,0.0154,0.1448,0.1329,0.6330,0.6328,0.0165,14
2026-03-21T17:39:29.167986,0,0.1457,0.0129,0.1457,0.1314,0.6331,0.6328,0.0166,14
2026-03-21T17:39:29.237776,0,0.1449,0.0192,0.1449,0.1317,0.6337,0.6335,0.0165,14
2026-03-21T17:39:29.307861,0,0.1453,0.0216,0.1453,0.1351,0.6329,0.6326,0.0165,14
2026-03-21T17:39:29.376969,0,0.1451,0.0149,0.1451,0.1284,0.6351,0.6348,0.0166,14
2026-03-21T17:39:29.446907,0,0.1457,0.0219,0.1457,0.1334,0.6343,0.6341,0.0166,14
2026-03-21T17:39:29.517029,0,0.1461,0.0222,0.1461,0.1327,0.6329,0.6327,0.0165,14
2026-03-21T17:39:29.586053,0,0.1461,0.0166,0.1461,0.1291,0.6343,0.6341,0.0167,14
2026-03-21T17:39:29.655546,0,0.1449,0.0197,0.1449,0.1312,0.6340,0.6338,0.0165,14
2026-03-21T17:39:29.726017,0,0.1452,0.0163,0.1452,0.1287,0.6338,0.6336,0.0166,14
2026-03-21T17:39:29.795369,0,0.1450,0.0209,0.1450,0.1354,0.6346,0.6343,0.0165,14
2026-03-21T17:39:29.865945,0,0.1449,0.0189,0.1449,0.1334,0.6341,0.6338,0.0165,14
2026-03-21T17:39:29.934857,0,0.1451,0.0146,0.1451,0.1301,0.6351,0.6348,0.0167,14
2026-03-21T17:39:30.004560,0,0.1459,0.0231,0.1459,0.1345,0.6354,0.6352,0.0166,14
2026-03-21T17:39:30.073972,0,0.1455,0.0169,0.1455,0.1294,0.6360,0.6358,0.0166,14
2026-03-21T17:39:30.143717,0,0.1459,0.0145,0.1459,0.1290,0.6347,0.6345,0.0167,14
2026-03-21T17:39:30.213253,0,0.1454,0.0174,0.1454,0.1309,0.6349,0.6347,0.0166,14
2026-03-21T17:39:30.282804,0,0.1457,0.0136,0.1457,0.1291,0.6339,0.6337,0.0167,14
2026-03-21T17:39:30.352983,0,0.1439,0.0142,0.1439,0.1312,0.6346,0.6344,0.0165,14
2026-03-21T17:39:30.422345,0,0.1454,0.0166,0.1454,0.1301,0.6346,0.6344,0.0166,14
2026-03-21T17:39:30.492986,0,0.1457,0.0202,0.1457,0.1347,0.6339,0.6336,0.0165,14
2026-03-21T17:39:30.561513,0,0.1454,0.0179,0.1454,0.1294,0.6349,0.6347,0.0165,14
2026-03-21T17:39:30.632050,0,0.1455,0.0120,0.1455,0.1295,0.6341,0.6338,0.0166,14
2026-03-21T17:39:30.700742,0,0.1459,0.0211,0.1459,0.1315,0.6342,0.6340,0.0167,14
2026-03-21T17:39:30.771042,0,0.1453,0.0194,0.1453,0.1299,0.6353,0.6351,0.0165,14
2026-03-21T17:39:30.841049,0,0.1443,0.0207,0.1443,0.1341,0.6341,0.6339,0.0165,14
2026-03-21T17:39:30.910001,0,0.1447,0.0179,0.1447,0.1344,0.6338,0.6336,0.0166,14
2026-03-21T17:39:30.980384,0,0.1447,0.0127,0.1447,0.1292,0.6356,0.6354,0.0166,14
2026-03-21T17:39:31.049951,0,0.1444,0.0123,0.1444,0.1292,0.6348,0.6346,0.0166,14
2026-03-21T17:39:31.119871,0,0.1457,0.0222,0.1457,0.1307,0.6347,0.6345,0.0166,14
2026-03-21T17:39:31.189122,0,0.1451,0.0194,0.1451,0.1319,0.6343,0.6341,0.0167,14
2026-03-21T17:39:31.258520,0,0.1453,0.0184,0.1453,0.1329,0.6334,0.6332,0.0166,14
2026-03-21T17:39:31.328749,0,0.1454,0.0163,0.1454,0.1297,0.6354,0.6352,0.0166,14
2026-03-21T17:39:31.398138,0,0.1451,0.0232,0.1451,0.1367,0.6344,0.6341,0.0164,14
2026-03-21T17:39:31.466835,0,0.1456,0.0226,0.1456,0.1351,0.6341,0.6339,0.0166,14
2026-03-21T17:39:31.537711,0,0.1446,0.0159,0.1446,0.1324,0.6331,0.6329,0.0165,14
2026-03-21T17:39:31.606681,0,0.1441,0.0105,0.1441,0.1309,0.6347,0.6345,0.0166,14
2026-03-21T17:39:31.677084,0,0.1450,0.0154,0.1450,0.1309,0.6339,0.6337,0.0166,14
2026-03-21T17:39:31.746527,0,0.1457,0.0171,0.1457,0.1305,0.6346,0.6343,0.0166,14
2026-03-21T17:39:31.816578,0,0.1459,0.0163,0.1459,0.1307,0.6341,0.6339,0.0165,14
2026-03-21T17:39:31.885699,0,0.1462,0.0209,0.1462,0.1334,0.6338,0.6336,0.0166,14
2026-03-21T17:39:31.956287,0,0.1448,0.0113,0.1448,0.1304,0.6345,0.6343,0.0166,14
2026-03-21T17:39:32.024630,0,0.1461,0.0222,0.1461,0.1327,0.6343,0.6341,0.0165,14
2026-03-21T17:39:32.095035,0,0.1451,0.0162,0.1451,0.1327,0.6353,0.6351,0.0165,14
2026-03-21T17:39:32.164254,0,0.1464,0.0279,0.1464,0.1344,0.6336,0.6333,0.0165,14
2026-03-21T17:39:32.234833,0,0.1457,0.0170,0.1457,0.1305,0.6350,0.6348,0.0165,14
2026-03-21T17:39:32.303401,0,0.1466,0.0224,0.1466,0.1299,0.6356,0.6353,0.0166,14
2026-03-21T17:39:32.373278,0,0.1445,0.0177,0.1445,0.1322,0.6335,0.6333,0.0165,14
2026-03-21T17:39:32.443873,0,0.1448,0.0190,0.1448,0.1315,0.6334,0.6331,0.0166,14
2026-03-21T17:39:32.513118,0,0.1457,0.0165,0.1457,0.1330,0.6331,0.6328,0.0166,14
2026-03-21T17:39:32.583032,0,0.1454,0.0215,0.1454,0.1300,0.6341,0.6339,0.0165,14
2026-03-21T17:39:32.652561,0,0.1459,0.0211,0.1459,0.1325,0.6348,0.6346,0.0166,14
2026-03-21T17:39:32.723124,0,0.1457,0.0181,0.1457,0.1315,0.6349,0.6347,0.0165,14
2026-03-21T17:39:32.792009,0,0.1454,0.0177,0.1454,0.1282,0.6350,0.6348,0.0166,14
2026-03-21T17:39:32.862671,0,0.1448,0.0145,0.1448,0.1320,0.6319,0.6316,0.0165,14
2026-03-21T17:39:32.932207,0,0.1457,0.0146,0.1457,0.1301,0.6357,0.6355,0.0166,14
2026-03-21T17:39:33.001565,0,0.1450,0.0185,0.1450,0.1330,0.6337,0.6335,0.0165,14
2026-03-21T17:39:33.071501,0,0.1450,0.0189,0.1450,0.1304,0.6332,0.6330,0.0165,14
2026-03-21T17:39:33.139993,0,0.1456,0.0205,0.1456,0.1300,0.6351,0.6348,0.0166,14
2026-03-21T17:39:33.209819,0,0.1448,0.0165,0.1448,0.1331,0.6346,0.6343,0.0165,14
2026-03-21T17:39:33.279764,0,0.1456,0.0192,0.1456,0.1317,0.6346,0.6344,0.0166,14
2026-03-21T17:39:33.349832,0,0.1458,0.0236,0.1458,0.1331,0.6331,0.6329,0.0165,14
2026-03-21T17:39:33.419008,0,0.1444,0.0197,0.1444,0.1332,0.6345,0.6343,0.0165,14
2026-03-21T17:39:33.488977,0,0.1461,0.0199,0.1461,0.1324,0.6351,0.6348,0.0166,14
2026-03-21T17:39:33.558536,0,0.1453,0.0156,0.1453,0.1301,0.6343,0.6341,0.0166,14
2026-03-21T17:39:33.628349,0,0.1452,0.0169,0.1452,0.1344,0.6339,0.6337,0.0166,14
2026-03-21T17:39:33.697455,0,0.1459,0.0210,0.1459,0.1315,0.6346,0.6344,0.0165,14
2026-03-21T17:39:33.767491,0,0.1459,0.0196,0.1459,0.1291,0.6353,0.6351,0.0165,14
2026-03-21T17:39:33.837116,0,0.1460,0.0154,0.1460,0.1299,0.6363,0.6361,0.0167,14
2026-03-21T17:39:33.907064,0,0.1453,0.0200,0.1453,0.1315,0.6339,0.6336,0.0165,14
2026-03-21T17:39:33.976912,0,0.1454,0.0156,0.1454,0.1281,0.6351,0.6348,0.0166,14
2026-03-21T17:39:34.046957,0,0.1460,0.0116,0.1460,0.1281,0.6346,0.6344,0.0167,14
2026-03-21T17:39:34.116493,0,0.1447,0.0181,0.1447,0.1377,0.6327,0.6325,0.0165,14
2026-03-21T17:39:34.185949,0,0.1449,0.0153,0.1449,0.1327,0.6348,0.6346,0.0165,14
2026-03-21T17:39:34.255560,0,0.1450,0.0149,0.1450,0.1294,0.6358,0.6356,0.0166,14
2026-03-21T17:39:34.325114,0,0.1450,0.0257,0.1450,0.1332,0.6361,0.6358,0.0165,14
2026-03-21T17:39:34.395335,0,0.1448,0.0111,0.1448,0.1285,0.6353,0.6351,0.0167,14
2026-03-21T17:39:34.463695,0,0.1449,0.0156,0.1449,0.1331,0.6335,0.6333,0.0166,14
2026-03-21T17:39:34.534297,0,0.1459,0.0120,0.1459,0.1295,0.6335,0.6333,0.0167,14
2026-03-21T17:39:34.603398,0,0.1459,0.0190,0.1459,0.1315,0.6338,0.6336,0.0166,14
2026-03-21T17:39:34.672597,0,0.1448,0.0174,0.1448,0.1319,0.6331,0.6329,0.0166,14
2026-03-21T17:39:34.742635,0,0.1449,0.0166,0.1449,0.1311,0.6339,0.6336,0.0165,14
2026-03-21T17:39:34.812345,0,0.1451,0.0197,0.1451,0.1302,0.6350,0.6348,0.0166,14
2026-03-21T17:39:34.882581,0,0.1444,0.0139,0.1444,0.1344,0.6319,0.6317,0.0165,14
2026-03-21T17:39:34.953030,0,0.1449,0.0227,0.1449,0.1322,0.6358,0.6356,0.0164,14
2026-03-21T17:39:35.022008,0,0.1449,0.0172,0.1449,0.1317,0.6333,0.6331,0.0165,14
2026-03-21T17:39:35.091313,0,0.1456,0.0124,0.1456,0.1319,0.6329,0.6326,0.0167,14
2026-03-21T17:39:35.161516,0,0.1453,0.0101,0.1453,0.1315,0.6336,0.6334,0.0167,14
2026-03-21T17:39:35.231489,0,0.1457,0.0201,0.1457,0.1285,0.6352,0.6350,0.0166,14
2026-03-21T17:39:35.300945,0,0.1445,0.0177,0.1445,0.1322,0.6321,0.6319,0.0165,14
2026-03-21T17:39:35.370707,0,0.1446,0.0237,0.1446,0.1341,0.6338,0.6336,0.0165,14
2026-03-21T17:39:35.439805,0,0.1451,0.0125,0.1451,0.1304,0.6341,0.6339,0.0166,14
2026-03-21T17:39:35.509937,0,0.1460,0.0206,0.1460,0.1301,0.6342,0.6340,0.0165,14
2026-03-21T17:39:35.578719,0,0.1466,0.0219,0.1466,0.1284,0.6355,0.6353,0.0166,14
2026-03-21T17:39:35.648279,0,0.1455,0.0156,0.1455,0.1311,0.6336,0.6333,0.0166,14
2026-03-21T17:39:35.719490,0,0.1454,0.0151,0.1454,0.1315,0.6348,0.6346,0.0165,14
2026-03-21T17:39:35.787689,0,0.1459,0.0201,0.1459,0.1315,0.6340,0.6338,0.0165,14
2026-03-21T17:39:35.858613,0,0.1452,0.0135,0.1452,0.1280,0.6352,0.6350,0.0166,14
2026-03-21T17:39:35.927730,0,0.1434,0.0207,0.1434,0.1381,0.6328,0.6326,0.0165,14
2026-03-21T17:39:35.997024,0,0.1450,0.0104,0.1450,0.1289,0.6348,0.6346,0.0168,14
2026-03-21T17:39:36.066828,0,0.1453,0.0183,0.1453,0.1297,0.6351,0.6349,0.0165,14
2026-03-21T17:39:36.137671,0,0.1458,0.0156,0.1458,0.1281,0.6355,0.6353,0.0166,14
2026-03-21T17:39:36.206651,0,0.1455,0.0163,0.1455,0.1317,0.6347,0.6345,0.0165,14
2026-03-21T17:39:36.276523,0,0.1454,0.0153,0.1454,0.1287,0.6351,0.6348,0.0166,14
2026-03-21T17:39:36.346156,0,0.1463,0.0246,0.1463,0.1361,0.6341,0.6338,0.0166,14
2026-03-21T17:39:36.415456,0,0.1453,0.0199,0.1453,0.1304,0.6363,0.6361,0.0166,14
2026-03-21T17:39:36.485373,0,0.1449,0.0177,0.1449,0.1302,0.6356,0.6354,0.0165,14
2026-03-21T17:39:36.554780,0,0.1453,0.0187,0.1453,0.1292,0.6359,0.6357,0.0166,14
2026-03-21T17:39:36.625269,0,0.1456,0.0210,0.1456,0.1325,0.6340,0.6338,0.0165,14
2026-03-21T17:39:36.693809,0,0.1449,0.0154,0.1449,0.1299,0.6347,0.6345,0.0166,14
2026-03-21T17:39:36.764127,0,0.1448,0.0191,0.1448,0.1335,0.6329,0.6326,0.0164,14
2026-03-21T17:39:36.834079,0,0.1451,0.0199,0.1451,0.1304,0.6336,0.6334,0.0165,14
2026-03-21T17:39:36.902768,0,0.1443,0.0207,0.1443,0.1341,0.6342,0.6340,0.0166,14
2026-03-21T17:39:36.973208,0,0.1457,0.0179,0.1457,0.1324,0.6335,0.6333,0.0166,14
2026-03-21T17:39:37.043633,0,0.1453,0.0135,0.1453,0.1300,0.6332,0.6330,0.0165,14
2026-03-21T17:39:37.112365,0,0.1445,0.0154,0.1445,0.1319,0.6342,0.6340,0.0166,14
2026-03-21T17:39:37.182753,0,0.1462,0.0166,0.1462,0.1311,0.6350,0.6348,0.0167,14
2026-03-21T17:39:37.252759,0,0.1451,0.0184,0.1451,0.1339,0.6342,0.6340,0.0167,14
2026-03-21T17:39:37.321420,0,0.1453,0.0191,0.1453,0.1325,0.6343,0.6341,0.0166,14
2026-03-21T17:39:37.392363,0,0.1449,0.0189,0.1449,0.1314,0.6341,0.6338,0.0165,14
2026-03-21T17:39:37.460797,0,0.1450,0.0157,0.1450,0.1292,0.6351,0.6349,0.0166,14
2026-03-21T17:39:37.530530,0,0.1462,0.0173,0.1462,0.1297,0.6351,0.6348,0.0166,14
2026-03-21T17:39:37.600660,0,0.1457,0.0163,0.1457,0.1297,0.6360,0.6358,0.0166,14
2026-03-21T17:39:37.669620,0,0.1448,0.0180,0.1448,0.1334,0.6344,0.6342,0.0165,14
2026-03-21T17:39:37.739662,0,0.1452,0.0159,0.1452,0.1314,0.6342,0.6340,0.0167,14
2026-03-21T17:39:37.809522,0,0.1454,0.0192,0.1454,0.1297,0.6364,0.6362,0.0165,14
2026-03-21T17:39:37.878521,0,0.1455,0.0171,0.1455,0.1275,0.6349,0.6347,0.0166,14
2026-03-21T17:39:37.949148,0,0.1454,0.0222,0.1454,0.1307,0.6352,0.6350,0.0165,14
2026-03-21T17:39:38.018150,0,0.1451,0.0123,0.1451,0.1327,0.6325,0.6323,0.0166,14
2026-03-21T17:39:38.088295,0,0.1461,0.0149,0.1461,0.1304,0.6341,0.6338,0.0167,14
2026-03-21T17:39:38.157571,0,0.1450,0.0170,0.1450,0.1325,0.6334,0.6331,0.0165,14
2026-03-21T17:39:38.227223,0,0.1455,0.0170,0.1455,0.1275,0.6355,0.6353,0.0165,14
2026-03-21T17:39:38.297275,0,0.1453,0.0179,0.1453,0.1324,0.6336,0.6333,0.0165,14
2026-03-21T17:39:38.366310,0,0.1457,0.0173,0.1457,0.1307,0.6334,0.6332,0.0165,14
2026-03-21T17:39:38.436486,0,0.1455,0.0130,0.1455,0.1314,0.6344,0.6342,0.0166,14
2026-03-21T17:39:38.506620,0,0.1450,0.0187,0.1450,0.1302,0.6340,0.6338,0.0166,14
2026-03-21T17:39:38.576160,0,0.1451,0.0217,0.1451,0.1312,0.6351,0.6349,0.0166,14
2026-03-21T17:39:38.645404,0,0.1456,0.0252,0.1456,0.1337,0.6359,0.6357,0.0165,14
2026-03-21T17:39:38.715663,0,0.1446,0.0200,0.1446,0.1334,0.6349,0.6347,0.0165,14
2026-03-21T17:39:38.784738,0,0.1459,0.0212,0.1459,0.1337,0.6341,0.6338,0.0164,14
2026-03-21T17:39:38.854218,0,0.1468,0.0204,0.1468,0.1289,0.6354,0.6352,0.0166,14
2026-03-21T17:39:38.924345,0,0.1461,0.0214,0.1461,0.1299,0.6348,0.6346,0.0165,14
2026-03-21T17:39:38.994581,0,0.1454,0.0165,0.1454,0.1300,0.6338,0.6336,0.0165,14
2026-03-21T17:39:39.063528,0,0.1462,0.0189,0.1462,0.1294,0.6347,0.6345,0.0166,14
2026-03-21T17:39:39.134255,0,0.1445,0.0141,0.1445,0.1315,0.6328,0.6326,0.0166,14
2026-03-21T17:39:39.203215,0,0.1446,0.0131,0.1446,0.1305,0.6339,0.6337,0.0166,14
2026-03-21T17:39:39.273031,0,0.1453,0.0202,0.1453,0.1317,0.6344,0.6341,0.0165,14
2026-03-21T17:39:39.342207,0,0.1460,0.0183,0.1460,0.1297,0.6350,0.6348,0.0166,14
2026-03-21T17:39:39.411445,0,0.1452,0.0165,0.1452,0.1310,0.6342,0.6340,0.0167,14
2026-03-21T17:39:39.482627,0,0.1458,0.0202,0.1458,0.1307,0.6353,0.6351,0.0166,14
2026-03-21T17:39:39.550790,0,0.1467,0.0262,0.1467,0.1327,0.6354,0.6352,0.0165,14
2026-03-21T17:39:39.621493,0,0.1459,0.0209,0.1459,0.1334,0.6337,0.6335,0.0165,14
2026-03-21T17:39:39.690552,0,0.1452,0.0117,0.1452,0.1311,0.6329,0.6326,0.0166,14
2026-03-21T17:39:39.761177,0,0.1455,0.0186,0.1455,0.1321,0.6344,0.6341,0.0166,14
2026-03-21T17:39:39.830059,0,0.1445,0.0157,0.1445,0.1312,0.6346,0.6343,0.0166,14
2026-03-21T17:39:39.900109,0,0.1455,0.0219,0.1455,0.1324,0.6329,0.6327,0.0166,14
2026-03-21T17:39:39.969574,0,0.1446,0.0149,0.1446,0.1314,0.6332,0.6330,0.0165,14
2026-03-21T17:39:40.039589,0,0.1453,0.0211,0.1453,0.1325,0.6340,0.6338,0.0165,14
2026-03-21T17:39:40.108574,0,0.1454,0.0206,0.1454,0.1321,0.6346,0.6344,0.0165,14
2026-03-21T17:39:40.179288,0,0.1453,0.0176,0.1453,0.1291,0.6344,0.6342,0.0165,14
2026-03-21T17:39:40.248456,0,0.1460,0.0212,0.1460,0.1297,0.6354,0.6352,0.0166,14
2026-03-21T17:39:40.318403,0,0.1452,0.0150,0.1452,0.1305,0.6343,0.6341,0.0165,14
2026-03-21T17:39:40.388280,0,0.1452,0.0149,0.1452,0.1294,0.6356,0.6353,0.0166,14
2026-03-21T17:39:40.457599,0,0.1453,0.0153,0.1453,0.1327,0.6333,0.6331,0.0165,14
2026-03-21T17:39:40.527370,0,0.1450,0.0209,0.1450,0.1344,0.6350,0.6348,0.0165,14
2026-03-21T17:39:40.597467,0,0.1448,0.0159,0.1448,0.1304,0.6336,0.6334,0.0165,14
2026-03-21T17:39:40.668261,0,0.1443,0.0207,0.1443,0.1341,0.6346,0.6344,0.0165,14
2026-03-21T17:39:40.735648,0,0.1451,0.0197,0.1451,0.1302,0.6357,0.6355,0.0166,14
2026-03-21T17:39:40.805807,0,0.1453,0.0204,0.1453,0.1349,0.6336,0.6334,0.0166,14
2026-03-21T17:39:40.875527,0,0.1451,0.0179,0.1451,0.1334,0.6339,0.6336,0.0166,14
2026-03-21T17:39:40.945303,0,0.1458,0.0164,0.1458,0.1319,0.6351,0.6349,0.0168,14
2026-03-21T17:39:41.014984,0,0.1460,0.0149,0.1460,0.1314,0.6360,0.6358,0.0168,14
2026-03-21T17:39:41.084601,0,0.1449,0.0136,0.1449,0.1311,0.6344,0.6341,0.0166,14
2026-03-21T17:39:41.154371,0,0.1460,0.0174,0.1460,0.1289,0.6352,0.6350,0.0167,14
2026-03-21T17:39:41.224381,0,0.1459,0.0135,0.1459,0.1310,0.6332,0.6330,0.0166,14
2026-03-21T17:39:41.293438,0,0.1458,0.0209,0.1458,0.1334,0.6348,0.6346,0.0166,14
2026-03-21T17:39:41.364051,0,0.1445,0.0103,0.1445,0.1304,0.6340,0.6338,0.0166,14
2026-03-21T17:39:41.433426,0,0.1444,0.0176,0.1444,0.1331,0.6329,0.6326,0.0165,14
2026-03-21T17:39:41.503973,0,0.1439,0.0138,0.1439,0.1324,0.6324,0.6321,0.0165,14
2026-03-21T17:39:41.572960,0,0.1460,0.0169,0.1460,0.1314,0.6346,0.6344,0.0166,14
2026-03-21T17:39:41.641503,0,0.1452,0.0169,0.1452,0.1344,0.6329,0.6326,0.0166,14
2026-03-21T17:39:41.712129,0,0.1454,0.0192,0.1454,0.1327,0.6338,0.6336,0.0166,14
2026-03-21T17:39:41.781782,0,0.1445,0.0207,0.1445,0.1332,0.6345,0.6343,0.0166,14
2026-03-21T17:39:41.851463,0,0.1458,0.0234,0.1458,0.1319,0.6339,0.6337,0.0164,14
2026-03-21T17:39:41.920885,0,0.1454,0.0200,0.1454,0.1334,0.6343,0.6341,0.0166,14
2026-03-21T17:39:41.990395,0,0.1446,0.0174,0.1446,0.1319,0.6341,0.6339,0.0165,14
2026-03-21T17:39:42.059980,0,0.1445,0.0177,0.1445,0.1322,0.6333,0.6331,0.0166,14
2026-03-21T17:39:42.130479,0,0.1447,0.0224,0.1447,0.1349,0.6343,0.6341,0.0166,14
2026-03-21T17:39:42.199464,0,0.1447,0.0149,0.1447,0.1304,0.6344,0.6342,0.0167,14
2026-03-21T17:39:42.270296,0,0.1450,0.0126,0.1450,0.1291,0.6338,0.6336,0.0167,14
2026-03-21T17:39:42.339116,0,0.1439,0.0167,0.1439,0.1341,0.6343,0.6341,0.0165,14
2026-03-21T17:39:42.409112,0,0.1457,0.0211,0.1457,0.1355,0.6338,0.6336,0.0167,14
2026-03-21T17:39:42.478939,0,0.1461,0.0199,0.1461,0.1324,0.6363,0.6361,0.0165,14
2026-03-21T17:39:42.548063,0,0.1454,0.0134,0.1454,0.1319,0.6335,0.6333,0.0166,14
2026-03-21T17:39:42.617399,0,0.1450,0.0157,0.1450,0.1292,0.6350,0.6348,0.0166,14
2026-03-21T17:39:42.687373,0,0.1445,0.0098,0.1445,0.1292,0.6339,0.6336,0.0166,14
2026-03-21T17:39:42.757275,0,0.1445,0.0177,0.1445,0.1322,0.6347,0.6345,0.0165,14
2026-03-21T17:39:42.827029,0,0.1458,0.0236,0.1458,0.1331,0.6343,0.6341,0.0165,14
2026-03-21T17:39:42.896829,0,0.1459,0.0219,0.1459,0.1334,0.6335,0.6333,0.0165,14
2026-03-21T17:39:42.966095,0,0.1452,0.0163,0.1452,0.1307,0.6330,0.6328,0.0165,14
2026-03-21T17:39:43.036459,0,0.1450,0.0164,0.1450,0.1309,0.6331,0.6329,0.0166,14
2026-03-21T17:39:43.106039,0,0.1454,0.0219,0.1454,0.1324,0.6343,0.6341,0.0164,14
2026-03-21T17:39:43.175426,0,0.1457,0.0165,0.1457,0.1320,0.6355,0.6353,0.0166,14
2026-03-21T17:39:43.245723,0,0.1448,0.0239,0.1448,0.1364,0.6324,0.6322,0.0165,14
2026-03-21T17:39:43.314369,0,0.1457,0.0181,0.1457,0.1315,0.6340,0.6338,0.0166,14
2026-03-21T17:39:43.384454,0,0.1463,0.0205,0.1463,0.1320,0.6328,0.6326,0.0166,14
2026-03-21T17:39:43.454245,0,0.1442,0.0147,0.1442,0.1322,0.6346,0.6343,0.0166,14
2026-03-21T17:39:43.524556,0,0.1450,0.0106,0.1450,0.1300,0.6329,0.6327,0.0166,14
2026-03-21T17:39:43.593310,0,0.1443,0.0090,0.1443,0.1285,0.6346,0.6343,0.0167,14
2026-03-21T17:39:43.663072,0,0.1448,0.0186,0.1448,0.1341,0.6343,0.6341,0.0165,14
2026-03-21T17:39:43.732500,0,0.1448,0.0159,0.1448,0.1304,0.6333,0.6331,0.0165,14
2026-03-21T17:39:43.802885,0,0.1442,0.0217,0.1442,0.1351,0.6341,0.6339,0.0165,14
2026-03-21T17:39:43.871723,0,0.1457,0.0181,0.1457,0.1335,0.6363,0.6361,0.0168,14
2026-03-21T17:39:43.942163,0,0.1455,0.0194,0.1455,0.1329,0.6334,0.6331,0.0166,14
2026-03-21T17:39:44.012054,0,0.1446,0.0202,0.1446,0.1337,0.6346,0.6344,0.0165,14
2026-03-21T17:39:44.081693,0,0.1451,0.0244,0.1451,0.1339,0.6341,0.6339,0.0165,14
2026-03-21T17:39:44.151504,0,0.1459,0.0206,0.1459,0.1311,0.6348,0.6346,0.0167,14
2026-03-21T17:39:44.220413,0,0.1451,0.0191,0.1451,0.1325,0.6338,0.6336,0.0164,14
2026-03-21T17:39:44.290463,0,0.1446,0.0187,0.1446,0.1322,0.6353,0.6351,0.0165,14
2026-03-21T17:39:44.361086,0,0.1456,0.0182,0.1456,0.1307,0.6353,0.6351,0.0165,14
2026-03-21T17:39:44.429198,0,0.1450,0.0170,0.1450,0.1315,0.6347,0.6345,0.0165,14
2026-03-21T17:39:44.500643,0,0.1451,0.0190,0.1451,0.1325,0.6340,0.6338,0.0166,14
2026-03-21T17:39:44.569748,0,0.1449,0.0183,0.1449,0.1357,0.6327,0.6325,0.0165,14
2026-03-21T17:39:44.639095,0,0.1445,0.0177,0.1445,0.1322,0.6329,0.6327,0.0165,14
2026-03-21T17:39:44.708872,0,0.1446,0.0127,0.1446,0.1321,0.6337,0.6335,0.0166,14
2026-03-21T17:39:44.778682,0,0.1457,0.0169,0.1457,0.1284,0.6363,0.6361,0.0166,14
2026-03-21T17:39:44.847860,0,0.1455,0.0186,0.1455,0.1311,0.6345,0.6343,0.0166,14
2026-03-21T17:39:44.917813,0,0.1450,0.0194,0.1450,0.1329,0.6337,0.6335,0.0165,14
2026-03-21T17:39:44.987303,0,0.1454,0.0206,0.1454,0.1321,0.6333,0.6331,0.0165,14
2026-03-21T17:39:45.057342,0,0.1460,0.0195,0.1460,0.1340,0.6346,0.6344,0.0167,14
2026-03-21T17:39:45.127600,0,0.1454,0.0176,0.1454,0.1301,0.6341,0.6339,0.0165,14
2026-03-21T17:39:45.195970,0,0.1452,0.0206,0.1452,0.1351,0.6327,0.6325,0.0166,14
2026-03-21T17:39:45.266695,0,0.1452,0.0166,0.1452,0.1321,0.6338,0.6336,0.0166,14
2026-03-21T17:39:45.335642,0,0.1461,0.0180,0.1461,0.1305,0.6351,0.6348,0.0165,14
2026-03-21T17:39:45.405716,0,0.1438,0.0090,0.1438,0.1325,0.6315,0.6313,0.0165,14
2026-03-21T17:39:45.475666,0,0.1449,0.0159,0.1449,0.1334,0.6334,0.6332,0.0165,14
2026-03-21T17:39:45.545398,0,0.1456,0.0219,0.1456,0.1304,0.6337,0.6335,0.0166,14
2026-03-21T17:39:45.615291,0,0.1468,0.0256,0.1468,0.1311,0.6345,0.6343,0.0166,14
2026-03-21T17:39:45.684875,0,0.1451,0.0106,0.1451,0.1291,0.6341,0.6339,0.0166,14
2026-03-21T17:39:45.753999,0,0.1455,0.0144,0.1455,0.1299,0.6348,0.6346,0.0167,14
2026-03-21T17:39:45.823478,0,0.1454,0.0170,0.1454,0.1364,0.6323,0.6321,0.0166,14
2026-03-21T17:39:45.893774,0,0.1444,0.0117,0.1444,0.1302,0.6337,0.6335,0.0166,14
2026-03-21T17:39:45.962645,0,0.1456,0.0339,0.1456,0.1404,0.6326,0.6324,0.0165,14
2026-03-21T17:39:46.032838,0,0.1445,0.0162,0.1445,0.1337,0.6324,0.6321,0.0165,14
2026-03-21T17:39:46.102216,0,0.1445,0.0177,0.1445,0.1322,0.6331,0.6329,0.0164,14
2026-03-21T17:39:46.172431,0,0.1450,0.0126,0.1450,0.1311,0.6332,0.6330,0.0166,14
2026-03-21T17:39:46.242049,0,0.1445,0.0207,0.1445,0.1332,0.6342,0.6340,0.0165,14
2026-03-21T17:39:46.311184,0,0.1457,0.0143,0.1457,0.1297,0.6358,0.6356,0.0166,14
2026-03-21T17:39:46.381534,0,0.1453,0.0163,0.1453,0.1307,0.6349,0.6347,0.0166,14
2026-03-21T17:39:46.451004,0,0.1446,0.0187,0.1446,0.1322,0.6338,0.6336,0.0166,14
2026-03-21T17:39:46.520319,0,0.1444,0.0211,0.1444,0.1345,0.6336,0.6334,0.0164,14
2026-03-21T17:39:46.590914,0,0.1451,0.0192,0.1451,0.1317,0.6345,0.6343,0.0165,14
2026-03-21T17:39:46.660794,0,0.1442,0.0117,0.1442,0.1312,0.6331,0.6329,0.0166,14
2026-03-21T17:39:46.730329,0,0.1457,0.0164,0.1457,0.1319,0.6331,0.6329,0.0165,14
2026-03-21T17:39:46.799638,0,0.1451,0.0091,0.1451,0.1275,0.6341,0.6338,0.0166,14
2026-03-21T17:39:46.869261,0,0.1451,0.0219,0.1451,0.1314,0.6345,0.6343,0.0165,14
2026-03-21T17:39:46.938757,0,0.1463,0.0189,0.1463,0.1314,0.6340,0.6338,0.0166,14
2026-03-21T17:39:47.007718,0,0.1449,0.0156,0.1449,0.1321,0.6316,0.6314,0.0166,14
2026-03-21T17:39:47.077086,0,0.1446,0.0155,0.1446,0.1320,0.6339,0.6336,0.0166,14
2026-03-21T17:39:47.146904,0,0.1456,0.0175,0.1456,0.1320,0.6343,0.6341,0.0166,14
2026-03-21T17:39:47.217432,0,0.1458,0.0199,0.1458,0.1324,0.6338,0.6336,0.0165,14
2026-03-21T17:39:47.287249,0,0.1453,0.0219,0.1453,0.1304,0.6343,0.6341,0.0164,14
2026-03-21T17:39:47.356327,0,0.1442,0.0098,0.1442,0.1299,0.6340,0.6338,0.0166,14
2026-03-21T17:39:47.425836,0,0.1454,0.0140,0.1454,0.1344,0.6332,0.6330,0.0166,14
2026-03-21T17:39:47.495726,0,0.1454,0.0191,0.1454,0.1305,0.6346,0.6344,0.0166,14
2026-03-21T17:39:47.565783,0,0.1454,0.0174,0.1454,0.1299,0.6341,0.6339,0.0166,14
2026-03-21T17:39:47.635990,0,0.1447,0.0136,0.1447,0.1305,0.6341,0.6339,0.0165,14
2026-03-21T17:39:47.705903,0,0.1447,0.0177,0.1447,0.1312,0.6343,0.6341,0.0165,14
2026-03-21T17:39:47.775724,0,0.1447,0.0162,0.1447,0.1327,0.6345,0.6343,0.0165,14
2026-03-21T17:39:47.845069,0,0.1450,0.0163,0.1450,0.1307,0.6341,0.6339,0.0165,14
2026-03-21T17:39:47.914742,0,0.1452,0.0140,0.1452,0.1315,0.6337,0.6335,0.0165,14
2026-03-21T17:39:47.983930,0,0.1452,0.0113,0.1452,0.1267,0.6354,0.6352,0.0166,14
2026-03-21T17:39:48.053720,0,0.1446,0.0187,0.1446,0.1322,0.6346,0.6344,0.0165,14
2026-03-21T17:39:48.123567,0,0.1452,0.0141,0.1452,0.1295,0.6344,0.6341,0.0166,14
2026-03-21T17:39:48.192594,0,0.1452,0.0153,0.1452,0.1327,0.6340,0.6338,0.0166,14
2026-03-21T17:39:48.262404,0,0.1459,0.0108,0.1459,0.1301,0.6346,0.6344,0.0167,14
2026-03-21T17:39:48.332814,0,0.1448,0.0153,0.1448,0.1307,0.6335,0.6333,0.0165,14
2026-03-21T17:39:48.402457,0,0.1447,0.0116,0.1447,0.1287,0.6350,0.6348,0.0166,14
2026-03-21T17:39:48.471478,0,0.1464,0.0250,0.1464,0.1385,0.6331,0.6329,0.0165,14
2026-03-21T17:39:48.542148,0,0.1449,0.0184,0.1449,0.1309,0.6345,0.6343,0.0165,14
2026-03-21T17:39:48.611456,0,0.1454,0.0143,0.1454,0.1297,0.6344,0.6341,0.0166,14
2026-03-21T17:39:48.681696,0,0.1452,0.0175,0.1452,0.1330,0.6344,0.6342,0.0166,14
2026-03-21T17:39:48.750999,0,0.1447,0.0207,0.1447,0.1322,0.6334,0.6332,0.0165,14
2026-03-21T17:39:48.820338,0,0.1454,0.0191,0.1454,0.1315,0.6346,0.6344,0.0165,14
2026-03-21T17:39:48.890529,0,0.1458,0.0242,0.1458,0.1337,0.6342,0.6340,0.0165,14
2026-03-21T17:39:48.959125,0,0.1456,0.0209,0.1456,0.1304,0.6344,0.6342,0.0165,14
2026-03-21T17:39:49.029781,0,0.1450,0.0144,0.1450,0.1339,0.6334,0.6332,0.0166,14
2026-03-21T17:39:49.098046,0,0.1460,0.0181,0.1460,0.1315,0.6343,0.6341,0.0166,14
2026-03-21T17:39:49.168758,0,0.1455,0.0229,0.1455,0.1364,0.6336,0.6334,0.0164,14
2026-03-21T17:39:49.238559,0,0.1443,0.0123,0.1443,0.1317,0.6326,0.6324,0.0165,14
2026-03-21T17:39:49.309151,0,0.1445,0.0156,0.1445,0.1331,0.6320,0.6318,0.0166,14
2026-03-21T17:39:49.377792,0,0.1446,0.0217,0.1446,0.1332,0.6339,0.6336,0.0165,14
2026-03-21T17:39:49.447872,0,0.1452,0.0135,0.1452,0.1310,0.6348,0.6346,0.0166,14
2026-03-21T17:39:49.516517,0,0.1450,0.0166,0.1450,0.1321,0.6346,0.6344,0.0166,14
2026-03-21T17:39:49.586922,0,0.1454,0.0185,0.1454,0.1310,0.6333,0.6331,0.0165,14
2026-03-21T17:39:49.656698,0,0.1447,0.0197,0.1447,0.1322,0.6352,0.6350,0.0165,14
2026-03-21T17:39:49.727026,0,0.1465,0.0196,0.1465,0.1301,0.6371,0.6368,0.0167,14
2026-03-21T17:39:49.797083,0,0.1456,0.0220,0.1456,0.1344,0.6336,0.6334,0.0165,14
2026-03-21T17:39:49.866307,0,0.1447,0.0127,0.1447,0.1292,0.6351,0.6348,0.0165,14
2026-03-21T17:39:49.934535,0,0.1454,0.0190,0.1454,0.1325,0.6346,0.6343,0.0165,14
2026-03-21T17:39:50.004224,0,0.1458,0.0216,0.1458,0.1301,0.6353,0.6351,0.0166,14
2026-03-21T17:39:50.074426,0,0.1469,0.0269,0.1469,0.1314,0.6346,0.6343,0.0166,14
2026-03-21T17:39:50.144619,0,0.1462,0.0196,0.1462,0.1301,0.6354,0.6352,0.0166,14
2026-03-21T17:39:50.214231,0,0.1455,0.0181,0.1455,0.1305,0.6352,0.6350,0.0167,14
2026-03-21T17:39:50.283330,0,0.1443,0.0140,0.1443,0.1325,0.6344,0.6342,0.0165,14
2026-03-21T17:39:50.353477,0,0.1455,0.0150,0.1455,0.1305,0.6344,0.6341,0.0165,14
2026-03-21T17:39:50.422993,0,0.1446,0.0107,0.1446,0.1292,0.6343,0.6341,0.0165,14
2026-03-21T17:39:50.492668,0,0.1454,0.0214,0.1454,0.1299,0.6353,0.6351,0.0165,14
2026-03-21T17:39:50.562596,0,0.1466,0.0279,0.1466,0.1344,0.6341,0.6338,0.0165,14
2026-03-21T17:39:50.632259,0,0.1453,0.0171,0.1453,0.1305,0.6344,0.6342,0.0165,14
2026-03-21T17:39:50.701161,0,0.1463,0.0196,0.1463,0.1291,0.6361,0.6358,0.0167,14
2026-03-21T17:39:50.772189,0,0.1457,0.0205,0.1457,0.1340,0.6338,0.6336,0.0165,14
2026-03-21T17:39:50.841256,0,0.1452,0.0151,0.1452,0.1305,0.6341,0.6339,0.0165,14
2026-03-21T17:39:50.911447,0,0.1453,0.0195,0.1453,0.1360,0.6337,0.6335,0.0166,14
2026-03-21T17:39:50.980941,0,0.1457,0.0165,0.1457,0.1320,0.6352,0.6350,0.0166,14
2026-03-21T17:39:51.050103,0,0.1463,0.0242,0.1463,0.1357,0.6345,0.6343,0.0165,14
2026-03-21T17:39:51.120045,0,0.1457,0.0239,0.1457,0.1304,0.6348,0.6346,0.0165,14
2026-03-21T17:39:51.189586,0,0.1448,0.0157,0.1448,0.1302,0.6352,0.6350,0.0166,14
2026-03-21T17:39:51.259025,0,0.1462,0.0209,0.1462,0.1304,0.6351,0.6348,0.0166,14
2026-03-21T17:39:51.329171,0,0.1461,0.0219,0.1461,0.1324,0.6348,0.6346,0.0165,14
2026-03-21T17:39:51.398765,0,0.1448,0.0187,0.1448,0.1312,0.6342,0.6340,0.0165,14
2026-03-21T17:39:51.468094,0,0.1456,0.0230,0.1456,0.1325,0.6345,0.6343,0.0165,14
2026-03-21T17:39:51.537276,0,0.1453,0.0139,0.1453,0.1314,0.6340,0.6338,0.0166,14
2026-03-21T17:39:51.607773,0,0.1451,0.0125,0.1451,0.1300,0.6335,0.6333,0.0165,14
2026-03-21T17:39:51.678146,0,0.1457,0.0163,0.1457,0.1297,0.6351,0.6348,0.0166,14
2026-03-21T17:39:51.747440,0,0.1453,0.0123,0.1453,0.1267,0.6353,0.6351,0.0166,14
2026-03-21T17:39:51.816817,0,0.1459,0.0199,0.1459,0.1314,0.6335,0.6333,0.0166,14
2026-03-21T17:39:51.887280,0,0.1459,0.0229,0.1459,0.1334,0.6359,0.6357,0.0165,14
2026-03-21T17:39:51.957098,0,0.1461,0.0216,0.1461,0.1321,0.6360,0.6358,0.0166,14
2026-03-21T17:39:52.025738,0,0.1457,0.0220,0.1457,0.1305,0.6357,0.6355,0.0165,14
2026-03-21T17:39:52.095897,0,0.1459,0.0201,0.1459,0.1305,0.6346,0.6344,0.0166,14
2026-03-21T17:39:52.165613,0,0.1456,0.0143,0.1456,0.1287,0.6361,0.6358,0.0166,14
2026-03-21T17:39:52.235049,0,0.1457,0.0226,0.1457,0.1311,0.6347,0.6345,0.0165,14
2026-03-21T17:39:52.304961,0,0.1452,0.0165,0.1452,0.1290,0.6346,0.6343,0.0166,14
2026-03-21T17:39:52.373470,0,0.1455,0.0186,0.1455,0.1331,0.6331,0.6328,0.0166,14
2026-03-21T17:39:52.444064,0,0.1455,0.0294,0.1455,0.1389,0.6340,0.6338,0.0166,14
2026-03-21T17:39:52.513692,0,0.1458,0.0175,0.1458,0.1300,0.6346,0.6343,0.0167,14
2026-03-21T17:39:52.583781,0,0.1457,0.0230,0.1457,0.1315,0.6361,0.6359,0.0166,14
2026-03-21T17:39:52.653211,0,0.1451,0.0150,0.1451,0.1315,0.6338,0.6336,0.0165,14
2026-03-21T17:39:52.722988,0,0.1461,0.0154,0.1461,0.1289,0.6351,0.6349,0.0167,14
2026-03-21T17:39:52.793154,0,0.1457,0.0156,0.1457,0.1291,0.6353,0.6351,0.0166,14
2026-03-21T17:39:52.862708,0,0.1455,0.0169,0.1455,0.1324,0.6334,0.6332,0.0165,14
2026-03-21T17:39:52.932345,0,0.1461,0.0184,0.1461,0.1299,0.6336,0.6334,0.0165,14
2026-03-21T17:39:53.002391,0,0.1455,0.0172,0.1455,0.1317,0.6353,0.6351,0.0166,14
2026-03-21T17:39:53.071059,0,0.1452,0.0160,0.1452,0.1305,0.6340,0.6338,0.0165,14
2026-03-21T17:39:53.140783,0,0.1455,0.0259,0.1455,0.1354,0.6346,0.6344,0.0164,14
2026-03-21T17:39:53.210396,0,0.1441,0.0266,0.1441,0.1371,0.6342,0.6340,0.0164,14
2026-03-21T17:39:53.280521,0,0.1455,0.0170,0.1455,0.1315,0.6341,0.6339,0.0166,14
2026-03-21T17:39:53.349837,0,0.1456,0.0199,0.1456,0.1324,0.6329,0.6327,0.0166,14
2026-03-21T17:39:53.419739,0,0.1439,0.0217,0.1439,0.1361,0.6332,0.6330,0.0165,14
2026-03-21T17:39:53.488515,0,0.1451,0.0089,0.1451,0.1290,0.6339,0.6337,0.0166,14
2026-03-21T17:39:53.559020,0,0.1463,0.0185,0.1463,0.1300,0.6361,0.6359,0.0166,14
2026-03-21T17:39:53.629541,0,0.1460,0.0230,0.1460,0.1364,0.6338,0.6336,0.0165,14
2026-03-21T17:39:53.698818,0,0.1463,0.0202,0.1463,0.1317,0.6342,0.6340,0.0166,14
2026-03-21T17:39:53.767698,0,0.1454,0.0302,0.1454,0.1377,0.6346,0.6344,0.0165,14
2026-03-21T17:39:53.837877,0,0.1445,0.0127,0.1445,0.1302,0.6332,0.6330,0.0166,14
2026-03-21T17:39:53.908310,0,0.1446,0.0167,0.1446,0.1312,0.6326,0.6324,0.0164,14
2026-03-21T17:39:53.977496,0,0.1459,0.0186,0.1459,0.1311,0.6361,0.6359,0.0166,14
2026-03-21T17:39:54.047273,0,0.1448,0.0154,0.1448,0.1329,0.6331,0.6329,0.0166,14
2026-03-21T17:39:54.116268,0,0.1457,0.0179,0.1457,0.1324,0.6349,0.6347,0.0166,14
2026-03-21T17:39:54.186411,0,0.1454,0.0134,0.1454,0.1289,0.6346,0.6344,0.0166,14
2026-03-21T17:39:54.255612,0,0.1448,0.0187,0.1448,0.1312,0.6335,0.6333,0.0165,14
2026-03-21T17:39:54.325933,0,0.1443,0.0121,0.1443,0.1295,0.6346,0.6344,0.0166,14
2026-03-21T17:39:54.395273,0,0.1456,0.0224,0.1456,0.1319,0.6338,0.6336,0.0166,14
2026-03-21T17:39:54.464890,0,0.1458,0.0252,0.1458,0.1357,0.6353,0.6351,0.0165,14
2026-03-21T17:39:54.535237,0,0.1457,0.0206,0.1457,0.1341,0.6353,0.6351,0.0166,14
2026-03-21T17:39:54.604501,0,0.1463,0.0209,0.1463,0.1304,0.6345,0.6343,0.0165,14
2026-03-21T17:39:54.674363,0,0.1457,0.0166,0.1457,0.1331,0.6340,0.6338,0.0166,14
2026-03-21T17:39:54.743893,0,0.1457,0.0199,0.1457,0.1304,0.6352,0.6350,0.0165,14
2026-03-21T17:39:54.813956,0,0.1458,0.0140,0.1458,0.1304,0.6350,0.6348,0.0166,14
2026-03-21T17:39:54.882384,0,0.1444,0.0167,0.1444,0.1322,0.6351,0.6348,0.0166,14
2026-03-21T17:39:54.953188,0,0.1459,0.0192,0.1459,0.1317,0.6342,0.6340,0.0165,14
2026-03-21T17:39:55.023257,0,0.1462,0.0179,0.1462,0.1284,0.6362,0.6360,0.0166,14
2026-03-21T17:39:55.092940,0,0.1445,0.0164,0.1445,0.1324,0.6342,0.6340,0.0166,14
2026-03-21T17:39:55.161556,0,0.1443,0.0128,0.1443,0.1312,0.6338,0.6336,0.0166,14
2026-03-21T17:39:55.231914,0,0.1448,0.0164,0.1448,0.1309,0.6335,0.6333,0.0165,14
2026-03-21T17:39:55.301490,0,0.1445,0.0177,0.1445,0.1322,0.6339,0.6336,0.0165,14
2026-03-21T17:39:55.370853,0,0.1462,0.0189,0.1462,0.1314,0.6346,0.6343,0.0165,14
2026-03-21T17:39:55.441234,0,0.1446,0.0175,0.1446,0.1320,0.6341,0.6338,0.0166,14
2026-03-21T17:39:55.509961,0,0.1453,0.0123,0.1453,0.1287,0.6349,0.6347,0.0166,14
2026-03-21T17:39:55.579532,0,0.1446,0.0167,0.1446,0.1312,0.6350,0.6348,0.0166,14
2026-03-21T17:39:55.650192,0,0.1445,0.0177,0.1445,0.1322,0.6341,0.6339,0.0165,14
2026-03-21T17:39:55.719279,0,0.1444,0.0131,0.1444,0.1315,0.6351,0.6349,0.0166,14
2026-03-21T17:39:55.788932,0,0.1460,0.0175,0.1460,0.1290,0.6352,0.6350,0.0166,14
2026-03-21T17:39:55.859291,0,0.1461,0.0196,0.1461,0.1301,0.6352,0.6350,0.0166,14
2026-03-21T17:39:55.928594,0,0.1453,0.0217,0.1453,0.1302,0.6373,0.6371,0.0167,14
2026-03-21T17:39:55.998595,0,0.1448,0.0157,0.1448,0.1302,0.6354,0.6352,0.0166,14
2026-03-21T17:39:56.068777,0,0.1465,0.0239,0.1465,0.1324,0.6363,0.6361,0.0167,14
2026-03-21T17:39:56.138380,0,0.0764,0.0500,0.0764,0.4153,0.7534,0.3649,-0.6591,7
2026-03-21T17:39:56.138380,1,0.1464,0.0843,0.1464,0.1958,0.6242,0.6239,0.0173,14
2026-03-21T17:39:56.207739,0,0.0390,0.0390,0.0389,0.4245,0.7494,0.3517,-0.6617,5
2026-03-21T17:39:56.207739,1,0.1200,0.0811,0.1200,0.2013,0.6095,0.6088,0.0281,12
2026-03-21T17:39:56.276892,0,0.1225,0.0598,0.1225,0.1831,0.6170,0.6163,0.0277,12
2026-03-21T17:39:56.347040,0,0.0614,0.0614,0.0298,0.4640,0.7536,0.3187,-0.6829,5
2026-03-21T17:39:56.347040,1,0.1457,0.0565,0.1457,0.1700,0.6266,0.6264,0.0166,14
2026-03-21T17:39:56.416441,0,0.1234,0.1234,0.0937,0.8959,0.3525,-0.0715,-0.3452,20
2026-03-21T17:39:56.416441,1,0.0523,0.0523,0.0314,0.4747,0.7492,0.3048,-0.6844,5
2026-03-21T17:39:56.416441,2,0.1464,0.0494,0.1464,0.1670,0.6244,0.6237,0.0276,14
2026-03-21T17:39:56.486162,0,0.1955,0.1955,0.1054,0.9404,0.3539,-0.0696,-0.3470,27
2026-03-21T17:39:56.486162,1,0.0587,0.0587,0.0512,0.4837,0.7515,0.2996,-0.6892,6
2026-03-21T17:39:56.486162,2,0.1339,0.0481,0.1339,0.1710,0.6154,0.6146,0.0324,13
2026-03-21T17:39:56.555692,0,0.1889,0.1889,0.1218,0.9266,0.3322,-0.0622,-0.3264,28
2026-03-21T17:39:56.555692,1,0.0566,0.0562,0.0566,0.4803,0.7505,0.2991,-0.6883,6
2026-03-21T17:39:56.555692,2,0.1627,0.0797,0.1627,0.1714,0.6219,0.6211,0.0324,15
2026-03-21T17:39:56.625044,0,0.1754,0.1754,0.1013,0.9282,0.3249,-0.0670,-0.3179,26
2026-03-21T17:39:56.625044,1,0.0721,0.0721,0.0322,0.4743,0.7562,0.3138,-0.6880,6
2026-03-21T17:39:56.625044,2,0.1467,0.0485,0.1467,0.1644,0.6252,0.6240,0.0382,14
2026-03-21T17:39:56.695145,0,0.1743,0.1743,0.1621,0.9192,0.3304,-0.0608,-0.3247,26
2026-03-21T17:39:56.695145,1,0.0829,0.0829,0.0285,0.4617,0.7700,0.3319,-0.6948,6
2026-03-21T17:39:56.695145,2,0.1342,0.0362,0.1342,0.1581,0.6274,0.6265,0.0331,13
2026-03-21T17:39:56.765356,0,0.1639,0.1639,0.1312,0.9017,0.3394,-0.0550,-0.3349,26
2026-03-21T17:39:56.765356,1,0.0622,0.0622,0.0497,0.4470,0.7825,0.3368,-0.7063,6
2026-03-21T17:39:56.765356,2,0.1461,0.0336,0.1461,0.1501,0.6312,0.6310,0.0167,14
2026-03-21T17:39:56.834412,0,0.1799,0.1799,0.1026,0.9319,0.3470,-0.0699,-0.3399,26
2026-03-21T17:39:56.834412,1,0.0504,0.0504,0.0331,0.4352,0.7840,0.3437,-0.7046,5
2026-03-21T17:39:56.834412,2,0.1475,0.0226,0.1475,0.1300,0.6381,0.6379,-0.0169,14
2026-03-21T17:39:56.904172,0,0.1762,0.1762,0.1595,0.9352,0.3625,-0.0782,-0.3540,26
2026-03-21T17:39:56.904172,1,0.0503,0.0503,0.0411,0.4141,0.7998,0.3631,-0.7126,5
2026-03-21T17:39:56.974078,0,0.1873,0.1873,0.1332,0.9610,0.3625,-0.0932,-0.3503,26
2026-03-21T17:39:57.043301,0,0.1893,0.1893,0.1448,0.9746,0.3620,-0.1009,-0.3477,24
2026-03-21T17:39:57.112643,0,0.2090,0.2090,0.1438,0.9837,0.3828,-0.0985,-0.3699,26
2026-03-21T17:39:57.183062,0,0.1426,0.1426,0.0904,0.9302,0.3807,-0.0935,-0.3691,21
2026-03-21T17:39:57.251868,0,0.1498,0.1498,0.0734,0.9384,0.3887,-0.0953,-0.3768,21
2026-03-21T17:39:57.251868,1,0.1641,0.1272,0.1641,0.3315,0.8344,0.4787,-0.6834,13
2026-03-21T17:39:57.322284,0,0.1458,0.1458,0.0809,0.9412,0.3957,-0.1006,-0.3827,20
2026-03-21T17:39:57.322284,1,0.1206,0.0430,0.1206,0.3205,0.8396,0.4626,-0.7006,8
2026-03-21T17:39:57.322284,2,0.0898,0.0658,0.0898,0.2825,0.7411,0.4908,-0.5553,8
2026-03-21T17:39:57.392107,0,0.1240,0.1240,0.1038,0.9363,0.3958,-0.1113,-0.3798,17
2026-03-21T17:39:57.392107,1,0.2486,0.0923,0.2486,0.3094,0.7764,0.4851,-0.6062,17
2026-03-21T17:39:57.461380,0,0.1350,0.1192,0.1350,0.9388,0.4056,-0.1180,-0.3881,16
2026-03-21T17:39:57.461380,1,0.1961,0.1312,0.1961,0.2904,0.7540,0.5033,-0.5614,17
2026-03-21T17:39:57.531933,0,0.0653,0.0552,0.0653,0.9692,0.5210,-0.1872,-0.4862,5
2026-03-21T17:39:57.531933,1,0.1019,0.0694,0.1019,0.8965,0.4153,-0.0989,-0.4034,8
2026-03-21T17:39:57.531933,2,0.1971,0.1971,0.1922,0.3005,0.7513,0.5173,-0.5449,20
2026-03-21T17:39:57.600427,0,0.0981,0.0607,0.0981,0.8993,0.4470,-0.1053,-0.4344,7
2026-03-21T17:39:57.600427,1,0.2196,0.2035,0.2196,0.3244,0.7435,0.5024,-0.5481,22
2026-03-21T17:39:57.670788,0,0.2730,0.2730,0.2223,0.3565,0.7301,0.4897,-0.5416,25
2026-03-21T17:39:57.739660,0,0.2779,0.2779,0.1677,0.4012,0.7002,0.4622,-0.5260,25
2026-03-21T17:39:57.810036,0,0.3329,0.3329,0.1004,0.4749,0.6669,0.4247,-0.5142,27
2026-03-21T17:39:57.879577,0,0.2360,0.2360,0.1167,0.4426,0.6542,0.4094,-0.5103,22
2026-03-21T17:39:57.951084,0,0.3097,0.3097,0.1670,0.4191,0.6925,0.4660,-0.5123,27
2026-03-21T17:39:58.019086,0,0.3223,0.3223,0.1847,0.4252,0.6771,0.4431,-0.5120,28
2026-03-21T17:39:58.089574,0,0.3374,0.3374,0.1185,0.4327,0.6869,0.4511,-0.5180,26
2026-03-21T17:39:58.158683,0,0.3133,0.3133,0.0837,0.4175,0.6973,0.4621,-0.5222,23
2026-03-21T17:39:58.158683,1,0.0636,0.0435,0.0636,0.3028,0.5034,0.4682,-0.1850,6
2026-03-21T17:39:58.228294,0,0.3126,0.3126,0.1272,0.4160,0.7026,0.4658,-0.5260,25
2026-03-21T17:39:58.228294,1,0.1430,0.0437,0.1430,0.3413,0.4914,0.4336,-0.2313,17
2026-03-21T17:39:58.298064,0,0.2432,0.2432,0.1685,0.4196,0.6817,0.4314,-0.5278,23
2026-03-21T17:39:58.298064,1,0.1285,0.0529,0.1285,0.3673,0.4874,0.4174,-0.2518,17
2026-03-21T17:39:58.366730,0,0.2075,0.2075,0.1017,0.4209,0.6753,0.4177,-0.5306,19
2026-03-21T17:39:58.366730,1,0.1276,0.0606,0.1276,0.3657,0.4995,0.4160,-0.2766,16
2026-03-21T17:39:58.436994,0,0.1665,0.1665,0.0825,0.4274,0.6677,0.3984,-0.5359,16
2026-03-21T17:39:58.436994,1,0.1473,0.0768,0.1473,0.3829,0.5128,0.4117,-0.3058,16
2026-03-21T17:39:58.506522,0,0.1169,0.1169,0.0918,0.4304,0.6590,0.3784,-0.5395,13
2026-03-21T17:39:58.506522,1,0.0762,0.0762,0.0617,0.3970,0.5055,0.3874,-0.3247,11
2026-03-21T17:39:58.576786,0,0.1190,0.0831,0.1190,0.4283,0.6504,0.3635,-0.5393,11
2026-03-21T17:39:58.576786,1,0.1100,0.0548,0.1100,0.4026,0.5229,0.3723,-0.3671,12
2026-03-21T17:39:58.646695,0,0.1587,0.0664,0.1587,0.4216,0.6596,0.3631,-0.5507,12
2026-03-21T17:39:58.646695,1,0.0765,0.0385,0.0765,0.4044,0.5291,0.3672,-0.3809,9
2026-03-21T17:39:58.715316,0,0.1045,0.0715,0.1045,0.4214,0.6546,0.3657,-0.5430,11
2026-03-21T17:39:58.715316,1,0.0605,0.0381,0.0605,0.4044,0.5346,0.3678,-0.3879,8
2026-03-21T17:39:58.785636,0,0.1134,0.0740,0.1134,0.4273,0.6489,0.3625,-0.5382,11
2026-03-21T17:39:58.785636,1,0.0605,0.0605,0.0436,0.4100,0.5376,0.3701,-0.3898,8
2026-03-21T17:39:58.785636,2,0.0880,0.0880,0.0052,0.1809,0.8012,0.6230,-0.5037,5
2026-03-21T17:39:58.855880,0,0.1014,0.0593,0.1014,0.4206,0.6496,0.3579,-0.5421,10
2026-03-21T17:39:58.855880,1,0.0638,0.0392,0.0638,0.4177,0.5247,0.3543,-0.3870,8
2026-03-21T17:39:58.855880,2,0.0865,0.0865,0.0060,0.1786,0.8014,0.6231,-0.5039,5
2026-03-21T17:39:58.924453,0,0.1888,0.0235,0.1888,0.4181,0.6524,0.3487,-0.5514,10
2026-03-21T17:39:58.924453,1,0.0564,0.0477,0.0564,0.4456,0.4948,0.3310,-0.3678,9
2026-03-21T17:39:58.924453,2,0.1108,0.1108,0.0048,0.2061,0.7882,0.6087,-0.5007,6
2026-03-21T17:39:58.994792,0,0.1212,0.0497,0.1212,0.4954,0.4482,0.2843,-0.3465,12
2026-03-21T17:39:58.994792,1,0.1048,0.1048,0.0031,0.2009,0.7883,0.6088,-0.5008,6
2026-03-21T17:39:59.064881,0,0.0989,0.0539,0.0989,0.5449,0.3917,0.2351,-0.3133,13
2026-03-21T17:39:59.064881,1,0.1649,0.1649,0.0128,0.2626,0.7676,0.5805,-0.5022,9
2026-03-21T17:39:59.134454,0,0.0821,0.0465,0.0821,0.5820,0.3515,0.1934,-0.2935,12
2026-03-21T17:39:59.134454,1,0.2076,0.2076,0.0111,0.3013,0.7506,0.5552,-0.5050,12
2026-03-21T17:39:59.204578,0,0.0540,0.0507,0.0540,0.6095,0.3336,0.1666,-0.2890,11
2026-03-21T17:39:59.204578,1,0.2659,0.2659,0.0123,0.3613,0.7273,0.5219,-0.5065,16
2026-03-21T17:39:59.273626,0,0.0489,0.0489,0.0464,0.6309,0.3218,0.1459,-0.2868,11
2026-03-21T17:39:59.273626,1,0.3084,0.3084,0.0140,0.4045,0.7089,0.4967,-0.5058,19
2026-03-21T17:39:59.343191,0,0.0636,0.0636,0.0404,0.6506,0.3182,0.1320,-0.2895,12
2026-03-21T17:39:59.343191,1,0.3399,0.3399,0.0217,0.4352,0.6980,0.4767,-0.5098,22
2026-03-21T17:39:59.413395,0,0.0620,0.0620,0.0430,0.6561,0.3145,0.1254,-0.2884,12
2026-03-21T17:39:59.413395,1,0.3461,0.3461,0.0438,0.4423,0.6951,0.4704,-0.5118,23
2026-03-21T17:39:59.482926,0,0.0673,0.0673,0.0368,0.6561,0.3190,0.1273,-0.2925,12
2026-03-21T17:39:59.482926,1,0.3394,0.3394,0.0470,0.4371,0.6938,0.4695,-0.5108,23
2026-03-21T17:39:59.552211,0,0.0659,0.0659,0.0319,0.6529,0.3200,0.1327,-0.2912,12
2026-03-21T17:39:59.552211,1,0.3333,0.3333,0.0325,0.4310,0.6970,0.4759,-0.5093,22
2026-03-21T17:39:59.622381,0,0.0652,0.0652,0.0485,0.6361,0.3230,0.1441,-0.2890,12
2026-03-21T17:39:59.622381,1,0.3277,0.3277,0.0180,0.4246,0.7024,0.4881,-0.5051,20
2026-03-21T17:39:59.691563,0,0.0662,0.0603,0.0662,0.6191,0.3325,0.1584,-0.2924,12
2026-03-21T17:39:59.691563,1,0.3125,0.3125,0.0316,0.4087,0.7140,0.5045,-0.5052,18
2026-03-21T17:39:59.761356,0,0.0776,0.0428,0.0776,0.6034,0.3416,0.1703,-0.2962,11
2026-03-21T17:39:59.761356,1,0.2719,0.2719,0.0143,0.3681,0.7257,0.5208,-0.5054,16
2026-03-21T17:39:59.831376,0,0.0695,0.0695,0.0421,0.6010,0.3518,0.1814,-0.3015,11
2026-03-21T17:39:59.831376,1,0.2762,0.2762,0.0214,0.3724,0.7256,0.5207,-0.5053,16
2026-03-21T17:39:59.900521,0,0.0827,0.0827,0.0651,0.6007,0.3601,0.1829,-0.3101,12
2026-03-21T17:39:59.900521,1,0.2694,0.2694,0.0141,0.3631,0.7249,0.5202,-0.5049,16
2026-03-21T17:39:59.970481,0,0.0786,0.0786,0.0573,0.6047,0.3622,0.1786,-0.3151,12
2026-03-21T17:39:59.970481,1,0.2821,0.2821,0.0147,0.3750,0.7214,0.5136,-0.5066,17
2026-03-21T17:40:00.039989,0,0.0799,0.0766,0.0799,0.6215,0.3570,0.1619,-0.3182,13
2026-03-21T17:40:00.039989,1,0.3147,0.3147,0.0158,0.4108,0.7085,0.4965,-0.5055,19
2026-03-21T17:40:00.110019,0,0.0679,0.0679,0.0472,0.6431,0.3352,0.1418,-0.3037,13
2026-03-21T17:40:00.110019,1,0.2925,0.2925,0.0224,0.4101,0.6983,0.4802,-0.5070,19
2026-03-21T17:40:00.180096,0,0.0677,0.0677,0.0418,0.6552,0.3217,0.1310,-0.2938,13
2026-03-21T17:40:00.180096,1,0.3433,0.3433,0.0281,0.4426,0.6930,0.4734,-0.5060,22
2026-03-21T17:40:00.249219,0,0.0701,0.0701,0.0399,0.6611,0.3188,0.1273,-0.2922,14
2026-03-21T17:40:00.249219,1,0.3362,0.3362,0.0361,0.4363,0.6959,0.4753,-0.5083,22
2026-03-21T17:40:00.319478,0,0.0962,0.0962,0.0462,0.6631,0.3168,0.1294,-0.2892,15
2026-03-21T17:40:00.319478,1,0.3204,0.3204,0.0302,0.4197,0.6989,0.4814,-0.5067,21
2026-03-21T17:40:00.388450,0,0.1006,0.1006,0.0513,0.6675,0.3106,0.1271,-0.2834,15
2026-03-21T17:40:00.388450,1,0.3257,0.3257,0.0261,0.4186,0.7006,0.4825,-0.5079,21
2026-03-21T17:40:00.458507,0,0.0735,0.0735,0.0275,0.6793,0.3007,0.1130,-0.2786,15
2026-03-21T17:40:00.458507,1,0.3549,0.3549,0.0451,0.4495,0.6919,0.4682,-0.5093,23
2026-03-21T17:40:00.528439,0,0.0912,0.0912,0.0309,0.6930,0.2968,0.1072,-0.2768,15
2026-03-21T17:40:00.528439,1,0.3400,0.3400,0.0712,0.4345,0.6920,0.4636,-0.5137,24
2026-03-21T17:40:00.597756,0,0.1011,0.1011,0.0473,0.7039,0.2906,0.0983,-0.2735,16
2026-03-21T17:40:00.597756,1,0.3239,0.3239,0.1079,0.4240,0.6933,0.4594,-0.5192,25
2026-03-21T17:40:00.667458,0,0.0940,0.0940,0.0609,0.7105,0.2847,0.0891,-0.2704,17
2026-03-21T17:40:00.667458,1,0.3280,0.3280,0.1357,0.4233,0.6936,0.4546,-0.5238,26
2026-03-21T17:40:00.736564,0,0.1146,0.1146,0.0789,0.7088,0.2852,0.0947,-0.2691,17
2026-03-21T17:40:00.736564,1,0.3364,0.3364,0.1217,0.4341,0.6922,0.4538,-0.5226,26
2026-03-21T17:40:00.805774,0,0.1077,0.1077,0.0516,0.6956,0.2918,0.1058,-0.2720,17
2026-03-21T17:40:00.805774,1,0.3568,0.3568,0.0699,0.4465,0.6916,0.4635,-0.5132,24
2026-03-21T17:40:00.876132,0,0.0881,0.0881,0.0315,0.6736,0.2989,0.1197,-0.2739,16
2026-03-21T17:40:00.876132,1,0.3370,0.3370,0.0184,0.4355,0.6958,0.4796,-0.5042,21
2026-03-21T17:40:00.946345,0,0.0885,0.0885,0.0309,0.6574,0.3090,0.1359,-0.2775,15
2026-03-21T17:40:00.946345,1,0.3013,0.3013,0.0248,0.4189,0.6997,0.4856,-0.5038,18
2026-03-21T17:40:01.016148,0,0.0676,0.0676,0.0448,0.6331,0.3212,0.1509,-0.2836,13
2026-03-21T17:40:01.016148,1,0.2873,0.2873,0.0094,0.3811,0.7174,0.5109,-0.5037,17
2026-03-21T17:40:01.085772,0,0.0624,0.0620,0.0624,0.6082,0.3497,0.1721,-0.3044,12
2026-03-21T17:40:01.085772,1,0.2780,0.2780,0.0299,0.3979,0.7082,0.4997,-0.5019,16
2026-03-21T17:40:01.155090,0,0.0603,0.0603,0.0581,0.5867,0.3976,0.1957,-0.3461,10
2026-03-21T17:40:01.155090,1,0.2888,0.2888,0.0245,0.4087,0.6994,0.4895,-0.4995,17
2026-03-21T17:40:01.225267,0,0.0717,0.0677,0.0717,0.5529,0.4449,0.2323,-0.3795,12
2026-03-21T17:40:01.225267,1,0.2464,0.2464,0.0223,0.3663,0.7163,0.5136,-0.4993,14
2026-03-21T17:40:01.294723,0,0.0628,0.0628,0.0607,0.4632,0.5339,0.3289,-0.4206,9
2026-03-21T17:40:01.294723,1,0.2090,0.2090,0.0150,0.3027,0.7481,0.5577,-0.4986,11
2026-03-21T17:40:01.364295,0,0.3269,0.3269,0.1531,0.4206,0.6861,0.4500,-0.5180,26
2026-03-21T17:40:01.433528,0,0.3261,0.3261,0.1167,0.4206,0.6885,0.4564,-0.5155,25
2026-03-21T17:40:01.503506,0,0.3265,0.3265,0.1693,0.4194,0.6921,0.4489,-0.5268,27
2026-03-21T17:40:01.572733,0,0.3243,0.3243,0.1450,0.4196,0.6889,0.4518,-0.5200,26
2026-03-21T17:40:01.642997,0,0.3248,0.3248,0.1780,0.4185,0.6879,0.4458,-0.5238,27
2026-03-21T17:40:01.712864,0,0.2965,0.2965,0.1709,0.4203,0.6835,0.4377,-0.5250,26
2026-03-21T17:40:01.781878,0,0.3246,0.3246,0.1211,0.4191,0.6840,0.4533,-0.5121,25
2026-03-21T17:40:01.852150,0,0.3182,0.3182,0.1243,0.4191,0.6814,0.4516,-0.5103,25
2026-03-21T17:40:01.920850,0,0.2977,0.2977,0.1280,0.4216,0.6708,0.4394,-0.5069,24
2026-03-21T17:40:01.991317,0,0.3117,0.3117,0.1693,0.4182,0.6751,0.4422,-0.5101,26
2026-03-21T17:40:02.060930,0,0.3095,0.3095,0.1905,0.4208,0.6712,0.4343,-0.5117,27
2026-03-21T17:40:02.130103,0,0.3226,0.3226,0.1707,0.4215,0.6682,0.4423,-0.5008,27
2026-03-21T17:40:02.200740,0,0.3346,0.3346,0.1732,0.4219,0.6660,0.4454,-0.4951,28
2026-03-21T17:40:02.271493,0,0.3292,0.3292,0.1336,0.4230,0.6555,0.4474,-0.4791,26
2026-03-21T17:40:02.339909,0,0.3209,0.3209,0.1855,0.4196,0.6593,0.4405,-0.4906,28
2026-03-21T17:40:02.408379,0,0.3309,0.3309,0.1545,0.4215,0.6637,0.4486,-0.4891,27
2026-03-21T17:40:02.479028,0,0.3154,0.3154,0.1492,0.4215,0.6643,0.4442,-0.4939,26
2026-03-21T17:40:02.548357,0,0.3104,0.3104,0.1692,0.4222,0.6644,0.4395,-0.4983,27
2026-03-21T17:40:02.618318,0,0.3111,0.3111,0.2074,0.4205,0.6649,0.4346,-0.5033,28
2026-03-21T17:40:02.688288,0,0.3283,0.3283,0.2095,0.4197,0.6677,0.4415,-0.5010,29
2026-03-21T17:40:02.758027,0,0.3085,0.3085,0.1260,0.4219,0.6585,0.4448,-0.4856,25
2026-03-21T17:40:02.827977,0,0.2909,0.2909,0.1215,0.4222,0.6562,0.4385,-0.4882,24
2026-03-21T17:40:02.897037,0,0.3333,0.3333,0.1699,0.4215,0.6692,0.4477,-0.4974,28
2026-03-21T17:40:02.967346,0,0.3341,0.3341,0.1231,0.4206,0.6655,0.4546,-0.4860,26
2026-03-21T17:40:03.037299,0,0.3295,0.3295,0.1753,0.4200,0.6672,0.4462,-0.4960,28
2026-03-21T17:40:03.106435,0,0.3320,0.3320,0.1706,0.4210,0.6676,0.4466,-0.4963,28
2026-03-21T17:40:03.176249,0,0.3315,0.3315,0.1735,0.4196,0.6687,0.4474,-0.4970,28
2026-03-21T17:40:03.245703,0,0.3086,0.3086,0.1500,0.4204,0.6613,0.4421,-0.4917,26
2026-03-21T17:40:03.315069,0,0.3062,0.3062,0.1528,0.4204,0.6612,0.4419,-0.4918,26
2026-03-21T17:40:03.385061,0,0.3054,0.3054,0.1482,0.4220,0.6595,0.4408,-0.4906,26
2026-03-21T17:40:03.454165,0,0.3273,0.3273,0.1218,0.4211,0.6641,0.4536,-0.4850,26
2026-03-21T17:40:03.524477,0,0.3274,0.3274,0.1506,0.4196,0.6658,0.4501,-0.4905,27
2026-03-21T17:40:03.594321,0,0.3347,0.3347,0.1506,0.4220,0.6667,0.4508,-0.4912,27
2026-03-21T17:40:03.664237,0,0.3112,0.3112,0.1422,0.4230,0.6604,0.4416,-0.4911,26
2026-03-21T17:40:03.733755,0,0.3129,0.3129,0.1410,0.4230,0.6607,0.4418,-0.4912,26
2026-03-21T17:40:03.803338,0,0.3381,0.3381,0.1479,0.4246,0.6658,0.4502,-0.4905,27
2026-03-21T17:40:03.872680,0,0.3041,0.3041,0.1514,0.4191,0.6604,0.4414,-0.4913,26
2026-03-21T17:40:03.942592,0,0.3133,0.3133,0.1996,0.4235,0.6644,0.4344,-0.5027,28
2026-03-21T17:40:04.011297,0,0.3278,0.3278,0.1773,0.4200,0.6672,0.4463,-0.4960,28
2026-03-21T17:40:04.082523,0,0.3124,0.3124,0.1783,0.4242,0.6624,0.4380,-0.4969,27
2026-03-21T17:40:04.152258,0,0.3087,0.3087,0.2028,0.4197,0.6656,0.4350,-0.5038,28
2026-03-21T17:40:04.221403,0,0.3350,0.3350,0.0990,0.4214,0.6662,0.4596,-0.4823,25
2026-03-21T17:40:04.291562,0,0.3093,0.3093,0.1716,0.4219,0.6629,0.4383,-0.4974,27
2026-03-21T17:40:04.360823,0,0.3359,0.3359,0.1717,0.4240,0.6678,0.4467,-0.4963,28
2026-03-21T17:40:04.430267,0,0.3078,0.3078,0.1211,0.4204,0.6609,0.4463,-0.4874,25
2026-03-21T17:40:04.500705,0,0.2792,0.2792,0.1760,0.4217,0.6577,0.4297,-0.4980,26
2026-03-21T17:40:04.570415,0,0.3315,0.3315,0.1488,0.4196,0.6659,0.4501,-0.4907,27
2026-03-21T17:40:04.639571,0,0.3362,0.3362,0.1738,0.4211,0.6688,0.4475,-0.4971,28
2026-03-21T17:40:04.709299,0,0.3327,0.3327,0.1500,0.4200,0.6657,0.4500,-0.4905,27
2026-03-21T17:40:04.779257,0,0.3335,0.3335,0.1761,0.4217,0.6663,0.4458,-0.4952,28
2026-03-21T17:40:04.848413,0,0.3062,0.3062,0.1757,0.4221,0.6616,0.4374,-0.4963,27
2026-03-21T17:40:04.917234,0,0.3315,0.3315,0.1675,0.4229,0.6671,0.4463,-0.4958,28
2026-03-21T17:40:04.987487,0,0.3341,0.3341,0.2001,0.4230,0.6689,0.4426,-0.5016,29
2026-03-21T17:40:05.057511,0,0.3033,0.3033,0.1463,0.4216,0.6601,0.4414,-0.4909,26
2026-03-21T17:40:05.126939,0,0.3371,0.3371,0.2003,0.4236,0.6687,0.4424,-0.5014,29
2026-03-21T17:40:05.196569,0,0.3077,0.3077,0.1474,0.4235,0.6590,0.4406,-0.4901,26
2026-03-21T17:40:05.267058,0,0.3348,0.3348,0.1974,0.4221,0.6673,0.4414,-0.5004,29
2026-03-21T17:40:05.336090,0,0.2827,0.2827,0.1736,0.4219,0.6563,0.4289,-0.4968,26
2026-03-21T17:40:05.406585,0,0.2871,0.2871,0.1690,0.4224,0.6570,0.4294,-0.4972,26
2026-03-21T17:40:05.475508,0,0.3359,0.3359,0.1484,0.4232,0.6646,0.4494,-0.4896,27
2026-03-21T17:40:05.545313,0,0.3093,0.3093,0.2020,0.4203,0.6644,0.4343,-0.5029,28
2026-03-21T17:40:05.615661,0,0.3062,0.3062,0.1449,0.4221,0.6596,0.4409,-0.4906,26
2026-03-21T17:40:05.684600,0,0.3038,0.3038,0.1478,0.4196,0.6609,0.4416,-0.4916,26
2026-03-21T17:40:05.753939,0,0.3067,0.3067,0.1498,0.4209,0.6603,0.4414,-0.4911,26
2026-03-21T17:40:05.824832,0,0.3258,0.3258,0.1781,0.4205,0.6666,0.4457,-0.4956,28
2026-03-21T17:40:05.893594,0,0.3340,0.3340,0.1477,0.4262,0.6637,0.4489,-0.4889,27
2026-03-21T17:40:05.963473,0,0.3040,0.3040,0.1724,0.4207,0.6622,0.4378,-0.4968,27
2026-03-21T17:40:06.033554,0,0.3271,0.3271,0.1791,0.4201,0.6656,0.4452,-0.4949,28
2026-03-21T17:40:06.102277,0,0.3331,0.3331,0.1216,0.4237,0.6649,0.4542,-0.4856,26
2026-03-21T17:40:06.172834,0,0.3297,0.3297,0.1708,0.4219,0.6662,0.4456,-0.4953,28
2026-03-21T17:40:06.242391,0,0.3365,0.3365,0.1391,0.4255,0.6631,0.4484,-0.4886,27
2026-03-21T17:40:06.312367,0,0.3326,0.3326,0.1737,0.4224,0.6643,0.4444,-0.4937,28
2026-03-21T17:40:06.381693,0,0.3049,0.3049,0.1494,0.4207,0.6593,0.4407,-0.4903,26
2026-03-21T17:40:06.451984,0,0.3356,0.3356,0.1259,0.4237,0.6642,0.4537,-0.4851,26
2026-03-21T17:40:06.521042,0,0.3292,0.3292,0.1443,0.4230,0.6646,0.4494,-0.4897,27
2026-03-21T17:40:06.592787,0,0.3311,0.3311,0.1478,0.4225,0.6636,0.4487,-0.4888,27
2026-03-21T17:40:06.660277,0,0.3062,0.3062,0.1510,0.4220,0.6598,0.4411,-0.4907,26
2026-03-21T17:40:06.730737,0,0.3280,0.3280,0.1212,0.4227,0.6637,0.4533,-0.4848,26
2026-03-21T17:40:06.799980,0,0.3301,0.3301,0.1740,0.4215,0.6660,0.4455,-0.4950,28
2026-03-21T17:40:06.869349,0,0.3352,0.3352,0.1713,0.4233,0.6664,0.4458,-0.4953,28
2026-03-21T17:40:06.939375,0,0.3349,0.3349,0.1237,0.4222,0.6648,0.4541,-0.4855,26
2026-03-21T17:40:07.008266,0,0.3361,0.3361,0.1480,0.4209,0.6657,0.4500,-0.4905,27
2026-03-21T17:40:07.078448,0,0.3268,0.3268,0.1496,0.4206,0.6641,0.4489,-0.4895,27
2026-03-21T17:40:07.147959,0,0.3312,0.3312,0.1446,0.4225,0.6649,0.4494,-0.4900,27
2026-03-21T17:40:07.218188,0,0.3049,0.3049,0.1234,0.4215,0.6590,0.4451,-0.4860,25
2026-03-21T17:40:07.287432,0,0.3301,0.3301,0.1454,0.4215,0.6655,0.4500,-0.4903,27
2026-03-21T17:40:07.356765,0,0.3341,0.3341,0.1427,0.4230,0.6649,0.4497,-0.4897,27
2026-03-21T17:40:07.427093,0,0.3125,0.3125,0.1221,0.4227,0.6586,0.4450,-0.4855,25
2026-03-21T17:40:07.497129,0,0.3324,0.3324,0.1679,0.4238,0.6665,0.4458,-0.4955,28
2026-03-21T17:40:07.566741,0,0.3353,0.3353,0.1735,0.4209,0.6664,0.4457,-0.4953,28
2026-03-21T17:40:07.636569,0,0.3319,0.3319,0.1236,0.4217,0.6641,0.4537,-0.4850,26
2026-03-21T17:40:07.706313,0,0.3337,0.3337,0.1955,0.4226,0.6690,0.4425,-0.5017,29
2026-03-21T17:40:07.775407,0,0.3289,0.3289,0.1470,0.4211,0.6643,0.4490,-0.4895,27
2026-03-21T17:40:07.845671,0,0.3330,0.3330,0.1770,0.4211,0.6662,0.4456,-0.4953,28
2026-03-21T17:40:07.914962,0,0.3330,0.3330,0.1716,0.4219,0.6669,0.4460,-0.4958,28
2026-03-21T17:40:07.984617,0,0.3099,0.3099,0.1697,0.4225,0.6612,0.4373,-0.4960,27
2026-03-21T17:40:08.054340,0,0.3087,0.3087,0.1750,0.4213,0.6616,0.4373,-0.4964,27
2026-03-21T17:40:08.123977,0,0.3291,0.3291,0.1748,0.4222,0.6655,0.4452,-0.4947,28
2026-03-21T17:40:08.193324,0,0.2350,0.2350,0.1491,0.4220,0.6459,0.4171,-0.4932,23
2026-03-21T17:40:08.263256,0,0.3095,0.3095,0.1776,0.4196,0.6630,0.4383,-0.4974,27
2026-03-21T17:40:08.332100,0,0.3043,0.3043,0.1743,0.4225,0.6618,0.4376,-0.4965,27
2026-03-21T17:40:08.402401,0,0.3070,0.3070,0.1771,0.4196,0.6612,0.4371,-0.4961,27
2026-03-21T17:40:08.472644,0,0.3309,0.3309,0.1771,0.4206,0.6670,0.4462,-0.4959,28
2026-03-21T17:40:08.541826,0,0.3335,0.3335,0.1475,0.4217,0.6650,0.4497,-0.4899,27
2026-03-21T17:40:08.611962,0,0.3317,0.3317,0.2002,0.4215,0.6692,0.4427,-0.5019,29
2026-03-21T17:40:08.681651,0,0.3342,0.3342,0.1778,0.4207,0.6662,0.4456,-0.4953,28
2026-03-21T17:40:08.750716,0,0.3097,0.3097,0.2019,0.4215,0.6632,0.4335,-0.5019,28
2026-03-21T17:40:08.821129,0,0.3063,0.3063,0.1741,0.4205,0.6614,0.4372,-0.4963,27
2026-03-21T17:40:08.890675,0,0.3043,0.3043,0.1766,0.4201,0.6617,0.4375,-0.4965,27
2026-03-21T17:40:08.960184,0,0.3291,0.3291,0.1514,0.4196,0.6650,0.4495,-0.4900,27
2026-03-21T17:40:09.029688,0,0.3057,0.3057,0.1745,0.4216,0.6615,0.4374,-0.4963,27
2026-03-21T17:40:09.099415,0,0.3345,0.3345,0.1955,0.4226,0.6689,0.4425,-0.5016,29
2026-03-21T17:40:09.168903,0,0.3061,0.3061,0.1753,0.4211,0.6609,0.4369,-0.4959,27
2026-03-21T17:40:09.238822,0,0.3316,0.3316,0.1703,0.4230,0.6646,0.4445,-0.4940,28
2026-03-21T17:40:09.308331,0,0.3303,0.3303,0.1735,0.4200,0.6665,0.4457,-0.4955,28
2026-03-21T17:40:09.378680,0,0.3309,0.3309,0.1577,0.4215,0.6654,0.4498,-0.4903,27
2026-03-21T17:40:09.447806,0,0.3291,0.3291,0.1494,0.4205,0.6651,0.4497,-0.4901,27
2026-03-21T17:40:09.517736,0,0.3349,0.3349,0.1239,0.4222,0.6639,0.4535,-0.4849,26
2026-03-21T17:40:09.587971,0,0.3294,0.3294,0.1298,0.4217,0.6629,0.4528,-0.4842,26
2026-03-21T17:40:09.657031,0,0.3093,0.3093,0.1489,0.4211,0.6598,0.4411,-0.4906,26
2026-03-21T17:40:09.727206,0,0.3323,0.3323,0.1470,0.4212,0.6645,0.4494,-0.4895,27
2026-03-21T17:40:09.796517,0,0.3284,0.3284,0.1810,0.4206,0.6659,0.4453,-0.4951,28
2026-03-21T17:40:09.865701,0,0.3312,0.3312,0.1452,0.4225,0.6639,0.4489,-0.4891,27
2026-03-21T17:40:09.935833,0,0.2859,0.2859,0.1780,0.4235,0.6556,0.4284,-0.4962,26
2026-03-21T17:40:10.005350,0,0.3335,0.3335,0.1438,0.4216,0.6650,0.4496,-0.4900,27
2026-03-21T17:40:10.074848,0,0.3311,0.3311,0.1521,0.4225,0.6634,0.4486,-0.4888,27
2026-03-21T17:40:10.144878,0,0.3309,0.3309,0.1496,0.4206,0.6648,0.4495,-0.4898,27
2026-03-21T17:40:10.214428,0,0.3308,0.3308,0.1525,0.4230,0.6629,0.4483,-0.4884,27
2026-03-21T17:40:10.284412,0,0.3302,0.3302,0.1795,0.4216,0.6658,0.4453,-0.4950,28
2026-03-21T17:40:10.354295,0,0.3313,0.3313,0.1221,0.4227,0.6644,0.4539,-0.4852,26
2026-03-21T17:40:10.424050,0,0.3327,0.3327,0.1456,0.4225,0.6650,0.4496,-0.4899,27
2026-03-21T17:40:10.494072,0,0.3316,0.3316,0.1757,0.4222,0.6648,0.4446,-0.4942,28
2026-03-21T17:40:10.563441,0,0.3365,0.3365,0.1307,0.4222,0.6646,0.4541,-0.4853,26
2026-03-21T17:40:10.633341,0,0.3349,0.3349,0.1231,0.4222,0.6638,0.4534,-0.4849,26
2026-03-21T17:40:10.703023,0,0.3352,0.3352,0.2039,0.4217,0.6683,0.4422,-0.5011,29
2026-03-21T17:40:10.771964,0,0.3318,0.3318,0.1745,0.4240,0.6649,0.4447,-0.4943,28
2026-03-21T17:40:10.841010,0,0.3338,0.3338,0.1692,0.4219,0.6666,0.4458,-0.4955,28
2026-03-21T17:40:10.912702,0,0.3077,0.3077,0.1445,0.4235,0.6600,0.4412,-0.4909,26
2026-03-21T17:40:10.980043,0,0.3064,0.3064,0.1961,0.4230,0.6635,0.4336,-0.5021,28
2026-03-21T17:40:11.050719,0,0.3354,0.3354,0.1484,0.4235,0.6650,0.4496,-0.4900,27
2026-03-21T17:40:11.120393,0,0.3367,0.3367,0.1706,0.4224,0.6652,0.4450,-0.4944,28
2026-03-21T17:40:11.189118,0,0.3091,0.3091,0.1484,0.4201,0.6603,0.4413,-0.4911,26
2026-03-21T17:40:11.259611,0,0.3341,0.3341,0.1975,0.4230,0.6683,0.4420,-0.5012,29
2026-03-21T17:40:11.329328,0,0.3337,0.3337,0.1710,0.4210,0.6670,0.4462,-0.4958,28
2026-03-21T17:40:11.398990,0,0.3265,0.3265,0.1559,0.4204,0.6640,0.4487,-0.4894,27
2026-03-21T17:40:11.468926,0,0.3328,0.3328,0.2009,0.4217,0.6670,0.4411,-0.5003,29
2026-03-21T17:40:11.538710,0,0.3051,0.3051,0.1767,0.4225,0.6615,0.4374,-0.4962,27
2026-03-21T17:40:11.608710,0,0.2870,0.2870,0.1971,0.4230,0.6589,0.4255,-0.5031,27
2026-03-21T17:40:11.678217,0,0.3054,0.3054,0.1506,0.4204,0.6590,0.4404,-0.4901,26
2026-03-21T17:40:11.747892,0,0.3121,0.3121,0.1495,0.4215,0.6591,0.4407,-0.4901,26
2026-03-21T17:40:11.818012,0,0.3040,0.3040,0.1759,0.4230,0.6595,0.4361,-0.4948,27
2026-03-21T17:40:11.887258,0,0.3289,0.3289,0.1479,0.4211,0.6635,0.4485,-0.4889,27
2026-03-21T17:40:11.956706,0,0.3008,0.3008,0.1252,0.4199,0.6591,0.4451,-0.4860,25
2026-03-21T17:40:12.027045,0,0.3091,0.3091,0.1756,0.4201,0.6632,0.4384,-0.4976,27
2026-03-21T17:40:12.096511,0,0.3318,0.3318,0.1725,0.4224,0.6659,0.4455,-0.4950,28
2026-03-21T17:40:12.165852,0,0.3356,0.3356,0.1698,0.4229,0.6656,0.4452,-0.4948,28
2026-03-21T17:40:12.235137,0,0.3339,0.3339,0.1722,0.4221,0.6665,0.4460,-0.4953,28
2026-03-21T17:40:12.305082,0,0.3341,0.3341,0.1731,0.4222,0.6654,0.4453,-0.4945,28
2026-03-21T17:40:12.374884,0,0.3064,0.3064,0.1479,0.4206,0.6586,0.4403,-0.4899,26
2026-03-21T17:40:12.444549,0,0.3349,0.3349,0.1227,0.4222,0.6645,0.4539,-0.4853,26
2026-03-21T17:40:12.513552,0,0.3104,0.3104,0.1241,0.4222,0.6582,0.4447,-0.4853,25
2026-03-21T17:40:12.584493,0,0.3080,0.3080,0.1717,0.4215,0.6619,0.4375,-0.4967,27
2026-03-21T17:40:12.654123,0,0.3052,0.3052,0.1268,0.4227,0.6592,0.4452,-0.4861,25
2026-03-21T17:40:12.724322,0,0.3326,0.3326,0.1699,0.4224,0.6663,0.4458,-0.4952,28
2026-03-21T17:40:12.793509,0,0.3330,0.3330,0.1691,0.4253,0.6654,0.4452,-0.4945,28
2026-03-21T17:40:12.862870,0,0.3315,0.3315,0.1513,0.4212,0.6637,0.4488,-0.4890,27
2026-03-21T17:40:12.932208,0,0.3075,0.3075,0.1488,0.4225,0.6591,0.4407,-0.4901,26
2026-03-21T17:40:13.002304,0,0.3119,0.3119,0.1716,0.4221,0.6624,0.4381,-0.4968,27
2026-03-21T17:40:13.071760,0,0.3355,0.3355,0.1758,0.4211,0.6665,0.4458,-0.4955,28
2026-03-21T17:40:13.141821,0,0.3269,0.3269,0.1318,0.4232,0.6628,0.4527,-0.4842,26
2026-03-21T17:40:13.210315,0,0.3083,0.3083,0.1256,0.4201,0.6596,0.4456,-0.4864,25
2026-03-21T17:40:13.280269,0,0.3316,0.3316,0.1745,0.4222,0.6653,0.4450,-0.4946,28
2026-03-21T17:40:13.351022,0,0.3303,0.3303,0.2018,0.4217,0.6682,0.4420,-0.5012,29
2026-03-21T17:40:13.420038,0,0.3090,0.3090,0.1718,0.4224,0.6615,0.4373,-0.4963,27
2026-03-21T17:40:13.490069,0,0.3283,0.3283,0.1500,0.4222,0.6637,0.4487,-0.4891,27
2026-03-21T17:40:13.559472,0,0.3346,0.3346,0.1415,0.4235,0.6648,0.4496,-0.4897,27
2026-03-21T17:40:13.629338,0,0.3051,0.3051,0.1486,0.4201,0.6598,0.4410,-0.4908,26
2026-03-21T17:40:13.698955,0,0.3080,0.3080,0.1718,0.4215,0.6611,0.4372,-0.4959,27
2026-03-21T17:40:13.768959,0,0.3339,0.3339,0.1661,0.4229,0.6663,0.4458,-0.4953,28
2026-03-21T17:40:13.838053,0,0.3341,0.3341,0.1437,0.4230,0.6648,0.4495,-0.4898,27
2026-03-21T17:40:13.908666,0,0.3305,0.3305,0.1444,0.4235,0.6641,0.4490,-0.4894,27
2026-03-21T17:40:13.978591,0,0.3267,0.3267,0.1965,0.4221,0.6693,0.4427,-0.5019,29
2026-03-21T17:40:14.047334,0,0.3334,0.3334,0.1733,0.4240,0.6661,0.4456,-0.4951,28
2026-03-21T17:40:14.117168,0,0.3326,0.3326,0.1464,0.4216,0.6650,0.4496,-0.4899,27
2026-03-21T17:40:14.186706,0,0.3277,0.3277,0.1480,0.4215,0.6641,0.4490,-0.4893,27
2026-03-21T17:40:14.256918,0,0.3075,0.3075,0.1759,0.4209,0.6616,0.4374,-0.4964,27
2026-03-21T17:40:14.325761,0,0.3071,0.3071,0.2038,0.4221,0.6626,0.4330,-0.5016,28
2026-03-21T17:40:14.395932,0,0.3311,0.3311,0.1270,0.4217,0.6647,0.4540,-0.4855,26
2026-03-21T17:40:14.465393,0,0.3332,0.3332,0.1764,0.4205,0.6667,0.4459,-0.4956,28
2026-03-21T17:40:14.534842,0,0.3358,0.3358,0.1748,0.4215,0.6655,0.4452,-0.4947,28
2026-03-21T17:40:14.604820,0,0.3362,0.3362,0.1179,0.4252,0.6641,0.4538,-0.4848,26
2026-03-21T17:40:14.674977,0,0.3271,0.3271,0.1248,0.4201,0.6635,0.4531,-0.4847,26
2026-03-21T17:40:14.744628,0,0.3296,0.3296,0.1732,0.4210,0.6664,0.4457,-0.4954,28
2026-03-21T17:40:14.814084,0,0.3339,0.3339,0.1445,0.4221,0.6662,0.4503,-0.4909,27
2026-03-21T17:40:14.883917,0,0.3070,0.3070,0.1703,0.4221,0.6617,0.4375,-0.4965,27
2026-03-21T17:40:14.953092,0,0.3290,0.3290,0.1753,0.4221,0.6655,0.4452,-0.4947,28
2026-03-21T17:40:15.023212,0,0.2788,0.2788,0.1484,0.4196,0.6550,0.4328,-0.4916,25
2026-03-21T17:40:15.093116,0,0.3041,0.3041,0.1760,0.4216,0.6610,0.4371,-0.4959,27
2026-03-21T17:40:15.162577,0,0.3340,0.3340,0.1498,0.4197,0.6650,0.4497,-0.4899,27
2026-03-21T17:40:15.233508,0,0.3338,0.3338,0.1468,0.4211,0.6652,0.4498,-0.4901,27
2026-03-21T17:40:15.301249,0,0.3326,0.3326,0.1732,0.4216,0.6660,0.4454,-0.4951,28
2026-03-21T17:40:15.371566,0,0.3351,0.3351,0.1719,0.4232,0.6656,0.4452,-0.4947,28
2026-03-21T17:40:15.441522,0,0.3304,0.3304,0.1520,0.4210,0.6657,0.4500,-0.4906,27
2026-03-21T17:40:15.510832,0,0.3342,0.3342,0.1504,0.4215,0.6656,0.4500,-0.4903,27
2026-03-21T17:40:15.581157,0,0.3270,0.3270,0.1687,0.4233,0.6651,0.4449,-0.4944,28
2026-03-21T17:40:15.649705,0,0.3051,0.3051,0.1707,0.4225,0.6609,0.4370,-0.4958,27
2026-03-21T17:40:15.719870,0,0.3114,0.3114,0.1716,0.4224,0.6615,0.4374,-0.4962,27
2026-03-21T17:40:15.790123,0,0.3340,0.3340,0.1747,0.4205,0.6676,0.4465,-0.4963,28
2026-03-21T17:40:15.860081,0,0.3059,0.3059,0.1461,0.4225,0.6595,0.4409,-0.4904,26
2026-03-21T17:40:15.929973,0,0.2797,0.2797,0.1748,0.4205,0.6563,0.4288,-0.4968,26
2026-03-21T17:40:15.999919,0,0.3265,0.3265,0.1825,0.4187,0.6667,0.4458,-0.4958,28
2026-03-21T17:40:16.068513,0,0.3109,0.3109,0.1684,0.4243,0.6588,0.4357,-0.4941,27
2026-03-21T17:40:16.138796,0,0.3067,0.3067,0.1441,0.4225,0.6594,0.4408,-0.4905,26
2026-03-21T17:40:16.207943,0,0.3337,0.3337,0.2011,0.4235,0.6671,0.4413,-0.5002,29
2026-03-21T17:40:16.277809,0,0.3091,0.3091,0.1477,0.4225,0.6596,0.4409,-0.4906,26
2026-03-21T17:40:16.347692,0,0.3134,0.3134,0.1651,0.4252,0.6617,0.4376,-0.4963,27
2026-03-21T17:40:16.417063,0,0.2832,0.2832,0.1234,0.4225,0.6549,0.4375,-0.4873,24
2026-03-21T17:40:16.486776,0,0.3389,0.3389,0.1435,0.4278,0.6640,0.4492,-0.4890,27
2026-03-21T17:40:16.555972,0,0.3333,0.3333,0.1726,0.4215,0.6665,0.4457,-0.4956,28
2026-03-21T17:40:16.625839,0,0.3319,0.3319,0.1484,0.4225,0.6644,0.4491,-0.4896,27
2026-03-21T17:40:16.695911,0,0.3314,0.3314,0.1494,0.4220,0.6651,0.4497,-0.4901,27
2026-03-21T17:40:16.765843,0,0.3307,0.3307,0.1712,0.4221,0.6671,0.4463,-0.4959,28
2026-03-21T17:40:16.834618,0,0.3101,0.3101,0.1725,0.4211,0.6614,0.4374,-0.4961,27
2026-03-21T17:40:16.905166,0,0.3112,0.3112,0.1959,0.4230,0.6631,0.4336,-0.5018,28
2026-03-21T17:40:16.974787,0,0.3250,0.3250,0.1785,0.4222,0.6642,0.4443,-0.4937,28
2026-03-21T17:40:17.044335,0,0.3333,0.3333,0.1733,0.4230,0.6652,0.4449,-0.4945,28
2026-03-21T17:40:17.114593,0,0.3049,0.3049,0.1469,0.4216,0.6587,0.4402,-0.4899,26
2026-03-21T17:40:17.183450,0,0.3312,0.3312,0.1466,0.4225,0.6638,0.4488,-0.4890,27
2026-03-21T17:40:17.253428,0,0.3299,0.3299,0.2000,0.4221,0.6673,0.4414,-0.5005,29
2026-03-21T17:40:17.322790,0,0.3099,0.3099,0.1480,0.4225,0.6590,0.4405,-0.4901,26
2026-03-21T17:40:17.392500,0,0.3308,0.3308,0.1246,0.4222,0.6636,0.4532,-0.4847,26
2026-03-21T17:40:17.462313,0,0.3351,0.3351,0.1454,0.4216,0.6649,0.4496,-0.4898,27
2026-03-21T17:40:17.531912,0,0.3097,0.3097,0.1505,0.4215,0.6597,0.4409,-0.4908,26
2026-03-21T17:40:17.601833,0,0.3061,0.3061,0.1736,0.4220,0.6608,0.4369,-0.4957,27
2026-03-21T17:40:17.671769,0,0.3085,0.3085,0.1470,0.4227,0.6591,0.4406,-0.4902,26
2026-03-21T17:40:17.740902,0,0.3354,0.3354,0.1742,0.4235,0.6666,0.4460,-0.4955,28
2026-03-21T17:40:17.810690,0,0.2805,0.2805,0.1757,0.4222,0.6558,0.4285,-0.4963,26
2026-03-21T17:40:17.880620,0,0.2834,0.2834,0.1488,0.4219,0.6546,0.4326,-0.4913,25
2026-03-21T17:40:17.949798,0,0.3362,0.3362,0.1961,0.4235,0.6688,0.4426,-0.5014,29
2026-03-21T17:40:18.020163,0,0.3090,0.3090,0.1440,0.4240,0.6587,0.4403,-0.4899,26
2026-03-21T17:40:18.089555,0,0.3343,0.3343,0.1229,0.4232,0.6636,0.4533,-0.4847,26
2026-03-21T17:40:18.159218,0,0.3091,0.3091,0.1698,0.4233,0.6597,0.4362,-0.4949,27
2026-03-21T17:40:18.229172,0,0.3352,0.3352,0.1994,0.4217,0.6674,0.4415,-0.5005,29
2026-03-21T17:40:18.298285,0,0.3291,0.3291,0.1749,0.4205,0.6662,0.4455,-0.4953,28
2026-03-21T17:40:18.368113,0,0.3294,0.3294,0.1449,0.4216,0.6659,0.4502,-0.4907,27
2026-03-21T17:40:18.438189,0,0.3105,0.3105,0.1979,0.4230,0.6634,0.4337,-0.5020,28
2026-03-21T17:40:18.507204,0,0.3067,0.3067,0.1752,0.4209,0.6617,0.4375,-0.4965,27
2026-03-21T17:40:18.577988,0,0.3016,0.3016,0.1724,0.4215,0.6614,0.4372,-0.4963,27
2026-03-21T17:40:18.646940,0,0.3320,0.3320,0.2020,0.4210,0.6681,0.4419,-0.5010,29
2026-03-21T17:40:18.717044,0,0.3351,0.3351,0.1780,0.4216,0.6664,0.4458,-0.4953,28
2026-03-21T17:40:18.786570,0,0.3095,0.3095,0.1752,0.4213,0.6616,0.4373,-0.4965,27
2026-03-21T17:40:18.856069,0,0.3110,0.3110,0.1488,0.4236,0.6594,0.4408,-0.4904,26
2026-03-21T17:40:18.926094,0,0.3259,0.3259,0.1746,0.4222,0.6647,0.4445,-0.4941,28
2026-03-21T17:40:18.995693,0,0.3294,0.3294,0.1459,0.4217,0.6642,0.4490,-0.4894,27
2026-03-21T17:40:19.065391,0,0.3311,0.3311,0.1726,0.4217,0.6662,0.4456,-0.4952,28
2026-03-21T17:40:19.135358,0,0.3281,0.3281,0.1550,0.4195,0.6650,0.4494,-0.4902,27
2026-03-21T17:40:19.203930,0,0.3322,0.3322,0.1486,0.4211,0.6636,0.4487,-0.4890,27
2026-03-21T17:40:19.273986,0,0.3382,0.3382,0.1444,0.4230,0.6645,0.4494,-0.4895,27
2026-03-21T17:40:19.344086,0,0.3329,0.3329,0.1951,0.4235,0.6681,0.4421,-0.5009,29
2026-03-21T17:40:19.413339,0,0.3108,0.3108,0.1459,0.4225,0.6609,0.4420,-0.4914,26
2026-03-21T17:40:19.482989,0,0.3267,0.3267,0.1705,0.4222,0.6650,0.4448,-0.4943,28
2026-03-21T17:40:19.553377,0,0.3061,0.3061,0.1469,0.4211,0.6592,0.4407,-0.4903,26
2026-03-21T17:40:19.621868,0,0.2613,0.2613,0.1274,0.4222,0.6494,0.4289,-0.4876,23
2026-03-21T17:40:19.691339,0,0.3337,0.3337,0.1731,0.4210,0.6651,0.4449,-0.4944,28
2026-03-21T17:40:19.762239,0,0.3316,0.3316,0.1711,0.4230,0.6653,0.4451,-0.4945,28
2026-03-21T17:40:19.830867,0,0.3327,0.3327,0.1721,0.4217,0.6663,0.4458,-0.4952,28
2026-03-21T17:40:19.901348,0,0.3311,0.3311,0.1691,0.4233,0.6654,0.4451,-0.4947,28
2026-03-21T17:40:19.971012,0,0.3357,0.3357,0.1245,0.4230,0.6626,0.4526,-0.4840,26
2026-03-21T17:40:20.039953,0,0.3330,0.3330,0.1772,0.4211,0.6661,0.4456,-0.4951,28
2026-03-21T17:40:20.110384,0,0.3095,0.3095,0.1737,0.4205,0.6617,0.4374,-0.4965,27
2026-03-21T17:40:20.180460,0,0.2828,0.2828,0.1750,0.4212,0.6561,0.4287,-0.4967,26
2026-03-21T17:40:20.249270,0,0.3338,0.3338,0.1526,0.4211,0.6641,0.4490,-0.4893,27
2026-03-21T17:40:20.319436,0,0.2375,0.2375,0.1752,0.4215,0.6467,0.4126,-0.4980,24
2026-03-21T17:40:20.388414,0,0.2857,0.2857,0.1775,0.4225,0.6556,0.4284,-0.4962,26
2026-03-21T17:40:20.458643,0,0.3039,0.3039,0.2000,0.4221,0.6630,0.4332,-0.5019,28
2026-03-21T17:40:20.528822,0,0.2348,0.2348,0.1759,0.4233,0.6467,0.4127,-0.4979,24
2026-03-21T17:40:20.597589,0,0.3014,0.3014,0.1785,0.4221,0.6602,0.4364,-0.4954,27
2026-03-21T17:40:20.667999,0,0.3073,0.3073,0.1510,0.4215,0.6591,0.4406,-0.4901,26
2026-03-21T17:40:20.736947,0,0.3082,0.3082,0.1704,0.4224,0.6603,0.4366,-0.4954,27
2026-03-21T17:40:20.807096,0,0.3309,0.3309,0.1478,0.4215,0.6653,0.4499,-0.4901,27
2026-03-21T17:40:20.876698,0,0.3294,0.3294,0.1766,0.4216,0.6652,0.4449,-0.4945,28
2026-03-21T17:40:20.946333,0,0.3307,0.3307,0.1992,0.4221,0.6674,0.4415,-0.5005,29
2026-03-21T17:40:21.016479,0,0.3348,0.3348,0.1765,0.4221,0.6664,0.4458,-0.4953,28
2026-03-21T17:40:21.086390,0,0.3087,0.3087,0.1460,0.4221,0.6595,0.4408,-0.4905,26
2026-03-21T17:40:21.156046,0,0.3329,0.3329,0.1747,0.4210,0.6660,0.4455,-0.4951,28
2026-03-21T17:40:21.225754,0,0.3280,0.3280,0.1759,0.4210,0.6653,0.4449,-0.4946,28
2026-03-21T17:40:21.294562,0,0.3334,0.3334,0.1215,0.4215,0.6646,0.4539,-0.4854,26
2026-03-21T17:40:21.365070,0,0.3048,0.3048,0.1717,0.4215,0.6616,0.4374,-0.4964,27
2026-03-21T17:40:21.434588,0,0.3103,0.3103,0.1697,0.4229,0.6606,0.4368,-0.4957,27
2026-03-21T17:40:21.503904,0,0.3330,0.3330,0.1698,0.4219,0.6674,0.4464,-0.4961,28
2026-03-21T17:40:21.573955,0,0.3332,0.3332,0.1228,0.4222,0.6632,0.4531,-0.4843,26
2026-03-21T17:40:21.643373,0,0.3066,0.3066,0.1771,0.4208,0.6611,0.4371,-0.4960,27
2026-03-21T17:40:21.713215,0,0.3047,0.3047,0.1742,0.4222,0.6622,0.4377,-0.4969,27
2026-03-21T17:40:21.782977,0,0.3080,0.3080,0.1714,0.4215,0.6621,0.4377,-0.4968,27
2026-03-21T17:40:21.852003,0,0.3300,0.3300,0.1969,0.4230,0.6688,0.4424,-0.5015,29
2026-03-21T17:40:21.921762,0,0.3331,0.3331,0.1697,0.4229,0.6652,0.4450,-0.4944,28
2026-03-21T17:40:21.991672,0,0.3341,0.3341,0.1443,0.4230,0.6640,0.4489,-0.4892,27
2026-03-21T17:40:22.061625,0,0.3109,0.3109,0.1776,0.4219,0.6615,0.4374,-0.4962,27
2026-03-21T17:40:22.131463,0,0.3118,0.3118,0.1721,0.4219,0.6613,0.4373,-0.4961,27
2026-03-21T17:40:22.201669,0,0.3077,0.3077,0.1766,0.4227,0.6624,0.4380,-0.4969,27
2026-03-21T17:40:22.270825,0,0.3363,0.3363,0.1480,0.4220,0.6640,0.4490,-0.4892,27
2026-03-21T17:40:22.339637,0,0.3306,0.3306,0.1721,0.4229,0.6650,0.4448,-0.4943,28
2026-03-21T17:40:22.410053,0,0.3266,0.3266,0.1505,0.4221,0.6636,0.4486,-0.4890,27
2026-03-21T17:40:22.479859,0,0.3322,0.3322,0.1714,0.4219,0.6658,0.4453,-0.4950,28
2026-03-21T17:40:22.549925,0,0.3309,0.3309,0.1754,0.4214,0.6662,0.4456,-0.4952,28
2026-03-21T17:40:22.618974,0,0.3082,0.3082,0.1465,0.4217,0.6608,0.4419,-0.4913,26
2026-03-21T17:40:22.688779,0,0.3340,0.3340,0.1994,0.4221,0.6676,0.4416,-0.5007,29
2026-03-21T17:40:22.758403,0,0.3051,0.3051,0.1867,0.4201,0.6569,0.4341,-0.4931,27
2026-03-21T17:40:22.827457,0,0.2313,0.2155,0.2313,0.4235,0.6327,0.3971,-0.4925,25
2026-03-21T17:40:22.898200,0,0.1574,0.1574,0.1555,0.4186,0.6516,0.3874,-0.5239,18
2026-03-21T17:40:22.898200,1,0.0596,0.0596,0.0179,0.2442,0.6830,0.5384,-0.4202,5
2026-03-21T17:40:22.967788,0,0.1037,0.0968,0.1037,0.4200,0.6517,0.3688,-0.5373,12
2026-03-21T17:40:22.967788,1,0.0668,0.0668,0.0441,0.3863,0.5811,0.4001,-0.4214,6
2026-03-21T17:40:23.037298,0,0.1349,0.0934,0.1349,0.4194,0.6807,0.3698,-0.5715,13
2026-03-21T17:40:23.037298,1,0.2320,0.2320,0.0062,0.3907,0.6438,0.4735,-0.4361,15
2026-03-21T17:40:23.107297,0,0.1352,0.0671,0.1352,0.4182,0.6904,0.3649,-0.5861,11
2026-03-21T17:40:23.107297,1,0.2650,0.2650,0.0135,0.3915,0.6790,0.4876,-0.4725,16
2026-03-21T17:40:23.176863,0,0.0725,0.0643,0.0725,0.4172,0.7002,0.3656,-0.5971,8
2026-03-21T17:40:23.176863,1,0.2133,0.2133,0.0266,0.3889,0.6829,0.4637,-0.5013,14
2026-03-21T17:40:23.246413,0,0.0564,0.0557,0.0564,0.4114,0.7422,0.3655,-0.6460,6
2026-03-21T17:40:23.246413,1,0.2172,0.2172,0.0252,0.4010,0.6831,0.4595,-0.5054,13
2026-03-21T17:40:23.316690,0,0.0536,0.0536,0.0274,0.3811,0.8605,0.4040,-0.7598,5
2026-03-21T17:40:23.316690,1,0.2230,0.2230,0.0806,0.4061,0.6698,0.4330,-0.5109,17
2026-03-21T17:40:23.385432,0,0.2971,0.2971,0.0702,0.4072,0.7048,0.4667,-0.5281,21
2026-03-21T17:40:23.455058,0,0.3194,0.3194,0.0724,0.4093,0.7256,0.4763,-0.5474,22
2026-03-21T17:40:23.525043,0,0.3231,0.3231,0.0504,0.4088,0.7428,0.4825,-0.5647,21
2026-03-21T17:40:23.594348,0,0.3277,0.3277,0.0541,0.4135,0.7601,0.4834,-0.5866,21
2026-03-21T17:40:23.664536,0,0.3239,0.3239,0.0208,0.4148,0.7795,0.4900,-0.6062,20
2026-03-21T17:40:23.733978,0,0.2024,0.2024,0.0358,0.3833,0.8068,0.4704,-0.6555,14
2026-03-21T17:40:23.873597,0,0.0868,0.0868,0.0203,0.4077,0.6894,0.3910,-0.5678,6
2026-03-21T17:40:23.948839,0,0.0459,0.0459,0.0405,0.3764,0.8168,0.4083,-0.7074,5
2026-03-21T17:40:23.948839,1,0.1034,0.1034,0.0406,0.4084,0.6502,0.3919,-0.5188,9
2026-03-21T17:40:24.012268,0,0.0589,0.0589,0.0098,0.3784,0.7952,0.4097,-0.6815,5
2026-03-21T17:40:24.012268,1,0.1079,0.1079,0.0444,0.4052,0.6254,0.3942,-0.4855,9
2026-03-21T17:40:24.082235,0,0.1209,0.1209,0.0249,0.3895,0.8334,0.4298,-0.7140,9
2026-03-21T17:40:24.082235,1,0.1950,0.1950,0.0417,0.3967,0.6720,0.4518,-0.4974,11
2026-03-21T17:40:24.151701,0,0.0974,0.0974,0.0182,0.3613,0.8885,0.4446,-0.7692,7
2026-03-21T17:40:24.151701,1,0.2225,0.2225,0.0180,0.3936,0.7007,0.4669,-0.5225,14
2026-03-21T17:40:24.221888,0,0.3062,0.3062,0.0095,0.3995,0.7456,0.4981,-0.5549,18
2026-03-21T17:40:24.291728,0,0.2418,0.2418,0.0169,0.3944,0.7463,0.4725,-0.5777,15
2026-03-21T17:40:24.361071,0,0.2151,0.2151,0.0198,0.3957,0.7352,0.4651,-0.5694,13
2026-03-21T17:40:24.431109,0,0.2110,0.2110,0.0544,0.4050,0.7079,0.4382,-0.5560,15
2026-03-21T17:40:24.500451,0,0.2288,0.2288,0.0728,0.4088,0.7059,0.4372,-0.5543,17
2026-03-21T17:40:24.570197,0,0.2771,0.2771,0.0573,0.4066,0.7241,0.4647,-0.5554,18
2026-03-21T17:40:24.640232,0,0.2923,0.2923,0.0556,0.4077,0.7303,0.4689,-0.5599,18
2026-03-21T17:40:24.709994,0,0.2617,0.2617,0.0510,0.4071,0.7206,0.4571,-0.5571,17
2026-03-21T17:40:24.779333,0,0.2609,0.2609,0.0793,0.4114,0.7113,0.4463,-0.5539,18
2026-03-21T17:40:24.849299,0,0.2302,0.2302,0.0771,0.4130,0.6991,0.4330,-0.5488,17
2026-03-21T17:40:24.918462,0,0.2012,0.2012,0.0746,0.4129,0.6908,0.4227,-0.5464,16
2026-03-21T17:40:24.988570,0,0.2258,0.2258,0.0790,0.4093,0.6979,0.4322,-0.5479,17
2026-03-21T17:40:25.058289,0,0.2280,0.2280,0.0522,0.4108,0.6982,0.4374,-0.5442,16
2026-03-21T17:40:25.128186,0,0.2296,0.2296,0.0534,0.4124,0.6978,0.4373,-0.5438,16
2026-03-21T17:40:25.197317,0,0.2026,0.2026,0.0795,0.4115,0.6918,0.4233,-0.5472,16
2026-03-21T17:40:25.267290,0,0.2237,0.2237,0.0787,0.4093,0.6969,0.4317,-0.5471,17
2026-03-21T17:40:25.337062,0,0.2537,0.2537,0.0798,0.4093,0.7057,0.4426,-0.5496,18
2026-03-21T17:40:25.406858,0,0.2283,0.2283,0.0804,0.4119,0.6976,0.4322,-0.5476,17
2026-03-21T17:40:25.475794,0,0.2007,0.2007,0.0756,0.4110,0.6910,0.4227,-0.5465,16
2026-03-21T17:40:25.546294,0,0.2036,0.2036,0.0772,0.4103,0.6920,0.4234,-0.5474,16
2026-03-21T17:40:25.615445,0,0.2287,0.2287,0.0795,0.4130,0.6972,0.4318,-0.5474,17
2026-03-21T17:40:25.685105,0,0.2278,0.2278,0.0722,0.4114,0.6968,0.4317,-0.5470,17
2026-03-21T17:40:25.755086,0,0.2564,0.2564,0.0788,0.4098,0.7052,0.4423,-0.5492,18
2026-03-21T17:40:25.824222,0,0.2535,0.2535,0.0779,0.4113,0.7035,0.4413,-0.5479,18
2026-03-21T17:40:25.894561,0,0.1828,0.1828,0.0755,0.4124,0.6851,0.4140,-0.5459,15
2026-03-21T17:40:25.963689,0,0.2039,0.2039,0.0505,0.4113,0.6903,0.4273,-0.5421,15
2026-03-21T17:40:26.033971,0,0.2041,0.2041,0.0730,0.4108,0.6919,0.4233,-0.5473,16
2026-03-21T17:40:26.103331,0,0.2530,0.2530,0.0762,0.4108,0.7039,0.4414,-0.5483,18
2026-03-21T17:40:26.173546,0,0.2541,0.2541,0.0573,0.4119,0.7038,0.4463,-0.5442,17
2026-03-21T17:40:26.242922,0,0.2278,0.2278,0.0814,0.4114,0.6979,0.4323,-0.5479,17
2026-03-21T17:40:26.312944,0,0.2004,0.2004,0.0506,0.4114,0.6895,0.4268,-0.5416,15
2026-03-21T17:40:26.382253,0,0.2248,0.2248,0.0546,0.4119,0.6976,0.4371,-0.5437,16
2026-03-21T17:40:26.452321,0,0.2284,0.2284,0.0767,0.4119,0.6973,0.4320,-0.5473,17
2026-03-21T17:40:26.521412,0,0.2287,0.2287,0.0746,0.4151,0.6961,0.4313,-0.5465,17
2026-03-21T17:40:26.591068,0,0.2280,0.2280,0.0846,0.4108,0.6966,0.4315,-0.5468,17
2026-03-21T17:40:26.661119,0,0.2019,0.2019,0.0526,0.4115,0.6905,0.4274,-0.5424,15
2026-03-21T17:40:26.730579,0,0.2260,0.2260,0.0767,0.4132,0.6969,0.4318,-0.5470,17
2026-03-21T17:40:26.800041,0,0.2268,0.2268,0.0783,0.4103,0.6968,0.4316,-0.5471,17
2026-03-21T17:40:26.870216,0,0.2533,0.2533,0.0505,0.4126,0.7047,0.4470,-0.5448,17
2026-03-21T17:40:26.939323,0,0.2287,0.2287,0.0780,0.4115,0.6978,0.4323,-0.5477,17
2026-03-21T17:40:27.008325,0,0.2571,0.2571,0.0528,0.4142,0.7029,0.4458,-0.5434,17
2026-03-21T17:40:27.079067,0,0.2054,0.2054,0.0767,0.4093,0.6918,0.4232,-0.5472,16
2026-03-21T17:40:27.147979,0,0.2025,0.2025,0.0773,0.4114,0.6900,0.4221,-0.5458,16
2026-03-21T17:40:27.218465,0,0.2048,0.2048,0.0798,0.4115,0.6904,0.4224,-0.5462,16
2026-03-21T17:40:27.288219,0,0.2313,0.2313,0.0754,0.4134,0.6951,0.4307,-0.5456,17
2026-03-21T17:40:27.356965,0,0.2018,0.2018,0.0816,0.4121,0.6906,0.4224,-0.5463,16
2026-03-21T17:40:27.427786,0,0.2057,0.2057,0.0749,0.4132,0.6881,0.4210,-0.5443,16
2026-03-21T17:40:27.497666,0,0.2004,0.2004,0.0767,0.4093,0.6923,0.4234,-0.5478,16
2026-03-21T17:40:27.566642,0,0.2031,0.2031,0.0814,0.4098,0.6903,0.4222,-0.5461,16
2026-03-21T17:40:27.636682,0,0.2298,0.2298,0.0796,0.4126,0.6967,0.4316,-0.5469,17
2026-03-21T17:40:27.705500,0,0.2042,0.2042,0.0874,0.4124,0.6918,0.4232,-0.5472,16
2026-03-21T17:40:27.775690,0,0.2055,0.2055,0.0805,0.4130,0.6909,0.4227,-0.5465,16
2026-03-21T17:40:27.845705,0,0.2070,0.2070,0.0833,0.4124,0.6901,0.4223,-0.5458,16
2026-03-21T17:40:27.915049,0,0.2076,0.2076,0.0784,0.4129,0.6902,0.4223,-0.5460,16
2026-03-21T17:40:27.984516,0,0.2298,0.2298,0.0778,0.4119,0.6983,0.4326,-0.5482,17
2026-03-21T17:40:28.054369,0,0.1784,0.1784,0.0591,0.4108,0.6844,0.4184,-0.5416,14
2026-03-21T17:40:28.124125,0,0.2030,0.2030,0.0751,0.4104,0.6907,0.4225,-0.5464,16
2026-03-21T17:40:28.194287,0,0.2523,0.2523,0.0729,0.4108,0.7034,0.4411,-0.5478,18
2026-03-21T17:40:28.263431,0,0.2048,0.2048,0.0781,0.4130,0.6909,0.4227,-0.5465,16
2026-03-21T17:40:28.332895,0,0.2060,0.2060,0.0789,0.4134,0.6899,0.4221,-0.5457,16
2026-03-21T17:40:28.431012,0,0.1997,0.1997,0.0748,0.4114,0.6909,0.4227,-0.5465,16
2026-03-21T17:40:28.474119,0,0.2269,0.2269,0.0746,0.4126,0.6956,0.4309,-0.5461,17
2026-03-21T17:40:28.542806,0,0.2284,0.2284,0.0771,0.4126,0.6964,0.4315,-0.5467,17
2026-03-21T17:40:28.612505,0,0.2541,0.2541,0.0796,0.4126,0.7039,0.4415,-0.5482,18
2026-03-21T17:40:28.681967,0,0.2020,0.2020,0.0715,0.4108,0.6927,0.4238,-0.5479,16
2026-03-21T17:40:28.751744,0,0.2561,0.2561,0.0778,0.4124,0.7037,0.4415,-0.5481,18
2026-03-21T17:40:28.821250,0,0.2295,0.2295,0.0798,0.4108,0.6965,0.4315,-0.5467,17
2026-03-21T17:40:28.890181,0,0.2041,0.2041,0.0791,0.4108,0.6908,0.4226,-0.5465,16
2026-03-21T17:40:28.960818,0,0.2287,0.2287,0.0791,0.4108,0.6982,0.4325,-0.5481,17
2026-03-21T17:40:29.030315,0,0.2014,0.2014,0.0736,0.4110,0.6904,0.4223,-0.5461,16
2026-03-21T17:40:29.100097,0,0.2307,0.2307,0.0555,0.4121,0.6963,0.4364,-0.5426,16
2026-03-21T17:40:29.169287,0,0.2034,0.2034,0.0805,0.4108,0.6901,0.4221,-0.5459,16
2026-03-21T17:40:29.238868,0,0.2535,0.2535,0.0554,0.4114,0.7034,0.4461,-0.5439,17
2026-03-21T17:40:29.308552,0,0.2298,0.2298,0.0782,0.4126,0.6977,0.4321,-0.5477,17
2026-03-21T17:40:29.377970,0,0.2287,0.2287,0.0801,0.4108,0.6956,0.4309,-0.5461,17
2026-03-21T17:40:29.448015,0,0.2271,0.2271,0.0816,0.4135,0.6966,0.4316,-0.5467,17
2026-03-21T17:40:29.518155,0,0.1792,0.1792,0.0797,0.4124,0.6856,0.4142,-0.5463,15
2026-03-21T17:40:29.587180,0,0.2030,0.2030,0.0780,0.4119,0.6903,0.4224,-0.5460,16
2026-03-21T17:40:29.656959,0,0.2293,0.2293,0.0738,0.4113,0.6976,0.4322,-0.5476,17
2026-03-21T17:40:29.727714,0,0.2044,0.2044,0.0789,0.4126,0.6899,0.4221,-0.5457,16
2026-03-21T17:40:29.796583,0,0.1761,0.1761,0.0843,0.4134,0.6851,0.4138,-0.5460,15
2026-03-21T17:40:29.866275,0,0.2251,0.2251,0.0773,0.4115,0.6961,0.4312,-0.5464,17
2026-03-21T17:40:29.936310,0,0.2308,0.2308,0.0789,0.4129,0.6955,0.4308,-0.5460,17
2026-03-21T17:40:30.005584,0,0.2239,0.2239,0.0760,0.4082,0.6974,0.4319,-0.5475,17
2026-03-21T17:40:30.075859,0,0.1991,0.1991,0.0780,0.4087,0.6917,0.4231,-0.5472,16
2026-03-21T17:40:30.145102,0,0.2513,0.2513,0.0763,0.4099,0.7039,0.4415,-0.5482,18
2026-03-21T17:40:30.215504,0,0.2338,0.2338,0.0802,0.4144,0.6968,0.4317,-0.5469,17
2026-03-21T17:40:30.285099,0,0.2044,0.2044,0.0818,0.4104,0.6901,0.4221,-0.5460,16
2026-03-21T17:40:30.354790,0,0.2271,0.2271,0.0554,0.4099,0.6973,0.4369,-0.5435,16
2026-03-21T17:40:30.424058,0,0.2300,0.2300,0.0772,0.4113,0.6976,0.4321,-0.5477,17
2026-03-21T17:40:30.494004,0,0.2014,0.2014,0.0781,0.4103,0.6911,0.4228,-0.5467,16
2026-03-21T17:40:30.562890,0,0.2246,0.2246,0.0555,0.4110,0.6964,0.4364,-0.5427,16
2026-03-21T17:40:30.633301,0,0.2300,0.2300,0.0758,0.4113,0.6966,0.4316,-0.5468,17
2026-03-21T17:40:30.702003,0,0.2376,0.2376,0.0756,0.4161,0.6977,0.4323,-0.5477,17
2026-03-21T17:40:30.772556,0,0.2530,0.2530,0.0520,0.4093,0.7052,0.4472,-0.5452,17
2026-03-21T17:40:30.842291,0,0.2528,0.2528,0.0732,0.4099,0.7057,0.4426,-0.5497,18
2026-03-21T17:40:30.911446,0,0.2293,0.2293,0.0747,0.4114,0.6984,0.4327,-0.5483,17
2026-03-21T17:40:30.981250,0,0.2039,0.2039,0.0814,0.4121,0.6915,0.4230,-0.5470,16
2026-03-21T17:40:31.050867,0,0.2021,0.2021,0.0572,0.4110,0.6898,0.4270,-0.5417,15
2026-03-21T17:40:31.121348,0,0.2579,0.2579,0.0539,0.4135,0.7043,0.4467,-0.5445,17
2026-03-21T17:40:31.191016,0,0.2287,0.2287,0.0840,0.4115,0.6981,0.4324,-0.5480,17
2026-03-21T17:40:31.260679,0,0.1998,0.1998,0.0723,0.4115,0.6898,0.4220,-0.5457,16
2026-03-21T17:40:31.330007,0,0.2546,0.2546,0.0764,0.4124,0.7026,0.4407,-0.5472,18
2026-03-21T17:40:31.400224,0,0.2027,0.2027,0.0815,0.4108,0.6914,0.4229,-0.5470,16
2026-03-21T17:40:31.469963,0,0.2256,0.2256,0.0523,0.4099,0.6971,0.4368,-0.5433,16
2026-03-21T17:40:31.539569,0,0.2275,0.2275,0.0514,0.4124,0.6963,0.4362,-0.5427,16
2026-03-21T17:40:31.608751,0,0.2048,0.2048,0.0606,0.4130,0.6890,0.4264,-0.5412,15
2026-03-21T17:40:31.678596,0,0.2268,0.2268,0.0757,0.4110,0.6959,0.4311,-0.5463,17
2026-03-21T17:40:31.747587,0,0.2052,0.2052,0.0783,0.4126,0.6891,0.4216,-0.5451,16
2026-03-21T17:40:31.818215,0,0.2283,0.2283,0.0788,0.4104,0.6981,0.4325,-0.5481,17
2026-03-21T17:40:31.887337,0,0.2797,0.2797,0.0778,0.4130,0.7099,0.4508,-0.5484,19
2026-03-21T17:40:31.957420,0,0.2570,0.2570,0.0815,0.4119,0.7041,0.4417,-0.5484,18
2026-03-21T17:40:32.026427,0,0.2046,0.2046,0.0514,0.4114,0.6917,0.4282,-0.5432,15
2026-03-21T17:40:32.096580,0,0.2544,0.2544,0.0759,0.4144,0.7023,0.4405,-0.5469,18
2026-03-21T17:40:32.166636,0,0.2020,0.2020,0.0795,0.4108,0.6896,0.4218,-0.5455,16
2026-03-21T17:40:32.235498,0,0.2530,0.2530,0.0740,0.4108,0.7041,0.4416,-0.5484,18
2026-03-21T17:40:32.305739,0,0.1816,0.1816,0.0617,0.4140,0.6826,0.4172,-0.5403,14
2026-03-21T17:40:32.374772,0,0.1991,0.1991,0.0805,0.4108,0.6890,0.4215,-0.5450,16
2026-03-21T17:40:32.445314,0,0.2542,0.2542,0.0844,0.4121,0.7030,0.4410,-0.5475,18
2026-03-21T17:40:32.514308,0,0.2062,0.2062,0.0769,0.4130,0.6900,0.4221,-0.5458,16
2026-03-21T17:40:32.584129,0,0.2361,0.2361,0.0833,0.4160,0.6983,0.4327,-0.5481,17
2026-03-21T17:40:32.654521,0,0.2039,0.2039,0.0742,0.4113,0.6920,0.4234,-0.5474,16
2026-03-21T17:40:32.723918,0,0.2016,0.2016,0.0549,0.4119,0.6905,0.4274,-0.5423,15
2026-03-21T17:40:32.792843,0,0.2273,0.2273,0.0750,0.4108,0.6970,0.4317,-0.5472,17
2026-03-21T17:40:32.863411,0,0.2277,0.2277,0.0822,0.4134,0.6962,0.4313,-0.5465,17
2026-03-21T17:40:32.933318,0,0.2023,0.2023,0.0772,0.4119,0.6911,0.4228,-0.5467,16
2026-03-21T17:40:33.002407,0,0.2021,0.2021,0.0808,0.4103,0.6893,0.4216,-0.5453,16
2026-03-21T17:40:33.072238,0,0.2036,0.2036,0.0748,0.4103,0.6909,0.4226,-0.5465,16
2026-03-21T17:40:33.141620,0,0.2576,0.2576,0.0771,0.4139,0.7042,0.4417,-0.5485,18
2026-03-21T17:40:33.211541,0,0.2241,0.2241,0.0805,0.4098,0.6973,0.4319,-0.5474,17
2026-03-21T17:40:33.281079,0,0.2046,0.2046,0.0765,0.4114,0.6919,0.4233,-0.5473,16
2026-03-21T17:40:33.350738,0,0.1805,0.1805,0.0742,0.4130,0.6851,0.4139,-0.5459,15
2026-03-21T17:40:33.420230,0,0.2550,0.2550,0.0748,0.4121,0.7045,0.4418,-0.5488,18
2026-03-21T17:40:33.490424,0,0.2036,0.2036,0.0790,0.4103,0.6918,0.4233,-0.5471,16
2026-03-21T17:40:33.559293,0,0.2066,0.2066,0.0809,0.4126,0.6903,0.4223,-0.5460,16
2026-03-21T17:40:33.629644,0,0.2302,0.2302,0.0716,0.4130,0.6961,0.4313,-0.5463,17
2026-03-21T17:40:33.699157,0,0.2311,0.2311,0.0530,0.4132,0.6986,0.4377,-0.5445,16
2026-03-21T17:40:33.769654,0,0.2548,0.2548,0.0736,0.4119,0.7035,0.4412,-0.5479,18
2026-03-21T17:40:33.838520,0,0.1771,0.1771,0.0553,0.4110,0.6836,0.4179,-0.5410,14
2026-03-21T17:40:33.908502,0,0.2516,0.2516,0.0518,0.4108,0.7037,0.4462,-0.5442,17
2026-03-21T17:40:33.977589,0,0.2025,0.2025,0.0592,0.4135,0.6887,0.4262,-0.5410,15
2026-03-21T17:40:34.047829,0,0.2524,0.2524,0.0762,0.4095,0.7050,0.4421,-0.5492,18
2026-03-21T17:40:34.116890,0,0.2020,0.2020,0.0514,0.4108,0.6901,0.4271,-0.5420,15
2026-03-21T17:40:34.187496,0,0.2301,0.2301,0.0801,0.4093,0.6983,0.4326,-0.5482,17
2026-03-21T17:40:34.256887,0,0.2033,0.2033,0.0811,0.4093,0.6907,0.4225,-0.5464,16
2026-03-21T17:40:34.326207,0,0.2249,0.2249,0.0505,0.4099,0.6986,0.4377,-0.5445,16
2026-03-21T17:40:34.396782,0,0.1998,0.1998,0.0775,0.4108,0.6905,0.4224,-0.5462,16
2026-03-21T17:40:34.465041,0,0.2267,0.2267,0.0801,0.4124,0.6968,0.4316,-0.5471,17
2026-03-21T17:40:34.535465,0,0.2259,0.2259,0.0556,0.4108,0.6953,0.4355,-0.5419,16
2026-03-21T17:40:34.605287,0,0.2252,0.2252,0.0554,0.4108,0.6971,0.4368,-0.5433,16
2026-03-21T17:40:34.674513,0,0.2285,0.2285,0.0794,0.4135,0.6970,0.4318,-0.5472,17
2026-03-21T17:40:34.744234,0,0.2065,0.2065,0.0839,0.4104,0.6904,0.4224,-0.5461,16
2026-03-21T17:40:34.814900,0,0.2305,0.2305,0.0522,0.4126,0.6963,0.4363,-0.5427,16
2026-03-21T17:40:34.884542,0,0.2077,0.2077,0.0755,0.4137,0.6904,0.4225,-0.5460,16
2026-03-21T17:40:34.954530,0,0.2018,0.2018,0.0771,0.4114,0.6914,0.4230,-0.5469,16
2026-03-21T17:40:35.023387,0,0.2052,0.2052,0.0815,0.4119,0.6912,0.4228,-0.5468,16
2026-03-21T17:40:35.093199,0,0.2303,0.2303,0.0813,0.4110,0.6989,0.4329,-0.5487,17
2026-03-21T17:40:35.163455,0,0.2241,0.2241,0.0749,0.4105,0.6971,0.4318,-0.5472,17
2026-03-21T17:40:35.232405,0,0.2300,0.2300,0.0872,0.4114,0.6962,0.4313,-0.5465,17
2026-03-21T17:40:35.302585,0,0.1988,0.1988,0.0554,0.4098,0.6905,0.4274,-0.5424,15
2026-03-21T17:40:35.371715,0,0.2046,0.2046,0.0765,0.4114,0.6923,0.4237,-0.5475,16
2026-03-21T17:40:35.441404,0,0.2360,0.2360,0.0675,0.4145,0.6988,0.4331,-0.5484,17
2026-03-21T17:40:35.511753,0,0.2300,0.2300,0.0742,0.4114,0.6980,0.4325,-0.5479,17
2026-03-21T17:40:35.580411,0,0.2066,0.2066,0.0750,0.4119,0.6954,0.4255,-0.5501,16
2026-03-21T17:40:35.649774,0,0.2387,0.2387,0.0695,0.4093,0.7110,0.4407,-0.5580,17
2026-03-21T17:40:35.720804,0,0.2139,0.2139,0.0711,0.4129,0.6962,0.4262,-0.5506,16
2026-03-21T17:40:35.790008,0,0.2299,0.2299,0.0868,0.4098,0.7018,0.4348,-0.5509,17
2026-03-21T17:40:35.859906,0,0.2241,0.2241,0.0553,0.4098,0.6978,0.4370,-0.5439,16
2026-03-21T17:40:35.929206,0,0.2278,0.2278,0.0807,0.4113,0.7008,0.4341,-0.5502,17
2026-03-21T17:40:35.999378,0,0.2110,0.2110,0.0783,0.4113,0.7007,0.4288,-0.5541,16
2026-03-21T17:40:36.068913,0,0.2065,0.2065,0.0760,0.4062,0.6997,0.4281,-0.5535,16
2026-03-21T17:40:36.138862,0,0.2049,0.2049,0.0735,0.4124,0.6977,0.4268,-0.5520,16
2026-03-21T17:40:36.208359,0,0.2557,0.2557,0.0665,0.4114,0.7081,0.4441,-0.5515,18
2026-03-21T17:40:36.277865,0,0.2314,0.2314,0.0690,0.4114,0.7030,0.4355,-0.5518,17
2026-03-21T17:40:36.347643,0,0.1976,0.1976,0.0710,0.4100,0.6922,0.4233,-0.5477,16
2026-03-21T17:40:36.417090,0,0.2174,0.2174,0.0730,0.4103,0.6950,0.4302,-0.5458,17
2026-03-21T17:40:36.486457,0,0.2401,0.2401,0.0619,0.4155,0.6982,0.4375,-0.5442,18
2026-03-21T17:40:36.556077,0,0.2331,0.2331,0.0980,0.4165,0.6933,0.4293,-0.5443,19
2026-03-21T17:40:36.626570,0,0.2286,0.2286,0.0848,0.4150,0.6820,0.4271,-0.5317,18
2026-03-21T17:40:36.695675,0,0.2132,0.2132,0.1068,0.4135,0.6669,0.4173,-0.5202,18
2026-03-21T17:40:36.765878,0,0.2164,0.2164,0.1261,0.4113,0.6584,0.4162,-0.5102,19
2026-03-21T17:40:36.835597,0,0.1804,0.1804,0.1143,0.4143,0.6371,0.4020,-0.4942,17
2026-03-21T17:40:36.905437,0,0.1633,0.1633,0.1092,0.4140,0.6219,0.3965,-0.4791,16
2026-03-21T17:40:36.974800,0,0.1713,0.1713,0.0952,0.4116,0.6129,0.3993,-0.4650,16
2026-03-21T17:40:37.044783,0,0.1119,0.1119,0.0938,0.4134,0.5918,0.3806,-0.4531,13
2026-03-21T17:40:37.113735,0,0.0682,0.0557,0.0682,0.3919,0.7755,0.3934,-0.6683,6
2026-03-21T17:40:37.113735,1,0.1524,0.1524,0.0782,0.4172,0.5906,0.3925,-0.4413,14
2026-03-21T17:40:37.184209,0,0.0509,0.0509,0.0485,0.3867,0.7770,0.3943,-0.6695,6
2026-03-21T17:40:37.184209,1,0.1341,0.1341,0.0933,0.4160,0.5801,0.3849,-0.4339,14
2026-03-21T17:40:37.253883,0,0.0576,0.0576,0.0497,0.3891,0.7665,0.4005,-0.6536,6
2026-03-21T17:40:37.253883,1,0.1378,0.1378,0.0869,0.4138,0.5743,0.3890,-0.4225,14
2026-03-21T17:40:37.322560,0,0.0531,0.0531,0.0407,0.3876,0.7635,0.3989,-0.6510,6
2026-03-21T17:40:37.322560,1,0.1248,0.1248,0.0992,0.4151,0.5650,0.3822,-0.4161,14
2026-03-21T17:40:37.392767,0,0.0566,0.0566,0.0083,0.3895,0.7498,0.3975,-0.6357,5
2026-03-21T17:40:37.392767,1,0.1588,0.1588,0.0757,0.4205,0.5609,0.3910,-0.4021,15
2026-03-21T17:40:37.462462,0,0.0580,0.0580,0.0310,0.3845,0.7463,0.4011,-0.6294,6
2026-03-21T17:40:37.462462,1,0.1659,0.1659,0.0972,0.4198,0.5570,0.3918,-0.3959,16
2026-03-21T17:40:37.532493,0,0.0580,0.0580,0.0276,0.3856,0.7295,0.4028,-0.6082,6
2026-03-21T17:40:37.532493,1,0.1686,0.1686,0.0825,0.4204,0.5486,0.3929,-0.3829,16
2026-03-21T17:40:37.601428,0,0.0626,0.0626,0.0500,0.3865,0.7211,0.4034,-0.5978,7
2026-03-21T17:40:37.601428,1,0.1498,0.1498,0.0855,0.4224,0.5320,0.3837,-0.3684,15
2026-03-21T17:40:37.671483,0,0.0841,0.0841,0.0130,0.3912,0.7123,0.4089,-0.5832,7
2026-03-21T17:40:37.671483,1,0.1296,0.1296,0.0874,0.4214,0.5176,0.3761,-0.3556,14
2026-03-21T17:40:37.740970,0,0.0868,0.0846,0.0868,0.3892,0.7034,0.4135,-0.5690,9
2026-03-21T17:40:37.740970,1,0.1059,0.0976,0.1059,0.4182,0.5052,0.3695,-0.3444,13
2026-03-21T17:40:37.811101,0,0.0927,0.0927,0.0485,0.3908,0.6915,0.4165,-0.5520,9
2026-03-21T17:40:37.811101,1,0.1253,0.1253,0.0683,0.4231,0.4943,0.3738,-0.3234,13
2026-03-21T17:40:37.880389,0,0.0910,0.0910,0.0191,0.3888,0.6857,0.4179,-0.5437,8
2026-03-21T17:40:37.880389,1,0.1161,0.1161,0.0944,0.4224,0.4849,0.3691,-0.3144,14
2026-03-21T17:40:37.950828,0,0.0835,0.0835,0.0263,0.3905,0.6725,0.4098,-0.5332,8
2026-03-21T17:40:37.950828,1,0.1375,0.1375,0.1051,0.4233,0.4787,0.3700,-0.3037,16
2026-03-21T17:40:38.019960,0,0.0628,0.0628,0.0313,0.3862,0.6562,0.4042,-0.5169,7
2026-03-21T17:40:38.019960,1,0.1318,0.1318,0.1006,0.4262,0.4711,0.3667,-0.2957,17
2026-03-21T17:40:38.089825,0,0.0580,0.0578,0.0580,0.3919,0.6408,0.3945,-0.5049,7
2026-03-21T17:40:38.089825,1,0.1446,0.1358,0.1446,0.4272,0.4680,0.3638,-0.2944,19
2026-03-21T17:40:38.159721,0,0.0819,0.0554,0.0819,0.3893,0.6300,0.3877,-0.4967,7
2026-03-21T17:40:38.159721,1,0.1343,0.1343,0.1213,0.4262,0.4590,0.3620,-0.2822,19
2026-03-21T17:40:38.228908,0,0.0699,0.0338,0.0699,0.3907,0.6148,0.3865,-0.4781,7
2026-03-21T17:40:38.228908,1,0.1350,0.1060,0.1350,0.4312,0.4502,0.3543,-0.2777,19
2026-03-21T17:40:38.298803,0,0.1059,0.0361,0.1059,0.3936,0.6044,0.3837,-0.4669,8
2026-03-21T17:40:38.298803,1,0.1400,0.1121,0.1400,0.4305,0.4422,0.3528,-0.2666,19
2026-03-21T17:40:38.368572,0,0.0744,0.0491,0.0744,0.3907,0.6082,0.3930,-0.4642,7
2026-03-21T17:40:38.368572,1,0.1790,0.1336,0.1790,0.4288,0.4435,0.3580,-0.2618,21
2026-03-21T17:40:38.437993,0,0.0734,0.0734,0.0492,0.3927,0.6078,0.4011,-0.4566,7
2026-03-21T17:40:38.437993,1,0.1432,0.1268,0.1432,0.4300,0.4324,0.3563,-0.2450,20
2026-03-21T17:40:38.506823,0,0.0978,0.0857,0.0978,0.3915,0.5953,0.4021,-0.4389,10
2026-03-21T17:40:38.506823,1,0.1256,0.1147,0.1256,0.4315,0.4220,0.3539,-0.2298,19
2026-03-21T17:40:38.577951,0,0.0974,0.0974,0.0537,0.3971,0.5924,0.4083,-0.4292,10
2026-03-21T17:40:38.577951,1,0.1162,0.1144,0.1162,0.4325,0.4122,0.3516,-0.2151,18
2026-03-21T17:40:38.646336,0,0.0980,0.0980,0.0624,0.3936,0.5869,0.4155,-0.4145,11
2026-03-21T17:40:38.646336,1,0.1034,0.0909,0.1034,0.4298,0.4019,0.3480,-0.2010,17
2026-03-21T17:40:38.717122,0,0.1159,0.1159,0.0691,0.3923,0.5804,0.4218,-0.3986,12
2026-03-21T17:40:38.717122,1,0.1306,0.0801,0.1306,0.4311,0.3938,0.3439,-0.1918,17
2026-03-21T17:40:38.786671,0,0.1321,0.1321,0.0700,0.3975,0.5711,0.4254,-0.3811,13
2026-03-21T17:40:38.786671,1,0.1032,0.0814,0.1032,0.4329,0.3823,0.3419,-0.1710,16
2026-03-21T17:40:38.856391,0,0.1309,0.1309,0.0688,0.3964,0.5655,0.4312,-0.3660,14
2026-03-21T17:40:38.856391,1,0.1098,0.0975,0.1098,0.4376,0.3748,0.3409,-0.1558,16
2026-03-21T17:40:38.925384,0,0.1576,0.1576,0.0808,0.3977,0.5660,0.4446,-0.3503,16
2026-03-21T17:40:38.925384,1,0.0958,0.0583,0.0958,0.4347,0.3648,0.3368,-0.1402,14
2026-03-21T17:40:38.995570,0,0.1758,0.1758,0.1088,0.3979,0.5615,0.4533,-0.3314,18
2026-03-21T17:40:38.995570,1,0.0901,0.0498,0.0901,0.4367,0.3576,0.3346,-0.1262,12
2026-03-21T17:40:39.065766,0,0.2164,0.2164,0.1231,0.4043,0.5688,0.4713,-0.3185,20
2026-03-21T17:40:39.065766,1,0.0795,0.0550,0.0795,0.4402,0.3546,0.3370,-0.1105,11
2026-03-21T17:40:39.135080,0,0.2612,0.2612,0.0919,0.4008,0.5783,0.4888,-0.3091,21
2026-03-21T17:40:39.135080,1,0.0740,0.0681,0.0740,0.4362,0.3547,0.3416,-0.0957,10
2026-03-21T17:40:39.204804,0,0.3003,0.3003,0.0897,0.4058,0.5797,0.4986,-0.2958,22
2026-03-21T17:40:39.204804,1,0.0682,0.0592,0.0682,0.4311,0.3523,0.3425,-0.0829,10
2026-03-21T17:40:39.274553,0,0.3030,0.3030,0.0807,0.4005,0.5745,0.4993,-0.2843,22
2026-03-21T17:40:39.274553,1,0.0842,0.0823,0.0842,0.4390,0.3504,0.3411,-0.0801,11
2026-03-21T17:40:39.344250,0,0.1587,0.1587,0.0446,0.4038,0.5071,0.4216,-0.2817,13
2026-03-21T17:40:39.344250,1,0.0556,0.0475,0.0556,0.2146,0.6282,0.5739,-0.2554,7
2026-03-21T17:40:39.344250,2,0.0930,0.0761,0.0930,0.4404,0.3432,0.3354,-0.0726,13
2026-03-21T17:40:39.413812,0,0.2190,0.2190,0.0771,0.4036,0.5368,0.4672,-0.2643,18
2026-03-21T17:40:39.413812,1,0.0932,0.0608,0.0932,0.4391,0.3384,0.3325,-0.0626,14
2026-03-21T17:40:39.483996,0,0.1754,0.1754,0.0393,0.4060,0.4968,0.4212,-0.2636,12
2026-03-21T17:40:39.483996,1,0.0364,0.0255,0.0364,0.1972,0.6196,0.5745,-0.2321,5
2026-03-21T17:40:39.483996,2,0.0999,0.0693,0.0999,0.4400,0.3403,0.3359,-0.0545,15
2026-03-21T17:40:39.552835,0,0.1372,0.1372,0.0672,0.4055,0.4887,0.4204,-0.2493,13
2026-03-21T17:40:39.552835,1,0.0671,0.0671,0.0241,0.1984,0.6422,0.5997,-0.2297,5
2026-03-21T17:40:39.552835,2,0.0954,0.0647,0.0954,0.4388,0.3397,0.3377,-0.0362,15
2026-03-21T17:40:39.622852,0,0.1695,0.1695,0.0632,0.4141,0.4916,0.4297,-0.2388,14
2026-03-21T17:40:39.622852,1,0.0908,0.0857,0.0908,0.4331,0.3460,0.3453,-0.0224,14
2026-03-21T17:40:39.692471,0,0.1816,0.1816,0.0438,0.4050,0.4893,0.4360,-0.2221,14
2026-03-21T17:40:39.692471,1,0.1058,0.1058,0.0678,0.4315,0.3581,0.3581,-0.0015,11
2026-03-21T17:40:39.761871,0,0.2041,0.2041,0.0627,0.4096,0.4826,0.4354,-0.2080,15
2026-03-21T17:40:39.761871,1,0.1382,0.1382,0.0656,0.4338,0.3822,0.3821,0.0110,11
2026-03-21T17:40:39.832011,0,0.2662,0.2662,0.0734,0.4110,0.4984,0.4576,-0.1974,17
2026-03-21T17:40:39.832011,1,0.1345,0.1345,0.0643,0.4205,0.3842,0.3834,0.0248,11
2026-03-21T17:40:39.902360,0,0.1950,0.1950,0.0461,0.4179,0.4619,0.4199,-0.1924,13
2026-03-21T17:40:39.902360,1,0.1132,0.1132,0.0535,0.4283,0.3779,0.3763,0.0345,10
2026-03-21T17:40:39.971809,0,0.1462,0.1462,0.0246,0.4109,0.4470,0.4061,-0.1869,11
2026-03-21T17:40:39.971809,1,0.1342,0.1342,0.0653,0.4263,0.3848,0.3829,0.0384,11
2026-03-21T17:40:40.041368,0,0.1797,0.1797,0.0247,0.4111,0.4590,0.4189,-0.1876,12
2026-03-21T17:40:40.041368,1,0.1134,0.1134,0.0559,0.4255,0.3776,0.3760,0.0347,10
2026-03-21T17:40:40.110007,0,0.1626,0.1626,0.0291,0.4057,0.4582,0.4147,-0.1949,12
2026-03-21T17:40:40.110007,1,0.1195,0.1195,0.0577,0.4295,0.3782,0.3772,0.0281,10
2026-03-21T17:40:40.180307,0,0.2586,0.2586,0.0372,0.4091,0.4963,0.4575,-0.1924,16
2026-03-21T17:40:40.180307,1,0.1262,0.1262,0.0578,0.4293,0.3793,0.3787,0.0213,10
2026-03-21T17:40:40.250187,0,0.2465,0.2465,0.0665,0.4076,0.4922,0.4519,-0.1950,17
2026-03-21T17:40:40.250187,1,0.1058,0.1058,0.0612,0.4308,0.3748,0.3737,0.0283,10
2026-03-21T17:40:40.318836,0,0.2429,0.2429,0.0687,0.4136,0.4901,0.4500,-0.1943,17
2026-03-21T17:40:40.318836,1,0.0848,0.0848,0.0511,0.4268,0.3688,0.3675,0.0312,9
2026-03-21T17:40:40.389678,0,0.1467,0.1467,0.0456,0.4118,0.4529,0.4062,-0.2002,12
2026-03-21T17:40:40.389678,1,0.0725,0.0725,0.0194,0.2384,0.5892,0.5605,-0.1816,5
2026-03-21T17:40:40.389678,2,0.1185,0.1185,0.0591,0.4255,0.3790,0.3780,0.0282,10
2026-03-21T17:40:40.459013,0,0.2481,0.2481,0.0384,0.4101,0.4946,0.4558,-0.1920,16
2026-03-21T17:40:40.459013,1,0.0989,0.0989,0.0580,0.4189,0.3774,0.3764,0.0282,10
2026-03-21T17:40:40.528519,0,0.1610,0.1610,0.0296,0.4126,0.4546,0.4114,-0.1934,12
2026-03-21T17:40:40.528519,1,0.1088,0.1088,0.0583,0.4308,0.3741,0.3731,0.0280,10
2026-03-21T17:40:40.598770,0,0.1673,0.1673,0.0276,0.4161,0.4542,0.4111,-0.1931,12
2026-03-21T17:40:40.598770,1,0.0491,0.0491,0.0055,0.2267,0.5869,0.5583,-0.1811,3
2026-03-21T17:40:40.598770,2,0.1188,0.1188,0.0598,0.4288,0.3770,0.3760,0.0282,10
2026-03-21T17:40:40.668075,0,0.1181,0.1181,0.0235,0.4126,0.4409,0.3953,-0.1953,10
2026-03-21T17:40:40.668075,1,0.0924,0.0924,0.0492,0.4255,0.3712,0.3699,0.0312,9
2026-03-21T17:40:40.737720,0,0.1607,0.1607,0.0272,0.4057,0.4592,0.4156,-0.1953,12
2026-03-21T17:40:40.737720,1,0.1129,0.1129,0.0588,0.4219,0.3791,0.3781,0.0282,10
2026-03-21T17:40:40.808046,0,0.1639,0.1639,0.0261,0.4117,0.4559,0.4126,-0.1939,12
2026-03-21T17:40:40.808046,1,0.1125,0.1125,0.0588,0.4255,0.3783,0.3773,0.0282,10
2026-03-21T17:40:40.876932,0,0.2322,0.2322,0.0322,0.4126,0.4784,0.4391,-0.1901,15
2026-03-21T17:40:40.876932,1,0.1168,0.1168,0.0582,0.4288,0.3756,0.3746,0.0280,10
2026-03-21T17:40:40.947531,0,0.1657,0.1657,0.0258,0.4126,0.4544,0.4113,-0.1932,12
2026-03-21T17:40:40.947531,1,0.1195,0.1195,0.0577,0.4255,0.3782,0.3772,0.0281,10
2026-03-21T17:40:41.017047,0,0.2593,0.2593,0.0413,0.4204,0.4911,0.4527,-0.1904,16
2026-03-21T17:40:41.017047,1,0.1178,0.1178,0.0577,0.4268,0.3791,0.3781,0.0281,10
2026-03-21T17:40:41.086837,0,0.2335,0.2335,0.0344,0.4091,0.4871,0.4470,-0.1935,15
2026-03-21T17:40:41.086837,1,0.1125,0.1125,0.0571,0.4245,0.3775,0.3765,0.0280,10
2026-03-21T17:40:41.155282,0,0.2125,0.2125,0.0671,0.4091,0.4840,0.4427,-0.1957,16
2026-03-21T17:40:41.155282,1,0.1533,0.1533,0.0643,0.4384,0.3826,0.3818,0.0244,11
2026-03-21T17:40:41.226111,0,0.1976,0.1976,0.0471,0.4110,0.4776,0.4346,-0.1981,15
2026-03-21T17:40:41.226111,1,0.1088,0.1088,0.0623,0.4278,0.3753,0.3742,0.0283,10
2026-03-21T17:40:41.295362,0,0.2007,0.2007,0.0610,0.4084,0.4861,0.4441,-0.1975,16
2026-03-21T17:40:41.295362,1,0.0893,0.0893,0.0494,0.4283,0.3688,0.3680,0.0245,9
2026-03-21T17:40:41.365032,0,0.1394,0.1394,0.0576,0.4181,0.4527,0.4024,-0.2075,12
2026-03-21T17:40:41.365032,1,0.0737,0.0737,0.0222,0.2455,0.5762,0.5450,-0.1872,5
2026-03-21T17:40:41.365032,2,0.0793,0.0793,0.0431,0.4203,0.3679,0.3673,0.0215,8
2026-03-21T17:40:41.434382,0,0.2490,0.2490,0.0549,0.4189,0.4868,0.4434,-0.2010,17
2026-03-21T17:40:41.434382,1,0.0838,0.0838,0.0451,0.4258,0.3648,0.3642,0.0215,8
2026-03-21T17:40:41.504436,0,0.2075,0.2075,0.0762,0.4130,0.4757,0.4310,-0.2013,16
2026-03-21T17:40:41.504436,1,0.0818,0.0818,0.0466,0.4278,0.3623,0.3617,0.0215,8
2026-03-21T17:40:41.574167,0,0.2135,0.2135,0.0482,0.4076,0.4863,0.4408,-0.2053,16
2026-03-21T17:40:41.574167,1,0.0997,0.0997,0.0444,0.4248,0.3703,0.3700,0.0149,8
2026-03-21T17:40:41.642710,0,0.2869,0.2869,0.0428,0.4143,0.5039,0.4613,-0.2026,18
2026-03-21T17:40:41.642710,1,0.0798,0.0798,0.0385,0.4308,0.3602,0.3597,0.0183,7
2026-03-21T17:40:41.713875,0,0.2685,0.2685,0.0548,0.4113,0.4973,0.4552,-0.2004,18
2026-03-21T17:40:41.713875,1,0.0932,0.0932,0.0574,0.4243,0.3748,0.3743,0.0189,9
2026-03-21T17:40:41.783006,0,0.2755,0.2755,0.0493,0.4164,0.4959,0.4539,-0.1997,18
2026-03-21T17:40:41.783006,1,0.0898,0.0898,0.0509,0.4228,0.3742,0.3738,0.0158,8
2026-03-21T17:40:41.852818,0,0.2261,0.2261,0.0456,0.4164,0.4819,0.4369,-0.2032,16
2026-03-21T17:40:41.852818,1,0.0938,0.0938,0.0471,0.4218,0.3706,0.3702,0.0153,8
2026-03-21T17:40:41.922989,0,0.2591,0.2591,0.0454,0.4147,0.4922,0.4486,-0.2026,17
2026-03-21T17:40:41.922989,1,0.0964,0.0964,0.0401,0.4305,0.3693,0.3691,0.0121,7
2026-03-21T17:40:41.991956,0,0.2363,0.2363,0.0423,0.4189,0.4838,0.4388,-0.2038,16
2026-03-21T17:40:41.991956,1,0.0947,0.0947,0.0460,0.4308,0.3659,0.3656,0.0151,8
2026-03-21T17:40:42.061660,0,0.2157,0.2157,0.0344,0.4206,0.4759,0.4296,-0.2048,15
2026-03-21T17:40:42.061660,1,0.0758,0.0758,0.0387,0.4218,0.3668,0.3666,0.0120,7
2026-03-21T17:40:42.131920,0,0.2595,0.2595,0.0503,0.4189,0.4893,0.4459,-0.2015,17
2026-03-21T17:40:42.131920,1,0.0638,0.0638,0.0314,0.4268,0.3558,0.3555,0.0151,6
2026-03-21T17:40:42.201154,0,0.2682,0.2682,0.0401,0.4130,0.4968,0.4564,-0.1963,17
2026-03-21T17:40:42.201154,1,0.0803,0.0803,0.0466,0.4273,0.3657,0.3650,0.0217,8
2026-03-21T17:40:42.270757,0,0.2049,0.2049,0.0421,0.4136,0.4771,0.4342,-0.1977,15
2026-03-21T17:40:42.270757,1,0.0969,0.0969,0.0596,0.4229,0.3750,0.3739,0.0282,10
2026-03-21T17:40:42.340774,0,0.2216,0.2216,0.0839,0.4118,0.4865,0.4467,-0.1926,17
2026-03-21T17:40:42.340774,1,0.1032,0.1032,0.0638,0.4263,0.3794,0.3777,0.0353,10
2026-03-21T17:40:42.410059,0,0.2441,0.2441,0.0437,0.4093,0.4879,0.4462,-0.1973,16
2026-03-21T17:40:42.410059,1,0.1010,0.1010,0.0517,0.4273,0.3767,0.3748,0.0383,9
2026-03-21T17:40:42.480267,0,0.1919,0.1919,0.0232,0.4110,0.4665,0.4243,-0.1940,13
2026-03-21T17:40:42.480267,1,0.1169,0.1169,0.0553,0.4202,0.3852,0.3829,0.0420,10
2026-03-21T17:40:42.549684,0,0.2010,0.2010,0.0812,0.4152,0.4763,0.4419,-0.1777,18
2026-03-21T17:40:42.549684,1,0.2154,0.2154,0.0924,0.4255,0.4223,0.4204,0.0392,15
2026-03-21T17:40:42.619531,0,0.3154,0.0326,0.3154,0.4430,0.3336,0.3298,-0.0500,49
2026-03-21T17:40:42.689244,0,0.3141,0.0472,0.3141,0.4488,0.3234,0.3218,-0.0330,50
2026-03-21T17:40:42.758534,0,0.2967,0.0206,0.2967,0.4487,0.3207,0.3193,-0.0300,49
2026-03-21T17:40:42.828379,0,0.2932,0.0192,0.2932,0.4480,0.3205,0.3196,-0.0241,49
2026-03-21T17:40:42.897946,0,0.3081,0.0325,0.3081,0.4485,0.3201,0.3197,-0.0146,50
2026-03-21T17:40:42.967337,0,0.3097,0.0546,0.3097,0.4538,0.3187,0.3187,0.0039,50
2026-03-21T17:40:43.036859,0,0.3105,0.0512,0.3105,0.4538,0.3193,0.3189,0.0158,50
2026-03-21T17:40:43.107037,0,0.2893,0.0202,0.2893,0.4530,0.3194,0.3185,0.0243,49
2026-03-21T17:40:43.177509,0,0.3266,0.0566,0.3266,0.4502,0.3216,0.3198,0.0336,50
2026-03-21T17:40:43.246988,0,0.3165,0.0367,0.3165,0.4511,0.3212,0.3195,0.0330,50
2026-03-21T17:40:43.316339,0,0.2924,0.0188,0.2924,0.4490,0.3210,0.3190,0.0363,49
2026-03-21T17:40:43.386024,0,0.1655,0.0524,0.1655,0.4431,0.3352,0.3346,-0.0194,28
2026-03-21T17:40:43.386024,1,0.2066,0.2066,0.0919,0.4305,0.4512,0.4257,0.1496,19
2026-03-21T17:40:43.455891,0,0.1153,0.1153,0.0527,0.4258,0.3960,0.3876,-0.0814,9
2026-03-21T17:40:43.455891,1,0.2224,0.2224,0.0814,0.4231,0.4567,0.4296,0.1550,18
2026-03-21T17:40:43.525669,0,0.2165,0.2165,0.0978,0.4230,0.4611,0.4339,0.1561,20
2026-03-21T17:40:43.595201,0,0.1715,0.1715,0.0609,0.2977,0.5638,0.5490,0.1282,10
2026-03-21T17:40:43.595201,1,0.1036,0.1036,0.0805,0.4371,0.3798,0.3444,0.1601,13
2026-03-21T17:40:43.664927,0,0.0786,0.0786,0.0077,0.4138,0.3945,0.3812,-0.1014,5
2026-03-21T17:40:43.664927,1,0.1560,0.0640,0.1560,0.4385,0.3428,0.3310,0.0892,25
2026-03-21T17:40:43.733909,0,0.0893,0.0893,0.0116,0.4166,0.3940,0.3799,-0.1045,6
2026-03-21T17:40:43.733909,1,0.1576,0.0178,0.1576,0.4462,0.3272,0.3221,0.0576,27
2026-03-21T17:40:43.804115,0,0.1469,0.1469,0.0306,0.4139,0.4262,0.4113,-0.1115,10
2026-03-21T17:40:43.804115,1,0.2062,0.0428,0.2062,0.4458,0.3244,0.3226,0.0347,33
2026-03-21T17:40:43.872878,0,0.2897,0.0722,0.2897,0.4468,0.3253,0.3252,-0.0084,47
2026-03-21T17:40:43.943594,0,0.3228,0.0522,0.3228,0.4530,0.3187,0.3185,-0.0122,51
2026-03-21T17:40:44.013278,0,0.2859,0.0198,0.2859,0.4540,0.3165,0.3165,0.0000,49
2026-03-21T17:40:44.083287,0,0.3062,0.0371,0.3062,0.4528,0.3163,0.3162,0.0089,50
2026-03-21T17:40:44.152978,0,0.2939,0.0250,0.2939,0.4568,0.3130,0.3126,0.0146,50
2026-03-21T17:40:44.222343,0,0.3052,0.0422,0.3052,0.4558,0.3102,0.3094,0.0229,51
2026-03-21T17:40:44.291973,0,0.3192,0.0361,0.3192,0.4557,0.3134,0.3114,0.0351,51
2026-03-21T17:40:44.361352,0,0.1573,0.0629,0.1573,0.4439,0.3366,0.3365,-0.0078,28
2026-03-21T17:40:44.361352,1,0.1952,0.1952,0.0909,0.4273,0.4541,0.4227,0.1657,19
2026-03-21T17:40:44.430855,0,0.1966,0.1966,0.0596,0.4240,0.4486,0.4143,0.1718,15
2026-03-21T17:40:44.500760,0,0.2348,0.2348,0.0651,0.4238,0.4531,0.4262,0.1539,16
2026-03-21T17:40:44.570786,0,0.1585,0.1585,0.0593,0.4313,0.4074,0.3860,0.1303,13
2026-03-21T17:40:44.639858,0,0.0736,0.0736,0.0211,0.4404,0.3628,0.3462,0.1086,6
2026-03-21T17:40:45.545463,0,0.1608,0.1608,0.0554,0.4271,0.4109,0.3937,0.1176,13
2026-03-21T17:40:45.614960,0,0.1819,0.1819,0.1010,0.4262,0.4231,0.4216,-0.0358,16
2026-03-21T17:40:45.614960,1,0.0694,0.0694,0.0305,0.4303,0.3616,0.3562,0.0622,7
2026-03-21T17:40:45.614960,2,0.1943,0.1943,0.1098,0.4240,0.4590,0.4227,0.1788,20
2026-03-21T17:40:45.685919,0,0.3239,0.0544,0.3239,0.4540,0.3229,0.3183,0.0542,49
2026-03-21T17:40:45.755265,0,0.3005,0.0310,0.3005,0.4499,0.3223,0.3182,0.0511,48
2026-03-21T17:40:45.824060,0,0.3135,0.0379,0.3135,0.4509,0.3216,0.3180,0.0478,49
2026-03-21T17:40:45.894362,0,0.3060,0.0294,0.3060,0.4518,0.3222,0.3186,0.0481,49
2026-03-21T17:40:45.963665,0,0.3150,0.0457,0.3150,0.4510,0.3206,0.3169,0.0481,49
2026-03-21T17:40:46.034019,0,0.3123,0.0469,0.3123,0.4540,0.3215,0.3179,0.0480,49
2026-03-21T17:40:46.103564,0,0.3172,0.0532,0.3172,0.4577,0.3216,0.3179,0.0482,49
2026-03-21T17:40:46.173053,0,0.2837,0.0154,0.2837,0.4480,0.3208,0.3177,0.0444,48
2026-03-21T17:40:46.243060,0,0.2992,0.0413,0.2992,0.4484,0.3209,0.3182,0.0413,49
2026-03-21T17:40:46.313396,0,0.2912,0.0206,0.2912,0.4504,0.3208,0.3177,0.0445,48
2026-03-21T17:40:46.381922,0,0.3192,0.0537,0.3192,0.4514,0.3221,0.3184,0.0485,49
2026-03-21T17:40:46.451506,0,0.3145,0.0461,0.3145,0.4557,0.3207,0.3170,0.0483,49
2026-03-21T17:40:46.520993,0,0.3047,0.0304,0.3047,0.4530,0.3212,0.3176,0.0482,49
2026-03-21T17:40:46.591024,0,0.3057,0.0274,0.3057,0.4497,0.3216,0.3180,0.0482,49
2026-03-21T17:40:46.661349,0,0.3083,0.0372,0.3083,0.4511,0.3214,0.3178,0.0480,49
2026-03-21T17:40:46.730186,0,0.3099,0.0426,0.3099,0.4508,0.3216,0.3180,0.0481,49
2026-03-21T17:40:46.800213,0,0.2871,0.0210,0.2871,0.4552,0.3204,0.3163,0.0510,48
2026-03-21T17:40:46.869479,0,0.3064,0.0614,0.3064,0.4560,0.3208,0.3173,0.0477,49
2026-03-21T17:40:46.939680,0,0.2852,0.0195,0.2852,0.4500,0.3207,0.3166,0.0510,48
2026-03-21T17:40:47.008882,0,0.3064,0.0554,0.3064,0.4500,0.3217,0.3181,0.0477,49
2026-03-21T17:40:47.078994,0,0.3114,0.0572,0.3114,0.4548,0.3219,0.3183,0.0480,49
2026-03-21T17:40:47.148595,0,0.3014,0.0380,0.3014,0.4500,0.3207,0.3171,0.0477,49
2026-03-21T17:40:47.219527,0,0.2965,0.0282,0.2965,0.4498,0.3202,0.3167,0.0475,49
2026-03-21T17:40:47.288361,0,0.2991,0.0258,0.2991,0.4550,0.3206,0.3170,0.0476,49
2026-03-21T17:40:47.358654,0,0.3009,0.0224,0.3009,0.4507,0.3207,0.3171,0.0476,49
2026-03-21T17:40:47.428345,0,0.3012,0.0255,0.3012,0.4538,0.3204,0.3169,0.0475,49
2026-03-21T17:40:47.498819,0,0.3026,0.0258,0.3026,0.4503,0.3216,0.3180,0.0479,49
2026-03-21T17:40:47.567191,0,0.3023,0.0276,0.3023,0.4530,0.3216,0.3180,0.0478,49
2026-03-21T17:40:47.636944,0,0.2989,0.0293,0.2989,0.4537,0.3211,0.3176,0.0476,49
2026-03-21T17:40:47.706223,0,0.2994,0.0240,0.2994,0.4504,0.3204,0.3169,0.0472,49
2026-03-21T17:40:47.776077,0,0.2951,0.0234,0.2951,0.4556,0.3208,0.3173,0.0474,49
2026-03-21T17:40:47.845831,0,0.2982,0.0184,0.2982,0.4483,0.3208,0.3172,0.0477,49
2026-03-21T17:40:47.915809,0,0.2996,0.0224,0.2996,0.4507,0.3211,0.3175,0.0474,49
2026-03-21T17:40:47.984626,0,0.2961,0.0248,0.2961,0.4582,0.3207,0.3171,0.0478,49
2026-03-21T17:40:48.054351,0,0.2986,0.0257,0.2986,0.4512,0.3206,0.3170,0.0474,49
2026-03-21T17:40:48.124730,0,0.2985,0.0204,0.2985,0.4512,0.3204,0.3168,0.0478,49
2026-03-21T17:40:48.194107,0,0.3014,0.0324,0.3014,0.4556,0.3210,0.3174,0.0478,49
2026-03-21T17:40:48.264072,0,0.3028,0.0279,0.3028,0.4528,0.3212,0.3176,0.0479,49
2026-03-21T17:40:48.334311,0,0.3023,0.0287,0.3023,0.4560,0.3212,0.3177,0.0477,49
2026-03-21T17:40:48.403890,0,0.2996,0.0209,0.2996,0.4500,0.3205,0.3169,0.0477,49
2026-03-21T17:40:48.473676,0,0.3009,0.0230,0.3009,0.4513,0.3208,0.3172,0.0479,49
2026-03-21T17:40:48.543503,0,0.3006,0.0263,0.3006,0.4520,0.3205,0.3169,0.0477,49
2026-03-21T17:40:48.612318,0,0.3017,0.0226,0.3017,0.4492,0.3212,0.3176,0.0477,49
2026-03-21T17:40:48.682014,0,0.2970,0.0185,0.2970,0.4497,0.3213,0.3177,0.0478,49
2026-03-21T17:40:48.751951,0,0.3004,0.0211,0.3004,0.4476,0.3213,0.3178,0.0478,49
2026-03-21T17:40:48.821051,0,0.2999,0.0243,0.2999,0.4508,0.3203,0.3167,0.0475,49
2026-03-21T17:40:48.891357,0,0.2993,0.0198,0.2993,0.4498,0.3207,0.3171,0.0477,49
2026-03-21T17:40:48.960793,0,0.3009,0.0277,0.3009,0.4560,0.3205,0.3169,0.0476,49
2026-03-21T17:40:49.030886,0,0.2998,0.0205,0.2998,0.4488,0.3218,0.3182,0.0478,49
2026-03-21T17:40:49.100350,0,0.2983,0.0225,0.2983,0.4508,0.3219,0.3184,0.0475,49
2026-03-21T17:40:49.169956,0,0.3045,0.0273,0.3045,0.4509,0.3212,0.3177,0.0476,49
2026-03-21T17:40:49.239798,0,0.2991,0.0220,0.2991,0.4513,0.3214,0.3178,0.0477,49
2026-03-21T17:40:49.309443,0,0.3007,0.0249,0.3007,0.4523,0.3200,0.3165,0.0476,49
2026-03-21T17:40:49.379334,0,0.3041,0.0276,0.3041,0.4499,0.3209,0.3174,0.0475,49
2026-03-21T17:40:49.449488,0,0.3011,0.0233,0.3011,0.4490,0.3218,0.3182,0.0480,49
2026-03-21T17:40:49.518984,0,0.2977,0.0174,0.2977,0.4490,0.3206,0.3171,0.0476,49
2026-03-21T17:40:49.588063,0,0.3013,0.0302,0.3013,0.4518,0.3208,0.3172,0.0476,49
2026-03-21T17:40:49.657966,0,0.2983,0.0279,0.2983,0.4562,0.3208,0.3173,0.0474,49
2026-03-21T17:40:49.727117,0,0.3045,0.0279,0.3045,0.4514,0.3214,0.3179,0.0478,49
2026-03-21T17:40:49.796935,0,0.2951,0.0176,0.2951,0.4498,0.3200,0.3165,0.0476,49
2026-03-21T17:40:49.866870,0,0.2980,0.0214,0.2980,0.4507,0.3202,0.3167,0.0477,49
2026-03-21T17:40:49.936078,0,0.2980,0.0201,0.2980,0.4517,0.3204,0.3169,0.0475,49
2026-03-21T17:40:50.006186,0,0.3031,0.0241,0.3031,0.4498,0.3211,0.3175,0.0477,49
2026-03-21T17:40:50.075913,0,0.3007,0.0206,0.3007,0.4497,0.3213,0.3178,0.0478,49
2026-03-21T17:40:50.145234,0,0.3023,0.0242,0.3023,0.4499,0.3202,0.3166,0.0477,49
2026-03-21T17:40:50.215211,0,0.3020,0.0253,0.3020,0.4510,0.3213,0.3178,0.0476,49
2026-03-21T17:40:50.285128,0,0.3021,0.0272,0.3021,0.4498,0.3213,0.3178,0.0478,49
2026-03-21T17:40:50.355097,0,0.2908,0.0148,0.2908,0.4481,0.3209,0.3173,0.0475,49
2026-03-21T17:40:50.424811,0,0.3070,0.0304,0.3070,0.4493,0.3209,0.3173,0.0479,49
2026-03-21T17:40:50.494484,0,0.2980,0.0228,0.2980,0.4521,0.3209,0.3174,0.0473,49
2026-03-21T17:40:50.564358,0,0.2996,0.0184,0.2996,0.4483,0.3217,0.3181,0.0474,49
2026-03-21T17:40:50.633007,0,0.2967,0.0189,0.2967,0.4492,0.3213,0.3178,0.0478,49
2026-03-21T17:40:50.703165,0,0.3016,0.0301,0.3016,0.4507,0.3213,0.3177,0.0475,49
2026-03-21T17:40:50.772929,0,0.2996,0.0247,0.2996,0.4539,0.3210,0.3175,0.0475,49
2026-03-21T17:40:50.842050,0,0.3014,0.0216,0.3014,0.4482,0.3212,0.3176,0.0477,49
2026-03-21T17:40:50.912053,0,0.2964,0.0185,0.2964,0.4497,0.3204,0.3169,0.0475,49
2026-03-21T17:40:50.982405,0,0.3004,0.0242,0.3004,0.4533,0.3219,0.3183,0.0476,49
2026-03-21T17:40:51.050425,0,0.2996,0.0265,0.2996,0.4547,0.3215,0.3179,0.0479,49
2026-03-21T17:40:51.121229,0,0.3033,0.0322,0.3033,0.4562,0.3205,0.3169,0.0477,49
2026-03-21T17:40:51.190423,0,0.2991,0.0206,0.2991,0.4514,0.3215,0.3179,0.0479,49
2026-03-21T17:40:51.260075,0,0.3008,0.0282,0.3008,0.4479,0.3213,0.3177,0.0475,49
2026-03-21T17:40:51.330146,0,0.2993,0.0202,0.2993,0.4504,0.3206,0.3171,0.0475,49
2026-03-21T17:40:51.400113,0,0.3033,0.0267,0.3033,0.4491,0.3214,0.3178,0.0478,49
2026-03-21T17:40:51.469443,0,0.3007,0.0236,0.3007,0.4490,0.3214,0.3179,0.0477,49
2026-03-21T17:40:51.539715,0,0.2967,0.0234,0.2967,0.4518,0.3209,0.3174,0.0477,49
2026-03-21T17:40:51.609312,0,0.3028,0.0276,0.3028,0.4525,0.3213,0.3178,0.0474,49
2026-03-21T17:40:51.679341,0,0.3026,0.0248,0.3026,0.4512,0.3212,0.3177,0.0477,49
2026-03-21T17:40:51.748668,0,0.2996,0.0209,0.2996,0.4509,0.3203,0.3168,0.0475,49
2026-03-21T17:40:51.817769,0,0.2999,0.0267,0.2999,0.4550,0.3207,0.3172,0.0476,49
2026-03-21T17:40:51.888011,0,0.2999,0.0199,0.2999,0.4491,0.3208,0.3173,0.0475,49
2026-03-21T17:40:51.957437,0,0.3020,0.0239,0.3020,0.4513,0.3213,0.3177,0.0474,49
2026-03-21T17:40:52.027259,0,0.3052,0.0308,0.3052,0.4514,0.3207,0.3172,0.0477,49
2026-03-21T17:40:52.097008,0,0.3014,0.0260,0.3014,0.4518,0.3204,0.3168,0.0475,49
2026-03-21T17:40:52.166227,0,0.2991,0.0237,0.2991,0.4492,0.3212,0.3176,0.0476,49
2026-03-21T17:40:52.235691,0,0.3009,0.0278,0.3009,0.4560,0.3206,0.3171,0.0476,49
2026-03-21T17:40:52.306174,0,0.3017,0.0230,0.3017,0.4504,0.3210,0.3174,0.0478,49
2026-03-21T17:40:52.376079,0,0.2945,0.0174,0.2945,0.4504,0.3211,0.3176,0.0476,49
2026-03-21T17:40:52.445508,0,0.3001,0.0214,0.3001,0.4497,0.3214,0.3179,0.0477,49
2026-03-21T17:40:52.515503,0,0.3023,0.0275,0.3023,0.4530,0.3216,0.3181,0.0476,49
2026-03-21T17:40:52.585044,0,0.3004,0.0236,0.3004,0.4500,0.3205,0.3170,0.0474,49
2026-03-21T17:40:52.654892,0,0.2991,0.0187,0.2991,0.4480,0.3223,0.3187,0.0479,49
2026-03-21T17:40:52.723734,0,0.3018,0.0224,0.3018,0.4498,0.3215,0.3179,0.0478,49
2026-03-21T17:40:52.793320,0,0.3044,0.0290,0.3044,0.4530,0.3203,0.3167,0.0477,49
2026-03-21T17:40:52.863508,0,0.3030,0.0303,0.3030,0.4518,0.3205,0.3169,0.0478,49
2026-03-21T17:40:52.932399,0,0.2983,0.0204,0.2983,0.4521,0.3205,0.3169,0.0475,49
2026-03-21T17:40:53.003028,0,0.3028,0.0253,0.3028,0.4501,0.3207,0.3172,0.0477,49
2026-03-21T17:40:53.072326,0,0.3015,0.0224,0.3015,0.4498,0.3214,0.3178,0.0479,49
2026-03-21T17:40:53.141918,0,0.2988,0.0220,0.2988,0.4511,0.3207,0.3171,0.0475,49
2026-03-21T17:40:53.212043,0,0.2999,0.0226,0.2999,0.4490,0.3205,0.3170,0.0475,49
2026-03-21T17:40:53.281136,0,0.3004,0.0219,0.3004,0.4502,0.3209,0.3174,0.0478,49
2026-03-21T17:40:53.351021,0,0.2972,0.0235,0.2972,0.4537,0.3210,0.3175,0.0475,49
2026-03-21T17:40:53.421569,0,0.2990,0.0242,0.2990,0.4533,0.3205,0.3169,0.0477,49
2026-03-21T17:40:53.491096,0,0.3040,0.0364,0.3040,0.4561,0.3207,0.3172,0.0474,49
2026-03-21T17:40:53.560481,0,0.2982,0.0225,0.2982,0.4524,0.3198,0.3163,0.0473,49
2026-03-21T17:40:53.630941,0,0.2993,0.0268,0.2993,0.4570,0.3198,0.3162,0.0476,49
2026-03-21T17:40:53.700173,0,0.3010,0.0234,0.3010,0.4498,0.3215,0.3179,0.0477,49
2026-03-21T17:40:53.768682,0,0.3009,0.0241,0.3009,0.4524,0.3206,0.3171,0.0475,49
2026-03-21T17:40:53.838928,0,0.2958,0.0172,0.2958,0.4500,0.3209,0.3173,0.0477,49
2026-03-21T17:40:53.909014,0,0.3007,0.0216,0.3007,0.4508,0.3202,0.3167,0.0475,49
2026-03-21T17:40:53.978520,0,0.2985,0.0176,0.2985,0.4488,0.3212,0.3177,0.0476,49
2026-03-21T17:40:54.048075,0,0.2965,0.0254,0.2965,0.4527,0.3206,0.3171,0.0474,49
2026-03-21T17:40:54.118447,0,0.3020,0.0247,0.3020,0.4511,0.3206,0.3170,0.0475,49
2026-03-21T17:40:54.187122,0,0.2994,0.0256,0.2994,0.4540,0.3207,0.3172,0.0473,49
2026-03-21T17:40:54.257100,0,0.2964,0.0174,0.2964,0.4508,0.3204,0.3169,0.0476,49
2026-03-21T17:40:54.326934,0,0.3046,0.0332,0.3046,0.4539,0.3217,0.3182,0.0478,49
2026-03-21T17:40:54.397110,0,0.2999,0.0286,0.2999,0.4569,0.3205,0.3170,0.0476,49
2026-03-21T17:40:54.466350,0,0.2982,0.0195,0.2982,0.4503,0.3213,0.3177,0.0476,49
2026-03-21T17:40:54.535561,0,0.3014,0.0288,0.3014,0.4537,0.3202,0.3167,0.0477,49
2026-03-21T17:40:54.604921,0,0.3046,0.0296,0.3046,0.4502,0.3218,0.3182,0.0481,49
2026-03-21T17:40:54.675429,0,0.3041,0.0302,0.3041,0.4508,0.3215,0.3179,0.0479,49
2026-03-21T17:40:54.744886,0,0.3015,0.0239,0.3015,0.4522,0.3210,0.3175,0.0477,49
2026-03-21T17:40:54.814131,0,0.2969,0.0203,0.2969,0.4528,0.3207,0.3172,0.0476,49
2026-03-21T17:40:54.884764,0,0.2978,0.0235,0.2978,0.4537,0.3201,0.3166,0.0474,49
2026-03-21T17:40:54.953423,0,0.2999,0.0198,0.2999,0.4489,0.3213,0.3177,0.0475,49
2026-03-21T17:40:55.023100,0,0.3045,0.0258,0.3045,0.4493,0.3211,0.3175,0.0478,49
2026-03-21T17:40:55.092573,0,0.2983,0.0199,0.2983,0.4502,0.3208,0.3172,0.0476,49
2026-03-21T17:40:55.163537,0,0.3002,0.0267,0.3002,0.4522,0.3204,0.3169,0.0475,49
2026-03-21T17:40:55.233471,0,0.3026,0.0253,0.3026,0.4518,0.3208,0.3173,0.0476,49
2026-03-21T17:40:55.302984,0,0.2963,0.0215,0.2963,0.4532,0.3202,0.3166,0.0476,49
2026-03-21T17:40:55.371620,0,0.3014,0.0280,0.3014,0.4528,0.3213,0.3177,0.0480,49
2026-03-21T17:40:55.442473,0,0.3025,0.0229,0.3025,0.4495,0.3217,0.3181,0.0478,49
2026-03-21T17:40:55.511769,0,0.3002,0.0228,0.3002,0.4521,0.3207,0.3172,0.0477,49
2026-03-21T17:40:55.581252,0,0.3015,0.0201,0.3015,0.4484,0.3210,0.3174,0.0476,49
2026-03-21T17:40:55.651481,0,0.2991,0.0207,0.2991,0.4500,0.3210,0.3175,0.0476,49
2026-03-21T17:40:55.720331,0,0.3033,0.0250,0.3033,0.4499,0.3213,0.3177,0.0479,49
2026-03-21T17:40:55.789993,0,0.3007,0.0234,0.3007,0.4508,0.3207,0.3171,0.0475,49
2026-03-21T17:40:55.859263,0,0.2982,0.0222,0.2982,0.4530,0.3204,0.3169,0.0474,49
2026-03-21T17:40:55.928918,0,0.3020,0.0238,0.3020,0.4512,0.3202,0.3166,0.0478,49
2026-03-21T17:40:55.999095,0,0.3034,0.0245,0.3034,0.4502,0.3210,0.3175,0.0474,49
2026-03-21T17:40:56.069722,0,0.3010,0.0234,0.3010,0.4518,0.3218,0.3182,0.0477,49
2026-03-21T17:40:56.138235,0,0.3021,0.0283,0.3021,0.4527,0.3211,0.3175,0.0476,49
2026-03-21T17:40:56.207954,0,0.3050,0.0272,0.3050,0.4508,0.3206,0.3171,0.0476,49
2026-03-21T17:40:56.278416,0,0.3022,0.0277,0.3022,0.4518,0.3215,0.3179,0.0478,49
2026-03-21T17:40:56.347335,0,0.2983,0.0248,0.2983,0.4512,0.3215,0.3180,0.0478,49
2026-03-21T17:40:56.417438,0,0.2988,0.0198,0.2988,0.4500,0.3212,0.3177,0.0476,49
2026-03-21T17:40:56.486879,0,0.2991,0.0209,0.2991,0.4518,0.3211,0.3175,0.0477,49
2026-03-21T17:40:56.556248,0,0.2950,0.0125,0.2950,0.4476,0.3212,0.3176,0.0476,49
2026-03-21T17:40:56.627287,0,0.3004,0.0206,0.3004,0.4498,0.3221,0.3185,0.0479,49
2026-03-21T17:40:56.696506,0,0.2972,0.0179,0.2972,0.4500,0.3207,0.3171,0.0476,49
2026-03-21T17:40:56.766663,0,0.3047,0.0326,0.3047,0.4552,0.3215,0.3180,0.0476,49
2026-03-21T17:40:56.835730,0,0.3012,0.0254,0.3012,0.4528,0.3208,0.3173,0.0476,49
2026-03-21T17:40:56.905024,0,0.3034,0.0237,0.3034,0.4494,0.3211,0.3176,0.0476,49
2026-03-21T17:40:56.974997,0,0.3031,0.0268,0.3031,0.4517,0.3204,0.3168,0.0475,49
2026-03-21T17:40:57.044045,0,0.2978,0.0217,0.2978,0.4500,0.3210,0.3175,0.0476,49
2026-03-21T17:40:57.114720,0,0.3007,0.0207,0.3007,0.4498,0.3205,0.3169,0.0476,49
2026-03-21T17:40:57.184449,0,0.3017,0.0247,0.3017,0.4521,0.3206,0.3170,0.0476,49
2026-03-21T17:40:57.253970,0,0.2953,0.0142,0.2953,0.4482,0.3206,0.3171,0.0476,49
2026-03-21T17:40:57.323362,0,0.2989,0.0272,0.2989,0.4498,0.3203,0.3167,0.0474,49
2026-03-21T17:40:57.393511,0,0.2977,0.0209,0.2977,0.4517,0.3199,0.3164,0.0473,49
2026-03-21T17:40:57.462510,0,0.3006,0.0269,0.3006,0.4543,0.3204,0.3169,0.0475,49
2026-03-21T17:40:57.532869,0,0.2971,0.0203,0.2971,0.4502,0.3200,0.3165,0.0476,49
2026-03-21T17:40:57.602432,0,0.3002,0.0234,0.3002,0.4527,0.3204,0.3168,0.0476,49
2026-03-21T17:40:57.672380,0,0.2981,0.0249,0.2981,0.4523,0.3209,0.3173,0.0479,49
2026-03-21T17:40:57.742671,0,0.3017,0.0259,0.3017,0.4533,0.3206,0.3171,0.0475,49
2026-03-21T17:40:57.811908,0,0.3047,0.0321,0.3047,0.4562,0.3205,0.3170,0.0476,49
2026-03-21T17:40:57.881597,0,0.3007,0.0219,0.3007,0.4502,0.3200,0.3165,0.0477,49
2026-03-21T17:40:57.950988,0,0.3012,0.0209,0.3012,0.4492,0.3214,0.3178,0.0478,49
2026-03-21T17:40:58.020403,0,0.2977,0.0180,0.2977,0.4488,0.3208,0.3172,0.0478,49
2026-03-21T17:40:58.090359,0,0.3022,0.0281,0.3022,0.4530,0.3207,0.3171,0.0475,49
2026-03-21T17:40:58.160234,0,0.3010,0.0224,0.3010,0.4508,0.3202,0.3167,0.0473,49
2026-03-21T17:40:58.230249,0,0.2981,0.0234,0.2981,0.4508,0.3212,0.3177,0.0475,49
2026-03-21T17:40:58.299704,0,0.3011,0.0280,0.3011,0.4537,0.3215,0.3179,0.0479,49
2026-03-21T17:40:58.368529,0,0.2959,0.0225,0.2959,0.4518,0.3199,0.3164,0.0472,49
2026-03-21T17:40:58.438722,0,0.2972,0.0167,0.2972,0.4492,0.3210,0.3174,0.0476,49
2026-03-21T17:40:58.508829,0,0.3044,0.0342,0.3044,0.4566,0.3210,0.3175,0.0477,49
2026-03-21T17:40:58.577584,0,0.2996,0.0245,0.2996,0.4528,0.3203,0.3167,0.0476,49
2026-03-21T17:40:58.648194,0,0.2998,0.0224,0.2998,0.4490,0.3219,0.3183,0.0478,49
2026-03-21T17:40:58.716582,0,0.3022,0.0248,0.3022,0.4488,0.3210,0.3174,0.0479,49
2026-03-21T17:40:58.787314,0,0.3007,0.0211,0.3007,0.4502,0.3216,0.3180,0.0477,49
2026-03-21T17:40:58.856900,0,0.3004,0.0214,0.3004,0.4478,0.3207,0.3172,0.0476,49
2026-03-21T17:40:58.926052,0,0.3015,0.0233,0.3015,0.4508,0.3214,0.3178,0.0479,49
2026-03-21T17:40:58.996197,0,0.2975,0.0220,0.2975,0.4493,0.3207,0.3172,0.0475,49
2026-03-21T17:40:59.066016,0,0.2956,0.0206,0.2956,0.4528,0.3206,0.3170,0.0473,49
2026-03-21T17:40:59.135540,0,0.2999,0.0191,0.2999,0.4482,0.3208,0.3172,0.0477,49
2026-03-21T17:40:59.205543,0,0.3013,0.0322,0.3013,0.4557,0.3204,0.3168,0.0477,49
2026-03-21T17:40:59.274769,0,0.3012,0.0206,0.3012,0.4489,0.3216,0.3181,0.0478,49
2026-03-21T17:40:59.344268,0,0.2913,0.0184,0.2913,0.4518,0.3199,0.3164,0.0476,49
2026-03-21T17:40:59.414584,0,0.3028,0.0283,0.3028,0.4524,0.3215,0.3179,0.0479,49
2026-03-21T17:40:59.483460,0,0.3043,0.0355,0.3043,0.4544,0.3213,0.3177,0.0481,49
2026-03-21T17:40:59.553137,0,0.3030,0.0250,0.3030,0.4482,0.3209,0.3173,0.0478,49
2026-03-21T17:40:59.623678,0,0.2990,0.0229,0.2990,0.4528,0.3202,0.3167,0.0475,49
2026-03-21T17:40:59.692655,0,0.3002,0.0209,0.3002,0.4502,0.3216,0.3180,0.0478,49
2026-03-21T17:40:59.762717,0,0.3017,0.0263,0.3017,0.4537,0.3211,0.3175,0.0477,49
2026-03-21T17:40:59.832449,0,0.2997,0.0293,0.2997,0.4547,0.3199,0.3164,0.0474,49
2026-03-21T17:40:59.902627,0,0.2996,0.0225,0.2996,0.4518,0.3206,0.3171,0.0473,49
2026-03-21T17:40:59.971473,0,0.3012,0.0239,0.3012,0.4522,0.3208,0.3173,0.0476,49
2026-03-21T17:41:00.040537,0,0.3047,0.0263,0.3047,0.4495,0.3208,0.3173,0.0476,49
2026-03-21T17:41:00.110843,0,0.2991,0.0235,0.2991,0.4508,0.3211,0.3176,0.0477,49
2026-03-21T17:41:00.180940,0,0.2985,0.0209,0.2985,0.4518,0.3205,0.3169,0.0477,49
2026-03-21T17:41:00.249825,0,0.2983,0.0191,0.2983,0.4493,0.3205,0.3169,0.0477,49
2026-03-21T17:41:00.320031,0,0.3015,0.0212,0.3015,0.4495,0.3216,0.3181,0.0477,49
2026-03-21T17:41:00.389938,0,0.3041,0.0281,0.3041,0.4513,0.3207,0.3172,0.0475,49
2026-03-21T17:41:00.459476,0,0.3012,0.0254,0.3012,0.4520,0.3214,0.3178,0.0478,49
2026-03-21T17:41:00.529110,0,0.3001,0.0226,0.3001,0.4500,0.3224,0.3188,0.0481,49
2026-03-21T17:41:00.598811,0,0.3018,0.0279,0.3018,0.4514,0.3217,0.3182,0.0476,49
2026-03-21T17:41:00.668507,0,0.3055,0.0313,0.3055,0.4536,0.3205,0.3169,0.0478,49
2026-03-21T17:41:00.737927,0,0.3003,0.0223,0.3003,0.4472,0.3223,0.3187,0.0480,49
2026-03-21T17:41:00.807614,0,0.2993,0.0186,0.2993,0.4477,0.3208,0.3173,0.0478,49
2026-03-21T17:41:00.877195,0,0.2972,0.0211,0.2972,0.4514,0.3204,0.3169,0.0477,49
2026-03-21T17:41:00.947394,0,0.2986,0.0237,0.2986,0.4510,0.3204,0.3169,0.0474,49
2026-03-21T17:41:01.016559,0,0.2989,0.0264,0.2989,0.4528,0.3209,0.3174,0.0475,49
2026-03-21T17:41:01.086422,0,0.3023,0.0283,0.3023,0.4537,0.3208,0.3173,0.0475,49
2026-03-21T17:41:01.156769,0,0.2994,0.0287,0.2994,0.4571,0.3199,0.3163,0.0474,49
2026-03-21T17:41:01.225543,0,0.2996,0.0235,0.2996,0.4528,0.3212,0.3176,0.0477,49
2026-03-21T17:41:01.295996,0,0.2947,0.0165,0.2947,0.4507,0.3205,0.3170,0.0476,49
2026-03-21T17:41:01.365310,0,0.3002,0.0250,0.3002,0.4504,0.3205,0.3170,0.0475,49
2026-03-21T17:41:01.435233,0,0.3001,0.0218,0.3001,0.4500,0.3202,0.3167,0.0477,49
2026-03-21T17:41:01.504289,0,0.2959,0.0158,0.2959,0.4489,0.3207,0.3171,0.0476,49
2026-03-21T17:41:01.573999,0,0.3007,0.0230,0.3007,0.4513,0.3200,0.3164,0.0477,49
2026-03-21T17:41:01.643435,0,0.2988,0.0191,0.2988,0.4499,0.3207,0.3171,0.0479,49
2026-03-21T17:41:01.714131,0,0.3002,0.0243,0.3002,0.4517,0.3203,0.3168,0.0474,49
2026-03-21T17:41:01.783713,0,0.3015,0.0230,0.3015,0.4475,0.3218,0.3183,0.0476,49
2026-03-21T17:41:01.853191,0,0.3053,0.0273,0.3053,0.4499,0.3222,0.3186,0.0480,49
2026-03-21T17:41:01.922828,0,0.2982,0.0209,0.2982,0.4518,0.3209,0.3174,0.0476,49
2026-03-21T17:41:01.992731,0,0.2999,0.0199,0.2999,0.4490,0.3215,0.3180,0.0475,49
2026-03-21T17:41:02.061770,0,0.2999,0.0254,0.2999,0.4537,0.3211,0.3176,0.0476,49
2026-03-21T17:41:02.131102,0,0.3039,0.0250,0.3039,0.4485,0.3213,0.3177,0.0474,49
2026-03-21T17:41:02.201622,0,0.3044,0.0279,0.3044,0.4528,0.3213,0.3177,0.0476,49
2026-03-21T17:41:02.271855,0,0.2969,0.0207,0.2969,0.4532,0.3202,0.3166,0.0475,49
2026-03-21T17:41:02.339872,0,0.3020,0.0251,0.3020,0.4517,0.3209,0.3173,0.0477,49
2026-03-21T17:41:02.410694,0,0.3006,0.0233,0.3006,0.4508,0.3213,0.3177,0.0478,49
2026-03-21T17:41:02.480479,0,0.3034,0.0244,0.3034,0.4498,0.3209,0.3174,0.0475,49
2026-03-21T17:41:02.549667,0,0.3017,0.0249,0.3017,0.4490,0.3213,0.3177,0.0477,49
2026-03-21T17:41:02.619848,0,0.2980,0.0183,0.2980,0.4495,0.3211,0.3176,0.0476,49
2026-03-21T17:41:02.688723,0,0.3054,0.0328,0.3054,0.4534,0.3211,0.3175,0.0480,49
2026-03-21T17:41:02.759090,0,0.3009,0.0234,0.3009,0.4508,0.3204,0.3168,0.0476,49
2026-03-21T17:41:02.829062,0,0.2996,0.0199,0.2996,0.4499,0.3213,0.3177,0.0476,49
2026-03-21T17:41:02.898491,0,0.2981,0.0224,0.2981,0.4498,0.3196,0.3161,0.0472,49
2026-03-21T17:41:02.967423,0,0.3013,0.0226,0.3013,0.4481,0.3205,0.3170,0.0475,49
2026-03-21T17:41:03.038060,0,0.2983,0.0320,0.2983,0.4584,0.3209,0.3174,0.0475,49
2026-03-21T17:41:03.107631,0,0.3031,0.0236,0.3031,0.4493,0.3211,0.3175,0.0478,49
2026-03-21T17:41:03.176933,0,0.3028,0.0283,0.3028,0.4540,0.3211,0.3175,0.0478,49
2026-03-21T17:41:03.246219,0,0.3017,0.0257,0.3017,0.4498,0.3209,0.3173,0.0477,49
2026-03-21T17:41:03.316618,0,0.3006,0.0228,0.3006,0.4502,0.3202,0.3167,0.0476,49
2026-03-21T17:41:03.386026,0,0.3018,0.0238,0.3018,0.4512,0.3204,0.3169,0.0475,49
2026-03-21T17:41:03.455522,0,0.2972,0.0187,0.2972,0.4508,0.3207,0.3171,0.0478,49
2026-03-21T17:41:03.525888,0,0.3023,0.0256,0.3023,0.4522,0.3201,0.3165,0.0476,49
2026-03-21T17:41:03.595070,0,0.3011,0.0247,0.3011,0.4496,0.3213,0.3177,0.0478,49
2026-03-21T17:41:03.664623,0,0.3031,0.0253,0.3031,0.4498,0.3209,0.3174,0.0475,49
2026-03-21T17:41:03.734348,0,0.2983,0.0235,0.2983,0.4499,0.3209,0.3173,0.0476,49
2026-03-21T17:41:03.804445,0,0.3038,0.0308,0.3038,0.4540,0.3206,0.3170,0.0480,49
2026-03-21T17:41:03.873328,0,0.2979,0.0230,0.2979,0.4530,0.3203,0.3168,0.0477,49
2026-03-21T17:41:03.944030,0,0.3015,0.0201,0.3015,0.4483,0.3216,0.3180,0.0479,49
2026-03-21T17:41:04.013318,0,0.3031,0.0244,0.3031,0.4493,0.3212,0.3177,0.0477,49
2026-03-21T17:41:04.082970,0,0.3034,0.0273,0.3034,0.4530,0.3206,0.3170,0.0475,49
2026-03-21T17:41:04.153097,0,0.3004,0.0226,0.3004,0.4500,0.3213,0.3178,0.0477,49
2026-03-21T17:41:04.222147,0,0.3026,0.0263,0.3026,0.4508,0.3215,0.3180,0.0474,49
2026-03-21T17:41:04.292182,0,0.3031,0.0279,0.3031,0.4527,0.3214,0.3178,0.0479,49
2026-03-21T17:41:04.361527,0,0.3073,0.0370,0.3073,0.4534,0.3215,0.3179,0.0480,49
2026-03-21T17:41:04.430652,0,0.3027,0.0293,0.3027,0.4478,0.3210,0.3186,0.0389,50
2026-03-21T17:41:04.501177,0,0.3011,0.0459,0.3011,0.4482,0.3223,0.3200,0.0387,48
2026-03-21T17:41:04.570289,0,0.2731,0.0459,0.2731,0.4508,0.3236,0.3217,0.0345,45
2026-03-21T17:41:04.640570,0,0.2625,0.0783,0.2625,0.4456,0.3261,0.3252,0.0249,44
2026-03-21T17:41:04.710581,0,0.2801,0.0820,0.2801,0.4458,0.3285,0.3283,0.0122,44
2026-03-21T17:41:04.779799,0,0.2557,0.0970,0.2557,0.4476,0.3284,0.3283,0.0091,43
2026-03-21T17:41:04.849810,0,0.2816,0.1021,0.2816,0.4468,0.3304,0.3303,0.0059,44
2026-03-21T17:41:04.919669,0,0.2822,0.1006,0.2822,0.4453,0.3320,0.3320,0.0061,44
2026-03-21T17:41:04.989246,0,0.2877,0.1054,0.2877,0.4482,0.3324,0.3323,0.0054,44
2026-03-21T17:41:05.059405,0,0.2557,0.1016,0.2557,0.4465,0.3296,0.3295,0.0091,43
2026-03-21T17:41:05.128530,0,0.2546,0.1010,0.2546,0.4478,0.3308,0.3307,0.0088,43
2026-03-21T17:41:05.198095,0,0.2520,0.1020,0.2520,0.4527,0.3289,0.3288,0.0091,43
2026-03-21T17:41:05.267272,0,0.2580,0.1023,0.2580,0.4472,0.3298,0.3296,0.0089,43
2026-03-21T17:41:05.336953,0,0.2581,0.1057,0.2581,0.4467,0.3300,0.3299,0.0089,43
2026-03-21T17:41:05.406742,0,0.2549,0.0890,0.2549,0.4466,0.3296,0.3294,0.0091,43
2026-03-21T17:41:05.477144,0,0.2540,0.1002,0.2540,0.4461,0.3294,0.3293,0.0092,43
2026-03-21T17:41:05.546392,0,0.2532,0.0971,0.2532,0.4459,0.3295,0.3294,0.0089,43
2026-03-21T17:41:05.615977,0,0.2789,0.0557,0.2789,0.4475,0.3239,0.3239,0.0048,45
2026-03-21T17:41:05.685903,0,0.3204,0.0709,0.3204,0.4480,0.3222,0.3222,-0.0039,48
2026-03-21T17:41:05.755596,0,0.2873,0.0298,0.2873,0.4499,0.3196,0.3195,-0.0094,48
2026-03-21T17:41:05.824860,0,0.3243,0.0522,0.3243,0.4495,0.3195,0.3193,-0.0120,51
2026-03-21T17:41:05.894753,0,0.3018,0.0207,0.3018,0.4492,0.3192,0.3188,-0.0151,50
2026-03-21T17:41:05.964195,0,0.3136,0.0468,0.3136,0.4498,0.3197,0.3193,-0.0147,50
2026-03-21T17:41:06.034841,0,0.3209,0.0509,0.3209,0.4497,0.3194,0.3187,-0.0211,50
2026-03-21T17:41:06.104493,0,0.3212,0.0528,0.3212,0.4489,0.3194,0.3187,-0.0212,50
2026-03-21T17:41:06.174048,0,0.3177,0.0392,0.3177,0.4500,0.3207,0.3200,-0.0209,50
2026-03-21T17:41:06.243752,0,0.3133,0.0391,0.3133,0.4555,0.3193,0.3186,-0.0212,50
2026-03-21T17:41:06.313325,0,0.3137,0.0400,0.3137,0.4527,0.3185,0.3178,-0.0211,50
2026-03-21T17:41:06.383127,0,0.3104,0.0394,0.3104,0.4520,0.3198,0.3191,-0.0207,50
2026-03-21T17:41:06.452661,0,0.3153,0.0370,0.3153,0.4490,0.3188,0.3181,-0.0208,50
2026-03-21T17:41:06.521601,0,0.3105,0.0308,0.3105,0.4472,0.3189,0.3182,-0.0211,50
2026-03-21T17:41:06.591873,0,0.3180,0.0521,0.3180,0.4482,0.3200,0.3193,-0.0214,50
2026-03-21T17:41:06.661547,0,0.2924,0.0176,0.2924,0.4489,0.3188,0.3183,-0.0178,49
2026-03-21T17:41:06.731477,0,0.3195,0.0583,0.3195,0.4482,0.3208,0.3201,-0.0215,50
2026-03-21T17:41:06.800875,0,0.3155,0.0600,0.3155,0.4587,0.3198,0.3191,-0.0213,50
2026-03-21T17:41:06.870444,0,0.3166,0.0560,0.3166,0.4547,0.3193,0.3186,-0.0214,50
2026-03-21T17:41:06.940960,0,0.3166,0.0520,0.3166,0.4508,0.3196,0.3189,-0.0214,50
2026-03-21T17:41:07.009157,0,0.3171,0.0524,0.3171,0.4503,0.3204,0.3197,-0.0212,50
2026-03-21T17:41:07.079943,0,0.2887,0.0161,0.2887,0.4498,0.3189,0.3184,-0.0179,49
2026-03-21T17:41:07.150163,0,0.3138,0.0495,0.3138,0.4509,0.3207,0.3200,-0.0214,50
2026-03-21T17:41:07.219547,0,0.2871,0.0172,0.2871,0.4492,0.3182,0.3177,-0.0178,49
2026-03-21T17:41:07.288814,0,0.3137,0.0458,0.3137,0.4508,0.3199,0.3192,-0.0212,50
2026-03-21T17:41:07.358333,0,0.3155,0.0480,0.3155,0.4467,0.3206,0.3199,-0.0212,50
2026-03-21T17:41:07.426876,0,0.3174,0.0525,0.3174,0.4504,0.3201,0.3193,-0.0213,50
2026-03-21T17:41:07.497834,0,0.3191,0.0539,0.3191,0.4500,0.3206,0.3199,-0.0213,50
2026-03-21T17:41:07.567458,0,0.3167,0.0538,0.3167,0.4490,0.3201,0.3194,-0.0216,50
2026-03-21T17:41:07.636930,0,0.2885,0.0210,0.2885,0.4500,0.3198,0.3193,-0.0175,49
2026-03-21T17:41:07.706755,0,0.2920,0.0172,0.2920,0.4492,0.3191,0.3186,-0.0178,49
2026-03-21T17:41:07.775852,0,0.3168,0.0561,0.3168,0.4504,0.3199,0.3192,-0.0214,50
2026-03-21T17:41:07.845007,0,0.3165,0.0492,0.3165,0.4488,0.3204,0.3197,-0.0213,50
2026-03-21T17:41:07.916001,0,0.2907,0.0172,0.2907,0.4494,0.3182,0.3177,-0.0176,49
2026-03-21T17:41:07.984829,0,0.3197,0.0554,0.3197,0.4498,0.3205,0.3198,-0.0213,50
2026-03-21T17:41:08.055355,0,0.2920,0.0200,0.2920,0.4493,0.3192,0.3188,-0.0178,49
2026-03-21T17:41:08.125228,0,0.3193,0.0529,0.3193,0.4499,0.3190,0.3183,-0.0212,50
2026-03-21T17:41:08.194133,0,0.3182,0.0623,0.3182,0.4567,0.3191,0.3183,-0.0215,50
2026-03-21T17:41:08.265155,0,0.3165,0.0583,0.3165,0.4527,0.3190,0.3183,-0.0214,50
2026-03-21T17:41:08.334222,0,0.3125,0.0459,0.3125,0.4490,0.3200,0.3193,-0.0213,50
2026-03-21T17:41:08.404054,0,0.3200,0.0564,0.3200,0.4508,0.3204,0.3197,-0.0214,50
2026-03-21T17:41:08.473127,0,0.2932,0.0191,0.2932,0.4492,0.3194,0.3189,-0.0181,49
2026-03-21T17:41:08.542831,0,0.2902,0.0151,0.2902,0.4473,0.3185,0.3180,-0.0178,49
2026-03-21T17:41:08.612891,0,0.3172,0.0506,0.3172,0.4476,0.3208,0.3201,-0.0214,50
2026-03-21T17:41:08.682293,0,0.3191,0.0521,0.3191,0.4482,0.3211,0.3204,-0.0213,50
2026-03-21T17:41:08.751990,0,0.3174,0.0506,0.3174,0.4485,0.3205,0.3198,-0.0212,50
2026-03-21T17:41:08.822123,0,0.3137,0.0478,0.3137,0.4500,0.3197,0.3190,-0.0213,50
2026-03-21T17:41:08.891089,0,0.3137,0.0486,0.3137,0.4508,0.3203,0.3196,-0.0213,50
2026-03-21T17:41:08.961059,0,0.3148,0.0468,0.3148,0.4482,0.3205,0.3197,-0.0214,50
2026-03-21T17:41:09.030655,0,0.3141,0.0508,0.3141,0.4522,0.3187,0.3180,-0.0212,50
2026-03-21T17:41:09.100149,0,0.3121,0.0479,0.3121,0.4511,0.3186,0.3179,-0.0208,50
2026-03-21T17:41:09.169982,0,0.3125,0.0441,0.3125,0.4499,0.3200,0.3193,-0.0213,50
2026-03-21T17:41:09.239973,0,0.3212,0.0581,0.3212,0.4490,0.3198,0.3191,-0.0214,50
2026-03-21T17:41:09.309943,0,0.3182,0.0544,0.3182,0.4487,0.3206,0.3199,-0.0215,50
2026-03-21T17:41:09.379366,0,0.3186,0.0561,0.3186,0.4530,0.3205,0.3198,-0.0213,50
2026-03-21T17:41:09.448994,0,0.3174,0.0511,0.3174,0.4489,0.3205,0.3198,-0.0214,50
2026-03-21T17:41:09.518162,0,0.3171,0.0532,0.3171,0.4510,0.3206,0.3199,-0.0213,50
2026-03-21T17:41:09.589050,0,0.3164,0.0541,0.3164,0.4520,0.3200,0.3193,-0.0213,50
2026-03-21T17:41:09.657863,0,0.3170,0.0475,0.3170,0.4490,0.3203,0.3196,-0.0212,50
2026-03-21T17:41:09.727757,0,0.2865,0.0181,0.2865,0.4518,0.3189,0.3184,-0.0179,49
2026-03-21T17:41:09.797617,0,0.3171,0.0569,0.3171,0.4522,0.3198,0.3191,-0.0215,50
2026-03-21T17:41:09.866217,0,0.3158,0.0458,0.3158,0.4508,0.3199,0.3192,-0.0212,50
2026-03-21T17:41:09.936369,0,0.3170,0.0531,0.3170,0.4518,0.3201,0.3193,-0.0213,50
2026-03-21T17:41:10.005800,0,0.3171,0.0536,0.3171,0.4489,0.3199,0.3192,-0.0214,50
2026-03-21T17:41:10.076357,0,0.2884,0.0151,0.2884,0.4470,0.3193,0.3188,-0.0179,49
2026-03-21T17:41:10.146344,0,0.2895,0.0165,0.2895,0.4502,0.3187,0.3182,-0.0180,49
2026-03-21T17:41:10.216368,0,0.3163,0.0475,0.3163,0.4489,0.3200,0.3193,-0.0212,50
2026-03-21T17:41:10.285864,0,0.3167,0.0471,0.3167,0.4512,0.3199,0.3191,-0.0214,50
2026-03-21T17:41:10.355071,0,0.3152,0.0540,0.3152,0.4528,0.3198,0.3191,-0.0214,50
2026-03-21T17:41:10.424356,0,0.2916,0.0170,0.2916,0.4489,0.3194,0.3189,-0.0179,49
2026-03-21T17:41:10.494223,0,0.2863,0.0144,0.2863,0.4472,0.3193,0.3188,-0.0178,49
2026-03-21T17:41:10.564189,0,0.2914,0.0153,0.2914,0.4462,0.3199,0.3194,-0.0178,49
2026-03-21T17:41:10.633567,0,0.3186,0.0563,0.3186,0.4533,0.3199,0.3192,-0.0214,50
2026-03-21T17:41:10.702593,0,0.2856,0.0144,0.2856,0.4480,0.3188,0.3183,-0.0179,49
2026-03-21T17:41:10.773267,0,0.3165,0.0512,0.3165,0.4509,0.3205,0.3198,-0.0213,50
2026-03-21T17:41:10.842982,0,0.3159,0.0504,0.3159,0.4492,0.3204,0.3197,-0.0213,50
2026-03-21T17:41:10.912686,0,0.2876,0.0157,0.2876,0.4489,0.3188,0.3183,-0.0178,49
2026-03-21T17:41:10.982169,0,0.2875,0.0147,0.2875,0.4480,0.3192,0.3187,-0.0178,49
2026-03-21T17:41:11.051093,0,0.3168,0.0512,0.3168,0.4482,0.3202,0.3194,-0.0214,50
2026-03-21T17:41:11.121787,0,0.3166,0.0523,0.3166,0.4484,0.3201,0.3194,-0.0213,50
2026-03-21T17:41:11.190820,0,0.3132,0.0495,0.3132,0.4500,0.3210,0.3203,-0.0211,50
2026-03-21T17:41:11.261429,0,0.2907,0.0208,0.2907,0.4519,0.3189,0.3184,-0.0180,49
2026-03-21T17:41:11.330858,0,0.2925,0.0211,0.2925,0.4512,0.3189,0.3184,-0.0181,49
2026-03-21T17:41:11.400701,0,0.2893,0.0209,0.2893,0.4492,0.3194,0.3189,-0.0181,49
2026-03-21T17:41:11.470402,0,0.2940,0.0214,0.2940,0.4509,0.3203,0.3198,-0.0178,49
2026-03-21T17:41:11.540046,0,0.3177,0.0483,0.3177,0.4470,0.3201,0.3194,-0.0214,50
2026-03-21T17:41:11.608853,0,0.2901,0.0228,0.2901,0.4502,0.3196,0.3191,-0.0179,49
2026-03-21T17:41:11.679496,0,0.3211,0.0617,0.3211,0.4508,0.3206,0.3199,-0.0216,50
2026-03-21T17:41:11.748111,0,0.3206,0.0593,0.3206,0.4492,0.3205,0.3198,-0.0216,50
2026-03-21T17:41:11.817958,0,0.3159,0.0553,0.3159,0.4540,0.3198,0.3191,-0.0213,50
2026-03-21T17:41:11.888533,0,0.3151,0.0438,0.3151,0.4460,0.3202,0.3195,-0.0212,50
2026-03-21T17:41:11.957793,0,0.3165,0.0495,0.3165,0.4492,0.3205,0.3198,-0.0213,50
2026-03-21T17:41:12.027908,0,0.2895,0.0179,0.2895,0.4495,0.3194,0.3189,-0.0176,49
2026-03-21T17:41:12.096746,0,0.2893,0.0144,0.2893,0.4480,0.3190,0.3185,-0.0179,49
2026-03-21T17:41:12.166883,0,0.2888,0.0147,0.2888,0.4452,0.3200,0.3195,-0.0178,49
2026-03-21T17:41:12.236504,0,0.3213,0.0583,0.3213,0.4482,0.3205,0.3198,-0.0215,50
2026-03-21T17:41:12.306187,0,0.3147,0.0514,0.3147,0.4510,0.3202,0.3195,-0.0215,50
2026-03-21T17:41:12.375995,0,0.3169,0.0529,0.3169,0.4490,0.3193,0.3186,-0.0213,50
2026-03-21T17:41:12.446338,0,0.3161,0.0449,0.3161,0.4480,0.3200,0.3193,-0.0212,50
2026-03-21T17:41:12.515322,0,0.3193,0.0577,0.3193,0.4520,0.3202,0.3195,-0.0213,50
2026-03-21T17:41:12.586037,0,0.3127,0.0457,0.3127,0.4498,0.3195,0.3188,-0.0211,50
2026-03-21T17:41:12.655052,0,0.3175,0.0551,0.3175,0.4495,0.3210,0.3203,-0.0216,50
2026-03-21T17:41:12.724385,0,0.2916,0.0202,0.2916,0.4478,0.3200,0.3195,-0.0178,49
2026-03-21T17:41:12.793911,0,0.3181,0.0571,0.3181,0.4497,0.3209,0.3201,-0.0215,50
2026-03-21T17:41:12.863017,0,0.3157,0.0452,0.3157,0.4458,0.3208,0.3201,-0.0213,50
2026-03-21T17:41:12.933471,0,0.2885,0.0182,0.2885,0.4514,0.3188,0.3183,-0.0177,49
2026-03-21T17:41:13.003002,0,0.3211,0.0577,0.3211,0.4520,0.3206,0.3199,-0.0213,50
2026-03-21T17:41:13.072491,0,0.2890,0.0195,0.2890,0.4522,0.3189,0.3184,-0.0179,49
2026-03-21T17:41:13.142119,0,0.3189,0.0542,0.3189,0.4520,0.3196,0.3189,-0.0215,50
2026-03-21T17:41:13.212071,0,0.2885,0.0193,0.2885,0.4485,0.3198,0.3193,-0.0179,49
2026-03-21T17:41:13.281653,0,0.2907,0.0232,0.2907,0.4550,0.3187,0.3182,-0.0179,49
2026-03-21T17:41:13.351950,0,0.3172,0.0476,0.3172,0.4472,0.3205,0.3198,-0.0211,50
2026-03-21T17:41:13.420618,0,0.3187,0.0529,0.3187,0.4490,0.3208,0.3201,-0.0215,50
2026-03-21T17:41:13.490552,0,0.3152,0.0523,0.3152,0.4510,0.3195,0.3188,-0.0213,50
2026-03-21T17:41:13.560697,0,0.3159,0.0529,0.3159,0.4517,0.3193,0.3186,-0.0213,50
2026-03-21T17:41:13.630082,0,0.3173,0.0517,0.3173,0.4504,0.3190,0.3182,-0.0213,50
2026-03-21T17:41:13.699870,0,0.3172,0.0515,0.3172,0.4511,0.3191,0.3184,-0.0212,50
2026-03-21T17:41:13.769618,0,0.3121,0.0442,0.3121,0.4500,0.3199,0.3192,-0.0213,50
2026-03-21T17:41:13.839137,0,0.3177,0.0530,0.3177,0.4517,0.3200,0.3193,-0.0215,50
2026-03-21T17:41:13.909124,0,0.2870,0.0188,0.2870,0.4498,0.3192,0.3187,-0.0179,49
2026-03-21T17:41:13.978500,0,0.3207,0.0568,0.3207,0.4485,0.3196,0.3189,-0.0213,50
2026-03-21T17:41:14.048266,0,0.3159,0.0494,0.3159,0.4482,0.3196,0.3189,-0.0214,50
2026-03-21T17:41:14.118336,0,0.3205,0.0518,0.3205,0.4479,0.3209,0.3202,-0.0215,50
2026-03-21T17:41:14.187273,0,0.3182,0.0549,0.3182,0.4527,0.3199,0.3192,-0.0215,50
2026-03-21T17:41:14.257171,0,0.3175,0.0564,0.3175,0.4480,0.3204,0.3197,-0.0214,50
2026-03-21T17:41:14.326804,0,0.3164,0.0540,0.3164,0.4519,0.3209,0.3202,-0.0216,50
2026-03-21T17:41:14.397224,0,0.3137,0.0462,0.3137,0.4485,0.3205,0.3198,-0.0216,50
2026-03-21T17:41:14.465980,0,0.3186,0.0515,0.3186,0.4485,0.3202,0.3195,-0.0213,50
2026-03-21T17:41:14.536275,0,0.3142,0.0498,0.3142,0.4503,0.3190,0.3183,-0.0213,50
2026-03-21T17:41:14.605838,0,0.3183,0.0502,0.3183,0.4472,0.3209,0.3202,-0.0212,50
2026-03-21T17:41:14.675337,0,0.3189,0.0553,0.3189,0.4470,0.3211,0.3204,-0.0216,50
2026-03-21T17:41:14.744683,0,0.3153,0.0503,0.3153,0.4508,0.3197,0.3190,-0.0212,50
2026-03-21T17:41:14.814200,0,0.2915,0.0207,0.2915,0.4520,0.3188,0.3183,-0.0176,49
2026-03-21T17:41:14.884599,0,0.2900,0.0194,0.2900,0.4498,0.3178,0.3173,-0.0176,49
2026-03-21T17:41:14.953860,0,0.2902,0.0168,0.2902,0.4488,0.3190,0.3186,-0.0177,49
2026-03-21T17:41:15.024331,0,0.3198,0.0559,0.3198,0.4493,0.3206,0.3199,-0.0214,50
2026-03-21T17:41:15.093518,0,0.3191,0.0586,0.3191,0.4547,0.3195,0.3188,-0.0213,50
2026-03-21T17:41:15.163004,0,0.2885,0.0192,0.2885,0.4511,0.3185,0.3180,-0.0180,49
2026-03-21T17:41:15.233035,0,0.2883,0.0206,0.2883,0.4497,0.3193,0.3188,-0.0181,49
2026-03-21T17:41:15.302162,0,0.2917,0.0182,0.2917,0.4468,0.3201,0.3196,-0.0180,49
2026-03-21T17:41:15.371476,0,0.3191,0.0501,0.3191,0.4489,0.3198,0.3191,-0.0213,50
2026-03-21T17:41:15.442056,0,0.3142,0.0448,0.3142,0.4489,0.3197,0.3190,-0.0213,50
2026-03-21T17:41:15.511634,0,0.3190,0.0522,0.3190,0.4492,0.3204,0.3197,-0.0213,50
2026-03-21T17:41:15.581621,0,0.2881,0.0207,0.2881,0.4498,0.3191,0.3186,-0.0180,49
2026-03-21T17:41:15.651540,0,0.2886,0.0198,0.2886,0.4480,0.3196,0.3191,-0.0180,49
2026-03-21T17:41:15.720831,0,0.2899,0.0181,0.2899,0.4490,0.3199,0.3194,-0.0177,49
2026-03-21T17:41:15.790998,0,0.2905,0.0203,0.2905,0.4532,0.3183,0.3177,-0.0179,49
2026-03-21T17:41:15.860465,0,0.2900,0.0189,0.2900,0.4500,0.3192,0.3187,-0.0180,49
2026-03-21T17:41:15.929299,0,0.2879,0.0184,0.2879,0.4503,0.3180,0.3175,-0.0177,49
2026-03-21T17:41:15.999317,0,0.2892,0.0142,0.2892,0.4482,0.3195,0.3190,-0.0179,49
2026-03-21T17:41:16.069130,0,0.2936,0.0245,0.2936,0.4520,0.3196,0.3191,-0.0180,49
2026-03-21T17:41:16.138913,0,0.2892,0.0223,0.2892,0.4542,0.3188,0.3183,-0.0179,49
2026-03-21T17:41:16.209056,0,0.2922,0.0237,0.2922,0.4532,0.3190,0.3186,-0.0177,49
2026-03-21T17:41:16.278010,0,0.2918,0.0214,0.2918,0.4508,0.3197,0.3192,-0.0179,49
2026-03-21T17:41:16.348835,0,0.2866,0.0161,0.2866,0.4480,0.3191,0.3186,-0.0178,49
2026-03-21T17:41:16.418031,0,0.2898,0.0189,0.2898,0.4482,0.3187,0.3182,-0.0179,49
2026-03-21T17:41:16.487894,0,0.2890,0.0255,0.2890,0.4550,0.3181,0.3176,-0.0177,49
2026-03-21T17:41:16.557212,0,0.3222,0.0605,0.3222,0.4522,0.3203,0.3196,-0.0213,50
2026-03-21T17:41:16.627240,0,0.2911,0.0233,0.2911,0.4525,0.3194,0.3189,-0.0180,49
2026-03-21T17:41:16.696230,0,0.2908,0.0172,0.2908,0.4490,0.3194,0.3189,-0.0178,49
2026-03-21T17:41:16.766514,0,0.3170,0.0569,0.3170,0.4495,0.3205,0.3198,-0.0216,50
2026-03-21T17:41:16.835963,0,0.2946,0.0214,0.2946,0.4481,0.3192,0.3187,-0.0179,49
2026-03-21T17:41:16.905460,0,0.3163,0.0573,0.3163,0.4560,0.3201,0.3194,-0.0217,50
2026-03-21T17:41:16.974732,0,0.3134,0.0483,0.3134,0.4524,0.3204,0.3197,-0.0214,50
2026-03-21T17:41:17.044789,0,0.3187,0.0551,0.3187,0.4512,0.3200,0.3193,-0.0213,50
2026-03-21T17:41:17.114652,0,0.3180,0.0502,0.3180,0.4463,0.3208,0.3201,-0.0213,50
2026-03-21T17:41:17.184083,0,0.2881,0.0161,0.2881,0.4462,0.3193,0.3188,-0.0179,49
2026-03-21T17:41:17.253854,0,0.2897,0.0215,0.2897,0.4542,0.3194,0.3189,-0.0179,49
2026-03-21T17:41:17.323414,0,0.3207,0.0597,0.3207,0.4514,0.3199,0.3192,-0.0213,50
2026-03-21T17:41:17.393187,0,0.2879,0.0152,0.2879,0.4470,0.3199,0.3194,-0.0180,49
2026-03-21T17:41:17.463423,0,0.3157,0.0474,0.3157,0.4479,0.3211,0.3204,-0.0215,50
2026-03-21T17:41:17.532453,0,0.2890,0.0209,0.2890,0.4500,0.3190,0.3185,-0.0178,49
2026-03-21T17:41:17.602190,0,0.2873,0.0159,0.2873,0.4477,0.3190,0.3185,-0.0178,49
2026-03-21T17:41:17.672885,0,0.2962,0.0204,0.2962,0.4470,0.3198,0.3193,-0.0180,49
2026-03-21T17:41:17.742128,0,0.3147,0.0469,0.3147,0.4492,0.3206,0.3198,-0.0214,50
2026-03-21T17:41:17.811523,0,0.3169,0.0521,0.3169,0.4482,0.3206,0.3199,-0.0215,50
2026-03-21T17:41:17.881467,0,0.3216,0.0602,0.3216,0.4537,0.3206,0.3199,-0.0214,50
2026-03-21T17:41:17.950743,0,0.3186,0.0558,0.3186,0.4501,0.3199,0.3192,-0.0212,50
2026-03-21T17:41:18.020427,0,0.2907,0.0195,0.2907,0.4517,0.3192,0.3187,-0.0178,49
2026-03-21T17:41:18.090269,0,0.2877,0.0143,0.2877,0.4498,0.3182,0.3177,-0.0178,49
2026-03-21T17:41:18.158907,0,0.2909,0.0160,0.2909,0.4489,0.3188,0.3183,-0.0178,49
2026-03-21T17:41:18.229777,0,0.3131,0.0428,0.3131,0.4495,0.3207,0.3200,-0.0213,50
2026-03-21T17:41:18.298928,0,0.2902,0.0130,0.2902,0.4449,0.3202,0.3197,-0.0179,49
2026-03-21T17:41:18.368449,0,0.2935,0.0225,0.2935,0.4510,0.3192,0.3187,-0.0177,49
2026-03-21T17:41:18.438673,0,0.3184,0.0474,0.3184,0.4462,0.3208,0.3201,-0.0213,50
2026-03-21T17:41:18.508046,0,0.2911,0.0163,0.2911,0.4482,0.3194,0.3190,-0.0177,49
2026-03-21T17:41:18.578183,0,0.2881,0.0132,0.2881,0.4463,0.3194,0.3189,-0.0178,49
2026-03-21T17:41:18.647383,0,0.3200,0.0590,0.3200,0.4533,0.3204,0.3197,-0.0213,50
2026-03-21T17:41:18.717134,0,0.2919,0.0182,0.2919,0.4482,0.3190,0.3185,-0.0178,49
2026-03-21T17:41:18.787513,0,0.2906,0.0205,0.2906,0.4514,0.3193,0.3188,-0.0177,49
2026-03-21T17:41:18.857041,0,0.2888,0.0142,0.2888,0.4460,0.3187,0.3182,-0.0177,49
2026-03-21T17:41:18.926386,0,0.2915,0.0185,0.2915,0.4499,0.3191,0.3186,-0.0179,49
2026-03-21T17:41:18.996713,0,0.2919,0.0169,0.2919,0.4482,0.3194,0.3189,-0.0178,49
2026-03-21T17:41:19.066028,0,0.2949,0.0256,0.2949,0.4514,0.3197,0.3192,-0.0179,49
2026-03-21T17:41:19.136221,0,0.2919,0.0196,0.2919,0.4488,0.3194,0.3189,-0.0181,49
2026-03-21T17:41:19.205631,0,0.2909,0.0199,0.2909,0.4527,0.3197,0.3191,-0.0180,49
2026-03-21T17:41:19.275205,0,0.2916,0.0214,0.2916,0.4514,0.3189,0.3184,-0.0176,49
2026-03-21T17:41:19.344850,0,0.3192,0.0519,0.3192,0.4498,0.3203,0.3196,-0.0210,50
2026-03-21T17:41:19.414008,0,0.2866,0.0152,0.2866,0.4478,0.3187,0.3182,-0.0176,49
2026-03-21T17:41:19.483766,0,0.2865,0.0175,0.2865,0.4502,0.3193,0.3188,-0.0180,49
2026-03-21T17:41:19.554410,0,0.2897,0.0221,0.2897,0.4523,0.3195,0.3190,-0.0179,49
2026-03-21T17:41:19.623770,0,0.3217,0.0544,0.3217,0.4470,0.3200,0.3193,-0.0214,50
2026-03-21T17:41:19.693227,0,0.2865,0.0255,0.2865,0.4542,0.3184,0.3179,-0.0175,49
2026-03-21T17:41:19.763270,0,0.3166,0.0534,0.3166,0.4522,0.3199,0.3192,-0.0214,50
2026-03-21T17:41:19.832440,0,0.3177,0.0549,0.3177,0.4510,0.3203,0.3196,-0.0213,50
2026-03-21T17:41:19.901849,0,0.2887,0.0174,0.2887,0.4483,0.3201,0.3195,-0.0182,49
2026-03-21T17:41:19.971800,0,0.2890,0.0168,0.2890,0.4470,0.3195,0.3190,-0.0178,49
2026-03-21T17:41:20.041624,0,0.2912,0.0152,0.2912,0.4468,0.3195,0.3190,-0.0177,49
2026-03-21T17:41:20.111509,0,0.2909,0.0138,0.2909,0.4464,0.3201,0.3196,-0.0179,49
2026-03-21T17:41:20.180519,0,0.2919,0.0186,0.2919,0.4488,0.3192,0.3187,-0.0179,49
2026-03-21T17:41:20.250284,0,0.2901,0.0194,0.2901,0.4494,0.3188,0.3183,-0.0179,49
2026-03-21T17:41:20.320314,0,0.2899,0.0159,0.2899,0.4478,0.3195,0.3190,-0.0179,49
2026-03-21T17:41:20.390084,0,0.2950,0.0236,0.2950,0.4512,0.3188,0.3183,-0.0176,49
2026-03-21T17:41:20.458738,0,0.2885,0.0151,0.2885,0.4498,0.3188,0.3183,-0.0179,49
2026-03-21T17:41:20.529502,0,0.2907,0.0145,0.2907,0.4468,0.3196,0.3191,-0.0177,49
2026-03-21T17:41:20.598862,0,0.2880,0.0189,0.2880,0.4481,0.3193,0.3188,-0.0180,49
2026-03-21T17:41:20.669633,0,0.2892,0.0188,0.2892,0.4497,0.3198,0.3193,-0.0177,49
2026-03-21T17:41:20.738565,0,0.2928,0.0186,0.2928,0.4470,0.3200,0.3195,-0.0179,49
2026-03-21T17:41:20.808865,0,0.2897,0.0225,0.2897,0.4499,0.3198,0.3193,-0.0181,49
2026-03-21T17:41:20.878653,0,0.2885,0.0165,0.2885,0.4480,0.3198,0.3193,-0.0178,49
2026-03-21T17:41:20.947560,0,0.2917,0.0171,0.2917,0.4490,0.3200,0.3195,-0.0179,49
2026-03-21T17:41:21.017523,0,0.2908,0.0192,0.2908,0.4511,0.3191,0.3186,-0.0177,49
2026-03-21T17:41:21.087200,0,0.2877,0.0171,0.2877,0.4480,0.3194,0.3189,-0.0179,49
2026-03-21T17:41:21.156020,0,0.2909,0.0177,0.2909,0.4481,0.3194,0.3189,-0.0179,49
2026-03-21T17:41:21.226556,0,0.2944,0.0205,0.2944,0.4472,0.3196,0.3191,-0.0178,49
2026-03-21T17:41:21.296480,0,0.2912,0.0196,0.2912,0.4478,0.3191,0.3186,-0.0179,49
2026-03-21T17:41:21.365456,0,0.2892,0.0142,0.2892,0.4453,0.3205,0.3200,-0.0178,49
2026-03-21T17:41:21.435457,0,0.2899,0.0184,0.2899,0.4479,0.3189,0.3184,-0.0177,49
2026-03-21T17:41:21.504992,0,0.2927,0.0213,0.2927,0.4508,0.3186,0.3181,-0.0177,49
2026-03-21T17:41:21.574551,0,0.2924,0.0225,0.2924,0.4498,0.3189,0.3184,-0.0181,49
2026-03-21T17:41:21.643953,0,0.2950,0.0233,0.2950,0.4490,0.3197,0.3192,-0.0178,49
2026-03-21T17:41:21.714023,0,0.2918,0.0209,0.2918,0.4520,0.3193,0.3189,-0.0178,49
2026-03-21T17:41:21.784005,0,0.2880,0.0151,0.2880,0.4473,0.3201,0.3196,-0.0179,49
2026-03-21T17:41:21.854067,0,0.3190,0.0546,0.3190,0.4490,0.3212,0.3205,-0.0213,50
2026-03-21T17:41:21.922624,0,0.2919,0.0187,0.2919,0.4500,0.3188,0.3183,-0.0181,49
2026-03-21T17:41:21.993945,0,0.2883,0.0185,0.2883,0.4470,0.3204,0.3199,-0.0178,49
2026-03-21T17:41:22.062807,0,0.2904,0.0212,0.2904,0.4485,0.3188,0.3183,-0.0179,49
2026-03-21T17:41:22.132221,0,0.2891,0.0196,0.2891,0.4537,0.3175,0.3170,-0.0181,49
2026-03-21T17:41:22.202490,0,0.2931,0.0190,0.2931,0.4474,0.3197,0.3192,-0.0179,49
2026-03-21T17:41:22.271249,0,0.3150,0.0480,0.3150,0.4485,0.3195,0.3188,-0.0213,50
2026-03-21T17:41:22.341700,0,0.2887,0.0203,0.2887,0.4533,0.3185,0.3180,-0.0176,49
2026-03-21T17:41:22.410843,0,0.2895,0.0159,0.2895,0.4498,0.3190,0.3185,-0.0179,49
2026-03-21T17:41:22.480553,0,0.2884,0.0181,0.2884,0.4490,0.3191,0.3186,-0.0179,49
2026-03-21T17:41:22.550749,0,0.2896,0.0154,0.2896,0.4492,0.3191,0.3185,-0.0180,49
2026-03-21T17:41:22.620427,0,0.2913,0.0189,0.2913,0.4483,0.3183,0.3178,-0.0180,49
2026-03-21T17:41:22.689754,0,0.2911,0.0192,0.2911,0.4502,0.3197,0.3192,-0.0180,49
2026-03-21T17:41:22.759590,0,0.3193,0.0578,0.3193,0.4495,0.3202,0.3194,-0.0213,50
2026-03-21T17:41:22.829319,0,0.2936,0.0235,0.2936,0.4510,0.3197,0.3192,-0.0180,49
2026-03-21T17:41:22.898807,0,0.2903,0.0171,0.2903,0.4480,0.3193,0.3188,-0.0179,49
2026-03-21T17:41:22.969173,0,0.2920,0.0188,0.2920,0.4498,0.3199,0.3194,-0.0180,49
2026-03-21T17:41:23.038430,0,0.2907,0.0198,0.2907,0.4507,0.3192,0.3187,-0.0178,49
2026-03-21T17:41:23.107823,0,0.2854,0.0170,0.2854,0.4510,0.3190,0.3185,-0.0177,49
2026-03-21T17:41:23.177741,0,0.2869,0.0165,0.2869,0.4483,0.3188,0.3183,-0.0178,49
2026-03-21T17:41:23.247143,0,0.2904,0.0174,0.2904,0.4512,0.3189,0.3184,-0.0177,49
2026-03-21T17:41:23.317264,0,0.2886,0.0207,0.2886,0.4508,0.3197,0.3192,-0.0179,49
2026-03-21T17:41:23.386398,0,0.3225,0.0609,0.3225,0.4499,0.3199,0.3191,-0.0217,50
2026-03-21T17:41:23.456554,0,0.2938,0.0198,0.2938,0.4492,0.3191,0.3186,-0.0180,49
2026-03-21T17:41:23.525840,0,0.2889,0.0178,0.2889,0.4514,0.3186,0.3181,-0.0178,49
2026-03-21T17:41:23.595041,0,0.3172,0.0535,0.3172,0.4532,0.3198,0.3191,-0.0213,50
2026-03-21T17:41:23.665511,0,0.3183,0.0504,0.3183,0.4500,0.3200,0.3192,-0.0213,50
2026-03-21T17:41:23.735226,0,0.2907,0.0179,0.2907,0.4482,0.3200,0.3195,-0.0182,49
2026-03-21T17:41:23.805559,0,0.3190,0.0585,0.3190,0.4493,0.3203,0.3196,-0.0215,50
2026-03-21T17:41:23.874686,0,0.2867,0.0198,0.2867,0.4518,0.3188,0.3184,-0.0178,49
2026-03-21T17:41:23.944933,0,0.2874,0.0195,0.2874,0.4504,0.3196,0.3191,-0.0180,49
2026-03-21T17:41:24.014518,0,0.3155,0.0526,0.3155,0.4487,0.3203,0.3196,-0.0214,50
2026-03-21T17:41:24.083378,0,0.2889,0.0181,0.2889,0.4482,0.3204,0.3199,-0.0179,49
2026-03-21T17:41:24.153448,0,0.2896,0.0156,0.2896,0.4495,0.3185,0.3180,-0.0178,49
2026-03-21T17:41:24.223118,0,0.2856,0.0152,0.2856,0.4489,0.3180,0.3175,-0.0178,49
2026-03-21T17:41:24.293020,0,0.3189,0.0573,0.3189,0.4490,0.3201,0.3194,-0.0214,50
2026-03-21T17:41:24.362258,0,0.3188,0.0497,0.3188,0.4484,0.3201,0.3194,-0.0216,50
2026-03-21T17:41:24.431864,0,0.2898,0.0176,0.2898,0.4461,0.3197,0.3192,-0.0178,49
2026-03-21T17:41:24.501883,0,0.3197,0.0512,0.3197,0.4482,0.3206,0.3199,-0.0212,50
2026-03-21T17:41:24.571522,0,0.2933,0.0173,0.2933,0.4475,0.3197,0.3192,-0.0176,49
2026-03-21T17:41:24.641434,0,0.2882,0.0227,0.2882,0.4530,0.3188,0.3183,-0.0177,49
2026-03-21T17:41:24.709710,0,0.3203,0.0555,0.3203,0.4508,0.3205,0.3198,-0.0213,50
2026-03-21T17:41:24.779922,0,0.2867,0.0162,0.2867,0.4480,0.3187,0.3182,-0.0179,49
2026-03-21T17:41:24.850493,0,0.2894,0.0169,0.2894,0.4498,0.3190,0.3185,-0.0179,49
2026-03-21T17:41:24.919095,0,0.3206,0.0594,0.3206,0.4520,0.3201,0.3194,-0.0212,50
2026-03-21T17:41:24.990122,0,0.2855,0.0169,0.2855,0.4470,0.3192,0.3187,-0.0177,49
2026-03-21T17:41:25.059375,0,0.2898,0.0189,0.2898,0.4489,0.3188,0.3183,-0.0179,49
2026-03-21T17:41:25.129234,0,0.2914,0.0211,0.2914,0.4514,0.3194,0.3189,-0.0178,49
2026-03-21T17:41:25.197581,0,0.3178,0.0522,0.3178,0.4500,0.3205,0.3198,-0.0215,50
2026-03-21T17:41:25.268333,0,0.2908,0.0186,0.2908,0.4480,0.3197,0.3191,-0.0180,49
2026-03-21T17:41:25.337048,0,0.3192,0.0548,0.3192,0.4500,0.3193,0.3186,-0.0211,50
2026-03-21T17:41:25.407973,0,0.2927,0.0170,0.2927,0.4464,0.3198,0.3193,-0.0178,49
2026-03-21T17:41:25.477462,0,0.2911,0.0204,0.2911,0.4517,0.3195,0.3190,-0.0181,49
2026-03-21T17:41:25.546938,0,0.3148,0.0487,0.3148,0.4474,0.3199,0.3192,-0.0213,50
2026-03-21T17:41:25.617465,0,0.2905,0.0195,0.2905,0.4499,0.3189,0.3184,-0.0181,49
2026-03-21T17:41:25.686257,0,0.2901,0.0176,0.2901,0.4485,0.3197,0.3192,-0.0181,49
2026-03-21T17:41:25.756863,0,0.2865,0.0204,0.2865,0.4517,0.3184,0.3179,-0.0180,49
2026-03-21T17:41:25.825908,0,0.3232,0.0657,0.3232,0.4521,0.3197,0.3190,-0.0215,50
2026-03-21T17:41:25.895964,0,0.2906,0.0176,0.2906,0.4489,0.3192,0.3187,-0.0179,49
2026-03-21T17:41:25.965524,0,0.2906,0.0178,0.2906,0.4498,0.3190,0.3185,-0.0178,49
2026-03-21T17:41:26.034717,0,0.2929,0.0215,0.2929,0.4490,0.3194,0.3189,-0.0178,49
2026-03-21T17:41:26.104381,0,0.2897,0.0185,0.2897,0.4495,0.3188,0.3183,-0.0180,49
2026-03-21T17:41:26.174342,0,0.2903,0.0170,0.2903,0.4502,0.3184,0.3179,-0.0178,49
2026-03-21T17:41:26.243325,0,0.3196,0.0545,0.3196,0.4498,0.3199,0.3192,-0.0213,50
2026-03-21T17:41:26.313838,0,0.3197,0.0546,0.3197,0.4489,0.3202,0.3195,-0.0214,50
2026-03-21T17:41:26.383397,0,0.2905,0.0160,0.2905,0.4489,0.3195,0.3190,-0.0179,49
2026-03-21T17:41:26.452818,0,0.2938,0.0204,0.2938,0.4498,0.3191,0.3186,-0.0178,49
2026-03-21T17:41:26.522942,0,0.2908,0.0195,0.2908,0.4527,0.3190,0.3185,-0.0179,49
2026-03-21T17:41:26.591353,0,0.3213,0.0583,0.3213,0.4482,0.3209,0.3202,-0.0216,50
2026-03-21T17:41:26.662480,0,0.3174,0.0571,0.3174,0.4524,0.3206,0.3199,-0.0212,50
2026-03-21T17:41:26.730938,0,0.2908,0.0187,0.2908,0.4519,0.3176,0.3171,-0.0178,49
2026-03-21T17:41:26.801704,0,0.2942,0.0243,0.2942,0.4527,0.3188,0.3183,-0.0178,49
2026-03-21T17:41:26.870670,0,0.2884,0.0171,0.2884,0.4482,0.3192,0.3187,-0.0179,49
2026-03-21T17:41:26.941193,0,0.3180,0.0513,0.3180,0.4500,0.3202,0.3194,-0.0214,50
2026-03-21T17:41:27.010434,0,0.2887,0.0223,0.2887,0.4527,0.3199,0.3194,-0.0179,49
2026-03-21T17:41:27.080148,0,0.3191,0.0543,0.3191,0.4504,0.3211,0.3203,-0.0216,50
2026-03-21T17:41:27.149767,0,0.2914,0.0163,0.2914,0.4474,0.3194,0.3189,-0.0181,49
2026-03-21T17:41:27.219666,0,0.2906,0.0162,0.2906,0.4481,0.3196,0.3191,-0.0180,49
2026-03-21T17:41:27.289536,0,0.3140,0.0514,0.3140,0.4511,0.3194,0.3187,-0.0214,50
2026-03-21T17:41:27.358929,0,0.2911,0.0231,0.2911,0.4507,0.3190,0.3185,-0.0179,49
2026-03-21T17:41:27.428764,0,0.2911,0.0266,0.2911,0.4530,0.3179,0.3174,-0.0179,49
2026-03-21T17:41:27.498466,0,0.2903,0.0189,0.2903,0.4509,0.3191,0.3186,-0.0180,49
2026-03-21T17:41:27.567518,0,0.3188,0.0575,0.3188,0.4500,0.3201,0.3194,-0.0215,50
2026-03-21T17:41:27.638075,0,0.3217,0.0581,0.3217,0.4507,0.3206,0.3198,-0.0216,50
2026-03-21T17:41:27.707276,0,0.3111,0.0436,0.3111,0.4520,0.3199,0.3192,-0.0213,50
2026-03-21T17:41:27.776586,0,0.2864,0.0215,0.2864,0.4518,0.3193,0.3188,-0.0178,49
2026-03-21T17:41:27.846849,0,0.2934,0.0209,0.2934,0.4485,0.3195,0.3190,-0.0177,49
2026-03-21T17:41:27.915573,0,0.2904,0.0206,0.2904,0.4528,0.3190,0.3185,-0.0176,49
2026-03-21T17:41:27.985879,0,0.2904,0.0205,0.2904,0.4508,0.3196,0.3191,-0.0178,49
2026-03-21T17:41:28.055505,0,0.3253,0.0618,0.3253,0.4482,0.3210,0.3203,-0.0216,50
2026-03-21T17:41:28.125923,0,0.2880,0.0175,0.2880,0.4502,0.3190,0.3185,-0.0179,49
2026-03-21T17:41:28.195764,0,0.2888,0.0174,0.2888,0.4517,0.3195,0.3190,-0.0177,49
2026-03-21T17:41:28.264952,0,0.2897,0.0163,0.2897,0.4490,0.3185,0.3180,-0.0180,49
2026-03-21T17:41:28.334731,0,0.2893,0.0218,0.2893,0.4528,0.3195,0.3190,-0.0181,49
2026-03-21T17:41:28.404210,0,0.2942,0.0215,0.2942,0.4499,0.3191,0.3186,-0.0177,49
2026-03-21T17:41:28.473869,0,0.2893,0.0171,0.2893,0.4490,0.3194,0.3189,-0.0179,49
2026-03-21T17:41:28.543382,0,0.2926,0.0200,0.2926,0.4502,0.3188,0.3183,-0.0178,49
2026-03-21T17:41:28.613909,0,0.2915,0.0204,0.2915,0.4517,0.3198,0.3193,-0.0179,49
2026-03-21T17:41:28.682090,0,0.2912,0.0164,0.2912,0.4473,0.3197,0.3192,-0.0179,49
2026-03-21T17:41:28.753091,0,0.3174,0.0546,0.3174,0.4498,0.3202,0.3195,-0.0215,50
2026-03-21T17:41:28.821658,0,0.3204,0.0556,0.3204,0.4499,0.3209,0.3202,-0.0213,50
2026-03-21T17:41:28.891654,0,0.2900,0.0148,0.2900,0.4480,0.3193,0.3188,-0.0180,49
2026-03-21T17:41:28.960984,0,0.3151,0.0524,0.3151,0.4520,0.3200,0.3193,-0.0212,50
2026-03-21T17:41:29.031878,0,0.3179,0.0573,0.3179,0.4543,0.3203,0.3195,-0.0213,50
2026-03-21T17:41:29.101269,0,0.2917,0.0178,0.2917,0.4498,0.3196,0.3191,-0.0179,49
2026-03-21T17:41:29.171363,0,0.2881,0.0122,0.2881,0.4460,0.3194,0.3189,-0.0179,49
2026-03-21T17:41:29.241033,0,0.2922,0.0175,0.2922,0.4470,0.3194,0.3189,-0.0179,49
2026-03-21T17:41:29.309832,0,0.3205,0.0602,0.3205,0.4510,0.3195,0.3187,-0.0214,50
2026-03-21T17:41:29.379823,0,0.2890,0.0229,0.2890,0.4524,0.3188,0.3183,-0.0176,49
2026-03-21T17:41:29.449790,0,0.2890,0.0162,0.2890,0.4478,0.3204,0.3199,-0.0179,49
2026-03-21T17:41:29.519630,0,0.3214,0.0597,0.3214,0.4488,0.3215,0.3208,-0.0218,50
2026-03-21T17:41:29.588868,0,0.2913,0.0196,0.2913,0.4490,0.3195,0.3190,-0.0179,49
2026-03-21T17:41:29.658701,0,0.3168,0.0606,0.3168,0.4549,0.3196,0.3189,-0.0213,50
2026-03-21T17:41:29.728740,0,0.2918,0.0196,0.2918,0.4490,0.3191,0.3186,-0.0177,49
2026-03-21T17:41:29.797766,0,0.3182,0.0557,0.3182,0.4500,0.3205,0.3198,-0.0214,50
2026-03-21T17:41:29.867200,0,0.2916,0.0182,0.2916,0.4504,0.3192,0.3187,-0.0177,49
2026-03-21T17:41:29.937799,0,0.2919,0.0213,0.2919,0.4517,0.3191,0.3186,-0.0179,49
2026-03-21T17:41:30.007001,0,0.2881,0.0239,0.2881,0.4522,0.3192,0.3187,-0.0178,49
2026-03-21T17:41:30.076947,0,0.3233,0.0647,0.3233,0.4502,0.3203,0.3196,-0.0214,50
2026-03-21T17:41:30.146642,0,0.2930,0.0198,0.2930,0.4500,0.3185,0.3180,-0.0179,49
2026-03-21T17:41:30.216177,0,0.3180,0.0553,0.3180,0.4488,0.3198,0.3191,-0.0217,50
2026-03-21T17:41:30.286192,0,0.2884,0.0187,0.2884,0.4524,0.3196,0.3191,-0.0178,49
2026-03-21T17:41:30.355004,0,0.2896,0.0266,0.2896,0.4520,0.3195,0.3190,-0.0180,49
2026-03-21T17:41:30.425322,0,0.2904,0.0199,0.2904,0.4490,0.3193,0.3188,-0.0180,49
2026-03-21T17:41:30.495104,0,0.3212,0.0597,0.3212,0.4532,0.3194,0.3187,-0.0214,50
2026-03-21T17:41:30.564416,0,0.2886,0.0153,0.2886,0.4491,0.3185,0.3180,-0.0179,49
2026-03-21T17:41:30.634363,0,0.3166,0.0511,0.3166,0.4499,0.3203,0.3196,-0.0213,50
2026-03-21T17:41:30.704018,0,0.3214,0.0611,0.3214,0.4502,0.3206,0.3199,-0.0218,50
2026-03-21T17:41:30.773485,0,0.2913,0.0179,0.2913,0.4470,0.3198,0.3193,-0.0180,49
2026-03-21T17:41:30.843358,0,0.2932,0.0178,0.2932,0.4482,0.3196,0.3191,-0.0180,49
2026-03-21T17:41:30.912737,0,0.2876,0.0117,0.2876,0.4472,0.3192,0.3187,-0.0177,49
2026-03-21T17:41:30.982719,0,0.2933,0.0168,0.2933,0.4470,0.3192,0.3187,-0.0179,49
2026-03-21T17:41:31.051596,0,0.2890,0.0172,0.2890,0.4510,0.3192,0.3187,-0.0178,49
2026-03-21T17:41:31.121842,0,0.2886,0.0151,0.2886,0.4489,0.3189,0.3183,-0.0181,49
2026-03-21T17:41:31.191396,0,0.2906,0.0208,0.2906,0.4517,0.3189,0.3184,-0.0174,49
2026-03-21T17:41:31.262023,0,0.2927,0.0178,0.2927,0.4472,0.3200,0.3194,-0.0181,49
2026-03-21T17:41:31.330939,0,0.2930,0.0192,0.2930,0.4485,0.3189,0.3184,-0.0181,49
2026-03-21T17:41:31.400720,0,0.2933,0.0205,0.2933,0.4472,0.3200,0.3195,-0.0179,49
2026-03-21T17:41:31.469906,0,0.2908,0.0197,0.2908,0.4492,0.3200,0.3195,-0.0179,49
2026-03-21T17:41:31.540559,0,0.3079,0.0377,0.3079,0.4451,0.3226,0.3211,-0.0305,49
2026-03-21T17:41:31.609852,0,0.2895,0.0232,0.2895,0.4514,0.3204,0.3180,-0.0391,48
2026-03-21T17:41:31.679534,0,0.3250,0.0471,0.3250,0.4488,0.3265,0.3206,-0.0618,49
2026-03-21T17:41:31.749055,0,0.1383,0.1383,0.0560,0.4181,0.4480,0.4020,-0.1978,14
2026-03-21T17:41:31.749055,1,0.1102,0.1102,0.0376,0.2292,0.6059,0.5882,-0.1455,7
2026-03-21T17:41:31.749055,2,0.1272,0.1272,0.0538,0.4342,0.3777,0.3773,0.0183,9
2026-03-21T17:41:31.818981,0,0.1596,0.1596,0.0725,0.4042,0.4629,0.4115,-0.2119,14
2026-03-21T17:41:32.028199,0,0.0568,0.0358,0.0568,0.3733,0.6044,0.4004,-0.4527,6
2026-03-21T17:41:32.028199,1,0.0605,0.0253,0.0605,0.4053,0.5002,0.3656,-0.3414,5
2026-03-21T17:41:32.097396,0,0.1550,0.0294,0.1550,0.4131,0.5309,0.3570,-0.3929,12
2026-03-21T17:41:32.168136,0,0.0728,0.0728,0.0373,0.3775,0.7387,0.4133,-0.6123,7
2026-03-21T17:41:32.168136,1,0.1317,0.1317,0.0650,0.4211,0.5469,0.3844,-0.3891,12
2026-03-21T17:41:32.236716,0,0.2868,0.2868,0.1307,0.4183,0.6154,0.4316,-0.4387,23
2026-03-21T17:41:32.307109,0,0.2408,0.2408,0.1642,0.4206,0.6194,0.4083,-0.4658,23
2026-03-21T17:41:32.376957,0,0.2888,0.2888,0.1614,0.4200,0.6359,0.4292,-0.4692,25
2026-03-21T17:41:32.445697,0,0.3283,0.3283,0.2001,0.4197,0.6517,0.4359,-0.4845,28
2026-03-21T17:41:32.516139,0,0.2419,0.2419,0.2194,0.4203,0.6431,0.4051,-0.4994,25
2026-03-21T17:41:32.585325,0,0.2685,0.2685,0.1788,0.4191,0.6460,0.4221,-0.4889,24
2026-03-21T17:41:32.655369,0,0.1188,0.0043,0.1188,0.4176,0.7004,0.3440,-0.6101,6
2026-03-21T17:41:32.655369,1,0.0745,0.0745,0.0642,0.4528,0.5378,0.3312,-0.4237,9
2026-03-21T17:41:32.655369,2,0.2064,0.2064,0.0177,0.3158,0.7165,0.5426,-0.4678,11
2026-03-21T17:41:32.724868,0,0.0768,0.0188,0.0768,1.0125,0.5244,-0.2457,-0.4633,5
2026-03-21T17:41:32.724868,1,0.0907,0.0070,0.0907,0.4158,0.7172,0.3471,-0.6276,5
2026-03-21T17:41:32.724868,2,0.1060,0.1060,0.0320,0.4845,0.5202,0.3138,-0.4149,9
2026-03-21T17:41:32.724868,3,0.1884,0.1884,0.0257,0.2946,0.7291,0.5476,-0.4814,12
2026-03-21T17:41:32.794118,0,0.0342,0.0342,0.0209,1.0295,0.5328,-0.2502,-0.4704,5
2026-03-21T17:41:32.794118,1,0.0961,0.0961,0.0429,0.5008,0.5030,0.2929,-0.4089,8
2026-03-21T17:41:32.794118,2,0.0814,0.0814,0.0758,0.1626,0.9029,0.6329,-0.6439,8
2026-03-21T17:41:32.864159,0,0.0799,0.0058,0.0799,1.0091,0.5270,-0.2468,-0.4657,5
2026-03-21T17:41:32.864159,1,0.0642,0.0642,0.0207,0.4613,0.7650,0.3295,-0.6904,6
2026-03-21T17:41:32.864159,2,0.0514,0.0514,0.0364,0.5324,0.4536,0.2472,-0.3803,7
2026-03-21T17:41:32.934076,0,0.0561,0.0561,0.0425,0.4899,0.7310,0.2915,-0.6704,6
2026-03-21T17:41:32.934076,1,0.0575,0.0575,0.0255,0.5555,0.4219,0.2269,-0.3557,8
2026-03-21T17:41:33.002946,0,0.0672,0.0231,0.0672,0.9930,0.4823,-0.2223,-0.4280,6
2026-03-21T17:41:33.002946,1,0.0568,0.0568,0.0286,0.5162,0.7012,0.2684,-0.6478,6
2026-03-21T17:41:33.002946,2,0.0784,0.0784,0.0448,0.5738,0.3942,0.2122,-0.3322,10
2026-03-21T17:41:33.073267,0,0.0925,0.0230,0.0925,0.9920,0.4891,-0.2214,-0.4362,7
2026-03-21T17:41:33.073267,1,0.0689,0.0689,0.0352,0.5308,0.6901,0.2585,-0.6399,7
2026-03-21T17:41:33.073267,2,0.0724,0.0714,0.0724,0.5927,0.3623,0.1948,-0.3055,12
2026-03-21T17:41:33.142395,0,0.0821,0.0243,0.0821,0.9985,0.4957,-0.2245,-0.4420,7
2026-03-21T17:41:33.142395,1,0.0667,0.0667,0.0416,0.5311,0.6850,0.2566,-0.6351,7
2026-03-21T17:41:33.142395,2,0.0560,0.0560,0.0538,0.5985,0.3273,0.1807,-0.2729,12
2026-03-21T17:41:33.212988,0,0.0844,0.0202,0.0844,1.0030,0.5110,-0.2312,-0.4557,7
2026-03-21T17:41:33.212988,1,0.0877,0.0601,0.0877,0.5192,0.6974,0.2664,-0.6445,8
2026-03-21T17:41:33.212988,2,0.0803,0.0803,0.0639,0.6111,0.3066,0.1694,-0.2555,14
2026-03-21T17:41:33.282639,0,0.1256,0.0205,0.1256,1.0123,0.5394,-0.2438,-0.4812,7
2026-03-21T17:41:33.282639,1,0.0827,0.0238,0.0827,0.5042,0.7088,0.2650,-0.6574,5
2026-03-21T17:41:33.282639,2,0.0810,0.0810,0.0507,0.6292,0.2807,0.1532,-0.2352,15
2026-03-21T17:41:33.352430,0,0.0961,0.0405,0.0961,1.0289,0.5555,-0.2517,-0.4952,7
2026-03-21T17:41:33.352430,1,0.0717,0.0717,0.0522,0.6411,0.2597,0.1397,-0.2189,16
2026-03-21T17:41:33.421946,0,0.0422,0.0314,0.0422,1.0245,0.5471,-0.2525,-0.4853,6
2026-03-21T17:41:33.421946,1,0.0698,0.0698,0.0641,0.6683,0.2374,0.1187,-0.2056,19
2026-03-21T17:41:33.492072,0,0.1009,0.0261,0.1009,1.0155,0.5398,-0.2445,-0.4813,7
2026-03-21T17:41:33.492072,1,0.0889,0.0889,0.0443,0.6938,0.2205,0.0989,-0.1970,22
2026-03-21T17:41:33.560241,0,0.0967,0.0275,0.0967,1.0126,0.5282,-0.2393,-0.4709,7
2026-03-21T17:41:33.560241,1,0.1068,0.1068,0.0332,0.7115,0.2169,0.0894,-0.1977,23
2026-03-21T17:41:33.631085,0,0.0907,0.0329,0.0907,1.0078,0.5174,-0.2345,-0.4612,7
2026-03-21T17:41:33.631085,1,0.1017,0.1017,0.0245,0.7053,0.2259,0.0949,-0.2050,22
2026-03-21T17:41:33.700830,0,0.0792,0.0327,0.0792,1.0065,0.5104,-0.2313,-0.4550,7
2026-03-21T17:41:33.700830,1,0.1219,0.1219,0.0477,0.6987,0.2383,0.1041,-0.2144,22
2026-03-21T17:41:33.769723,0,0.0348,0.0314,0.0348,0.9995,0.4891,-0.2258,-0.4339,6
2026-03-21T17:41:33.769723,1,0.1041,0.1041,0.0442,0.6824,0.2561,0.1133,-0.2297,19
2026-03-21T17:41:33.838991,0,0.0303,0.0303,0.0259,0.9970,0.4739,-0.2225,-0.4184,5
2026-03-21T17:41:33.838991,1,0.0800,0.0800,0.0677,0.6712,0.2804,0.1187,-0.2540,17
2026-03-21T17:41:33.909993,0,0.0611,0.0248,0.0611,0.9955,0.4771,-0.2238,-0.4213,5
2026-03-21T17:41:33.909993,1,0.0752,0.0752,0.0383,0.6662,0.2943,0.1248,-0.2666,15
2026-03-21T17:41:33.978953,0,0.0900,0.0900,0.0391,0.6568,0.3062,0.1347,-0.2750,15
2026-03-21T17:41:34.048991,0,0.0881,0.0881,0.0651,0.6395,0.3147,0.1480,-0.2777,15
2026-03-21T17:41:34.118961,0,0.0708,0.0708,0.0573,0.6317,0.3098,0.1527,-0.2696,14
2026-03-21T17:41:34.188658,0,0.0655,0.0655,0.0540,0.6214,0.3121,0.1632,-0.2661,14
2026-03-21T17:41:34.258636,0,0.0718,0.0718,0.0503,0.6092,0.3145,0.1715,-0.2637,13
2026-03-21T17:41:34.328582,0,0.0673,0.0393,0.0673,0.5975,0.3205,0.1766,-0.2675,12
2026-03-21T17:41:34.398332,0,0.0652,0.0652,0.0401,0.5921,0.3237,0.1858,-0.2650,11
2026-03-21T17:41:34.467082,0,0.0570,0.0552,0.0570,0.6090,0.3047,0.1681,-0.2541,12
2026-03-21T17:41:34.536828,0,0.0666,0.0640,0.0666,0.6296,0.2748,0.1517,-0.2292,14
2026-03-21T17:41:34.606535,0,0.0612,0.0484,0.0612,0.5661,0.4945,0.2128,-0.4464,8
2026-03-21T17:41:34.606535,1,0.0627,0.0627,0.0604,0.6246,0.2670,0.1588,-0.2146,14
2026-03-21T17:41:34.675884,0,0.0593,0.0593,0.0333,0.5841,0.4764,0.2013,-0.4318,9
2026-03-21T17:41:34.675884,1,0.0578,0.0421,0.0578,0.6131,0.2592,0.1612,-0.2030,14
2026-03-21T17:41:34.745671,0,0.0555,0.0555,0.0428,0.5962,0.4582,0.1862,-0.4186,9
2026-03-21T17:41:34.745671,1,0.0785,0.0488,0.0785,0.6116,0.2499,0.1637,-0.1889,15
2026-03-21T17:41:34.815818,0,0.0815,0.0815,0.0732,0.5920,0.4553,0.1924,-0.4126,11
2026-03-21T17:41:34.815818,1,0.0710,0.0617,0.0710,0.6200,0.2378,0.1621,-0.1739,15
2026-03-21T17:41:34.884574,0,0.0840,0.0686,0.0840,0.5871,0.4509,0.1973,-0.4055,11
2026-03-21T17:41:34.884574,1,0.0753,0.0753,0.0508,0.6081,0.2363,0.1673,-0.1669,15
2026-03-21T17:41:34.954820,0,0.0686,0.0686,0.0565,0.5781,0.4379,0.2055,-0.3866,11
2026-03-21T17:41:34.954820,1,0.0568,0.0534,0.0568,0.6071,0.2343,0.1699,-0.1613,14
2026-03-21T17:41:35.025142,0,0.1064,0.0937,0.1064,0.5771,0.4157,0.2151,-0.3557,13
2026-03-21T17:41:35.025142,1,0.0787,0.0687,0.0787,0.5923,0.2449,0.1817,-0.1642,17
2026-03-21T17:41:35.093944,0,0.0790,0.0790,0.0653,0.5806,0.3883,0.2093,-0.3271,10
2026-03-21T17:41:35.093944,1,0.0954,0.0444,0.0954,0.5963,0.2417,0.1776,-0.1639,20
2026-03-21T17:41:35.164269,0,0.1997,0.0758,0.1997,0.5849,0.2759,0.1967,-0.1935,32
2026-03-21T17:41:35.233492,0,0.1684,0.1684,0.1638,0.5844,0.2977,0.2210,-0.1996,31
2026-03-21T17:41:35.303625,0,0.1220,0.1220,0.1172,0.5711,0.2964,0.2252,-0.1927,26
2026-03-21T17:41:35.373146,0,0.0789,0.0789,0.0563,0.5633,0.2639,0.2137,-0.1548,13
2026-03-21T17:41:36.069703,0,0.0876,0.0441,0.0876,0.2500,0.5305,0.5285,0.0462,8
2026-03-21T17:41:36.139386,0,0.1119,0.0599,0.1119,0.2391,0.5468,0.5458,0.0337,12
2026-03-21T17:41:36.209543,0,0.1120,0.0458,0.1120,0.2211,0.5617,0.5606,0.0350,12
2026-03-21T17:41:36.279430,0,0.1175,0.0531,0.1175,0.1991,0.5852,0.5846,0.0262,12
2026-03-21T17:41:36.348728,0,0.1151,0.0450,0.1151,0.1964,0.5905,0.5905,0.0057,12
2026-03-21T17:41:36.418343,0,0.1166,0.0699,0.1166,0.2004,0.5890,0.5890,0.0060,12
2026-03-21T17:41:36.488104,0,0.1187,0.0467,0.1187,0.1851,0.5991,0.5990,0.0051,12
2026-03-21T17:41:36.557310,0,0.0956,0.0149,0.0956,0.1663,0.5998,0.5996,0.0157,10
2026-03-21T17:41:36.627344,0,0.0840,0.0118,0.0840,0.1683,0.5986,0.5982,0.0209,9
2026-03-21T17:41:36.696931,0,0.0963,0.0269,0.0963,0.1683,0.6007,0.6002,0.0262,10
2026-03-21T17:41:36.766395,0,0.0838,0.0143,0.0838,0.1704,0.5978,0.5970,0.0313,9
2026-03-21T17:41:36.836682,0,0.1005,0.0477,0.1005,0.1660,0.6021,0.6010,0.0372,10
2026-03-21T17:41:36.906575,0,0.0989,0.0371,0.0989,0.1673,0.6013,0.6002,0.0370,10
2026-03-21T17:41:36.975950,0,0.0961,0.0303,0.0961,0.1714,0.6001,0.5990,0.0366,10
2026-03-21T17:41:37.046043,0,0.0964,0.0463,0.0964,0.1694,0.6031,0.6020,0.0367,10
2026-03-21T17:41:37.115068,0,0.0961,0.0429,0.0961,0.1660,0.6030,0.6019,0.0367,10
2026-03-21T17:41:37.185022,0,0.0965,0.0523,0.0965,0.1694,0.6032,0.6021,0.0366,10
2026-03-21T17:41:37.255221,0,0.0960,0.0343,0.0960,0.1674,0.6020,0.6009,0.0367,10
2026-03-21T17:41:37.324720,0,0.1061,0.0244,0.1061,0.1784,0.5950,0.5942,0.0313,11
2026-03-21T17:41:37.394503,0,0.0955,0.0826,0.0955,0.2287,0.5736,0.5725,0.0348,10
2026-03-21T17:41:37.464790,0,0.0946,0.0383,0.0946,0.1674,0.6005,0.5994,0.0364,10
2026-03-21T17:41:37.534032,0,0.0950,0.0263,0.0950,0.1664,0.5995,0.5984,0.0365,10
2026-03-21T17:41:37.603139,0,0.0951,0.0367,0.0951,0.1688,0.6007,0.5996,0.0366,10
2026-03-21T17:41:37.671984,0,0.0947,0.0330,0.0947,0.1691,0.5983,0.5972,0.0365,10
2026-03-21T17:41:37.742734,0,0.0950,0.0242,0.0950,0.1663,0.6011,0.6000,0.0366,10
2026-03-21T17:41:37.811430,0,0.0957,0.0263,0.0957,0.1684,0.6002,0.5991,0.0366,10
2026-03-21T17:41:37.880993,0,0.0956,0.0383,0.0956,0.1674,0.6020,0.6009,0.0366,10
2026-03-21T17:41:37.951519,0,0.0955,0.0353,0.0955,0.1684,0.6015,0.6004,0.0366,10
2026-03-21T17:41:38.021327,0,0.0952,0.0284,0.0952,0.1645,0.6005,0.5994,0.0365,10
2026-03-21T17:41:38.090679,0,0.0953,0.0413,0.0953,0.1734,0.5991,0.5980,0.0363,10
2026-03-21T17:41:38.161051,0,0.0950,0.0427,0.0950,0.1648,0.6034,0.6023,0.0366,10
2026-03-21T17:41:38.229851,0,0.0958,0.0410,0.0958,0.1691,0.6004,0.5993,0.0366,10
2026-03-21T17:41:38.299892,0,0.0953,0.0353,0.0953,0.1684,0.6031,0.6020,0.0367,10
2026-03-21T17:41:38.369948,0,0.0951,0.0381,0.0951,0.1742,0.5998,0.5987,0.0365,10
2026-03-21T17:41:38.439200,0,0.0951,0.0317,0.0951,0.1658,0.6012,0.6001,0.0366,10
2026-03-21T17:41:38.509093,0,0.0954,0.0293,0.0954,0.1654,0.6022,0.6011,0.0367,10
2026-03-21T17:41:38.579722,0,0.0954,0.0403,0.0954,0.1684,0.6012,0.6001,0.0365,10
2026-03-21T17:41:38.648535,0,0.0942,0.0222,0.0942,0.1673,0.5995,0.5984,0.0365,10
2026-03-21T17:41:38.718056,0,0.0944,0.0244,0.0944,0.1665,0.5986,0.5975,0.0364,10
2026-03-21T17:41:38.788206,0,0.0952,0.0354,0.0952,0.1655,0.6014,0.6003,0.0365,10
2026-03-21T17:41:38.857942,0,0.0952,0.0091,0.0952,0.1650,0.5980,0.5969,0.0366,10
2026-03-21T17:41:38.927258,0,0.0956,0.0283,0.0956,0.1734,0.5982,0.5971,0.0366,10
2026-03-21T17:41:38.996540,0,0.0959,0.0200,0.0959,0.1671,0.5999,0.5988,0.0367,10
2026-03-21T17:41:39.066835,0,0.0948,0.0283,0.0948,0.1654,0.6019,0.6008,0.0366,10
2026-03-21T17:41:39.136119,0,0.0957,0.0404,0.0957,0.1665,0.6012,0.6001,0.0366,10
2026-03-21T17:41:39.205741,0,0.0951,0.0422,0.0951,0.1673,0.6001,0.5990,0.0364,10
2026-03-21T17:41:39.275837,0,0.0955,0.0429,0.0955,0.1700,0.6012,0.6001,0.0366,10
2026-03-21T17:41:39.345492,0,0.0958,0.0447,0.0958,0.1688,0.6013,0.6002,0.0366,10
2026-03-21T17:41:39.415083,0,0.0961,0.0387,0.0961,0.1658,0.6021,0.6010,0.0366,10
2026-03-21T17:41:39.483846,0,0.0944,0.0227,0.0944,0.1668,0.5989,0.5978,0.0365,10
2026-03-21T17:41:39.553983,0,0.0942,0.0421,0.0942,0.1722,0.5980,0.5969,0.0363,10
2026-03-21T17:41:39.623923,0,0.0955,0.0262,0.0955,0.1673,0.6016,0.6005,0.0367,10
2026-03-21T17:41:39.694139,0,0.0951,0.0227,0.0951,0.1658,0.5990,0.5979,0.0365,10
2026-03-21T17:41:39.763508,0,0.0942,0.0427,0.0942,0.1678,0.6025,0.6014,0.0365,10
2026-03-21T17:41:39.832996,0,0.0949,0.0393,0.0949,0.1714,0.6001,0.5990,0.0365,10
2026-03-21T17:41:39.902905,0,0.0951,0.0283,0.0951,0.1684,0.5997,0.5986,0.0366,10
2026-03-21T17:41:39.972866,0,0.0951,0.0224,0.0951,0.1654,0.6005,0.5994,0.0366,10
2026-03-21T17:41:40.042513,0,0.0944,0.0343,0.0944,0.1694,0.5991,0.5980,0.0364,10
2026-03-21T17:41:40.111913,0,0.0946,0.0277,0.0946,0.1688,0.5991,0.5980,0.0365,10
2026-03-21T17:41:40.181386,0,0.0956,0.0322,0.0956,0.1683,0.5993,0.5982,0.0366,10
2026-03-21T17:41:40.252261,0,0.0952,0.0302,0.0952,0.1673,0.5998,0.5987,0.0365,10
2026-03-21T17:41:40.320688,0,0.0960,0.0353,0.0960,0.1684,0.6010,0.5999,0.0366,10
2026-03-21T17:41:40.391669,0,0.0959,0.0433,0.0959,0.1644,0.6036,0.6025,0.0367,10
2026-03-21T17:41:40.460590,0,0.0954,0.0363,0.0954,0.1684,0.6005,0.5994,0.0365,10
2026-03-21T17:41:40.530219,0,0.0951,0.0339,0.0951,0.1700,0.5994,0.5983,0.0365,10
2026-03-21T17:41:40.599183,0,0.0954,0.0239,0.0954,0.1670,0.5986,0.5975,0.0365,10
2026-03-21T17:41:40.669124,0,0.0949,0.0217,0.0949,0.1658,0.6010,0.5999,0.0366,10
2026-03-21T17:41:40.738799,0,0.0952,0.0312,0.0952,0.1693,0.6003,0.5992,0.0366,10
2026-03-21T17:41:40.809084,0,0.0956,0.0363,0.0956,0.1724,0.5984,0.5973,0.0364,10
2026-03-21T17:41:40.878200,0,0.0944,0.0311,0.0944,0.1712,0.5985,0.5974,0.0364,10
2026-03-21T17:41:40.948128,0,0.0950,0.0283,0.0950,0.1684,0.6010,0.5999,0.0366,10
2026-03-21T17:41:41.016818,0,0.0950,0.0377,0.0950,0.1688,0.6004,0.5993,0.0365,10
2026-03-21T17:41:41.086859,0,0.0951,0.0483,0.0951,0.1674,0.6018,0.6007,0.0365,10
2026-03-21T17:41:41.156965,0,0.0955,0.0431,0.0955,0.1712,0.6000,0.5989,0.0365,10
2026-03-21T17:41:41.226136,0,0.0954,0.0389,0.0954,0.1670,0.6012,0.6001,0.0366,10
2026-03-21T17:41:41.295945,0,0.0958,0.0362,0.0958,0.1692,0.6003,0.5992,0.0365,10
2026-03-21T17:41:41.365675,0,0.0953,0.0332,0.0953,0.1663,0.6005,0.5994,0.0366,10
2026-03-21T17:41:41.436226,0,0.0944,0.0242,0.0944,0.1653,0.6010,0.5999,0.0366,10
2026-03-21T17:41:41.506136,0,0.0947,0.0353,0.0947,0.1694,0.5999,0.5988,0.0365,10
2026-03-21T17:41:41.576048,0,0.0947,0.0357,0.0947,0.1688,0.6004,0.5993,0.0364,10
2026-03-21T17:41:41.645582,0,0.0947,0.0343,0.0947,0.1674,0.6004,0.5993,0.0365,10
2026-03-21T17:41:41.715314,0,0.0950,0.0243,0.0950,0.1674,0.5997,0.5986,0.0365,10
2026-03-21T17:41:41.785152,0,0.0957,0.0274,0.0957,0.1664,0.6015,0.6004,0.0366,10
2026-03-21T17:41:41.854244,0,0.0954,0.0329,0.0954,0.1660,0.6009,0.5998,0.0366,10
2026-03-21T17:41:41.924504,0,0.0955,0.0339,0.0955,0.1720,0.6005,0.5994,0.0366,10
2026-03-21T17:41:41.993209,0,0.0951,0.0242,0.0951,0.1692,0.5986,0.5975,0.0365,10
2026-03-21T17:41:42.062980,0,0.0946,0.0373,0.0946,0.1684,0.5984,0.5973,0.0363,10
2026-03-21T17:41:42.132978,0,0.0950,0.0424,0.0950,0.1654,0.6023,0.6012,0.0366,10
2026-03-21T17:41:42.202840,0,0.0954,0.0343,0.0954,0.1744,0.5985,0.5974,0.0365,10
2026-03-21T17:41:42.272362,0,0.0954,0.0314,0.0954,0.1665,0.5999,0.5988,0.0365,10
2026-03-21T17:41:42.341564,0,0.0948,0.0293,0.0948,0.1714,0.5985,0.5974,0.0364,10
2026-03-21T17:41:42.411243,0,0.0954,0.0327,0.0954,0.1658,0.6010,0.5999,0.0366,10
2026-03-21T17:41:42.481259,0,0.0951,0.0262,0.0951,0.1663,0.5999,0.5988,0.0366,10
2026-03-21T17:41:42.551079,0,0.0946,0.0383,0.0946,0.1694,0.5994,0.5983,0.0364,10
2026-03-21T17:41:42.620593,0,0.0946,0.0411,0.0946,0.1732,0.5981,0.5970,0.0363,10
2026-03-21T17:41:42.690299,0,0.0959,0.0352,0.0959,0.1663,0.6027,0.6016,0.0366,10
2026-03-21T17:41:42.760778,0,0.0956,0.0244,0.0956,0.1615,0.6033,0.6022,0.0368,10
2026-03-21T17:41:42.830187,0,0.0942,0.0361,0.0942,0.1722,0.5988,0.5977,0.0364,10
2026-03-21T17:41:42.899868,0,0.0950,0.0417,0.0950,0.1678,0.6008,0.5997,0.0365,10
2026-03-21T17:41:42.968487,0,0.0946,0.0382,0.0946,0.1702,0.6003,0.5992,0.0365,10
2026-03-21T17:41:43.039271,0,0.0953,0.0393,0.0953,0.1774,0.5976,0.5965,0.0364,10
2026-03-21T17:41:43.108564,0,0.0947,0.0313,0.0947,0.1704,0.5985,0.5974,0.0365,10
2026-03-21T17:41:43.178277,0,0.0954,0.0302,0.0954,0.1633,0.6022,0.6011,0.0367,10
2026-03-21T17:41:43.248082,0,0.0956,0.0327,0.0956,0.1678,0.5995,0.5984,0.0365,10
2026-03-21T17:41:43.317568,0,0.0946,0.0343,0.0946,0.1684,0.6016,0.6005,0.0366,10
2026-03-21T17:41:43.387058,0,0.0960,0.0312,0.0960,0.1683,0.6010,0.5999,0.0367,10
2026-03-21T17:41:43.457470,0,0.0948,0.0312,0.0948,0.1683,0.5997,0.5986,0.0365,10
2026-03-21T17:41:43.527045,0,0.0948,0.0373,0.0948,0.1714,0.6011,0.6000,0.0366,10
2026-03-21T17:41:43.596097,0,0.0950,0.0304,0.0950,0.1655,0.6021,0.6010,0.0366,10
2026-03-21T17:41:43.666664,0,0.0952,0.0404,0.0952,0.1665,0.6012,0.6001,0.0365,10
2026-03-21T17:41:43.736031,0,0.0949,0.0302,0.0949,0.1692,0.5984,0.5973,0.0365,10
2026-03-21T17:41:43.806084,0,0.0958,0.0373,0.0958,0.1704,0.5996,0.5985,0.0365,10
2026-03-21T17:41:43.875141,0,0.0939,0.0343,0.0939,0.1724,0.5990,0.5979,0.0363,10
2026-03-21T17:41:43.944387,0,0.0954,0.0329,0.0954,0.1660,0.6014,0.6003,0.0366,10
2026-03-21T17:41:44.015148,0,0.0953,0.0373,0.0953,0.1674,0.6023,0.6012,0.0367,10
2026-03-21T17:41:44.084179,0,0.0956,0.0363,0.0956,0.1674,0.6006,0.5995,0.0366,10
2026-03-21T17:41:44.154042,0,0.0952,0.0303,0.0952,0.1654,0.6002,0.5991,0.0365,10
2026-03-21T17:41:44.224012,0,0.0953,0.0273,0.0953,0.1664,0.6008,0.5997,0.0366,10
2026-03-21T17:41:44.292992,0,0.0950,0.0269,0.0950,0.1680,0.5990,0.5979,0.0366,10
2026-03-21T17:41:44.363217,0,0.0946,0.0413,0.0946,0.1704,0.5999,0.5988,0.0365,10
2026-03-21T17:41:44.433022,0,0.0949,0.0290,0.0949,0.1671,0.6001,0.5990,0.0365,10
2026-03-21T17:41:44.501641,0,0.0956,0.0273,0.0956,0.1674,0.6002,0.5991,0.0365,10
2026-03-21T17:41:44.572397,0,0.0950,0.0324,0.0950,0.1665,0.6006,0.5995,0.0365,10
2026-03-21T17:41:44.642014,0,0.0953,0.0391,0.0953,0.1712,0.6001,0.5990,0.0364,10
2026-03-21T17:41:44.711440,0,0.0941,0.0327,0.0941,0.1668,0.5998,0.5987,0.0364,10
2026-03-21T17:41:44.781136,0,0.0952,0.0343,0.0952,0.1684,0.6000,0.5989,0.0365,10
2026-03-21T17:41:44.851390,0,0.0956,0.0324,0.0956,0.1645,0.6018,0.6007,0.0366,10
2026-03-21T17:41:44.921520,0,0.0955,0.0263,0.0955,0.1714,0.5985,0.5974,0.0365,10
2026-03-21T17:41:44.990345,0,0.0941,0.0317,0.0941,0.1668,0.5998,0.5987,0.0365,10
2026-03-21T17:41:45.059799,0,0.0958,0.0283,0.0958,0.1694,0.5997,0.5986,0.0366,10
2026-03-21T17:41:45.130161,0,0.0955,0.0283,0.0955,0.1704,0.5996,0.5985,0.0365,10
2026-03-21T17:41:45.199195,0,0.0953,0.0383,0.0953,0.1704,0.5987,0.5976,0.0364,10
2026-03-21T17:41:45.268748,0,0.0961,0.0283,0.0961,0.1684,0.6004,0.5993,0.0366,10
2026-03-21T17:41:45.338162,0,0.0955,0.0299,0.0955,0.1680,0.6000,0.5989,0.0366,10
2026-03-21T17:41:45.408134,0,0.0952,0.0333,0.0952,0.1694,0.6007,0.5996,0.0365,10
2026-03-21T17:41:45.477801,0,0.0954,0.0270,0.0954,0.1611,0.6032,0.6021,0.0367,10
2026-03-21T17:41:45.547257,0,0.0953,0.0432,0.0953,0.1683,0.6013,0.6002,0.0365,10
2026-03-21T17:41:45.616376,0,0.0949,0.0293,0.0949,0.1664,0.6000,0.5989,0.0365,10
2026-03-21T17:41:45.687289,0,0.0948,0.0342,0.0948,0.1702,0.5981,0.5970,0.0364,10
2026-03-21T17:41:45.756192,0,0.0953,0.0362,0.0953,0.1673,0.6005,0.5994,0.0365,10
2026-03-21T17:41:45.826262,0,0.0947,0.0360,0.0947,0.1711,0.5977,0.5966,0.0364,10
2026-03-21T17:41:45.895155,0,0.0956,0.0383,0.0956,0.1744,0.6000,0.5989,0.0366,10
2026-03-21T17:41:45.965739,0,0.0950,0.0297,0.0950,0.1648,0.6016,0.6005,0.0365,10
2026-03-21T17:41:46.034874,0,0.0959,0.0377,0.0959,0.1668,0.6018,0.6007,0.0366,10
2026-03-21T17:41:46.105554,0,0.0947,0.0333,0.0947,0.1724,0.5977,0.5966,0.0364,10
2026-03-21T17:41:46.175225,0,0.0953,0.0330,0.0953,0.1651,0.6028,0.6017,0.0367,10
2026-03-21T17:41:46.245007,0,0.0945,0.0312,0.0945,0.1683,0.5988,0.5977,0.0364,10
2026-03-21T17:41:46.314266,0,0.0955,0.0422,0.0955,0.1692,0.5995,0.5984,0.0364,10
2026-03-21T17:41:46.383365,0,0.0951,0.0197,0.0951,0.1678,0.5988,0.5977,0.0366,10
2026-03-21T17:41:46.454366,0,0.0963,0.0373,0.0963,0.1684,0.6006,0.5995,0.0366,10
2026-03-21T17:41:46.523116,0,0.0951,0.0359,0.0951,0.1700,0.5994,0.5983,0.0365,10
2026-03-21T17:41:46.592772,0,0.0951,0.0387,0.0951,0.1678,0.6004,0.5993,0.0365,10
2026-03-21T17:41:46.663215,0,0.0950,0.0357,0.0950,0.1678,0.6023,0.6012,0.0366,10
2026-03-21T17:41:46.732163,0,0.0951,0.0280,0.0951,0.1681,0.5994,0.5983,0.0366,10
2026-03-21T17:41:46.802853,0,0.0953,0.0323,0.0953,0.1694,0.6001,0.5990,0.0365,10
2026-03-21T17:41:46.872683,0,0.0956,0.0322,0.0956,0.1683,0.5991,0.5980,0.0365,10
2026-03-21T17:41:46.941806,0,0.0952,0.0384,0.0952,0.1664,0.6011,0.6000,0.0365,10
2026-03-21T17:41:47.011459,0,0.0962,0.0443,0.0962,0.1694,0.6004,0.5993,0.0365,10
2026-03-21T17:41:47.080333,0,0.0958,0.0280,0.0958,0.1651,0.6016,0.6005,0.0367,10
2026-03-21T17:41:47.149802,0,0.0954,0.0253,0.0954,0.1674,0.5985,0.5974,0.0365,10
2026-03-21T17:41:47.220237,0,0.0943,0.0353,0.0943,0.1694,0.5989,0.5978,0.0363,10
2026-03-21T17:41:47.289937,0,0.0956,0.0223,0.0956,0.1694,0.5974,0.5963,0.0365,10
2026-03-21T17:41:47.359218,0,0.0957,0.0307,0.0957,0.1698,0.5992,0.5981,0.0365,10
2026-03-21T17:41:47.429232,0,0.0951,0.0332,0.0951,0.1683,0.6004,0.5993,0.0365,10
2026-03-21T17:41:47.498637,0,0.0952,0.0493,0.0952,0.1684,0.6008,0.5997,0.0364,10
2026-03-21T17:41:47.568816,0,0.0954,0.0357,0.0954,0.1678,0.5997,0.5986,0.0365,10
2026-03-21T17:41:47.638117,0,0.0955,0.0413,0.0955,0.1694,0.6014,0.6003,0.0365,10
2026-03-21T17:41:47.707747,0,0.0947,0.0391,0.0947,0.1712,0.5998,0.5987,0.0364,10
2026-03-21T17:41:47.777174,0,0.0960,0.0441,0.0960,0.1742,0.6009,0.5998,0.0365,10
2026-03-21T17:41:47.847195,0,0.0948,0.0323,0.0948,0.1684,0.5996,0.5985,0.0365,10
2026-03-21T17:41:47.917240,0,0.0954,0.0302,0.0954,0.1653,0.6008,0.5997,0.0365,10
2026-03-21T17:41:47.986667,0,0.0961,0.0372,0.0961,0.1692,0.6013,0.6002,0.0366,10
2026-03-21T17:41:48.056423,0,0.0962,0.0353,0.0962,0.1684,0.6010,0.5999,0.0366,10
2026-03-21T17:41:48.125834,0,0.0946,0.0253,0.0946,0.1674,0.5997,0.5986,0.0365,10
2026-03-21T17:41:48.195864,0,0.0961,0.0393,0.0961,0.1664,0.6013,0.6002,0.0366,10
2026-03-21T17:41:48.265135,0,0.0947,0.0329,0.0947,0.1680,0.5990,0.5979,0.0365,10
2026-03-21T17:41:48.335561,0,0.0952,0.0372,0.0952,0.1673,0.6003,0.5992,0.0364,10
2026-03-21T17:41:48.404347,0,0.0955,0.0244,0.0955,0.1665,0.6011,0.6000,0.0367,10
2026-03-21T17:41:48.474428,0,0.0949,0.0363,0.0949,0.1754,0.5989,0.5978,0.0365,10
2026-03-21T17:41:48.544825,0,0.0948,0.0299,0.0948,0.1670,0.6004,0.5993,0.0365,10
2026-03-21T17:41:48.613730,0,0.0954,0.0402,0.0954,0.1653,0.6027,0.6016,0.0366,10
2026-03-21T17:41:48.683069,0,0.0956,0.0493,0.0956,0.1714,0.6016,0.6005,0.0365,10
2026-03-21T17:41:48.753576,0,0.0956,0.0423,0.0956,0.1704,0.6010,0.5999,0.0366,10
2026-03-21T17:41:48.822673,0,0.0949,0.0393,0.0949,0.1694,0.5983,0.5972,0.0364,10
2026-03-21T17:41:48.892928,0,0.0945,0.0333,0.0945,0.1694,0.5991,0.5980,0.0364,10
2026-03-21T17:41:48.962710,0,0.0952,0.0317,0.0952,0.1678,0.5998,0.5987,0.0366,10
2026-03-21T17:41:49.032327,0,0.0951,0.0352,0.0951,0.1693,0.5992,0.5981,0.0364,10
2026-03-21T17:41:49.101949,0,0.0956,0.0299,0.0956,0.1670,0.6002,0.5991,0.0366,10
2026-03-21T17:41:49.171409,0,0.0949,0.0357,0.0949,0.1658,0.6003,0.5992,0.0365,10
2026-03-21T17:41:49.240324,0,0.0948,0.0202,0.0948,0.1663,0.5986,0.5975,0.0365,10
2026-03-21T17:41:49.310118,0,0.0954,0.0217,0.0954,0.1648,0.6010,0.5999,0.0367,10
2026-03-21T17:41:49.379463,0,0.0952,0.0304,0.0952,0.1655,0.6007,0.5996,0.0365,10
2026-03-21T17:41:49.450068,0,0.0952,0.0403,0.0952,0.1674,0.6008,0.5997,0.0365,10
2026-03-21T17:41:49.518988,0,0.0956,0.0297,0.0956,0.1658,0.6000,0.5989,0.0365,10
2026-03-21T17:41:49.589061,0,0.0947,0.0224,0.0947,0.1664,0.5995,0.5984,0.0365,10
2026-03-21T17:41:49.658992,0,0.0953,0.0229,0.0953,0.1680,0.5984,0.5973,0.0365,10
2026-03-21T17:41:49.727965,0,0.0955,0.0323,0.0955,0.1664,0.6011,0.6000,0.0366,10
2026-03-21T17:41:49.797812,0,0.0958,0.0332,0.0958,0.1663,0.6024,0.6013,0.0367,10
2026-03-21T17:41:49.868623,0,0.0955,0.0422,0.0955,0.1683,0.6021,0.6010,0.0366,10
2026-03-21T17:41:49.937694,0,0.0959,0.0417,0.0959,0.1678,0.6020,0.6009,0.0367,10
2026-03-21T17:41:50.007457,0,0.0952,0.0324,0.0952,0.1665,0.6024,0.6013,0.0367,10
2026-03-21T17:41:50.078015,0,0.0955,0.0253,0.0955,0.1674,0.5990,0.5979,0.0365,10
2026-03-21T17:41:50.146893,0,0.0951,0.0272,0.0951,0.1692,0.5992,0.5981,0.0365,10
2026-03-21T17:41:50.216872,0,0.0952,0.0282,0.0952,0.1702,0.6008,0.5997,0.0366,10
2026-03-21T17:41:50.285683,0,0.0951,0.0293,0.0951,0.1694,0.5997,0.5986,0.0365,10
2026-03-21T17:41:50.355399,0,0.0950,0.0313,0.0950,0.1654,0.6011,0.6000,0.0366,10
2026-03-21T17:41:50.425877,0,0.0950,0.0343,0.0950,0.1724,0.6008,0.5997,0.0366,10
2026-03-21T17:41:50.495229,0,0.0961,0.0383,0.0961,0.1694,0.6005,0.5994,0.0366,10
2026-03-21T17:41:50.565307,0,0.0949,0.0282,0.0949,0.1663,0.6016,0.6005,0.0366,10
2026-03-21T17:41:50.635208,0,0.0955,0.0372,0.0955,0.1702,0.6001,0.5990,0.0365,10
2026-03-21T17:41:50.704525,0,0.0951,0.0383,0.0951,0.1704,0.5993,0.5982,0.0364,10
2026-03-21T17:41:50.773597,0,0.0955,0.0403,0.0955,0.1704,0.5997,0.5986,0.0365,10
2026-03-21T17:41:50.843872,0,0.0962,0.0332,0.0962,0.1683,0.6019,0.6008,0.0367,10
2026-03-21T17:41:50.912583,0,0.0952,0.0339,0.0952,0.1680,0.6009,0.5998,0.0366,10
2026-03-21T17:41:50.983002,0,0.0947,0.0307,0.0947,0.1708,0.5980,0.5969,0.0365,10
2026-03-21T17:41:51.052684,0,0.1032,0.0442,0.1032,0.1763,0.6007,0.5993,0.0417,11
2026-03-21T17:41:51.052684,1,0.0631,0.0450,0.0631,0.8792,0.4013,-0.0973,0.3893,8
2026-03-21T17:41:51.122492,0,0.0948,0.0279,0.0948,0.1650,0.6013,0.6002,0.0366,10
2026-03-21T17:41:51.122492,1,0.1049,0.0596,0.1049,0.8804,0.3870,-0.0891,0.3766,12
2026-03-21T17:41:51.122492,2,0.0399,0.0399,0.0194,0.9747,0.4259,-0.1936,0.3793,5
2026-03-21T17:41:51.192818,0,0.0960,0.0277,0.0960,0.1678,0.6010,0.5999,0.0367,10
2026-03-21T17:41:51.192818,1,0.1298,0.1298,0.1086,0.9501,0.3810,-0.1151,0.3632,19
2026-03-21T17:41:51.262539,0,0.0959,0.0135,0.0959,0.1655,0.6001,0.5990,0.0367,10
2026-03-21T17:41:51.262539,1,0.1659,0.1659,0.0768,0.9815,0.3870,-0.1276,0.3654,23
2026-03-21T17:41:51.331980,0,0.0966,0.0198,0.0966,0.1658,0.5995,0.5984,0.0368,10
2026-03-21T17:41:51.331980,1,0.1533,0.1533,0.1247,0.9728,0.3838,-0.1253,0.3628,23
2026-03-21T17:41:51.401540,0,0.0966,0.0480,0.0966,0.1654,0.6018,0.6013,0.0260,10
2026-03-21T17:41:51.401540,1,0.1573,0.1573,0.0993,0.9750,0.3875,-0.1262,0.3664,23
2026-03-21T17:41:51.471530,0,0.0838,0.0119,0.0838,0.1690,0.5968,0.5965,0.0209,9
2026-03-21T17:41:51.471530,1,0.1625,0.1625,0.0961,0.9845,0.3869,-0.1278,0.3652,21
2026-03-21T17:41:51.540760,0,0.0954,0.0167,0.0954,0.1691,0.5975,0.5973,0.0157,10
2026-03-21T17:41:51.540760,1,0.1602,0.1602,0.1212,0.9815,0.3916,-0.1258,0.3709,22
2026-03-21T17:41:51.610510,0,0.0836,0.0117,0.0836,0.1681,0.5973,0.5972,0.0104,9
2026-03-21T17:41:51.610510,1,0.1477,0.1477,0.1056,0.9757,0.3889,-0.1267,0.3676,21
2026-03-21T17:41:51.679843,0,0.0958,0.0336,0.0958,0.1671,0.6004,0.6004,0.0050,10
2026-03-21T17:41:51.679843,1,0.1482,0.1482,0.1123,0.9767,0.3882,-0.1247,0.3677,20
2026-03-21T17:41:51.750052,0,0.0961,0.0273,0.0961,0.1658,0.6009,0.6009,0.0052,10
2026-03-21T17:41:51.750052,1,0.1610,0.1610,0.1085,0.9895,0.3923,-0.1283,0.3707,19
2026-03-21T17:41:51.819590,0,0.0956,0.0308,0.0956,0.1654,0.5993,0.5993,0.0050,10
2026-03-21T17:41:51.819590,1,0.1393,0.1393,0.0839,0.9728,0.3939,-0.1325,0.3710,18
2026-03-21T17:41:51.889701,0,0.0972,0.0479,0.0972,0.1704,0.6008,0.6008,0.0050,10
2026-03-21T17:41:51.889701,1,0.1050,0.1050,0.0577,0.9576,0.3947,-0.1404,0.3689,10
2026-03-21T17:41:51.958828,0,0.0831,0.0040,0.0831,0.1658,0.5954,0.5953,0.0104,9
2026-03-21T17:41:51.958828,1,0.0767,0.0377,0.0767,0.2220,0.5655,0.5498,0.1324,8
2026-03-21T17:41:52.029470,0,0.0964,0.0379,0.0964,0.1674,0.5995,0.5995,0.0049,10
2026-03-21T17:41:52.029470,1,0.1046,0.1046,0.0432,0.3402,0.5033,0.4585,0.2076,10
2026-03-21T17:41:52.098659,0,0.0947,0.0190,0.0947,0.1674,0.5975,0.5975,0.0051,10
2026-03-21T17:41:52.167719,0,0.0957,0.0219,0.0957,0.1684,0.5976,0.5976,0.0051,10
2026-03-21T17:41:52.237585,0,0.0954,0.0170,0.0954,0.1684,0.5962,0.5962,0.0052,10
2026-03-21T17:41:52.237585,1,0.0770,0.0525,0.0770,1.0673,0.6580,-0.2757,0.5974,6
2026-03-21T17:41:52.306740,0,0.0954,0.0176,0.0954,0.1681,0.5982,0.5982,0.0052,10
2026-03-21T17:41:52.377277,0,0.0957,0.0276,0.0957,0.1711,0.5980,0.5980,0.0052,10
2026-03-21T17:41:52.446755,0,0.0963,0.0378,0.0963,0.1674,0.5998,0.5998,0.0050,10
2026-03-21T17:41:52.516790,0,0.0961,0.0338,0.0961,0.1694,0.5998,0.5998,0.0051,10
2026-03-21T17:41:52.586489,0,0.0965,0.0336,0.0965,0.1691,0.6000,0.6000,0.0051,10
2026-03-21T17:41:52.656513,0,0.0958,0.0368,0.0958,0.1714,0.5986,0.5986,0.0049,10
2026-03-21T17:41:52.725691,0,0.0965,0.0435,0.0965,0.1691,0.5998,0.5998,0.0050,10
2026-03-21T17:41:52.795186,0,0.0968,0.0346,0.0968,0.1651,0.6008,0.6008,0.0051,10
2026-03-21T17:41:52.865213,0,0.0964,0.0383,0.0964,0.1698,0.5994,0.5994,0.0050,10
2026-03-21T17:41:52.935033,0,0.0963,0.0248,0.0963,0.1634,0.6011,0.6011,0.0051,10
2026-03-21T17:41:53.004259,0,0.0947,0.0123,0.0947,0.1668,0.5961,0.5961,0.0052,10
2026-03-21T17:41:53.073987,0,0.0955,0.0141,0.0955,0.1654,0.5983,0.5983,0.0053,10
2026-03-21T17:41:53.143487,0,0.0971,0.0459,0.0971,0.1684,0.6003,0.6003,0.0050,10
2026-03-21T17:41:53.214063,0,0.0960,0.0346,0.0960,0.1711,0.5979,0.5979,0.0051,10
2026-03-21T17:41:53.282828,0,0.0961,0.0323,0.0961,0.1678,0.5989,0.5989,0.0050,10
2026-03-21T17:41:53.351720,0,0.0957,0.0170,0.0957,0.1674,0.5973,0.5973,0.0052,10
2026-03-21T17:41:53.421388,0,0.0958,0.0259,0.0958,0.1694,0.5975,0.5975,0.0051,10
2026-03-21T17:41:53.491994,0,0.0965,0.0399,0.0965,0.1674,0.6007,0.6007,0.0050,10
2026-03-21T17:41:53.561599,0,0.0962,0.0389,0.0962,0.1684,0.5995,0.5995,0.0049,10
2026-03-21T17:41:53.631336,0,0.0960,0.0329,0.0960,0.1654,0.5999,0.5999,0.0049,10
2026-03-21T17:41:53.700852,0,0.0955,0.0205,0.0955,0.1700,0.5977,0.5977,0.0052,10
2026-03-21T17:41:53.770677,0,0.0951,0.0150,0.0951,0.1694,0.5969,0.5969,0.0052,10
2026-03-21T17:41:53.840291,0,0.0961,0.0258,0.0961,0.1634,0.6000,0.6000,0.0051,10
2026-03-21T17:41:53.909524,0,0.0961,0.0366,0.0961,0.1691,0.5992,0.5992,0.0050,10
2026-03-21T17:41:53.980103,0,0.0962,0.0375,0.0962,0.1690,0.5973,0.5973,0.0050,10
2026-03-21T17:41:54.048945,0,0.0972,0.0425,0.0972,0.1681,0.6001,0.6001,0.0050,10
2026-03-21T17:41:54.118971,0,0.0958,0.0229,0.0958,0.1674,0.5981,0.5981,0.0052,10
2026-03-21T17:41:54.188553,0,0.0952,0.0226,0.0952,0.1691,0.5965,0.5965,0.0051,10
2026-03-21T17:41:54.258570,0,0.0966,0.0379,0.0966,0.1664,0.6009,0.6009,0.0049,10
2026-03-21T17:41:54.328269,0,0.0957,0.0226,0.0957,0.1651,0.5991,0.5991,0.0051,10
2026-03-21T17:41:54.397784,0,0.0951,0.0185,0.0951,0.1690,0.5971,0.5971,0.0052,10
2026-03-21T17:41:54.467207,0,0.0965,0.0343,0.0965,0.1668,0.6000,0.6000,0.0051,10
2026-03-21T17:41:54.537547,0,0.0960,0.0313,0.0960,0.1658,0.5989,0.5989,0.0051,10
2026-03-21T17:41:54.606440,0,0.0958,0.0323,0.0958,0.1708,0.5987,0.5987,0.0050,10
2026-03-21T17:41:54.676589,0,0.0959,0.0323,0.0959,0.1698,0.5976,0.5976,0.0051,10
2026-03-21T17:41:54.746503,0,0.0957,0.0318,0.0957,0.1694,0.5978,0.5978,0.0050,10
2026-03-21T17:41:54.816155,0,0.0959,0.0343,0.0959,0.1708,0.5990,0.5990,0.0051,10
2026-03-21T17:41:54.885480,0,0.0955,0.0186,0.0955,0.1651,0.5986,0.5986,0.0052,10
2026-03-21T17:41:54.955022,0,0.0959,0.0266,0.0959,0.1711,0.5977,0.5977,0.0051,10
2026-03-21T17:41:55.025436,0,0.0956,0.0363,0.0956,0.1748,0.5952,0.5952,0.0049,10
2026-03-21T17:41:55.094817,0,0.0960,0.0315,0.0960,0.1700,0.5989,0.5989,0.0050,10
2026-03-21T17:41:55.164620,0,0.0956,0.0233,0.0956,0.1668,0.5983,0.5983,0.0051,10
2026-03-21T17:41:55.234623,0,0.0963,0.0338,0.0963,0.1654,0.6006,0.6006,0.0050,10
2026-03-21T17:41:55.304300,0,0.0960,0.0319,0.0960,0.1664,0.5998,0.5998,0.0051,10
2026-03-21T17:41:55.374062,0,0.0960,0.0353,0.0960,0.1668,0.5999,0.5999,0.0050,10
2026-03-21T17:41:55.442744,0,0.0957,0.0286,0.0957,0.1681,0.5979,0.5979,0.0050,10
2026-03-21T17:41:55.512990,0,0.0957,0.0229,0.0957,0.1654,0.5989,0.5989,0.0051,10
2026-03-21T17:41:55.582425,0,0.0956,0.0239,0.0956,0.1654,0.5978,0.5978,0.0051,10
2026-03-21T17:41:55.652485,0,0.0973,0.0405,0.0973,0.1680,0.6011,0.6011,0.0051,10
2026-03-21T17:41:55.721792,0,0.0959,0.0273,0.0959,0.1658,0.5993,0.5993,0.0050,10
2026-03-21T17:41:55.791621,0,0.0954,0.0209,0.0954,0.1674,0.5967,0.5967,0.0051,10
2026-03-21T17:41:55.861181,0,0.0954,0.0203,0.0954,0.1698,0.5983,0.5983,0.0051,10
2026-03-21T17:41:55.930488,0,0.0957,0.0266,0.0957,0.1691,0.5978,0.5978,0.0051,10
2026-03-21T17:41:56.000420,0,0.0954,0.0253,0.0954,0.1678,0.5979,0.5979,0.0051,10
2026-03-21T17:41:56.070444,0,0.0959,0.0356,0.0959,0.1691,0.6001,0.6001,0.0050,10
2026-03-21T17:41:56.139446,0,0.0971,0.0426,0.0971,0.1731,0.5997,0.5997,0.0051,10
2026-03-21T17:41:56.210146,0,0.0960,0.0325,0.0960,0.1720,0.6007,0.6007,0.0052,10
2026-03-21T17:41:56.279905,0,0.0961,0.0316,0.0961,0.1671,0.5992,0.5992,0.0050,10
2026-03-21T17:41:56.349186,0,0.0963,0.0376,0.0963,0.1691,0.5994,0.5994,0.0050,10
2026-03-21T17:41:56.418455,0,0.0964,0.0343,0.0964,0.1658,0.6002,0.6002,0.0050,10
2026-03-21T17:41:56.487988,0,0.0963,0.0345,0.0963,0.1680,0.5993,0.5993,0.0051,10
2026-03-21T17:41:56.557520,0,0.0958,0.0339,0.0958,0.1674,0.5994,0.5994,0.0050,10
2026-03-21T17:41:56.627996,0,0.0965,0.0319,0.0965,0.1654,0.6013,0.6013,0.0050,10
2026-03-21T17:41:56.697202,0,0.0969,0.0339,0.0969,0.1684,0.6013,0.6013,0.0051,10
2026-03-21T17:41:56.767128,0,0.0962,0.0263,0.0962,0.1678,0.5996,0.5996,0.0051,10
2026-03-21T17:41:56.836904,0,0.0951,0.0200,0.0951,0.1664,0.5984,0.5984,0.0051,10
2026-03-21T17:41:56.905935,0,0.0956,0.0269,0.0956,0.1684,0.5992,0.5992,0.0050,10
2026-03-21T17:41:56.975656,0,0.0964,0.0338,0.0964,0.1694,0.5988,0.5988,0.0051,10
2026-03-21T17:41:57.045862,0,0.0959,0.0263,0.0959,0.1668,0.5986,0.5986,0.0051,10
2026-03-21T17:41:57.115789,0,0.0957,0.0246,0.0957,0.1681,0.5976,0.5976,0.0051,10
2026-03-21T17:41:57.185889,0,0.0953,0.0236,0.0953,0.1681,0.5982,0.5982,0.0051,10
2026-03-21T17:41:57.255249,0,0.0947,0.0238,0.0947,0.1683,0.5969,0.5969,0.0050,10
2026-03-21T17:41:57.325187,0,0.0960,0.0305,0.0960,0.1680,0.5987,0.5987,0.0050,10
2026-03-21T17:41:57.395014,0,0.0958,0.0315,0.0958,0.1650,0.5993,0.5993,0.0050,10
2026-03-21T17:41:57.464374,0,0.0959,0.0213,0.0959,0.1648,0.6000,0.6000,0.0052,10
2026-03-21T17:41:57.533236,0,0.0960,0.0319,0.0960,0.1694,0.5983,0.5983,0.0050,10
2026-03-21T17:41:57.603396,0,0.0970,0.0425,0.0970,0.1670,0.6000,0.6000,0.0050,10
2026-03-21T17:41:57.673275,0,0.0960,0.0408,0.0960,0.1704,0.5991,0.5991,0.0050,10
2026-03-21T17:41:57.743759,0,0.0965,0.0363,0.0965,0.1638,0.6015,0.6015,0.0050,10
2026-03-21T17:41:57.812589,0,0.0969,0.0419,0.0969,0.1654,0.6006,0.6006,0.0049,10
2026-03-21T17:41:57.881665,0,0.0952,0.0175,0.0952,0.1660,0.5977,0.5977,0.0052,10
2026-03-21T17:41:57.952038,0,0.0954,0.0150,0.0954,0.1674,0.5971,0.5971,0.0053,10
2026-03-21T17:41:58.021597,0,0.0961,0.0239,0.0961,0.1674,0.5989,0.5989,0.0051,10
2026-03-21T17:41:58.091305,0,0.0965,0.0389,0.0965,0.1714,0.6006,0.6006,0.0050,10
2026-03-21T17:41:58.161048,0,0.0963,0.0289,0.0963,0.1654,0.5999,0.5999,0.0051,10
2026-03-21T17:41:58.230268,0,0.0962,0.0279,0.0962,0.1645,0.6007,0.6007,0.0051,10
2026-03-21T17:41:58.300142,0,0.0962,0.0395,0.0962,0.1671,0.5990,0.5990,0.0049,10
2026-03-21T17:41:58.369917,0,0.0965,0.0368,0.0965,0.1674,0.5992,0.5992,0.0050,10
2026-03-21T17:41:58.439331,0,0.0969,0.0378,0.0969,0.1644,0.6026,0.6026,0.0050,10
2026-03-21T17:41:58.509586,0,0.0963,0.0305,0.0963,0.1650,0.6011,0.6011,0.0050,10
2026-03-21T17:41:58.579117,0,0.0963,0.0353,0.0963,0.1698,0.5987,0.5987,0.0051,10
2026-03-21T17:41:58.648856,0,0.0966,0.0477,0.0966,0.1663,0.6018,0.6018,0.0049,10
2026-03-21T17:41:58.718937,0,0.0959,0.0325,0.0959,0.1680,0.5990,0.5990,0.0050,10
2026-03-21T17:41:58.788098,0,0.0955,0.0219,0.0955,0.1694,0.5980,0.5980,0.0052,10
2026-03-21T17:41:58.857866,0,0.0954,0.0239,0.0954,0.1684,0.5987,0.5987,0.0051,10
2026-03-21T17:41:58.926776,0,0.0948,0.0115,0.0948,0.1670,0.5968,0.5968,0.0052,10
2026-03-21T17:41:58.997006,0,0.0959,0.0249,0.0959,0.1674,0.5986,0.5986,0.0052,10
2026-03-21T17:41:59.066907,0,0.0968,0.0335,0.0968,0.1680,0.6008,0.6008,0.0051,10
2026-03-21T17:41:59.136147,0,0.0961,0.0286,0.0961,0.1691,0.5992,0.5992,0.0051,10
2026-03-21T17:41:59.205955,0,0.0948,0.0176,0.0948,0.1681,0.5982,0.5982,0.0052,10
2026-03-21T17:41:59.276165,0,0.0948,0.0163,0.0948,0.1708,0.5966,0.5966,0.0052,10
2026-03-21T17:41:59.345767,0,0.0959,0.0386,0.0959,0.1721,0.6003,0.6003,0.0050,10
2026-03-21T17:41:59.415221,0,0.0963,0.0366,0.0963,0.1651,0.6005,0.6005,0.0049,10
2026-03-21T17:41:59.485778,0,0.0956,0.0355,0.0956,0.1720,0.5981,0.5981,0.0050,10
2026-03-21T17:41:59.554174,0,0.0968,0.0415,0.0968,0.1730,0.5985,0.5985,0.0051,10
2026-03-21T17:41:59.624146,0,0.0959,0.0349,0.0959,0.1684,0.5993,0.5993,0.0050,10
2026-03-21T17:41:59.694167,0,0.0965,0.0406,0.0965,0.1691,0.6002,0.6002,0.0050,10
2026-03-21T17:41:59.763978,0,0.0969,0.0353,0.0969,0.1638,0.6012,0.6012,0.0050,10
2026-03-21T17:41:59.833793,0,0.0958,0.0315,0.0958,0.1650,0.6002,0.6002,0.0050,10
2026-03-21T17:41:59.902801,0,0.0955,0.0219,0.0955,0.1645,0.5993,0.5993,0.0051,10
2026-03-21T17:41:59.972665,0,0.0960,0.0266,0.0960,0.1661,0.6011,0.6011,0.0051,10
2026-03-21T17:42:00.042682,0,0.0957,0.0215,0.0957,0.1660,0.5987,0.5987,0.0051,10
2026-03-21T17:42:00.112561,0,0.0964,0.0296,0.0964,0.1651,0.6007,0.6007,0.0051,10
2026-03-21T17:42:00.182053,0,0.0953,0.0186,0.0953,0.1651,0.5976,0.5976,0.0051,10
2026-03-21T17:42:00.251467,0,0.0953,0.0206,0.0953,0.1691,0.5971,0.5971,0.0052,10
2026-03-21T17:42:00.320527,0,0.0960,0.0239,0.0960,0.1644,0.6013,0.6013,0.0052,10
2026-03-21T17:42:00.391031,0,0.0958,0.0279,0.0958,0.1674,0.6002,0.6002,0.0050,10
2026-03-21T17:42:00.460738,0,0.0955,0.0259,0.0955,0.1714,0.5979,0.5979,0.0050,10
2026-03-21T17:42:00.530843,0,0.0958,0.0326,0.0958,0.1691,0.5978,0.5978,0.0051,10
2026-03-21T17:42:00.600571,0,0.0964,0.0375,0.0964,0.1720,0.5980,0.5980,0.0050,10
2026-03-21T17:42:00.670113,0,0.0970,0.0405,0.0970,0.1641,0.6022,0.6022,0.0050,10
2026-03-21T17:42:00.739349,0,0.0964,0.0346,0.0964,0.1671,0.5998,0.5998,0.0051,10
2026-03-21T17:42:00.808782,0,0.0962,0.0259,0.0962,0.1664,0.6003,0.6003,0.0051,10
2026-03-21T17:42:00.878839,0,0.0958,0.0286,0.0958,0.1661,0.6001,0.6001,0.0051,10
2026-03-21T17:42:00.948394,0,0.0960,0.0318,0.0960,0.1664,0.5995,0.5995,0.0050,10
2026-03-21T17:42:01.018054,0,0.0952,0.0213,0.0952,0.1638,0.5992,0.5992,0.0051,10
2026-03-21T17:42:01.087673,0,0.0961,0.0309,0.0961,0.1664,0.5996,0.5996,0.0051,10
2026-03-21T17:42:01.157015,0,0.0960,0.0366,0.0960,0.1671,0.5989,0.5989,0.0050,10
2026-03-21T17:42:01.226862,0,0.0952,0.0193,0.0952,0.1688,0.5958,0.5958,0.0052,10
2026-03-21T17:42:01.296902,0,0.0959,0.0305,0.0959,0.1670,0.5987,0.5987,0.0051,10
2026-03-21T17:42:01.366806,0,0.0966,0.0448,0.0966,0.1694,0.5994,0.5994,0.0050,10
2026-03-21T17:42:01.435934,0,0.0961,0.0333,0.0961,0.1678,0.5993,0.5993,0.0051,10
2026-03-21T17:42:01.506386,0,0.0959,0.0295,0.0959,0.1680,0.5998,0.5998,0.0051,10
2026-03-21T17:42:01.575772,0,0.0965,0.0339,0.0965,0.1664,0.5994,0.5994,0.0051,10
2026-03-21T17:42:01.645566,0,0.0956,0.0329,0.0956,0.1694,0.5992,0.5992,0.0049,10
2026-03-21T17:42:01.715123,0,0.0964,0.0355,0.0964,0.1640,0.6018,0.6018,0.0050,10
2026-03-21T17:42:01.784731,0,0.0963,0.0363,0.0963,0.1688,0.5995,0.5995,0.0049,10
2026-03-21T17:42:01.854990,0,0.0958,0.0259,0.0958,0.1654,0.5996,0.5996,0.0051,10
2026-03-21T17:42:01.924116,0,0.0958,0.0289,0.0958,0.1704,0.5983,0.5983,0.0050,10
2026-03-21T17:42:01.993925,0,0.0966,0.0419,0.0966,0.1734,0.6000,0.6000,0.0050,10
2026-03-21T17:42:02.063937,0,0.0950,0.0259,0.0950,0.1674,0.5986,0.5986,0.0051,10
2026-03-21T17:42:02.132856,0,0.0955,0.0219,0.0955,0.1674,0.5974,0.5974,0.0051,10
2026-03-21T17:42:02.202530,0,0.0965,0.0258,0.0965,0.1634,0.6016,0.6016,0.0051,10
2026-03-21T17:42:02.272450,0,0.0961,0.0325,0.0961,0.1670,0.5994,0.5994,0.0051,10
2026-03-21T17:42:02.341442,0,0.0947,0.0159,0.0947,0.1654,0.5981,0.5981,0.0051,10
2026-03-21T17:42:02.411189,0,0.0959,0.0359,0.0959,0.1704,0.5976,0.5976,0.0050,10
2026-03-21T17:42:02.482242,0,0.0964,0.0319,0.0964,0.1654,0.5994,0.5994,0.0050,10
2026-03-21T17:42:02.551033,0,0.0959,0.0268,0.0959,0.1654,0.5990,0.5990,0.0052,10
2026-03-21T17:42:02.621652,0,0.0953,0.0236,0.0953,0.1661,0.5987,0.5987,0.0050,10
2026-03-21T17:42:02.691074,0,0.0957,0.0303,0.0957,0.1668,0.5993,0.5993,0.0050,10
2026-03-21T17:42:02.760417,0,0.0968,0.0385,0.0968,0.1660,0.6005,0.6005,0.0050,10
2026-03-21T17:42:02.829672,0,0.0952,0.0179,0.0952,0.1654,0.5999,0.5999,0.0051,10
2026-03-21T17:42:02.899101,0,0.0960,0.0308,0.0960,0.1684,0.6001,0.6001,0.0050,10
2026-03-21T17:42:02.969843,0,0.0959,0.0266,0.0959,0.1681,0.5976,0.5976,0.0051,10
2026-03-21T17:42:03.039252,0,0.0963,0.0309,0.0963,0.1674,0.5986,0.5986,0.0050,10
2026-03-21T17:42:03.108762,0,0.0956,0.0299,0.0956,0.1714,0.5973,0.5973,0.0051,10
2026-03-21T17:42:03.178693,0,0.0958,0.0309,0.0958,0.1704,0.5969,0.5969,0.0050,10
2026-03-21T17:42:03.248485,0,0.0955,0.0233,0.0955,0.1668,0.5979,0.5979,0.0051,10
2026-03-21T17:42:03.317333,0,0.0959,0.0263,0.0959,0.1678,0.5983,0.5983,0.0052,10
2026-03-21T17:42:03.387422,0,0.0957,0.0299,0.0957,0.1654,0.5995,0.5995,0.0050,10
2026-03-21T17:42:03.456248,0,0.0971,0.0399,0.0971,0.1674,0.6023,0.6023,0.0050,10
2026-03-21T17:42:03.527094,0,0.0961,0.0285,0.0961,0.1710,0.5980,0.5980,0.0051,10
2026-03-21T17:42:03.596251,0,0.0958,0.0269,0.0958,0.1674,0.5988,0.5988,0.0051,10
2026-03-21T17:42:03.665556,0,0.0954,0.0303,0.0954,0.1678,0.5994,0.5994,0.0050,10
2026-03-21T17:42:03.736429,0,0.0963,0.0365,0.0963,0.1641,0.6006,0.6006,0.0050,10
2026-03-21T17:42:03.806242,0,0.0955,0.0293,0.0955,0.1668,0.5982,0.5982,0.0051,10
2026-03-21T17:42:03.875924,0,0.0963,0.0308,0.0963,0.1684,0.5994,0.5994,0.0051,10
2026-03-21T17:42:03.945173,0,0.0951,0.0173,0.0951,0.1688,0.5975,0.5975,0.0052,10
2026-03-21T17:42:04.014814,0,0.0955,0.0258,0.0955,0.1644,0.6010,0.6010,0.0051,10
2026-03-21T17:42:04.084481,0,0.0963,0.0326,0.0963,0.1661,0.6008,0.6008,0.0051,10
2026-03-21T17:42:04.154352,0,0.0965,0.0319,0.0965,0.1654,0.5999,0.5999,0.0050,10
2026-03-21T17:42:04.223812,0,0.0963,0.0418,0.0963,0.1714,0.5994,0.5994,0.0050,10
2026-03-21T17:42:04.293937,0,0.0961,0.0369,0.0961,0.1654,0.6009,0.6009,0.0049,10
2026-03-21T17:42:04.363658,0,0.0958,0.0336,0.0958,0.1661,0.6000,0.6000,0.0050,10
2026-03-21T17:42:04.432517,0,0.0964,0.0269,0.0964,0.1645,0.6014,0.6014,0.0051,10
2026-03-21T17:42:04.501990,0,0.0959,0.0343,0.0959,0.1708,0.5983,0.5983,0.0051,10
2026-03-21T17:42:04.572320,0,0.0957,0.0223,0.0957,0.1678,0.5971,0.5971,0.0051,10
2026-03-21T17:42:04.641955,0,0.0964,0.0418,0.0964,0.1724,0.5973,0.5973,0.0050,10
2026-03-21T17:42:04.712686,0,0.0973,0.0418,0.0973,0.1654,0.6009,0.6009,0.0050,10
2026-03-21T17:42:04.782218,0,0.0963,0.0359,0.0963,0.1694,0.5969,0.5969,0.0050,10
2026-03-21T17:42:04.851564,0,0.0960,0.0299,0.0960,0.1684,0.5984,0.5984,0.0051,10
2026-03-21T17:42:04.921326,0,0.0952,0.0180,0.0952,0.1704,0.5964,0.5964,0.0052,10
2026-03-21T17:42:04.990479,0,0.0950,0.0170,0.0950,0.1714,0.5968,0.5968,0.0051,10
2026-03-21T17:42:05.059983,0,0.0966,0.0419,0.0966,0.1654,0.6015,0.6015,0.0049,10
2026-03-21T17:42:05.130068,0,0.0958,0.0383,0.0958,0.1708,0.5990,0.5990,0.0050,10
2026-03-21T17:42:05.199786,0,0.0957,0.0333,0.0957,0.1678,0.5972,0.5972,0.0049,10
2026-03-21T17:42:05.269284,0,0.0952,0.0130,0.0952,0.1664,0.5988,0.5988,0.0053,10
2026-03-21T17:42:05.338637,0,0.0952,0.0163,0.0952,0.1678,0.5974,0.5974,0.0052,10
2026-03-21T17:42:05.407775,0,0.0957,0.0243,0.0957,0.1708,0.5984,0.5984,0.0051,10
2026-03-21T17:42:05.478323,0,0.0961,0.0249,0.0961,0.1654,0.5996,0.5996,0.0052,10
2026-03-21T17:42:05.547387,0,0.0952,0.0196,0.0952,0.1661,0.5990,0.5990,0.0051,10
2026-03-21T17:42:05.617872,0,0.0966,0.0425,0.0966,0.1691,0.5989,0.5989,0.0050,10
2026-03-21T17:42:05.687655,0,0.0960,0.0419,0.0960,0.1704,0.5970,0.5970,0.0049,10
2026-03-21T17:42:05.757042,0,0.0956,0.0329,0.0956,0.1704,0.5981,0.5981,0.0050,10
2026-03-21T17:42:05.827187,0,0.0961,0.0293,0.0961,0.1708,0.5976,0.5976,0.0052,10
2026-03-21T17:42:05.896819,0,0.0965,0.0326,0.0965,0.1681,0.5997,0.5997,0.0051,10
2026-03-21T17:42:05.965901,0,0.0960,0.0319,0.0960,0.1654,0.6003,0.6003,0.0050,10
2026-03-21T17:42:06.036340,0,0.0959,0.0259,0.0959,0.1664,0.6003,0.6003,0.0051,10
2026-03-21T17:42:06.104795,0,0.0963,0.0369,0.0963,0.1674,0.6000,0.6000,0.0049,10
2026-03-21T17:42:06.174479,0,0.0954,0.0229,0.0954,0.1684,0.5975,0.5975,0.0051,10
2026-03-21T17:42:06.245022,0,0.0960,0.0245,0.0960,0.1640,0.6005,0.6005,0.0050,10
2026-03-21T17:42:06.314819,0,0.0963,0.0319,0.0963,0.1645,0.6003,0.6003,0.0050,10
2026-03-21T17:42:06.384383,0,0.0964,0.0409,0.0964,0.1684,0.6005,0.6005,0.0049,10
2026-03-21T17:42:06.453950,0,0.0957,0.0266,0.0957,0.1681,0.5993,0.5993,0.0051,10
2026-03-21T17:42:06.523828,0,0.0956,0.0326,0.0956,0.1781,0.5973,0.5973,0.0051,10
2026-03-21T17:42:06.593038,0,0.0951,0.0219,0.0951,0.1714,0.5970,0.5970,0.0051,10
2026-03-21T17:42:06.663378,0,0.0962,0.0353,0.0962,0.1668,0.6011,0.6011,0.0050,10
2026-03-21T17:42:06.732617,0,0.0965,0.0425,0.0965,0.1691,0.5998,0.5998,0.0050,10
2026-03-21T17:42:06.802503,0,0.0953,0.0218,0.0953,0.1633,0.6005,0.6005,0.0051,10
2026-03-21T17:42:06.872098,0,0.0958,0.0269,0.0958,0.1694,0.5967,0.5967,0.0051,10
2026-03-21T17:42:06.940916,0,0.0947,0.0139,0.0947,0.1654,0.5976,0.5976,0.0051,10
2026-03-21T17:42:07.011002,0,0.0953,0.0325,0.0953,0.1690,0.5972,0.5972,0.0050,10
2026-03-21T17:42:07.080833,0,0.0973,0.0463,0.0973,0.1698,0.6002,0.6002,0.0050,10
2026-03-21T17:42:07.151135,0,0.0958,0.0318,0.0958,0.1674,0.6003,0.6003,0.0051,10
2026-03-21T17:42:07.220738,0,0.0963,0.0303,0.0963,0.1678,0.5988,0.5988,0.0050,10
2026-03-21T17:42:07.290133,0,0.0952,0.0159,0.0952,0.1664,0.5985,0.5985,0.0052,10
2026-03-21T17:42:07.360265,0,0.0953,0.0219,0.0953,0.1674,0.5986,0.5986,0.0051,10
2026-03-21T17:42:07.429909,0,0.0958,0.0259,0.0958,0.1684,0.5994,0.5994,0.0051,10
2026-03-21T17:42:07.499338,0,0.0948,0.0135,0.0948,0.1680,0.5973,0.5973,0.0052,10
2026-03-21T17:42:07.568885,0,0.0958,0.0283,0.0958,0.1698,0.5989,0.5989,0.0051,10
2026-03-21T17:42:07.638149,0,0.0965,0.0333,0.0965,0.1718,0.5989,0.5989,0.0051,10
2026-03-21T17:42:07.708687,0,0.0953,0.0256,0.0953,0.1691,0.5979,0.5979,0.0051,10
2026-03-21T17:42:07.778073,0,0.0952,0.0243,0.0952,0.1668,0.5984,0.5984,0.0051,10
2026-03-21T17:42:07.847755,0,0.0957,0.0313,0.0957,0.1688,0.5995,0.5995,0.0051,10
2026-03-21T17:42:07.917221,0,0.0963,0.0335,0.0963,0.1670,0.6002,0.6002,0.0051,10
2026-03-21T17:42:07.987218,0,0.0964,0.0405,0.0964,0.1680,0.5996,0.5996,0.0050,10
2026-03-21T17:42:08.055911,0,0.0959,0.0349,0.0959,0.1714,0.5979,0.5979,0.0050,10
2026-03-21T17:42:08.126036,0,0.0955,0.0213,0.0955,0.1668,0.5986,0.5986,0.0051,10
2026-03-21T17:42:08.195548,0,0.0961,0.0276,0.0961,0.1681,0.5981,0.5981,0.0051,10
2026-03-21T17:42:08.265903,0,0.0961,0.0345,0.0961,0.1670,0.5989,0.5989,0.0050,10
2026-03-21T17:42:08.335055,0,0.0962,0.0328,0.0962,0.1694,0.5972,0.5972,0.0050,10
2026-03-21T17:42:08.404947,0,0.0956,0.0183,0.0956,0.1628,0.5999,0.5999,0.0052,10
2026-03-21T17:42:08.474472,0,0.0962,0.0289,0.0962,0.1664,0.5982,0.5982,0.0050,10
2026-03-21T17:42:08.544518,0,0.0959,0.0306,0.0959,0.1661,0.5998,0.5998,0.0050,10
2026-03-21T17:42:08.614547,0,0.0962,0.0356,0.0962,0.1711,0.6002,0.6002,0.0050,10
2026-03-21T17:42:08.683615,0,0.0961,0.0268,0.0961,0.1634,0.6002,0.6002,0.0051,10
2026-03-21T17:42:08.753852,0,0.0955,0.0288,0.0955,0.1694,0.5987,0.5987,0.0051,10
2026-03-21T17:42:08.823155,0,0.0959,0.0298,0.0959,0.1664,0.6004,0.6004,0.0051,10
2026-03-21T17:42:08.893444,0,0.0961,0.0295,0.0961,0.1640,0.6017,0.6017,0.0050,10
2026-03-21T17:42:08.962114,0,0.0966,0.0429,0.0966,0.1724,0.5996,0.5996,0.0050,10
2026-03-21T17:42:09.032113,0,0.0953,0.0236,0.0953,0.1661,0.5985,0.5985,0.0051,10
2026-03-21T17:42:09.101873,0,0.0960,0.0288,0.0960,0.1684,0.5993,0.5993,0.0051,10
2026-03-21T17:42:09.171538,0,0.0958,0.0249,0.0958,0.1674,0.5981,0.5981,0.0051,10
2026-03-21T17:42:09.241236,0,0.0960,0.0239,0.0960,0.1684,0.5984,0.5984,0.0052,10
2026-03-21T17:42:09.310897,0,0.0957,0.0296,0.0957,0.1731,0.5970,0.5970,0.0051,10
2026-03-21T17:42:09.380820,0,0.0952,0.0206,0.0952,0.1641,0.6000,0.6000,0.0051,10
2026-03-21T17:42:09.449782,0,0.0955,0.0256,0.0955,0.1661,0.5990,0.5990,0.0051,10
2026-03-21T17:42:09.520158,0,0.0960,0.0339,0.0960,0.1704,0.5995,0.5995,0.0050,10
2026-03-21T17:42:09.589301,0,0.0963,0.0385,0.0963,0.1680,0.5991,0.5991,0.0050,10
2026-03-21T17:42:09.659155,0,0.0967,0.0449,0.0967,0.1744,0.6006,0.6006,0.0050,10
2026-03-21T17:42:09.728438,0,0.0962,0.0356,0.0962,0.1711,0.6000,0.6000,0.0051,10
2026-03-21T17:42:09.798903,0,0.0955,0.0306,0.0955,0.1711,0.5983,0.5983,0.0051,10
2026-03-21T17:42:09.867919,0,0.0963,0.0366,0.0963,0.1691,0.5977,0.5977,0.0051,10
2026-03-21T17:42:09.938235,0,0.0961,0.0399,0.0961,0.1664,0.5993,0.5993,0.0049,10
2026-03-21T17:42:10.007876,0,0.0963,0.0409,0.0963,0.1674,0.6019,0.6019,0.0049,10
2026-03-21T17:42:10.076711,0,0.0953,0.0249,0.0953,0.1674,0.5988,0.5988,0.0050,10
2026-03-21T17:42:10.147335,0,0.0944,0.0226,0.0944,0.1701,0.5957,0.5957,0.0050,10
2026-03-21T17:42:10.217116,0,0.0949,0.0146,0.0949,0.1651,0.5978,0.5978,0.0052,10
2026-03-21T17:42:10.286074,0,0.0953,0.0209,0.0953,0.1664,0.5983,0.5983,0.0051,10
2026-03-21T17:42:10.356290,0,0.0948,0.0199,0.0948,0.1664,0.5984,0.5984,0.0051,10
2026-03-21T17:42:10.425468,0,0.0961,0.0313,0.0961,0.1688,0.5988,0.5988,0.0051,10
2026-03-21T17:42:10.495187,0,0.0953,0.0216,0.0953,0.1661,0.5981,0.5981,0.0051,10
2026-03-21T17:42:10.565510,0,0.0958,0.0219,0.0958,0.1645,0.5997,0.5997,0.0051,10
2026-03-21T17:42:10.634329,0,0.0964,0.0358,0.0964,0.1684,0.5988,0.5988,0.0050,10
2026-03-21T17:42:10.704692,0,0.0966,0.0403,0.0966,0.1668,0.6012,0.6012,0.0049,10
2026-03-21T17:42:10.774471,0,0.0960,0.0363,0.0960,0.1708,0.5973,0.5973,0.0051,10
2026-03-21T17:42:10.844290,0,0.0966,0.0326,0.0966,0.1671,0.6017,0.6017,0.0051,10
2026-03-21T17:42:10.914048,0,0.0964,0.0353,0.0964,0.1708,0.5979,0.5979,0.0051,10
2026-03-21T17:42:10.983686,0,0.0958,0.0289,0.0958,0.1744,0.5966,0.5966,0.0051,10
2026-03-21T17:42:11.053293,0,0.0945,0.0116,0.0945,0.1661,0.5965,0.5965,0.0051,10
2026-03-21T17:42:11.122090,0,0.0958,0.0273,0.0958,0.1708,0.5981,0.5981,0.0051,10
2026-03-21T17:42:11.191406,0,0.0957,0.0343,0.0957,0.1728,0.5982,0.5982,0.0051,10
2026-03-21T17:42:11.262392,0,0.0967,0.0329,0.0967,0.1635,0.6015,0.6015,0.0050,10
2026-03-21T17:42:11.331855,0,0.0957,0.0305,0.0957,0.1700,0.5996,0.5996,0.0050,10
2026-03-21T17:42:11.401375,0,0.0955,0.0447,0.0955,0.1722,0.5983,0.5983,0.0048,10
2026-03-21T17:42:11.471044,0,0.0967,0.0423,0.0967,0.1658,0.6003,0.6003,0.0050,10
2026-03-21T17:42:11.540943,0,0.0969,0.0425,0.0969,0.1681,0.5998,0.5998,0.0050,10
2026-03-21T17:42:11.611020,0,0.0958,0.0357,0.0958,0.1663,0.6008,0.6008,0.0050,10
2026-03-21T17:42:11.681050,0,0.0965,0.0379,0.0965,0.1704,0.5997,0.5997,0.0050,10
2026-03-21T17:42:11.749442,0,0.0956,0.0309,0.0956,0.1714,0.5980,0.5980,0.0050,10
2026-03-21T17:42:11.820400,0,0.0958,0.0377,0.0958,0.1673,0.6005,0.6005,0.0049,10
2026-03-21T17:42:11.820400,1,0.0833,0.0589,0.0833,0.5514,0.6585,0.2416,0.6126,6
2026-03-21T17:42:11.889989,0,0.0958,0.0269,0.0958,0.1674,0.6000,0.6000,0.0050,10
2026-03-21T17:42:11.959209,0,0.0962,0.0356,0.0962,0.1691,0.5985,0.5985,0.0051,10
2026-03-21T17:42:12.029727,0,0.0948,0.0153,0.0948,0.1708,0.5955,0.5955,0.0053,10
2026-03-21T17:42:12.099453,0,0.0954,0.0219,0.0954,0.1724,0.5970,0.5970,0.0051,10
2026-03-21T17:42:12.167764,0,0.0956,0.0266,0.0956,0.1671,0.5983,0.5983,0.0051,10
2026-03-21T17:42:12.237892,0,0.0959,0.0308,0.0959,0.1704,0.5984,0.5984,0.0052,10
2026-03-21T17:42:12.307338,0,0.0961,0.0303,0.0961,0.1648,0.6002,0.6002,0.0050,10
2026-03-21T17:42:12.377288,0,0.0961,0.0325,0.0961,0.1660,0.5994,0.5994,0.0050,10
2026-03-21T17:42:12.447274,0,0.0964,0.0309,0.0964,0.1654,0.6006,0.6006,0.0050,10
2026-03-21T17:42:12.516668,0,0.0976,0.0433,0.0976,0.1698,0.6011,0.6011,0.0050,10
2026-03-21T17:42:12.586206,0,0.0958,0.0326,0.0958,0.1661,0.6002,0.6002,0.0050,10
2026-03-21T17:42:12.656478,0,0.0964,0.0356,0.0964,0.1691,0.5989,0.5989,0.0051,10
2026-03-21T17:42:12.725117,0,0.0961,0.0263,0.0961,0.1658,0.5995,0.5995,0.0051,10
2026-03-21T17:42:12.795283,0,0.0955,0.0243,0.0955,0.1688,0.5996,0.5996,0.0050,10
2026-03-21T17:42:12.865146,0,0.0959,0.0245,0.0959,0.1670,0.6004,0.6004,0.0051,10
2026-03-21T17:42:12.934670,0,0.0953,0.0305,0.0953,0.1700,0.5975,0.5975,0.0051,10
2026-03-21T17:42:13.004571,0,0.0956,0.0263,0.0956,0.1678,0.5984,0.5984,0.0050,10
2026-03-21T17:42:13.073917,0,0.0949,0.0259,0.0949,0.1694,0.5969,0.5969,0.0050,10
2026-03-21T17:42:13.143904,0,0.0959,0.0253,0.0959,0.1688,0.6001,0.6001,0.0051,10
2026-03-21T17:42:13.213595,0,0.0963,0.0329,0.0963,0.1694,0.5996,0.5996,0.0050,10
2026-03-21T17:42:13.282914,0,0.0955,0.0299,0.0955,0.1694,0.5989,0.5989,0.0050,10
2026-03-21T17:42:13.353303,0,0.0955,0.0287,0.0955,0.1653,0.5995,0.5995,0.0050,10
2026-03-21T17:42:13.422444,0,0.0964,0.0338,0.0964,0.1654,0.6017,0.6017,0.0051,10
2026-03-21T17:42:13.492531,0,0.0958,0.0286,0.0958,0.1681,0.5977,0.5977,0.0051,10
2026-03-21T17:42:13.562201,0,0.0956,0.0288,0.0956,0.1644,0.6005,0.6005,0.0051,10
2026-03-21T17:42:13.631299,0,0.0958,0.0289,0.0958,0.1664,0.6001,0.6001,0.0050,10
2026-03-21T17:42:13.701674,0,0.0965,0.0418,0.0965,0.1694,0.6012,0.6012,0.0050,10
2026-03-21T17:42:13.771394,0,0.0962,0.0383,0.0962,0.1698,0.5983,0.5983,0.0050,10
2026-03-21T17:42:13.840377,0,0.0958,0.0349,0.0958,0.1714,0.5980,0.5980,0.0050,10
2026-03-21T17:42:13.910684,0,0.0970,0.0389,0.0970,0.1704,0.6002,0.6002,0.0050,10
2026-03-21T17:42:13.980514,0,0.0956,0.0180,0.0956,0.1654,0.5985,0.5985,0.0051,10
2026-03-21T17:42:14.049587,0,0.0960,0.0253,0.0960,0.1668,0.6001,0.6001,0.0051,10
2026-03-21T17:42:14.118794,0,0.0955,0.0266,0.0955,0.1671,0.5989,0.5989,0.0051,10
2026-03-21T17:42:14.188864,0,0.0955,0.0289,0.0955,0.1714,0.5978,0.5978,0.0050,10
2026-03-21T17:42:14.258718,0,0.0968,0.0385,0.0968,0.1661,0.6009,0.6009,0.0050,10
2026-03-21T17:42:14.329050,0,0.0958,0.0356,0.0958,0.1691,0.5980,0.5980,0.0050,10
2026-03-21T17:42:14.398447,0,0.0961,0.0386,0.0961,0.1681,0.5994,0.5994,0.0050,10
2026-03-21T17:42:14.468173,0,0.0963,0.0395,0.0963,0.1720,0.5985,0.5985,0.0051,10
2026-03-21T17:42:14.468173,1,0.0704,0.0704,0.0537,0.5926,0.5842,0.1956,0.5505,6
2026-03-21T17:42:14.537926,0,0.0958,0.0313,0.0958,0.1698,0.5970,0.5970,0.0051,10
2026-03-21T17:42:14.607364,0,0.0962,0.0366,0.0962,0.1671,0.5992,0.5992,0.0050,10
2026-03-21T17:42:14.677656,0,0.0953,0.0200,0.0953,0.1684,0.5972,0.5972,0.0051,10
2026-03-21T17:42:14.746680,0,0.0957,0.0239,0.0957,0.1684,0.5974,0.5974,0.0051,10
2026-03-21T17:42:14.816376,0,0.0956,0.0296,0.0956,0.1661,0.5990,0.5990,0.0050,10
2026-03-21T17:42:14.886267,0,0.0963,0.0345,0.0963,0.1660,0.6002,0.6002,0.0050,10
2026-03-21T17:42:14.955441,0,0.0963,0.0293,0.0963,0.1678,0.5987,0.5987,0.0051,10
2026-03-21T17:42:15.026056,0,0.0952,0.0245,0.0952,0.1660,0.5999,0.5999,0.0051,10
2026-03-21T17:42:15.095627,0,0.0959,0.0286,0.0959,0.1661,0.5992,0.5992,0.0051,10
2026-03-21T17:42:15.165376,0,0.0955,0.0225,0.0955,0.1670,0.5983,0.5983,0.0051,10
2026-03-21T17:42:15.234398,0,0.0956,0.0283,0.0956,0.1688,0.5986,0.5986,0.0051,10
2026-03-21T17:42:15.303955,0,0.0958,0.0266,0.0958,0.1691,0.5980,0.5980,0.0051,10
2026-03-21T17:42:15.374040,0,0.0963,0.0338,0.0963,0.1654,0.6016,0.6016,0.0051,10
2026-03-21T17:42:15.443787,0,0.0959,0.0293,0.0959,0.1678,0.5994,0.5994,0.0051,10
2026-03-21T17:42:15.513023,0,0.0970,0.0408,0.0970,0.1694,0.5998,0.5998,0.0050,10
2026-03-21T17:42:15.582886,0,0.0966,0.0413,0.0966,0.1678,0.6003,0.6003,0.0049,10
2026-03-21T17:42:15.653254,0,0.0954,0.0209,0.0954,0.1654,0.6000,0.6000,0.0051,10
2026-03-21T17:42:15.722192,0,0.0959,0.0273,0.0959,0.1658,0.6007,0.6007,0.0051,10
2026-03-21T17:42:15.792204,0,0.0953,0.0233,0.0953,0.1678,0.5984,0.5984,0.0051,10
2026-03-21T17:42:15.861121,0,0.0958,0.0269,0.0958,0.1684,0.5974,0.5974,0.0051,10
2026-03-21T17:42:15.931144,0,0.0951,0.0246,0.0951,0.1691,0.5978,0.5978,0.0051,10
2026-03-21T17:42:16.000650,0,0.0956,0.0299,0.0956,0.1674,0.5970,0.5970,0.0050,10
2026-03-21T17:42:16.070001,0,0.0956,0.0338,0.0956,0.1714,0.5987,0.5987,0.0050,10
2026-03-21T17:42:16.140186,0,0.0958,0.0299,0.0958,0.1704,0.5984,0.5984,0.0050,10
2026-03-21T17:42:16.210173,0,0.0952,0.0256,0.0952,0.1681,0.5994,0.5994,0.0051,10
2026-03-21T17:42:16.279180,0,0.0963,0.0336,0.0963,0.1701,0.6008,0.6008,0.0051,10
2026-03-21T17:42:16.350166,0,0.0963,0.0343,0.0963,0.1678,0.5992,0.5992,0.0050,10
2026-03-21T17:42:16.418930,0,0.0968,0.0349,0.0968,0.1674,0.6009,0.6009,0.0051,10
2026-03-21T17:42:16.488756,0,0.0953,0.0296,0.0953,0.1701,0.5979,0.5979,0.0050,10
2026-03-21T17:42:16.558044,0,0.0956,0.0313,0.0956,0.1698,0.5980,0.5980,0.0051,10
2026-03-21T17:42:16.627794,0,0.0961,0.0293,0.0961,0.1658,0.5990,0.5990,0.0051,10
2026-03-21T17:42:16.697315,0,0.0954,0.0226,0.0954,0.1661,0.5986,0.5986,0.0051,10
2026-03-21T17:42:16.767827,0,0.0958,0.0296,0.0958,0.1711,0.5996,0.5996,0.0051,10
2026-03-21T17:42:16.837289,0,0.0966,0.0436,0.0966,0.1731,0.5985,0.5985,0.0051,10
2026-03-21T17:42:16.906284,0,0.0960,0.0319,0.0960,0.1694,0.5982,0.5982,0.0050,10
2026-03-21T17:42:16.977113,0,0.0955,0.0266,0.0955,0.1701,0.5977,0.5977,0.0051,10
2026-03-21T17:42:17.046627,0,0.0964,0.0369,0.0964,0.1674,0.6006,0.6006,0.0050,10
2026-03-21T17:42:17.116976,0,0.0965,0.0369,0.0965,0.1664,0.6015,0.6015,0.0050,10
2026-03-21T17:42:17.186412,0,0.0972,0.0413,0.0972,0.1658,0.6015,0.6015,0.0051,10
2026-03-21T17:42:17.255466,0,0.0957,0.0263,0.0957,0.1688,0.5994,0.5994,0.0050,10
2026-03-21T17:42:17.325612,0,0.0952,0.0195,0.0952,0.1640,0.5993,0.5993,0.0051,10
2026-03-21T17:42:17.394088,0,0.0960,0.0305,0.0960,0.1710,0.5989,0.5989,0.0051,10
2026-03-21T17:42:17.464464,0,0.0952,0.0219,0.0952,0.1704,0.5988,0.5988,0.0051,10
2026-03-21T17:42:17.534644,0,0.0956,0.0273,0.0956,0.1688,0.5982,0.5982,0.0051,10
2026-03-21T17:42:17.603327,0,0.0956,0.0376,0.0956,0.1691,0.5993,0.5993,0.0049,10
2026-03-21T17:42:17.674124,0,0.0968,0.0415,0.0968,0.1681,0.6004,0.6004,0.0050,10
2026-03-21T17:42:17.743048,0,0.0958,0.0263,0.0958,0.1688,0.5985,0.5985,0.0051,10
2026-03-21T17:42:17.812573,0,0.0961,0.0269,0.0961,0.1654,0.6000,0.6000,0.0051,10
2026-03-21T17:42:17.882575,0,0.0955,0.0273,0.0955,0.1688,0.5987,0.5987,0.0050,10
2026-03-21T17:42:17.951754,0,0.0955,0.0209,0.0955,0.1664,0.5986,0.5986,0.0051,10
2026-03-21T17:42:18.021573,0,0.0962,0.0283,0.0962,0.1618,0.6021,0.6021,0.0051,10
2026-03-21T17:42:18.091394,0,0.0961,0.0318,0.0961,0.1674,0.5999,0.5999,0.0051,10
2026-03-21T17:42:18.161395,0,0.0957,0.0215,0.0957,0.1660,0.5994,0.5994,0.0051,10
2026-03-21T17:42:18.230700,0,0.0960,0.0378,0.0960,0.1694,0.5991,0.5991,0.0050,10
2026-03-21T17:42:18.301244,0,0.0959,0.0313,0.0959,0.1688,0.6010,0.6010,0.0050,10
2026-03-21T17:42:18.370785,0,0.0956,0.0258,0.0956,0.1644,0.5995,0.5995,0.0051,10
2026-03-21T17:42:18.440085,0,0.0961,0.0276,0.0961,0.1661,0.6002,0.6002,0.0051,10
2026-03-21T17:42:18.509742,0,0.0964,0.0369,0.0964,0.1714,0.5978,0.5978,0.0050,10
2026-03-21T17:42:18.578638,0,0.0958,0.0329,0.0958,0.1704,0.5988,0.5988,0.0050,10
2026-03-21T17:42:18.649156,0,0.0963,0.0365,0.0963,0.1690,0.5995,0.5995,0.0050,10
2026-03-21T17:42:18.718218,0,0.0964,0.0356,0.0964,0.1701,0.5991,0.5991,0.0050,10
2026-03-21T17:42:18.788600,0,0.0957,0.0239,0.0957,0.1674,0.5988,0.5988,0.0051,10
2026-03-21T17:42:18.858121,0,0.0959,0.0278,0.0959,0.1684,0.5992,0.5992,0.0051,10
2026-03-21T17:42:18.927693,0,0.0963,0.0353,0.0963,0.1668,0.5998,0.5998,0.0050,10
2026-03-21T17:42:18.997539,0,0.0964,0.0336,0.0964,0.1701,0.6011,0.6011,0.0051,10
2026-03-21T17:42:19.067219,0,0.0955,0.0213,0.0955,0.1668,0.5990,0.5990,0.0052,10
2026-03-21T17:42:19.136781,0,0.0961,0.0289,0.0961,0.1674,0.5991,0.5991,0.0050,10
2026-03-21T17:42:19.206997,0,0.0956,0.0229,0.0956,0.1654,0.5994,0.5994,0.0051,10
2026-03-21T17:42:19.276690,0,0.0958,0.0335,0.0958,0.1670,0.5984,0.5984,0.0050,10
2026-03-21T17:42:19.345967,0,0.0965,0.0409,0.0965,0.1734,0.5990,0.5990,0.0050,10
2026-03-21T17:42:19.415481,0,0.0965,0.0368,0.0965,0.1694,0.6007,0.6007,0.0052,10
2026-03-21T17:42:19.484948,0,0.0962,0.0339,0.0962,0.1704,0.5998,0.5998,0.0050,10
2026-03-21T17:42:19.554997,0,0.0966,0.0349,0.0966,0.1684,0.5993,0.5993,0.0051,10
2026-03-21T17:42:19.624543,0,0.0967,0.0418,0.0967,0.1684,0.5992,0.5992,0.0050,10
2026-03-21T17:42:19.694619,0,0.0958,0.0407,0.0958,0.1683,0.6008,0.6008,0.0049,10
2026-03-21T17:42:19.764273,0,0.0953,0.0246,0.0953,0.1681,0.5968,0.5968,0.0051,10
2026-03-21T17:42:19.833507,0,0.0965,0.0236,0.0965,0.1651,0.6014,0.6014,0.0052,10
2026-03-21T17:42:19.903766,0,0.0956,0.0233,0.0956,0.1678,0.5990,0.5990,0.0051,10
2026-03-21T17:42:19.973089,0,0.0946,0.0180,0.0946,0.1664,0.5966,0.5966,0.0050,10
2026-03-21T17:42:20.042696,0,0.0957,0.0219,0.0957,0.1654,0.6003,0.6003,0.0051,10
2026-03-21T17:42:20.112739,0,0.0964,0.0299,0.0964,0.1654,0.6006,0.6006,0.0051,10
2026-03-21T17:42:20.182716,0,0.0963,0.0346,0.0963,0.1681,0.5991,0.5991,0.0050,10
2026-03-21T17:42:20.251725,0,0.0966,0.0375,0.0966,0.1680,0.6000,0.6000,0.0050,10
2026-03-21T17:42:20.321827,0,0.0954,0.0299,0.0954,0.1724,0.5975,0.5975,0.0050,10
2026-03-21T17:42:20.392039,0,0.0954,0.0229,0.0954,0.1674,0.5976,0.5976,0.0051,10
2026-03-21T17:42:20.461080,0,0.0959,0.0275,0.0959,0.1690,0.5979,0.5979,0.0051,10
2026-03-21T17:42:20.530190,0,0.0960,0.0273,0.0960,0.1678,0.5977,0.5977,0.0051,10
2026-03-21T17:42:20.599652,0,0.0955,0.0278,0.0955,0.1684,0.5991,0.5991,0.0051,10
2026-03-21T17:42:20.670133,0,0.0962,0.0355,0.0962,0.1700,0.5993,0.5993,0.0050,10
2026-03-21T17:42:20.740011,0,0.0966,0.0318,0.0966,0.1674,0.6003,0.6003,0.0051,10
2026-03-21T17:42:20.809466,0,0.0965,0.0259,0.0965,0.1664,0.6004,0.6004,0.0051,10
2026-03-21T17:42:20.878892,0,0.0964,0.0373,0.0964,0.1698,0.6011,0.6011,0.0050,10
2026-03-21T17:42:20.948947,0,0.0958,0.0279,0.0958,0.1704,0.5994,0.5994,0.0051,10
2026-03-21T17:42:21.019015,0,0.0962,0.0319,0.0962,0.1674,0.5999,0.5999,0.0050,10
2026-03-21T17:42:21.087699,0,0.0954,0.0229,0.0954,0.1714,0.5966,0.5966,0.0051,10
2026-03-21T17:42:21.157892,0,0.0960,0.0333,0.0960,0.1658,0.5986,0.5986,0.0050,10
2026-03-21T17:42:21.226958,0,0.0962,0.0333,0.0962,0.1668,0.6004,0.6004,0.0050,10
2026-03-21T17:42:21.297844,0,0.0957,0.0309,0.0957,0.1674,0.5981,0.5981,0.0050,10
2026-03-21T17:42:21.366393,0,0.0959,0.0293,0.0959,0.1648,0.6007,0.6007,0.0051,10
2026-03-21T17:42:21.437303,0,0.0962,0.0316,0.0962,0.1661,0.5988,0.5988,0.0050,10
2026-03-21T17:42:21.506967,0,0.0951,0.0199,0.0951,0.1654,0.5991,0.5991,0.0051,10
2026-03-21T17:42:21.575563,0,0.0962,0.0385,0.0962,0.1680,0.6001,0.6001,0.0049,10
2026-03-21T17:42:21.645860,0,0.0964,0.0426,0.0964,0.1741,0.5983,0.5983,0.0050,10
2026-03-21T17:42:21.715569,0,0.0961,0.0313,0.0961,0.1668,0.5988,0.5988,0.0050,10
2026-03-21T17:42:21.784912,0,0.0962,0.0306,0.0962,0.1661,0.5996,0.5996,0.0051,10
2026-03-21T17:42:21.854765,0,0.0957,0.0345,0.0957,0.1690,0.5979,0.5979,0.0050,10
2026-03-21T17:42:21.923935,0,0.0963,0.0308,0.0963,0.1664,0.5990,0.5990,0.0051,10
2026-03-21T17:42:21.994063,0,0.0954,0.0206,0.0954,0.1671,0.5983,0.5983,0.0051,10
2026-03-21T17:42:22.063620,0,0.0957,0.0235,0.0957,0.1690,0.5985,0.5985,0.0051,10
2026-03-21T17:42:22.132973,0,0.0956,0.0276,0.0956,0.1721,0.5971,0.5971,0.0051,10
2026-03-21T17:42:22.203455,0,0.0957,0.0319,0.0957,0.1714,0.5986,0.5986,0.0050,10
2026-03-21T17:42:22.272640,0,0.0952,0.0209,0.0952,0.1654,0.5989,0.5989,0.0051,10
2026-03-21T17:42:22.342545,0,0.0946,0.0213,0.0946,0.1678,0.5990,0.5990,0.0050,10
2026-03-21T17:42:22.413412,0,0.0960,0.0346,0.0960,0.1721,0.5991,0.5991,0.0051,10
2026-03-21T17:42:22.482765,0,0.0963,0.0405,0.0963,0.1710,0.5996,0.5996,0.0050,10
2026-03-21T17:42:22.552264,0,0.0964,0.0338,0.0964,0.1674,0.6005,0.6005,0.0051,10
2026-03-21T17:42:22.621481,0,0.0957,0.0249,0.0957,0.1664,0.5990,0.5990,0.0051,10
2026-03-21T17:42:22.691017,0,0.0955,0.0259,0.0955,0.1694,0.5980,0.5980,0.0051,10
2026-03-21T17:42:22.760931,0,0.0958,0.0259,0.0958,0.1664,0.6000,0.6000,0.0051,10
2026-03-21T17:42:22.829959,0,0.0957,0.0249,0.0957,0.1674,0.5983,0.5983,0.0051,10
2026-03-21T17:42:22.899676,0,0.0958,0.0166,0.0958,0.1651,0.5990,0.5990,0.0051,10
2026-03-21T17:42:22.969766,0,0.0954,0.0369,0.0954,0.1714,0.5967,0.5967,0.0050,10
2026-03-21T17:42:23.039163,0,0.0956,0.0255,0.0956,0.1670,0.5998,0.5998,0.0052,10
2026-03-21T17:42:23.109625,0,0.0961,0.0295,0.0961,0.1700,0.5988,0.5988,0.0051,10
2026-03-21T17:42:23.179138,0,0.0966,0.0353,0.0966,0.1658,0.6015,0.6015,0.0050,10
2026-03-21T17:42:23.248409,0,0.0968,0.0439,0.0968,0.1704,0.5996,0.5996,0.0050,10
2026-03-21T17:42:23.319025,0,0.0960,0.0326,0.0960,0.1681,0.5984,0.5984,0.0051,10
2026-03-21T17:42:23.387860,0,0.0968,0.0438,0.0968,0.1674,0.5996,0.5996,0.0049,10
2026-03-21T17:42:23.457680,0,0.0960,0.0293,0.0960,0.1688,0.5982,0.5982,0.0052,10
2026-03-21T17:42:23.528634,0,0.0956,0.0245,0.0956,0.1660,0.5993,0.5993,0.0051,10
2026-03-21T17:42:23.597193,0,0.0959,0.0283,0.0959,0.1668,0.5993,0.5993,0.0051,10
2026-03-21T17:42:23.667370,0,0.0952,0.0120,0.0952,0.1654,0.5986,0.5986,0.0052,10
2026-03-21T17:42:23.736644,0,0.0963,0.0306,0.0963,0.1641,0.6003,0.6003,0.0050,10
2026-03-21T17:42:23.806196,0,0.0966,0.0319,0.0966,0.1645,0.6012,0.6012,0.0051,10
2026-03-21T17:42:23.875984,0,0.0963,0.0329,0.0963,0.1694,0.5987,0.5987,0.0051,10
2026-03-21T17:42:23.945722,0,0.0951,0.0266,0.0951,0.1671,0.5969,0.5969,0.0051,10
2026-03-21T17:42:24.014994,0,0.0961,0.0328,0.0961,0.1674,0.5999,0.5999,0.0051,10
2026-03-21T17:42:24.085071,0,0.0960,0.0298,0.0960,0.1684,0.5990,0.5990,0.0052,10
2026-03-21T17:42:24.154641,0,0.0958,0.0309,0.0958,0.1684,0.5998,0.5998,0.0051,10
2026-03-21T17:42:24.223896,0,0.0949,0.0235,0.0949,0.1680,0.5977,0.5977,0.0051,10
2026-03-21T17:42:24.293973,0,0.0959,0.0293,0.0959,0.1668,0.5999,0.5999,0.0051,10
2026-03-21T17:42:24.363730,0,0.0960,0.0283,0.0960,0.1708,0.5980,0.5980,0.0052,10
2026-03-21T17:42:24.433052,0,0.0960,0.0276,0.0960,0.1671,0.5997,0.5997,0.0051,10
2026-03-21T17:42:24.503389,0,0.0969,0.0329,0.0969,0.1645,0.6018,0.6018,0.0051,10
2026-03-21T17:42:24.573143,0,0.0965,0.0359,0.0965,0.1654,0.5998,0.5998,0.0050,10
2026-03-21T17:42:24.643060,0,0.0966,0.0376,0.0966,0.1711,0.5989,0.5989,0.0051,10
2026-03-21T17:42:24.712144,0,0.0961,0.0296,0.0961,0.1651,0.6002,0.6002,0.0051,10
2026-03-21T17:42:24.781566,0,0.0963,0.0233,0.0963,0.1658,0.5992,0.5992,0.0051,10
2026-03-21T17:42:24.852039,0,0.0964,0.0336,0.0964,0.1711,0.5984,0.5984,0.0051,10
2026-03-21T17:42:24.921738,0,0.0949,0.0160,0.0949,0.1674,0.5968,0.5968,0.0051,10
2026-03-21T17:42:24.990815,0,0.0953,0.0258,0.0953,0.1654,0.5996,0.5996,0.0050,10
2026-03-21T17:42:25.060712,0,0.0959,0.0329,0.0959,0.1704,0.5984,0.5984,0.0050,10
2026-03-21T17:42:25.129859,0,0.0961,0.0276,0.0961,0.1651,0.5998,0.5998,0.0051,10
2026-03-21T17:42:25.200109,0,0.0969,0.0469,0.0969,0.1674,0.6010,0.6010,0.0049,10
2026-03-21T17:42:25.269595,0,0.0962,0.0288,0.0962,0.1654,0.6007,0.6007,0.0051,10
2026-03-21T17:42:25.339548,0,0.0958,0.0295,0.0958,0.1710,0.5986,0.5986,0.0051,10
2026-03-21T17:42:25.409082,0,0.0961,0.0273,0.0961,0.1668,0.6001,0.6001,0.0052,10
2026-03-21T17:42:25.478979,0,0.0959,0.0293,0.0959,0.1668,0.5987,0.5987,0.0051,10
2026-03-21T17:42:25.548902,0,0.0961,0.0343,0.0961,0.1688,0.5980,0.5980,0.0050,10
2026-03-21T17:42:25.618270,0,0.0971,0.0339,0.0971,0.1674,0.6013,0.6013,0.0051,10
2026-03-21T17:42:25.687692,0,0.0958,0.0315,0.0958,0.1720,0.5970,0.5970,0.0051,10
2026-03-21T17:42:25.758271,0,0.0956,0.0255,0.0956,0.1700,0.5970,0.5970,0.0052,10
2026-03-21T17:42:25.828012,0,0.0963,0.0326,0.0963,0.1661,0.6013,0.6013,0.0050,10
2026-03-21T17:42:25.896913,0,0.0968,0.0403,0.0968,0.1678,0.6001,0.6001,0.0051,10
2026-03-21T17:42:25.967033,0,0.0967,0.0467,0.0967,0.1653,0.6015,0.6015,0.0049,10
2026-03-21T17:42:26.036002,0,0.0961,0.0326,0.0961,0.1691,0.5988,0.5988,0.0051,10
2026-03-21T17:42:26.105913,0,0.0961,0.0249,0.0961,0.1684,0.5990,0.5990,0.0051,10
2026-03-21T17:42:26.175807,0,0.0955,0.0305,0.0955,0.1720,0.5976,0.5976,0.0051,10
2026-03-21T17:42:26.245309,0,0.0965,0.0373,0.0965,0.1678,0.5994,0.5994,0.0050,10
2026-03-21T17:42:26.315235,0,0.0961,0.0246,0.0961,0.1671,0.6005,0.6005,0.0051,10
2026-03-21T17:42:26.384558,0,0.0959,0.0279,0.0959,0.1704,0.5990,0.5990,0.0052,10
2026-03-21T17:42:26.454335,0,0.0958,0.0386,0.0958,0.1681,0.5989,0.5989,0.0050,10
2026-03-21T17:42:26.524392,0,0.0956,0.0275,0.0956,0.1670,0.5994,0.5994,0.0051,10
2026-03-21T17:42:26.594433,0,0.0962,0.0338,0.0962,0.1704,0.5999,0.5999,0.0051,10
2026-03-21T17:42:26.663485,0,0.0956,0.0219,0.0956,0.1654,0.5995,0.5995,0.0051,10
2026-03-21T17:42:26.733525,0,0.0959,0.0356,0.0959,0.1681,0.6008,0.6008,0.0050,10
2026-03-21T17:42:26.802643,0,0.0971,0.0439,0.0971,0.1694,0.6001,0.6001,0.0050,10
2026-03-21T17:42:26.872533,0,0.0956,0.0325,0.0956,0.1690,0.5982,0.5982,0.0051,10
2026-03-21T17:42:26.942368,0,0.0950,0.0256,0.0950,0.1711,0.5968,0.5968,0.0051,10
2026-03-21T17:42:27.011891,0,0.0960,0.0259,0.0960,0.1674,0.5993,0.5993,0.0051,10
2026-03-21T17:42:27.081949,0,0.0957,0.0279,0.0957,0.1664,0.5991,0.5991,0.0050,10
2026-03-21T17:42:27.150892,0,0.0964,0.0325,0.0964,0.1660,0.6003,0.6003,0.0051,10
2026-03-21T17:42:27.220985,0,0.0967,0.0398,0.0967,0.1654,0.6014,0.6014,0.0050,10
2026-03-21T17:42:27.291079,0,0.0965,0.0408,0.0965,0.1684,0.5996,0.5996,0.0050,10
2026-03-21T17:42:27.360065,0,0.0966,0.0316,0.0966,0.1691,0.5998,0.5998,0.0052,10
2026-03-21T17:42:27.430252,0,0.0957,0.0243,0.0957,0.1658,0.5996,0.5996,0.0051,10
2026-03-21T17:42:27.500211,0,0.0959,0.0339,0.0959,0.1704,0.5988,0.5988,0.0050,10
2026-03-21T17:42:27.569480,0,0.0957,0.0236,0.0957,0.1661,0.5983,0.5983,0.0051,10
2026-03-21T17:42:27.639652,0,0.0954,0.0263,0.0954,0.1678,0.5991,0.5991,0.0050,10
2026-03-21T17:42:27.709794,0,0.0958,0.0299,0.0958,0.1684,0.5997,0.5997,0.0050,10
2026-03-21T17:42:27.778762,0,0.0956,0.0265,0.0956,0.1660,0.5990,0.5990,0.0051,10
2026-03-21T17:42:27.778762,1,0.0917,0.0396,0.0917,1.0936,0.7481,-0.3061,0.6826,5
2026-03-21T17:42:27.848905,0,0.0952,0.0233,0.0952,0.1658,0.5988,0.5988,0.0050,10
2026-03-21T17:42:27.848905,1,0.0489,0.0489,0.0108,0.5422,0.6702,0.2403,0.6256,5
2026-03-21T17:42:27.848905,2,0.1037,0.0599,0.1037,1.0998,0.7338,-0.3034,0.6681,8
2026-03-21T17:42:27.918106,0,0.0964,0.0333,0.0964,0.1708,0.5997,0.5997,0.0052,10
2026-03-21T17:42:27.918106,1,0.0614,0.0614,0.0569,0.5487,0.6574,0.2355,0.6138,7
2026-03-21T17:42:27.918106,2,0.0748,0.0727,0.0748,1.1085,0.6843,-0.2999,0.6151,7
2026-03-21T17:42:27.987755,0,0.0966,0.0383,0.0966,0.1668,0.6004,0.6004,0.0050,10
2026-03-21T17:42:27.987755,1,0.1082,0.1082,0.0478,0.5684,0.6564,0.2360,0.6125,9
2026-03-21T17:42:27.987755,2,0.0855,0.0842,0.0855,1.1230,0.6929,-0.3093,0.6201,8
2026-03-21T17:42:28.057548,0,0.0832,0.0105,0.0832,0.1690,0.5961,0.5960,0.0105,9
2026-03-21T17:42:28.057548,1,0.1024,0.1024,0.0434,0.5804,0.6429,0.2204,0.6039,9
2026-03-21T17:42:28.057548,2,0.0975,0.0975,0.0396,1.1180,0.6954,-0.3051,0.6249,9
2026-03-21T17:42:28.126331,0,0.0960,0.0308,0.0960,0.1684,0.5981,0.5981,0.0050,10
2026-03-21T17:42:28.126331,1,0.0925,0.0925,0.0367,0.5909,0.6217,0.2080,0.5859,8
2026-03-21T17:42:28.126331,2,0.1404,0.1404,0.0950,1.1250,0.6999,-0.2846,0.6394,13
2026-03-21T17:42:28.197299,0,0.0955,0.0253,0.0955,0.1698,0.5981,0.5981,0.0051,10
2026-03-21T17:42:28.197299,1,0.1049,0.1049,0.0549,0.6084,0.6078,0.1933,0.5763,10
2026-03-21T17:42:28.197299,2,0.1264,0.1264,0.0707,1.1185,0.7008,-0.2906,0.6377,12
2026-03-21T17:42:28.266976,0,0.0956,0.0225,0.0956,0.1680,0.5979,0.5979,0.0051,10
2026-03-21T17:42:28.266976,1,0.1057,0.1057,0.0402,0.6306,0.5828,0.1759,0.5556,10
2026-03-21T17:42:28.266976,2,0.0921,0.0473,0.0921,1.1105,0.7116,-0.3224,0.6343,7
2026-03-21T17:42:28.335951,0,0.0950,0.0189,0.0950,0.1674,0.5984,0.5984,0.0051,10
2026-03-21T17:42:28.335951,1,0.1210,0.1210,0.0510,0.6481,0.5665,0.1617,0.5429,12
2026-03-21T17:42:28.406179,0,0.0955,0.0243,0.0955,0.1688,0.5974,0.5974,0.0051,10
2026-03-21T17:42:28.406179,1,0.1288,0.1288,0.0713,0.6597,0.5539,0.1537,0.5321,13
2026-03-21T17:42:28.406179,2,0.0590,0.0323,0.0590,1.1525,0.8054,-0.3778,0.7113,5
2026-03-21T17:42:28.475402,0,0.0963,0.0273,0.0963,0.1668,0.6000,0.6000,0.0051,10
2026-03-21T17:42:28.475402,1,0.1113,0.1113,0.0730,0.6578,0.5415,0.1449,0.5217,12
2026-03-21T17:42:28.544960,0,0.0962,0.0313,0.0962,0.1658,0.5996,0.5996,0.0051,10
2026-03-21T17:42:28.544960,1,0.1394,0.1394,0.0818,0.6279,0.5642,0.1900,0.5313,12
2026-03-21T17:42:28.615016,0,0.0963,0.0409,0.0963,0.1714,0.6001,0.6001,0.0049,10
2026-03-21T17:42:28.684631,0,0.0958,0.0289,0.0958,0.1694,0.5979,0.5979,0.0051,10
2026-03-21T17:42:28.753877,0,0.0964,0.0358,0.0964,0.1704,0.5987,0.5987,0.0051,10
2026-03-21T17:42:28.823917,0,0.0966,0.0388,0.0966,0.1684,0.6007,0.6007,0.0050,10
2026-03-21T17:42:28.893269,0,0.0965,0.0445,0.0965,0.1681,0.5995,0.5995,0.0050,10
2026-03-21T17:42:28.963192,0,0.0966,0.0378,0.0966,0.1664,0.6002,0.6002,0.0050,10
2026-03-21T17:42:29.033212,0,0.0954,0.0189,0.0954,0.1634,0.5999,0.5999,0.0051,10
2026-03-21T17:42:29.033212,1,0.0439,0.0421,0.0439,0.5508,0.5611,0.2236,0.5146,6
2026-03-21T17:42:29.033212,2,0.0384,0.0384,0.0150,0.8169,0.5530,-0.0386,0.5517,5
2026-03-21T17:42:29.103064,0,0.0962,0.0319,0.0962,0.1684,0.5977,0.5977,0.0050,10
2026-03-21T17:42:29.103064,1,0.0911,0.0911,0.0735,0.5529,0.5716,0.2371,0.5201,10
2026-03-21T17:42:29.103064,2,0.0553,0.0421,0.0553,0.8199,0.5041,-0.0391,0.5026,6
2026-03-21T17:42:29.172741,0,0.0947,0.0206,0.0947,0.1671,0.5975,0.5975,0.0050,10
2026-03-21T17:42:29.172741,1,0.1001,0.1001,0.0407,0.5606,0.5716,0.2417,0.5179,11
2026-03-21T17:42:29.242026,0,0.0958,0.0259,0.0958,0.1684,0.5989,0.5989,0.0051,10
2026-03-21T17:42:29.242026,1,0.1227,0.1227,0.0565,0.5650,0.5788,0.2448,0.5245,13
2026-03-21T17:42:29.312496,0,0.0958,0.0286,0.0958,0.1711,0.5979,0.5979,0.0050,10
2026-03-21T17:42:29.312496,1,0.1468,0.1468,0.0643,0.5614,0.5871,0.2535,0.5295,14
2026-03-21T17:42:29.312496,2,0.0437,0.0437,0.0154,0.8199,0.4898,-0.0385,0.4883,6
2026-03-21T17:42:29.381519,0,0.0957,0.0243,0.0957,0.1668,0.5992,0.5992,0.0051,10
2026-03-21T17:42:29.381519,1,0.1484,0.1484,0.0625,0.5714,0.5911,0.2502,0.5356,15
2026-03-21T17:42:29.381519,2,0.0762,0.0762,0.0134,0.5831,1.0243,0.2132,1.0019,5
2026-03-21T17:42:29.381519,3,0.0429,0.0429,0.0144,0.8105,0.4933,-0.0301,0.4924,6
2026-03-21T17:42:29.451390,0,0.0958,0.0328,0.0958,0.1654,0.5993,0.5993,0.0049,10
2026-03-21T17:42:29.451390,1,0.1464,0.1464,0.0629,0.5683,0.5967,0.2527,0.5405,15
2026-03-21T17:42:29.451390,2,0.0812,0.0812,0.0310,0.5640,1.0381,0.2339,1.0114,5
2026-03-21T17:42:29.451390,3,0.0560,0.0560,0.0507,0.8150,0.5065,-0.0266,0.5058,7
2026-03-21T17:42:29.521210,0,0.0961,0.0356,0.0961,0.1681,0.5983,0.5983,0.0051,10
2026-03-21T17:42:29.521210,1,0.1760,0.1760,0.0918,0.5696,0.6046,0.2562,0.5476,17
2026-03-21T17:42:29.521210,2,0.0833,0.0833,0.0326,0.5446,1.0527,0.2551,1.0213,5
2026-03-21T17:42:29.521210,3,0.0429,0.0429,0.0409,0.8019,0.5023,-0.0216,0.5018,6
2026-03-21T17:42:29.591026,0,0.0959,0.0333,0.0959,0.1698,0.5982,0.5982,0.0051,10
2026-03-21T17:42:29.591026,1,0.1727,0.1727,0.0747,0.5766,0.5995,0.2541,0.5429,17
2026-03-21T17:42:29.591026,2,0.0783,0.0783,0.0147,0.5625,1.0437,0.2351,1.0169,5
2026-03-21T17:42:29.591026,3,0.0431,0.0431,0.0301,0.8021,0.5011,-0.0217,0.5006,6
2026-03-21T17:42:29.659846,0,0.0967,0.0356,0.0967,0.1691,0.5992,0.5992,0.0051,10
2026-03-21T17:42:29.659846,1,0.1717,0.1717,0.0758,0.5751,0.6005,0.2545,0.5439,17
2026-03-21T17:42:29.659846,2,0.0903,0.0903,0.0213,0.5609,1.0450,0.2441,1.0161,6
2026-03-21T17:42:29.659846,3,0.0458,0.0458,0.0281,0.8048,0.5034,-0.0221,0.5030,6
2026-03-21T17:42:29.730115,0,0.0959,0.0239,0.0959,0.1635,0.6004,0.6004,0.0051,10
2026-03-21T17:42:29.730115,1,0.1602,0.1602,0.0968,0.5674,0.6071,0.2568,0.5501,17
2026-03-21T17:42:29.730115,2,0.0950,0.0950,0.0212,0.5613,1.0440,0.2440,1.0151,6
2026-03-21T17:42:29.730115,3,0.0496,0.0475,0.0496,0.8065,0.5084,-0.0224,0.5079,6
2026-03-21T17:42:29.799158,0,0.0961,0.0286,0.0961,0.1651,0.6009,0.6009,0.0051,10
2026-03-21T17:42:29.799158,1,0.1648,0.1648,0.0915,0.5693,0.6079,0.2574,0.5507,17
2026-03-21T17:42:29.799158,2,0.0921,0.0921,0.0097,0.5606,1.0472,0.2447,1.0182,6
2026-03-21T17:42:29.799158,3,0.0486,0.0443,0.0486,0.7938,0.5081,-0.0129,0.5079,6
2026-03-21T17:42:29.868600,0,0.0962,0.0336,0.0962,0.1631,0.6014,0.6014,0.0050,10
2026-03-21T17:42:29.868600,1,0.1682,0.1682,0.0865,0.5710,0.6056,0.2565,0.5486,17
2026-03-21T17:42:29.868600,2,0.0950,0.0950,0.0211,0.5602,1.0542,0.2464,1.0250,6
2026-03-21T17:42:29.868600,3,0.0502,0.0474,0.0502,0.8064,0.5068,-0.0224,0.5063,6
2026-03-21T17:42:29.938443,0,0.0960,0.0363,0.0960,0.1658,0.5993,0.5993,0.0050,10
2026-03-21T17:42:29.938443,1,0.1638,0.1638,0.0896,0.5698,0.6035,0.2555,0.5467,17
2026-03-21T17:42:29.938443,2,0.1009,0.1009,0.0227,0.5587,1.0654,0.2491,1.0358,6
2026-03-21T17:42:29.938443,3,0.0474,0.0474,0.0470,0.8064,0.5068,-0.0224,0.5063,6
2026-03-21T17:42:30.007928,0,0.0961,0.0376,0.0961,0.1731,0.5986,0.5986,0.0051,10
2026-03-21T17:42:30.007928,1,0.1878,0.1878,0.1200,0.5671,0.6038,0.2605,0.5447,18
2026-03-21T17:42:30.007928,2,0.0450,0.0450,0.0436,0.7946,0.5094,-0.0131,0.5093,6
2026-03-21T17:42:30.077869,0,0.0957,0.0283,0.0957,0.1668,0.5983,0.5983,0.0051,10
2026-03-21T17:42:30.077869,1,0.1777,0.1777,0.0599,0.5727,0.5914,0.2602,0.5311,17
2026-03-21T17:42:30.077869,2,0.0443,0.0443,0.0321,0.7940,0.5071,-0.0131,0.5069,6
2026-03-21T17:42:30.148216,0,0.0969,0.0405,0.0969,0.1681,0.6014,0.6014,0.0050,10
2026-03-21T17:42:30.148216,1,0.1747,0.1747,0.0638,0.5730,0.5856,0.2575,0.5259,17
2026-03-21T17:42:30.148216,2,0.0445,0.0445,0.0339,0.7942,0.5084,-0.0131,0.5083,6
2026-03-21T17:42:30.217763,0,0.0959,0.0298,0.0959,0.1694,0.5978,0.5978,0.0051,10
2026-03-21T17:42:30.217763,1,0.1758,0.1758,0.0660,0.5730,0.5837,0.2567,0.5242,17
2026-03-21T17:42:30.217763,2,0.0446,0.0446,0.0296,0.7944,0.5086,-0.0131,0.5084,6
2026-03-21T17:42:30.287300,0,0.0962,0.0438,0.0962,0.1754,0.5967,0.5967,0.0049,10
2026-03-21T17:42:30.287300,1,0.1521,0.1521,0.0732,0.5702,0.5836,0.2516,0.5265,16
2026-03-21T17:42:30.287300,2,0.0445,0.0445,0.0216,0.7944,0.5098,-0.0132,0.5096,6
2026-03-21T17:42:30.357161,0,0.0962,0.0429,0.0962,0.1744,0.5989,0.5989,0.0049,10
2026-03-21T17:42:30.357161,1,0.1460,0.1460,0.0867,0.5668,0.5836,0.2515,0.5267,16
2026-03-21T17:42:30.357161,2,0.0998,0.0998,0.0266,0.5587,1.0610,0.2481,1.0316,6
2026-03-21T17:42:30.357161,3,0.0444,0.0444,0.0192,0.7943,0.5089,-0.0132,0.5088,6
2026-03-21T17:42:30.427293,0,0.0968,0.0338,0.0968,0.1674,0.6007,0.6007,0.0051,10
2026-03-21T17:42:30.427293,1,0.1479,0.1479,0.0886,0.5665,0.5816,0.2507,0.5248,16
2026-03-21T17:42:30.427293,2,0.0984,0.0984,0.0200,0.5613,1.0500,0.2455,1.0209,6
2026-03-21T17:42:30.427293,3,0.0446,0.0446,0.0236,0.7944,0.5076,-0.0132,0.5074,6
2026-03-21T17:42:30.496560,0,0.0960,0.0359,0.0960,0.1694,0.6004,0.6004,0.0049,10
2026-03-21T17:42:30.496560,1,0.1757,0.1757,0.0913,0.5668,0.5807,0.2553,0.5216,17
2026-03-21T17:42:30.496560,2,0.0775,0.0775,0.0270,0.5446,1.0381,0.2514,1.0072,5
2026-03-21T17:42:30.496560,3,0.0443,0.0443,0.0260,0.7941,0.5079,-0.0131,0.5078,6
2026-03-21T17:42:30.565655,0,0.0962,0.0283,0.0962,0.1668,0.5998,0.5998,0.0050,10
2026-03-21T17:42:30.565655,1,0.1735,0.1735,0.0953,0.5668,0.5769,0.2535,0.5182,17
2026-03-21T17:42:30.565655,2,0.1122,0.1122,0.0252,0.5642,1.0279,0.2491,0.9973,7
2026-03-21T17:42:30.565655,3,0.0445,0.0445,0.0230,0.7944,0.5096,-0.0132,0.5094,6
2026-03-21T17:42:30.635122,0,0.0959,0.0293,0.0959,0.1688,0.5969,0.5969,0.0050,10
2026-03-21T17:42:30.635122,1,0.1414,0.1414,0.0989,0.5698,0.5664,0.2440,0.5112,16
2026-03-21T17:42:30.635122,2,0.1058,0.1058,0.0172,0.5669,1.0084,0.2441,0.9784,7
2026-03-21T17:42:30.635122,3,0.0442,0.0442,0.0160,0.7942,0.5038,-0.0132,0.5036,6
2026-03-21T17:42:30.705324,0,0.0959,0.0286,0.0959,0.1691,0.5984,0.5984,0.0051,10
2026-03-21T17:42:30.705324,1,0.1327,0.1327,0.0758,0.5666,0.5597,0.2457,0.5029,15
2026-03-21T17:42:30.705324,2,0.1089,0.1089,0.0143,0.5697,0.9977,0.2416,0.9680,7
2026-03-21T17:42:30.705324,3,0.0456,0.0456,0.0287,0.7956,0.5046,-0.0133,0.5044,6
2026-03-21T17:42:30.774924,0,0.0957,0.0265,0.0957,0.1710,0.5989,0.5989,0.0051,10
2026-03-21T17:42:30.774924,1,0.1542,0.1542,0.1002,0.5637,0.5620,0.2512,0.5027,16
2026-03-21T17:42:30.774924,2,0.1235,0.1235,0.0192,0.5701,0.9918,0.2486,0.9602,8
2026-03-21T17:42:30.774924,3,0.0462,0.0462,0.0410,0.7963,0.5069,-0.0134,0.5068,6
2026-03-21T17:42:30.845082,0,0.0959,0.0309,0.0959,0.1694,0.5980,0.5980,0.0050,10
2026-03-21T17:42:30.845082,1,0.1423,0.1423,0.0725,0.5613,0.5538,0.2519,0.4932,15
2026-03-21T17:42:30.845082,2,0.1242,0.1242,0.0193,0.5720,0.9827,0.2464,0.9513,8
2026-03-21T17:42:30.845082,3,0.0567,0.0567,0.0520,0.7967,0.5117,-0.0089,0.5116,7
2026-03-21T17:42:30.914165,0,0.0961,0.0398,0.0961,0.1704,0.5982,0.5982,0.0049,10
2026-03-21T17:42:30.914165,1,0.1348,0.1348,0.0829,0.5594,0.5473,0.2488,0.4874,15
2026-03-21T17:42:30.914165,2,0.1335,0.1335,0.0316,0.5718,0.9798,0.2538,0.9463,9
2026-03-21T17:42:30.914165,3,0.0563,0.0563,0.0510,0.7969,0.5095,-0.0090,0.5095,7
2026-03-21T17:42:30.983593,0,0.0954,0.0206,0.0954,0.1651,0.5995,0.5995,0.0051,10
2026-03-21T17:42:30.983593,1,0.1253,0.1253,0.1164,0.5544,0.5501,0.2496,0.4902,15
2026-03-21T17:42:30.983593,2,0.1425,0.1425,0.0305,0.5724,0.9783,0.2536,0.9449,9
2026-03-21T17:42:30.983593,3,0.0446,0.0446,0.0180,0.7857,0.5024,-0.0043,0.5024,6
2026-03-21T17:42:31.053657,0,0.0955,0.0263,0.0955,0.1668,0.5991,0.5991,0.0051,10
2026-03-21T17:42:31.053657,1,0.1282,0.1282,0.0603,0.5572,0.5468,0.2529,0.4849,14
2026-03-21T17:42:31.053657,2,0.1454,0.1454,0.0272,0.5730,0.9792,0.2540,0.9457,9
2026-03-21T17:42:31.053657,3,0.0587,0.0565,0.0587,0.7975,0.5070,-0.0092,0.5069,7
2026-03-21T17:42:31.123378,0,0.0963,0.0346,0.0963,0.1691,0.5996,0.5996,0.0050,10
2026-03-21T17:42:31.123378,1,0.1246,0.1246,0.0716,0.5526,0.5503,0.2543,0.4880,14
2026-03-21T17:42:31.123378,2,0.1275,0.1275,0.0296,0.5567,0.9783,0.2620,0.9426,8
2026-03-21T17:42:31.123378,3,0.0437,0.0437,0.0148,0.7850,0.4971,-0.0043,0.4971,6
2026-03-21T17:42:31.193798,0,0.0961,0.0313,0.0961,0.1678,0.5990,0.5990,0.0051,10
2026-03-21T17:42:31.193798,1,0.1203,0.1203,0.0776,0.5494,0.5512,0.2547,0.4888,14
2026-03-21T17:42:31.193798,2,0.1490,0.1490,0.0329,0.5561,0.9862,0.2726,0.9478,9
2026-03-21T17:42:31.193798,3,0.0559,0.0559,0.0537,0.7971,0.5065,-0.0091,0.5065,7
2026-03-21T17:42:31.263563,0,0.0968,0.0428,0.0968,0.1704,0.6027,0.6027,0.0051,10
2026-03-21T17:42:31.263563,1,0.1242,0.1242,0.1006,0.5466,0.5524,0.2551,0.4900,14
2026-03-21T17:42:31.263563,2,0.1037,0.1037,0.0216,0.5565,0.9725,0.2519,0.9394,7
2026-03-21T17:42:31.263563,3,0.0539,0.0539,0.0368,0.7946,0.5023,-0.0087,0.5022,7
2026-03-21T17:42:31.333148,0,0.0959,0.0326,0.0959,0.1681,0.6000,0.6000,0.0050,10
2026-03-21T17:42:31.333148,1,0.0961,0.0961,0.0527,0.5414,0.5445,0.2559,0.4806,11
2026-03-21T17:42:31.333148,2,0.1040,0.1040,0.0245,0.5565,0.9698,0.2512,0.9367,7
2026-03-21T17:42:31.333148,3,0.0435,0.0435,0.0091,0.7938,0.4944,-0.0130,0.4943,6
2026-03-21T17:42:31.402331,0,0.0956,0.0333,0.0956,0.1718,0.5989,0.5989,0.0050,10
2026-03-21T17:42:31.402331,1,0.1218,0.1218,0.0504,0.5453,0.5520,0.2597,0.4871,11
2026-03-21T17:42:31.402331,2,0.1217,0.1217,0.0357,0.5720,0.9696,0.2431,0.9386,8
2026-03-21T17:42:31.402331,3,0.0528,0.0528,0.0190,0.8029,0.4967,-0.0174,0.4964,7
2026-03-21T17:42:31.472144,0,0.0957,0.0239,0.0957,0.1694,0.5976,0.5976,0.0052,10
2026-03-21T17:42:31.472144,1,0.0566,0.0566,0.0542,0.5251,0.5494,0.2536,0.4874,8
2026-03-21T17:42:31.472144,2,0.1115,0.1115,0.0408,0.5590,0.9688,0.2514,0.9357,7
2026-03-21T17:42:31.472144,3,0.0630,0.0630,0.0184,0.8220,0.5062,-0.0309,0.5053,8
2026-03-21T17:42:31.541185,0,0.0947,0.0159,0.0947,0.1674,0.5966,0.5966,0.0051,10
2026-03-21T17:42:31.541185,1,0.0713,0.0713,0.0126,0.5621,0.9561,0.2315,0.9277,5
2026-03-21T17:42:31.611287,0,0.0960,0.0323,0.0960,0.1668,0.5981,0.5981,0.0051,10
2026-03-21T17:42:31.611287,1,0.0759,0.0337,0.0759,0.8367,0.5918,-0.0612,0.5886,5
2026-03-21T17:42:31.680207,0,0.0962,0.0346,0.0962,0.1691,0.5984,0.5984,0.0050,10
2026-03-21T17:42:31.751057,0,0.0958,0.0279,0.0958,0.1664,0.6004,0.6004,0.0050,10
2026-03-21T17:42:31.819554,0,0.0955,0.0200,0.0955,0.1654,0.5999,0.5999,0.0051,10
2026-03-21T17:42:31.889455,0,0.0962,0.0369,0.0962,0.1694,0.5993,0.5993,0.0050,10
2026-03-21T17:42:31.959857,0,0.0964,0.0406,0.0964,0.1691,0.5992,0.5992,0.0050,10
2026-03-21T17:42:32.029228,0,0.0959,0.0306,0.0959,0.1711,0.5999,0.5999,0.0052,10
2026-03-21T17:42:32.098377,0,0.0961,0.0268,0.0961,0.1654,0.5997,0.5997,0.0051,10
2026-03-21T17:42:32.169134,0,0.0959,0.0249,0.0959,0.1645,0.5999,0.5999,0.0051,10
2026-03-21T17:42:32.238063,0,0.0956,0.0266,0.0956,0.1661,0.6001,0.6001,0.0051,10
2026-03-21T17:42:32.308137,0,0.0955,0.0299,0.0955,0.1674,0.5989,0.5989,0.0050,10
2026-03-21T17:42:32.378161,0,0.0957,0.0236,0.0957,0.1651,0.6011,0.6011,0.0051,10
2026-03-21T17:42:32.447874,0,0.0968,0.0409,0.0968,0.1654,0.6011,0.6011,0.0050,10
2026-03-21T17:42:32.517229,0,0.0961,0.0306,0.0961,0.1641,0.6006,0.6006,0.0051,10
2026-03-21T17:42:32.587657,0,0.0959,0.0309,0.0959,0.1694,0.5992,0.5992,0.0050,10
2026-03-21T17:42:32.657272,0,0.0963,0.0296,0.0963,0.1671,0.5985,0.5985,0.0051,10
2026-03-21T17:42:32.726505,0,0.0951,0.0203,0.0951,0.1668,0.5971,0.5971,0.0051,10
2026-03-21T17:42:32.796454,0,0.0963,0.0266,0.0963,0.1651,0.6006,0.6006,0.0051,10
2026-03-21T17:42:32.865557,0,0.0967,0.0349,0.0967,0.1684,0.6007,0.6007,0.0050,10
2026-03-21T17:42:32.936197,0,0.0966,0.0363,0.0966,0.1688,0.6006,0.6006,0.0051,10
2026-03-21T17:42:33.004579,0,0.0967,0.0419,0.0967,0.1714,0.5998,0.5998,0.0050,10
2026-03-21T17:42:33.075447,0,0.0966,0.0319,0.0966,0.1654,0.6017,0.6017,0.0050,10
2026-03-21T17:42:33.144123,0,0.0944,0.0096,0.0944,0.1651,0.5972,0.5972,0.0052,10
2026-03-21T17:42:33.213765,0,0.0954,0.0309,0.0954,0.1694,0.5983,0.5983,0.0050,10
2026-03-21T17:42:33.283499,0,0.0959,0.0239,0.0959,0.1704,0.5990,0.5990,0.0051,10
2026-03-21T17:42:33.353304,0,0.0957,0.0278,0.0957,0.1684,0.5971,0.5971,0.0051,10
2026-03-21T17:42:33.423014,0,0.0962,0.0256,0.0962,0.1671,0.5990,0.5990,0.0051,10
2026-03-21T17:42:33.492860,0,0.0960,0.0343,0.0960,0.1688,0.5983,0.5983,0.0050,10
2026-03-21T17:42:33.563055,0,0.0970,0.0395,0.0970,0.1690,0.5996,0.5996,0.0051,10
2026-03-21T17:42:33.632328,0,0.0968,0.0399,0.0968,0.1674,0.6009,0.6009,0.0050,10
2026-03-21T17:42:33.702673,0,0.0967,0.0389,0.0967,0.1664,0.6004,0.6004,0.0050,10
2026-03-21T17:42:33.771519,0,0.0959,0.0355,0.0959,0.1690,0.6008,0.6008,0.0050,10
2026-03-21T17:42:33.841891,0,0.0968,0.0365,0.0968,0.1680,0.6021,0.6021,0.0051,10
2026-03-21T17:42:33.911297,0,0.0962,0.0333,0.0962,0.1698,0.5996,0.5996,0.0051,10
2026-03-21T17:42:33.981322,0,0.0957,0.0296,0.0957,0.1691,0.5984,0.5984,0.0051,10
2026-03-21T17:42:33.981322,1,0.0490,0.0490,0.0155,0.8162,0.4603,-0.0322,0.4592,7
2026-03-21T17:42:34.050375,0,0.0958,0.0378,0.0958,0.1754,0.5971,0.5971,0.0051,10
2026-03-21T17:42:34.050375,1,0.0643,0.0445,0.0643,0.8035,0.4414,-0.0226,0.4409,7
2026-03-21T17:42:34.120294,0,0.0962,0.0286,0.0962,0.1691,0.5975,0.5975,0.0051,10
2026-03-21T17:42:34.120294,1,0.0546,0.0546,0.0309,0.8136,0.4260,-0.0262,0.4252,8
2026-03-21T17:42:34.190176,0,0.0955,0.0200,0.0955,0.1694,0.5979,0.5979,0.0052,10
2026-03-21T17:42:34.190176,1,0.0509,0.0509,0.0200,0.8099,0.4145,-0.0252,0.4138,8
2026-03-21T17:42:34.259791,0,0.0957,0.0203,0.0957,0.1668,0.5974,0.5974,0.0052,10
2026-03-21T17:42:34.259791,1,0.0637,0.0637,0.0528,0.8227,0.4155,-0.0294,0.4144,9
2026-03-21T17:42:34.329087,0,0.0956,0.0249,0.0956,0.1654,0.5986,0.5986,0.0051,10
2026-03-21T17:42:34.329087,1,0.0735,0.0699,0.0735,0.8208,0.4167,-0.0253,0.4159,10
2026-03-21T17:42:34.399125,0,0.0965,0.0315,0.0965,0.1660,0.6014,0.6014,0.0051,10
2026-03-21T17:42:34.399125,1,0.0556,0.0556,0.0502,0.5371,0.5970,0.2430,0.5453,5
2026-03-21T17:42:34.399125,2,0.0607,0.0607,0.0377,0.8197,0.4059,-0.0286,0.4049,9
2026-03-21T17:42:34.468559,0,0.0959,0.0335,0.0959,0.1700,0.5988,0.5988,0.0050,10
2026-03-21T17:42:34.468559,1,0.0883,0.0883,0.0703,0.5627,0.5723,0.2325,0.5229,11
2026-03-21T17:42:34.468559,2,0.0601,0.0601,0.0377,0.8191,0.4058,-0.0285,0.4048,9
2026-03-21T17:42:34.538281,0,0.0964,0.0343,0.0964,0.1698,0.6013,0.6013,0.0051,10
2026-03-21T17:42:34.538281,1,0.1275,0.1275,0.0534,0.5770,0.5783,0.2401,0.5261,14
2026-03-21T17:42:34.538281,2,0.0576,0.0576,0.0230,0.8166,0.4080,-0.0285,0.4070,9
2026-03-21T17:42:34.608555,0,0.0965,0.0369,0.0965,0.1664,0.6009,0.6009,0.0050,10
2026-03-21T17:42:34.608555,1,0.1655,0.1655,0.0665,0.5830,0.5866,0.2483,0.5315,17
2026-03-21T17:42:34.608555,2,0.0572,0.0572,0.0145,0.8162,0.4068,-0.0284,0.4058,9
2026-03-21T17:42:34.677267,0,0.0962,0.0318,0.0962,0.1684,0.5993,0.5993,0.0050,10
2026-03-21T17:42:34.677267,1,0.2043,0.2043,0.0731,0.5933,0.5918,0.2554,0.5339,20
2026-03-21T17:42:34.677267,2,0.0576,0.0576,0.0232,0.8166,0.4098,-0.0285,0.4088,9
2026-03-21T17:42:34.747307,0,0.0963,0.0329,0.0963,0.1674,0.6000,0.6000,0.0050,10
2026-03-21T17:42:34.747307,1,0.2175,0.2175,0.0956,0.5985,0.5950,0.2567,0.5368,22
2026-03-21T17:42:34.747307,2,0.0578,0.0578,0.0246,0.8168,0.4154,-0.0289,0.4143,9
2026-03-21T17:42:34.817174,0,0.0961,0.0239,0.0961,0.1654,0.5997,0.5997,0.0051,10
2026-03-21T17:42:34.817174,1,0.2530,0.2530,0.1290,0.6020,0.6004,0.2640,0.5392,25
2026-03-21T17:42:34.817174,2,0.0572,0.0572,0.0415,0.8162,0.4145,-0.0286,0.4135,9
2026-03-21T17:42:34.886781,0,0.0959,0.0213,0.0959,0.1648,0.5991,0.5991,0.0052,10
2026-03-21T17:42:34.886781,1,0.2708,0.2708,0.0967,0.6107,0.6008,0.2696,0.5369,26
2026-03-21T17:42:34.886781,2,0.0572,0.0572,0.0572,0.8162,0.4176,-0.0287,0.4166,9
2026-03-21T17:42:34.956529,0,0.0956,0.0246,0.0956,0.1681,0.5974,0.5974,0.0051,10
2026-03-21T17:42:34.956529,1,0.3142,0.3142,0.1168,0.6166,0.6062,0.2778,0.5388,29
2026-03-21T17:42:34.956529,2,0.0748,0.0547,0.0748,0.8137,0.4129,-0.0282,0.4119,9
2026-03-21T17:42:35.026443,0,0.0959,0.0336,0.0959,0.1701,0.5995,0.5995,0.0051,10
2026-03-21T17:42:35.026443,1,0.3052,0.3052,0.0969,0.6207,0.6097,0.2795,0.5418,29
2026-03-21T17:42:35.026443,2,0.0770,0.0579,0.0770,0.8169,0.4189,-0.0286,0.4179,9
2026-03-21T17:42:35.095932,0,0.0957,0.0316,0.0957,0.1701,0.5983,0.5983,0.0051,10
2026-03-21T17:42:35.095932,1,0.3057,0.3057,0.1294,0.6251,0.6135,0.2763,0.5477,30
2026-03-21T17:42:35.095932,2,0.0622,0.0622,0.0341,0.8286,0.4178,-0.0365,0.4162,9
2026-03-21T17:42:35.165014,0,0.0960,0.0276,0.0960,0.1671,0.6002,0.6002,0.0051,10
2026-03-21T17:42:35.165014,1,0.3488,0.3488,0.1264,0.6253,0.6188,0.2845,0.5496,31
2026-03-21T17:42:35.165014,2,0.0616,0.0586,0.0616,0.8176,0.4187,-0.0289,0.4177,9
2026-03-21T17:42:35.235406,0,0.0953,0.0239,0.0953,0.1664,0.6002,0.6002,0.0051,10
2026-03-21T17:42:35.235406,1,0.3382,0.3382,0.1165,0.6268,0.6145,0.2825,0.5457,29
2026-03-21T17:42:35.235406,2,0.0594,0.0594,0.0532,0.8184,0.4178,-0.0288,0.4168,9
2026-03-21T17:42:35.304710,0,0.0955,0.0279,0.0955,0.1694,0.5980,0.5980,0.0050,10
2026-03-21T17:42:35.304710,1,0.3328,0.3328,0.1170,0.6268,0.6143,0.2823,0.5456,29
2026-03-21T17:42:35.304710,2,0.0569,0.0569,0.0476,0.8159,0.4145,-0.0285,0.4135,9
2026-03-21T17:42:35.374703,0,0.0953,0.0239,0.0953,0.1664,0.5973,0.5973,0.0051,10
2026-03-21T17:42:35.374703,1,0.1581,0.1581,0.0676,0.4315,0.6533,0.3893,0.5247,14
2026-03-21T17:42:35.374703,2,0.1411,0.1411,0.0872,0.6270,0.5935,0.1930,0.5613,15
2026-03-21T17:42:35.374703,3,0.0566,0.0566,0.0450,0.8156,0.4127,-0.0285,0.4117,9
2026-03-21T17:42:35.444303,0,0.0956,0.0289,0.0956,0.1744,0.5992,0.5992,0.0053,10
2026-03-21T17:42:35.444303,1,0.1666,0.1666,0.1049,0.4503,0.6549,0.3840,0.5305,15
2026-03-21T17:42:35.444303,2,0.1418,0.1418,0.0874,0.6264,0.5900,0.1919,0.5579,15
2026-03-21T17:42:35.444303,3,0.0571,0.0571,0.0395,0.8161,0.4149,-0.0286,0.4139,9
2026-03-21T17:42:35.513798,0,0.0958,0.0293,0.0958,0.1668,0.5993,0.5993,0.0051,10
2026-03-21T17:42:35.513798,1,0.1889,0.1889,0.1355,0.4603,0.6610,0.3875,0.5355,17
2026-03-21T17:42:35.513798,2,0.1390,0.1390,0.1010,0.6249,0.5873,0.1910,0.5554,15
2026-03-21T17:42:35.513798,3,0.0573,0.0573,0.0276,0.8163,0.4115,-0.0285,0.4105,9
2026-03-21T17:42:35.583753,0,0.0966,0.0293,0.0966,0.1658,0.6007,0.6007,0.0051,10
2026-03-21T17:42:35.583753,1,0.3560,0.3560,0.1130,0.6218,0.6156,0.2984,0.5384,31
2026-03-21T17:42:35.583753,2,0.0578,0.0578,0.0520,0.8168,0.4149,-0.0287,0.4139,9
2026-03-21T17:42:35.652864,0,0.0957,0.0283,0.0957,0.1688,0.5980,0.5980,0.0051,10
2026-03-21T17:42:35.652864,1,0.2132,0.2132,0.1175,0.4734,0.6531,0.3798,0.5313,18
2026-03-21T17:42:35.652864,2,0.1247,0.1247,0.0824,0.6198,0.5783,0.1926,0.5453,14
2026-03-21T17:42:35.652864,3,0.0573,0.0573,0.0405,0.8163,0.4121,-0.0285,0.4111,9
2026-03-21T17:42:35.723441,0,0.0959,0.0269,0.0959,0.1654,0.5999,0.5999,0.0051,10
2026-03-21T17:42:35.723441,1,0.1832,0.1832,0.0934,0.4730,0.6467,0.3713,0.5295,17
2026-03-21T17:42:35.723441,2,0.1198,0.1198,0.0968,0.6171,0.5773,0.1921,0.5444,14
2026-03-21T17:42:35.723441,3,0.0582,0.0582,0.0281,0.8172,0.4160,-0.0289,0.4150,9
