timestamp,object_id,length,width,depth,height_above_baseline,distance,centroid_x,centroid_y,point_count
2026-03-21T04:18:14.807569,0,0.0457,0.0200,0.0457,0.3124,0.3174,-0.1438,-0.2829,7
2026-03-21T04:18:14.807569,1,0.0718,0.0718,0.0432,1.0598,1.0413,0.0178,-1.0411,5
2026-03-21T04:18:14.807569,2,0.0858,0.0778,0.0858,0.9436,0.9786,0.3660,-0.9075,7
2026-03-21T04:18:14.807569,3,0.2852,0.2852,0.1666,0.0000,1.0516,-0.2251,1.0272,18
2026-03-21T04:18:14.876138,0,0.0576,0.0201,0.0576,0.3252,0.3198,-0.1448,-0.2851,7
2026-03-21T04:18:14.876138,1,0.0692,0.0692,0.0654,1.0550,1.0273,0.0353,-1.0267,5
2026-03-21T04:18:14.876138,2,0.1220,0.1049,0.1220,0.9907,0.9922,0.3546,-0.9267,9
2026-03-21T04:18:14.876138,3,0.2847,0.2847,0.1705,0.0000,1.0522,-0.2252,1.0278,18
2026-03-21T04:18:14.876138,4,0.0588,0.0588,0.0558,0.0000,0.2845,-0.1248,0.2557,7
2026-03-21T04:18:14.945326,0,0.0516,0.0238,0.0516,0.3225,0.3184,-0.1443,-0.2838,7
2026-03-21T04:18:14.945326,1,0.0810,0.0810,0.0307,1.0045,1.0479,-0.3415,-0.9907,5
2026-03-21T04:18:14.945326,2,0.0740,0.0740,0.0590,1.0893,1.0589,-0.0005,-1.0589,5
2026-03-21T04:18:14.945326,3,0.1047,0.0943,0.1047,0.9872,0.9930,0.3632,-0.9242,8
2026-03-21T04:18:14.945326,4,0.0908,0.0908,0.0409,1.2494,1.4190,0.7096,-1.2288,5
2026-03-21T04:18:14.945326,5,0.2850,0.2850,0.1624,0.0000,1.0522,-0.2253,1.0278,18
2026-03-21T04:18:14.945326,6,0.0595,0.0595,0.0572,0.0000,0.2784,-0.1226,0.2499,9
2026-03-21T04:18:15.015161,0,0.0550,0.0207,0.0550,0.3243,0.3192,-0.1446,-0.2846,7
2026-03-21T04:18:15.015161,1,0.0696,0.0696,0.0384,1.0180,1.0449,-0.3229,-0.9937,5
2026-03-21T04:18:15.015161,2,0.0692,0.0692,0.0624,1.0520,1.0237,0.0352,-1.0231,5
2026-03-21T04:18:15.015161,3,0.0974,0.0974,0.0940,0.9710,0.9878,0.3615,-0.9193,8
2026-03-21T04:18:15.015161,4,0.2680,0.2680,0.1503,0.0000,1.0488,-0.2339,1.0224,17
2026-03-21T04:18:15.015161,5,0.0639,0.0639,0.0589,0.0000,0.2850,-0.1257,0.2558,9
2026-03-21T04:18:15.084985,0,0.0456,0.0204,0.0456,0.3115,0.3182,-0.1442,-0.2837,7
2026-03-21T04:18:15.084985,1,0.0693,0.0693,0.0654,1.0560,1.0219,0.0351,-1.0213,5
2026-03-21T04:18:15.084985,2,0.1024,0.0919,0.1024,0.9748,0.9843,0.3600,-0.9161,8
2026-03-21T04:18:15.084985,3,0.2660,0.2660,0.1569,0.0000,1.0492,-0.2339,1.0228,17
2026-03-21T04:18:15.084985,4,0.0627,0.0627,0.0560,0.0000,0.2825,-0.1245,0.2536,9
2026-03-21T04:18:15.154655,0,0.0484,0.0232,0.0484,0.3143,0.3185,-0.1443,-0.2839,7
2026-03-21T04:18:15.154655,1,0.0924,0.0924,0.0374,1.0151,1.0485,-0.3329,-0.9943,6
2026-03-21T04:18:15.154655,2,0.0800,0.0800,0.0473,1.1446,1.1237,-0.0787,-1.1209,5
2026-03-21T04:18:15.154655,3,0.0695,0.0695,0.0624,1.0560,1.0265,0.0352,-1.0259,5
2026-03-21T04:18:15.154655,4,0.0723,0.0481,0.0723,0.9438,0.9797,0.3666,-0.9085,5
2026-03-21T04:18:15.154655,5,0.2847,0.2847,0.1664,0.0000,1.0521,-0.2252,1.0277,18
2026-03-21T04:18:15.154655,6,0.0689,0.0689,0.0680,0.0000,0.2827,-0.1246,0.2537,9
2026-03-21T04:18:15.224135,0,0.0622,0.0215,0.0622,0.3307,0.3202,-0.1450,-0.2855,7
2026-03-21T04:18:15.224135,1,0.0778,0.0778,0.0240,1.1327,1.1237,-0.0979,-1.1194,5
2026-03-21T04:18:15.224135,2,0.1055,0.1055,0.0658,1.0600,1.0274,0.0350,-1.0268,7
2026-03-21T04:18:15.224135,3,0.0706,0.0532,0.0706,0.9467,0.9843,0.3684,-0.9127,5
2026-03-21T04:18:15.224135,4,0.2679,0.2679,0.1513,0.0000,1.0499,-0.2341,1.0234,17
2026-03-21T04:18:15.224135,5,0.0591,0.0591,0.0431,0.0000,0.2796,-0.1227,0.2513,7
2026-03-21T04:18:15.293521,0,0.0594,0.0214,0.0594,0.3270,0.3162,-0.1432,-0.2820,7
2026-03-21T04:18:15.293521,1,0.0796,0.0796,0.0193,1.0017,1.0493,-0.3419,-0.9920,5
2026-03-21T04:18:15.293521,2,0.0794,0.0794,0.0280,1.1387,1.1291,-0.1180,-1.1229,5
2026-03-21T04:18:15.293521,3,0.0695,0.0695,0.0594,1.0540,1.0243,0.0352,-1.0237,5
2026-03-21T04:18:15.293521,4,0.0881,0.0881,0.0674,0.9408,0.9824,0.3676,-0.9110,7
2026-03-21T04:18:15.293521,5,0.2672,0.2672,0.1562,0.0000,1.0507,-0.2343,1.0242,17
2026-03-21T04:18:15.293521,6,0.0644,0.0644,0.0628,0.0000,0.2848,-0.1248,0.2560,7
2026-03-21T04:18:15.363441,0,0.0610,0.0201,0.0610,0.3243,0.3182,-0.1441,-0.2837,7
2026-03-21T04:18:15.363441,1,0.0909,0.0909,0.0365,1.0189,1.0507,-0.3335,-0.9964,6
2026-03-21T04:18:15.363441,2,0.0759,0.0759,0.0566,1.1005,1.0719,-0.0192,-1.0717,5
2026-03-21T04:18:15.363441,3,0.0341,0.0341,0.0258,1.0244,1.0106,0.0527,-1.0092,3
2026-03-21T04:18:15.363441,4,0.0606,0.0606,0.0380,0.9596,0.9969,0.3409,-0.9368,5
2026-03-21T04:18:15.363441,5,0.2664,0.2664,0.1530,0.0000,1.0484,-0.2338,1.0220,17
2026-03-21T04:18:15.363441,6,0.0768,0.0768,0.0710,0.0000,0.2888,-0.1273,0.2592,9
2026-03-21T04:18:15.433600,0,0.0629,0.0138,0.0629,0.0000,0.3188,-0.1443,-0.2843,7
2026-03-21T04:18:15.433600,1,0.0904,0.0904,0.0339,0.0000,1.0577,-0.3623,-0.9937,5
2026-03-21T04:18:15.433600,2,0.1582,0.1582,0.0846,0.0000,1.1097,-0.0784,-1.1069,9
2026-03-21T04:18:15.433600,3,0.1133,0.0861,0.1133,0.0000,0.9903,0.3621,-0.9218,8
2026-03-21T04:18:15.433600,4,0.2659,0.2659,0.1640,0.0000,1.0508,-0.2343,1.0244,17
2026-03-21T04:18:15.433600,5,0.0577,0.0577,0.0572,0.0000,0.2821,-0.1223,0.2542,7
2026-03-21T04:18:15.502924,0,0.0613,0.0171,0.0613,0.0000,0.3222,-0.1459,-0.2873,7
2026-03-21T04:18:15.502924,1,0.0945,0.0945,0.0346,0.0000,1.0517,-0.3339,-0.9973,6
2026-03-21T04:18:15.502924,2,0.0782,0.0782,0.0359,0.0000,1.1267,-0.1176,-1.1205,5
2026-03-21T04:18:15.502924,3,0.0722,0.0722,0.0502,0.0000,1.0447,0.0178,-1.0445,5
2026-03-21T04:18:15.502924,4,0.1134,0.0863,0.1134,0.0000,0.9885,0.3615,-0.9200,8
2026-03-21T04:18:15.502924,5,0.2679,0.2679,0.1543,0.0000,1.0490,-0.2340,1.0226,17
2026-03-21T04:18:15.502924,6,0.0752,0.0714,0.0752,0.0000,0.2856,-0.1262,0.2562,9
2026-03-21T04:18:15.572087,0,0.0630,0.0187,0.0630,0.0000,0.3204,-0.1451,-0.2856,7
2026-03-21T04:18:15.572087,1,0.0932,0.0932,0.0346,0.0000,1.0500,-0.3334,-0.9957,6
2026-03-21T04:18:15.572087,2,0.1072,0.1072,0.0958,0.0000,1.0395,0.0170,-1.0394,7
2026-03-21T04:18:15.572087,3,0.0622,0.0534,0.0622,0.0000,0.9805,0.3670,-0.9092,5
2026-03-21T04:18:15.572087,4,0.0889,0.0889,0.0444,0.1032,1.4200,0.7100,-1.2297,5
2026-03-21T04:18:15.572087,5,0.2855,0.2855,0.1666,0.0000,1.0526,-0.2252,1.0282,18
2026-03-21T04:18:15.572087,6,0.0653,0.0653,0.0533,0.0000,0.2840,-0.1251,0.2550,9
2026-03-21T04:18:15.642021,0,0.0539,0.0168,0.0539,0.0000,0.3179,-0.1440,-0.2835,7
2026-03-21T04:18:15.642021,1,0.0978,0.0978,0.0857,0.0000,0.9911,0.3627,-0.9223,8
2026-03-21T04:18:15.642021,2,0.0890,0.0890,0.0436,0.1120,1.4176,0.6873,-1.2398,5
2026-03-21T04:18:15.642021,3,0.2858,0.2858,0.1677,0.0000,1.0512,-0.2250,1.0268,18
2026-03-21T04:18:15.642021,4,0.0633,0.0633,0.0498,0.0000,0.2827,-0.1246,0.2538,9
2026-03-21T04:18:15.711606,0,0.0602,0.0230,0.0602,0.0000,0.3169,-0.1435,-0.2826,7
2026-03-21T04:18:15.711606,1,0.0903,0.0903,0.0422,0.0000,1.0489,-0.3329,-0.9946,6
2026-03-21T04:18:15.711606,2,0.0804,0.0804,0.0260,0.0000,1.1309,-0.1182,-1.1247,5
2026-03-21T04:18:15.711606,3,0.0757,0.0757,0.0497,0.0000,1.0715,-0.0192,-1.0713,5
2026-03-21T04:18:15.711606,4,0.0639,0.0485,0.0639,0.0000,0.9765,0.3654,-0.9055,5
2026-03-21T04:18:15.711606,5,0.2852,0.2852,0.1676,0.0000,1.0514,-0.2251,1.0271,18
2026-03-21T04:18:15.711606,6,0.0529,0.0529,0.0469,0.0000,0.2847,-0.1253,0.2556,9
2026-03-21T04:18:15.781495,0,0.0458,0.0232,0.0458,0.0000,0.3197,-0.1448,-0.2850,7
2026-03-21T04:18:15.781495,1,0.0918,0.0918,0.0355,0.0000,1.0489,-0.3330,-0.9946,6
2026-03-21T04:18:15.781495,2,0.1075,0.1075,0.0948,0.0000,1.0407,0.0171,-1.0405,7
2026-03-21T04:18:15.781495,3,0.0970,0.0970,0.0843,0.0000,0.9902,0.3625,-0.9215,8
2026-03-21T04:18:15.781495,4,0.2862,0.2862,0.1658,0.0000,1.0516,-0.2252,1.0272,18
2026-03-21T04:18:15.781495,5,0.0601,0.0601,0.0518,0.0000,0.2897,-0.1275,0.2601,9
2026-03-21T04:18:15.851060,0,0.0532,0.0209,0.0532,0.0000,0.3201,-0.1450,-0.2854,7
2026-03-21T04:18:15.851060,1,0.0928,0.0928,0.0336,0.0000,1.0485,-0.3329,-0.9943,6
2026-03-21T04:18:15.851060,2,0.0779,0.0779,0.0260,0.0000,1.1247,-0.0980,-1.1204,5
2026-03-21T04:18:15.851060,3,0.0701,0.0701,0.0513,0.0000,1.0265,0.0353,-1.0259,5
2026-03-21T04:18:15.851060,4,0.1027,0.0726,0.1027,0.0000,0.9994,0.3575,-0.9333,7
2026-03-21T04:18:15.851060,5,0.2664,0.2664,0.1591,0.0000,1.0499,-0.2341,1.0235,17
2026-03-21T04:18:15.851060,6,0.0671,0.0671,0.0619,0.0000,0.2837,-0.1250,0.2547,9
2026-03-21T04:18:15.920820,0,0.0674,0.0163,0.0674,0.0000,0.3224,-0.1459,-0.2875,7
2026-03-21T04:18:15.920820,1,0.0879,0.0879,0.0763,0.0000,1.0295,0.0262,-1.0292,6
2026-03-21T04:18:15.920820,2,0.1097,0.0878,0.1097,0.0000,0.9895,0.3618,-0.9209,8
2026-03-21T04:18:15.920820,3,0.2650,0.2650,0.1618,0.0000,1.0484,-0.2338,1.0221,17
2026-03-21T04:18:15.920820,4,0.0543,0.0543,0.0373,0.0000,0.2871,-0.1264,0.2578,9
2026-03-21T04:18:15.990658,0,0.0603,0.0187,0.0603,0.0000,0.3182,-0.1441,-0.2837,7
2026-03-21T04:18:15.990658,1,0.0899,0.0899,0.0385,0.0000,1.0492,-0.3330,-0.9949,6
2026-03-21T04:18:15.990658,2,0.0715,0.0715,0.0462,0.0000,1.0399,0.0177,-1.0397,5
2026-03-21T04:18:15.990658,3,0.1143,0.0943,0.1143,0.0000,0.9881,0.3614,-0.9196,8
2026-03-21T04:18:15.990658,4,0.2841,0.2841,0.1704,0.0000,1.0517,-0.2251,1.0273,18
2026-03-21T04:18:15.990658,5,0.0748,0.0748,0.0709,0.0000,0.2864,-0.1261,0.2571,9
2026-03-21T04:18:16.060016,0,0.0533,0.0203,0.0533,0.0000,0.3241,-0.1468,-0.2890,7
2026-03-21T04:18:16.060016,1,0.0669,0.0669,0.0432,0.0000,1.0441,-0.3225,-0.9930,5
2026-03-21T04:18:16.060016,2,0.0810,0.0810,0.0268,0.0000,1.1321,-0.1184,-1.1258,5
2026-03-21T04:18:16.060016,3,0.1072,0.1072,0.1007,0.0000,1.0409,0.0170,-1.0408,7
2026-03-21T04:18:16.060016,4,0.0874,0.0773,0.0874,0.0000,0.9914,0.3548,-0.9258,7
2026-03-21T04:18:16.060016,5,0.2671,0.2671,0.1541,0.0000,1.0479,-0.2336,1.0215,17
2026-03-21T04:18:16.060016,6,0.0531,0.0531,0.0517,0.0000,0.2812,-0.1235,0.2526,9
2026-03-21T04:18:16.129651,0,0.0609,0.0190,0.0609,0.0000,0.3162,-0.1432,-0.2820,7
2026-03-21T04:18:16.129651,1,0.0908,0.0908,0.0356,0.0000,1.0470,-0.3323,-0.9929,6
2026-03-21T04:18:16.129651,2,0.0851,0.0851,0.0631,0.0000,0.9801,0.3668,-0.9089,7
2026-03-21T04:18:16.129651,3,0.2683,0.2683,0.1494,0.0000,1.0484,-0.2337,1.0221,17
2026-03-21T04:18:16.129651,4,0.0652,0.0652,0.0531,0.0000,0.2806,-0.1237,0.2519,9
2026-03-21T04:18:16.199201,0,0.0592,0.0151,0.0592,0.0000,0.3197,-0.1447,-0.2850,7
2026-03-21T04:18:16.199201,1,0.0788,0.0788,0.0198,0.0000,1.1235,-0.0980,-1.1192,5
2026-03-21T04:18:16.199201,2,0.0741,0.0741,0.0520,0.0000,1.0599,-0.0004,-1.0599,5
2026-03-21T04:18:16.199201,3,0.0714,0.0504,0.0714,0.0000,0.9801,0.3668,-0.9089,5
2026-03-21T04:18:16.199201,4,0.0921,0.0921,0.0373,0.1048,1.4134,0.6853,-1.2361,5
2026-03-21T04:18:16.199201,5,0.2852,0.2852,0.1676,0.0000,1.0519,-0.2251,1.0275,18
2026-03-21T04:18:16.199201,6,0.0660,0.0660,0.0530,0.0000,0.2859,-0.1262,0.2566,9
2026-03-21T04:18:16.269060,0,0.0578,0.0188,0.0578,0.0000,0.3212,-0.1454,-0.2864,7
2026-03-21T04:18:16.269060,1,0.0797,0.0797,0.0193,0.0000,1.0513,-0.3425,-0.9939,5
2026-03-21T04:18:16.269060,2,0.1075,0.1075,0.0958,0.0000,1.0405,0.0171,-1.0404,7
2026-03-21T04:18:16.269060,3,0.1073,0.1073,0.0722,0.0000,0.9831,0.3760,-0.9084,8
2026-03-21T04:18:16.269060,4,0.2840,0.2840,0.1683,0.0000,1.0502,-0.2247,1.0259,18
2026-03-21T04:18:16.269060,5,0.0527,0.0527,0.0473,0.0000,0.2845,-0.1260,0.2551,7
2026-03-21T04:18:16.339185,0,0.0513,0.0172,0.0513,0.0000,0.3199,-0.1449,-0.2853,7
2026-03-21T04:18:16.339185,1,0.0793,0.0793,0.0350,0.0000,1.1297,-0.1180,-1.1235,5
2026-03-21T04:18:16.339185,2,0.0696,0.0696,0.0554,0.0000,1.0249,0.0352,-1.0243,5
2026-03-21T04:18:16.339185,3,0.0792,0.0792,0.0772,0.0000,0.9814,0.3671,-0.9101,7
2026-03-21T04:18:16.339185,4,0.0887,0.0887,0.0446,0.1155,1.4192,0.6880,-1.2412,5
2026-03-21T04:18:16.339185,5,0.2680,0.2680,0.1524,0.0000,1.0487,-0.2339,1.0223,17
2026-03-21T04:18:16.339185,6,0.0579,0.0579,0.0381,0.0000,0.2824,-0.1242,0.2536,9
2026-03-21T04:18:16.408723,0,0.0431,0.0216,0.0431,0.0000,0.3169,-0.1437,-0.2825,7
2026-03-21T04:18:16.408723,1,0.0898,0.0898,0.0374,0.0000,1.0485,-0.3328,-0.9943,6
2026-03-21T04:18:16.408723,2,0.0800,0.0800,0.0419,0.0038,1.1337,-0.1184,-1.1274,5
2026-03-21T04:18:16.408723,3,0.0691,0.0691,0.0674,0.0000,1.0265,0.0352,-1.0259,5
2026-03-21T04:18:16.408723,4,0.1105,0.0878,0.1105,0.0000,0.9812,0.3588,-0.9133,8
2026-03-21T04:18:16.408723,5,0.2658,0.2658,0.1559,0.0000,1.0486,-0.2338,1.0222,17
2026-03-21T04:18:16.408723,6,0.0642,0.0642,0.0563,0.0000,0.2826,-0.1243,0.2538,9
2026-03-21T04:18:16.477797,0,0.0548,0.0175,0.0548,0.0000,0.3205,-0.1451,-0.2858,7
2026-03-21T04:18:16.477797,1,0.0740,0.0740,0.0560,0.0000,1.0599,-0.0004,-1.0599,5
2026-03-21T04:18:16.477797,2,0.0855,0.0808,0.0855,0.0000,0.9913,0.3547,-0.9256,7
2026-03-21T04:18:16.477797,3,0.0885,0.0885,0.0453,0.1050,1.4204,0.7103,-1.2300,5
2026-03-21T04:18:16.477797,4,0.2844,0.2844,0.1704,0.0000,1.0538,-0.2254,1.0294,18
2026-03-21T04:18:16.477797,5,0.0613,0.0613,0.0443,0.0000,0.2849,-0.1255,0.2558,9
2026-03-21T04:18:16.548001,0,0.0558,0.0204,0.0558,0.0000,0.3191,-0.1445,-0.2845,7
2026-03-21T04:18:16.548001,1,0.0956,0.0956,0.0327,0.0000,1.0520,-0.3341,-0.9976,6
2026-03-21T04:18:16.548001,2,0.1078,0.1078,0.0848,0.0000,1.0422,0.0172,-1.0421,7
2026-03-21T04:18:16.548001,3,0.0961,0.0747,0.0961,0.0000,0.9885,0.3536,-0.9231,7
2026-03-21T04:18:16.548001,4,0.2861,0.2861,0.1627,0.0000,1.0521,-0.2253,1.0277,18
2026-03-21T04:18:16.548001,5,0.0643,0.0640,0.0643,0.0000,0.2811,-0.1238,0.2524,9
2026-03-21T04:18:16.617189,0,0.0438,0.0187,0.0438,0.0000,0.3167,-0.1435,-0.2823,7
2026-03-21T04:18:16.617189,1,0.0920,0.0920,0.0308,0.0000,1.0504,-0.3334,-0.9960,6
2026-03-21T04:18:16.617189,2,0.0740,0.0740,0.0500,0.0000,1.0571,-0.0004,-1.0571,5
2026-03-21T04:18:16.617189,3,0.1050,0.0894,0.1050,0.0000,0.9925,0.3631,-0.9237,8
2026-03-21T04:18:16.617189,4,0.2666,0.2666,0.1552,0.0000,1.0497,-0.2341,1.0233,17
2026-03-21T04:18:16.617189,5,0.0583,0.0583,0.0562,0.0000,0.2804,-0.1236,0.2517,9
2026-03-21T04:18:16.687215,0,0.0557,0.0260,0.0557,0.0000,0.3208,-0.1454,-0.2860,7
2026-03-21T04:18:16.687215,1,0.0910,0.0910,0.0394,0.0000,1.0489,-0.3329,-0.9946,6
2026-03-21T04:18:16.687215,2,0.0828,0.0828,0.0668,0.0000,0.9775,0.3659,-0.9065,7
2026-03-21T04:18:16.687215,3,0.2855,0.2855,0.1666,0.0000,1.0522,-0.2253,1.0278,18
2026-03-21T04:18:16.687215,4,0.0647,0.0647,0.0640,0.0000,0.2885,-0.1268,0.2591,7
2026-03-21T04:18:16.756975,0,0.0523,0.0271,0.0523,0.0000,0.3197,-0.1448,-0.2850,7
2026-03-21T04:18:16.756975,1,0.0722,0.0722,0.0346,0.0000,1.0457,-0.3232,-0.9945,5
2026-03-21T04:18:16.756975,2,0.0719,0.0719,0.0582,0.0000,1.0421,0.0177,-1.0419,5
2026-03-21T04:18:16.756975,3,0.1086,0.1086,0.1077,0.0000,0.9886,0.3619,-0.9200,8
2026-03-21T04:18:16.756975,4,0.2703,0.2703,0.1487,0.0000,1.0479,-0.2338,1.0215,17
2026-03-21T04:18:16.756975,5,0.0733,0.0733,0.0683,0.0000,0.2857,-0.1260,0.2564,9
2026-03-21T04:18:16.826801,0,0.0493,0.0203,0.0493,0.0000,0.3178,-0.1440,-0.2833,7
2026-03-21T04:18:16.826801,1,0.0802,0.0802,0.0349,0.0000,1.1299,-0.1181,-1.1237,5
2026-03-21T04:18:16.826801,2,0.0695,0.0695,0.0654,0.0000,1.0275,0.0353,-1.0269,5
2026-03-21T04:18:16.826801,3,0.1088,0.0950,0.1088,0.0000,0.9867,0.3610,-0.9183,8
2026-03-21T04:18:16.826801,4,0.2853,0.2853,0.1700,0.0000,1.0527,-0.2252,1.0283,18
2026-03-21T04:18:16.826801,5,0.0626,0.0626,0.0480,0.0000,0.2848,-0.1254,0.2557,9
2026-03-21T04:18:16.896116,0,0.0582,0.0209,0.0582,0.0000,0.3177,-0.1439,-0.2832,7
2026-03-21T04:18:16.896116,1,0.0698,0.0698,0.0634,0.0000,1.0279,0.0353,-1.0273,5
2026-03-21T04:18:16.896116,2,0.0804,0.0790,0.0804,0.0000,0.9827,0.3676,-0.9113,7
2026-03-21T04:18:16.896116,3,0.2653,0.2653,0.1649,0.0000,1.0499,-0.2340,1.0234,17
2026-03-21T04:18:16.896116,4,0.0675,0.0675,0.0556,0.0000,0.2906,-0.1281,0.2608,9
2026-03-21T04:18:16.966403,0,0.0682,0.0145,0.0682,0.0000,0.3169,-0.1434,-0.2827,7
2026-03-21T04:18:16.966403,1,0.0689,0.0689,0.0317,0.0000,1.0423,-0.3220,-0.9913,5
2026-03-21T04:18:16.966403,2,0.0805,0.0805,0.0208,0.0000,1.1365,-0.1188,-1.1302,5
2026-03-21T04:18:16.966403,3,0.1052,0.1052,0.0816,0.0000,1.0287,0.0350,-1.0281,7
2026-03-21T04:18:16.966403,4,0.1119,0.0953,0.1119,0.0000,0.9936,0.3635,-0.9247,8
2026-03-21T04:18:16.966403,5,0.2845,0.2845,0.1735,0.0000,1.0516,-0.2250,1.0272,18
2026-03-21T04:18:16.966403,6,0.0724,0.0724,0.0665,0.0000,0.2825,-0.1240,0.2538,7
2026-03-21T04:18:17.035574,0,0.0520,0.0203,0.0520,0.0000,0.3155,-0.1429,-0.2813,7
2026-03-21T04:18:17.035574,1,0.0938,0.0938,0.0317,0.0000,1.0520,-0.3340,-0.9976,6
2026-03-21T04:18:17.035574,2,0.0695,0.0695,0.0664,0.0000,1.0287,0.0353,-1.0281,5
2026-03-21T04:18:17.035574,3,0.1045,0.0717,0.1045,0.0000,0.9945,0.3557,-0.9288,7
2026-03-21T04:18:17.035574,4,0.2858,0.2858,0.1667,0.0000,1.0527,-0.2253,1.0283,18
2026-03-21T04:18:17.035574,5,0.0680,0.0680,0.0619,0.0000,0.2802,-0.1228,0.2519,7
2026-03-21T04:18:17.105157,0,0.0631,0.0199,0.0631,0.0000,0.3234,-0.1465,-0.2883,7
2026-03-21T04:18:17.105157,1,0.1034,0.0930,0.1034,0.0000,0.9928,0.3632,-0.9240,8
2026-03-21T04:18:17.105157,2,0.2863,0.2863,0.1597,0.0000,1.0516,-0.2251,1.0272,18
2026-03-21T04:18:17.105157,3,0.0640,0.0640,0.0582,0.0000,0.2862,-0.1254,0.2572,7
2026-03-21T04:18:17.174828,0,0.0542,0.0221,0.0542,0.0000,0.3202,-0.1450,-0.2855,7
2026-03-21T04:18:17.174828,1,0.0773,0.0773,0.0329,0.0000,1.1239,-0.0980,-1.1196,5
2026-03-21T04:18:17.174828,2,0.1016,0.0969,0.1016,0.0000,0.9901,0.3623,-0.9214,8
2026-03-21T04:18:17.174828,3,0.2843,0.2843,0.1674,0.0000,1.0521,-0.2252,1.0277,18
2026-03-21T04:18:17.174828,4,0.0604,0.0604,0.0435,0.0000,0.2823,-0.1240,0.2537,7
2026-03-21T04:18:17.244493,0,0.0510,0.0180,0.0510,0.0000,0.3162,-0.1433,-0.2819,7
2026-03-21T04:18:17.244493,1,0.0715,0.0715,0.0562,0.0000,1.0401,0.0177,-1.0399,5
2026-03-21T04:18:17.244493,2,0.0697,0.0586,0.0697,0.0000,0.9851,0.3688,-0.9134,5
2026-03-21T04:18:17.244493,3,0.2845,0.2845,0.1684,0.0000,1.0507,-0.2249,1.0264,18
2026-03-21T04:18:17.244493,4,0.0563,0.0540,0.0563,0.0000,0.2869,-0.1258,0.2579,7
2026-03-21T04:18:17.314749,0,0.0521,0.0166,0.0521,0.0000,0.3199,-0.1449,-0.2852,7
2026-03-21T04:18:17.314749,1,0.0680,0.0680,0.0365,0.0000,1.0463,-0.3233,-0.9951,5
2026-03-21T04:18:17.314749,2,0.1202,0.1202,0.0503,0.0000,1.1198,-0.0979,-1.1155,7
2026-03-21T04:18:17.314749,3,0.1265,0.0837,0.1265,0.0000,0.9870,0.3607,-0.9187,8
2026-03-21T04:18:17.314749,4,0.2855,0.2855,0.1666,0.0000,1.0512,-0.2251,1.0268,18
2026-03-21T04:18:17.314749,5,0.0698,0.0698,0.0622,0.0000,0.2815,-0.1241,0.2527,9
2026-03-21T04:18:17.383645,0,0.0548,0.0204,0.0548,0.0000,0.3192,-0.1446,-0.2846,7
2026-03-21T04:18:17.383645,1,0.0740,0.0740,0.0570,0.0000,1.0581,-0.0005,-1.0581,5
2026-03-21T04:18:17.383645,2,0.0792,0.0792,0.0772,0.0000,0.9835,0.3680,-0.9121,7
2026-03-21T04:18:17.383645,3,0.2834,0.2834,0.1682,0.0000,1.0507,-0.2249,1.0264,18
2026-03-21T04:18:17.383645,4,0.0616,0.0616,0.0508,0.0000,0.2839,-0.1249,0.2550,9
2026-03-21T04:18:17.453414,0,0.0519,0.0197,0.0519,0.0000,0.3171,-0.1436,-0.2827,7
2026-03-21T04:18:17.453414,1,0.0692,0.0692,0.0664,0.0000,1.0255,0.0352,-1.0249,5
2026-03-21T04:18:17.453414,2,0.1011,0.0905,0.1011,0.0000,0.9871,0.3611,-0.9187,8
2026-03-21T04:18:17.453414,3,0.2839,0.2839,0.1734,0.0000,1.0535,-0.2255,1.0291,18
2026-03-21T04:18:17.453414,4,0.0558,0.0558,0.0518,0.0000,0.2779,-0.1171,0.2521,6
2026-03-21T04:18:17.523519,0,0.0548,0.0229,0.0548,0.0000,0.3174,-0.1438,-0.2829,7
2026-03-21T04:18:17.523519,1,0.0677,0.0677,0.0413,0.0000,1.0445,-0.3227,-0.9934,5
2026-03-21T04:18:17.523519,2,0.1008,0.1008,0.0280,0.0000,1.1268,-0.1081,-1.1216,6
2026-03-21T04:18:17.523519,3,0.0693,0.0693,0.0644,0.0000,1.0259,0.0352,-1.0253,5
2026-03-21T04:18:17.523519,4,0.0561,0.0549,0.0561,0.0000,1.0113,0.3457,-0.9504,5
2026-03-21T04:18:17.523519,5,0.2855,0.2855,0.1707,0.0000,1.0517,-0.2251,1.0274,18
2026-03-21T04:18:17.523519,6,0.0636,0.0636,0.0609,0.0000,0.2773,-0.1221,0.2489,9
2026-03-21T04:18:17.593105,0,0.0484,0.0197,0.0484,0.0000,0.3178,-0.1439,-0.2833,7
2026-03-21T04:18:17.593105,1,0.0781,0.0781,0.0226,0.0000,1.0507,-0.3423,-0.9933,5
2026-03-21T04:18:17.593105,2,0.0796,0.0796,0.0389,0.0000,1.1277,-0.1178,-1.1215,5
2026-03-21T04:18:17.593105,3,0.0741,0.0741,0.0530,0.0000,1.0579,-0.0004,-1.0579,5
2026-03-21T04:18:17.593105,4,0.0898,0.0898,0.0610,0.0000,0.9828,0.3679,-0.9114,7
2026-03-21T04:18:17.593105,5,0.2684,0.2684,0.1484,0.0000,1.0498,-0.2342,1.0233,17
2026-03-21T04:18:17.593105,6,0.0687,0.0687,0.0583,0.0000,0.2865,-0.1262,0.2572,9
2026-03-21T04:18:17.663008,0,0.0558,0.0185,0.0558,0.0000,0.3208,-0.1453,-0.2860,7
2026-03-21T04:18:17.663008,1,0.0707,0.0707,0.0260,0.0000,1.0443,-0.3227,-0.9932,5
2026-03-21T04:18:17.663008,2,0.0988,0.0967,0.0988,0.0000,0.9858,0.3608,-0.9175,8
2026-03-21T04:18:17.663008,3,0.0908,0.0908,0.0400,0.1084,1.4168,0.6869,-1.2391,5
2026-03-21T04:18:17.663008,4,0.2847,0.2847,0.1654,0.0000,1.0520,-0.2252,1.0276,18
2026-03-21T04:18:17.663008,5,0.0628,0.0628,0.0490,0.0000,0.2858,-0.1260,0.2566,9
2026-03-21T04:18:17.732473,0,0.0594,0.0200,0.0594,0.0000,0.3205,-0.1452,-0.2858,7
2026-03-21T04:18:17.732473,1,0.0695,0.0695,0.0308,0.0000,1.0461,-0.3232,-0.9949,5
2026-03-21T04:18:17.732473,2,0.1007,0.1007,0.0242,0.0000,1.1280,-0.1083,-1.1228,6
2026-03-21T04:18:17.732473,3,0.0696,0.0696,0.0584,0.0000,1.0247,0.0352,-1.0241,5
2026-03-21T04:18:17.732473,4,0.0848,0.0848,0.0637,0.0000,0.9844,0.3684,-0.9129,7
2026-03-21T04:18:17.732473,5,0.2660,0.2660,0.1630,0.0000,1.0495,-0.2339,1.0231,17
2026-03-21T04:18:17.732473,6,0.0655,0.0655,0.0521,0.0000,0.2828,-0.1245,0.2539,9
2026-03-21T04:18:17.802250,0,0.0590,0.0240,0.0590,0.0000,0.3234,-0.1465,-0.2883,7
2026-03-21T04:18:17.802250,1,0.0785,0.0785,0.0165,0.0000,1.0481,-0.3415,-0.9909,5
2026-03-21T04:18:17.802250,2,0.0809,0.0809,0.0350,0.0000,1.1345,-0.1186,-1.1282,5
2026-03-21T04:18:17.802250,3,0.0983,0.0917,0.0983,0.0000,0.9885,0.3616,-0.9200,8
2026-03-21T04:18:17.802250,4,0.2847,0.2847,0.1705,0.0000,1.0504,-0.2249,1.0261,18
2026-03-21T04:18:17.802250,5,0.0434,0.0255,0.0434,0.0000,0.2685,-0.1113,0.2444,6
2026-03-21T04:18:17.871723,0,0.0668,0.0218,0.0668,0.0000,0.3198,-0.1448,-0.2852,7
2026-03-21T04:18:17.871723,1,0.0682,0.0682,0.0432,0.0000,1.0451,-0.3229,-0.9940,5
2026-03-21T04:18:17.871723,2,0.0798,0.0798,0.0320,0.0000,1.1325,-0.1183,-1.1263,5
2026-03-21T04:18:17.871723,3,0.0917,0.0917,0.0539,0.0000,0.9831,0.3680,-0.9116,7
2026-03-21T04:18:17.871723,4,0.2836,0.2836,0.1733,0.0000,1.0519,-0.2252,1.0275,18
2026-03-21T04:18:17.871723,5,0.0672,0.0672,0.0628,0.0000,0.2920,-0.1287,0.2621,9
2026-03-21T04:18:17.940004,0,0.0541,0.0232,0.0541,0.0000,0.3219,-0.1458,-0.2870,7
2026-03-21T04:18:17.940004,1,0.0796,0.0796,0.0193,0.0000,1.0485,-0.3416,-0.9913,5
2026-03-21T04:18:17.940004,2,0.0737,0.0737,0.0530,0.0000,1.0589,-0.0004,-1.0589,5
2026-03-21T04:18:17.940004,3,0.1080,0.0898,0.1080,0.0000,0.9892,0.3618,-0.9207,8
2026-03-21T04:18:17.940004,4,0.2659,0.2659,0.1540,0.0000,1.0482,-0.2338,1.0218,17
2026-03-21T04:18:17.940004,5,0.0654,0.0654,0.0634,0.0000,0.2840,-0.1253,0.2549,9
2026-03-21T04:18:18.010046,0,0.0612,0.0203,0.0612,0.0000,0.3192,-0.1445,-0.2846,7
2026-03-21T04:18:18.010046,1,0.0894,0.0894,0.0374,0.0000,1.0484,-0.3327,-0.9942,6
2026-03-21T04:18:18.010046,2,0.0788,0.0788,0.0230,0.0000,1.1311,-0.1182,-1.1249,5
2026-03-21T04:18:18.010046,3,0.1013,0.0982,0.1013,0.0000,0.9921,0.3630,-0.9233,8
2026-03-21T04:18:18.010046,4,0.2665,0.2665,0.1571,0.0000,1.0491,-0.2338,1.0228,17
2026-03-21T04:18:18.010046,5,0.0567,0.0567,0.0424,0.0000,0.2789,-0.1222,0.2507,7
2026-03-21T04:18:18.079982,0,0.0494,0.0236,0.0494,0.0000,0.3177,-0.1440,-0.2832,7
2026-03-21T04:18:18.079982,1,0.0808,0.0808,0.0250,0.0000,1.1335,-0.1185,-1.1272,5
2026-03-21T04:18:18.079982,2,0.1078,0.1078,0.0878,0.0000,1.0427,0.0172,-1.0425,7
2026-03-21T04:18:18.079982,3,0.0860,0.0860,0.0629,0.0000,0.9880,0.3697,-0.9162,7
2026-03-21T04:18:18.079982,4,0.0862,0.0862,0.0489,0.1164,1.4176,0.6873,-1.2398,5
2026-03-21T04:18:18.079982,5,0.2838,0.2838,0.1744,0.0000,1.0529,-0.2253,1.0285,18
2026-03-21T04:18:18.079982,6,0.0508,0.0498,0.0508,0.0000,0.2730,-0.1168,0.2468,7
2026-03-21T04:18:18.149422,0,0.0512,0.0201,0.0512,0.0000,0.3178,-0.1440,-0.2833,7
2026-03-21T04:18:18.149422,1,0.0688,0.0688,0.0384,0.0000,1.0429,-0.3222,-0.9919,5
2026-03-21T04:18:18.149422,2,0.0933,0.0933,0.0582,0.0000,1.1293,-0.1276,-1.1221,6
2026-03-21T04:18:18.149422,3,0.1017,0.0728,0.1017,0.0000,0.9923,0.3550,-0.9266,7
2026-03-21T04:18:18.149422,4,0.2843,0.2843,0.1724,0.0000,1.0531,-0.2252,1.0287,18
2026-03-21T04:18:18.149422,5,0.0627,0.0627,0.0491,0.0000,0.2789,-0.1228,0.2504,9
2026-03-21T04:18:18.218674,0,0.0547,0.0190,0.0547,0.0000,0.3184,-0.1442,-0.2839,7
2026-03-21T04:18:18.218674,1,0.0812,0.0812,0.0240,0.0000,1.0485,-0.3417,-0.9913,5
2026-03-21T04:18:18.218674,2,0.0815,0.0815,0.0262,0.0000,1.1351,-0.1187,-1.1288,5
2026-03-21T04:18:18.218674,3,0.0936,0.0936,0.0926,0.0000,0.9895,0.3620,-0.9208,8
2026-03-21T04:18:18.218674,4,0.2669,0.2669,0.1572,0.0000,1.0500,-0.2340,1.0236,17
2026-03-21T04:18:18.218674,5,0.0639,0.0639,0.0610,0.0000,0.2849,-0.1254,0.2558,9
2026-03-21T04:18:18.288104,0,0.0542,0.0241,0.0542,0.0000,0.3215,-0.1456,-0.2866,7
2026-03-21T04:18:18.288104,1,0.0928,0.0928,0.0346,0.0000,1.0504,-0.3334,-0.9960,6
2026-03-21T04:18:18.288104,2,0.0789,0.0789,0.0393,0.0000,1.1185,-0.0783,-1.1157,5
2026-03-21T04:18:18.288104,3,0.0886,0.0886,0.0653,0.0000,1.0337,0.0264,-1.0334,6
2026-03-21T04:18:18.288104,4,0.0893,0.0767,0.0893,0.0000,0.9935,0.3555,-0.9278,7
2026-03-21T04:18:18.288104,5,0.2313,0.2313,0.1231,0.0000,1.0422,-0.2508,1.0116,15
2026-03-21T04:18:18.288104,6,0.0672,0.0672,0.0569,0.0000,0.2889,-0.1268,0.2596,7
2026-03-21T04:18:18.358999,0,0.0568,0.0172,0.0568,0.0000,0.3212,-0.1454,-0.2864,7
2026-03-21T04:18:18.358999,1,0.0930,0.0930,0.0393,0.0000,1.0497,-0.3332,-0.9954,6
2026-03-21T04:18:18.358999,2,0.1075,0.0877,0.1075,0.0000,0.9880,0.3614,-0.9195,8
2026-03-21T04:18:18.358999,3,0.2654,0.2654,0.1609,0.0000,1.0490,-0.2339,1.0226,17
2026-03-21T04:18:18.358999,4,0.0609,0.0609,0.0559,0.0000,0.2817,-0.1242,0.2529,9
2026-03-21T04:18:18.428302,0,0.0577,0.0231,0.0577,0.0000,0.3219,-0.1458,-0.2870,7
2026-03-21T04:18:18.428302,1,0.0695,0.0695,0.0337,0.0000,1.0445,-0.3227,-0.9934,5
2026-03-21T04:18:18.428302,2,0.0771,0.0771,0.0339,0.0000,1.1223,-0.0978,-1.1180,5
2026-03-21T04:18:18.428302,3,0.0697,0.0697,0.0644,0.0000,1.0295,0.0353,-1.0289,5
2026-03-21T04:18:18.428302,4,0.1277,0.1050,0.1277,0.0000,0.9953,0.3556,-0.9296,9
2026-03-21T04:18:18.428302,5,0.2856,0.2856,0.1697,0.0000,1.0522,-0.2253,1.0278,18
2026-03-21T04:18:18.428302,6,0.0675,0.0675,0.0665,0.0000,0.2765,-0.1201,0.2491,7
2026-03-21T04:18:18.497682,0,0.0689,0.0178,0.0689,0.0000,0.3212,-0.1454,-0.2864,7
2026-03-21T04:18:18.497682,1,0.0780,0.0780,0.0184,0.0000,1.0479,-0.3414,-0.9907,5
2026-03-21T04:18:18.497682,2,0.0700,0.0700,0.0504,0.0000,1.0275,0.0354,-1.0269,5
2026-03-21T04:18:18.497682,3,0.0908,0.0858,0.0908,0.0000,0.9843,0.3682,-0.9128,7
2026-03-21T04:18:18.497682,4,0.1141,0.1141,0.0496,0.1093,1.4175,0.6981,-1.2337,6
2026-03-21T04:18:18.497682,5,0.2652,0.2652,0.1569,0.0000,1.0490,-0.2339,1.0226,17
2026-03-21T04:18:18.497682,6,0.0614,0.0614,0.0582,0.0000,0.2834,-0.1247,0.2545,9
2026-03-21T04:18:18.568229,0,0.0628,0.0155,0.0628,0.0000,0.3162,-0.1431,-0.2820,7
2026-03-21T04:18:18.568229,1,0.1016,0.0724,0.1016,0.0000,0.9915,0.3547,-0.9259,7
2026-03-21T04:18:18.568229,2,0.2317,0.2317,0.1242,0.0000,1.0417,-0.2506,1.0111,15
2026-03-21T04:18:18.568229,3,0.0595,0.0595,0.0518,0.0000,0.2765,-0.1216,0.2483,9
2026-03-21T04:18:18.638386,0,0.0572,0.0160,0.0572,0.0000,0.3188,-0.1444,-0.2842,7
2026-03-21T04:18:18.638386,1,0.0924,0.0924,0.0365,0.0000,1.0507,-0.3336,-0.9963,6
2026-03-21T04:18:18.638386,2,0.0869,0.0869,0.0796,0.0000,0.9797,0.3667,-0.9085,7
2026-03-21T04:18:18.638386,3,0.0897,0.0897,0.0417,0.1084,1.4166,0.6868,-1.2389,5
2026-03-21T04:18:18.638386,4,0.2872,0.2872,0.1589,0.0000,1.0534,-0.2255,1.0290,18
2026-03-21T04:18:18.638386,5,0.0583,0.0583,0.0554,0.0000,0.2782,-0.1225,0.2498,9
2026-03-21T04:18:18.707438,0,0.0565,0.0207,0.0565,0.0000,0.3182,-0.1442,-0.2837,7
2026-03-21T04:18:18.707438,1,0.0681,0.0681,0.0356,0.0000,1.0443,-0.3226,-0.9932,5
2026-03-21T04:18:18.707438,2,0.1056,0.0911,0.1056,0.0000,0.9905,0.3623,-0.9218,8
2026-03-21T04:18:18.707438,3,0.2676,0.2676,0.1575,0.0000,1.0493,-0.2339,1.0229,17
2026-03-21T04:18:18.707438,4,0.0731,0.0731,0.0684,0.0000,0.2841,-0.1252,0.2551,9
2026-03-21T04:18:18.777813,0,0.0629,0.0210,0.0629,0.0000,0.3208,-0.1453,-0.2860,7
2026-03-21T04:18:18.777813,1,0.0896,0.0896,0.0403,0.0000,1.0495,-0.3332,-0.9952,6
2026-03-21T04:18:18.777813,2,0.0804,0.0804,0.0399,0.0000,1.1307,-0.1182,-1.1245,5
2026-03-21T04:18:18.777813,3,0.1120,0.0856,0.1120,0.0000,0.9833,0.3596,-0.9152,8
2026-03-21T04:18:18.777813,4,0.2837,0.2837,0.1723,0.0000,1.0524,-0.2252,1.0280,18
2026-03-21T04:18:18.777813,5,0.0723,0.0723,0.0679,0.0000,0.2884,-0.1273,0.2587,9
2026-03-21T04:18:18.846802,0,0.0504,0.0193,0.0504,0.0000,0.3189,-0.1445,-0.2843,7
2026-03-21T04:18:18.846802,1,0.0774,0.0774,0.0159,0.0000,1.0475,-0.3413,-0.9903,5
2026-03-21T04:18:18.846802,2,0.0554,0.0554,0.0542,0.0000,1.0047,0.3435,-0.9442,5
2026-03-21T04:18:18.846802,3,0.2659,0.2659,0.1610,0.0000,1.0504,-0.2341,1.0240,17
2026-03-21T04:18:18.846802,4,0.0703,0.0703,0.0609,0.0000,0.2877,-0.1269,0.2582,9
2026-03-21T04:18:18.916377,0,0.0513,0.0203,0.0513,0.0000,0.3201,-0.1450,-0.2854,7
2026-03-21T04:18:18.916377,1,0.0804,0.0804,0.0202,0.0000,1.0529,-0.3431,-0.9954,5
2026-03-21T04:18:18.916377,2,0.0700,0.0700,0.0554,0.0000,1.0285,0.0354,-1.0279,5
2026-03-21T04:18:18.916377,3,0.1025,0.0927,0.1025,0.0000,0.9905,0.3623,-0.9218,8
2026-03-21T04:18:18.916377,4,0.0885,0.0885,0.0445,0.1129,1.4172,0.6871,-1.2395,5
2026-03-21T04:18:18.916377,5,0.2680,0.2680,0.1534,0.0000,1.0494,-0.2340,1.0230,17
2026-03-21T04:18:18.916377,6,0.0575,0.0575,0.0555,0.0000,0.2831,-0.1238,0.2545,7
2026-03-21T04:18:18.985629,0,0.0537,0.0177,0.0537,0.0000,0.3199,-0.1449,-0.2852,7
2026-03-21T04:18:18.985629,1,0.0791,0.0791,0.0240,0.0000,1.0493,-0.3419,-0.9920,5
2026-03-21T04:18:18.985629,2,0.0790,0.0790,0.0429,0.0000,1.1269,-0.1177,-1.1207,5
2026-03-21T04:18:18.985629,3,0.0956,0.0930,0.0956,0.0000,0.9883,0.3617,-0.9198,8
2026-03-21T04:18:18.985629,4,0.2850,0.2850,0.1655,0.0000,1.0514,-0.2251,1.0270,18
2026-03-21T04:18:18.985629,5,0.0702,0.0702,0.0631,0.0000,0.2822,-0.1242,0.2534,7
2026-03-21T04:18:19.055760,0,0.0557,0.0195,0.0557,0.0000,0.3185,-0.1442,-0.2840,7
2026-03-21T04:18:19.055760,1,0.1274,0.1274,0.1069,0.0000,1.0505,0.0078,-1.0505,8
2026-03-21T04:18:19.055760,2,0.1196,0.1196,0.1103,0.0000,0.9891,0.3699,-0.9173,9
2026-03-21T04:18:19.055760,3,0.2668,0.2668,0.1541,0.0000,1.0483,-0.2338,1.0219,17
2026-03-21T04:18:19.055760,4,0.0712,0.0712,0.0638,0.0000,0.2910,-0.1279,0.2614,7
2026-03-21T04:18:19.124988,0,0.0532,0.0186,0.0532,0.0000,0.3209,-0.1454,-0.2861,7
2026-03-21T04:18:19.124988,1,0.0798,0.0798,0.0240,0.0000,1.0501,-0.3421,-0.9928,5
2026-03-21T04:18:19.124988,2,0.1077,0.1077,0.0918,0.0000,1.0404,0.0171,-1.0402,7
2026-03-21T04:18:19.124988,3,0.0964,0.0964,0.0873,0.0000,0.9892,0.3619,-0.9206,8
2026-03-21T04:18:19.124988,4,0.0887,0.0887,0.0446,0.1155,1.4194,0.6882,-1.2414,5
2026-03-21T04:18:19.124988,5,0.2849,0.2849,0.1675,0.0000,1.0519,-0.2251,1.0276,18
2026-03-21T04:18:19.124988,6,0.0755,0.0688,0.0755,0.0000,0.2858,-0.1261,0.2565,9
2026-03-21T04:18:19.195315,0,0.0553,0.0224,0.0553,0.0000,0.3161,-0.1432,-0.2818,7
2026-03-21T04:18:19.195315,1,0.0685,0.0685,0.0337,0.0000,1.0459,-0.3231,-0.9947,5
2026-03-21T04:18:19.195315,2,0.0898,0.0790,0.0898,0.0000,0.9864,0.3528,-0.9212,7
2026-03-21T04:18:19.195315,3,0.2858,0.2858,0.1667,0.0000,1.0508,-0.2249,1.0265,18
2026-03-21T04:18:19.195315,4,0.0604,0.0604,0.0489,0.0000,0.2819,-0.1243,0.2531,9
2026-03-21T04:18:19.264177,0,0.0563,0.0220,0.0563,0.0000,0.3172,-0.1437,-0.2828,7
2026-03-21T04:18:19.264177,1,0.1193,0.1193,0.0310,0.0000,1.0542,-0.3437,-0.9966,7
2026-03-21T04:18:19.264177,2,0.1077,0.1077,0.0888,0.0000,1.0437,0.0172,-1.0435,7
2026-03-21T04:18:19.264177,3,0.1013,0.1013,0.0875,0.0000,0.9908,0.3627,-0.9220,8
2026-03-21T04:18:19.264177,4,0.2846,0.2846,0.1715,0.0000,1.0512,-0.2251,1.0268,18
2026-03-21T04:18:19.264177,5,0.0603,0.0603,0.0445,0.0000,0.2851,-0.1256,0.2560,9
2026-03-21T04:18:19.334446,0,0.0621,0.0161,0.0621,0.0000,0.3189,-0.1444,-0.2844,7
2026-03-21T04:18:19.334446,1,0.0797,0.0797,0.0221,0.0000,1.0509,-0.3424,-0.9935,5
2026-03-21T04:18:19.334446,2,0.0780,0.0780,0.0260,0.0000,1.1255,-0.0981,-1.1212,5
2026-03-21T04:18:19.334446,3,0.1081,0.1081,0.0838,0.0000,1.0425,0.0172,-1.0424,7
2026-03-21T04:18:19.334446,4,0.1018,0.0897,0.1018,0.0000,0.9920,0.3630,-0.9232,8
2026-03-21T04:18:19.334446,5,0.2675,0.2675,0.1522,0.0000,1.0479,-0.2337,1.0215,17
2026-03-21T04:18:19.334446,6,0.0682,0.0682,0.0574,0.0000,0.2813,-0.1239,0.2525,9
2026-03-21T04:18:19.403957,0,0.0514,0.0208,0.0514,0.0000,0.3194,-0.1447,-0.2847,7
2026-03-21T04:18:19.403957,1,0.0796,0.0796,0.0193,0.0000,1.0485,-0.3416,-0.9913,5
2026-03-21T04:18:19.403957,2,0.0693,0.0693,0.0634,0.0000,1.0235,0.0351,-1.0229,5
2026-03-21T04:18:19.403957,3,0.1070,0.0893,0.1070,0.0000,0.9945,0.3636,-0.9256,8
2026-03-21T04:18:19.403957,4,0.0905,0.0905,0.0410,0.1120,1.4178,0.6874,-1.2400,5
2026-03-21T04:18:19.403957,5,0.2860,0.2860,0.1637,0.0000,1.0528,-0.2254,1.0284,18
2026-03-21T04:18:19.403957,6,0.0647,0.0647,0.0544,0.0000,0.2855,-0.1257,0.2563,9
2026-03-21T04:18:19.473423,0,0.0521,0.0171,0.0521,0.0000,0.3217,-0.1457,-0.2868,7
2026-03-21T04:18:19.473423,1,0.0670,0.0670,0.0403,0.0000,1.0455,-0.3230,-0.9943,5
2026-03-21T04:18:19.473423,2,0.0922,0.0922,0.0767,0.0000,0.9860,0.3690,-0.9143,7
2026-03-21T04:18:19.473423,3,0.0918,0.0918,0.0392,0.0997,1.4192,0.7097,-1.2290,5
2026-03-21T04:18:19.473423,4,0.2860,0.2860,0.1596,0.0000,1.0522,-0.2253,1.0278,18
2026-03-21T04:18:19.473423,5,0.0723,0.0703,0.0723,0.0000,0.2886,-0.1270,0.2592,7
2026-03-21T04:18:19.543482,0,0.0638,0.0203,0.0638,0.0000,0.3177,-0.1438,-0.2832,7
2026-03-21T04:18:19.543482,1,0.0700,0.0700,0.0374,0.0000,1.0437,-0.3225,-0.9926,5
2026-03-21T04:18:19.543482,2,0.0739,0.0739,0.0570,0.0000,1.0623,-0.0004,-1.0623,5
2026-03-21T04:18:19.543482,3,0.0852,0.0852,0.0668,0.0000,0.9860,0.3689,-0.9143,7
2026-03-21T04:18:19.543482,4,0.2848,0.2848,0.1695,0.0000,1.0527,-0.2253,1.0283,18
2026-03-21T04:18:19.543482,5,0.0645,0.0302,0.0645,0.0000,0.2715,-0.1126,0.2471,6
2026-03-21T04:18:19.613126,0,0.0503,0.0213,0.0503,0.0000,0.3202,-0.1451,-0.2855,7
2026-03-21T04:18:19.613126,1,0.0791,0.0791,0.0353,0.0000,1.1205,-0.0784,-1.1177,5
2026-03-21T04:18:19.613126,2,0.0849,0.0849,0.0655,0.0000,0.9870,0.3694,-0.9153,7
2026-03-21T04:18:19.613126,3,0.2678,0.2678,0.1546,0.0000,1.0492,-0.2338,1.0228,17
2026-03-21T04:18:19.613126,4,0.0613,0.0613,0.0554,0.0000,0.2892,-0.1267,0.2599,7
2026-03-21T04:18:19.683757,0,0.0523,0.0191,0.0523,0.0000,0.3219,-0.1458,-0.2870,7
2026-03-21T04:18:19.683757,1,0.0925,0.0925,0.0374,0.0000,1.0495,-0.3332,-0.9952,6
2026-03-21T04:18:19.683757,2,0.0807,0.0807,0.0200,0.0000,1.1347,-0.1187,-1.1284,5
2026-03-21T04:18:19.683757,3,0.0959,0.0937,0.0959,0.0000,0.9890,0.3618,-0.9204,8
2026-03-21T04:18:19.683757,4,0.2663,0.2663,0.1540,0.0000,1.0470,-0.2334,1.0207,17
2026-03-21T04:18:19.683757,5,0.0635,0.0635,0.0486,0.0000,0.2875,-0.1265,0.2581,9
2026-03-21T04:18:19.753207,0,0.0503,0.0218,0.0503,0.0000,0.3197,-0.1448,-0.2850,7
2026-03-21T04:18:19.753207,1,0.0977,0.0977,0.0373,0.0000,1.1165,-0.0878,-1.1131,6
2026-03-21T04:18:19.753207,2,0.1052,0.1052,0.0806,0.0000,1.0275,0.0349,-1.0269,7
2026-03-21T04:18:19.753207,3,0.0869,0.0869,0.0713,0.0000,0.9827,0.3677,-0.9113,7
2026-03-21T04:18:19.753207,4,0.2854,0.2854,0.1686,0.0000,1.0511,-0.2250,1.0267,18
2026-03-21T04:18:19.753207,5,0.0620,0.0620,0.0597,0.0000,0.2852,-0.1250,0.2563,7
2026-03-21T04:18:19.822776,0,0.0449,0.0201,0.0449,0.0000,0.3175,-0.1439,-0.2831,7
2026-03-21T04:18:19.822776,1,0.0912,0.0912,0.0375,0.0000,1.0497,-0.3332,-0.9954,6
2026-03-21T04:18:19.822776,2,0.0915,0.0915,0.0667,0.0000,1.0512,0.0086,-1.0512,6
2026-03-21T04:18:19.822776,3,0.1122,0.0859,0.1122,0.0000,0.9903,0.3621,-0.9218,8
2026-03-21T04:18:19.822776,4,0.0880,0.0880,0.0453,0.1129,1.4154,0.6862,-1.2379,5
2026-03-21T04:18:19.822776,5,0.2845,0.2845,0.1684,0.0000,1.0520,-0.2251,1.0276,18
2026-03-21T04:18:19.822776,6,0.0616,0.0616,0.0474,0.0000,0.2840,-0.1251,0.2550,9
2026-03-21T04:18:19.892451,0,0.0637,0.0166,0.0637,0.0000,0.3187,-0.1443,-0.2841,7
2026-03-21T04:18:19.892451,1,0.0693,0.0693,0.0393,0.0000,1.0461,-0.3232,-0.9949,5
2026-03-21T04:18:19.892451,2,0.0798,0.0798,0.0307,0.0000,1.1275,-0.1179,-1.1213,5
2026-03-21T04:18:19.892451,3,0.0716,0.0716,0.0552,0.0000,1.0435,0.0178,-1.0433,5
2026-03-21T04:18:19.892451,4,0.1095,0.0873,0.1095,0.0000,0.9872,0.3611,-0.9188,8
2026-03-21T04:18:19.892451,5,0.0905,0.0905,0.0410,0.1120,1.4174,0.6872,-1.2396,5
2026-03-21T04:18:19.892451,6,0.2862,0.2862,0.1658,0.0000,1.0526,-0.2253,1.0281,18
2026-03-21T04:18:19.892451,7,0.0655,0.0655,0.0521,0.0000,0.2915,-0.1280,0.2619,7
2026-03-21T04:18:19.961829,0,0.0556,0.0173,0.0556,0.0000,0.3181,-0.1441,-0.2836,7
2026-03-21T04:18:19.961829,1,0.0930,0.0930,0.0384,0.0000,1.0520,-0.3340,-0.9976,6
2026-03-21T04:18:19.961829,2,0.1051,0.1051,0.0806,0.0000,1.0274,0.0349,-1.0268,7
2026-03-21T04:18:19.961829,3,0.1023,0.0908,0.1023,0.0000,0.9916,0.3627,-0.9229,8
2026-03-21T04:18:19.961829,4,0.2845,0.2845,0.1644,0.0000,1.0498,-0.2247,1.0255,18
2026-03-21T04:18:19.961829,5,0.0579,0.0579,0.0499,0.0000,0.2865,-0.1261,0.2572,9
2026-03-21T04:18:20.030581,0,0.0629,0.0204,0.0629,0.0000,0.3234,-0.1465,-0.2883,7
2026-03-21T04:18:20.030581,1,0.0686,0.0686,0.0393,0.0000,1.0437,-0.3225,-0.9926,5
2026-03-21T04:18:20.030581,2,0.0714,0.0714,0.0522,0.0000,1.0399,0.0177,-1.0397,5
2026-03-21T04:18:20.030581,3,0.0851,0.0851,0.0645,0.0000,0.9834,0.3680,-0.9120,7
2026-03-21T04:18:20.030581,4,0.2838,0.2838,0.1703,0.0000,1.0518,-0.2250,1.0275,18
2026-03-21T04:18:20.030581,5,0.0595,0.0595,0.0508,0.0000,0.2885,-0.1271,0.2590,9
2026-03-21T04:18:20.101003,0,0.0538,0.0166,0.0538,0.0000,0.3199,-0.1449,-0.2852,7
2026-03-21T04:18:20.101003,1,0.0683,0.0683,0.0394,0.0000,1.0441,-0.3226,-0.9930,5
2026-03-21T04:18:20.101003,2,0.1092,0.0866,0.1092,0.0000,0.9845,0.3601,-0.9163,8
2026-03-21T04:18:20.101003,3,0.0871,0.0871,0.0472,0.1155,1.4180,0.6875,-1.2402,5
2026-03-21T04:18:20.101003,4,0.2845,0.2845,0.1694,0.0000,1.0521,-0.2252,1.0277,18
2026-03-21T04:18:20.101003,5,0.0650,0.0650,0.0512,0.0000,0.2856,-0.1259,0.2563,9
2026-03-21T04:18:20.170023,0,0.0505,0.0226,0.0505,0.0000,0.3214,-0.1456,-0.2865,7
2026-03-21T04:18:20.170023,1,0.0937,0.0937,0.0326,0.0000,1.0502,-0.3335,-0.9959,6
2026-03-21T04:18:20.170023,2,0.0742,0.0742,0.0600,0.0000,1.0613,-0.0005,-1.0613,5
2026-03-21T04:18:20.170023,3,0.0813,0.0813,0.0727,0.0000,0.9798,0.3666,-0.9087,7
2026-03-21T04:18:20.170023,4,0.0911,0.0911,0.0402,0.1129,1.4180,0.6875,-1.2402,5
2026-03-21T04:18:20.170023,5,0.2664,0.2664,0.1560,0.0000,1.0498,-0.2340,1.0234,17
2026-03-21T04:18:20.170023,6,0.0717,0.0717,0.0657,0.0000,0.2859,-0.1261,0.2566,9
2026-03-21T04:18:20.239520,0,0.0513,0.0181,0.0513,0.0000,0.3201,-0.1450,-0.2854,7
2026-03-21T04:18:20.239520,1,0.0845,0.0845,0.0559,0.0000,1.0464,-0.3145,-0.9980,6
2026-03-21T04:18:20.239520,2,0.0774,0.0774,0.0330,0.0000,1.1231,-0.0979,-1.1188,5
2026-03-21T04:18:20.239520,3,0.0692,0.0692,0.0613,0.0000,1.0239,0.0352,-1.0233,5
2026-03-21T04:18:20.239520,4,0.0821,0.0802,0.0821,0.0000,0.9924,0.3553,-0.9266,7
2026-03-21T04:18:20.239520,5,0.0880,0.0880,0.0454,0.1138,1.4176,0.6873,-1.2398,5
2026-03-21T04:18:20.239520,6,0.2861,0.2861,0.1627,0.0000,1.0514,-0.2251,1.0270,18
2026-03-21T04:18:20.239520,7,0.0600,0.0506,0.0600,0.0000,0.2785,-0.1223,0.2502,9
2026-03-21T04:18:20.310004,0,0.0531,0.0207,0.0531,0.0000,0.3211,-0.1455,-0.2862,7
2026-03-21T04:18:20.310004,1,0.0903,0.0903,0.0357,0.0000,1.0603,-0.3632,-0.9961,5
2026-03-21T04:18:20.310004,2,0.0999,0.0999,0.0252,0.0000,1.1247,-0.1079,-1.1195,6
2026-03-21T04:18:20.310004,3,0.1079,0.1079,0.0978,0.0000,1.0442,0.0172,-1.0441,7
2026-03-21T04:18:20.310004,4,0.0860,0.0860,0.0627,0.0000,0.9851,0.3687,-0.9135,7
2026-03-21T04:18:20.310004,5,0.2850,0.2850,0.1736,0.0000,1.0534,-0.2256,1.0290,18
2026-03-21T04:18:20.310004,6,0.0734,0.0734,0.0682,0.0000,0.2909,-0.1282,0.2611,9
2026-03-21T04:18:20.379111,0,0.0495,0.0199,0.0495,0.0000,0.3194,-0.1447,-0.2847,7
2026-03-21T04:18:20.379111,1,0.0796,0.0796,0.0174,0.0000,1.0497,-0.3420,-0.9924,5
2026-03-21T04:18:20.379111,2,0.0696,0.0696,0.0584,0.0000,1.0273,0.0353,-1.0267,5
2026-03-21T04:18:20.379111,3,0.0819,0.0775,0.0819,0.0000,0.9841,0.3682,-0.9126,7
2026-03-21T04:18:20.379111,4,0.2862,0.2862,0.1617,0.0000,1.0515,-0.2251,1.0271,18
2026-03-21T04:18:20.379111,5,0.0583,0.0577,0.0583,0.0000,0.2800,-0.1233,0.2515,9
2026-03-21T04:18:20.449407,0,0.0584,0.0207,0.0584,0.0000,0.3194,-0.1447,-0.2847,7
2026-03-21T04:18:20.449407,1,0.0808,0.0808,0.0174,0.0000,1.0491,-0.3418,-0.9918,5
2026-03-21T04:18:20.449407,2,0.0788,0.0788,0.0308,0.0000,1.1273,-0.1178,-1.1211,5
2026-03-21T04:18:20.449407,3,0.0741,0.0741,0.0600,0.0000,1.0601,-0.0005,-1.0601,5
2026-03-21T04:18:20.449407,4,0.0669,0.0547,0.0669,0.0000,0.9817,0.3675,-0.9103,5
2026-03-21T04:18:20.449407,5,0.2838,0.2838,0.1754,0.0000,1.0529,-0.2252,1.0286,18
2026-03-21T04:18:20.449407,6,0.0584,0.0584,0.0545,0.0000,0.2899,-0.1270,0.2606,7
2026-03-21T04:18:20.519178,0,0.0520,0.0178,0.0520,0.0000,0.3207,-0.1453,-0.2859,7
2026-03-21T04:18:20.519178,1,0.0686,0.0686,0.0327,0.0000,1.0441,-0.3226,-0.9930,5
2026-03-21T04:18:20.519178,2,0.0819,0.0819,0.0222,0.0000,1.1363,-0.1189,-1.1300,5
2026-03-21T04:18:20.519178,3,0.0795,0.0795,0.0774,0.0000,0.9844,0.3683,-0.9129,7
2026-03-21T04:18:20.519178,4,0.2667,0.2667,0.1581,0.0000,1.0496,-0.2340,1.0231,17
2026-03-21T04:18:20.519178,5,0.0640,0.0640,0.0619,0.0000,0.2825,-0.1225,0.2546,7
2026-03-21T04:18:20.588755,0,0.0519,0.0181,0.0519,0.0000,0.3169,-0.1436,-0.2826,7
2026-03-21T04:18:20.588755,1,0.0687,0.0687,0.0394,0.0000,1.0471,-0.3235,-0.9959,5
2026-03-21T04:18:20.588755,2,0.0717,0.0717,0.0602,0.0000,1.0415,0.0176,-1.0413,5
2026-03-21T04:18:20.588755,3,0.1132,0.0860,0.1132,0.0000,0.9927,0.3630,-0.9240,8
2026-03-21T04:18:20.588755,4,0.2656,0.2656,0.1589,0.0000,1.0496,-0.2340,1.0231,17
2026-03-21T04:18:20.588755,5,0.0684,0.0684,0.0571,0.0000,0.2861,-0.1261,0.2568,9
2026-03-21T04:18:20.658946,0,0.0586,0.0160,0.0586,0.0000,0.3222,-0.1459,-0.2873,7
2026-03-21T04:18:20.658946,1,0.0786,0.0786,0.0288,0.0000,1.1307,-0.1181,-1.1245,5
2026-03-21T04:18:20.658946,2,0.0738,0.0738,0.0600,0.0000,1.0575,-0.0005,-1.0575,5
2026-03-21T04:18:20.658946,3,0.0869,0.0764,0.0869,0.0000,0.9828,0.3676,-0.9115,7
2026-03-21T04:18:20.658946,4,0.1132,0.1132,0.0514,0.1111,1.4202,0.6994,-1.2360,6
2026-03-21T04:18:20.658946,5,0.2666,0.2666,0.1561,0.0000,1.0495,-0.2339,1.0231,17
2026-03-21T04:18:20.658946,6,0.0660,0.0660,0.0575,0.0000,0.2796,-0.1233,0.2509,9
2026-03-21T04:18:20.729274,0,0.0594,0.0178,0.0594,0.0000,0.3184,-0.1441,-0.2839,7
2026-03-21T04:18:20.729274,1,0.0686,0.0686,0.0355,0.0000,1.0465,-0.3233,-0.9953,5
2026-03-21T04:18:20.729274,2,0.1020,0.1020,0.0303,0.0000,1.1298,-0.1085,-1.1246,6
2026-03-21T04:18:20.729274,3,0.0996,0.0964,0.0996,0.0000,0.9912,0.3627,-0.9225,8
2026-03-21T04:18:20.729274,4,0.2861,0.2861,0.1627,0.0000,1.0530,-0.2255,1.0286,18
2026-03-21T04:18:20.729274,5,0.0629,0.0629,0.0517,0.0000,0.2861,-0.1255,0.2570,7
2026-03-21T04:18:20.798436,0,0.0603,0.0193,0.0603,0.0000,0.3208,-0.1452,-0.2860,7
2026-03-21T04:18:20.798436,1,0.0771,0.0771,0.0188,0.0000,1.0459,-0.3407,-0.9888,5
2026-03-21T04:18:20.798436,2,0.0796,0.0796,0.0429,0.0000,1.1273,-0.1177,-1.1211,5
2026-03-21T04:18:20.798436,3,0.0924,0.0924,0.0375,0.1093,1.4170,0.6870,-1.2393,5
2026-03-21T04:18:20.798436,4,0.2842,0.2842,0.1684,0.0000,1.0513,-0.2250,1.0270,18
2026-03-21T04:18:20.798436,5,0.0580,0.0580,0.0429,0.0000,0.2802,-0.1230,0.2517,7
2026-03-21T04:18:20.868437,0,0.0550,0.0173,0.0550,0.0000,0.3227,-0.1461,-0.2877,7
2026-03-21T04:18:20.868437,1,0.0671,0.0671,0.0432,0.0000,1.0447,-0.3227,-0.9936,5
2026-03-21T04:18:20.868437,2,0.0805,0.0805,0.0360,0.0008,1.1351,-0.1186,-1.1288,5
2026-03-21T04:18:20.868437,3,0.0971,0.0747,0.0971,0.0000,0.9968,0.3566,-0.9309,7
2026-03-21T04:18:20.868437,4,0.0872,0.0872,0.0472,0.1164,1.4174,0.6872,-1.2396,5
2026-03-21T04:18:20.868437,5,0.2853,0.2853,0.1656,0.0000,1.0524,-0.2252,1.0281,18
2026-03-21T04:18:20.868437,6,0.0581,0.0581,0.0539,0.0000,0.2851,-0.1250,0.2562,7
2026-03-21T04:18:20.936723,0,0.0610,0.0133,0.0610,0.0000,0.3199,-0.1448,-0.2853,7
2026-03-21T04:18:20.936723,1,0.0790,0.0790,0.0137,0.0000,1.0485,-0.3416,-0.9913,5
2026-03-21T04:18:20.936723,2,0.1014,0.1014,0.0311,0.0000,1.1272,-0.1082,-1.1220,6
2026-03-21T04:18:20.936723,3,0.0792,0.0792,0.0783,0.0000,0.9813,0.3671,-0.9100,7
2026-03-21T04:18:20.936723,4,0.2863,0.2863,0.1648,0.0000,1.0537,-0.2256,1.0293,18
2026-03-21T04:18:20.936723,5,0.0629,0.0629,0.0500,0.0000,0.2766,-0.1218,0.2483,9
2026-03-21T04:18:21.006988,0,0.0548,0.0158,0.0548,0.0000,0.3199,-0.1449,-0.2853,7
2026-03-21T04:18:21.006988,1,0.0822,0.0822,0.0268,0.0000,1.0497,-0.3421,-0.9924,5
2026-03-21T04:18:21.006988,2,0.1175,0.1175,0.0766,0.0000,1.1025,-0.0586,-1.1009,7
2026-03-21T04:18:21.006988,3,0.0682,0.0682,0.0576,0.0000,1.0145,0.0526,-1.0131,5
2026-03-21T04:18:21.006988,4,0.2865,0.2865,0.1658,0.0000,1.0528,-0.2254,1.0284,18
2026-03-21T04:18:21.006988,5,0.0635,0.0635,0.0600,0.0000,0.2898,-0.1271,0.2604,7
2026-03-21T04:18:21.076096,0,0.0523,0.0245,0.0523,0.0000,0.3188,-0.1444,-0.2842,7
2026-03-21T04:18:21.076096,1,0.0801,0.0801,0.0193,0.0000,1.0481,-0.3415,-0.9909,5
2026-03-21T04:18:21.076096,2,0.0760,0.0760,0.0506,0.0000,1.0745,-0.0193,-1.0743,5
2026-03-21T04:18:21.076096,3,0.1081,0.0918,0.1081,0.0000,0.9922,0.3629,-0.9235,8
2026-03-21T04:18:21.076096,4,0.2845,0.2845,0.1694,0.0000,1.0524,-0.2252,1.0281,18
2026-03-21T04:18:21.076096,5,0.0672,0.0672,0.0581,0.0000,0.2879,-0.1264,0.2587,7
2026-03-21T04:18:21.145926,0,0.0424,0.0243,0.0424,0.0000,0.3217,-0.1458,-0.2867,7
2026-03-21T04:18:21.145926,1,0.0665,0.0665,0.0356,0.0000,1.0475,-0.3236,-0.9962,5
2026-03-21T04:18:21.145926,2,0.0792,0.0792,0.0389,0.0000,1.1299,-0.1180,-1.1237,5
2026-03-21T04:18:21.145926,3,0.1080,0.0902,0.1080,0.0000,0.9888,0.3618,-0.9203,8
2026-03-21T04:18:21.145926,4,0.2861,0.2861,0.1668,0.0000,1.0530,-0.2254,1.0286,18
2026-03-21T04:18:21.145926,5,0.0739,0.0739,0.0669,0.0000,0.2883,-0.1265,0.2591,7
2026-03-21T04:18:21.215837,0,0.0529,0.0165,0.0529,0.0000,0.3202,-0.1450,-0.2855,7
2026-03-21T04:18:21.215837,1,0.1171,0.1171,0.0317,0.0000,1.0591,-0.3452,-1.0012,7
2026-03-21T04:18:21.215837,2,0.0742,0.0742,0.0570,0.0000,1.0591,-0.0005,-1.0591,5
2026-03-21T04:18:21.215837,3,0.1139,0.0935,0.1139,0.0000,0.9905,0.3623,-0.9218,8
2026-03-21T04:18:21.215837,4,0.2845,0.2845,0.1725,0.0000,1.0521,-0.2252,1.0277,18
2026-03-21T04:18:21.215837,5,0.0591,0.0557,0.0591,0.0000,0.2861,-0.1253,0.2572,7
2026-03-21T04:18:21.285618,0,0.0593,0.0160,0.0593,0.0000,0.3205,-0.1451,-0.2858,7
2026-03-21T04:18:21.285618,1,0.0696,0.0696,0.0634,0.0000,1.0297,0.0354,-1.0291,5
2026-03-21T04:18:21.285618,2,0.0816,0.0816,0.0696,0.0000,0.9776,0.3657,-0.9066,7
2026-03-21T04:18:21.285618,3,0.2840,0.2840,0.1724,0.0000,1.0518,-0.2250,1.0275,18
2026-03-21T04:18:21.285618,4,0.0571,0.0571,0.0489,0.0000,0.2810,-0.1236,0.2524,9
2026-03-21T04:18:21.355104,0,0.0662,0.0198,0.0662,0.0000,0.3189,-0.1444,-0.2844,7
2026-03-21T04:18:21.355104,1,0.0716,0.0716,0.0622,0.0000,1.0411,0.0176,-1.0409,5
2026-03-21T04:18:21.355104,2,0.1008,0.1008,0.0986,0.0000,0.9896,0.3622,-0.9209,8
2026-03-21T04:18:21.355104,3,0.0907,0.0907,0.0400,0.1075,1.4136,0.6854,-1.2363,5
2026-03-21T04:18:21.355104,4,0.2855,0.2855,0.1636,0.0000,1.0522,-0.2252,1.0278,18
2026-03-21T04:18:21.355104,5,0.0574,0.0574,0.0515,0.0000,0.2882,-0.1265,0.2590,7
2026-03-21T04:18:21.424859,0,0.0557,0.0173,0.0557,0.0000,0.3182,-0.1441,-0.2838,7
2026-03-21T04:18:21.424859,1,0.0782,0.0782,0.0137,0.0000,1.0457,-0.3407,-0.9886,5
2026-03-21T04:18:21.424859,2,0.0847,0.0847,0.0644,0.0000,0.9808,0.3671,-0.9096,7
2026-03-21T04:18:21.424859,3,0.0895,0.0895,0.0427,0.1120,1.4152,0.6861,-1.2377,5
2026-03-21T04:18:21.424859,4,0.2848,0.2848,0.1726,0.0000,1.0537,-0.2255,1.0293,18
2026-03-21T04:18:21.424859,5,0.0535,0.0535,0.0469,0.0000,0.2798,-0.1230,0.2513,9
2026-03-21T04:18:21.494022,0,0.0509,0.0180,0.0509,0.0000,0.3158,-0.1431,-0.2815,7
2026-03-21T04:18:21.494022,1,0.0700,0.0700,0.0298,0.0000,1.0469,-0.3235,-0.9956,5
2026-03-21T04:18:21.494022,2,0.0796,0.0796,0.0232,0.0000,1.1263,-0.0983,-1.1220,5
2026-03-21T04:18:21.494022,3,0.0715,0.0715,0.0572,0.0000,1.0409,0.0177,-1.0407,5
2026-03-21T04:18:21.494022,4,0.1035,0.0955,0.1035,0.0000,0.9908,0.3624,-0.9222,8
2026-03-21T04:18:21.494022,5,0.2842,0.2842,0.1694,0.0000,1.0512,-0.2251,1.0268,18
2026-03-21T04:18:21.494022,6,0.0530,0.0530,0.0480,0.0000,0.2838,-0.1244,0.2551,7
2026-03-21T04:18:21.563569,0,0.0594,0.0178,0.0594,0.0000,0.3179,-0.1439,-0.2835,7
2026-03-21T04:18:21.563569,1,0.1016,0.1016,0.0284,0.0000,1.1302,-0.1086,-1.1249,6
2026-03-21T04:18:21.563569,2,0.0974,0.0974,0.0910,0.0000,0.9881,0.3616,-0.9196,8
2026-03-21T04:18:21.563569,3,0.2837,0.2837,0.1723,0.0000,1.0527,-0.2253,1.0283,18
2026-03-21T04:18:21.563569,4,0.0572,0.0572,0.0388,0.0000,0.2868,-0.1259,0.2576,7
2026-03-21T04:18:21.634629,0,0.0512,0.0218,0.0512,0.0000,0.3172,-0.1437,-0.2828,7
2026-03-21T04:18:21.634629,1,0.0891,0.0891,0.0670,0.0000,0.9873,0.3696,-0.9155,7
2026-03-21T04:18:21.634629,2,0.2690,0.2690,0.1546,0.0000,1.0514,-0.2344,1.0249,17
2026-03-21T04:18:21.634629,3,0.0528,0.0528,0.0499,0.0000,0.2829,-0.1246,0.2540,9
2026-03-21T04:18:21.703819,0,0.0512,0.0167,0.0512,0.0000,0.3205,-0.1451,-0.2858,7
2026-03-21T04:18:21.703819,1,0.0824,0.0821,0.0824,0.0000,0.9834,0.3679,-0.9120,7
2026-03-21T04:18:21.703819,2,0.2867,0.2867,0.1657,0.0000,1.0506,-0.2248,1.0263,18
2026-03-21T04:18:21.703819,3,0.0700,0.0700,0.0610,0.0000,0.2914,-0.1284,0.2615,9
2026-03-21T04:18:21.774181,0,0.0587,0.0184,0.0587,0.0000,0.3237,-0.1466,-0.2886,7
2026-03-21T04:18:21.774181,1,0.1169,0.1169,0.0384,0.0000,1.0575,-0.3447,-0.9997,7
2026-03-21T04:18:21.774181,2,0.0741,0.0741,0.0530,0.0000,1.0597,-0.0004,-1.0597,5
2026-03-21T04:18:21.774181,3,0.1143,0.0977,0.1143,0.0000,0.9880,0.3614,-0.9195,8
2026-03-21T04:18:21.774181,4,0.2835,0.2835,0.1712,0.0000,1.0509,-0.2249,1.0266,18
2026-03-21T04:18:21.774181,5,0.0641,0.0641,0.0506,0.0000,0.2786,-0.1227,0.2501,9
2026-03-21T04:18:21.844204,0,0.0633,0.0132,0.0633,0.0000,0.3157,-0.1429,-0.2815,7
2026-03-21T04:18:21.844204,1,0.0762,0.0762,0.0208,0.0000,1.0505,-0.3422,-0.9932,5
2026-03-21T04:18:21.844204,2,0.0739,0.0739,0.0650,0.0000,1.0595,-0.0005,-1.0595,5
2026-03-21T04:18:21.844204,3,0.0751,0.0451,0.0751,0.0000,0.9807,0.3669,-0.9095,5
2026-03-21T04:18:21.844204,4,0.2850,0.2850,0.1706,0.0000,1.0528,-0.2254,1.0284,18
2026-03-21T04:18:21.844204,5,0.0533,0.0533,0.0332,0.0000,0.2837,-0.1247,0.2548,9
2026-03-21T04:18:21.913165,0,0.0485,0.0203,0.0485,0.0000,0.3172,-0.1437,-0.2828,7
2026-03-21T04:18:21.913165,1,0.1238,0.1238,0.0918,0.0000,0.9927,0.3714,-0.9206,9
2026-03-21T04:18:21.913165,2,0.0893,0.0893,0.0435,0.1015,1.4182,0.7092,-1.2281,5
2026-03-21T04:18:21.913165,3,0.2668,0.2668,0.1541,0.0000,1.0486,-0.2339,1.0222,17
2026-03-21T04:18:21.913165,4,0.0566,0.0566,0.0554,0.0000,0.2786,-0.1226,0.2502,9
2026-03-21T04:18:21.982292,0,0.0505,0.0217,0.0505,0.0000,0.3201,-0.1450,-0.2853,7
2026-03-21T04:18:21.982292,1,0.0924,0.0924,0.0356,0.0000,1.0522,-0.3340,-0.9978,6
2026-03-21T04:18:21.982292,2,0.0913,0.0913,0.0515,0.0000,0.9893,0.3703,-0.9173,7
2026-03-21T04:18:21.982292,3,0.2665,0.2665,0.1540,0.0000,1.0483,-0.2336,1.0219,17
2026-03-21T04:18:21.982292,4,0.0295,0.0248,0.0295,0.0000,0.2704,-0.1121,0.2460,6
2026-03-21T04:18:22.051059,0,0.0549,0.0211,0.0549,0.0000,0.3201,-0.1449,-0.2854,7
2026-03-21T04:18:22.051059,1,0.0952,0.0952,0.0911,0.0000,0.9912,0.3628,-0.9224,8
2026-03-21T04:18:22.051059,2,0.2667,0.2667,0.1551,0.0000,1.0500,-0.2341,1.0236,17
2026-03-21T04:18:22.051059,3,0.0663,0.0663,0.0548,0.0000,0.2916,-0.1286,0.2617,9
2026-03-21T04:18:22.121440,0,0.0477,0.0218,0.0477,0.0000,0.3198,-0.1449,-0.2851,7
2026-03-21T04:18:22.121440,1,0.0704,0.0704,0.0393,0.0000,1.0449,-0.3228,-0.9938,5
2026-03-21T04:18:22.121440,2,0.0738,0.0738,0.0590,0.0000,1.0595,-0.0005,-1.0595,5
2026-03-21T04:18:22.121440,3,0.0837,0.0800,0.0837,0.0000,0.9844,0.3682,-0.9129,7
2026-03-21T04:18:22.121440,4,0.2873,0.2873,0.1630,0.0000,1.0525,-0.2254,1.0281,18
2026-03-21T04:18:22.121440,5,0.0603,0.0603,0.0445,0.0000,0.2795,-0.1231,0.2509,9
2026-03-21T04:18:22.191864,0,0.0539,0.0166,0.0539,0.0000,0.3199,-0.1449,-0.2852,7
2026-03-21T04:18:22.191864,1,0.0680,0.0680,0.0395,0.0000,1.0481,-0.3238,-0.9968,5
2026-03-21T04:18:22.191864,2,0.0717,0.0717,0.0602,0.0000,1.0435,0.0177,-1.0433,5
2026-03-21T04:18:22.191864,3,0.1095,0.0873,0.1095,0.0000,0.9897,0.3620,-0.9211,8
2026-03-21T04:18:22.191864,4,0.1112,0.1112,0.0549,0.1129,1.4187,0.6986,-1.2348,6
2026-03-21T04:18:22.191864,5,0.2674,0.2674,0.1532,0.0000,1.0500,-0.2341,1.0236,17
2026-03-21T04:18:22.191864,6,0.0679,0.0679,0.0600,0.0000,0.2880,-0.1269,0.2586,9
2026-03-21T04:18:22.261109,0,0.0509,0.0133,0.0509,0.0000,0.3195,-0.1447,-0.2849,7
2026-03-21T04:18:22.261109,1,0.0702,0.0702,0.0346,0.0000,1.0473,-0.3236,-0.9960,5
2026-03-21T04:18:22.261109,2,0.0883,0.0883,0.0773,0.0000,1.0350,0.0263,-1.0347,6
2026-03-21T04:18:22.261109,3,0.1131,0.0856,0.1131,0.0000,0.9910,0.3624,-0.9223,8
2026-03-21T04:18:22.261109,4,0.0872,0.0872,0.0461,0.1093,1.4152,0.6861,-1.2377,5
2026-03-21T04:18:22.261109,5,0.2674,0.2674,0.1534,0.0000,1.0498,-0.2340,1.0234,17
2026-03-21T04:18:22.261109,6,0.0631,0.0631,0.0586,0.0000,0.2838,-0.1251,0.2548,9
2026-03-21T04:18:22.329932,0,0.0603,0.0193,0.0603,0.0000,0.3218,-0.1457,-0.2869,7
2026-03-21T04:18:22.329932,1,0.0942,0.0942,0.0374,0.0000,1.0500,-0.3334,-0.9957,6
2026-03-21T04:18:22.329932,2,0.0773,0.0773,0.0309,0.0000,1.1219,-0.0978,-1.1176,5
2026-03-21T04:18:22.329932,3,0.0696,0.0696,0.0604,0.0000,1.0265,0.0353,-1.0259,5
2026-03-21T04:18:22.329932,4,0.0955,0.0955,0.0695,0.0000,0.9921,0.3714,-0.9200,7
2026-03-21T04:18:22.329932,5,0.2643,0.2643,0.1667,0.0000,1.0517,-0.2344,1.0253,17
2026-03-21T04:18:22.329932,6,0.0627,0.0627,0.0580,0.0000,0.2893,-0.1269,0.2600,7
2026-03-21T04:18:22.400181,0,0.0654,0.0177,0.0654,0.0000,0.3177,-0.1438,-0.2833,7
2026-03-21T04:18:22.400181,1,0.0669,0.0669,0.0384,0.0000,1.0433,-0.3223,-0.9922,5
2026-03-21T04:18:22.400181,2,0.0811,0.0811,0.0311,0.0000,1.1311,-0.1183,-1.1249,5
2026-03-21T04:18:22.400181,3,0.0873,0.0873,0.0590,0.0000,0.9835,0.3681,-0.9120,7
2026-03-21T04:18:22.400181,4,0.0905,0.0905,0.0410,0.1120,1.4172,0.6871,-1.2395,5
2026-03-21T04:18:22.400181,5,0.2850,0.2850,0.1665,0.0000,1.0511,-0.2251,1.0267,18
2026-03-21T04:18:22.400181,6,0.0645,0.0645,0.0641,0.0000,0.2875,-0.1268,0.2580,9
2026-03-21T04:18:22.469739,0,0.0509,0.0158,0.0509,0.0000,0.3177,-0.1439,-0.2832,7
2026-03-21T04:18:22.469739,1,0.0943,0.0943,0.0298,0.0000,1.0519,-0.3339,-0.9974,6
2026-03-21T04:18:22.469739,2,0.0694,0.0694,0.0644,0.0000,1.0269,0.0352,-1.0263,5
2026-03-21T04:18:22.469739,3,0.0909,0.0909,0.0786,0.0000,0.9823,0.3677,-0.9109,7
2026-03-21T04:18:22.469739,4,0.2841,0.2841,0.1704,0.0000,1.0516,-0.2251,1.0272,18
2026-03-21T04:18:22.469739,5,0.0558,0.0558,0.0403,0.0000,0.2845,-0.1251,0.2555,9
2026-03-21T04:18:22.540075,0,0.0576,0.0196,0.0576,0.0000,0.3195,-0.1447,-0.2849,7
2026-03-21T04:18:22.540075,1,0.0949,0.0949,0.0403,0.0000,1.0519,-0.3340,-0.9974,6
2026-03-21T04:18:22.540075,2,0.0740,0.0740,0.0630,0.0000,1.0581,-0.0005,-1.0581,5
2026-03-21T04:18:22.540075,3,0.0846,0.0846,0.0702,0.0000,0.9853,0.3687,-0.9137,7
2026-03-21T04:18:22.540075,4,0.2669,0.2669,0.1531,0.0000,1.0487,-0.2338,1.0224,17
2026-03-21T04:18:22.540075,5,0.0762,0.0762,0.0757,0.0000,0.2811,-0.1240,0.2523,9
2026-03-21T04:18:22.609329,0,0.0549,0.0206,0.0549,0.0000,0.3189,-0.1445,-0.2844,7
2026-03-21T04:18:22.609329,1,0.0717,0.0717,0.0632,0.0000,1.0419,0.0176,-1.0417,5
2026-03-21T04:18:22.609329,2,0.1116,0.0678,0.1116,0.0000,0.9903,0.3541,-0.9248,7
2026-03-21T04:18:22.609329,3,0.0889,0.0889,0.0436,0.1111,1.4148,0.6859,-1.2374,5
2026-03-21T04:18:22.609329,4,0.2657,0.2657,0.1599,0.0000,1.0489,-0.2338,1.0225,17
2026-03-21T04:18:22.609329,5,0.0576,0.0576,0.0543,0.0000,0.2805,-0.1236,0.2518,9
2026-03-21T04:18:22.678750,0,0.0591,0.0175,0.0591,0.0000,0.3164,-0.1432,-0.2821,7
2026-03-21T04:18:22.678750,1,0.0785,0.0785,0.0493,0.0000,1.1183,-0.0783,-1.1155,5
2026-03-21T04:18:22.678750,2,0.0950,0.0747,0.0950,0.0000,0.9948,0.3559,-0.9290,7
2026-03-21T04:18:22.678750,3,0.2854,0.2854,0.1690,0.0000,1.0526,-0.2253,1.0282,18
2026-03-21T04:18:22.678750,4,0.0563,0.0563,0.0488,0.0000,0.2785,-0.1225,0.2501,9
2026-03-21T04:18:22.748961,0,0.0575,0.0228,0.0575,0.0000,0.3198,-0.1448,-0.2851,7
2026-03-21T04:18:22.748961,1,0.1051,0.1051,0.0796,0.0000,1.0287,0.0350,-1.0281,7
2026-03-21T04:18:22.748961,2,0.1065,0.0879,0.1065,0.0000,0.9895,0.3619,-0.9209,8
2026-03-21T04:18:22.748961,3,0.2869,0.2869,0.1558,0.0000,1.0523,-0.2255,1.0279,18
2026-03-21T04:18:22.748961,4,0.0561,0.0561,0.0367,0.0000,0.2788,-0.1227,0.2504,9
2026-03-21T04:18:22.818630,0,0.0466,0.0208,0.0466,0.0000,0.3194,-0.1447,-0.2847,7
2026-03-21T04:18:22.818630,1,0.0956,0.0929,0.0956,0.0000,0.9871,0.3611,-0.9187,8
2026-03-21T04:18:22.818630,2,0.0901,0.0901,0.0428,0.1059,1.4214,0.7108,-1.2309,5
2026-03-21T04:18:22.818630,3,0.2676,0.2676,0.1483,0.0000,1.0479,-0.2337,1.0215,17
2026-03-21T04:18:22.818630,4,0.0589,0.0495,0.0589,0.0000,0.2754,-0.1210,0.2474,9
2026-03-21T04:18:22.888592,0,0.0584,0.0161,0.0584,0.0000,0.3211,-0.1454,-0.2863,7
2026-03-21T04:18:22.888592,1,0.0799,0.0799,0.0413,0.0000,1.1221,-0.0786,-1.1193,5
2026-03-21T04:18:22.888592,2,0.0717,0.0717,0.0512,0.0000,1.0425,0.0177,-1.0423,5
2026-03-21T04:18:22.888592,3,0.0807,0.0807,0.0778,0.0000,0.9801,0.3667,-0.9089,7
2026-03-21T04:18:22.888592,4,0.0919,0.0919,0.0384,0.1102,1.4174,0.6872,-1.2396,5
2026-03-21T04:18:22.888592,5,0.2669,0.2669,0.1500,0.0000,1.0473,-0.2337,1.0209,17
2026-03-21T04:18:22.888592,6,0.0608,0.0608,0.0433,0.0000,0.2765,-0.1201,0.2490,8
2026-03-21T04:18:22.959520,0,0.0542,0.0205,0.0542,0.0000,0.3237,-0.1466,-0.2885,7
2026-03-21T04:18:22.959520,1,0.0780,0.0780,0.0290,0.0000,1.1313,-0.1181,-1.1251,5
2026-03-21T04:18:22.959520,2,0.0939,0.0939,0.0939,0.0000,0.9937,0.3636,-0.9248,8
2026-03-21T04:18:22.959520,3,0.0873,0.0873,0.0461,0.1102,1.4158,0.6864,-1.2383,5
2026-03-21T04:18:22.959520,4,0.2664,0.2664,0.1571,0.0000,1.0507,-0.2343,1.0243,17
2026-03-21T04:18:22.959520,5,0.0712,0.0712,0.0638,0.0000,0.2843,-0.1251,0.2552,9
2026-03-21T04:18:23.028626,0,0.0581,0.0151,0.0581,0.0000,0.3172,-0.1436,-0.2829,7
2026-03-21T04:18:23.028626,1,0.0937,0.0937,0.0365,0.0000,1.0522,-0.3340,-0.9978,6
2026-03-21T04:18:23.028626,2,0.0786,0.0786,0.0389,0.0000,1.1265,-0.1177,-1.1203,5
2026-03-21T04:18:23.028626,3,0.1060,0.1060,0.0783,0.0000,1.0285,0.0350,-1.0279,7
2026-03-21T04:18:23.028626,4,0.0684,0.0684,0.0613,0.0000,0.9934,0.3639,-0.9244,6
2026-03-21T04:18:23.028626,5,0.2865,0.2865,0.1608,0.0000,1.0522,-0.2253,1.0278,18
2026-03-21T04:18:23.028626,6,0.0641,0.0641,0.0517,0.0000,0.2818,-0.1237,0.2532,7
2026-03-21T04:18:23.097983,0,0.0594,0.0226,0.0594,0.0000,0.3198,-0.1448,-0.2851,7
2026-03-21T04:18:23.097983,1,0.0926,0.0926,0.0374,0.0000,1.0492,-0.3331,-0.9949,6
2026-03-21T04:18:23.097983,2,0.1071,0.1071,0.0878,0.0000,1.0405,0.0171,-1.0404,7
2026-03-21T04:18:23.097983,3,0.0956,0.0956,0.0657,0.0000,0.9810,0.3672,-0.9097,7
2026-03-21T04:18:23.097983,4,0.2665,0.2665,0.1511,0.0000,1.0486,-0.2339,1.0222,17
2026-03-21T04:18:23.097983,5,0.0572,0.0572,0.0543,0.0000,0.2857,-0.1257,0.2565,9
2026-03-21T04:18:23.167279,0,0.0582,0.0158,0.0582,0.0000,0.3187,-0.1443,-0.2841,7
2026-03-21T04:18:23.167279,1,0.0690,0.0690,0.0393,0.0000,1.0459,-0.3232,-0.9947,5
2026-03-21T04:18:23.167279,2,0.0696,0.0696,0.0604,0.0000,1.0275,0.0353,-1.0269,5
2026-03-21T04:18:23.167279,3,0.1091,0.0913,0.1091,0.0000,0.9907,0.3624,-0.9220,8
2026-03-21T04:18:23.167279,4,0.0898,0.0898,0.0418,0.1093,1.4148,0.6859,-1.2374,5
2026-03-21T04:18:23.167279,5,0.2674,0.2674,0.1563,0.0000,1.0486,-0.2338,1.0222,17
2026-03-21T04:18:23.167279,6,0.0691,0.0675,0.0691,0.0000,0.2820,-0.1243,0.2532,9
2026-03-21T04:18:23.236289,0,0.0594,0.0174,0.0594,0.0000,0.3212,-0.1455,-0.2864,7
2026-03-21T04:18:23.236289,1,0.0913,0.0913,0.0403,0.0000,1.0495,-0.3332,-0.9952,6
2026-03-21T04:18:23.236289,2,0.0807,0.0807,0.0238,0.0000,1.1341,-0.1186,-1.1278,5
2026-03-21T04:18:23.236289,3,0.0696,0.0696,0.0584,0.0000,1.0257,0.0353,-1.0251,5
2026-03-21T04:18:23.236289,4,0.1092,0.0865,0.1092,0.0000,0.9908,0.3623,-0.9222,8
2026-03-21T04:18:23.236289,5,0.2869,0.2869,0.1680,0.0000,1.0528,-0.2254,1.0284,18
2026-03-21T04:18:23.236289,6,0.0579,0.0579,0.0434,0.0000,0.2829,-0.1246,0.2540,9
2026-03-21T04:18:23.306333,0,0.0566,0.0169,0.0566,0.0000,0.3195,-0.1447,-0.2849,7
2026-03-21T04:18:23.306333,1,0.1004,0.0914,0.1004,0.0000,0.9923,0.3630,-0.9235,8
2026-03-21T04:18:23.306333,2,0.2855,0.2855,0.1676,0.0000,1.0528,-0.2254,1.0284,18
2026-03-21T04:18:23.306333,3,0.0644,0.0598,0.0644,0.0000,0.2806,-0.1237,0.2519,9
2026-03-21T04:18:23.375511,0,0.0629,0.0151,0.0629,0.0000,0.3212,-0.1454,-0.2864,7
2026-03-21T04:18:23.375511,1,0.0933,0.0933,0.0346,0.0000,1.0492,-0.3331,-0.9949,6
2026-03-21T04:18:23.375511,2,0.1005,0.0747,0.1005,0.0000,0.9933,0.3553,-0.9275,7
2026-03-21T04:18:23.375511,3,0.2839,0.2839,0.1734,0.0000,1.0517,-0.2250,1.0274,18
2026-03-21T04:18:23.375511,4,0.0691,0.0691,0.0581,0.0000,0.2887,-0.1273,0.2591,9
2026-03-21T04:18:23.446172,0,0.0535,0.0136,0.0535,0.0000,0.3187,-0.1443,-0.2841,7
2026-03-21T04:18:23.446172,1,0.0983,0.0983,0.0473,0.0000,1.1168,-0.0879,-1.1134,6
2026-03-21T04:18:23.446172,2,0.0694,0.0694,0.0624,0.0000,1.0265,0.0352,-1.0259,5
2026-03-21T04:18:23.446172,3,0.0597,0.0597,0.0527,0.0000,0.9813,0.3674,-0.9099,5
2026-03-21T04:18:23.446172,4,0.0907,0.0907,0.0400,0.1075,1.4154,0.6863,-1.2379,5
2026-03-21T04:18:23.446172,5,0.2863,0.2863,0.1638,0.0000,1.0535,-0.2256,1.0291,18
2026-03-21T04:18:23.446172,6,0.0627,0.0627,0.0526,0.0000,0.2817,-0.1221,0.2538,7
2026-03-21T04:18:23.515549,0,0.0592,0.0141,0.0592,0.0000,0.3198,-0.1448,-0.2852,7
2026-03-21T04:18:23.515549,1,0.0928,0.0928,0.0289,0.0000,1.0515,-0.3338,-0.9971,6
2026-03-21T04:18:23.515549,2,0.1248,0.1248,0.0981,0.0000,1.0370,0.0259,-1.0367,8
2026-03-21T04:18:23.515549,3,0.0762,0.0553,0.0762,0.0000,0.9871,0.3695,-0.9153,5
2026-03-21T04:18:23.515549,4,0.2841,0.2841,0.1704,0.0000,1.0524,-0.2251,1.0281,18
2026-03-21T04:18:23.515549,5,0.0604,0.0604,0.0554,0.0000,0.2813,-0.1240,0.2525,9
2026-03-21T04:18:23.585216,0,0.0671,0.0164,0.0671,0.0000,0.3182,-0.1440,-0.2838,7
2026-03-21T04:18:23.585216,1,0.0705,0.0705,0.0403,0.0000,1.0449,-0.3229,-0.9937,5
2026-03-21T04:18:23.585216,2,0.0695,0.0695,0.0543,0.0000,1.0263,0.0353,-1.0257,5
2026-03-21T04:18:23.585216,3,0.1014,0.0904,0.1014,0.0000,0.9905,0.3622,-0.9219,8
2026-03-21T04:18:23.585216,4,0.2855,0.2855,0.1676,0.0000,1.0520,-0.2253,1.0276,18
2026-03-21T04:18:23.585216,5,0.0540,0.0540,0.0462,0.0000,0.2806,-0.1234,0.2520,9
2026-03-21T04:18:23.654203,0,0.0432,0.0205,0.0432,0.0000,0.3192,-0.1446,-0.2846,7
2026-03-21T04:18:23.654203,1,0.0702,0.0702,0.0365,0.0000,1.0449,-0.3229,-0.9937,5
2026-03-21T04:18:23.654203,2,0.0963,0.0920,0.0963,0.0000,0.9861,0.3607,-0.9177,8
2026-03-21T04:18:23.654203,3,0.0889,0.0889,0.0444,0.1032,1.4206,0.7104,-1.2302,5
2026-03-21T04:18:23.654203,4,0.2862,0.2862,0.1658,0.0000,1.0509,-0.2250,1.0265,18
2026-03-21T04:18:23.654203,5,0.0739,0.0620,0.0739,0.0000,0.2867,-0.1262,0.2574,9
2026-03-21T04:18:23.723734,0,0.0531,0.0224,0.0531,0.0000,0.3178,-0.1440,-0.2833,7
2026-03-21T04:18:23.723734,1,0.0807,0.0807,0.0258,0.0000,1.1337,-0.1185,-1.1274,5
2026-03-21T04:18:23.723734,2,0.1210,0.1210,0.0827,0.0000,0.9937,0.3717,-0.9215,9
2026-03-21T04:18:23.723734,3,0.2851,0.2851,0.1645,0.0000,1.0519,-0.2252,1.0275,18
2026-03-21T04:18:23.723734,4,0.0651,0.0651,0.0512,0.0000,0.2916,-0.1285,0.2617,9
2026-03-21T04:18:23.794023,0,0.0620,0.0190,0.0620,0.0000,0.3177,-0.1438,-0.2833,7
2026-03-21T04:18:23.794023,1,0.0740,0.0740,0.0570,0.0000,1.0605,-0.0005,-1.0605,5
2026-03-21T04:18:23.794023,2,0.0889,0.0889,0.0703,0.0000,0.9834,0.3680,-0.9119,7
2026-03-21T04:18:23.794023,3,0.2843,0.2843,0.1674,0.0000,1.0528,-0.2253,1.0284,18
2026-03-21T04:18:23.794023,4,0.0747,0.0747,0.0721,0.0000,0.2849,-0.1253,0.2559,7
2026-03-21T04:18:23.864835,0,0.0460,0.0201,0.0460,0.0000,0.3218,-0.1458,-0.2869,7
2026-03-21T04:18:23.864835,1,0.0797,0.0797,0.0193,0.0000,1.0501,-0.3421,-0.9928,5
2026-03-21T04:18:23.864835,2,0.0738,0.0738,0.0620,0.0000,1.0589,-0.0005,-1.0589,5
2026-03-21T04:18:23.864835,3,0.1103,0.0865,0.1103,0.0000,0.9896,0.3619,-0.9210,8
2026-03-21T04:18:23.864835,4,0.2827,0.2827,0.1731,0.0000,1.0513,-0.2250,1.0270,18
2026-03-21T04:18:23.864835,5,0.0636,0.0636,0.0546,0.0000,0.2849,-0.1257,0.2557,9
2026-03-21T04:18:23.934432,0,0.0645,0.0145,0.0645,0.0000,0.3197,-0.1447,-0.2850,7
2026-03-21T04:18:23.934432,1,0.0797,0.0797,0.0165,0.0000,1.0491,-0.3418,-0.9918,5
2026-03-21T04:18:23.934432,2,0.1208,0.1208,0.0463,0.0000,1.1206,-0.0980,-1.1163,7
2026-03-21T04:18:23.934432,3,0.1031,0.0902,0.1031,0.0000,0.9911,0.3625,-0.9224,8
2026-03-21T04:18:23.934432,4,0.0907,0.0907,0.0400,0.1075,1.4146,0.6859,-1.2372,5
2026-03-21T04:18:23.934432,5,0.2854,0.2854,0.1686,0.0000,1.0523,-0.2252,1.0280,18
2026-03-21T04:18:23.934432,6,0.0580,0.0580,0.0506,0.0000,0.2874,-0.1266,0.2580,9
2026-03-21T04:18:24.004608,0,0.0469,0.0223,0.0469,0.0000,0.3237,-0.1466,-0.2885,7
2026-03-21T04:18:24.004608,1,0.0722,0.0722,0.0355,0.0000,1.0459,-0.3232,-0.9947,5
2026-03-21T04:18:24.004608,2,0.1077,0.1077,0.0908,0.0000,1.0445,0.0172,-1.0444,7
2026-03-21T04:18:24.004608,3,0.1088,0.0882,0.1088,0.0000,0.9867,0.3608,-0.9184,8
2026-03-21T04:18:24.004608,4,0.0905,0.0905,0.0419,0.1041,1.4222,0.7112,-1.2316,5
2026-03-21T04:18:24.004608,5,0.2845,0.2845,0.1684,0.0000,1.0514,-0.2250,1.0271,18
2026-03-21T04:18:24.004608,6,0.0594,0.0594,0.0553,0.0000,0.2815,-0.1239,0.2527,9
2026-03-21T04:18:24.074017,0,0.0556,0.0146,0.0556,0.0000,0.3214,-0.1455,-0.2865,7
2026-03-21T04:18:24.074017,1,0.0707,0.0707,0.0336,0.0000,1.0445,-0.3227,-0.9934,5
2026-03-21T04:18:24.074017,2,0.0805,0.0805,0.0419,0.0000,1.1293,-0.1180,-1.1231,5
2026-03-21T04:18:24.074017,3,0.0761,0.0761,0.0437,0.0000,1.0763,-0.0192,-1.0761,5
2026-03-21T04:18:24.074017,4,0.0802,0.0785,0.0802,0.0000,0.9841,0.3682,-0.9127,7
2026-03-21T04:18:24.074017,5,0.2817,0.2817,0.1800,0.0000,1.0526,-0.2253,1.0282,18
2026-03-21T04:18:24.074017,6,0.0733,0.0733,0.0661,0.0000,0.2883,-0.1265,0.2591,7
2026-03-21T04:18:24.143547,0,0.0619,0.0115,0.0619,0.0000,0.3227,-0.1461,-0.2877,7
2026-03-21T04:18:24.143547,1,0.0693,0.0693,0.0654,0.0000,1.0259,0.0352,-1.0253,5
2026-03-21T04:18:24.143547,2,0.1035,0.0884,0.1035,0.0000,0.9876,0.3612,-0.9192,8
2026-03-21T04:18:24.143547,3,0.2850,0.2850,0.1706,0.0000,1.0530,-0.2254,1.0286,18
2026-03-21T04:18:24.143547,4,0.0579,0.0579,0.0513,0.0000,0.2821,-0.1243,0.2533,9
2026-03-21T04:18:24.212184,0,0.0600,0.0120,0.0600,0.0000,0.3188,-0.1443,-0.2843,7
2026-03-21T04:18:24.212184,1,0.0680,0.0680,0.0413,0.0000,1.0437,-0.3224,-0.9926,5
2026-03-21T04:18:24.212184,2,0.0694,0.0694,0.0584,0.0000,1.0249,0.0352,-1.0243,5
2026-03-21T04:18:24.212184,3,0.1014,0.0885,0.1014,0.0000,0.9858,0.3607,-0.9175,8
2026-03-21T04:18:24.212184,4,0.0903,0.0903,0.0409,0.1093,1.4152,0.6861,-1.2377,5
2026-03-21T04:18:24.212184,5,0.2681,0.2681,0.1493,0.0000,1.0483,-0.2337,1.0220,17
2026-03-21T04:18:24.212184,6,0.0631,0.0631,0.0610,0.0000,0.2913,-0.1283,0.2615,9
2026-03-21T04:18:24.282132,0,0.0600,0.0153,0.0600,0.0000,0.3181,-0.1440,-0.2836,7
2026-03-21T04:18:24.282132,1,0.0676,0.0676,0.0423,0.0000,1.0469,-0.3234,-0.9957,5
2026-03-21T04:18:24.282132,2,0.0694,0.0694,0.0623,0.0000,1.0285,0.0353,-1.0279,5
2026-03-21T04:18:24.282132,3,0.0895,0.0895,0.0632,0.0000,0.9827,0.3678,-0.9113,7
2026-03-21T04:18:24.282132,4,0.0889,0.0889,0.0444,0.1032,1.4216,0.7109,-1.2311,5
2026-03-21T04:18:24.282132,5,0.2838,0.2838,0.1703,0.0000,1.0528,-0.2253,1.0284,18
2026-03-21T04:18:24.282132,6,0.0641,0.0641,0.0494,0.0000,0.2826,-0.1246,0.2536,9
2026-03-21T04:18:24.351473,0,0.0565,0.0204,0.0565,0.0000,0.3178,-0.1440,-0.2833,7
2026-03-21T04:18:24.351473,1,0.0789,0.0789,0.0473,0.0000,1.1209,-0.0785,-1.1181,5
2026-03-21T04:18:24.351473,2,0.0949,0.0937,0.0949,0.0000,0.9955,0.3642,-0.9264,8
2026-03-21T04:18:24.351473,3,0.0884,0.0884,0.0444,0.1111,1.4152,0.6861,-1.2377,5
2026-03-21T04:18:24.351473,4,0.2867,0.2867,0.1642,0.0000,1.0534,-0.2255,1.0290,18
2026-03-21T04:18:24.351473,5,0.0551,0.0551,0.0444,0.0000,0.2888,-0.1267,0.2595,7
2026-03-21T04:18:24.421478,0,0.0540,0.0188,0.0540,0.0000,0.3204,-0.1451,-0.2856,7
2026-03-21T04:18:24.421478,1,0.0925,0.0925,0.0355,0.0000,1.0474,-0.3325,-0.9932,6
2026-03-21T04:18:24.421478,2,0.1011,0.1011,0.0252,0.0000,1.1275,-0.1082,-1.1223,6
2026-03-21T04:18:24.421478,3,0.0858,0.0858,0.0648,0.0000,0.9888,0.3701,-0.9170,7
2026-03-21T04:18:24.421478,4,0.0902,0.0902,0.0409,0.1075,1.4148,0.6860,-1.2373,5
2026-03-21T04:18:24.421478,5,0.2667,0.2667,0.1520,0.0000,1.0479,-0.2336,1.0215,17
2026-03-21T04:18:24.421478,6,0.0588,0.0588,0.0517,0.0000,0.2836,-0.1249,0.2546,9
2026-03-21T04:18:24.490974,0,0.0531,0.0219,0.0531,0.0000,0.3197,-0.1448,-0.2850,7
2026-03-21T04:18:24.490974,1,0.0924,0.0924,0.0337,0.0000,1.0500,-0.3333,-0.9957,6
2026-03-21T04:18:24.490974,2,0.0737,0.0737,0.0580,0.0000,1.0573,-0.0005,-1.0573,5
2026-03-21T04:18:24.490974,3,0.0988,0.0765,0.0988,0.0000,0.9940,0.3556,-0.9282,7
2026-03-21T04:18:24.490974,4,0.0902,0.0902,0.0409,0.1075,1.4152,0.6862,-1.2377,5
2026-03-21T04:18:24.490974,5,0.2847,0.2847,0.1705,0.0000,1.0517,-0.2251,1.0273,18
2026-03-21T04:18:24.490974,6,0.0593,0.0593,0.0554,0.0000,0.2851,-0.1255,0.2561,9
2026-03-21T04:18:24.561104,0,0.0518,0.0198,0.0518,0.0000,0.3178,-0.1440,-0.2833,7
2026-03-21T04:18:24.561104,1,0.0807,0.0807,0.0240,0.0000,1.0507,-0.3424,-0.9933,5
2026-03-21T04:18:24.561104,2,0.1080,0.1080,0.0857,0.0000,1.0415,0.0172,-1.0414,7
2026-03-21T04:18:24.561104,3,0.1167,0.0838,0.1167,0.0000,0.9893,0.3617,-0.9208,8
2026-03-21T04:18:24.561104,4,0.0905,0.0905,0.0410,0.1120,1.4180,0.6875,-1.2402,5
2026-03-21T04:18:24.561104,5,0.2662,0.2662,0.1580,0.0000,1.0498,-0.2341,1.0234,17
2026-03-21T04:18:24.561104,6,0.0632,0.0632,0.0563,0.0000,0.2853,-0.1256,0.2561,9
2026-03-21T04:18:24.630917,0,0.0538,0.0209,0.0538,0.0000,0.3159,-0.1431,-0.2817,7
2026-03-21T04:18:24.630917,1,0.0693,0.0693,0.0337,0.0000,1.0469,-0.3235,-0.9956,5
2026-03-21T04:18:24.630917,2,0.0912,0.0912,0.0610,0.0000,0.9841,0.3685,-0.9125,7
2026-03-21T04:18:24.630917,3,0.0899,0.0899,0.0418,0.1111,1.4154,0.6863,-1.2379,5
2026-03-21T04:18:24.630917,4,0.2662,0.2662,0.1580,0.0000,1.0499,-0.2341,1.0235,17
2026-03-21T04:18:24.630917,5,0.0569,0.0569,0.0424,0.0000,0.2790,-0.1229,0.2505,9
2026-03-21T04:18:24.699793,0,0.0513,0.0240,0.0513,0.0000,0.3191,-0.1446,-0.2845,7
2026-03-21T04:18:24.699793,1,0.0693,0.0693,0.0594,0.0000,1.0247,0.0352,-1.0241,5
2026-03-21T04:18:24.699793,2,0.1180,0.0843,0.1180,0.0000,0.9868,0.3608,-0.9185,8
2026-03-21T04:18:24.699793,3,0.0870,0.0870,0.0479,0.1059,1.4204,0.7102,-1.2301,5
2026-03-21T04:18:24.699793,4,0.2660,0.2660,0.1600,0.0000,1.0493,-0.2339,1.0229,17
2026-03-21T04:18:24.699793,5,0.0666,0.0666,0.0573,0.0000,0.2844,-0.1252,0.2553,9
2026-03-21T04:18:24.769641,0,0.0528,0.0171,0.0528,0.0000,0.3185,-0.1443,-0.2840,7
2026-03-21T04:18:24.769641,1,0.0694,0.0694,0.0394,0.0000,1.0463,-0.3233,-0.9951,5
2026-03-21T04:18:24.769641,2,0.0739,0.0739,0.0530,0.0000,1.0565,-0.0004,-1.0565,5
2026-03-21T04:18:24.769641,3,0.0866,0.0757,0.0866,0.0000,0.9771,0.3654,-0.9062,7
2026-03-21T04:18:24.769641,4,0.2839,0.2839,0.1693,0.0000,1.0506,-0.2249,1.0263,18
2026-03-21T04:18:24.769641,5,0.0641,0.0641,0.0526,0.0000,0.2793,-0.1229,0.2508,9
2026-03-21T04:18:24.840255,0,0.0451,0.0231,0.0451,0.0000,0.3187,-0.1444,-0.2840,7
2026-03-21T04:18:24.840255,1,0.0925,0.0925,0.0365,0.0000,1.0497,-0.3333,-0.9954,6
2026-03-21T04:18:24.840255,2,0.0787,0.0787,0.0238,0.0000,1.1245,-0.0980,-1.1202,5
2026-03-21T04:18:24.840255,3,0.0980,0.0742,0.0980,0.0000,0.9965,0.3566,-0.9305,7
2026-03-21T04:18:24.840255,4,0.0897,0.0897,0.0428,0.1147,1.4174,0.6872,-1.2396,5
2026-03-21T04:18:24.840255,5,0.2846,0.2846,0.1715,0.0000,1.0522,-0.2251,1.0279,18
2026-03-21T04:18:24.840255,6,0.0602,0.0602,0.0529,0.0000,0.2861,-0.1259,0.2570,9
2026-03-21T04:18:24.909501,0,0.0557,0.0170,0.0557,0.0000,0.3198,-0.1448,-0.2852,7
2026-03-21T04:18:24.909501,1,0.0802,0.0802,0.0240,0.0000,1.0487,-0.3417,-0.9914,5
2026-03-21T04:18:24.909501,2,0.1073,0.1073,0.0898,0.0000,1.0424,0.0172,-1.0422,7
2026-03-21T04:18:24.909501,3,0.1118,0.0877,0.1118,0.0000,0.9911,0.3625,-0.9224,8
2026-03-21T04:18:24.909501,4,0.0880,0.0880,0.0454,0.1138,1.4190,0.6879,-1.2410,5
2026-03-21T04:18:24.909501,5,0.2832,0.2832,0.1752,0.0000,1.0523,-0.2251,1.0279,18
2026-03-21T04:18:24.909501,6,0.0626,0.0626,0.0562,0.0000,0.2848,-0.1248,0.2560,7
2026-03-21T04:18:24.980117,0,0.0539,0.0170,0.0539,0.0000,0.3207,-0.1452,-0.2859,7
2026-03-21T04:18:24.980117,1,0.0809,0.0809,0.0184,0.0000,1.0489,-0.3418,-0.9916,5
2026-03-21T04:18:24.980117,2,0.0788,0.0788,0.0308,0.0000,1.1273,-0.0983,-1.1230,5
2026-03-21T04:18:24.980117,3,0.0702,0.0702,0.0565,0.0000,1.0297,0.0354,-1.0291,5
2026-03-21T04:18:24.980117,4,0.0838,0.0838,0.0775,0.0000,0.9798,0.3666,-0.9087,7
2026-03-21T04:18:24.980117,5,0.0912,0.0912,0.0391,0.1066,1.4156,0.6863,-1.2381,5
2026-03-21T04:18:24.980117,6,0.2671,0.2671,0.1512,0.0000,1.0492,-0.2339,1.0228,17
2026-03-21T04:18:24.980117,7,0.0489,0.0278,0.0489,0.0000,0.2702,-0.1120,0.2459,6
2026-03-21T04:18:25.049401,0,0.0608,0.0147,0.0608,0.0000,0.3177,-0.1438,-0.2832,7
2026-03-21T04:18:25.049401,1,0.0890,0.0890,0.0795,0.0000,0.9863,0.3690,-0.9146,7
2026-03-21T04:18:25.049401,2,0.2678,0.2678,0.1492,0.0000,1.0500,-0.2342,1.0236,17
2026-03-21T04:18:25.049401,3,0.0564,0.0564,0.0471,0.0000,0.2883,-0.1268,0.2589,9
2026-03-21T04:18:25.119144,0,0.0537,0.0155,0.0537,0.0000,0.3191,-0.1445,-0.2845,7
2026-03-21T04:18:25.119144,1,0.0762,0.0762,0.0188,0.0000,1.0481,-0.3414,-0.9909,5
2026-03-21T04:18:25.119144,2,0.0788,0.0788,0.0278,0.0000,1.1269,-0.0982,-1.1226,5
2026-03-21T04:18:25.119144,3,0.0961,0.0941,0.0961,0.0000,0.9933,0.3635,-0.9244,8
2026-03-21T04:18:25.119144,4,0.0897,0.0897,0.0426,0.0997,1.4194,0.7098,-1.2292,5
2026-03-21T04:18:25.119144,5,0.2844,0.2844,0.1745,0.0000,1.0516,-0.2250,1.0273,18
2026-03-21T04:18:25.119144,6,0.0714,0.0683,0.0714,0.0000,0.2858,-0.1257,0.2566,7
2026-03-21T04:18:25.188261,0,0.0502,0.0196,0.0502,0.0000,0.3199,-0.1449,-0.2852,7
2026-03-21T04:18:25.188261,1,0.0767,0.0767,0.0207,0.0000,1.0501,-0.3421,-0.9928,5
2026-03-21T04:18:25.188261,2,0.0658,0.0516,0.0658,0.0000,0.9799,0.3668,-0.9087,5
2026-03-21T04:18:25.188261,3,0.2858,0.2858,0.1626,0.0000,1.0532,-0.2256,1.0288,18
2026-03-21T04:18:25.188261,4,0.0588,0.0588,0.0443,0.0000,0.2762,-0.1215,0.2480,9
2026-03-21T04:18:25.257172,0,0.0513,0.0186,0.0513,0.0000,0.3202,-0.1450,-0.2855,7
2026-03-21T04:18:25.257172,1,0.0911,0.0911,0.0288,0.0000,1.0489,-0.3330,-0.9946,6
2026-03-21T04:18:25.257172,2,0.0802,0.0802,0.0347,0.0000,1.1335,-0.1185,-1.1272,5
2026-03-21T04:18:25.257172,3,0.0742,0.0742,0.0530,0.0000,1.0593,-0.0004,-1.0593,5
2026-03-21T04:18:25.257172,4,0.0893,0.0893,0.0814,0.0000,0.9833,0.3679,-0.9118,7
2026-03-21T04:18:25.257172,5,0.2850,0.2850,0.1655,0.0000,1.0507,-0.2249,1.0263,18
2026-03-21T04:18:25.257172,6,0.0594,0.0594,0.0445,0.0000,0.2841,-0.1248,0.2552,7
2026-03-21T04:18:25.326964,0,0.0531,0.0236,0.0531,0.0000,0.3172,-0.1437,-0.2828,7
2026-03-21T04:18:25.326964,1,0.0701,0.0701,0.0336,0.0000,1.0471,-0.3235,-0.9958,5
2026-03-21T04:18:25.326964,2,0.0695,0.0695,0.0584,0.0000,1.0267,0.0353,-1.0261,5
2026-03-21T04:18:25.326964,3,0.1108,0.0988,0.1108,0.0000,0.9922,0.3629,-0.9234,8
2026-03-21T04:18:25.326964,4,0.2676,0.2676,0.1524,0.0000,1.0483,-0.2337,1.0219,17
2026-03-21T04:18:25.326964,5,0.0530,0.0530,0.0435,0.0000,0.2808,-0.1234,0.2522,9
2026-03-21T04:18:25.397136,0,0.0601,0.0168,0.0601,0.0000,0.3187,-0.1443,-0.2841,7
2026-03-21T04:18:25.397136,1,0.0932,0.0932,0.0279,0.0000,1.0512,-0.3337,-0.9968,6
2026-03-21T04:18:25.397136,2,0.0780,0.0780,0.0453,0.0000,1.1187,-0.0783,-1.1159,5
2026-03-21T04:18:25.397136,3,0.0884,0.0884,0.0743,0.0000,1.0357,0.0264,-1.0354,6
2026-03-21T04:18:25.397136,4,0.1054,0.0911,0.1054,0.0000,0.9900,0.3621,-0.9214,8
2026-03-21T04:18:25.397136,5,0.2860,0.2860,0.1678,0.0000,1.0511,-0.2250,1.0268,18
2026-03-21T04:18:25.397136,6,0.0607,0.0607,0.0560,0.0000,0.2910,-0.1283,0.2612,9
2026-03-21T04:18:25.466191,0,0.0558,0.0223,0.0558,0.0000,0.3198,-0.1449,-0.2851,7
2026-03-21T04:18:25.466191,1,0.0909,0.0909,0.0393,0.0000,1.0485,-0.3329,-0.9943,6
2026-03-21T04:18:25.466191,2,0.0840,0.0840,0.0687,0.0000,0.9873,0.3695,-0.9155,7
2026-03-21T04:18:25.466191,3,0.2860,0.2860,0.1647,0.0000,1.0523,-0.2253,1.0279,18
2026-03-21T04:18:25.466191,4,0.0601,0.0554,0.0601,0.0000,0.2828,-0.1242,0.2541,9
2026-03-21T04:18:25.535928,0,0.0557,0.0192,0.0557,0.0000,0.3198,-0.1448,-0.2851,7
2026-03-21T04:18:25.535928,1,0.0691,0.0691,0.0308,0.0000,1.0471,-0.3235,-0.9958,5
2026-03-21T04:18:25.535928,2,0.0799,0.0799,0.0280,0.0000,1.1345,-0.1186,-1.1282,5
2026-03-21T04:18:25.535928,3,0.0742,0.0742,0.0580,0.0000,1.0605,-0.0005,-1.0605,5
2026-03-21T04:18:25.535928,4,0.0985,0.0959,0.0985,0.0000,0.9856,0.3606,-0.9173,8
2026-03-21T04:18:25.535928,5,0.2663,0.2663,0.1551,0.0000,1.0492,-0.2338,1.0228,17
2026-03-21T04:18:25.535928,6,0.0563,0.0563,0.0388,0.0000,0.2903,-0.1273,0.2610,7
2026-03-21T04:18:25.606238,0,0.0585,0.0204,0.0585,0.0000,0.3211,-0.1455,-0.2862,7
2026-03-21T04:18:25.606238,1,0.0719,0.0719,0.0346,0.0000,1.0465,-0.3234,-0.9953,5
2026-03-21T04:18:25.606238,2,0.0697,0.0697,0.0614,0.0000,1.0307,0.0354,-1.0301,5
2026-03-21T04:18:25.606238,3,0.1091,0.0863,0.1091,0.0000,0.9890,0.3616,-0.9205,8
2026-03-21T04:18:25.606238,4,0.0906,0.0906,0.0411,0.1138,1.4184,0.6877,-1.2405,5
2026-03-21T04:18:25.606238,5,0.2853,0.2853,0.1656,0.0000,1.0527,-0.2253,1.0283,18
2026-03-21T04:18:25.606238,6,0.0671,0.0671,0.0580,0.0000,0.2763,-0.1216,0.2481,9
2026-03-21T04:18:25.675310,0,0.0584,0.0174,0.0584,0.0000,0.3212,-0.1455,-0.2864,7
2026-03-21T04:18:25.675310,1,0.0912,0.0912,0.0317,0.0000,1.0482,-0.3327,-0.9940,6
2026-03-21T04:18:25.675310,2,0.0935,0.0935,0.0512,0.0000,1.1242,-0.1271,-1.1170,6
2026-03-21T04:18:25.675310,3,0.0693,0.0693,0.0644,0.0000,1.0251,0.0352,-1.0245,5
2026-03-21T04:18:25.675310,4,0.1130,0.0853,0.1130,0.0000,0.9892,0.3617,-0.9207,8
2026-03-21T04:18:25.675310,5,0.0894,0.0894,0.0436,0.1032,1.4204,0.7103,-1.2300,5
2026-03-21T04:18:25.675310,6,0.2855,0.2855,0.1626,0.0000,1.0513,-0.2251,1.0270,18
2026-03-21T04:18:25.675310,7,0.0624,0.0624,0.0534,0.0000,0.2856,-0.1259,0.2563,9
2026-03-21T04:18:25.745512,0,0.0531,0.0215,0.0531,0.0000,0.3214,-0.1456,-0.2865,7
2026-03-21T04:18:25.745512,1,0.0796,0.0796,0.0193,0.0000,1.0493,-0.3419,-0.9920,5
2026-03-21T04:18:25.745512,2,0.0758,0.0758,0.0457,0.0000,1.0721,-0.0191,-1.0719,5
2026-03-21T04:18:25.745512,3,0.0968,0.0930,0.0968,0.0000,0.9862,0.3608,-0.9178,8
2026-03-21T04:18:25.745512,4,0.0890,0.0890,0.0436,0.1129,1.4168,0.6869,-1.2391,5
2026-03-21T04:18:25.745512,5,0.2848,0.2848,0.1685,0.0000,1.0524,-0.2253,1.0280,18
2026-03-21T04:18:25.745512,6,0.0501,0.0501,0.0480,0.0000,0.2812,-0.1237,0.2525,9
2026-03-21T04:18:25.815688,0,0.0547,0.0181,0.0547,0.0000,0.3194,-0.1446,-0.2848,7
2026-03-21T04:18:25.815688,1,0.0693,0.0693,0.0384,0.0000,1.0463,-0.3233,-0.9951,5
2026-03-21T04:18:25.815688,2,0.0791,0.0791,0.0270,0.0000,1.1345,-0.1185,-1.1282,5
2026-03-21T04:18:25.815688,3,0.1077,0.1077,0.0968,0.0000,1.0409,0.0170,-1.0408,7
2026-03-21T04:18:25.815688,4,0.1078,0.0944,0.1078,0.0000,0.9901,0.3621,-0.9215,8
2026-03-21T04:18:25.815688,5,0.2852,0.2852,0.1666,0.0000,1.0527,-0.2254,1.0283,18
2026-03-21T04:18:25.815688,6,0.0617,0.0617,0.0536,0.0000,0.2829,-0.1246,0.2540,9
2026-03-21T04:18:25.883730,0,0.0582,0.0148,0.0582,0.0000,0.3168,-0.1435,-0.2825,7
2026-03-21T04:18:25.883730,1,0.0866,0.0866,0.0726,0.0000,0.9901,0.3706,-0.9181,7
2026-03-21T04:18:25.883730,2,0.2864,0.2864,0.1587,0.0000,1.0510,-0.2251,1.0266,18
2026-03-21T04:18:25.883730,3,0.0676,0.0676,0.0566,0.0000,0.2857,-0.1258,0.2565,9
2026-03-21T04:18:25.954693,0,0.0513,0.0198,0.0513,0.0000,0.3177,-0.1439,-0.2832,7
2026-03-21T04:18:25.954693,1,0.0709,0.0709,0.0365,0.0000,1.0447,-0.3228,-0.9935,5
2026-03-21T04:18:25.954693,2,0.0800,0.0800,0.0310,0.0000,1.1321,-0.1183,-1.1259,5
2026-03-21T04:18:25.954693,3,0.1124,0.0902,0.1124,0.0000,0.9895,0.3617,-0.9210,8
2026-03-21T04:18:25.954693,4,0.2838,0.2838,0.1754,0.0000,1.0521,-0.2251,1.0277,18
2026-03-21T04:18:25.954693,5,0.0671,0.0671,0.0656,0.0000,0.2843,-0.1254,0.2551,9
2026-03-21T04:18:26.024544,0,0.0520,0.0216,0.0520,0.0000,0.3164,-0.1433,-0.2820,7
2026-03-21T04:18:26.024544,1,0.0893,0.0893,0.0403,0.0000,1.0489,-0.3329,-0.9946,6
2026-03-21T04:18:26.024544,2,0.0794,0.0794,0.0232,0.0000,1.1249,-0.0981,-1.1206,5
2026-03-21T04:18:26.024544,3,0.0741,0.0741,0.0560,0.0000,1.0589,-0.0004,-1.0589,5
2026-03-21T04:18:26.024544,4,0.1086,0.0878,0.1086,0.0000,0.9920,0.3627,-0.9233,8
2026-03-21T04:18:26.024544,5,0.2660,0.2660,0.1569,0.0000,1.0485,-0.2339,1.0221,17
2026-03-21T04:18:26.024544,6,0.0678,0.0678,0.0554,0.0000,0.2901,-0.1278,0.2605,9
2026-03-21T04:18:26.094805,0,0.0521,0.0176,0.0521,0.0000,0.3168,-0.1435,-0.2825,7
2026-03-21T04:18:26.094805,1,0.0927,0.0927,0.0355,0.0000,1.0520,-0.3340,-0.9976,6
2026-03-21T04:18:26.094805,2,0.0698,0.0698,0.0614,0.0000,1.0321,0.0354,-1.0315,5
2026-03-21T04:18:26.094805,3,0.0823,0.0823,0.0720,0.0000,0.9861,0.3690,-0.9145,7
2026-03-21T04:18:26.094805,4,0.0913,0.0913,0.0400,0.0997,1.4202,0.7102,-1.2298,5
2026-03-21T04:18:26.094805,5,0.2841,0.2841,0.1744,0.0000,1.0524,-0.2252,1.0281,18
2026-03-21T04:18:26.094805,6,0.0625,0.0625,0.0508,0.0000,0.2858,-0.1259,0.2566,9
2026-03-21T04:18:26.164123,0,0.0404,0.0231,0.0404,0.0000,0.3221,-0.1460,-0.2871,7
2026-03-21T04:18:26.164123,1,0.0808,0.0808,0.0268,0.0000,1.0511,-0.3425,-0.9937,5
2026-03-21T04:18:26.164123,2,0.0916,0.0916,0.0630,0.0000,0.9871,0.3696,-0.9153,7
2026-03-21T04:18:26.164123,3,0.2860,0.2860,0.1641,0.0000,1.0528,-0.2254,1.0284,18
2026-03-21T04:18:26.164123,4,0.0585,0.0585,0.0482,0.0000,0.2783,-0.1224,0.2499,9
2026-03-21T04:18:26.233486,0,0.0557,0.0195,0.0557,0.0000,0.3181,-0.1440,-0.2836,7
2026-03-21T04:18:26.233486,1,0.0956,0.0956,0.0316,0.0000,1.0477,-0.3327,-0.9935,6
2026-03-21T04:18:26.233486,2,0.1245,0.1245,0.1001,0.0000,1.0348,0.0258,-1.0345,8
2026-03-21T04:18:26.233486,3,0.0803,0.0788,0.0803,0.0000,0.9854,0.3687,-0.9138,7
2026-03-21T04:18:26.233486,4,0.0898,0.0898,0.0426,0.1015,1.4192,0.7097,-1.2290,5
2026-03-21T04:18:26.233486,5,0.2852,0.2852,0.1676,0.0000,1.0512,-0.2250,1.0268,18
2026-03-21T04:18:26.233486,6,0.0693,0.0693,0.0613,0.0000,0.2856,-0.1258,0.2564,9
2026-03-21T04:18:26.303717,0,0.0583,0.0163,0.0583,0.0000,0.3189,-0.1444,-0.2844,7
2026-03-21T04:18:26.303717,1,0.0924,0.0924,0.0432,0.0000,1.0499,-0.3333,-0.9956,6
2026-03-21T04:18:26.303717,2,0.1075,0.0876,0.1075,0.0000,0.9892,0.3618,-0.9207,8
2026-03-21T04:18:26.303717,3,0.2841,0.2841,0.1704,0.0000,1.0512,-0.2251,1.0269,18
2026-03-21T04:18:26.303717,4,0.0647,0.0647,0.0619,0.0000,0.2907,-0.1280,0.2610,9
2026-03-21T04:18:26.372333,0,0.0770,0.0146,0.0770,0.0000,0.3194,-0.1445,-0.2848,7
2026-03-21T04:18:26.372333,1,0.0764,0.0764,0.0150,0.0000,1.0487,-0.3416,-0.9915,5
2026-03-21T04:18:26.372333,2,0.0816,0.0816,0.0330,0.0000,1.1341,-0.1186,-1.1278,5
2026-03-21T04:18:26.372333,3,0.1074,0.1074,0.0884,0.0000,0.9932,0.3636,-0.9243,8
2026-03-21T04:18:26.372333,4,0.2857,0.2857,0.1636,0.0000,1.0526,-0.2253,1.0282,18
2026-03-21T04:18:26.372333,5,0.0656,0.0561,0.0656,0.0000,0.2789,-0.1226,0.2505,9
2026-03-21T04:18:26.441912,0,0.0628,0.0158,0.0628,0.0000,0.3204,-0.1450,-0.2857,7
2026-03-21T04:18:26.441912,1,0.1054,0.1054,0.0530,0.0000,1.0532,-0.3255,-1.0017,7
2026-03-21T04:18:26.441912,2,0.0805,0.0805,0.0260,0.0000,1.1349,-0.1187,-1.1286,5
2026-03-21T04:18:26.441912,3,0.0805,0.0805,0.0735,0.0000,0.9817,0.3673,-0.9104,7
2026-03-21T04:18:26.441912,4,0.0909,0.0909,0.0401,0.1102,1.4174,0.6872,-1.2396,5
2026-03-21T04:18:26.441912,5,0.2852,0.2852,0.1676,0.0000,1.0518,-0.2252,1.0274,18
2026-03-21T04:18:26.441912,6,0.0553,0.0553,0.0369,0.0000,0.2848,-0.1253,0.2558,9
2026-03-21T04:18:26.512175,0,0.0529,0.0190,0.0529,0.0000,0.3195,-0.1447,-0.2849,7
2026-03-21T04:18:26.512175,1,0.0680,0.0680,0.0365,0.0000,1.0461,-0.3232,-0.9949,5
2026-03-21T04:18:26.512175,2,0.0771,0.0771,0.0329,0.0000,1.1197,-0.0975,-1.1154,5
2026-03-21T04:18:26.512175,3,0.1004,0.1004,0.0874,0.0000,0.9926,0.3632,-0.9237,8
2026-03-21T04:18:26.512175,4,0.2662,0.2662,0.1580,0.0000,1.0499,-0.2342,1.0234,17
2026-03-21T04:18:26.512175,5,0.0629,0.0629,0.0536,0.0000,0.2885,-0.1270,0.2590,9
2026-03-21T04:18:26.581382,0,0.0539,0.0174,0.0539,0.0000,0.3189,-0.1444,-0.2844,7
2026-03-21T04:18:26.581382,1,0.0687,0.0687,0.0374,0.0000,1.0463,-0.3233,-0.9951,5
2026-03-21T04:18:26.581382,2,0.0862,0.0862,0.0676,0.0000,0.9858,0.3690,-0.9142,7
2026-03-21T04:18:26.581382,3,0.2862,0.2862,0.1661,0.0000,1.0524,-0.2252,1.0281,18
2026-03-21T04:18:26.581382,4,0.0678,0.0678,0.0639,0.0000,0.2791,-0.1212,0.2514,7
2026-03-21T04:18:26.651194,0,0.0567,0.0213,0.0567,0.0000,0.3189,-0.1444,-0.2844,7
2026-03-21T04:18:26.651194,1,0.0663,0.0663,0.0347,0.0000,1.0465,-0.3233,-0.9953,5
2026-03-21T04:18:26.651194,2,0.0809,0.0809,0.0248,0.0000,1.1339,-0.1186,-1.1276,5
2026-03-21T04:18:26.651194,3,0.0696,0.0696,0.0604,0.0000,1.0241,0.0352,-1.0235,5
2026-03-21T04:18:26.651194,4,0.1058,0.0888,0.1058,0.0000,0.9941,0.3635,-0.9252,8
2026-03-21T04:18:26.651194,5,0.0928,0.0928,0.0366,0.1084,1.4168,0.6870,-1.2391,5
2026-03-21T04:18:26.651194,6,0.2690,0.2690,0.1485,0.0000,1.0473,-0.2336,1.0209,17
2026-03-21T04:18:26.651194,7,0.0447,0.0447,0.0116,0.0000,0.3026,-0.1386,0.2691,5
2026-03-21T04:18:26.720932,0,0.0700,0.0203,0.0700,0.0000,0.3187,-0.1442,-0.2842,7
2026-03-21T04:18:26.720932,1,0.0704,0.0691,0.0704,0.0000,1.0255,0.0352,-1.0249,5
2026-03-21T04:18:26.720932,2,0.0966,0.0966,0.0885,0.0000,0.9955,0.3643,-0.9264,8
2026-03-21T04:18:26.720932,3,0.0926,0.0926,0.0365,0.1048,1.4140,0.6856,-1.2367,5
2026-03-21T04:18:26.720932,4,0.2854,0.2854,0.1686,0.0000,1.0522,-0.2253,1.0278,18
2026-03-21T04:18:26.720932,5,0.0597,0.0597,0.0545,0.0000,0.2833,-0.1248,0.2543,9
2026-03-21T04:18:26.790231,0,0.0476,0.0184,0.0476,0.0000,0.3185,-0.1443,-0.2840,7
2026-03-21T04:18:26.790231,1,0.0933,0.0933,0.0393,0.0000,1.0512,-0.3337,-0.9968,6
2026-03-21T04:18:26.790231,2,0.0989,0.0905,0.0989,0.0000,0.9871,0.3611,-0.9187,8
2026-03-21T04:18:26.790231,3,0.0892,0.0892,0.0434,0.0997,1.4178,0.7089,-1.2278,5
2026-03-21T04:18:26.790231,4,0.2867,0.2867,0.1628,0.0000,1.0533,-0.2255,1.0289,18
2026-03-21T04:18:26.790231,5,0.0649,0.0649,0.0596,0.0000,0.2809,-0.1238,0.2522,9
2026-03-21T04:18:26.860114,0,0.0458,0.0204,0.0458,0.0000,0.3181,-0.1441,-0.2836,7
2026-03-21T04:18:26.860114,1,0.0912,0.0912,0.0422,0.0000,1.0520,-0.3339,-0.9976,6
2026-03-21T04:18:26.860114,2,0.1054,0.1054,0.0802,0.0000,1.0284,0.0349,-1.0278,7
2026-03-21T04:18:26.860114,3,0.1052,0.0926,0.1052,0.0000,0.9928,0.3631,-0.9240,8
2026-03-21T04:18:26.860114,4,0.2646,0.2646,0.1637,0.0000,1.0494,-0.2337,1.0230,17
2026-03-21T04:18:26.860114,5,0.0609,0.0609,0.0461,0.0000,0.2846,-0.1254,0.2555,9
2026-03-21T04:18:26.929562,0,0.0582,0.0210,0.0582,0.0000,0.3151,-0.1427,-0.2809,7
2026-03-21T04:18:26.929562,1,0.0695,0.0695,0.0365,0.0000,1.0439,-0.3225,-0.9928,5
2026-03-21T04:18:26.929562,2,0.0785,0.0785,0.0252,0.0000,1.1241,-0.0980,-1.1198,5
2026-03-21T04:18:26.929562,3,0.0696,0.0696,0.0604,0.0000,1.0281,0.0353,-1.0275,5
2026-03-21T04:18:26.929562,4,0.1063,0.0901,0.1063,0.0000,0.9940,0.3635,-0.9251,8
2026-03-21T04:18:26.929562,5,0.1137,0.1137,0.0506,0.1111,1.4194,0.6990,-1.2353,6
2026-03-21T04:18:26.929562,6,0.2673,0.2673,0.1583,0.0000,1.0500,-0.2341,1.0235,17
2026-03-21T04:18:26.929562,7,0.0599,0.0522,0.0599,0.0000,0.2820,-0.1241,0.2533,9
2026-03-21T04:18:26.999285,0,0.0582,0.0146,0.0582,0.0000,0.3189,-0.1444,-0.2844,7
2026-03-21T04:18:26.999285,1,0.0802,0.0802,0.0250,0.0000,1.1301,-0.1182,-1.1239,5
2026-03-21T04:18:26.999285,2,0.0914,0.0914,0.0727,0.0000,1.0532,0.0085,-1.0532,6
2026-03-21T04:18:26.999285,3,0.1212,0.0817,0.1212,0.0000,0.9838,0.3598,-0.9157,8
2026-03-21T04:18:26.999285,4,0.0895,0.0895,0.0427,0.1120,1.4170,0.6870,-1.2393,5
2026-03-21T04:18:26.999285,5,0.2840,0.2840,0.1764,0.0000,1.0528,-0.2254,1.0284,18
2026-03-21T04:18:26.999285,6,0.0642,0.0642,0.0572,0.0000,0.2809,-0.1232,0.2524,7
2026-03-21T04:18:27.068746,0,0.0572,0.0165,0.0572,0.0000,0.3145,-0.1424,-0.2804,7
2026-03-21T04:18:27.068746,1,0.0682,0.0682,0.0327,0.0000,1.0463,-0.3233,-0.9951,5
2026-03-21T04:18:27.068746,2,0.0740,0.0740,0.0490,0.0000,1.0585,-0.0004,-1.0585,5
2026-03-21T04:18:27.068746,3,0.1088,0.0927,0.1088,0.0000,0.9882,0.3614,-0.9197,8
2026-03-21T04:18:27.068746,4,0.2856,0.2856,0.1697,0.0000,1.0517,-0.2252,1.0273,18
2026-03-21T04:18:27.068746,5,0.0581,0.0581,0.0533,0.0000,0.2779,-0.1223,0.2496,9
2026-03-21T04:18:27.138899,0,0.0576,0.0215,0.0576,0.0000,0.3199,-0.1449,-0.2852,7
2026-03-21T04:18:27.138899,1,0.0797,0.0797,0.0250,0.0000,1.0511,-0.3425,-0.9937,5
2026-03-21T04:18:27.138899,2,0.0812,0.0812,0.0558,0.0000,1.1305,-0.1181,-1.1243,5
2026-03-21T04:18:27.138899,3,0.0698,0.0698,0.0584,0.0000,1.0259,0.0353,-1.0253,5
2026-03-21T04:18:27.138899,4,0.1014,0.0904,0.1014,0.0000,0.9851,0.3603,-0.9168,8
2026-03-21T04:18:27.138899,5,0.2867,0.2867,0.1628,0.0000,1.0537,-0.2256,1.0293,18
2026-03-21T04:18:27.138899,6,0.0720,0.0720,0.0645,0.0000,0.2824,-0.1244,0.2535,9
2026-03-21T04:18:27.208024,0,0.0585,0.0205,0.0585,0.0000,0.3181,-0.1440,-0.2836,7
2026-03-21T04:18:27.208024,1,0.0928,0.0928,0.0384,0.0000,1.0514,-0.3338,-0.9970,6
2026-03-21T04:18:27.208024,2,0.1191,0.1191,0.0423,0.0000,1.1193,-0.0979,-1.1150,7
2026-03-21T04:18:27.208024,3,0.1048,0.0891,0.1048,0.0000,0.9877,0.3612,-0.9193,8
2026-03-21T04:18:27.208024,4,0.2838,0.2838,0.1754,0.0000,1.0519,-0.2250,1.0276,18
2026-03-21T04:18:27.208024,5,0.0733,0.0733,0.0650,0.0000,0.2907,-0.1281,0.2609,9
2026-03-21T04:18:27.278912,0,0.0549,0.0197,0.0549,0.0000,0.3172,-0.1437,-0.2828,7
2026-03-21T04:18:27.278912,1,0.0789,0.0789,0.0174,0.0000,1.0489,-0.3417,-0.9916,5
2026-03-21T04:18:27.278912,2,0.0718,0.0718,0.0472,0.0000,1.0429,0.0178,-1.0427,5
2026-03-21T04:18:27.278912,3,0.1088,0.0965,0.1088,0.0000,0.9876,0.3613,-0.9191,8
2026-03-21T04:18:27.278912,4,0.2867,0.2867,0.1628,0.0000,1.0516,-0.2252,1.0272,18
2026-03-21T04:18:27.278912,5,0.0604,0.0604,0.0506,0.0000,0.2807,-0.1236,0.2520,9
2026-03-21T04:18:27.347912,0,0.0528,0.0150,0.0528,0.0000,0.3195,-0.1447,-0.2849,7
2026-03-21T04:18:27.347912,1,0.0951,0.0951,0.0288,0.0000,1.0472,-0.3325,-0.9930,6
2026-03-21T04:18:27.347912,2,0.0803,0.0803,0.0350,0.0000,1.1293,-0.1180,-1.1231,5
2026-03-21T04:18:27.347912,3,0.0739,0.0739,0.0520,0.0000,1.0599,-0.0004,-1.0599,5
2026-03-21T04:18:27.347912,4,0.1001,0.1001,0.0833,0.0000,0.9960,0.3646,-0.9268,8
2026-03-21T04:18:27.347912,5,0.2860,0.2860,0.1637,0.0000,1.0524,-0.2253,1.0280,18
2026-03-21T04:18:27.347912,6,0.0585,0.0585,0.0479,0.0000,0.2863,-0.1261,0.2570,9
2026-03-21T04:18:27.417590,0,0.0477,0.0220,0.0477,0.0000,0.3195,-0.1448,-0.2848,7
2026-03-21T04:18:27.417590,1,0.0693,0.0693,0.0327,0.0000,1.0477,-0.3237,-0.9964,5
2026-03-21T04:18:27.417590,2,0.0719,0.0719,0.0465,0.0000,1.0415,0.0177,-1.0413,5
2026-03-21T04:18:27.417590,3,0.0814,0.0814,0.0814,0.0000,0.9803,0.3668,-0.9091,7
2026-03-21T04:18:27.417590,4,0.2882,0.2882,0.1641,0.0000,1.0511,-0.2251,1.0267,18
2026-03-21T04:18:27.417590,5,0.0678,0.0678,0.0577,0.0000,0.2807,-0.1236,0.2520,9
2026-03-21T04:18:27.488026,0,0.0609,0.0152,0.0609,0.0000,0.3208,-0.1453,-0.2860,7
2026-03-21T04:18:27.488026,1,0.0791,0.0791,0.0231,0.0000,1.0481,-0.3415,-0.9909,5
2026-03-21T04:18:27.488026,2,0.0800,0.0800,0.0449,0.0000,1.1279,-0.1178,-1.1217,5
2026-03-21T04:18:27.488026,3,0.0696,0.0696,0.0594,0.0000,1.0271,0.0353,-1.0265,5
2026-03-21T04:18:27.488026,4,0.1146,0.0908,0.1146,0.0000,0.9923,0.3629,-0.9236,8
2026-03-21T04:18:27.488026,5,0.2853,0.2853,0.1656,0.0000,1.0523,-0.2251,1.0280,18
2026-03-21T04:18:27.488026,6,0.0687,0.0687,0.0595,0.0000,0.2833,-0.1250,0.2542,9
2026-03-21T04:18:27.557679,0,0.0512,0.0193,0.0512,0.0000,0.3192,-0.1446,-0.2846,7
2026-03-21T04:18:27.557679,1,0.0944,0.0944,0.0288,0.0000,1.0497,-0.3333,-0.9954,6
2026-03-21T04:18:27.557679,2,0.0798,0.0798,0.0220,0.0000,1.1329,-0.1184,-1.1266,5
2026-03-21T04:18:27.557679,3,0.0884,0.0884,0.0613,0.0000,0.9851,0.3688,-0.9135,7
2026-03-21T04:18:27.557679,4,0.2855,0.2855,0.1666,0.0000,1.0519,-0.2252,1.0275,18
2026-03-21T04:18:27.557679,5,0.0670,0.0670,0.0558,0.0000,0.2875,-0.1267,0.2580,9
2026-03-21T04:18:27.627235,0,0.0630,0.0199,0.0630,0.0000,0.3178,-0.1439,-0.2834,7
2026-03-21T04:18:27.627235,1,0.0707,0.0707,0.0317,0.0000,1.0443,-0.3227,-0.9932,5
2026-03-21T04:18:27.627235,2,0.0788,0.0788,0.0473,0.0000,1.1167,-0.0782,-1.1139,5
2026-03-21T04:18:27.627235,3,0.0698,0.0698,0.0604,0.0000,1.0241,0.0352,-1.0235,5
2026-03-21T04:18:27.627235,4,0.0794,0.0792,0.0794,0.0000,0.9807,0.3670,-0.9094,7
2026-03-21T04:18:27.627235,5,0.2855,0.2855,0.1707,0.0000,1.0520,-0.2251,1.0277,18
2026-03-21T04:18:27.627235,6,0.0654,0.0654,0.0646,0.0000,0.2816,-0.1241,0.2528,9
2026-03-21T04:18:27.696887,0,0.0620,0.0201,0.0620,0.0000,0.3185,-0.1442,-0.2840,7
2026-03-21T04:18:27.696887,1,0.0695,0.0695,0.0553,0.0000,1.0275,0.0354,-1.0269,5
2026-03-21T04:18:27.696887,2,0.0802,0.0802,0.0755,0.0000,0.9847,0.3685,-0.9132,7
2026-03-21T04:18:27.696887,3,0.0903,0.0903,0.0409,0.1084,1.4150,0.6860,-1.2375,5
2026-03-21T04:18:27.696887,4,0.2657,0.2657,0.1569,0.0000,1.0501,-0.2341,1.0237,17
2026-03-21T04:18:27.696887,5,0.0610,0.0589,0.0610,0.0000,0.2848,-0.1247,0.2560,7
2026-03-21T04:18:27.766538,0,0.0478,0.0222,0.0478,0.0000,0.3202,-0.1451,-0.2855,7
2026-03-21T04:18:27.766538,1,0.0963,0.0963,0.0326,0.0000,1.0510,-0.3337,-0.9966,6
2026-03-21T04:18:27.766538,2,0.1023,0.0925,0.1023,0.0000,0.9911,0.3625,-0.9224,8
2026-03-21T04:18:27.766538,3,0.0912,0.0912,0.0391,0.1044,1.4152,0.6862,-1.2377,5
2026-03-21T04:18:27.766538,4,0.2853,0.2853,0.1737,0.0000,1.0542,-0.2256,1.0298,18
2026-03-21T04:18:27.766538,5,0.0646,0.0646,0.0559,0.0000,0.2806,-0.1234,0.2521,7
2026-03-21T04:18:27.835647,0,0.0485,0.0211,0.0485,0.0000,0.3207,-0.1453,-0.2859,7
2026-03-21T04:18:27.835647,1,0.0936,0.0936,0.0346,0.0000,1.0515,-0.3338,-0.9971,6
2026-03-21T04:18:27.835647,2,0.1010,0.1010,0.0280,0.0000,1.1262,-0.1081,-1.1210,6
2026-03-21T04:18:27.835647,3,0.2850,0.2850,0.1655,0.0000,1.0503,-0.2249,1.0259,18
2026-03-21T04:18:27.835647,4,0.0733,0.0672,0.0733,0.0000,0.2839,-0.1233,0.2558,7
2026-03-21T04:18:27.905491,0,0.0576,0.0220,0.0576,0.0000,0.3195,-0.1447,-0.2849,7
2026-03-21T04:18:27.905491,1,0.0796,0.0796,0.0193,0.0000,1.0501,-0.3422,-0.9928,5
2026-03-21T04:18:27.905491,2,0.1044,0.0922,0.1044,0.0000,0.9927,0.3630,-0.9239,8
2026-03-21T04:18:27.905491,3,0.2868,0.2868,0.1728,0.0000,1.0517,-0.2251,1.0273,18
2026-03-21T04:18:27.905491,4,0.0622,0.0622,0.0545,0.0000,0.2783,-0.1225,0.2498,9
2026-03-21T04:18:27.975993,0,0.0550,0.0235,0.0550,0.0000,0.3205,-0.1452,-0.2857,7
2026-03-21T04:18:27.975993,1,0.0929,0.0929,0.0393,0.0000,1.0502,-0.3334,-0.9959,6
2026-03-21T04:18:27.975993,2,0.0695,0.0695,0.0624,0.0000,1.0277,0.0353,-1.0271,5
2026-03-21T04:18:27.975993,3,0.0825,0.0801,0.0825,0.0000,0.9845,0.3683,-0.9131,7
2026-03-21T04:18:27.975993,4,0.2860,0.2860,0.1596,0.0000,1.0529,-0.2255,1.0285,18
2026-03-21T04:18:27.975993,5,0.0663,0.0663,0.0528,0.0000,0.2849,-0.1255,0.2558,9
2026-03-21T04:18:28.045572,0,0.0449,0.0164,0.0449,0.0000,0.3204,-0.1452,-0.2856,7
2026-03-21T04:18:28.045572,1,0.0941,0.0941,0.0365,0.0000,1.0509,-0.3337,-0.9965,6
2026-03-21T04:18:28.045572,2,0.1101,0.0898,0.1101,0.0000,0.9901,0.3621,-0.9215,8
2026-03-21T04:18:28.045572,3,0.2649,0.2649,0.1638,0.0000,1.0482,-0.2336,1.0218,17
2026-03-21T04:18:28.045572,4,0.0693,0.0494,0.0693,0.0000,0.2755,-0.1203,0.2478,7
2026-03-21T04:18:28.114727,0,0.0601,0.0146,0.0601,0.0000,0.3207,-0.1452,-0.2859,7
2026-03-21T04:18:28.114727,1,0.0801,0.0801,0.0339,0.0000,1.1301,-0.1181,-1.1239,5
2026-03-21T04:18:28.114727,2,0.0717,0.0717,0.0492,0.0000,1.0415,0.0177,-1.0413,5
2026-03-21T04:18:28.114727,3,0.0971,0.0912,0.0971,0.0000,0.9815,0.3591,-0.9134,8
2026-03-21T04:18:28.114727,4,0.2850,0.2850,0.1665,0.0000,1.0518,-0.2252,1.0274,18
2026-03-21T04:18:28.114727,5,0.0658,0.0658,0.0651,0.0000,0.2809,-0.1238,0.2522,9
2026-03-21T04:18:28.184889,0,0.0494,0.0183,0.0494,0.0000,0.3199,-0.1449,-0.2852,7
2026-03-21T04:18:28.184889,1,0.0654,0.0654,0.0360,0.0000,1.0431,-0.3222,-0.9921,5
2026-03-21T04:18:28.184889,2,0.1079,0.1079,0.0888,0.0000,1.0408,0.0172,-1.0407,7
2026-03-21T04:18:28.184889,3,0.0578,0.0557,0.0578,0.0000,0.9907,0.3709,-0.9187,5
2026-03-21T04:18:28.184889,4,0.2683,0.2683,0.1577,0.0000,1.0494,-0.2340,1.0230,17
2026-03-21T04:18:28.184889,5,0.0637,0.0637,0.0572,0.0000,0.2834,-0.1248,0.2544,9
2026-03-21T04:18:28.254398,0,0.0563,0.0152,0.0563,0.0000,0.3205,-0.1451,-0.2858,7
2026-03-21T04:18:28.254398,1,0.0918,0.0918,0.0422,0.0000,1.0489,-0.3330,-0.9946,6
2026-03-21T04:18:28.254398,2,0.0801,0.0801,0.0211,0.0000,1.1353,-0.1187,-1.1290,5
2026-03-21T04:18:28.254398,3,0.0740,0.0740,0.0550,0.0000,1.0591,-0.0004,-1.0591,5
2026-03-21T04:18:28.254398,4,0.1096,0.0875,0.1096,0.0000,0.9927,0.3631,-0.9239,8
2026-03-21T04:18:28.254398,5,0.2677,0.2677,0.1565,0.0000,1.0496,-0.2339,1.0232,17
2026-03-21T04:18:28.254398,6,0.0584,0.0584,0.0425,0.0000,0.2860,-0.1259,0.2569,9
2026-03-21T04:18:28.323772,0,0.0520,0.0190,0.0520,0.0000,0.3164,-0.1433,-0.2821,7
2026-03-21T04:18:28.323772,1,0.0775,0.0775,0.0150,0.0000,1.0477,-0.3413,-0.9905,5
2026-03-21T04:18:28.323772,2,0.0697,0.0697,0.0583,0.0000,1.0291,0.0354,-1.0285,5
2026-03-21T04:18:28.323772,3,0.0825,0.0792,0.0825,0.0000,0.9857,0.3686,-0.9142,7
2026-03-21T04:18:28.323772,4,0.2840,0.2840,0.1683,0.0000,1.0519,-0.2251,1.0276,18
2026-03-21T04:18:28.323772,5,0.0603,0.0603,0.0480,0.0000,0.2821,-0.1242,0.2534,9
2026-03-21T04:18:28.392992,0,0.0567,0.0200,0.0567,0.0000,0.3177,-0.1439,-0.2832,7
2026-03-21T04:18:28.392992,1,0.0902,0.0902,0.0432,0.0000,1.0500,-0.3333,-0.9957,6
2026-03-21T04:18:28.392992,2,0.0798,0.0798,0.0439,0.0000,1.1295,-0.1180,-1.1233,5
2026-03-21T04:18:28.392992,3,0.1002,0.0911,0.1002,0.0000,0.9893,0.3619,-0.9208,8
2026-03-21T04:18:28.392992,4,0.2672,0.2672,0.1531,0.0000,1.0485,-0.2338,1.0221,17
2026-03-21T04:18:28.392992,5,0.0602,0.0602,0.0475,0.0000,0.2869,-0.1264,0.2576,9
2026-03-21T04:18:28.462750,0,0.0601,0.0192,0.0601,0.0000,0.3208,-0.1453,-0.2860,7
2026-03-21T04:18:28.462750,1,0.0787,0.0787,0.0155,0.0000,1.0513,-0.3425,-0.9939,5
2026-03-21T04:18:28.462750,2,0.0802,0.0802,0.0310,0.0000,1.1317,-0.1183,-1.1255,5
2026-03-21T04:18:28.462750,3,0.0737,0.0737,0.0650,0.0000,1.0569,-0.0006,-1.0569,5
2026-03-21T04:18:28.462750,4,0.0907,0.0810,0.0907,0.0000,0.9825,0.3676,-0.9112,7
2026-03-21T04:18:28.462750,5,0.2834,0.2834,0.1722,0.0000,1.0525,-0.2253,1.0281,18
2026-03-21T04:18:28.462750,6,0.0558,0.0558,0.0434,0.0000,0.2808,-0.1230,0.2524,7
2026-03-21T04:18:28.532222,0,0.0648,0.0148,0.0648,0.0000,0.3211,-0.1453,-0.2863,7
2026-03-21T04:18:28.532222,1,0.0930,0.0930,0.0336,0.0000,1.0517,-0.3338,-0.9973,6
2026-03-21T04:18:28.532222,2,0.0698,0.0698,0.0554,0.0000,1.0289,0.0354,-1.0283,5
2026-03-21T04:18:28.532222,3,0.0890,0.0890,0.0660,0.0000,0.9873,0.3696,-0.9155,7
2026-03-21T04:18:28.532222,4,0.2849,0.2849,0.1716,0.0000,1.0533,-0.2255,1.0289,18
2026-03-21T04:18:28.532222,5,0.0689,0.0689,0.0582,0.0000,0.2876,-0.1261,0.2585,7
2026-03-21T04:18:28.602485,0,0.0477,0.0173,0.0477,0.0000,0.3209,-0.1454,-0.2861,7
2026-03-21T04:18:28.602485,1,0.0682,0.0682,0.0346,0.0000,1.0443,-0.3227,-0.9932,5
2026-03-21T04:18:28.602485,2,0.0809,0.0776,0.0809,0.0000,0.9807,0.3668,-0.9095,7
2026-03-21T04:18:28.602485,3,0.2854,0.2854,0.1646,0.0000,1.0519,-0.2253,1.0275,18
2026-03-21T04:18:28.602485,4,0.0609,0.0596,0.0609,0.0000,0.2779,-0.1223,0.2496,9
2026-03-21T04:18:28.671517,0,0.0514,0.0264,0.0514,0.0000,0.3197,-0.1448,-0.2850,7
2026-03-21T04:18:28.671517,1,0.0711,0.0711,0.0336,0.0000,1.0447,-0.3228,-0.9935,5
2026-03-21T04:18:28.671517,2,0.1075,0.1075,0.0888,0.0000,1.0404,0.0171,-1.0402,7
2026-03-21T04:18:28.671517,3,0.0801,0.0788,0.0801,0.0000,0.9847,0.3684,-0.9132,7
2026-03-21T04:18:28.671517,4,0.2842,0.2842,0.1694,0.0000,1.0525,-0.2253,1.0281,18
2026-03-21T04:18:28.671517,5,0.0692,0.0604,0.0692,0.0000,0.2822,-0.1241,0.2534,9
2026-03-21T04:18:28.741756,0,0.0403,0.0197,0.0403,0.0000,0.3184,-0.1443,-0.2838,7
2026-03-21T04:18:28.741756,1,0.0795,0.0795,0.0279,0.0000,1.0471,-0.3412,-0.9899,5
2026-03-21T04:18:28.741756,2,0.0696,0.0696,0.0524,0.0000,1.0235,0.0352,-1.0229,5
2026-03-21T04:18:28.741756,3,0.1059,0.0891,0.1059,0.0000,0.9893,0.3619,-0.9208,8
2026-03-21T04:18:28.741756,4,0.0904,0.0904,0.0410,0.1080,1.4168,0.6869,-1.2391,5
2026-03-21T04:18:28.741756,5,0.2838,0.2838,0.1754,0.0000,1.0538,-0.2257,1.0294,18
2026-03-21T04:18:28.741756,6,0.0562,0.0546,0.0562,0.0000,0.2787,-0.1225,0.2503,9
2026-03-21T04:18:28.811666,0,0.0494,0.0154,0.0494,0.0000,0.3181,-0.1441,-0.2836,7
2026-03-21T04:18:28.811666,1,0.0938,0.0938,0.0299,0.0000,1.0514,-0.3338,-0.9970,6
2026-03-21T04:18:28.811666,2,0.0998,0.0998,0.0262,0.0000,1.1313,-0.1085,-1.1261,6
2026-03-21T04:18:28.811666,3,0.0872,0.0872,0.0823,0.0000,0.9831,0.3678,-0.9117,7
2026-03-21T04:18:28.811666,4,0.0909,0.0909,0.0401,0.1080,1.4160,0.6866,-1.2384,5
2026-03-21T04:18:28.811666,5,0.2865,0.2865,0.1648,0.0000,1.0525,-0.2254,1.0281,18
2026-03-21T04:18:28.811666,6,0.0658,0.0658,0.0591,0.0000,0.2810,-0.1237,0.2524,9
2026-03-21T04:18:28.880577,0,0.0610,0.0168,0.0610,0.0000,0.3195,-0.1446,-0.2849,7
2026-03-21T04:18:28.880577,1,0.0777,0.0777,0.0140,0.0000,1.0471,-0.3411,-0.9900,5
2026-03-21T04:18:28.880577,2,0.1201,0.1201,0.0950,0.0000,0.9922,0.3712,-0.9202,9
2026-03-21T04:18:28.880577,3,0.0913,0.0913,0.0392,0.1062,1.4166,0.6868,-1.2389,5
2026-03-21T04:18:28.880577,4,0.2875,0.2875,0.1622,0.0000,1.0523,-0.2253,1.0279,18
2026-03-21T04:18:28.880577,5,0.0559,0.0559,0.0483,0.0000,0.2849,-0.1255,0.2558,9
2026-03-21T04:18:28.951282,0,0.0484,0.0183,0.0484,0.0000,0.3152,-0.1428,-0.2810,7
2026-03-21T04:18:28.951282,1,0.0852,0.0852,0.0511,0.0000,1.0507,-0.3157,-1.0021,6
2026-03-21T04:18:28.951282,2,0.1085,0.0876,0.1085,0.0000,0.9831,0.3596,-0.9150,8
2026-03-21T04:18:28.951282,3,0.2855,0.2855,0.1666,0.0000,1.0523,-0.2253,1.0279,18
2026-03-21T04:18:28.951282,4,0.0559,0.0559,0.0462,0.0000,0.2806,-0.1235,0.2519,9
2026-03-21T04:18:29.020710,0,0.0512,0.0186,0.0512,0.0000,0.3209,-0.1453,-0.2861,7
2026-03-21T04:18:29.020710,1,0.0810,0.0810,0.0240,0.0000,1.0501,-0.3422,-0.9928,5
2026-03-21T04:18:29.020710,2,0.0817,0.0817,0.0222,0.0000,1.1337,-0.1186,-1.1274,5
2026-03-21T04:18:29.020710,3,0.0740,0.0740,0.0620,0.0000,1.0597,-0.0005,-1.0597,5
2026-03-21T04:18:29.020710,4,0.1009,0.0969,0.1009,0.0000,0.9976,0.3649,-0.9284,8
2026-03-21T04:18:29.020710,5,0.0882,0.0882,0.0455,0.1142,1.4188,0.6879,-1.2409,5
2026-03-21T04:18:29.020710,6,0.2855,0.2855,0.1666,0.0000,1.0525,-0.2253,1.0281,18
2026-03-21T04:18:29.020710,7,0.0712,0.0712,0.0671,0.0000,0.2798,-0.1230,0.2513,7
2026-03-21T04:18:29.090715,0,0.0564,0.0137,0.0564,0.0000,0.3199,-0.1448,-0.2853,7
2026-03-21T04:18:29.090715,1,0.0628,0.0628,0.0335,0.0000,1.0071,0.3444,-0.9464,5
2026-03-21T04:18:29.090715,2,0.2660,0.2660,0.1630,0.0000,1.0488,-0.2338,1.0224,17
2026-03-21T04:18:29.090715,3,0.0576,0.0576,0.0519,0.0000,0.2862,-0.1260,0.2569,9
2026-03-21T04:18:29.161256,0,0.0660,0.0135,0.0660,0.0000,0.3151,-0.1426,-0.2810,7
2026-03-21T04:18:29.161256,1,0.0808,0.0808,0.0231,0.0000,1.0473,-0.3413,-0.9901,5
2026-03-21T04:18:29.161256,2,0.0740,0.0740,0.0540,0.0000,1.0597,-0.0005,-1.0597,5
2026-03-21T04:18:29.161256,3,0.0973,0.0973,0.0944,0.0000,0.9913,0.3627,-0.9226,8
2026-03-21T04:18:29.161256,4,0.2650,0.2650,0.1588,0.0000,1.0483,-0.2337,1.0219,17
2026-03-21T04:18:29.161256,5,0.0640,0.0640,0.0531,0.0000,0.2888,-0.1269,0.2594,7
2026-03-21T04:18:29.230345,0,0.0664,0.0174,0.0664,0.0000,0.3179,-0.1439,-0.2835,7
2026-03-21T04:18:29.230345,1,0.0910,0.0910,0.0627,0.0000,1.0482,0.0086,-1.0482,6
2026-03-21T04:18:29.230345,2,0.0837,0.0837,0.0683,0.0000,0.9807,0.3670,-0.9094,7
2026-03-21T04:18:29.230345,3,0.2841,0.2841,0.1744,0.0000,1.0521,-0.2251,1.0277,18
2026-03-21T04:18:29.230345,4,0.0624,0.0624,0.0591,0.0000,0.2853,-0.1256,0.2561,9
2026-03-21T04:18:29.300270,0,0.0649,0.0217,0.0649,0.0000,0.3208,-0.1453,-0.2860,7
2026-03-21T04:18:29.300270,1,0.0691,0.0691,0.0403,0.0000,1.0461,-0.3232,-0.9949,5
2026-03-21T04:18:29.300270,2,0.0762,0.0762,0.0526,0.0000,1.0757,-0.0193,-1.0755,5
2026-03-21T04:18:29.300270,3,0.0338,0.0338,0.0288,0.0000,1.0106,0.0527,-1.0092,3
2026-03-21T04:18:29.300270,4,0.1033,0.0911,0.1033,0.0000,0.9865,0.3608,-0.9181,8
2026-03-21T04:18:29.300270,5,0.0861,0.0861,0.0488,0.1124,1.4160,0.6865,-1.2384,5
2026-03-21T04:18:29.300270,6,0.2667,0.2667,0.1551,0.0000,1.0487,-0.2337,1.0224,17
2026-03-21T04:18:29.300270,7,0.0668,0.0668,0.0570,0.0000,0.2812,-0.1235,0.2526,7
2026-03-21T04:18:29.369942,0,0.0450,0.0263,0.0450,0.0000,0.3195,-0.1448,-0.2848,7
2026-03-21T04:18:29.369942,1,0.0931,0.0931,0.0355,0.0000,1.0507,-0.3336,-0.9963,6
2026-03-21T04:18:29.369942,2,0.1016,0.1016,0.0253,0.0000,1.1318,-0.1087,-1.1266,6
2026-03-21T04:18:29.369942,3,0.1070,0.1070,0.0997,0.0000,1.0388,0.0170,-1.0387,7
2026-03-21T04:18:29.369942,4,0.0875,0.0875,0.0687,0.0000,0.9881,0.3698,-0.9163,7
2026-03-21T04:18:29.369942,5,0.0866,0.0866,0.0480,0.1124,1.4152,0.6861,-1.2377,5
2026-03-21T04:18:29.369942,6,0.2873,0.2873,0.1633,0.0000,1.0522,-0.2254,1.0278,18
2026-03-21T04:18:29.438738,0,0.0629,0.0139,0.0629,0.0000,0.3178,-0.1438,-0.2834,7
2026-03-21T04:18:29.438738,1,0.0788,0.0788,0.0493,0.0000,1.1175,-0.0783,-1.1147,5
2026-03-21T04:18:29.438738,2,0.1226,0.0945,0.1226,0.0000,0.9855,0.3604,-0.9172,8
2026-03-21T04:18:29.438738,3,0.2653,0.2653,0.1559,0.0000,1.0497,-0.2340,1.0233,17
2026-03-21T04:18:29.438738,4,0.0553,0.0553,0.0388,0.0000,0.2879,-0.1261,0.2588,7
2026-03-21T04:18:29.508905,0,0.0576,0.0188,0.0576,0.0000,0.3184,-0.1442,-0.2839,7
2026-03-21T04:18:29.508905,1,0.0795,0.0795,0.0222,0.0000,1.0479,-0.3415,-0.9907,5
2026-03-21T04:18:29.508905,2,0.0983,0.0983,0.0343,0.0000,1.1163,-0.0877,-1.1129,6
2026-03-21T04:18:29.508905,3,0.0696,0.0696,0.0584,0.0000,1.0259,0.0353,-1.0253,5
2026-03-21T04:18:29.508905,4,0.0847,0.0847,0.0676,0.0000,0.9815,0.3673,-0.9102,7
2026-03-21T04:18:29.508905,5,0.2305,0.2305,0.1280,0.0000,1.0417,-0.2507,1.0111,15
2026-03-21T04:18:29.508905,6,0.0678,0.0678,0.0609,0.0000,0.2833,-0.1247,0.2543,9
2026-03-21T04:18:29.577551,0,0.0467,0.0171,0.0467,0.0000,0.3187,-0.1443,-0.2841,7
2026-03-21T04:18:29.577551,1,0.1005,0.1005,0.0242,0.0000,1.1278,-0.1083,-1.1226,6
2026-03-21T04:18:29.577551,2,0.1079,0.1079,0.0928,0.0000,1.0432,0.0171,-1.0431,7
2026-03-21T04:18:29.577551,3,0.0854,0.0854,0.0666,0.0000,0.9815,0.3673,-0.9102,7
2026-03-21T04:18:29.577551,4,0.2659,0.2659,0.1579,0.0000,1.0480,-0.2336,1.0216,17
2026-03-21T04:18:29.577551,5,0.0702,0.0627,0.0702,0.0000,0.2837,-0.1247,0.2548,9
2026-03-21T04:18:29.647924,0,0.0522,0.0234,0.0522,0.0000,0.3192,-0.1446,-0.2846,7
2026-03-21T04:18:29.647924,1,0.0789,0.0789,0.0231,0.0000,1.0495,-0.3420,-0.9922,5
2026-03-21T04:18:29.647924,2,0.1076,0.0880,0.1076,0.0000,0.9851,0.3603,-0.9168,8
2026-03-21T04:18:29.647924,3,0.2820,0.2820,0.1750,0.0000,1.0521,-0.2251,1.0277,18
2026-03-21T04:18:29.647924,4,0.0648,0.0648,0.0536,0.0000,0.2789,-0.1230,0.2503,9
2026-03-21T04:18:29.717003,0,0.0415,0.0232,0.0415,0.0000,0.3212,-0.1456,-0.2863,7
2026-03-21T04:18:29.717003,1,0.0920,0.0920,0.0356,0.0000,1.0514,-0.3338,-0.9970,6
2026-03-21T04:18:29.717003,2,0.0693,0.0693,0.0594,0.0000,1.0241,0.0352,-1.0235,5
2026-03-21T04:18:29.717003,3,0.0945,0.0945,0.0943,0.0000,0.9903,0.3624,-0.9216,8
2026-03-21T04:18:29.717003,4,0.2855,0.2855,0.1676,0.0000,1.0526,-0.2253,1.0282,18
2026-03-21T04:18:29.717003,5,0.0668,0.0668,0.0559,0.0000,0.2826,-0.1244,0.2537,9
2026-03-21T04:18:29.786609,0,0.0671,0.0167,0.0671,0.0000,0.3175,-0.1437,-0.2831,7
2026-03-21T04:18:29.786609,1,0.0934,0.0934,0.0346,0.0000,1.0525,-0.3342,-0.9981,6
2026-03-21T04:18:29.786609,2,0.1057,0.0885,0.1057,0.0000,0.9905,0.3623,-0.9218,8
2026-03-21T04:18:29.786609,3,0.2842,0.2842,0.1684,0.0000,1.0536,-0.2255,1.0291,18
2026-03-21T04:18:29.786609,4,0.0575,0.0575,0.0470,0.0000,0.2807,-0.1237,0.2520,9
2026-03-21T04:18:29.856555,0,0.0565,0.0206,0.0565,0.0000,0.3184,-0.1442,-0.2838,7
2026-03-21T04:18:29.856555,1,0.1204,0.1204,0.0324,0.0000,1.1232,-0.0983,-1.1189,7
2026-03-21T04:18:29.856555,2,0.0722,0.0690,0.0722,0.0000,1.0273,0.0352,-1.0267,5
2026-03-21T04:18:29.856555,3,0.1355,0.0968,0.1355,0.0000,0.9937,0.3549,-0.9281,9
2026-03-21T04:18:29.856555,4,0.2844,0.2844,0.1704,0.0000,1.0534,-0.2254,1.0290,18
2026-03-21T04:18:29.856555,5,0.0606,0.0606,0.0489,0.0000,0.2815,-0.1233,0.2530,7
2026-03-21T04:18:29.926513,0,0.0511,0.0191,0.0511,0.0000,0.3185,-0.1443,-0.2839,7
2026-03-21T04:18:29.926513,1,0.0812,0.0812,0.0248,0.0000,1.1347,-0.1187,-1.1284,5
2026-03-21T04:18:29.926513,2,0.0702,0.0702,0.0465,0.0000,1.0287,0.0354,-1.0281,5
2026-03-21T04:18:29.926513,3,0.0904,0.0904,0.0719,0.0000,0.9841,0.3683,-0.9126,7
2026-03-21T04:18:29.926513,4,0.2843,0.2843,0.1724,0.0000,1.0533,-0.2254,1.0289,18
2026-03-21T04:18:29.926513,5,0.0651,0.0651,0.0619,0.0000,0.2856,-0.1257,0.2564,9
2026-03-21T04:18:29.996937,0,0.0465,0.0194,0.0465,0.0000,0.3152,-0.1428,-0.2810,7
2026-03-21T04:18:29.996937,1,0.0920,0.0920,0.0365,0.0000,1.0527,-0.3342,-0.9982,6
2026-03-21T04:18:29.996937,2,0.0694,0.0694,0.0604,0.0000,1.0265,0.0353,-1.0259,5
2026-03-21T04:18:29.996937,3,0.0811,0.0781,0.0811,0.0000,0.9845,0.3682,-0.9131,7
2026-03-21T04:18:29.996937,4,0.2860,0.2860,0.1650,0.0000,1.0514,-0.2250,1.0270,18
2026-03-21T04:18:29.996937,5,0.0644,0.0644,0.0591,0.0000,0.2818,-0.1235,0.2533,7
2026-03-21T04:18:30.066684,0,0.0575,0.0195,0.0575,0.0000,0.3197,-0.1448,-0.2850,7
2026-03-21T04:18:30.066684,1,0.1144,0.1144,0.0403,0.0000,1.0572,-0.3446,-0.9995,7
2026-03-21T04:18:30.066684,2,0.0808,0.0808,0.0746,0.0000,0.9834,0.3679,-0.9120,7
2026-03-21T04:18:30.066684,3,0.2844,0.2844,0.1664,0.0000,1.0502,-0.2249,1.0258,18
2026-03-21T04:18:30.066684,4,0.0741,0.0741,0.0739,0.0000,0.2899,-0.1285,0.2599,7
2026-03-21T04:18:30.136683,0,0.0612,0.0181,0.0612,0.0000,0.3172,-0.1436,-0.2829,7
2026-03-21T04:18:30.136683,1,0.0781,0.0781,0.0217,0.0000,1.0511,-0.3425,-0.9937,5
2026-03-21T04:18:30.136683,2,0.0930,0.0930,0.0532,0.0000,1.1243,-0.1270,-1.1171,6
2026-03-21T04:18:30.136683,3,0.0742,0.0742,0.0590,0.0000,1.0595,-0.0005,-1.0595,5
2026-03-21T04:18:30.136683,4,0.0990,0.0927,0.0990,0.0000,0.9911,0.3625,-0.9224,8
2026-03-21T04:18:30.136683,5,0.2857,0.2857,0.1660,0.0000,1.0528,-0.2254,1.0284,18
2026-03-21T04:18:30.136683,6,0.0601,0.0601,0.0425,0.0000,0.2858,-0.1260,0.2565,9
2026-03-21T04:18:30.206407,0,0.0384,0.0188,0.0384,0.0000,0.3178,-0.1441,-0.2833,7
2026-03-21T04:18:30.206407,1,0.0784,0.0784,0.0221,0.0000,1.0505,-0.3423,-0.9932,5
2026-03-21T04:18:30.206407,2,0.1023,0.1023,0.0331,0.0000,1.1293,-0.1085,-1.1241,6
2026-03-21T04:18:30.206407,3,0.0739,0.0739,0.0630,0.0000,1.0579,-0.0005,-1.0579,5
2026-03-21T04:18:30.206407,4,0.0828,0.0828,0.0715,0.0000,0.9858,0.3688,-0.9142,7
2026-03-21T04:18:30.206407,5,0.2852,0.2852,0.1676,0.0000,1.0508,-0.2249,1.0264,18
2026-03-21T04:18:30.206407,6,0.0609,0.0609,0.0479,0.0000,0.2796,-0.1230,0.2511,9
2026-03-21T04:18:30.276210,0,0.0522,0.0183,0.0522,0.0000,0.3209,-0.1453,-0.2861,7
2026-03-21T04:18:30.276210,1,0.1245,0.1245,0.0941,0.0000,1.0332,0.0258,-1.0329,8
2026-03-21T04:18:30.276210,2,0.0819,0.0819,0.0719,0.0000,0.9834,0.3680,-0.9120,7
2026-03-21T04:18:30.276210,3,0.2680,0.2680,0.1577,0.0000,1.0498,-0.2341,1.0234,17
2026-03-21T04:18:30.276210,4,0.0675,0.0675,0.0556,0.0000,0.2915,-0.1285,0.2616,9
2026-03-21T04:18:30.345198,0,0.0487,0.0221,0.0487,0.0000,0.3195,-0.1448,-0.2848,7
2026-03-21T04:18:30.345198,1,0.0689,0.0689,0.0422,0.0000,1.0425,-0.3221,-0.9915,5
2026-03-21T04:18:30.345198,2,0.1235,0.1235,0.0909,0.0000,0.9875,0.3695,-0.9158,9
2026-03-21T04:18:30.345198,3,0.2851,0.2851,0.1645,0.0000,1.0522,-0.2253,1.0278,18
2026-03-21T04:18:30.345198,4,0.0776,0.0776,0.0773,0.0000,0.2828,-0.1246,0.2539,9
2026-03-21T04:18:30.414255,0,0.0513,0.0232,0.0513,0.0000,0.3187,-0.1444,-0.2841,7
2026-03-21T04:18:30.414255,1,0.0926,0.0926,0.0336,0.0000,1.0492,-0.3330,-0.9949,6
2026-03-21T04:18:30.414255,2,0.0716,0.0716,0.0532,0.0000,1.0403,0.0177,-1.0401,5
2026-03-21T04:18:30.414255,3,0.0964,0.0964,0.0599,0.0000,0.9831,0.3681,-0.9116,7
2026-03-21T04:18:30.414255,4,0.2859,0.2859,0.1616,0.0000,1.0527,-0.2253,1.0283,18
2026-03-21T04:18:30.414255,5,0.0678,0.0678,0.0620,0.0000,0.2864,-0.1260,0.2572,9
2026-03-21T04:18:30.484935,0,0.0593,0.0184,0.0593,0.0000,0.3187,-0.1443,-0.2841,7
2026-03-21T04:18:30.484935,1,0.0704,0.0704,0.0355,0.0000,1.0455,-0.3231,-0.9943,5
2026-03-21T04:18:30.484935,2,0.0790,0.0790,0.0288,0.0000,1.1259,-0.0982,-1.1216,5
2026-03-21T04:18:30.484935,3,0.0971,0.0746,0.0971,0.0000,0.9948,0.3559,-0.9290,7
2026-03-21T04:18:30.484935,4,0.0894,0.0894,0.0427,0.1055,1.4174,0.6872,-1.2396,5
2026-03-21T04:18:30.484935,5,0.2674,0.2674,0.1502,0.0000,1.0484,-0.2339,1.0220,17
2026-03-21T04:18:30.484935,6,0.0597,0.0597,0.0468,0.0000,0.2870,-0.1264,0.2577,9
2026-03-21T04:18:30.553152,0,0.0478,0.0211,0.0478,0.0000,0.3204,-0.1452,-0.2856,7
2026-03-21T04:18:30.553152,1,0.0952,0.0952,0.0261,0.0000,1.0515,-0.3339,-0.9971,6
2026-03-21T04:18:30.553152,2,0.0768,0.0768,0.0345,0.0000,1.1207,-0.0976,-1.1164,5
2026-03-21T04:18:30.553152,3,0.0693,0.0693,0.0573,0.0000,1.0245,0.0352,-1.0239,5
2026-03-21T04:18:30.553152,4,0.1027,0.1024,0.1027,0.0000,0.9943,0.3639,-0.9253,8
2026-03-21T04:18:30.553152,5,0.0908,0.0908,0.0401,0.1046,1.4160,0.6865,-1.2384,5
2026-03-21T04:18:30.553152,6,0.2858,0.2858,0.1677,0.0000,1.0525,-0.2254,1.0281,18
2026-03-21T04:18:30.553152,7,0.0632,0.0632,0.0499,0.0000,0.2820,-0.1243,0.2532,9
2026-03-21T04:18:30.622917,0,0.0562,0.0143,0.0562,0.0000,0.3168,-0.1434,-0.2825,7
2026-03-21T04:18:30.622917,1,0.0807,0.0807,0.0184,0.0000,1.0487,-0.3417,-0.9914,5
2026-03-21T04:18:30.622917,2,0.1012,0.1012,0.0224,0.0000,1.1290,-0.1084,-1.1238,6
2026-03-21T04:18:30.622917,3,0.0738,0.0738,0.0580,0.0000,1.0587,-0.0005,-1.0587,5
2026-03-21T04:18:30.622917,4,0.1165,0.0926,0.1165,0.0000,0.9912,0.3625,-0.9225,8
2026-03-21T04:18:30.622917,5,0.0905,0.0905,0.0410,0.1073,1.4172,0.6871,-1.2395,5
2026-03-21T04:18:30.622917,6,0.2852,0.2852,0.1635,0.0000,1.0518,-0.2251,1.0274,18
2026-03-21T04:18:30.622917,7,0.0584,0.0584,0.0536,0.0000,0.2793,-0.1227,0.2509,9
2026-03-21T04:18:30.693196,0,0.0530,0.0236,0.0530,0.0000,0.3175,-0.1439,-0.2830,7
2026-03-21T04:18:30.693196,1,0.0716,0.0716,0.0602,0.0000,1.0413,0.0176,-1.0411,5
2026-03-21T04:18:30.693196,2,0.1132,0.0858,0.1132,0.0000,0.9911,0.3624,-0.9224,8
2026-03-21T04:18:30.693196,3,0.2655,0.2655,0.1568,0.0000,1.0491,-0.2338,1.0227,17
2026-03-21T04:18:30.693196,4,0.0715,0.0715,0.0636,0.0000,0.2889,-0.1274,0.2593,9
2026-03-21T04:18:30.762401,0,0.0549,0.0182,0.0549,0.0000,0.3162,-0.1432,-0.2820,7
2026-03-21T04:18:30.762401,1,0.0676,0.0676,0.0432,0.0000,1.0465,-0.3233,-0.9953,5
2026-03-21T04:18:30.762401,2,0.0809,0.0809,0.0330,0.0000,1.1323,-0.1184,-1.1260,5
2026-03-21T04:18:30.762401,3,0.1011,0.0945,0.1011,0.0000,0.9871,0.3611,-0.9187,8
2026-03-21T04:18:30.762401,4,0.0894,0.0894,0.0427,0.1064,1.4168,0.6869,-1.2391,5
2026-03-21T04:18:30.762401,5,0.2838,0.2838,0.1754,0.0000,1.0538,-0.2255,1.0294,18
2026-03-21T04:18:30.762401,6,0.0761,0.0761,0.0747,0.0000,0.2905,-0.1281,0.2607,9
2026-03-21T04:18:30.832491,0,0.0565,0.0165,0.0565,0.0000,0.3171,-0.1435,-0.2827,7
2026-03-21T04:18:30.832491,1,0.0781,0.0781,0.0170,0.0000,1.0509,-0.3424,-0.9935,5
2026-03-21T04:18:30.832491,2,0.0796,0.0796,0.0359,0.0000,1.1299,-0.1180,-1.1237,5
2026-03-21T04:18:30.832491,3,0.0696,0.0696,0.0624,0.0000,1.0269,0.0353,-1.0263,5
2026-03-21T04:18:30.832491,4,0.1185,0.1185,0.1179,0.0000,0.9911,0.3706,-0.9192,9
2026-03-21T04:18:30.832491,5,0.2839,0.2839,0.1734,0.0000,1.0520,-0.2251,1.0276,18
2026-03-21T04:18:30.832491,6,0.0631,0.0631,0.0477,0.0000,0.2796,-0.1232,0.2510,9
2026-03-21T04:18:30.902162,0,0.0520,0.0164,0.0520,0.0000,0.3194,-0.1446,-0.2848,7
2026-03-21T04:18:30.902162,1,0.0729,0.0729,0.0365,0.0000,1.0463,-0.3234,-0.9951,5
2026-03-21T04:18:30.902162,2,0.0793,0.0793,0.0262,0.0000,1.1235,-0.0980,-1.1192,5
2026-03-21T04:18:30.902162,3,0.0798,0.0798,0.0742,0.0000,0.9790,0.3663,-0.9078,7
2026-03-21T04:18:30.902162,4,0.2838,0.2838,0.1703,0.0000,1.0520,-0.2250,1.0277,18
2026-03-21T04:18:30.902162,5,0.0584,0.0584,0.0498,0.0000,0.2816,-0.1238,0.2529,9
2026-03-21T04:18:30.972189,0,0.0457,0.0166,0.0457,0.0000,0.3187,-0.1444,-0.2841,7
2026-03-21T04:18:30.972189,1,0.0675,0.0675,0.0346,0.0000,1.0439,-0.3225,-0.9928,5
2026-03-21T04:18:30.972189,2,0.1212,0.1212,0.0393,0.0000,1.1233,-0.0983,-1.1190,7
2026-03-21T04:18:30.972189,3,0.0695,0.0695,0.0664,0.0000,1.0281,0.0353,-1.0275,5
2026-03-21T04:18:30.972189,4,0.1041,0.0898,0.1041,0.0000,0.9903,0.3623,-0.9217,8
2026-03-21T04:18:30.972189,5,0.2865,0.2865,0.1618,0.0000,1.0537,-0.2256,1.0292,18
2026-03-21T04:18:30.972189,6,0.0644,0.0644,0.0631,0.0000,0.2921,-0.1286,0.2623,9
2026-03-21T04:18:31.040865,0,0.0546,0.0193,0.0546,0.0000,0.3181,-0.1441,-0.2836,7
2026-03-21T04:18:31.040865,1,0.0786,0.0786,0.0379,0.0000,1.1301,-0.1180,-1.1239,5
2026-03-21T04:18:31.040865,2,0.0832,0.0832,0.0702,0.0000,0.9881,0.3698,-0.9163,7
2026-03-21T04:18:31.040865,3,0.2841,0.2841,0.1663,0.0000,1.0519,-0.2251,1.0276,18
2026-03-21T04:18:31.040865,4,0.0659,0.0659,0.0552,0.0000,0.2799,-0.1216,0.2522,7
2026-03-21T04:18:31.110532,0,0.0458,0.0234,0.0458,0.0000,0.3171,-0.1437,-0.2826,7
2026-03-21T04:18:31.110532,1,0.0921,0.0921,0.0366,0.0000,1.0515,-0.3338,-0.9971,6
2026-03-21T04:18:31.110532,2,0.0809,0.0809,0.0389,0.0000,1.1337,-0.1185,-1.1274,5
2026-03-21T04:18:31.110532,3,0.0907,0.0907,0.0777,0.0000,1.0489,0.0084,-1.0488,6
2026-03-21T04:18:31.110532,4,0.1042,0.1042,0.0898,0.0000,1.0002,0.3660,-0.9308,8
2026-03-21T04:18:31.110532,5,0.2672,0.2672,0.1562,0.0000,1.0499,-0.2341,1.0235,17
2026-03-21T04:18:31.110532,6,0.0635,0.0635,0.0486,0.0000,0.2843,-0.1252,0.2552,9
2026-03-21T04:18:31.180000,0,0.0510,0.0184,0.0510,0.0000,0.3191,-0.1446,-0.2845,7
2026-03-21T04:18:31.180000,1,0.0693,0.0693,0.0365,0.0000,1.0463,-0.3233,-0.9951,5
2026-03-21T04:18:31.180000,2,0.0698,0.0698,0.0554,0.0000,1.0255,0.0352,-1.0249,5
2026-03-21T04:18:31.180000,3,0.0968,0.0933,0.0968,0.0000,0.9978,0.3651,-0.9286,8
2026-03-21T04:18:31.180000,4,0.2850,0.2850,0.1665,0.0000,1.0524,-0.2253,1.0280,18
2026-03-21T04:18:31.180000,5,0.0678,0.0678,0.0565,0.0000,0.2840,-0.1252,0.2549,9
2026-03-21T04:18:31.250376,0,0.0422,0.0216,0.0422,0.0000,0.3177,-0.1440,-0.2832,7
2026-03-21T04:18:31.250376,1,0.0698,0.0698,0.0336,0.0000,1.0441,-0.3226,-0.9930,5
2026-03-21T04:18:31.250376,2,0.0408,0.0093,0.0408,0.0000,0.1444,-0.0274,-0.1417,5
2026-03-21T04:18:31.250376,3,0.1208,0.1208,0.1021,0.0000,0.9888,0.3698,-0.9170,9
2026-03-21T04:18:31.250376,4,0.0904,0.0904,0.0410,0.1064,1.4170,0.6870,-1.2393,5
2026-03-21T04:18:31.250376,5,0.2673,0.2673,0.1522,0.0000,1.0480,-0.2337,1.0217,17
2026-03-21T04:18:31.250376,6,0.0698,0.0698,0.0601,0.0000,0.2870,-0.1265,0.2577,9
2026-03-21T04:18:31.320479,0,0.0450,0.0208,0.0450,0.0000,0.3189,-0.1445,-0.2843,7
2026-03-21T04:18:31.320479,1,0.0908,0.0908,0.0807,0.0000,1.0497,0.0084,-1.0497,6
2026-03-21T04:18:31.320479,2,0.0827,0.0827,0.0732,0.0000,0.9853,0.3687,-0.9137,7
2026-03-21T04:18:31.320479,3,0.2860,0.2860,0.1647,0.0000,1.0531,-0.2254,1.0287,18
2026-03-21T04:18:31.320479,4,0.0714,0.0714,0.0659,0.0000,0.2833,-0.1244,0.2546,7
2026-03-21T04:18:31.390998,0,0.0503,0.0210,0.0503,0.0000,0.3172,-0.1437,-0.2828,7
2026-03-21T04:18:31.390998,1,0.1061,0.1061,0.0309,0.0000,1.0582,-0.3538,-0.9973,6
2026-03-21T04:18:31.390998,2,0.0786,0.0786,0.0282,0.0000,1.1235,-0.0980,-1.1192,5
2026-03-21T04:18:31.390998,3,0.1074,0.1074,0.0918,0.0000,1.0404,0.0171,-1.0402,7
2026-03-21T04:18:31.390998,4,0.1043,0.0969,0.1043,0.0000,0.9912,0.3626,-0.9225,8
2026-03-21T04:18:31.390998,5,0.0894,0.0894,0.0436,0.0985,1.4198,0.7100,-1.2295,5
2026-03-21T04:18:31.390998,6,0.2841,0.2841,0.1704,0.0000,1.0518,-0.2251,1.0274,18
2026-03-21T04:18:31.390998,7,0.0768,0.0764,0.0768,0.0000,0.2841,-0.1250,0.2551,7
2026-03-21T04:18:31.460175,0,0.0494,0.0176,0.0494,0.0000,0.3195,-0.1447,-0.2849,7
2026-03-21T04:18:31.460175,1,0.0685,0.0685,0.0356,0.0000,1.0495,-0.3243,-0.9981,5
2026-03-21T04:18:31.460175,2,0.0802,0.0802,0.0260,0.0000,1.1337,-0.1185,-1.1274,5
2026-03-21T04:18:31.460175,3,0.0696,0.0696,0.0564,0.0000,1.0275,0.0353,-1.0269,5
2026-03-21T04:18:31.460175,4,0.1126,0.0873,0.1126,0.0000,0.9900,0.3620,-0.9214,8
2026-03-21T04:18:31.460175,5,0.2684,0.2684,0.1536,0.0000,1.0492,-0.2339,1.0228,17
2026-03-21T04:18:31.460175,6,0.0684,0.0592,0.0684,0.0000,0.2806,-0.1233,0.2521,9
2026-03-21T04:18:31.528939,0,0.0558,0.0231,0.0558,0.0000,0.3172,-0.1437,-0.2828,7
2026-03-21T04:18:31.528939,1,0.0707,0.0707,0.0336,0.0000,1.0439,-0.3226,-0.9928,5
2026-03-21T04:18:31.528939,2,0.0737,0.0737,0.0540,0.0000,1.0563,-0.0004,-1.0563,5
2026-03-21T04:18:31.528939,3,0.1205,0.0827,0.1205,0.0000,0.9898,0.3619,-0.9213,8
2026-03-21T04:18:31.528939,4,0.0894,0.0894,0.0427,0.1055,1.4146,0.6858,-1.2372,5
2026-03-21T04:18:31.528939,5,0.2853,0.2853,0.1656,0.0000,1.0527,-0.2254,1.0282,18
2026-03-21T04:18:31.528939,6,0.0660,0.0660,0.0572,0.0000,0.2830,-0.1246,0.2541,9
2026-03-21T04:18:31.599471,0,0.0574,0.0147,0.0574,0.0000,0.3218,-0.1457,-0.2869,7
2026-03-21T04:18:31.599471,1,0.0712,0.0712,0.0682,0.0000,1.0393,0.0176,-1.0391,5
2026-03-21T04:18:31.599471,2,0.0980,0.0955,0.0980,0.0000,0.9966,0.3647,-0.9275,8
2026-03-21T04:18:31.599471,3,0.2849,0.2849,0.1675,0.0000,1.0524,-0.2253,1.0281,18
2026-03-21T04:18:31.599471,4,0.0597,0.0597,0.0489,0.0000,0.2833,-0.1244,0.2546,7
2026-03-21T04:18:31.668018,0,0.0548,0.0205,0.0548,0.0000,0.3212,-0.1455,-0.2864,7
2026-03-21T04:18:31.668018,1,0.0705,0.0705,0.0365,0.0000,1.0453,-0.3230,-0.9941,5
2026-03-21T04:18:31.668018,2,0.0706,0.0706,0.0564,0.0000,1.0297,0.0355,-1.0291,5
2026-03-21T04:18:31.668018,3,0.1035,0.0920,0.1035,0.0000,0.9942,0.3636,-0.9253,8
2026-03-21T04:18:31.668018,4,0.2671,0.2671,0.1572,0.0000,1.0485,-0.2337,1.0221,17
2026-03-21T04:18:31.668018,5,0.0602,0.0602,0.0447,0.0000,0.2760,-0.1216,0.2478,9
2026-03-21T04:18:31.738234,0,0.0508,0.0131,0.0508,0.0000,0.3162,-0.1432,-0.2820,7
2026-03-21T04:18:31.738234,1,0.0799,0.0799,0.0183,0.0000,1.0507,-0.3424,-0.9933,5
2026-03-21T04:18:31.738234,2,0.0866,0.0866,0.0619,0.0000,0.9863,0.3692,-0.9146,7
2026-03-21T04:18:31.738234,3,0.2858,0.2858,0.1739,0.0000,1.0528,-0.2252,1.0285,18
2026-03-21T04:18:31.808598,0,0.0627,0.0181,0.0627,0.0000,0.3195,-0.1447,-0.2849,7
2026-03-21T04:18:31.808598,1,0.0691,0.0691,0.0365,0.0000,1.0445,-0.3227,-0.9934,5
2026-03-21T04:18:31.808598,2,0.1014,0.1014,0.0272,0.0000,1.1305,-0.1086,-1.1253,6
2026-03-21T04:18:31.808598,3,0.0739,0.0739,0.0600,0.0000,1.0607,-0.0005,-1.0607,5
2026-03-21T04:18:31.808598,4,0.0844,0.0844,0.0706,0.0000,0.9863,0.3691,-0.9146,7
2026-03-21T04:18:31.808598,5,0.0903,0.0903,0.0409,0.1046,1.4158,0.6865,-1.2382,5
2026-03-21T04:18:31.808598,6,0.2850,0.2850,0.1655,0.0000,1.0528,-0.2253,1.0284,18
2026-03-21T04:18:31.808598,7,0.0480,0.0480,0.0360,0.0000,0.2820,-0.1239,0.2534,9
2026-03-21T04:18:31.877513,0,0.0585,0.0193,0.0585,0.0000,0.3194,-0.1446,-0.2848,7
2026-03-21T04:18:31.877513,1,0.0798,0.0798,0.0308,0.0000,1.1309,-0.1182,-1.1247,5
2026-03-21T04:18:31.877513,2,0.0716,0.0716,0.0602,0.0000,1.0413,0.0177,-1.0411,5
2026-03-21T04:18:31.877513,3,0.0823,0.0823,0.0710,0.0000,0.9830,0.3678,-0.9116,7
2026-03-21T04:18:31.877513,4,0.2840,0.2840,0.1724,0.0000,1.0502,-0.2248,1.0259,18
2026-03-21T04:18:31.877513,5,0.0640,0.0640,0.0516,0.0000,0.2801,-0.1234,0.2515,9
2026-03-21T04:18:31.947843,0,0.0557,0.0200,0.0557,0.0000,0.3189,-0.1445,-0.2843,7
2026-03-21T04:18:31.947843,1,0.1071,0.1071,0.0511,0.0000,1.0526,-0.3253,-1.0011,7
2026-03-21T04:18:31.947843,2,0.0959,0.0959,0.0945,0.0000,0.9958,0.3644,-0.9268,8
2026-03-21T04:18:31.947843,3,0.2852,0.2852,0.1666,0.0000,1.0525,-0.2252,1.0281,18
2026-03-21T04:18:31.947843,4,0.0608,0.0608,0.0508,0.0000,0.2838,-0.1251,0.2548,9
2026-03-21T04:18:32.017004,0,0.0512,0.0201,0.0512,0.0000,0.3224,-0.1460,-0.2874,7
2026-03-21T04:18:32.017004,1,0.0943,0.0943,0.0327,0.0000,1.0510,-0.3337,-0.9967,6
2026-03-21T04:18:32.017004,2,0.0825,0.0825,0.0280,0.0000,1.1401,-0.1193,-1.1338,5
2026-03-21T04:18:32.017004,3,0.1056,0.1056,0.0773,0.0000,1.0279,0.0350,-1.0273,7
2026-03-21T04:18:32.017004,4,0.1119,0.0963,0.1119,0.0000,0.9980,0.3651,-0.9288,8
2026-03-21T04:18:32.017004,5,0.2850,0.2850,0.1699,0.0000,1.0524,-0.2252,1.0281,18
2026-03-21T04:18:32.017004,6,0.0628,0.0614,0.0628,0.0000,0.2865,-0.1255,0.2575,7
2026-03-21T04:18:32.086950,0,0.0511,0.0224,0.0511,0.0000,0.3199,-0.1450,-0.2852,7
2026-03-21T04:18:32.086950,1,0.0690,0.0690,0.0356,0.0000,1.0471,-0.3235,-0.9958,5
2026-03-21T04:18:32.086950,2,0.0791,0.0791,0.0272,0.0000,1.1297,-0.0986,-1.1254,5
2026-03-21T04:18:32.086950,3,0.0879,0.0879,0.0843,0.0000,1.0345,0.0263,-1.0342,6
2026-03-21T04:18:32.086950,4,0.0831,0.0831,0.0682,0.0000,0.9838,0.3682,-0.9124,7
2026-03-21T04:18:32.086950,5,0.2835,0.2835,0.1743,0.0000,1.0533,-0.2253,1.0289,18
2026-03-21T04:18:32.086950,6,0.0668,0.0668,0.0548,0.0000,0.2889,-0.1272,0.2594,9
2026-03-21T04:18:32.156875,0,0.0451,0.0201,0.0451,0.0000,0.3218,-0.1458,-0.2869,7
2026-03-21T04:18:32.156875,1,0.0796,0.0796,0.0242,0.0000,1.1255,-0.0982,-1.1212,5
2026-03-21T04:18:32.156875,2,0.0693,0.0693,0.0604,0.0000,1.0243,0.0352,-1.0237,5
2026-03-21T04:18:32.156875,3,0.1047,0.1047,0.0857,0.0000,0.9970,0.3649,-0.9278,8
2026-03-21T04:18:32.156875,4,0.2854,0.2854,0.1646,0.0000,1.0511,-0.2249,1.0267,18
2026-03-21T04:18:32.156875,5,0.0607,0.0607,0.0521,0.0000,0.2850,-0.1255,0.2559,9
2026-03-21T04:18:32.227200,0,0.0530,0.0220,0.0530,0.0000,0.3182,-0.1441,-0.2837,7
2026-03-21T04:18:32.227200,1,0.0932,0.0932,0.0356,0.0000,1.0514,-0.3337,-0.9970,6
2026-03-21T04:18:32.227200,2,0.1210,0.1210,0.0483,0.0000,1.1196,-0.0980,-1.1153,7
2026-03-21T04:18:32.227200,3,0.0699,0.0699,0.0554,0.0000,1.0271,0.0354,-1.0265,5
2026-03-21T04:18:32.227200,4,0.1161,0.0850,0.1161,0.0000,0.9895,0.3618,-0.9209,8
2026-03-21T04:18:32.227200,5,0.0881,0.0881,0.0454,0.1100,1.4170,0.6870,-1.2393,5
2026-03-21T04:18:32.227200,6,0.2857,0.2857,0.1596,0.0000,1.0516,-0.2251,1.0272,18
2026-03-21T04:18:32.227200,7,0.0677,0.0620,0.0677,0.0000,0.2755,-0.1216,0.2472,9
2026-03-21T04:18:32.295945,0,0.0431,0.0190,0.0431,0.0000,0.3189,-0.1445,-0.2843,7
2026-03-21T04:18:32.295945,1,0.0944,0.0944,0.0288,0.0000,1.0509,-0.3337,-0.9965,6
2026-03-21T04:18:32.295945,2,0.0687,0.0530,0.0687,0.0000,0.9827,0.3678,-0.9113,5
2026-03-21T04:18:32.295945,3,0.2647,0.2647,0.1588,0.0000,1.0475,-0.2335,1.0212,17
2026-03-21T04:18:32.295945,4,0.0625,0.0625,0.0479,0.0000,0.2894,-0.1275,0.2598,9
2026-03-21T04:18:32.366131,0,0.0637,0.0153,0.0637,0.0000,0.3185,-0.1441,-0.2840,7
2026-03-21T04:18:32.366131,1,0.0695,0.0695,0.0337,0.0000,1.0465,-0.3233,-0.9953,5
2026-03-21T04:18:32.366131,2,0.0970,0.0970,0.0944,0.0000,0.9956,0.3643,-0.9265,8
2026-03-21T04:18:32.366131,3,0.2876,0.2876,0.1630,0.0000,1.0513,-0.2251,1.0269,18
2026-03-21T04:18:32.366131,4,0.0579,0.0579,0.0554,0.0000,0.2818,-0.1241,0.2530,9
2026-03-21T04:18:32.435928,0,0.0494,0.0155,0.0494,0.0000,0.3204,-0.1451,-0.2856,7
2026-03-21T04:18:32.435928,1,0.0804,0.0804,0.0230,0.0000,1.0493,-0.3419,-0.9920,5
2026-03-21T04:18:32.435928,2,0.1066,0.0881,0.1066,0.0000,0.9942,0.3637,-0.9253,8
2026-03-21T04:18:32.435928,3,0.2845,0.2845,0.1684,0.0000,1.0528,-0.2253,1.0284,18
2026-03-21T04:18:32.435928,4,0.0647,0.0647,0.0545,0.0000,0.2816,-0.1239,0.2528,9
2026-03-21T04:18:32.504921,0,0.0575,0.0190,0.0575,0.0000,0.3205,-0.1451,-0.2858,7
2026-03-21T04:18:32.504921,1,0.0939,0.0939,0.0289,0.0000,1.0514,-0.3338,-0.9970,6
2026-03-21T04:18:32.504921,2,0.0695,0.0695,0.0604,0.0000,1.0253,0.0352,-1.0247,5
2026-03-21T04:18:32.504921,3,0.1084,0.0872,0.1084,0.0000,0.9886,0.3616,-0.9201,8
2026-03-21T04:18:32.504921,4,0.2840,0.2840,0.1714,0.0000,1.0521,-0.2251,1.0277,18
2026-03-21T04:18:32.504921,5,0.0626,0.0626,0.0480,0.0000,0.2804,-0.1234,0.2518,9
2026-03-21T04:18:32.574713,0,0.0548,0.0218,0.0548,0.0000,0.3192,-0.1446,-0.2846,7
2026-03-21T04:18:32.574713,1,0.0937,0.0937,0.0345,0.0000,1.0504,-0.3335,-0.9960,6
2026-03-21T04:18:32.574713,2,0.0738,0.0738,0.0620,0.0000,1.0587,-0.0005,-1.0587,5
2026-03-21T04:18:32.574713,3,0.0938,0.0937,0.0938,0.0000,0.9877,0.3613,-0.9192,8
2026-03-21T04:18:32.574713,4,0.2677,0.2677,0.1563,0.0000,1.0494,-0.2339,1.0230,17
2026-03-21T04:18:32.574713,5,0.0678,0.0678,0.0577,0.0000,0.2863,-0.1261,0.2570,9
2026-03-21T04:18:32.644356,0,0.0503,0.0201,0.0503,0.0000,0.3194,-0.1447,-0.2847,7
2026-03-21T04:18:32.644356,1,0.0795,0.0795,0.0146,0.0000,1.0493,-0.3419,-0.9920,5
2026-03-21T04:18:32.644356,2,0.0952,0.0752,0.0952,0.0000,0.9948,0.3559,-0.9290,7
2026-03-21T04:18:32.644356,3,0.2842,0.2842,0.1643,0.0000,1.0517,-0.2252,1.0273,18
2026-03-21T04:18:32.644356,4,0.0736,0.0736,0.0693,0.0000,0.2833,-0.1249,0.2542,9
2026-03-21T04:18:32.714497,0,0.0585,0.0238,0.0585,0.0000,0.3202,-0.1450,-0.2855,7
2026-03-21T04:18:32.714497,1,0.0691,0.0691,0.0374,0.0000,1.0447,-0.3228,-0.9936,5
2026-03-21T04:18:32.714497,2,0.0691,0.0691,0.0684,0.0000,1.0265,0.0352,-1.0259,5
2026-03-21T04:18:32.714497,3,0.0995,0.0920,0.0995,0.0000,0.9927,0.3632,-0.9239,8
2026-03-21T04:18:32.714497,4,0.2662,0.2662,0.1580,0.0000,1.0486,-0.2337,1.0222,17
2026-03-21T04:18:32.714497,5,0.0767,0.0587,0.0767,0.0000,0.2875,-0.1264,0.2582,9
2026-03-21T04:18:32.783767,0,0.0495,0.0203,0.0495,0.0000,0.3199,-0.1450,-0.2852,7
2026-03-21T04:18:32.783767,1,0.0710,0.0710,0.0365,0.0000,1.0475,-0.3237,-0.9962,5
2026-03-21T04:18:32.783767,2,0.0917,0.0849,0.0917,0.0000,0.9853,0.3686,-0.9137,7
2026-03-21T04:18:32.783767,3,0.2852,0.2852,0.1635,0.0000,1.0531,-0.2256,1.0287,18
2026-03-21T04:18:32.783767,4,0.0617,0.0564,0.0617,0.0000,0.2790,-0.1196,0.2521,7
2026-03-21T04:18:32.853345,0,0.0575,0.0165,0.0575,0.0000,0.3185,-0.1442,-0.2840,7
2026-03-21T04:18:32.853345,1,0.0768,0.0674,0.0768,0.0000,1.0137,0.3379,-0.9557,6
2026-03-21T04:18:32.853345,2,0.2647,0.2647,0.1597,0.0000,1.0486,-0.2337,1.0222,17
2026-03-21T04:18:32.853345,3,0.0516,0.0516,0.0397,0.0000,0.2816,-0.1235,0.2531,7
2026-03-21T04:18:32.923455,0,0.0501,0.0180,0.0501,0.0000,0.3155,-0.1429,-0.2813,7
2026-03-21T04:18:32.923455,1,0.0917,0.0917,0.0336,0.0000,1.0510,-0.3337,-0.9967,6
2026-03-21T04:18:32.923455,2,0.0795,0.0795,0.0347,0.0000,1.1279,-0.0983,-1.1236,5
2026-03-21T04:18:32.923455,3,0.0696,0.0696,0.0614,0.0000,1.0303,0.0354,-1.0297,5
2026-03-21T04:18:32.923455,4,0.0601,0.0539,0.0601,0.0000,0.9819,0.3675,-0.9105,5
2026-03-21T04:18:32.923455,5,0.2845,0.2845,0.1654,0.0000,1.0524,-0.2253,1.0280,18
2026-03-21T04:18:32.923455,6,0.0655,0.0655,0.0510,0.0000,0.2876,-0.1262,0.2585,7
2026-03-21T04:18:32.992885,0,0.0404,0.0274,0.0404,0.0000,0.3174,-0.1439,-0.2829,7
2026-03-21T04:18:32.992885,1,0.0780,0.0780,0.0198,0.0000,1.0491,-0.3418,-0.9918,5
2026-03-21T04:18:32.992885,2,0.0983,0.0983,0.0413,0.0000,1.1175,-0.0879,-1.1140,6
2026-03-21T04:18:32.992885,3,0.0694,0.0693,0.0694,0.0000,1.0267,0.0352,-1.0261,5
2026-03-21T04:18:32.992885,4,0.0823,0.0791,0.0823,0.0000,0.9827,0.3675,-0.9114,7
2026-03-21T04:18:32.992885,5,0.2847,0.2847,0.1664,0.0000,1.0527,-0.2254,1.0282,18
2026-03-21T04:18:32.992885,6,0.0703,0.0703,0.0620,0.0000,0.2888,-0.1273,0.2592,9
2026-03-21T04:18:33.062300,0,0.0619,0.0169,0.0619,0.0000,0.3168,-0.1434,-0.2825,7
2026-03-21T04:18:33.062300,1,0.1083,0.1083,0.0529,0.0000,1.0521,-0.3251,-1.0006,7
2026-03-21T04:18:33.062300,2,0.0694,0.0694,0.0634,0.0000,1.0275,0.0353,-1.0269,5
2026-03-21T04:18:33.062300,3,0.0960,0.0960,0.0915,0.0000,0.9902,0.3624,-0.9215,8
2026-03-21T04:18:33.062300,4,0.2676,0.2676,0.1512,0.0000,1.0466,-0.2333,1.0202,17
2026-03-21T04:18:33.062300,5,0.0627,0.0578,0.0627,0.0000,0.2796,-0.1230,0.2511,9
2026-03-21T04:18:33.133553,0,0.0431,0.0258,0.0431,0.0000,0.3161,-0.1433,-0.2817,7
2026-03-21T04:18:33.133553,1,0.0946,0.0946,0.0365,0.0000,1.0519,-0.3340,-0.9974,6
2026-03-21T04:18:33.133553,2,0.1011,0.1011,0.0264,0.0000,1.1268,-0.1083,-1.1216,6
2026-03-21T04:18:33.133553,3,0.1073,0.1073,0.0918,0.0000,1.0387,0.0171,-1.0385,7
2026-03-21T04:18:33.133553,4,0.0866,0.0758,0.0866,0.0000,0.9844,0.3682,-0.9130,7
2026-03-21T04:18:33.133553,5,0.0917,0.0917,0.0383,0.1028,1.4154,0.6863,-1.2379,5
2026-03-21T04:18:33.133553,6,0.2658,0.2658,0.1589,0.0000,1.0490,-0.2338,1.0226,17
2026-03-21T04:18:33.133553,7,0.0688,0.0688,0.0594,0.0000,0.2842,-0.1248,0.2553,7
2026-03-21T04:18:33.202422,0,0.0629,0.0196,0.0629,0.0000,0.3207,-0.1452,-0.2859,7
2026-03-21T04:18:33.202422,1,0.1193,0.1193,0.0376,0.0000,1.0552,-0.3440,-0.9976,7
2026-03-21T04:18:33.202422,2,0.0838,0.0768,0.0838,0.0000,0.9854,0.3686,-0.9138,7
2026-03-21T04:18:33.202422,3,0.2860,0.2860,0.1606,0.0000,1.0530,-0.2254,1.0286,18
2026-03-21T04:18:33.202422,4,0.0704,0.0704,0.0619,0.0000,0.2876,-0.1268,0.2581,9
2026-03-21T04:18:33.272912,0,0.0494,0.0235,0.0494,0.0000,0.3207,-0.1453,-0.2859,7
2026-03-21T04:18:33.272912,1,0.0915,0.0915,0.0384,0.0000,1.0510,-0.3336,-0.9967,6
2026-03-21T04:18:33.272912,2,0.0790,0.0790,0.0278,0.0000,1.1319,-0.1183,-1.1257,5
2026-03-21T04:18:33.272912,3,0.0737,0.0737,0.0570,0.0000,1.0571,-0.0004,-1.0571,5
2026-03-21T04:18:33.272912,4,0.0965,0.0965,0.0904,0.0000,0.9937,0.3635,-0.9248,8
2026-03-21T04:18:33.272912,5,0.2840,0.2840,0.1673,0.0000,1.0514,-0.2251,1.0271,18
2026-03-21T04:18:33.272912,6,0.0606,0.0606,0.0492,0.0000,0.2812,-0.1239,0.2524,9
2026-03-21T04:18:33.342459,0,0.0581,0.0212,0.0581,0.0000,0.3184,-0.1442,-0.2839,7
2026-03-21T04:18:33.342459,1,0.0900,0.0900,0.0300,0.0000,1.0615,-0.3635,-0.9973,5
2026-03-21T04:18:33.342459,2,0.0693,0.0693,0.0643,0.0000,1.0285,0.0354,-1.0279,5
2026-03-21T04:18:33.342459,3,0.0960,0.0960,0.0952,0.0000,0.9931,0.3633,-0.9242,8
2026-03-21T04:18:33.342459,4,0.2859,0.2859,0.1657,0.0000,1.0516,-0.2251,1.0272,18
2026-03-21T04:18:33.342459,5,0.0652,0.0652,0.0555,0.0000,0.2791,-0.1226,0.2507,7
2026-03-21T04:18:33.411481,0,0.0602,0.0183,0.0602,0.0000,0.3187,-0.1442,-0.2841,7
2026-03-21T04:18:33.411481,1,0.0794,0.0794,0.0221,0.0000,1.0499,-0.3421,-0.9926,5
2026-03-21T04:18:33.411481,2,0.0815,0.0815,0.0371,0.0000,1.1341,-0.1186,-1.1278,5
2026-03-21T04:18:33.411481,3,0.0709,0.0709,0.0652,0.0000,1.0359,0.0175,-1.0357,5
2026-03-21T04:18:33.411481,4,0.0953,0.0754,0.0953,0.0000,0.9933,0.3553,-0.9275,7
2026-03-21T04:18:33.411481,5,0.2857,0.2857,0.1636,0.0000,1.0524,-0.2253,1.0280,18
2026-03-21T04:18:33.411481,6,0.0579,0.0579,0.0504,0.0000,0.2839,-0.1250,0.2549,9
2026-03-21T04:18:33.481071,0,0.0537,0.0161,0.0537,0.0000,0.3184,-0.1442,-0.2839,7
2026-03-21T04:18:33.481071,1,0.0700,0.0700,0.0345,0.0000,1.0437,-0.3225,-0.9926,5
2026-03-21T04:18:33.481071,2,0.0881,0.0881,0.0582,0.0000,0.9863,0.3692,-0.9146,7
2026-03-21T04:18:33.481071,3,0.2840,0.2840,0.1714,0.0000,1.0523,-0.2253,1.0279,18
2026-03-21T04:18:33.481071,4,0.0593,0.0593,0.0517,0.0000,0.2848,-0.1249,0.2559,7
2026-03-21T04:18:33.549764,0,0.0441,0.0263,0.0441,0.0000,0.3198,-0.1450,-0.2851,7
2026-03-21T04:18:33.549764,1,0.0798,0.0798,0.0221,0.0000,1.0517,-0.3427,-0.9943,5
2026-03-21T04:18:33.549764,2,0.0738,0.0738,0.0500,0.0000,1.0583,-0.0004,-1.0583,5
2026-03-21T04:18:33.549764,3,0.0896,0.0896,0.0585,0.0000,0.9837,0.3682,-0.9122,7
2026-03-21T04:18:33.549764,4,0.2683,0.2683,0.1565,0.0000,1.0505,-0.2343,1.0240,17
2026-03-21T04:18:33.549764,5,0.0590,0.0590,0.0536,0.0000,0.2839,-0.1250,0.2549,9
2026-03-21T04:18:33.619443,0,0.0487,0.0251,0.0487,0.0000,0.3217,-0.1458,-0.2867,7
2026-03-21T04:18:33.619443,1,0.0766,0.0766,0.0198,0.0000,1.0485,-0.3416,-0.9913,5
2026-03-21T04:18:33.619443,2,0.0693,0.0693,0.0654,0.0000,1.0273,0.0352,-1.0267,5
2026-03-21T04:18:33.619443,3,0.1021,0.0943,0.1021,0.0000,0.9882,0.3615,-0.9197,8
2026-03-21T04:18:33.619443,4,0.0914,0.0914,0.0401,0.0959,1.4188,0.7095,-1.2286,5
2026-03-21T04:18:33.619443,5,0.2697,0.2697,0.1441,0.0000,1.0501,-0.2343,1.0237,17
2026-03-21T04:18:33.619443,6,0.0709,0.0709,0.0662,0.0000,0.2738,-0.1206,0.2459,9
2026-03-21T04:18:33.689431,0,0.0639,0.0178,0.0639,0.0000,0.3204,-0.1450,-0.2857,7
2026-03-21T04:18:33.689431,1,0.0797,0.0797,0.0250,0.0000,1.0501,-0.3422,-0.9928,5
2026-03-21T04:18:33.689431,2,0.0911,0.0734,0.0911,0.0000,0.9768,0.3654,-0.9059,7
2026-03-21T04:18:33.689431,3,0.2848,0.2848,0.1644,0.0000,1.0519,-0.2252,1.0276,18
2026-03-21T04:18:33.689431,4,0.0712,0.0564,0.0712,0.0000,0.2880,-0.1267,0.2587,9
2026-03-21T04:18:33.759124,0,0.0411,0.0176,0.0411,0.0000,0.3155,-0.1430,-0.2813,7
2026-03-21T04:18:33.759124,1,0.0773,0.0773,0.0339,0.0000,1.1219,-0.0977,-1.1176,5
2026-03-21T04:18:33.759124,2,0.0718,0.0718,0.0512,0.0000,1.0435,0.0177,-1.0433,5
2026-03-21T04:18:33.759124,3,0.1012,0.1012,0.0858,0.0000,0.9941,0.3638,-0.9251,8
2026-03-21T04:18:33.759124,4,0.2857,0.2857,0.1636,0.0000,1.0516,-0.2251,1.0272,18
2026-03-21T04:18:33.759124,5,0.0620,0.0620,0.0472,0.0000,0.2835,-0.1244,0.2547,7
2026-03-21T04:18:33.828758,0,0.0656,0.0172,0.0656,0.0000,0.3209,-0.1453,-0.2862,7
2026-03-21T04:18:33.828758,1,0.1082,0.1082,0.0874,0.0000,0.9927,0.3634,-0.9238,8
2026-03-21T04:18:33.828758,2,0.2839,0.2839,0.1734,0.0000,1.0531,-0.2253,1.0287,18
2026-03-21T04:18:33.828758,3,0.0589,0.0589,0.0519,0.0000,0.2828,-0.1240,0.2542,7
2026-03-21T04:18:33.898326,0,0.0523,0.0233,0.0523,0.0000,0.3181,-0.1441,-0.2836,7
2026-03-21T04:18:33.898326,1,0.0684,0.0684,0.0394,0.0000,1.0453,-0.3229,-0.9941,5
2026-03-21T04:18:33.898326,2,0.0698,0.0698,0.0554,0.0000,1.0291,0.0354,-1.0285,5
2026-03-21T04:18:33.898326,3,0.1146,0.1146,0.0979,0.0000,0.9899,0.3703,-0.9180,9
2026-03-21T04:18:33.898326,4,0.2857,0.2857,0.1646,0.0000,1.0516,-0.2253,1.0272,18
2026-03-21T04:18:33.898326,5,0.0616,0.0616,0.0600,0.0000,0.2810,-0.1238,0.2523,9
2026-03-21T04:18:33.967941,0,0.0510,0.0164,0.0510,0.0000,0.3161,-0.1431,-0.2818,7
2026-03-21T04:18:33.967941,1,0.0785,0.0785,0.0221,0.0000,1.0497,-0.3420,-0.9924,5
2026-03-21T04:18:33.967941,2,0.1081,0.1081,0.0848,0.0000,1.0439,0.0173,-1.0438,7
2026-03-21T04:18:33.967941,3,0.1115,0.0869,0.1115,0.0000,0.9923,0.3629,-0.9236,8
2026-03-21T04:18:33.967941,4,0.0923,0.0923,0.0374,0.1028,1.4164,0.6867,-1.2388,5
2026-03-21T04:18:33.967941,5,0.2865,0.2865,0.1658,0.0000,1.0511,-0.2251,1.0267,18
2026-03-21T04:18:33.967941,6,0.0645,0.0645,0.0515,0.0000,0.2807,-0.1236,0.2520,9
2026-03-21T04:18:34.037989,0,0.0663,0.0177,0.0663,0.0000,0.3188,-0.1443,-0.2843,7
2026-03-21T04:18:34.037989,1,0.1034,0.0923,0.1034,0.0000,0.9890,0.3617,-0.9204,8
2026-03-21T04:18:34.037989,2,0.2676,0.2676,0.1543,0.0000,1.0504,-0.2341,1.0240,17
2026-03-21T04:18:34.037989,3,0.0606,0.0606,0.0585,0.0000,0.2863,-0.1262,0.2569,9
2026-03-21T04:18:34.107847,0,0.0602,0.0215,0.0602,0.0000,0.3205,-0.1451,-0.2858,7
2026-03-21T04:18:34.107847,1,0.0910,0.0910,0.0347,0.0000,1.0514,-0.3337,-0.9970,6
2026-03-21T04:18:34.107847,2,0.0872,0.0872,0.0749,0.0000,0.9824,0.3676,-0.9110,7
2026-03-21T04:18:34.107847,3,0.0893,0.0893,0.0426,0.1046,1.4132,0.6851,-1.2360,5
2026-03-21T04:18:34.107847,4,0.2664,0.2664,0.1560,0.0000,1.0480,-0.2336,1.0217,17
2026-03-21T04:18:34.107847,5,0.0625,0.0539,0.0625,0.0000,0.2746,-0.1208,0.2466,9
2026-03-21T04:18:34.178100,0,0.0548,0.0183,0.0548,0.0000,0.3204,-0.1451,-0.2856,7
2026-03-21T04:18:34.178100,1,0.0790,0.0790,0.0272,0.0000,1.1247,-0.0981,-1.1204,5
2026-03-21T04:18:34.178100,2,0.0718,0.0718,0.0482,0.0000,1.0421,0.0178,-1.0419,5
2026-03-21T04:18:34.178100,3,0.1019,0.0731,0.1019,0.0000,0.9950,0.3559,-0.9291,7
2026-03-21T04:18:34.178100,4,0.0877,0.0877,0.0463,0.1109,1.4188,0.6879,-1.2409,5
2026-03-21T04:18:34.178100,5,0.2850,0.2850,0.1665,0.0000,1.0523,-0.2252,1.0279,18
2026-03-21T04:18:34.178100,6,0.0608,0.0608,0.0471,0.0000,0.2915,-0.1279,0.2619,7
2026-03-21T04:18:34.248084,0,0.0591,0.0149,0.0591,0.0000,0.3177,-0.1438,-0.2833,7
2026-03-21T04:18:34.248084,1,0.0807,0.0807,0.0310,0.0000,1.1373,-0.1189,-1.1310,5
2026-03-21T04:18:34.248084,2,0.0696,0.0696,0.0584,0.0000,1.0291,0.0354,-1.0285,5
2026-03-21T04:18:34.248084,3,0.0570,0.0570,0.0505,0.0000,1.0095,0.3451,-0.9487,5
2026-03-21T04:18:34.248084,4,0.2855,0.2855,0.1666,0.0000,1.0511,-0.2250,1.0267,18
2026-03-21T04:18:34.248084,5,0.0719,0.0719,0.0656,0.0000,0.2863,-0.1262,0.2569,9
2026-03-21T04:18:34.317584,0,0.0557,0.0171,0.0557,0.0000,0.3214,-0.1455,-0.2865,7
2026-03-21T04:18:34.317584,1,0.0787,0.0787,0.0287,0.0000,1.0517,-0.3427,-0.9943,5
2026-03-21T04:18:34.317584,2,0.1073,0.1073,0.0958,0.0000,1.0404,0.0171,-1.0402,7
2026-03-21T04:18:34.317584,3,0.0900,0.0900,0.0640,0.0000,0.9824,0.3677,-0.9110,7
2026-03-21T04:18:34.317584,4,0.2840,0.2840,0.1673,0.0000,1.0521,-0.2252,1.0277,18
2026-03-21T04:18:34.317584,5,0.0480,0.0279,0.0480,0.0000,0.2609,-0.1081,0.2374,6
2026-03-21T04:18:34.386664,0,0.0575,0.0203,0.0575,0.0000,0.3182,-0.1441,-0.2837,7
2026-03-21T04:18:34.386664,1,0.0939,0.0939,0.0355,0.0000,1.0499,-0.3333,-0.9956,6
2026-03-21T04:18:34.386664,2,0.1003,0.0913,0.1003,0.0000,0.9923,0.3630,-0.9235,8
2026-03-21T04:18:34.386664,3,0.2842,0.2842,0.1694,0.0000,1.0496,-0.2246,1.0253,18
2026-03-21T04:18:34.386664,4,0.0703,0.0606,0.0703,0.0000,0.2936,-0.1286,0.2639,7
2026-03-21T04:18:34.456800,0,0.0486,0.0182,0.0486,0.0000,0.3198,-0.1448,-0.2851,7
2026-03-21T04:18:34.456800,1,0.0701,0.0701,0.0346,0.0000,1.0435,-0.3225,-0.9924,5
2026-03-21T04:18:34.456800,2,0.0884,0.0884,0.0640,0.0000,0.9863,0.3691,-0.9146,7
2026-03-21T04:18:34.456800,3,0.0918,0.0918,0.0383,0.1037,1.4168,0.6870,-1.2391,5
2026-03-21T04:18:34.456800,4,0.2665,0.2665,0.1542,0.0000,1.0475,-0.2335,1.0211,17
2026-03-21T04:18:34.456800,5,0.0620,0.0620,0.0547,0.0000,0.2861,-0.1261,0.2569,9
2026-03-21T04:18:34.525389,0,0.0576,0.0227,0.0576,0.0000,0.3155,-0.1429,-0.2813,7
2026-03-21T04:18:34.525389,1,0.0798,0.0798,0.0240,0.0000,1.0495,-0.3419,-0.9922,5
2026-03-21T04:18:34.525389,2,0.0695,0.0695,0.0604,0.0000,1.0237,0.0352,-1.0231,5
2026-03-21T04:18:34.525389,3,0.0954,0.0954,0.0901,0.0000,0.9908,0.3625,-0.9221,8
2026-03-21T04:18:34.525389,4,0.0900,0.0900,0.0419,0.1073,1.4178,0.6874,-1.2400,5
2026-03-21T04:18:34.525389,5,0.2656,0.2656,0.1579,0.0000,1.0486,-0.2338,1.0222,17
2026-03-21T04:18:34.525389,6,0.0771,0.0738,0.0771,0.0000,0.2864,-0.1263,0.2570,9
2026-03-21T04:18:34.595072,0,0.0556,0.0176,0.0556,0.0000,0.3189,-0.1444,-0.2844,7
2026-03-21T04:18:34.595072,1,0.0917,0.0917,0.0394,0.0000,1.0515,-0.3338,-0.9971,6
2026-03-21T04:18:34.595072,2,0.0792,0.0788,0.0792,0.0000,0.9833,0.3678,-0.9119,7
2026-03-21T04:18:34.595072,3,0.2847,0.2847,0.1654,0.0000,1.0525,-0.2252,1.0281,18
2026-03-21T04:18:34.595072,4,0.0799,0.0799,0.0795,0.0000,0.2904,-0.1282,0.2605,9
2026-03-21T04:18:34.664634,0,0.0531,0.0222,0.0531,0.0000,0.3171,-0.1436,-0.2827,7
2026-03-21T04:18:34.664634,1,0.0718,0.0718,0.0374,0.0000,1.0431,-0.3224,-0.9920,5
2026-03-21T04:18:34.664634,2,0.0782,0.0782,0.0333,0.0000,1.1167,-0.0781,-1.1139,5
2026-03-21T04:18:34.664634,3,0.0885,0.0885,0.0693,0.0000,1.0352,0.0264,-1.0349,6
2026-03-21T04:18:34.664634,4,0.1063,0.0874,0.1063,0.0000,0.9881,0.3615,-0.9196,8
2026-03-21T04:18:34.664634,5,0.2850,0.2850,0.1706,0.0000,1.0523,-0.2252,1.0279,18
2026-03-21T04:18:34.664634,6,0.0675,0.0629,0.0675,0.0000,0.2793,-0.1196,0.2524,7
2026-03-21T04:18:34.734643,0,0.0626,0.0161,0.0626,0.0000,0.3184,-0.1441,-0.2839,7
2026-03-21T04:18:34.734643,1,0.0912,0.0912,0.0374,0.0000,1.0495,-0.3332,-0.9953,6
2026-03-21T04:18:34.734643,2,0.0800,0.0800,0.0389,0.0000,1.1291,-0.1180,-1.1229,5
2026-03-21T04:18:34.734643,3,0.1088,0.0966,0.1088,0.0000,0.9928,0.3631,-0.9240,8
2026-03-21T04:18:34.734643,4,0.0915,0.0915,0.0393,0.1064,1.4178,0.6874,-1.2400,5
2026-03-21T04:18:34.734643,5,0.2877,0.2877,0.1682,0.0000,1.0539,-0.2256,1.0295,18
2026-03-21T04:18:34.734643,6,0.0573,0.0571,0.0573,0.0000,0.2832,-0.1227,0.2552,7
2026-03-21T04:18:34.803980,0,0.0528,0.0193,0.0528,0.0000,0.3202,-0.1451,-0.2855,7
2026-03-21T04:18:34.803980,1,0.0698,0.0698,0.0554,0.0000,1.0283,0.0354,-1.0277,5
2026-03-21T04:18:34.803980,2,0.0584,0.0584,0.0545,0.0000,0.9809,0.3672,-0.9096,5
2026-03-21T04:18:34.803980,3,0.0895,0.0895,0.0427,0.1073,1.4176,0.6873,-1.2398,5
2026-03-21T04:18:34.803980,4,0.2676,0.2676,0.1503,0.0000,1.0491,-0.2339,1.0227,17
2026-03-21T04:18:34.803980,5,0.0608,0.0608,0.0559,0.0000,0.2884,-0.1270,0.2589,9
2026-03-21T04:18:34.874487,0,0.0512,0.0188,0.0512,0.0000,0.3188,-0.1444,-0.2842,7
2026-03-21T04:18:34.874487,1,0.0700,0.0700,0.0345,0.0000,1.0445,-0.3227,-0.9934,5
2026-03-21T04:18:34.874487,2,0.0816,0.0816,0.0320,0.0000,1.1377,-0.1190,-1.1314,5
2026-03-21T04:18:34.874487,3,0.0880,0.0880,0.0853,0.0000,1.0364,0.0263,-1.0360,6
2026-03-21T04:18:34.874487,4,0.1220,0.0809,0.1220,0.0000,0.9840,0.3597,-0.9159,8
2026-03-21T04:18:34.874487,5,0.2845,0.2845,0.1694,0.0000,1.0525,-0.2251,1.0281,18
2026-03-21T04:18:34.874487,6,0.0582,0.0572,0.0582,0.0000,0.2863,-0.1260,0.2571,9
2026-03-21T04:18:34.943428,0,0.0599,0.0192,0.0599,0.0000,0.3158,-0.1430,-0.2816,7
2026-03-21T04:18:34.943428,1,0.0945,0.0945,0.0298,0.0000,1.0522,-0.3341,-0.9977,6
2026-03-21T04:18:34.943428,2,0.0794,0.0794,0.0208,0.0000,1.1261,-0.0982,-1.1218,5
2026-03-21T04:18:34.943428,3,0.0699,0.0699,0.0564,0.0000,1.0277,0.0353,-1.0271,5
2026-03-21T04:18:34.943428,4,0.0705,0.0646,0.0705,0.0000,0.9949,0.3644,-0.9258,6
2026-03-21T04:18:34.943428,5,0.2830,0.2830,0.1813,0.0000,1.0533,-0.2251,1.0290,18
2026-03-21T04:18:34.943428,6,0.0685,0.0685,0.0584,0.0000,0.2787,-0.1229,0.2502,9
2026-03-21T04:18:35.013840,0,0.0611,0.0220,0.0611,0.0000,0.3162,-0.1432,-0.2819,7
2026-03-21T04:18:35.013840,1,0.0766,0.0766,0.0207,0.0000,1.0499,-0.3420,-0.9926,5
2026-03-21T04:18:35.013840,2,0.0796,0.0796,0.0399,0.0000,1.1315,-0.1182,-1.1253,5
2026-03-21T04:18:35.013840,3,0.0910,0.0910,0.0727,0.0000,1.0507,0.0085,-1.0507,6
2026-03-21T04:18:35.013840,4,0.0874,0.0815,0.0874,0.0000,0.9934,0.3716,-0.9213,7
2026-03-21T04:18:35.013840,5,0.0911,0.0911,0.0391,0.1011,1.4146,0.6859,-1.2372,5
2026-03-21T04:18:35.013840,6,0.2666,0.2666,0.1561,0.0000,1.0504,-0.2341,1.0240,17
2026-03-21T04:18:35.013840,7,0.0581,0.0581,0.0545,0.0000,0.2869,-0.1257,0.2579,7
2026-03-21T04:18:35.082984,0,0.0431,0.0190,0.0431,0.0000,0.3177,-0.1439,-0.2832,7
2026-03-21T04:18:35.082984,1,0.0800,0.0800,0.0433,0.0000,1.1229,-0.0787,-1.1201,5
2026-03-21T04:18:35.082984,2,0.0886,0.0886,0.0673,0.0000,1.0349,0.0264,-1.0345,6
2026-03-21T04:18:35.082984,3,0.0943,0.0923,0.0943,0.0000,0.9911,0.3626,-0.9224,8
2026-03-21T04:18:35.082984,4,0.0893,0.0893,0.0426,0.1046,1.4164,0.6867,-1.2388,5
2026-03-21T04:18:35.082984,5,0.2844,0.2844,0.1704,0.0000,1.0514,-0.2250,1.0270,18
2026-03-21T04:18:35.082984,6,0.0859,0.0699,0.0859,0.0000,0.2861,-0.1259,0.2570,9
2026-03-21T04:18:35.152802,0,0.0574,0.0199,0.0574,0.0000,0.3168,-0.1435,-0.2825,7
2026-03-21T04:18:35.152802,1,0.0737,0.0737,0.0550,0.0000,1.0541,-0.0005,-1.0541,5
2026-03-21T04:18:35.152802,2,0.1202,0.0971,0.1202,0.0000,0.9957,0.3642,-0.9267,8
2026-03-21T04:18:35.152802,3,0.2847,0.2847,0.1664,0.0000,1.0538,-0.2257,1.0293,18
2026-03-21T04:18:35.152802,4,0.0573,0.0573,0.0410,0.0000,0.2861,-0.1260,0.2569,9
2026-03-21T04:18:35.222071,0,0.0602,0.0168,0.0602,0.0000,0.3179,-0.1439,-0.2835,7
2026-03-21T04:18:35.222071,1,0.0713,0.0713,0.0365,0.0000,1.0479,-0.3238,-0.9966,5
2026-03-21T04:18:35.222071,2,0.0803,0.0803,0.0270,0.0000,1.1329,-0.1184,-1.1266,5
2026-03-21T04:18:35.222071,3,0.0744,0.0744,0.0560,0.0000,1.0609,-0.0005,-1.0609,5
2026-03-21T04:18:35.222071,4,0.0969,0.0952,0.0969,0.0000,0.9901,0.3622,-0.9215,8
2026-03-21T04:18:35.222071,5,0.0904,0.0904,0.0410,0.1064,1.4174,0.6872,-1.2396,5
2026-03-21T04:18:35.222071,6,0.2842,0.2842,0.1694,0.0000,1.0512,-0.2250,1.0269,18
2026-03-21T04:18:35.222071,7,0.0563,0.0561,0.0563,0.0000,0.2863,-0.1261,0.2570,9
2026-03-21T04:18:35.292437,0,0.0539,0.0187,0.0539,0.0000,0.3178,-0.1439,-0.2833,7
2026-03-21T04:18:35.292437,1,0.0918,0.0918,0.0355,0.0000,1.0490,-0.3330,-0.9948,6
2026-03-21T04:18:35.292437,2,0.1008,0.1008,0.0272,0.0000,1.1247,-0.1080,-1.1195,6
2026-03-21T04:18:35.292437,3,0.0882,0.0882,0.0723,0.0000,0.9843,0.3684,-0.9127,7
2026-03-21T04:18:35.292437,4,0.2675,0.2675,0.1522,0.0000,1.0496,-0.2341,1.0232,17
2026-03-21T04:18:35.292437,5,0.0591,0.0591,0.0555,0.0000,0.2898,-0.1275,0.2602,9
2026-03-21T04:18:35.361894,0,0.0618,0.0177,0.0618,0.0000,0.3161,-0.1431,-0.2818,7
2026-03-21T04:18:35.361894,1,0.0696,0.0696,0.0412,0.0000,1.0435,-0.3224,-0.9924,5
2026-03-21T04:18:35.361894,2,0.0740,0.0740,0.0550,0.0000,1.0587,-0.0005,-1.0587,5
2026-03-21T04:18:35.361894,3,0.0987,0.0926,0.0987,0.0000,0.9970,0.3647,-0.9278,8
2026-03-21T04:18:35.361894,4,0.2851,0.2851,0.1686,0.0000,1.0526,-0.2253,1.0282,18
2026-03-21T04:18:35.361894,5,0.0701,0.0701,0.0660,0.0000,0.2824,-0.1214,0.2550,7
2026-03-21T04:18:35.431156,0,0.0506,0.0204,0.0506,0.0000,0.3228,-0.1463,-0.2878,7
2026-03-21T04:18:35.431156,1,0.0720,0.0720,0.0336,0.0000,1.0441,-0.3227,-0.9930,5
2026-03-21T04:18:35.431156,2,0.1215,0.0824,0.1215,0.0000,0.9918,0.3627,-0.9231,8
2026-03-21T04:18:35.431156,3,0.0893,0.0893,0.0435,0.0968,1.4190,0.7096,-1.2288,5
2026-03-21T04:18:35.431156,4,0.2858,0.2858,0.1689,0.0000,1.0506,-0.2249,1.0263,18
2026-03-21T04:18:35.431156,5,0.0662,0.0662,0.0563,0.0000,0.2813,-0.1239,0.2525,9
2026-03-21T04:18:35.502542,0,0.0574,0.0156,0.0574,0.0000,0.3207,-0.1452,-0.2859,7
2026-03-21T04:18:35.502542,1,0.0909,0.0909,0.0317,0.0000,1.0500,-0.3333,-0.9957,6
2026-03-21T04:18:35.502542,2,0.0805,0.0805,0.0389,0.0000,1.1325,-0.1183,-1.1263,5
2026-03-21T04:18:35.502542,3,0.0883,0.0883,0.0713,0.0000,0.9838,0.3683,-0.9123,7
2026-03-21T04:18:35.502542,4,0.2877,0.2877,0.1610,0.0000,1.0525,-0.2254,1.0281,18
2026-03-21T04:18:35.502542,5,0.0760,0.0760,0.0714,0.0000,0.2887,-0.1274,0.2591,9
2026-03-21T04:18:35.571759,0,0.0557,0.0165,0.0557,0.0000,0.3178,-0.1439,-0.2834,7
2026-03-21T04:18:35.571759,1,0.0715,0.0715,0.0432,0.0000,1.0463,-0.3233,-0.9951,5
2026-03-21T04:18:35.571759,2,0.0805,0.0805,0.0379,0.0000,1.1325,-0.1184,-1.1263,5
2026-03-21T04:18:35.571759,3,0.0913,0.0913,0.0724,0.0000,0.9845,0.3685,-0.9130,7
2026-03-21T04:18:35.571759,4,0.2860,0.2860,0.1660,0.0000,1.0508,-0.2250,1.0265,18
2026-03-21T04:18:35.571759,5,0.0687,0.0687,0.0617,0.0000,0.2783,-0.1227,0.2497,9
2026-03-21T04:18:35.641419,0,0.0504,0.0215,0.0504,0.0000,0.3181,-0.1441,-0.2836,7
2026-03-21T04:18:35.641419,1,0.0687,0.0687,0.0394,0.0000,1.0461,-0.3232,-0.9949,5
2026-03-21T04:18:35.641419,2,0.1092,0.0698,0.1092,0.0000,0.9955,0.3560,-0.9297,7
2026-03-21T04:18:35.641419,3,0.2673,0.2673,0.1552,0.0000,1.0490,-0.2338,1.0226,17
2026-03-21T04:18:35.641419,4,0.0547,0.0547,0.0444,0.0000,0.2764,-0.1179,0.2500,6
2026-03-21T04:18:35.711470,0,0.0520,0.0147,0.0520,0.0000,0.3187,-0.1443,-0.2841,7
2026-03-21T04:18:35.711470,1,0.0706,0.0706,0.0355,0.0000,1.0461,-0.3233,-0.9949,5
2026-03-21T04:18:35.711470,2,0.0776,0.0776,0.0463,0.0000,1.1163,-0.0781,-1.1135,5
2026-03-21T04:18:35.711470,3,0.0958,0.0938,0.0958,0.0000,0.9926,0.3631,-0.9238,8
2026-03-21T04:18:35.711470,4,0.0889,0.0889,0.0436,0.1064,1.4166,0.6868,-1.2389,5
2026-03-21T04:18:35.711470,5,0.2851,0.2851,0.1645,0.0000,1.0528,-0.2255,1.0283,18
2026-03-21T04:18:35.711470,6,0.0615,0.0615,0.0484,0.0000,0.2866,-0.1261,0.2573,9
2026-03-21T04:18:35.780961,0,0.0565,0.0159,0.0565,0.0000,0.3178,-0.1439,-0.2834,7
2026-03-21T04:18:35.780961,1,0.0691,0.0691,0.0441,0.0000,1.0455,-0.3230,-0.9943,5
2026-03-21T04:18:35.780961,2,0.0810,0.0810,0.0350,0.0000,1.1343,-0.1186,-1.1280,5
2026-03-21T04:18:35.780961,3,0.1076,0.1076,0.0868,0.0000,1.0419,0.0172,-1.0418,7
2026-03-21T04:18:35.780961,4,0.0857,0.0857,0.0637,0.0000,0.9868,0.3693,-0.9151,7
2026-03-21T04:18:35.780961,5,0.2863,0.2863,0.1648,0.0000,1.0512,-0.2250,1.0269,18
2026-03-21T04:18:35.780961,6,0.0604,0.0604,0.0563,0.0000,0.2824,-0.1241,0.2536,9
2026-03-21T04:18:35.849469,0,0.0468,0.0211,0.0468,0.0000,0.3208,-0.1454,-0.2860,7
2026-03-21T04:18:35.849469,1,0.0810,0.0810,0.0278,0.0000,1.1347,-0.1187,-1.1284,5
2026-03-21T04:18:35.849469,2,0.0580,0.0580,0.0540,0.0000,0.9845,0.3686,-0.9129,5
2026-03-21T04:18:35.849469,3,0.2850,0.2850,0.1665,0.0000,1.0522,-0.2252,1.0278,18
2026-03-21T04:18:35.849469,4,0.0632,0.0632,0.0526,0.0000,0.2781,-0.1208,0.2505,7
2026-03-21T04:18:35.919849,0,0.0520,0.0198,0.0520,0.0000,0.3194,-0.1447,-0.2847,7
2026-03-21T04:18:35.919849,1,0.1007,0.1007,0.0330,0.0000,1.1275,-0.1082,-1.1223,6
2026-03-21T04:18:35.919849,2,0.1123,0.0864,0.1123,0.0000,0.9918,0.3628,-0.9231,8
2026-03-21T04:18:35.919849,3,0.0908,0.0908,0.0409,0.0959,1.4192,0.7097,-1.2290,5
2026-03-21T04:18:35.919849,4,0.2633,0.2633,0.1716,0.0000,1.0503,-0.2341,1.0238,17
2026-03-21T04:18:35.919849,5,0.0592,0.0592,0.0461,0.0000,0.2770,-0.1219,0.2488,9
2026-03-21T04:18:35.989435,0,0.0653,0.0167,0.0653,0.0000,0.3197,-0.1447,-0.2850,7
2026-03-21T04:18:35.989435,1,0.1085,0.1085,0.0587,0.0000,1.0516,-0.3250,-1.0002,7
2026-03-21T04:18:35.989435,2,0.0842,0.0782,0.0842,0.0000,0.9828,0.3676,-0.9115,7
2026-03-21T04:18:35.989435,3,0.0928,0.0928,0.0366,0.1028,1.4160,0.6866,-1.2384,5
2026-03-21T04:18:35.989435,4,0.2847,0.2847,0.1705,0.0000,1.0516,-0.2251,1.0272,18
2026-03-21T04:18:35.989435,5,0.0670,0.0670,0.0558,0.0000,0.2799,-0.1232,0.2513,9
2026-03-21T04:18:36.058477,0,0.0548,0.0234,0.0548,0.0000,0.3202,-0.1450,-0.2855,7
2026-03-21T04:18:36.058477,1,0.0939,0.0939,0.0393,0.0000,1.0495,-0.3332,-0.9952,6
2026-03-21T04:18:36.058477,2,0.1047,0.1047,0.0836,0.0000,1.0278,0.0349,-1.0272,7
2026-03-21T04:18:36.058477,3,0.1032,0.0904,0.1032,0.0000,0.9928,0.3632,-0.9240,8
2026-03-21T04:18:36.058477,4,0.0899,0.0899,0.0418,0.1055,1.4168,0.6869,-1.2391,5
2026-03-21T04:18:36.058477,5,0.2665,0.2665,0.1562,0.0000,1.0494,-0.2340,1.0230,17
2026-03-21T04:18:36.058477,6,0.0597,0.0597,0.0508,0.0000,0.2805,-0.1229,0.2521,7
2026-03-21T04:18:36.128728,0,0.0628,0.0170,0.0628,0.0000,0.3171,-0.1435,-0.2827,7
2026-03-21T04:18:36.128728,1,0.0700,0.0700,0.0355,0.0000,1.0473,-0.3236,-0.9960,5
2026-03-21T04:18:36.128728,2,0.1076,0.1076,0.0948,0.0000,1.0422,0.0171,-1.0421,7
2026-03-21T04:18:36.128728,3,0.0985,0.0985,0.0817,0.0000,0.9892,0.3621,-0.9205,8
2026-03-21T04:18:36.128728,4,0.2880,0.2880,0.1645,0.0000,1.0524,-0.2253,1.0280,18
2026-03-21T04:18:36.128728,5,0.0592,0.0592,0.0472,0.0000,0.2907,-0.1279,0.2610,9
2026-03-21T04:18:36.197461,0,0.0511,0.0203,0.0511,0.0000,0.3169,-0.1436,-0.2826,7
2026-03-21T04:18:36.197461,1,0.0799,0.0799,0.0212,0.0000,1.0477,-0.3414,-0.9905,5
2026-03-21T04:18:36.197461,2,0.0797,0.0797,0.0250,0.0000,1.1335,-0.1185,-1.1272,5
2026-03-21T04:18:36.197461,3,0.0975,0.0924,0.0975,0.0000,0.9896,0.3620,-0.9210,8
2026-03-21T04:18:36.197461,4,0.2848,0.2848,0.1644,0.0000,1.0504,-0.2249,1.0260,18
2026-03-21T04:18:36.197461,5,0.0575,0.0575,0.0379,0.0000,0.2833,-0.1247,0.2543,9
2026-03-21T04:18:36.267718,0,0.0590,0.0152,0.0590,0.0000,0.3178,-0.1439,-0.2834,7
2026-03-21T04:18:36.267718,1,0.0691,0.0691,0.0432,0.0000,1.0453,-0.3230,-0.9941,5
2026-03-21T04:18:36.267718,2,0.0838,0.0838,0.0662,0.0000,0.9824,0.3677,-0.9110,7
2026-03-21T04:18:36.267718,3,0.2846,0.2846,0.1674,0.0000,1.0517,-0.2251,1.0273,18
2026-03-21T04:18:36.267718,4,0.0685,0.0685,0.0584,0.0000,0.2846,-0.1254,0.2555,9
2026-03-21T04:18:36.337881,0,0.0554,0.0139,0.0554,0.0000,0.3164,-0.1432,-0.2821,7
2026-03-21T04:18:36.337881,1,0.0695,0.0695,0.0394,0.0000,1.0481,-0.3238,-0.9968,5
2026-03-21T04:18:36.337881,2,0.0692,0.0689,0.0692,0.0000,1.0227,0.0351,-1.0221,5
2026-03-21T04:18:36.337881,3,0.0973,0.0973,0.0778,0.0000,0.9884,0.3700,-0.9165,7
2026-03-21T04:18:36.337881,4,0.2859,0.2859,0.1698,0.0000,1.0529,-0.2254,1.0285,18
2026-03-21T04:18:36.337881,5,0.0541,0.0541,0.0452,0.0000,0.2823,-0.1238,0.2537,7
2026-03-21T04:18:36.407483,0,0.0619,0.0200,0.0619,0.0000,0.3177,-0.1438,-0.2832,7
2026-03-21T04:18:36.407483,1,0.0692,0.0692,0.0365,0.0000,1.0449,-0.3229,-0.9937,5
2026-03-21T04:18:36.407483,2,0.0807,0.0807,0.0238,0.0000,1.1341,-0.1186,-1.1278,5
2026-03-21T04:18:36.407483,3,0.0695,0.0695,0.0644,0.0000,1.0271,0.0352,-1.0265,5
2026-03-21T04:18:36.407483,4,0.0827,0.0827,0.0816,0.0000,0.9837,0.3680,-0.9123,7
2026-03-21T04:18:36.407483,5,0.0889,0.0889,0.0436,0.1064,1.4178,0.6874,-1.2400,5
2026-03-21T04:18:36.407483,6,0.2848,0.2848,0.1685,0.0000,1.0524,-0.2253,1.0280,18
2026-03-21T04:18:36.407483,7,0.0637,0.0637,0.0581,0.0000,0.2763,-0.1218,0.2480,9
2026-03-21T04:18:36.478476,0,0.0575,0.0200,0.0575,0.0000,0.3207,-0.1452,-0.2859,7
2026-03-21T04:18:36.478476,1,0.0703,0.0703,0.0375,0.0000,1.0461,-0.3232,-0.9949,5
2026-03-21T04:18:36.478476,2,0.0779,0.0779,0.0310,0.0000,1.1257,-0.0981,-1.1214,5
2026-03-21T04:18:36.478476,3,0.0740,0.0740,0.0560,0.0000,1.0581,-0.0004,-1.0581,5
2026-03-21T04:18:36.478476,4,0.1132,0.0857,0.1132,0.0000,0.9883,0.3615,-0.9199,8
2026-03-21T04:18:36.478476,5,0.0895,0.0895,0.0427,0.1073,1.4168,0.6869,-1.2391,5
2026-03-21T04:18:36.478476,6,0.2863,0.2863,0.1661,0.0000,1.0521,-0.2252,1.0277,18
2026-03-21T04:18:36.478476,7,0.0634,0.0634,0.0536,0.0000,0.2816,-0.1236,0.2531,7
2026-03-21T04:18:36.548159,0,0.0527,0.0173,0.0527,0.0000,0.3169,-0.1436,-0.2826,7
2026-03-21T04:18:36.548159,1,0.0787,0.0787,0.0175,0.0000,1.0489,-0.3418,-0.9916,5
2026-03-21T04:18:36.548159,2,0.0796,0.0796,0.0290,0.0000,1.1319,-0.1183,-1.1257,5
2026-03-21T04:18:36.548159,3,0.1049,0.0893,0.1049,0.0000,0.9918,0.3628,-0.9231,8
2026-03-21T04:18:36.548159,4,0.0908,0.0908,0.0400,0.1037,1.4162,0.6866,-1.2386,5
2026-03-21T04:18:36.548159,5,0.2854,0.2854,0.1646,0.0000,1.0507,-0.2249,1.0264,18
2026-03-21T04:18:36.617251,0,0.0513,0.0260,0.0513,0.0000,0.3194,-0.1447,-0.2847,7
2026-03-21T04:18:36.617251,1,0.0738,0.0738,0.0326,0.0000,1.0479,-0.3239,-0.9966,5
2026-03-21T04:18:36.617251,2,0.0800,0.0800,0.0310,0.0000,1.1361,-0.1187,-1.1298,5
2026-03-21T04:18:36.617251,3,0.0700,0.0700,0.0554,0.0000,1.0307,0.0355,-1.0301,5
2026-03-21T04:18:36.617251,4,0.0931,0.0931,0.0712,0.0000,0.9864,0.3692,-0.9147,7
2026-03-21T04:18:36.617251,5,0.2845,0.2845,0.1694,0.0000,1.0514,-0.2250,1.0270,18
2026-03-21T04:18:36.617251,6,0.0559,0.0559,0.0490,0.0000,0.2843,-0.1251,0.2553,9
2026-03-21T04:18:36.687173,0,0.0572,0.0133,0.0572,0.0000,0.3187,-0.1443,-0.2841,7
2026-03-21T04:18:36.687173,1,0.0831,0.0831,0.0230,0.0000,1.0489,-0.3418,-0.9916,5
2026-03-21T04:18:36.687173,2,0.0700,0.0700,0.0582,0.0000,1.0259,0.0353,-1.0253,5
2026-03-21T04:18:36.687173,3,0.0895,0.0750,0.0895,0.0000,0.9847,0.3683,-0.9132,7
2026-03-21T04:18:36.687173,4,0.0875,0.0875,0.0462,0.1091,1.4162,0.6866,-1.2386,5
2026-03-21T04:18:36.687173,5,0.2845,0.2845,0.1684,0.0000,1.0516,-0.2250,1.0272,18
2026-03-21T04:18:36.687173,6,0.0742,0.0742,0.0690,0.0000,0.2858,-0.1260,0.2565,9
2026-03-21T04:18:36.756084,0,0.0610,0.0163,0.0610,0.0000,0.3195,-0.1446,-0.2849,7
2026-03-21T04:18:36.756084,1,0.0716,0.0716,0.0582,0.0000,1.0411,0.0177,-1.0409,5
2026-03-21T04:18:36.756084,2,0.0970,0.0743,0.0970,0.0000,0.9957,0.3562,-0.9298,7
2026-03-21T04:18:36.756084,3,0.0899,0.0899,0.0418,0.1055,1.4164,0.6867,-1.2387,5
2026-03-21T04:18:36.756084,4,0.2850,0.2850,0.1736,0.0000,1.0515,-0.2249,1.0271,18
2026-03-21T04:18:36.756084,5,0.0587,0.0587,0.0499,0.0000,0.2807,-0.1235,0.2521,9
2026-03-21T04:18:36.825383,0,0.0557,0.0188,0.0557,0.0000,0.3191,-0.1445,-0.2845,7
2026-03-21T04:18:36.825383,1,0.1081,0.1081,0.0887,0.0000,1.0414,0.0172,-1.0412,7
2026-03-21T04:18:36.825383,2,0.1029,0.1029,0.0905,0.0000,0.9962,0.3646,-0.9271,8
2026-03-21T04:18:36.825383,3,0.2873,0.2873,0.1620,0.0000,1.0517,-0.2252,1.0273,18
2026-03-21T04:18:36.825383,4,0.0678,0.0678,0.0580,0.0000,0.2808,-0.1237,0.2521,9
2026-03-21T04:18:36.894941,0,0.0530,0.0198,0.0530,0.0000,0.3177,-0.1439,-0.2832,7
2026-03-21T04:18:36.894941,1,0.0773,0.0773,0.0207,0.0000,1.0481,-0.3414,-0.9909,5
2026-03-21T04:18:36.894941,2,0.0797,0.0797,0.0278,0.0000,1.1347,-0.1186,-1.1284,5
2026-03-21T04:18:36.894941,3,0.1239,0.1239,0.1071,0.0000,1.0343,0.0258,-1.0340,8
2026-03-21T04:18:36.894941,4,0.0983,0.0917,0.0983,0.0000,0.9918,0.3628,-0.9231,8
2026-03-21T04:18:36.894941,5,0.2847,0.2847,0.1654,0.0000,1.0518,-0.2251,1.0275,18
2026-03-21T04:18:36.894941,6,0.0612,0.0612,0.0607,0.0000,0.2769,-0.1188,0.2501,7
2026-03-21T04:18:36.964731,0,0.0619,0.0154,0.0619,0.0000,0.3189,-0.1443,-0.2844,7
2026-03-21T04:18:36.964731,1,0.1078,0.1078,0.0858,0.0000,1.0419,0.0171,-1.0418,7
2026-03-21T04:18:36.964731,2,0.0856,0.0856,0.0626,0.0000,0.9837,0.3681,-0.9122,7
2026-03-21T04:18:36.964731,3,0.2852,0.2852,0.1666,0.0000,1.0516,-0.2250,1.0272,18
2026-03-21T04:18:36.964731,4,0.0633,0.0565,0.0633,0.0000,0.2801,-0.1232,0.2516,9
2026-03-21T04:18:37.034972,0,0.0521,0.0201,0.0521,0.0000,0.3172,-0.1437,-0.2828,7
2026-03-21T04:18:37.034972,1,0.0685,0.0685,0.0346,0.0000,1.0453,-0.3230,-0.9941,5
2026-03-21T04:18:37.034972,2,0.1076,0.1076,0.0888,0.0000,1.0399,0.0172,-1.0398,7
2026-03-21T04:18:37.034972,3,0.0843,0.0843,0.0664,0.0000,0.9833,0.3680,-0.9118,7
2026-03-21T04:18:37.034972,4,0.2848,0.2848,0.1695,0.0000,1.0518,-0.2251,1.0275,18
2026-03-21T04:18:37.034972,5,0.0721,0.0711,0.0721,0.0000,0.2890,-0.1272,0.2595,9
2026-03-21T04:18:37.104443,0,0.0511,0.0182,0.0511,0.0000,0.3169,-0.1436,-0.2826,7
2026-03-21T04:18:37.104443,1,0.0740,0.0740,0.0620,0.0000,1.0585,-0.0005,-1.0585,5
2026-03-21T04:18:37.104443,2,0.0911,0.0911,0.0585,0.0000,0.9848,0.3687,-0.9132,7
2026-03-21T04:18:37.104443,3,0.2658,0.2658,0.1620,0.0000,1.0493,-0.2339,1.0229,17
2026-03-21T04:18:37.104443,4,0.0508,0.0508,0.0488,0.0000,0.2844,-0.1251,0.2554,9
2026-03-21T04:18:37.173693,0,0.0441,0.0212,0.0441,0.0000,0.3187,-0.1444,-0.2841,7
2026-03-21T04:18:37.173693,1,0.0785,0.0785,0.0288,0.0000,1.1217,-0.0978,-1.1174,5
2026-03-21T04:18:37.173693,2,0.1073,0.1073,0.0908,0.0000,1.0404,0.0172,-1.0402,7
2026-03-21T04:18:37.173693,3,0.0897,0.0777,0.0897,0.0000,0.9965,0.3565,-0.9306,7
2026-03-21T04:18:37.173693,4,0.2659,0.2659,0.1579,0.0000,1.0481,-0.2337,1.0217,17
2026-03-21T04:18:37.173693,5,0.0611,0.0611,0.0525,0.0000,0.2841,-0.1253,0.2550,9
2026-03-21T04:18:37.243968,0,0.0449,0.0185,0.0449,0.0000,0.3187,-0.1444,-0.2841,7
2026-03-21T04:18:37.243968,1,0.0676,0.0676,0.0384,0.0000,1.0463,-0.3232,-0.9951,5
2026-03-21T04:18:37.243968,2,0.2117,0.2117,0.1201,0.0000,1.0882,-0.0498,-1.0871,12
2026-03-21T04:18:37.243968,3,0.0970,0.0970,0.0928,0.0000,0.9858,0.3607,-0.9175,8
2026-03-21T04:18:37.243968,4,0.2658,0.2658,0.1530,0.0000,1.0492,-0.2339,1.0228,17
2026-03-21T04:18:37.243968,5,0.0554,0.0518,0.0554,0.0000,0.2803,-0.1231,0.2518,9
2026-03-21T04:18:37.313806,0,0.0475,0.0193,0.0475,0.0000,0.3169,-0.1436,-0.2826,7
2026-03-21T04:18:37.313806,1,0.0696,0.0696,0.0355,0.0000,1.0485,-0.3240,-0.9972,5
2026-03-21T04:18:37.313806,2,0.0991,0.0991,0.0393,0.0000,1.1172,-0.0879,-1.1137,6
2026-03-21T04:18:37.313806,3,0.0879,0.0879,0.0750,0.0000,0.9855,0.3688,-0.9139,7
2026-03-21T04:18:37.313806,4,0.2869,0.2869,0.1598,0.0000,1.0524,-0.2253,1.0280,18
2026-03-21T04:18:37.313806,5,0.0699,0.0699,0.0633,0.0000,0.2798,-0.1217,0.2520,7
2026-03-21T04:18:37.383516,0,0.0572,0.0198,0.0572,0.0000,0.3152,-0.1427,-0.2811,7
2026-03-21T04:18:37.383516,1,0.0792,0.0792,0.0175,0.0000,1.0499,-0.3421,-0.9926,5
2026-03-21T04:18:37.383516,2,0.0697,0.0697,0.0644,0.0000,1.0321,0.0354,-1.0315,5
2026-03-21T04:18:37.383516,3,0.1025,0.1025,0.0905,0.0000,0.9927,0.3634,-0.9238,8
2026-03-21T04:18:37.383516,4,0.2649,0.2649,0.1638,0.0000,1.0487,-0.2338,1.0224,17
2026-03-21T04:18:37.383516,5,0.0495,0.0495,0.0416,0.0000,0.2866,-0.1260,0.2574,9
2026-03-21T04:18:37.453909,0,0.0548,0.0179,0.0548,0.0000,0.3188,-0.1444,-0.2842,7
2026-03-21T04:18:37.453909,1,0.0710,0.0710,0.0307,0.0000,1.0459,-0.3232,-0.9947,5
2026-03-21T04:18:37.453909,2,0.1075,0.1075,0.0898,0.0000,1.0404,0.0171,-1.0402,7
2026-03-21T04:18:37.453909,3,0.0965,0.0925,0.0965,0.0000,0.9901,0.3622,-0.9215,8
2026-03-21T04:18:37.453909,4,0.2838,0.2838,0.1744,0.0000,1.0528,-0.2254,1.0284,18
2026-03-21T04:18:37.453909,5,0.0665,0.0665,0.0598,0.0000,0.2789,-0.1230,0.2503,9
2026-03-21T04:18:37.523056,0,0.0467,0.0235,0.0467,0.0000,0.3151,-0.1428,-0.2809,7
2026-03-21T04:18:37.523056,1,0.0799,0.0799,0.0155,0.0000,1.0513,-0.3425,-0.9939,5
2026-03-21T04:18:37.523056,2,0.0740,0.0740,0.0570,0.0000,1.0587,-0.0004,-1.0587,5
2026-03-21T04:18:37.523056,3,0.1027,0.1027,0.0812,0.0000,0.9874,0.3856,-0.9090,7
2026-03-21T04:18:37.523056,4,0.2842,0.2842,0.1694,0.0000,1.0516,-0.2251,1.0272,18
2026-03-21T04:18:37.523056,5,0.0748,0.0748,0.0742,0.0000,0.2803,-0.1237,0.2515,9
2026-03-21T04:18:37.592688,0,0.0492,0.0168,0.0492,0.0000,0.3182,-0.1442,-0.2837,7
2026-03-21T04:18:37.592688,1,0.0698,0.0698,0.0336,0.0000,1.0449,-0.3229,-0.9937,5
2026-03-21T04:18:37.592688,2,0.2126,0.2126,0.1350,0.0000,1.0878,-0.0500,-1.0866,12
2026-03-21T04:18:37.592688,3,0.0714,0.0641,0.0714,0.0000,0.9917,0.3631,-0.9229,6
2026-03-21T04:18:37.592688,4,0.0898,0.0898,0.0426,0.0968,1.4190,0.7096,-1.2288,5
2026-03-21T04:18:37.592688,5,0.2646,0.2646,0.1637,0.0000,1.0496,-0.2339,1.0232,17
2026-03-21T04:18:37.592688,6,0.0646,0.0646,0.0514,0.0000,0.2811,-0.1238,0.2524,9
2026-03-21T04:18:37.661990,0,0.0607,0.0184,0.0607,0.0000,0.3189,-0.1444,-0.2844,7
2026-03-21T04:18:37.661990,1,0.0884,0.0884,0.0393,0.0000,1.0500,-0.3333,-0.9957,6
2026-03-21T04:18:37.661990,2,0.0814,0.0814,0.0772,0.0000,0.9881,0.3697,-0.9164,7
2026-03-21T04:18:37.661990,3,0.2666,0.2666,0.1552,0.0000,1.0490,-0.2339,1.0226,17
2026-03-21T04:18:37.661990,4,0.0726,0.0726,0.0664,0.0000,0.2837,-0.1252,0.2546,9
2026-03-21T04:18:37.731482,0,0.0557,0.0237,0.0557,0.0000,0.3188,-0.1444,-0.2842,7
2026-03-21T04:18:37.731482,1,0.0944,0.0736,0.0944,0.0000,0.9864,0.3688,-0.9148,7
2026-03-21T04:18:37.731482,2,0.2843,0.2843,0.1714,0.0000,1.0538,-0.2255,1.0294,18
2026-03-21T04:18:37.731482,3,0.0596,0.0596,0.0416,0.0000,0.2827,-0.1245,0.2538,9
2026-03-21T04:18:37.800720,0,0.0603,0.0174,0.0603,0.0000,0.3201,-0.1449,-0.2854,7
2026-03-21T04:18:37.800720,1,0.0808,0.0808,0.0298,0.0000,1.1345,-0.1186,-1.1282,5
2026-03-21T04:18:37.800720,2,0.0692,0.0692,0.0604,0.0000,1.0237,0.0352,-1.0231,5
2026-03-21T04:18:37.800720,3,0.1179,0.0841,0.1179,0.0000,0.9917,0.3626,-0.9230,8
2026-03-21T04:18:37.800720,4,0.2670,0.2670,0.1582,0.0000,1.0501,-0.2341,1.0237,17
2026-03-21T04:18:37.800720,5,0.0626,0.0626,0.0563,0.0000,0.2820,-0.1242,0.2532,9
2026-03-21T04:18:37.870813,0,0.0555,0.0218,0.0555,0.0000,0.3175,-0.1438,-0.2831,7
2026-03-21T04:18:37.870813,1,0.0935,0.0935,0.0288,0.0000,1.0515,-0.3338,-0.9971,6
2026-03-21T04:18:37.870813,2,0.0793,0.0793,0.0583,0.0000,1.1215,-0.0786,-1.1187,5
2026-03-21T04:18:37.870813,3,0.1079,0.0908,0.1079,0.0000,0.9885,0.3615,-0.9200,8
2026-03-21T04:18:37.870813,4,0.0890,0.0890,0.0436,0.1082,1.4172,0.6871,-1.2395,5
2026-03-21T04:18:37.870813,5,0.2833,0.2833,0.1732,0.0000,1.0521,-0.2251,1.0277,18
2026-03-21T04:18:37.870813,6,0.0615,0.0615,0.0452,0.0000,0.2833,-0.1248,0.2543,9
2026-03-21T04:18:37.940551,0,0.0610,0.0174,0.0610,0.0000,0.3207,-0.1452,-0.2859,7
2026-03-21T04:18:37.940551,1,0.0686,0.0686,0.0384,0.0000,1.0453,-0.3230,-0.9941,5
2026-03-21T04:18:37.940551,2,0.0783,0.0783,0.0262,0.0000,1.1235,-0.0979,-1.1192,5
2026-03-21T04:18:37.940551,3,0.1015,0.0783,0.1015,0.0000,0.9932,0.3553,-0.9275,7
2026-03-21T04:18:37.940551,4,0.2840,0.2840,0.1714,0.0000,1.0514,-0.2250,1.0270,18
2026-03-21T04:18:37.940551,5,0.0794,0.0614,0.0794,0.0000,0.2820,-0.1240,0.2533,9
2026-03-21T04:18:38.010673,0,0.0405,0.0206,0.0405,0.0000,0.3189,-0.1446,-0.2843,7
2026-03-21T04:18:38.010673,1,0.0700,0.0700,0.0336,0.0000,1.0443,-0.3227,-0.9932,5
2026-03-21T04:18:38.010673,2,0.1021,0.1021,0.0321,0.0000,1.1272,-0.1082,-1.1220,6
2026-03-21T04:18:38.010673,3,0.0698,0.0698,0.0574,0.0000,1.0273,0.0353,-1.0267,5
2026-03-21T04:18:38.010673,4,0.1126,0.0883,0.1126,0.0000,0.9876,0.3611,-0.9192,8
2026-03-21T04:18:38.010673,5,0.2855,0.2855,0.1676,0.0000,1.0526,-0.2253,1.0282,18
2026-03-21T04:18:38.010673,6,0.0729,0.0729,0.0685,0.0000,0.2896,-0.1273,0.2601,7
2026-03-21T04:18:38.079536,0,0.0595,0.0230,0.0595,0.0000,0.3207,-0.1452,-0.2859,7
2026-03-21T04:18:38.079536,1,0.0926,0.0926,0.0384,0.0000,1.0509,-0.3336,-0.9965,6
2026-03-21T04:18:38.079536,2,0.0880,0.0880,0.0763,0.0000,1.0310,0.0262,-1.0307,6
2026-03-21T04:18:38.079536,3,0.0850,0.0850,0.0794,0.0000,0.9801,0.3667,-0.9089,7
2026-03-21T04:18:38.079536,4,0.2838,0.2838,0.1744,0.0000,1.0509,-0.2249,1.0266,18
2026-03-21T04:18:38.079536,5,0.0625,0.0625,0.0476,0.0000,0.2867,-0.1263,0.2574,9
2026-03-21T04:18:38.149732,0,0.0539,0.0181,0.0539,0.0000,0.3212,-0.1455,-0.2864,7
2026-03-21T04:18:38.149732,1,0.0906,0.0906,0.0411,0.1082,1.4180,0.6875,-1.2401,5
2026-03-21T04:18:38.149732,2,0.2659,0.2659,0.1579,0.0000,1.0476,-0.2335,1.0212,17
2026-03-21T04:18:38.149732,3,0.0626,0.0626,0.0500,0.0000,0.2868,-0.1264,0.2575,9
2026-03-21T04:18:38.219628,0,0.0556,0.0179,0.0556,0.0000,0.3172,-0.1437,-0.2828,7
2026-03-21T04:18:38.219628,1,0.0786,0.0786,0.0250,0.0000,1.0469,-0.3411,-0.9897,5
2026-03-21T04:18:38.219628,2,0.1078,0.1078,0.0888,0.0000,1.0409,0.0172,-1.0408,7
2026-03-21T04:18:38.219628,3,0.1165,0.0890,0.1165,0.0000,0.9927,0.3629,-0.9240,8
2026-03-21T04:18:38.219628,4,0.2840,0.2840,0.1724,0.0000,1.0524,-0.2252,1.0280,18
2026-03-21T04:18:38.219628,5,0.0645,0.0549,0.0645,0.0000,0.2814,-0.1239,0.2526,9
2026-03-21T04:18:38.289155,0,0.0584,0.0226,0.0584,0.0000,0.3195,-0.1447,-0.2849,7
2026-03-21T04:18:38.289155,1,0.0834,0.0834,0.0682,0.0000,0.9855,0.3688,-0.9139,7
2026-03-21T04:18:38.289155,2,0.0894,0.0894,0.0427,0.1064,1.4172,0.6871,-1.2394,5
2026-03-21T04:18:38.289155,3,0.2840,0.2840,0.1724,0.0000,1.0511,-0.2249,1.0268,18
2026-03-21T04:18:38.289155,4,0.0756,0.0756,0.0727,0.0000,0.2836,-0.1252,0.2545,9
2026-03-21T04:18:38.359453,0,0.0575,0.0199,0.0575,0.0000,0.3172,-0.1437,-0.2828,7
2026-03-21T04:18:38.359453,1,0.0936,0.0936,0.0374,0.0000,1.0527,-0.3342,-0.9982,6
2026-03-21T04:18:38.359453,2,0.0981,0.0981,0.0250,0.0000,1.1220,-0.1075,-1.1168,6
2026-03-21T04:18:38.359453,3,0.1043,0.1043,0.0906,0.0000,1.0268,0.0348,-1.0262,7
2026-03-21T04:18:38.359453,4,0.0977,0.0977,0.0907,0.0000,0.9933,0.3635,-0.9244,8
2026-03-21T04:18:38.359453,5,0.2666,0.2666,0.1572,0.0000,1.0493,-0.2338,1.0229,17
2026-03-21T04:18:38.359453,6,0.0618,0.0618,0.0439,0.0000,0.2897,-0.1276,0.2601,9
2026-03-21T04:18:38.429429,0,0.0565,0.0191,0.0565,0.0000,0.3189,-0.1445,-0.2844,7
2026-03-21T04:18:38.429429,1,0.1053,0.1053,0.0786,0.0000,1.0289,0.0350,-1.0284,7
2026-03-21T04:18:38.429429,2,0.0992,0.0951,0.0992,0.0000,0.9938,0.3636,-0.9249,8
2026-03-21T04:18:38.429429,3,0.2847,0.2847,0.1745,0.0000,1.0540,-0.2256,1.0296,18
2026-03-21T04:18:38.429429,4,0.0616,0.0616,0.0591,0.0000,0.2816,-0.1218,0.2539,6
2026-03-21T04:18:38.498641,0,0.0549,0.0231,0.0549,0.0000,0.3204,-0.1451,-0.2856,7
2026-03-21T04:18:38.498641,1,0.0700,0.0700,0.0514,0.0000,1.0261,0.0353,-1.0255,5
2026-03-21T04:18:38.498641,2,0.0893,0.0745,0.0893,0.0000,0.9835,0.3679,-0.9122,7
2026-03-21T04:18:38.498641,3,0.0899,0.0899,0.0418,0.1055,1.4168,0.6869,-1.2391,5
2026-03-21T04:18:38.498641,4,0.2843,0.2843,0.1674,0.0000,1.0524,-0.2253,1.0281,18
2026-03-21T04:18:38.498641,5,0.0646,0.0646,0.0545,0.0000,0.2840,-0.1251,0.2550,9
2026-03-21T04:18:38.568526,0,0.0478,0.0243,0.0478,0.0000,0.3195,-0.1448,-0.2848,7
2026-03-21T04:18:38.568526,1,0.0796,0.0796,0.0221,0.0000,1.0527,-0.3430,-0.9952,5
2026-03-21T04:18:38.568526,2,0.1091,0.0864,0.1091,0.0000,0.9850,0.3602,-0.9167,8
2026-03-21T04:18:38.568526,3,0.2318,0.2318,0.1212,0.0000,1.0434,-0.2511,1.0128,15
2026-03-21T04:18:38.568526,4,0.0634,0.0634,0.0476,0.0000,0.2883,-0.1271,0.2587,9
2026-03-21T04:18:38.638011,0,0.0575,0.0208,0.0575,0.0000,0.3171,-0.1436,-0.2827,7
2026-03-21T04:18:38.638011,1,0.0948,0.0948,0.0307,0.0000,1.0530,-0.3344,-0.9985,6
2026-03-21T04:18:38.638011,2,0.0698,0.0698,0.0594,0.0000,1.0293,0.0354,-1.0287,5
2026-03-21T04:18:38.638011,3,0.0886,0.0886,0.0743,0.0000,0.9887,0.3700,-0.9168,7
2026-03-21T04:18:38.638011,4,0.2850,0.2850,0.1696,0.0000,1.0536,-0.2255,1.0292,18
2026-03-21T04:18:38.638011,5,0.0572,0.0572,0.0481,0.0000,0.2823,-0.1240,0.2537,7
2026-03-21T04:18:38.707494,0,0.0532,0.0213,0.0532,0.0000,0.3181,-0.1441,-0.2836,7
2026-03-21T04:18:38.707494,1,0.0947,0.0947,0.0317,0.0000,1.0517,-0.3339,-0.9973,6
2026-03-21T04:18:38.707494,2,0.0790,0.0790,0.0288,0.0000,1.1233,-0.0979,-1.1190,5
2026-03-21T04:18:38.707494,3,0.1037,0.1037,0.0708,0.0000,1.0177,0.0524,-1.0163,7
2026-03-21T04:18:38.707494,4,0.1133,0.0861,0.1133,0.0000,0.9907,0.3623,-0.9221,8
2026-03-21T04:18:38.707494,5,0.2856,0.2856,0.1656,0.0000,1.0519,-0.2252,1.0275,18
2026-03-21T04:18:38.707494,6,0.0743,0.0743,0.0689,0.0000,0.2883,-0.1270,0.2588,9
2026-03-21T04:18:38.776910,0,0.0468,0.0195,0.0468,0.0000,0.3211,-0.1455,-0.2862,7
2026-03-21T04:18:38.776910,1,0.0910,0.0910,0.0432,0.0000,1.0495,-0.3332,-0.9952,6
2026-03-21T04:18:38.776910,2,0.0693,0.0693,0.0624,0.0000,1.0233,0.0352,-1.0227,5
2026-03-21T04:18:38.776910,3,0.0837,0.0837,0.0661,0.0000,0.9814,0.3673,-0.9101,7
2026-03-21T04:18:38.776910,4,0.2661,0.2661,0.1590,0.0000,1.0490,-0.2337,1.0226,17
2026-03-21T04:18:38.776910,5,0.0630,0.0630,0.0522,0.0000,0.2816,-0.1241,0.2528,9
2026-03-21T04:18:38.846160,0,0.0531,0.0167,0.0531,0.0000,0.3212,-0.1455,-0.2864,7
2026-03-21T04:18:38.846160,1,0.0914,0.0914,0.0375,0.0000,1.0504,-0.3334,-0.9960,6
2026-03-21T04:18:38.846160,2,0.0797,0.0797,0.0268,0.0000,1.1265,-0.0983,-1.1222,5
2026-03-21T04:18:38.846160,3,0.0718,0.0718,0.0492,0.0000,1.0431,0.0177,-1.0429,5
2026-03-21T04:18:38.846160,4,0.1006,0.0920,0.1006,0.0000,0.9910,0.3626,-0.9222,8
2026-03-21T04:18:38.846160,5,0.1128,0.1128,0.0523,0.1082,1.4190,0.6988,-1.2350,6
2026-03-21T04:18:38.846160,6,0.2673,0.2673,0.1522,0.0000,1.0477,-0.2337,1.0214,17
2026-03-21T04:18:38.846160,7,0.0586,0.0586,0.0408,0.0000,0.2832,-0.1243,0.2545,7
2026-03-21T04:18:38.916053,0,0.0530,0.0161,0.0530,0.0000,0.3187,-0.1443,-0.2841,7
2026-03-21T04:18:38.916053,1,0.0691,0.0691,0.0318,0.0000,1.0455,-0.3230,-0.9943,5
2026-03-21T04:18:38.916053,2,0.0699,0.0699,0.0574,0.0000,1.0275,0.0353,-1.0269,5
2026-03-21T04:18:38.916053,3,0.1016,0.0943,0.1016,0.0000,0.9921,0.3629,-0.9233,8
2026-03-21T04:18:38.916053,4,0.0885,0.0885,0.0445,0.1082,1.4172,0.6871,-1.2395,5
2026-03-21T04:18:38.916053,5,0.2665,0.2665,0.1571,0.0000,1.0485,-0.2337,1.0221,17
2026-03-21T04:18:38.916053,6,0.0701,0.0701,0.0610,0.0000,0.2842,-0.1247,0.2554,7
2026-03-21T04:18:38.985422,0,0.0575,0.0203,0.0575,0.0000,0.3194,-0.1446,-0.2847,7
2026-03-21T04:18:38.985422,1,0.0694,0.0694,0.0327,0.0000,1.0449,-0.3229,-0.9937,5
2026-03-21T04:18:38.985422,2,0.0697,0.0697,0.0584,0.0000,1.0275,0.0353,-1.0269,5
2026-03-21T04:18:38.985422,3,0.0957,0.0957,0.0913,0.0000,0.9930,0.3633,-0.9241,8
2026-03-21T04:18:38.985422,4,0.1132,0.1132,0.0514,0.1064,1.4194,0.6990,-1.2353,6
2026-03-21T04:18:38.985422,5,0.2836,0.2836,0.1733,0.0000,1.0527,-0.2253,1.0283,18
2026-03-21T04:18:38.985422,6,0.0661,0.0661,0.0540,0.0000,0.2835,-0.1249,0.2545,9
2026-03-21T04:18:39.055500,0,0.0521,0.0179,0.0521,0.0000,0.3182,-0.1441,-0.2837,7
2026-03-21T04:18:39.055500,1,0.0817,0.0817,0.0240,0.0000,1.0521,-0.3429,-0.9946,5
2026-03-21T04:18:39.055500,2,0.0702,0.0702,0.0535,0.0000,1.0311,0.0355,-1.0305,5
2026-03-21T04:18:39.055500,3,0.0595,0.0595,0.0445,0.0000,1.0029,0.3429,-0.9425,5
2026-03-21T04:18:39.055500,4,0.0916,0.0916,0.0393,0.1082,1.4180,0.6875,-1.2401,5
2026-03-21T04:18:39.055500,5,0.2846,0.2846,0.1715,0.0000,1.0523,-0.2252,1.0279,18
2026-03-21T04:18:39.055500,6,0.0569,0.0569,0.0498,0.0000,0.2816,-0.1236,0.2530,7
2026-03-21T04:18:39.125625,0,0.0511,0.0187,0.0511,0.0000,0.3187,-0.1444,-0.2841,7
2026-03-21T04:18:39.125625,1,0.0708,0.0708,0.0375,0.0000,1.0487,-0.3241,-0.9974,5
2026-03-21T04:18:39.125625,2,0.0954,0.0954,0.0880,0.0000,0.9862,0.3609,-0.9178,8
2026-03-21T04:18:39.125625,3,0.2854,0.2854,0.1686,0.0000,1.0519,-0.2252,1.0276,18
2026-03-21T04:18:39.125625,4,0.0684,0.0684,0.0619,0.0000,0.2870,-0.1261,0.2579,7
2026-03-21T04:18:39.194871,0,0.0567,0.0171,0.0567,0.0000,0.3218,-0.1457,-0.2869,7
2026-03-21T04:18:39.194871,1,0.0940,0.0940,0.0317,0.0000,1.0525,-0.3341,-0.9981,6
2026-03-21T04:18:39.194871,2,0.1079,0.1079,0.0918,0.0000,1.0437,0.0172,-1.0435,7
2026-03-21T04:18:39.194871,3,0.1043,0.0712,0.1043,0.0000,0.9920,0.3548,-0.9263,7
2026-03-21T04:18:39.194871,4,0.0898,0.0898,0.0426,0.0968,1.4196,0.7099,-1.2293,5
2026-03-21T04:18:39.194871,5,0.2666,0.2666,0.1561,0.0000,1.0480,-0.2336,1.0216,17
2026-03-21T04:18:39.194871,6,0.0602,0.0602,0.0507,0.0000,0.2808,-0.1239,0.2520,9
2026-03-21T04:18:39.264757,0,0.0486,0.0233,0.0486,0.0000,0.3194,-0.1447,-0.2847,7
2026-03-21T04:18:39.264757,1,0.0795,0.0795,0.0193,0.0000,1.0461,-0.3408,-0.9890,5
2026-03-21T04:18:39.264757,2,0.0897,0.0897,0.0572,0.0000,0.9815,0.3674,-0.9102,7
2026-03-21T04:18:39.264757,3,0.2671,0.2671,0.1541,0.0000,1.0500,-0.2341,1.0236,17
2026-03-21T04:18:39.264757,4,0.0612,0.0612,0.0551,0.0000,0.2831,-0.1243,0.2543,7
2026-03-21T04:18:39.335057,0,0.0567,0.0179,0.0567,0.0000,0.3205,-0.1451,-0.2858,7
2026-03-21T04:18:39.335057,1,0.0929,0.0929,0.0327,0.0000,1.0530,-0.3343,-0.9986,6
2026-03-21T04:18:39.335057,2,0.1011,0.1011,0.0214,0.0000,1.1287,-0.1084,-1.1235,6
2026-03-21T04:18:39.335057,3,0.1078,0.1078,0.0958,0.0000,1.0454,0.0172,-1.0452,7
2026-03-21T04:18:39.335057,4,0.1092,0.0865,0.1092,0.0000,0.9930,0.3632,-0.9242,8
2026-03-21T04:18:39.335057,5,0.2859,0.2859,0.1616,0.0000,1.0516,-0.2252,1.0272,18
2026-03-21T04:18:39.335057,6,0.0635,0.0635,0.0499,0.0000,0.2836,-0.1250,0.2545,9
2026-03-21T04:18:39.404458,0,0.0531,0.0173,0.0531,0.0000,0.3211,-0.1454,-0.2863,7
2026-03-21T04:18:39.404458,1,0.0916,0.0916,0.0327,0.0000,1.0479,-0.3327,-0.9937,6
2026-03-21T04:18:39.404458,2,0.0795,0.0795,0.0433,0.0000,1.1189,-0.0784,-1.1161,5
2026-03-21T04:18:39.404458,3,0.1138,0.0847,0.1138,0.0000,0.9836,0.3597,-0.9155,8
2026-03-21T04:18:39.404458,4,0.2862,0.2862,0.1617,0.0000,1.0524,-0.2252,1.0281,18
2026-03-21T04:18:39.404458,5,0.0652,0.0652,0.0573,0.0000,0.2829,-0.1239,0.2543,7
2026-03-21T04:18:39.474553,0,0.0485,0.0189,0.0485,0.0000,0.3208,-0.1453,-0.2860,7
2026-03-21T04:18:39.474553,1,0.0812,0.0812,0.0211,0.0000,1.0501,-0.3422,-0.9928,5
2026-03-21T04:18:39.474553,2,0.0741,0.0741,0.0550,0.0000,1.0591,-0.0005,-1.0591,5
2026-03-21T04:18:39.474553,3,0.1113,0.1113,0.0988,0.0000,0.9911,0.3707,-0.9192,9
2026-03-21T04:18:39.474553,4,0.2840,0.2840,0.1683,0.0000,1.0508,-0.2249,1.0264,18
2026-03-21T04:18:39.474553,5,0.0697,0.0697,0.0612,0.0000,0.2836,-0.1245,0.2549,7
2026-03-21T04:18:39.544770,0,0.0511,0.0161,0.0511,0.0000,0.3214,-0.1455,-0.2865,7
2026-03-21T04:18:39.544770,1,0.0933,0.0933,0.0375,0.0000,1.0530,-0.3343,-0.9985,6
2026-03-21T04:18:39.544770,2,0.0700,0.0700,0.0552,0.0000,1.0251,0.0353,-1.0245,5
2026-03-21T04:18:39.544770,3,0.0831,0.0831,0.0684,0.0000,0.9820,0.3675,-0.9106,7
2026-03-21T04:18:39.544770,4,0.0917,0.0917,0.0383,0.1028,1.4170,0.6870,-1.2393,5
2026-03-21T04:18:39.544770,5,0.2843,0.2843,0.1674,0.0000,1.0522,-0.2252,1.0278,18
2026-03-21T04:18:39.544770,6,0.0634,0.0634,0.0591,0.0000,0.2892,-0.1268,0.2599,7
2026-03-21T04:18:39.614032,0,0.0448,0.0214,0.0448,0.0000,0.3184,-0.1443,-0.2838,7
2026-03-21T04:18:39.614032,1,0.0695,0.0695,0.0356,0.0000,1.0453,-0.3230,-0.9941,5
2026-03-21T04:18:39.614032,2,0.1078,0.1078,0.0908,0.0000,1.0441,0.0172,-1.0439,7
2026-03-21T04:18:39.614032,3,0.0815,0.0815,0.0811,0.0000,0.9887,0.3700,-0.9168,7
2026-03-21T04:18:39.614032,4,0.0886,0.0886,0.0445,0.1091,1.4174,0.6872,-1.2397,5
2026-03-21T04:18:39.614032,5,0.2850,0.2850,0.1696,0.0000,1.0529,-0.2253,1.0285,18
2026-03-21T04:18:39.614032,6,0.0566,0.0566,0.0443,0.0000,0.2885,-0.1264,0.2593,7
2026-03-21T04:18:39.684024,0,0.0618,0.0165,0.0618,0.0000,0.3177,-0.1438,-0.2833,7
2026-03-21T04:18:39.684024,1,0.0889,0.0889,0.0320,0.0000,1.0591,-0.3627,-0.9950,5
2026-03-21T04:18:39.684024,2,0.0793,0.0793,0.0443,0.0000,1.1183,-0.0783,-1.1155,5
2026-03-21T04:18:39.684024,3,0.1080,0.0890,0.1080,0.0000,0.9937,0.3634,-0.9249,8
2026-03-21T04:18:39.684024,4,0.2865,0.2865,0.1618,0.0000,1.0513,-0.2250,1.0270,18
2026-03-21T04:18:39.684024,5,0.0689,0.0596,0.0689,0.0000,0.2810,-0.1237,0.2524,9
2026-03-21T04:18:39.752409,0,0.0466,0.0200,0.0466,0.0000,0.3178,-0.1440,-0.2833,7
2026-03-21T04:18:39.752409,1,0.0924,0.0924,0.0374,0.0000,1.0510,-0.3336,-0.9967,6
2026-03-21T04:18:39.752409,2,0.0695,0.0695,0.0584,0.0000,1.0249,0.0352,-1.0243,5
2026-03-21T04:18:39.752409,3,0.0940,0.0750,0.0940,0.0000,0.9904,0.3543,-0.9248,7
2026-03-21T04:18:39.752409,4,0.2842,0.2842,0.1653,0.0000,1.0522,-0.2253,1.0278,18
2026-03-21T04:18:39.752409,5,0.0608,0.0608,0.0499,0.0000,0.2831,-0.1240,0.2544,7
2026-03-21T04:18:39.822069,0,0.0556,0.0159,0.0556,0.0000,0.3207,-0.1452,-0.2859,7
2026-03-21T04:18:39.822069,1,0.0993,0.0993,0.0961,0.0000,0.9981,0.3652,-0.9289,8
2026-03-21T04:18:39.822069,2,0.2680,0.2680,0.1518,0.0000,1.0493,-0.2340,1.0228,17
2026-03-21T04:18:39.822069,3,0.0643,0.0643,0.0528,0.0000,0.2844,-0.1254,0.2552,9
2026-03-21T04:18:39.891352,0,0.0468,0.0225,0.0468,0.0000,0.3192,-0.1446,-0.2846,7
2026-03-21T04:18:39.891352,1,0.0700,0.0700,0.0337,0.0000,1.0473,-0.3236,-0.9960,5
2026-03-21T04:18:39.891352,2,0.0803,0.0803,0.0298,0.0000,1.1323,-0.1184,-1.1260,5
2026-03-21T04:18:39.891352,3,0.1077,0.0882,0.1077,0.0000,0.9898,0.3620,-0.9213,8
2026-03-21T04:18:39.891352,4,0.0890,0.0890,0.0436,0.1073,1.4158,0.6864,-1.2382,5
2026-03-21T04:18:39.891352,5,0.2845,0.2845,0.1684,0.0000,1.0516,-0.2251,1.0272,18
2026-03-21T04:18:39.891352,6,0.0618,0.0618,0.0545,0.0000,0.2880,-0.1268,0.2586,9
2026-03-21T04:18:39.961661,0,0.0504,0.0219,0.0504,0.0000,0.3169,-0.1436,-0.2825,7
2026-03-21T04:18:39.961661,1,0.0798,0.0798,0.0212,0.0000,1.0493,-0.3419,-0.9920,5
2026-03-21T04:18:39.961661,2,0.0737,0.0737,0.0550,0.0000,1.0575,-0.0005,-1.0575,5
2026-03-21T04:18:39.961661,3,0.1098,0.0913,0.1098,0.0000,0.9842,0.3600,-0.9160,8
2026-03-21T04:18:39.961661,4,0.2852,0.2852,0.1666,0.0000,1.0511,-0.2250,1.0267,18
2026-03-21T04:18:39.961661,5,0.0721,0.0721,0.0678,0.0000,0.2808,-0.1236,0.2521,9
2026-03-21T04:18:40.030350,0,0.0513,0.0203,0.0513,0.0000,0.3207,-0.1453,-0.2859,7
2026-03-21T04:18:40.030350,1,0.0760,0.0760,0.0245,0.0000,1.0469,-0.3410,-0.9898,5
2026-03-21T04:18:40.030350,2,0.1079,0.0886,0.1079,0.0000,0.9903,0.3623,-0.9217,8
2026-03-21T04:18:40.030350,3,0.2840,0.2840,0.1724,0.0000,1.0517,-0.2251,1.0274,18
2026-03-21T04:18:40.030350,4,0.0679,0.0679,0.0565,0.0000,0.2835,-0.1231,0.2554,7
2026-03-21T04:18:40.101154,0,0.0566,0.0186,0.0566,0.0000,0.3202,-0.1450,-0.2855,7
2026-03-21T04:18:40.101154,1,0.0891,0.0891,0.0365,0.0000,1.0510,-0.3336,-0.9967,6
2026-03-21T04:18:40.101154,2,0.0880,0.0880,0.0653,0.0000,1.0334,0.0264,-1.0330,6
2026-03-21T04:18:40.101154,3,0.1129,0.0851,0.1129,0.0000,0.9897,0.3620,-0.9211,8
2026-03-21T04:18:40.101154,4,0.2865,0.2865,0.1622,0.0000,1.0537,-0.2255,1.0292,18
2026-03-21T04:18:40.101154,5,0.0474,0.0474,0.0295,0.0000,0.2803,-0.1233,0.2517,9
2026-03-21T04:18:40.170544,0,0.0502,0.0178,0.0502,0.0000,0.3198,-0.1449,-0.2851,7
2026-03-21T04:18:40.170544,1,0.0941,0.0941,0.0317,0.0000,1.0509,-0.3337,-0.9965,6
2026-03-21T04:18:40.170544,2,0.0798,0.0798,0.0453,0.0000,1.1205,-0.0785,-1.1177,5
2026-03-21T04:18:40.170544,3,0.0881,0.0881,0.0733,0.0000,1.0312,0.0263,-1.0309,6
2026-03-21T04:18:40.170544,4,0.1142,0.0857,0.1142,0.0000,0.9868,0.3608,-0.9185,8
2026-03-21T04:18:40.170544,5,0.2655,0.2655,0.1629,0.0000,1.0491,-0.2338,1.0227,17
2026-03-21T04:18:40.170544,6,0.0712,0.0638,0.0712,0.0000,0.2842,-0.1231,0.2562,7
2026-03-21T04:18:40.240754,0,0.0493,0.0173,0.0493,0.0000,0.3175,-0.1439,-0.2831,7
2026-03-21T04:18:40.240754,1,0.0788,0.0788,0.0203,0.0000,1.0473,-0.3412,-0.9901,5
2026-03-21T04:18:40.240754,2,0.0789,0.0789,0.0503,0.0000,1.1183,-0.0783,-1.1155,5
2026-03-21T04:18:40.240754,3,0.1084,0.0874,0.1084,0.0000,0.9912,0.3626,-0.9225,8
2026-03-21T04:18:40.240754,4,0.0894,0.0894,0.0427,0.1055,1.4146,0.6858,-1.2372,5
2026-03-21T04:18:40.240754,5,0.2856,0.2856,0.1670,0.0000,1.0517,-0.2251,1.0274,18
2026-03-21T04:18:40.240754,6,0.0628,0.0588,0.0628,0.0000,0.2806,-0.1227,0.2524,7
2026-03-21T04:18:40.310184,0,0.0489,0.0224,0.0489,0.0000,0.3225,-0.1461,-0.2875,7
2026-03-21T04:18:40.310184,1,0.0693,0.0693,0.0346,0.0000,1.0465,-0.3233,-0.9953,5
2026-03-21T04:18:40.310184,2,0.0700,0.0700,0.0543,0.0000,1.0301,0.0355,-1.0295,5
2026-03-21T04:18:40.310184,3,0.0884,0.0884,0.0572,0.0000,0.9814,0.3674,-0.9100,7
2026-03-21T04:18:40.310184,4,0.2857,0.2857,0.1646,0.0000,1.0534,-0.2255,1.0290,18
2026-03-21T04:18:40.310184,5,0.0572,0.0572,0.0517,0.0000,0.2768,-0.1219,0.2485,9
2026-03-21T04:18:40.380124,0,0.0608,0.0190,0.0608,0.0000,0.3165,-0.1433,-0.2822,7
2026-03-21T04:18:40.380124,1,0.0823,0.0823,0.0230,0.0000,1.0501,-0.3422,-0.9928,5
2026-03-21T04:18:40.380124,2,0.1063,0.1063,0.0762,0.0000,1.0299,0.0351,-1.0293,7
2026-03-21T04:18:40.380124,3,0.0965,0.0965,0.0940,0.0000,0.9915,0.3628,-0.9227,8
2026-03-21T04:18:40.380124,4,0.2848,0.2848,0.1695,0.0000,1.0517,-0.2252,1.0273,18
2026-03-21T04:18:40.380124,5,0.0739,0.0627,0.0739,0.0000,0.2833,-0.1246,0.2544,9
2026-03-21T04:18:40.449983,0,0.0530,0.0260,0.0530,0.0000,0.3182,-0.1442,-0.2837,7
2026-03-21T04:18:40.449983,1,0.0786,0.0786,0.0184,0.0000,1.0493,-0.3419,-0.9920,5
2026-03-21T04:18:40.449983,2,0.0789,0.0789,0.0463,0.0000,1.1177,-0.0783,-1.1149,5
2026-03-21T04:18:40.449983,3,0.0944,0.0758,0.0944,0.0000,0.9997,0.3578,-0.9334,7
2026-03-21T04:18:40.449983,4,0.2827,0.2827,0.1772,0.0000,1.0508,-0.2249,1.0265,18
2026-03-21T04:18:40.449983,5,0.0656,0.0656,0.0532,0.0000,0.2834,-0.1249,0.2544,9
2026-03-21T04:18:40.520013,0,0.0559,0.0211,0.0559,0.0000,0.3201,-0.1450,-0.2854,7
2026-03-21T04:18:40.520013,1,0.1074,0.1074,0.0898,0.0000,1.0398,0.0171,-1.0397,7
2026-03-21T04:18:40.520013,2,0.0987,0.0945,0.0987,0.0000,0.9911,0.3626,-0.9224,8
2026-03-21T04:18:40.520013,3,0.2840,0.2840,0.1714,0.0000,1.0523,-0.2253,1.0279,18
2026-03-21T04:18:40.520013,4,0.0539,0.0539,0.0461,0.0000,0.2792,-0.1226,0.2508,9
2026-03-21T04:18:40.589675,0,0.0594,0.0158,0.0594,0.0000,0.3214,-0.1455,-0.2866,7
2026-03-21T04:18:40.589675,1,0.0654,0.0654,0.0432,0.0000,1.0433,-0.3223,-0.9923,5
2026-03-21T04:18:40.589675,2,0.1075,0.1075,0.0918,0.0000,1.0415,0.0172,-1.0414,7
2026-03-21T04:18:40.589675,3,0.0861,0.0861,0.0606,0.0000,0.9835,0.3681,-0.9121,7
2026-03-21T04:18:40.589675,4,0.0891,0.0891,0.0437,0.1100,1.4198,0.6884,-1.2417,5
2026-03-21T04:18:40.589675,5,0.2849,0.2849,0.1675,0.0000,1.0528,-0.2253,1.0284,18
2026-03-21T04:18:40.589675,6,0.0694,0.0694,0.0602,0.0000,0.2840,-0.1251,0.2550,9
2026-03-21T04:18:40.659139,0,0.0546,0.0159,0.0546,0.0000,0.3201,-0.1450,-0.2854,7
2026-03-21T04:18:40.659139,1,0.0895,0.0895,0.0403,0.0000,1.0510,-0.3336,-0.9967,6
2026-03-21T04:18:40.659139,2,0.1023,0.1023,0.0323,0.0000,1.1295,-0.1085,-1.1243,6
2026-03-21T04:18:40.659139,3,0.1117,0.0907,0.1117,0.0000,0.9916,0.3626,-0.9229,8
2026-03-21T04:18:40.659139,4,0.0903,0.0903,0.0418,0.0959,1.4192,0.7097,-1.2290,5
2026-03-21T04:18:40.659139,5,0.2838,0.2838,0.1703,0.0000,1.0514,-0.2250,1.0270,18
2026-03-21T04:18:40.659139,6,0.0590,0.0499,0.0590,0.0000,0.2794,-0.1228,0.2509,9
2026-03-21T04:18:40.727959,0,0.0530,0.0200,0.0530,0.0000,0.3189,-0.1445,-0.2844,7
2026-03-21T04:18:40.727959,1,0.0711,0.0711,0.0326,0.0000,1.0455,-0.3231,-0.9943,5
2026-03-21T04:18:40.727959,2,0.0900,0.0900,0.0614,0.0000,0.9923,0.3714,-0.9201,7
2026-03-21T04:18:40.727959,3,0.0920,0.0920,0.0385,0.1073,1.4198,0.6884,-1.2417,5
2026-03-21T04:18:40.727959,4,0.2657,0.2657,0.1609,0.0000,1.0499,-0.2340,1.0235,17
2026-03-21T04:18:40.727959,5,0.0620,0.0620,0.0610,0.0000,0.2818,-0.1241,0.2530,9
2026-03-21T04:18:40.798176,0,0.0522,0.0215,0.0522,0.0000,0.3184,-0.1442,-0.2838,7
2026-03-21T04:18:40.798176,1,0.0797,0.0797,0.0174,0.0000,1.0511,-0.3425,-0.9937,5
2026-03-21T04:18:40.798176,2,0.0740,0.0740,0.0570,0.0000,1.0581,-0.0004,-1.0581,5
2026-03-21T04:18:40.798176,3,0.1070,0.0891,0.1070,0.0000,0.9922,0.3628,-0.9235,8
2026-03-21T04:18:40.798176,4,0.2844,0.2844,0.1704,0.0000,1.0527,-0.2253,1.0283,18
2026-03-21T04:18:40.798176,5,0.0615,0.0606,0.0615,0.0000,0.2797,-0.1230,0.2512,9
2026-03-21T04:18:40.867171,0,0.0502,0.0194,0.0502,0.0000,0.3192,-0.1446,-0.2846,7
2026-03-21T04:18:40.867171,1,0.0704,0.0704,0.0403,0.0000,1.0457,-0.3231,-0.9945,5
2026-03-21T04:18:40.867171,2,0.1077,0.1077,0.0928,0.0000,1.0422,0.0171,-1.0421,7
2026-03-21T04:18:40.867171,3,0.1259,0.1259,0.0802,0.0000,0.9929,0.3716,-0.9207,9
2026-03-21T04:18:40.867171,4,0.2860,0.2860,0.1688,0.0000,1.0519,-0.2252,1.0275,18
2026-03-21T04:18:40.867171,5,0.0638,0.0638,0.0532,0.0000,0.2749,-0.1211,0.2468,9
2026-03-21T04:18:40.936574,0,0.0620,0.0186,0.0620,0.0000,0.3208,-0.1453,-0.2860,7
2026-03-21T04:18:40.936574,1,0.0786,0.0786,0.0146,0.0000,1.0503,-0.3422,-0.9930,5
2026-03-21T04:18:40.936574,2,0.1444,0.1444,0.1169,0.0000,1.0452,0.0165,-1.0450,9
2026-03-21T04:18:40.936574,3,0.0870,0.0870,0.0591,0.0000,0.9843,0.3684,-0.9127,7
2026-03-21T04:18:40.936574,4,0.0883,0.0883,0.0444,0.1046,1.4150,0.6860,-1.2375,5
2026-03-21T04:18:40.936574,5,0.2860,0.2860,0.1647,0.0000,1.0511,-0.2249,1.0267,18
2026-03-21T04:18:40.936574,6,0.0559,0.0559,0.0462,0.0000,0.2869,-0.1265,0.2576,9
2026-03-21T04:18:41.006548,0,0.0578,0.0212,0.0578,0.0000,0.3211,-0.1454,-0.2863,7
2026-03-21T04:18:41.006548,1,0.0705,0.0705,0.0422,0.0000,1.0489,-0.3241,-0.9976,5
2026-03-21T04:18:41.006548,2,0.0811,0.0811,0.0268,0.0000,1.1337,-0.1186,-1.1274,5
2026-03-21T04:18:41.006548,3,0.1077,0.1077,0.0918,0.0000,1.0387,0.0171,-1.0385,7
2026-03-21T04:18:41.006548,4,0.1039,0.0895,0.1039,0.0000,0.9908,0.3624,-0.9222,8
2026-03-21T04:18:41.006548,5,0.0903,0.0903,0.0409,0.1046,1.4166,0.6868,-1.2389,5
2026-03-21T04:18:41.006548,6,0.2865,0.2865,0.1608,0.0000,1.0516,-0.2251,1.0272,18
2026-03-21T04:18:41.006548,7,0.0664,0.0664,0.0610,0.0000,0.2868,-0.1257,0.2578,7
2026-03-21T04:18:41.076125,0,0.0529,0.0228,0.0529,0.0000,0.3178,-0.1440,-0.2833,7
2026-03-21T04:18:41.076125,1,0.0916,0.0916,0.0355,0.0000,1.0515,-0.3338,-0.9971,6
2026-03-21T04:18:41.076125,2,0.0718,0.0718,0.0562,0.0000,1.0429,0.0177,-1.0427,5
2026-03-21T04:18:41.076125,3,0.1079,0.0888,0.1079,0.0000,0.9906,0.3623,-0.9219,8
2026-03-21T04:18:41.076125,4,0.2324,0.2324,0.1224,0.0000,1.0435,-0.2510,1.0129,15
2026-03-21T04:18:41.076125,5,0.0462,0.0334,0.0462,0.0000,0.2753,-0.1164,0.2495,7
2026-03-21T04:18:41.146215,0,0.0603,0.0182,0.0603,0.0000,0.3227,-0.1461,-0.2877,7
2026-03-21T04:18:41.146215,1,0.0701,0.0701,0.0336,0.0000,1.0449,-0.3229,-0.9937,5
2026-03-21T04:18:41.146215,2,0.1006,0.0919,0.1006,0.0000,0.9956,0.3642,-0.9266,8
2026-03-21T04:18:41.146215,3,0.2850,0.2850,0.1655,0.0000,1.0522,-0.2253,1.0278,18
2026-03-21T04:18:41.146215,4,0.0663,0.0663,0.0562,0.0000,0.2773,-0.1223,0.2488,9
2026-03-21T04:18:41.216185,0,0.0540,0.0163,0.0540,0.0000,0.3212,-0.1455,-0.2864,7
2026-03-21T04:18:41.216185,1,0.0928,0.0928,0.0394,0.0000,1.0512,-0.3337,-0.9968,6
2026-03-21T04:18:41.216185,2,0.0740,0.0740,0.0550,0.0000,1.0567,-0.0005,-1.0567,5
2026-03-21T04:18:41.216185,3,0.0906,0.0771,0.0906,0.0000,0.9958,0.3563,-0.9299,7
2026-03-21T04:18:41.216185,4,0.2657,0.2657,0.1599,0.0000,1.0498,-0.2340,1.0234,17
2026-03-21T04:18:41.216185,5,0.0623,0.0623,0.0544,0.0000,0.2833,-0.1247,0.2543,9
2026-03-21T04:18:41.285319,0,0.0541,0.0177,0.0541,0.0000,0.3231,-0.1464,-0.2880,7
2026-03-21T04:18:41.285319,1,0.0690,0.0690,0.0374,0.0000,1.0453,-0.3230,-0.9941,5
2026-03-21T04:18:41.285319,2,0.0787,0.0787,0.0290,0.0000,1.1301,-0.1181,-1.1239,5
2026-03-21T04:18:41.285319,3,0.0945,0.0945,0.0941,0.0000,0.9950,0.3639,-0.9260,8
2026-03-21T04:18:41.285319,4,0.2639,0.2639,0.1686,0.0000,1.0497,-0.2339,1.0233,17
2026-03-21T04:18:41.285319,5,0.0624,0.0624,0.0582,0.0000,0.2796,-0.1230,0.2511,9
2026-03-21T04:18:41.354908,0,0.0541,0.0208,0.0541,0.0000,0.3221,-0.1459,-0.2871,7
2026-03-21T04:18:41.354908,1,0.0717,0.0717,0.0336,0.0000,1.0467,-0.3234,-0.9954,5
2026-03-21T04:18:41.354908,2,0.1077,0.1077,0.0918,0.0000,1.0435,0.0172,-1.0434,7
2026-03-21T04:18:41.354908,3,0.1025,0.1025,0.0919,0.0000,0.9881,0.3615,-0.9196,8
2026-03-21T04:18:41.354908,4,0.2839,0.2839,0.1734,0.0000,1.0528,-0.2253,1.0284,18
2026-03-21T04:18:41.354908,5,0.0543,0.0541,0.0543,0.0000,0.2827,-0.1244,0.2538,9
2026-03-21T04:18:41.425617,0,0.0505,0.0187,0.0505,0.0000,0.3214,-0.1455,-0.2865,7
2026-03-21T04:18:41.425617,1,0.0767,0.0767,0.0217,0.0000,1.0489,-0.3417,-0.9917,5
2026-03-21T04:18:41.425617,2,0.0695,0.0695,0.0664,0.0000,1.0295,0.0353,-1.0289,5
2026-03-21T04:18:41.425617,3,0.0871,0.0871,0.0836,0.0000,0.9875,0.3696,-0.9158,7
2026-03-21T04:18:41.425617,4,0.2848,0.2848,0.1685,0.0000,1.0535,-0.2256,1.0291,18
2026-03-21T04:18:41.425617,5,0.0525,0.0525,0.0518,0.0000,0.2745,-0.1176,0.2481,6
2026-03-21T04:18:41.495608,0,0.0511,0.0224,0.0511,0.0000,0.3182,-0.1442,-0.2837,7
2026-03-21T04:18:41.495608,1,0.0922,0.0922,0.0375,0.0000,1.0527,-0.3342,-0.9982,6
2026-03-21T04:18:41.495608,2,0.0783,0.0783,0.0288,0.0000,1.1245,-0.0980,-1.1202,5
2026-03-21T04:18:41.495608,3,0.0696,0.0696,0.0564,0.0000,1.0267,0.0353,-1.0261,5
2026-03-21T04:18:41.495608,4,0.1032,0.0953,0.1032,0.0000,0.9908,0.3624,-0.9222,8
2026-03-21T04:18:41.495608,5,0.2830,0.2830,0.1782,0.0000,1.0540,-0.2256,1.0296,18
2026-03-21T04:18:41.495608,6,0.0731,0.0731,0.0684,0.0000,0.2788,-0.1201,0.2516,6
2026-03-21T04:18:41.565168,0,0.0516,0.0234,0.0516,0.0000,0.3194,-0.1447,-0.2847,7
2026-03-21T04:18:41.565168,1,0.0682,0.0682,0.0337,0.0000,1.0449,-0.3228,-0.9938,5
2026-03-21T04:18:41.565168,2,0.1119,0.0883,0.1119,0.0000,0.9876,0.3611,-0.9192,8
2026-03-21T04:18:41.565168,3,0.2854,0.2854,0.1646,0.0000,1.0516,-0.2252,1.0272,18
2026-03-21T04:18:41.565168,4,0.0597,0.0597,0.0526,0.0000,0.2823,-0.1237,0.2538,7
2026-03-21T04:18:41.634824,0,0.0610,0.0172,0.0610,0.0000,0.3192,-0.1445,-0.2846,7
2026-03-21T04:18:41.634824,1,0.0925,0.0925,0.0365,0.0000,1.0522,-0.3340,-0.9978,6
2026-03-21T04:18:41.634824,2,0.1072,0.1072,0.0978,0.0000,1.0387,0.0170,-1.0385,7
2026-03-21T04:18:41.634824,3,0.0840,0.0840,0.0806,0.0000,0.9820,0.3675,-0.9106,7
2026-03-21T04:18:41.634824,4,0.2857,0.2857,0.1636,0.0000,1.0525,-0.2253,1.0281,18
2026-03-21T04:18:41.634824,5,0.0664,0.0664,0.0539,0.0000,0.2836,-0.1247,0.2547,9
2026-03-21T04:18:41.703597,0,0.0477,0.0229,0.0477,0.0000,0.3199,-0.1450,-0.2852,7
2026-03-21T04:18:41.703597,1,0.0926,0.0926,0.0374,0.0000,1.0517,-0.3339,-0.9973,6
2026-03-21T04:18:41.703597,2,0.0940,0.0940,0.0939,0.0000,0.9955,0.3642,-0.9264,8
2026-03-21T04:18:41.703597,3,0.2878,0.2878,0.1622,0.0000,1.0527,-0.2255,1.0282,18
2026-03-21T04:18:41.703597,4,0.0604,0.0604,0.0508,0.0000,0.2808,-0.1237,0.2521,9
2026-03-21T04:18:41.774279,0,0.0627,0.0187,0.0627,0.0000,0.3184,-0.1442,-0.2839,7
2026-03-21T04:18:41.774279,1,0.0693,0.0693,0.0413,0.0000,1.0449,-0.3228,-0.9938,5
2026-03-21T04:18:41.774279,2,0.0722,0.0688,0.0722,0.0000,1.0237,0.0351,-1.0231,5
2026-03-21T04:18:41.774279,3,0.0883,0.0883,0.0666,0.0000,0.9858,0.3691,-0.9141,7
2026-03-21T04:18:41.774279,4,0.2820,0.2820,0.1790,0.0000,1.0537,-0.2254,1.0293,18
2026-03-21T04:18:41.774279,5,0.0636,0.0636,0.0558,0.0000,0.2825,-0.1228,0.2544,7
2026-03-21T04:18:41.842386,0,0.0538,0.0219,0.0538,0.0000,0.3151,-0.1428,-0.2809,7
2026-03-21T04:18:41.842386,1,0.0932,0.0932,0.0346,0.0000,1.0525,-0.3342,-0.9981,6
2026-03-21T04:18:41.842386,2,0.0933,0.0926,0.0933,0.0000,0.9896,0.3620,-0.9210,8
2026-03-21T04:18:41.842386,3,0.2851,0.2851,0.1686,0.0000,1.0537,-0.2256,1.0293,18
2026-03-21T04:18:41.842386,4,0.0720,0.0720,0.0645,0.0000,0.2854,-0.1258,0.2562,9
2026-03-21T04:18:41.912919,0,0.0502,0.0207,0.0502,0.0000,0.3185,-0.1443,-0.2840,7
2026-03-21T04:18:41.912919,1,0.0902,0.0902,0.0395,0.0000,1.0573,-0.3622,-0.9933,5
2026-03-21T04:18:41.912919,2,0.1028,0.1028,0.0373,0.0000,1.1338,-0.1090,-1.1286,6
2026-03-21T04:18:41.912919,3,0.0694,0.0694,0.0654,0.0000,1.0031,0.3510,-0.9397,6
2026-03-21T04:18:41.912919,4,0.2658,0.2658,0.1580,0.0000,1.0500,-0.2341,1.0236,17
2026-03-21T04:18:41.912919,5,0.0453,0.0453,0.0323,0.0000,0.2802,-0.1198,0.2532,7
2026-03-21T04:18:41.981643,0,0.0575,0.0182,0.0575,0.0000,0.3209,-0.1453,-0.2862,7
2026-03-21T04:18:41.981643,1,0.0800,0.0800,0.0221,0.0000,1.0511,-0.3425,-0.9937,5
2026-03-21T04:18:41.981643,2,0.0883,0.0883,0.0643,0.0000,1.0345,0.0264,-1.0342,6
2026-03-21T04:18:41.981643,3,0.0831,0.0831,0.0691,0.0000,0.9844,0.3684,-0.9129,7
2026-03-21T04:18:41.981643,4,0.1135,0.1135,0.0504,0.1037,1.4167,0.6977,-1.2330,6
2026-03-21T04:18:41.981643,5,0.2852,0.2852,0.1676,0.0000,1.0507,-0.2248,1.0263,18
2026-03-21T04:18:41.981643,6,0.0532,0.0532,0.0460,0.0000,0.2759,-0.1215,0.2478,9
2026-03-21T04:18:42.051673,0,0.0366,0.0190,0.0366,0.0000,0.3161,-0.1433,-0.2818,7
2026-03-21T04:18:42.051673,1,0.1021,0.1021,0.0321,0.0000,1.1315,-0.1086,-1.1263,6
2026-03-21T04:18:42.051673,2,0.0695,0.0695,0.0603,0.0000,1.0283,0.0354,-1.0277,5
2026-03-21T04:18:42.051673,3,0.0816,0.0816,0.0730,0.0000,0.9845,0.3684,-0.9130,7
2026-03-21T04:18:42.051673,4,0.2857,0.2857,0.1610,0.0000,1.0523,-0.2253,1.0279,18
2026-03-21T04:18:42.051673,5,0.0637,0.0637,0.0545,0.0000,0.2853,-0.1223,0.2577,7
2026-03-21T04:18:42.121599,0,0.0610,0.0149,0.0610,0.0000,0.3215,-0.1455,-0.2867,7
2026-03-21T04:18:42.121599,1,0.0702,0.0702,0.0514,0.0000,1.0265,0.0354,-1.0259,5
2026-03-21T04:18:42.121599,2,0.0908,0.0908,0.0602,0.0000,0.9857,0.3690,-0.9140,7
2026-03-21T04:18:42.121599,3,0.2864,0.2864,0.1587,0.0000,1.0526,-0.2254,1.0282,18
2026-03-21T04:18:42.121599,4,0.0666,0.0666,0.0628,0.0000,0.2788,-0.1227,0.2504,9
2026-03-21T04:18:42.190859,0,0.0557,0.0216,0.0557,0.0000,0.3184,-0.1442,-0.2839,7
2026-03-21T04:18:42.190859,1,0.0777,0.0777,0.0280,0.0000,1.1241,-0.0979,-1.1198,5
2026-03-21T04:18:42.190859,2,0.0824,0.0824,0.0808,0.0000,0.9925,0.3552,-0.9268,7
2026-03-21T04:18:42.190859,3,0.0923,0.0923,0.0375,0.1037,1.4158,0.6864,-1.2382,5
2026-03-21T04:18:42.190859,4,0.2668,0.2668,0.1541,0.0000,1.0482,-0.2337,1.0218,17
2026-03-21T04:18:42.190859,5,0.0683,0.0634,0.0683,0.0000,0.2795,-0.1232,0.2509,9
2026-03-21T04:18:42.260918,0,0.0428,0.0168,0.0428,0.0000,0.3161,-0.1432,-0.2818,7
2026-03-21T04:18:42.260918,1,0.0809,0.0809,0.0280,0.0000,1.1335,-0.1185,-1.1272,5
2026-03-21T04:18:42.260918,2,0.1127,0.0680,0.1127,0.0000,0.9884,0.3535,-0.9230,7
2026-03-21T04:18:42.260918,3,0.2855,0.2855,0.1636,0.0000,1.0521,-0.2252,1.0277,18
2026-03-21T04:18:42.260918,4,0.0644,0.0644,0.0517,0.0000,0.2821,-0.1240,0.2533,7
2026-03-21T04:18:42.331622,0,0.0597,0.0174,0.0597,0.0000,0.3167,-0.1434,-0.2823,7
2026-03-21T04:18:42.331622,1,0.0771,0.0771,0.0169,0.0000,1.0475,-0.3413,-0.9903,5
2026-03-21T04:18:42.331622,2,0.1004,0.1004,0.0288,0.0000,1.1263,-0.1081,-1.1211,6
2026-03-21T04:18:42.331622,3,0.1081,0.0915,0.1081,0.0000,0.9932,0.3633,-0.9244,8
2026-03-21T04:18:42.331622,4,0.2860,0.2860,0.1688,0.0000,1.0518,-0.2252,1.0274,18
2026-03-21T04:18:42.331622,5,0.0554,0.0546,0.0554,0.0000,0.2832,-0.1240,0.2546,7
2026-03-21T04:18:42.401626,0,0.0538,0.0190,0.0538,0.0000,0.3188,-0.1444,-0.2842,7
2026-03-21T04:18:42.401626,1,0.0710,0.0710,0.0279,0.0000,1.0467,-0.3235,-0.9954,5
2026-03-21T04:18:42.401626,2,0.1094,0.1094,0.0728,0.0000,0.9822,0.3755,-0.9076,8
2026-03-21T04:18:42.401626,3,0.0897,0.0897,0.0417,0.1037,1.4138,0.6855,-1.2365,5
2026-03-21T04:18:42.401626,4,0.2866,0.2866,0.1661,0.0000,1.0520,-0.2252,1.0277,18
2026-03-21T04:18:42.401626,5,0.0609,0.0609,0.0462,0.0000,0.2780,-0.1224,0.2497,9
2026-03-21T04:18:42.471289,0,0.0609,0.0179,0.0609,0.0000,0.3178,-0.1439,-0.2834,7
2026-03-21T04:18:42.471289,1,0.1187,0.1187,0.0336,0.0000,1.0571,-0.3446,-0.9993,7
2026-03-21T04:18:42.471289,2,0.1008,0.1008,0.0321,0.0000,1.1235,-0.1078,-1.1183,6
2026-03-21T04:18:42.471289,3,0.1024,0.0910,0.1024,0.0000,0.9918,0.3627,-0.9231,8
2026-03-21T04:18:42.471289,4,0.0917,0.0917,0.0383,0.1028,1.4136,0.6854,-1.2363,5
2026-03-21T04:18:42.471289,5,0.2835,0.2835,0.1712,0.0000,1.0498,-0.2247,1.0255,18
2026-03-21T04:18:42.471289,6,0.0776,0.0689,0.0776,0.0000,0.2862,-0.1259,0.2571,9
2026-03-21T04:18:42.541335,0,0.0549,0.0205,0.0549,0.0000,0.3208,-0.1453,-0.2860,7
2026-03-21T04:18:42.541335,1,0.0904,0.0904,0.0412,0.0000,1.0487,-0.3329,-0.9945,6
2026-03-21T04:18:42.541335,2,0.1077,0.1077,0.0858,0.0000,1.0419,0.0172,-1.0418,7
2026-03-21T04:18:42.541335,3,0.0976,0.0925,0.0976,0.0000,0.9925,0.3631,-0.9236,8
2026-03-21T04:18:42.541335,4,0.2864,0.2864,0.1628,0.0000,1.0521,-0.2253,1.0277,18
2026-03-21T04:18:42.541335,5,0.0674,0.0674,0.0674,0.0000,0.2831,-0.1240,0.2544,7
2026-03-21T04:18:42.610056,0,0.0521,0.0198,0.0521,0.0000,0.3218,-0.1458,-0.2869,7
2026-03-21T04:18:42.610056,1,0.0779,0.0779,0.0280,0.0000,1.1239,-0.0979,-1.1196,5
2026-03-21T04:18:42.610056,2,0.0995,0.0961,0.0995,0.0000,0.9918,0.3628,-0.9231,8
2026-03-21T04:18:42.610056,3,0.2854,0.2854,0.1686,0.0000,1.0519,-0.2252,1.0276,18
2026-03-21T04:18:42.610056,4,0.0778,0.0766,0.0778,0.0000,0.2796,-0.1218,0.2518,7
2026-03-21T04:18:42.679863,0,0.0504,0.0203,0.0504,0.0000,0.3199,-0.1449,-0.2852,7
2026-03-21T04:18:42.679863,1,0.0897,0.0897,0.0375,0.0000,1.0509,-0.3335,-0.9965,6
2026-03-21T04:18:42.679863,2,0.0899,0.0789,0.0899,0.0000,0.9828,0.3676,-0.9115,7
2026-03-21T04:18:42.679863,3,0.0911,0.0911,0.0391,0.1011,1.4140,0.6856,-1.2366,5
2026-03-21T04:18:42.679863,4,0.2843,0.2843,0.1766,0.0000,1.0519,-0.2250,1.0276,18
2026-03-21T04:18:42.679863,5,0.0709,0.0682,0.0709,0.0000,0.2829,-0.1247,0.2540,9
2026-03-21T04:18:42.749308,0,0.0547,0.0185,0.0547,0.0000,0.3189,-0.1444,-0.2844,7
2026-03-21T04:18:42.749308,1,0.0769,0.0769,0.0245,0.0000,1.0469,-0.3411,-0.9898,5
2026-03-21T04:18:42.749308,2,0.0958,0.0958,0.0919,0.0000,0.9847,0.3603,-0.9164,8
2026-03-21T04:18:42.749308,3,0.0887,0.0887,0.0446,0.1109,1.4196,0.6883,-1.2416,5
2026-03-21T04:18:42.749308,4,0.2837,0.2837,0.1713,0.0000,1.0508,-0.2248,1.0265,18
2026-03-21T04:18:42.749308,5,0.0556,0.0556,0.0480,0.0000,0.2854,-0.1257,0.2562,9
2026-03-21T04:18:42.818497,0,0.0485,0.0201,0.0485,0.0000,0.3191,-0.1446,-0.2845,7
2026-03-21T04:18:42.818497,1,0.0707,0.0707,0.0346,0.0000,1.0431,-0.3223,-0.9920,5
2026-03-21T04:18:42.818497,2,0.0783,0.0783,0.0298,0.0000,1.1261,-0.0981,-1.1218,5
2026-03-21T04:18:42.818497,3,0.1033,0.0906,0.1033,0.0000,0.9921,0.3629,-0.9233,8
2026-03-21T04:18:42.818497,4,0.2672,0.2672,0.1502,0.0000,1.0494,-0.2341,1.0230,17
2026-03-21T04:18:42.818497,5,0.0610,0.0610,0.0443,0.0000,0.2835,-0.1247,0.2546,9
2026-03-21T04:18:42.887832,0,0.0568,0.0198,0.0568,0.0000,0.3207,-0.1452,-0.2859,7
2026-03-21T04:18:42.887832,1,0.0793,0.0793,0.0783,0.0000,0.9861,0.3690,-0.9145,7
2026-03-21T04:18:42.887832,2,0.2857,0.2857,0.1687,0.0000,1.0530,-0.2255,1.0286,18
2026-03-21T04:18:42.887832,3,0.0599,0.0599,0.0414,0.0000,0.2843,-0.1251,0.2552,9
2026-03-21T04:18:42.958221,0,0.0458,0.0238,0.0458,0.0000,0.3175,-0.1439,-0.2830,7
2026-03-21T04:18:42.958221,1,0.1077,0.1077,0.0918,0.0000,1.0402,0.0171,-1.0401,7
2026-03-21T04:18:42.958221,2,0.0983,0.0915,0.0983,0.0000,0.9898,0.3622,-0.9212,8
2026-03-21T04:18:42.958221,3,0.2874,0.2874,0.1613,0.0000,1.0519,-0.2251,1.0276,18
2026-03-21T04:18:42.958221,4,0.0640,0.0618,0.0640,0.0000,0.2825,-0.1244,0.2536,9
2026-03-21T04:18:43.027213,0,0.0547,0.0165,0.0547,0.0000,0.3181,-0.1440,-0.2836,7
2026-03-21T04:18:43.027213,1,0.0716,0.0716,0.0346,0.0000,1.0465,-0.3234,-0.9953,5
2026-03-21T04:18:43.027213,2,0.1190,0.1190,0.0473,0.0000,1.1193,-0.0979,-1.1150,7
2026-03-21T04:18:43.027213,3,0.0695,0.0695,0.0624,0.0000,1.0243,0.0352,-1.0237,5
2026-03-21T04:18:43.027213,4,0.1212,0.0816,0.1212,0.0000,0.9872,0.3609,-0.9189,8
2026-03-21T04:18:43.027213,5,0.2847,0.2847,0.1705,0.0000,1.0525,-0.2252,1.0281,18
2026-03-21T04:18:43.027213,6,0.0708,0.0526,0.0708,0.0000,0.2775,-0.1220,0.2492,9
2026-03-21T04:18:43.097772,0,0.0512,0.0228,0.0512,0.0000,0.3189,-0.1445,-0.2843,7
2026-03-21T04:18:43.097772,1,0.0916,0.0916,0.0365,0.0000,1.0504,-0.3334,-0.9960,6
2026-03-21T04:18:43.097772,2,0.0698,0.0698,0.0563,0.0000,1.0295,0.0354,-1.0289,5
2026-03-21T04:18:43.097772,3,0.0863,0.0863,0.0695,0.0000,0.9891,0.3702,-0.9172,7
2026-03-21T04:18:43.097772,4,0.0883,0.0883,0.0444,0.1055,1.4146,0.6858,-1.2372,5
2026-03-21T04:18:43.097772,5,0.2840,0.2840,0.1724,0.0000,1.0537,-0.2255,1.0293,18
2026-03-21T04:18:43.097772,6,0.0756,0.0595,0.0756,0.0000,0.2845,-0.1250,0.2555,9
2026-03-21T04:18:43.167169,0,0.0520,0.0248,0.0520,0.0000,0.3177,-0.1440,-0.2832,7
2026-03-21T04:18:43.167169,1,0.0914,0.0914,0.0365,0.0000,1.0519,-0.3339,-0.9975,6
2026-03-21T04:18:43.167169,2,0.0793,0.0793,0.0370,0.0000,1.1305,-0.1181,-1.1243,5
2026-03-21T04:18:43.167169,3,0.0947,0.0947,0.0912,0.0000,0.9922,0.3629,-0.9234,8
2026-03-21T04:18:43.167169,4,0.2821,0.2821,0.1871,0.0000,1.0529,-0.2251,1.0286,18
2026-03-21T04:18:43.167169,5,0.0599,0.0599,0.0489,0.0000,0.2802,-0.1233,0.2516,9
2026-03-21T04:18:43.236532,0,0.0475,0.0233,0.0475,0.0000,0.3149,-0.1427,-0.2808,7
2026-03-21T04:18:43.236532,1,0.0814,0.0814,0.0249,0.0000,1.0513,-0.3426,-0.9939,5
2026-03-21T04:18:43.236532,2,0.0697,0.0697,0.0634,0.0000,1.0287,0.0353,-1.0281,5
2026-03-21T04:18:43.236532,3,0.1160,0.0848,0.1160,0.0000,0.9896,0.3619,-0.9210,8
2026-03-21T04:18:43.236532,4,0.2848,0.2848,0.1695,0.0000,1.0530,-0.2254,1.0286,18
2026-03-21T04:18:43.236532,5,0.0620,0.0620,0.0586,0.0000,0.2831,-0.1195,0.2566,6
2026-03-21T04:18:43.306893,0,0.0422,0.0245,0.0422,0.0000,0.3172,-0.1438,-0.2827,7
2026-03-21T04:18:43.306893,1,0.0787,0.0787,0.0184,0.0000,1.0509,-0.3424,-0.9935,5
2026-03-21T04:18:43.306893,2,0.0932,0.0932,0.0562,0.0000,1.1268,-0.1273,-1.1196,6
2026-03-21T04:18:43.306893,3,0.1077,0.1077,0.0918,0.0000,1.0441,0.0172,-1.0439,7
2026-03-21T04:18:43.306893,4,0.1152,0.0864,0.1152,0.0000,0.9880,0.3613,-0.9195,8
2026-03-21T04:18:43.306893,5,0.2667,0.2667,0.1551,0.0000,1.0498,-0.2340,1.0234,17
2026-03-21T04:18:43.306893,6,0.0679,0.0679,0.0565,0.0000,0.2875,-0.1265,0.2581,9
2026-03-21T04:18:43.376515,0,0.0538,0.0198,0.0538,0.0000,0.3178,-0.1439,-0.2833,7
2026-03-21T04:18:43.376515,1,0.0787,0.0787,0.0193,0.0000,1.0499,-0.3421,-0.9926,5
2026-03-21T04:18:43.376515,2,0.1251,0.1251,0.1047,0.0000,1.0354,0.0258,-1.0351,8
2026-03-21T04:18:43.376515,3,0.0854,0.0753,0.0854,0.0000,0.9821,0.3673,-0.9108,7
2026-03-21T04:18:43.376515,4,0.2668,0.2668,0.1571,0.0000,1.0493,-0.2340,1.0229,17
2026-03-21T04:18:43.376515,5,0.0748,0.0623,0.0748,0.0000,0.2873,-0.1265,0.2579,9
2026-03-21T04:18:43.446755,0,0.0513,0.0254,0.0513,0.0000,0.3187,-0.1444,-0.2841,7
2026-03-21T04:18:43.446755,1,0.0686,0.0686,0.0393,0.0000,1.0451,-0.3229,-0.9939,5
2026-03-21T04:18:43.446755,2,0.0803,0.0803,0.0350,0.0000,1.1317,-0.1183,-1.1255,5
2026-03-21T04:18:43.446755,3,0.0696,0.0696,0.0594,0.0000,1.0227,0.0352,-1.0221,5
2026-03-21T04:18:43.446755,4,0.0922,0.0759,0.0922,0.0000,0.9895,0.3540,-0.9241,7
2026-03-21T04:18:43.446755,5,0.2647,0.2647,0.1627,0.0000,1.0499,-0.2340,1.0235,17
2026-03-21T04:18:43.446755,6,0.0699,0.0699,0.0599,0.0000,0.2837,-0.1250,0.2547,9
2026-03-21T04:18:43.516841,0,0.0545,0.0155,0.0545,0.0000,0.3185,-0.1442,-0.2840,7
2026-03-21T04:18:43.516841,1,0.0916,0.0916,0.0403,0.0000,1.0492,-0.3331,-0.9949,6
2026-03-21T04:18:43.516841,2,0.0802,0.0802,0.0347,0.0000,1.1339,-0.1185,-1.1276,5
2026-03-21T04:18:43.516841,3,0.0902,0.0902,0.0528,0.0000,0.9871,0.3696,-0.9153,7
2026-03-21T04:18:43.516841,4,0.2853,0.2853,0.1615,0.0000,1.0513,-0.2252,1.0269,18
2026-03-21T04:18:43.516841,5,0.0599,0.0599,0.0581,0.0000,0.2803,-0.1233,0.2517,9
2026-03-21T04:18:43.585876,0,0.0509,0.0175,0.0509,0.0000,0.3157,-0.1430,-0.2814,7
2026-03-21T04:18:43.585876,1,0.0951,0.0951,0.0336,0.0000,1.0515,-0.3339,-0.9971,6
2026-03-21T04:18:43.585876,2,0.1062,0.0925,0.1062,0.0000,0.9918,0.3628,-0.9231,8
2026-03-21T04:18:43.585876,3,0.2838,0.2838,0.1662,0.0000,1.0513,-0.2251,1.0270,18
2026-03-21T04:18:43.585876,4,0.0580,0.0580,0.0446,0.0000,0.2870,-0.1265,0.2576,9
2026-03-21T04:18:43.655350,0,0.0638,0.0185,0.0638,0.0000,0.3208,-0.1452,-0.2860,7
2026-03-21T04:18:43.655350,1,0.0688,0.0688,0.0413,0.0000,1.0455,-0.3230,-0.9943,5
2026-03-21T04:18:43.655350,2,0.0796,0.0796,0.0543,0.0000,1.1199,-0.0785,-1.1171,5
2026-03-21T04:18:43.655350,3,0.1056,0.0884,0.1056,0.0000,0.9873,0.3610,-0.9190,8
2026-03-21T04:18:43.655350,4,0.2320,0.2320,0.1213,0.0000,1.0445,-0.2514,1.0138,15
2026-03-21T04:18:43.655350,5,0.0594,0.0594,0.0506,0.0000,0.2902,-0.1274,0.2607,7
2026-03-21T04:18:43.724689,0,0.0513,0.0253,0.0513,0.0000,0.3179,-0.1441,-0.2834,7
2026-03-21T04:18:43.724689,1,0.0808,0.0808,0.0221,0.0000,1.0479,-0.3415,-0.9907,5
2026-03-21T04:18:43.724689,2,0.0695,0.0695,0.0624,0.0000,1.0259,0.0352,-1.0253,5
2026-03-21T04:18:43.724689,3,0.1130,0.0854,0.1130,0.0000,0.9885,0.3616,-0.9200,8
2026-03-21T04:18:43.724689,4,0.2876,0.2876,0.1602,0.0000,1.0537,-0.2256,1.0293,18
2026-03-21T04:18:43.724689,5,0.0689,0.0689,0.0660,0.0000,0.2905,-0.1282,0.2607,9
2026-03-21T04:18:43.794389,0,0.0564,0.0180,0.0564,0.0000,0.3161,-0.1432,-0.2818,7
2026-03-21T04:18:43.794389,1,0.0935,0.0935,0.0916,0.0000,0.9852,0.3604,-0.9169,8
2026-03-21T04:18:43.794389,2,0.2681,0.2681,0.1523,0.0000,1.0494,-0.2340,1.0230,17
2026-03-21T04:18:43.794389,3,0.0545,0.0527,0.0545,0.0000,0.2805,-0.1234,0.2519,9
2026-03-21T04:18:43.863674,0,0.0532,0.0225,0.0532,0.0000,0.3202,-0.1451,-0.2855,7
2026-03-21T04:18:43.863674,1,0.0927,0.0927,0.0346,0.0000,1.0507,-0.3336,-0.9963,6
2026-03-21T04:18:43.863674,2,0.0921,0.0756,0.0921,0.0000,0.9898,0.3542,-0.9243,7
2026-03-21T04:18:43.863674,3,0.2324,0.2324,0.1203,0.0000,1.0426,-0.2509,1.0120,15
2026-03-21T04:18:43.863674,4,0.0570,0.0570,0.0424,0.0000,0.2805,-0.1229,0.2521,7
2026-03-21T04:18:43.933878,0,0.0565,0.0151,0.0565,0.0000,0.3184,-0.1441,-0.2839,7
2026-03-21T04:18:43.933878,1,0.0695,0.0695,0.0394,0.0000,1.0473,-0.3236,-0.9960,5
2026-03-21T04:18:43.933878,2,0.0740,0.0740,0.0490,0.0000,1.0583,-0.0004,-1.0583,5
2026-03-21T04:18:43.933878,3,0.1034,0.0715,0.1034,0.0000,0.9940,0.3556,-0.9282,7
2026-03-21T04:18:43.933878,4,0.2658,0.2658,0.1559,0.0000,1.0496,-0.2340,1.0232,17
2026-03-21T04:18:43.933878,5,0.0600,0.0600,0.0541,0.0000,0.2872,-0.1260,0.2581,7
2026-03-21T04:18:44.002391,0,0.0620,0.0185,0.0620,0.0000,0.3179,-0.1440,-0.2835,7
2026-03-21T04:18:44.002391,1,0.1187,0.1187,0.0403,0.0000,1.0571,-0.3446,-0.9993,7
2026-03-21T04:18:44.002391,2,0.1078,0.1078,0.0868,0.0000,1.0438,0.0172,-1.0437,7
2026-03-21T04:18:44.002391,3,0.1015,0.0721,0.1015,0.0000,0.9858,0.3526,-0.9206,7
2026-03-21T04:18:44.002391,4,0.0907,0.0907,0.0400,0.1020,1.4140,0.6856,-1.2366,5
2026-03-21T04:18:44.002391,5,0.2845,0.2845,0.1694,0.0000,1.0525,-0.2253,1.0282,18
2026-03-21T04:18:44.002391,6,0.0646,0.0646,0.0514,0.0000,0.2810,-0.1239,0.2523,9
2026-03-21T04:18:44.072540,0,0.0565,0.0170,0.0565,0.0000,0.3181,-0.1441,-0.2836,7
2026-03-21T04:18:44.072540,1,0.0931,0.0931,0.0327,0.0000,1.0490,-0.3330,-0.9948,6
2026-03-21T04:18:44.072540,2,0.0809,0.0809,0.0361,0.0000,1.1319,-0.1183,-1.1257,5
2026-03-21T04:18:44.072540,3,0.0694,0.0694,0.0614,0.0000,1.0265,0.0352,-1.0259,5
2026-03-21T04:18:44.072540,4,0.0931,0.0931,0.0375,0.1021,1.4156,0.6863,-1.2380,5
2026-03-21T04:18:44.072540,5,0.2850,0.2850,0.1696,0.0000,1.0514,-0.2250,1.0271,18
2026-03-21T04:18:44.072540,6,0.0699,0.0699,0.0577,0.0000,0.2915,-0.1266,0.2626,7
2026-03-21T04:18:44.142371,0,0.0521,0.0251,0.0521,0.0000,0.3177,-0.1439,-0.2832,7
2026-03-21T04:18:44.142371,1,0.1117,0.0925,0.1117,0.0000,0.9936,0.3634,-0.9247,8
2026-03-21T04:18:44.142371,2,0.0888,0.0888,0.0435,0.1055,1.4150,0.6860,-1.2375,5
2026-03-21T04:18:44.142371,3,0.2863,0.2863,0.1648,0.0000,1.0526,-0.2254,1.0282,18
2026-03-21T04:18:44.142371,4,0.0510,0.0510,0.0490,0.0000,0.2803,-0.1230,0.2518,9
2026-03-21T04:18:44.212444,0,0.0526,0.0109,0.0526,0.0000,0.3161,-0.1431,-0.2818,7
2026-03-21T04:18:44.212444,1,0.0913,0.0913,0.0355,0.0000,1.0494,-0.3331,-0.9951,6
2026-03-21T04:18:44.212444,2,0.1001,0.0907,0.1001,0.0000,0.9885,0.3616,-0.9200,8
2026-03-21T04:18:44.212444,3,0.1164,0.1164,0.0452,0.1011,1.4155,0.6972,-1.2319,6
2026-03-21T04:18:44.212444,4,0.2845,0.2845,0.1684,0.0000,1.0522,-0.2251,1.0279,18
2026-03-21T04:18:44.212444,5,0.0667,0.0667,0.0560,0.0000,0.2832,-0.1249,0.2541,9
2026-03-21T04:18:44.281547,0,0.0476,0.0188,0.0476,0.0000,0.3187,-0.1443,-0.2841,7
2026-03-21T04:18:44.281547,1,0.0811,0.0811,0.0300,0.0000,1.1337,-0.1185,-1.1274,5
2026-03-21T04:18:44.281547,2,0.1107,0.0957,0.1107,0.0000,0.9882,0.3615,-0.9197,8
2026-03-21T04:18:44.281547,3,0.2843,0.2843,0.1674,0.0000,1.0510,-0.2250,1.0266,18
2026-03-21T04:18:44.281547,4,0.0712,0.0712,0.0638,0.0000,0.2880,-0.1268,0.2586,7
2026-03-21T04:18:44.351400,0,0.0575,0.0165,0.0575,0.0000,0.3192,-0.1445,-0.2846,7
2026-03-21T04:18:44.351400,1,0.0939,0.0939,0.0432,0.0000,1.0505,-0.3335,-0.9962,6
2026-03-21T04:18:44.351400,2,0.1200,0.1200,0.0964,0.0000,0.9891,0.3700,-0.9173,9
2026-03-21T04:18:44.351400,3,0.2658,0.2658,0.1589,0.0000,1.0479,-0.2336,1.0215,17
2026-03-21T04:18:44.351400,4,0.0655,0.0608,0.0655,0.0000,0.2846,-0.1253,0.2555,9
2026-03-21T04:18:44.421386,0,0.0583,0.0204,0.0583,0.0000,0.3211,-0.1454,-0.2863,7
2026-03-21T04:18:44.421386,1,0.1188,0.1188,0.0394,0.0000,1.0572,-0.3447,-0.9994,7
2026-03-21T04:18:44.421386,2,0.0954,0.0954,0.0913,0.0000,0.9902,0.3623,-0.9216,8
2026-03-21T04:18:44.421386,3,0.2657,0.2657,0.1599,0.0000,1.0493,-0.2339,1.0229,17
2026-03-21T04:18:44.421386,4,0.0593,0.0593,0.0582,0.0000,0.2838,-0.1243,0.2551,7
2026-03-21T04:18:44.490554,0,0.0494,0.0209,0.0494,0.0000,0.3194,-0.1447,-0.2847,7
2026-03-21T04:18:44.490554,1,0.0875,0.0875,0.0812,0.0000,1.0297,0.0262,-1.0294,6
2026-03-21T04:18:44.490554,2,0.0916,0.0771,0.0916,0.0000,0.9988,0.3573,-0.9327,7
2026-03-21T04:18:44.490554,3,0.0901,0.0901,0.0408,0.1020,1.4144,0.6858,-1.2370,5
2026-03-21T04:18:44.490554,4,0.2671,0.2671,0.1581,0.0000,1.0492,-0.2340,1.0227,17
2026-03-21T04:18:44.490554,5,0.0578,0.0578,0.0428,0.0000,0.2817,-0.1241,0.2529,9
2026-03-21T04:18:44.561216,0,0.0601,0.0189,0.0601,0.0000,0.3174,-0.1437,-0.2830,7
2026-03-21T04:18:44.561216,1,0.0937,0.0937,0.0365,0.0000,1.0510,-0.3337,-0.9966,6
2026-03-21T04:18:44.561216,2,0.1070,0.1070,0.0928,0.0000,1.0392,0.0170,-1.0391,7
2026-03-21T04:18:44.561216,3,0.1164,0.0862,0.1164,0.0000,0.9893,0.3617,-0.9208,8
2026-03-21T04:18:44.561216,4,0.2657,0.2657,0.1569,0.0000,1.0480,-0.2337,1.0217,17
2026-03-21T04:18:44.561216,5,0.0512,0.0512,0.0443,0.0000,0.2762,-0.1215,0.2480,9
2026-03-21T04:18:44.630623,0,0.0564,0.0209,0.0564,0.0000,0.3164,-0.1433,-0.2821,7
2026-03-21T04:18:44.630623,1,0.0923,0.0923,0.0346,0.0000,1.0514,-0.3338,-0.9970,6
2026-03-21T04:18:44.630623,2,0.0909,0.0909,0.0767,0.0000,1.0500,0.0084,-1.0500,6
2026-03-21T04:18:44.630623,3,0.0976,0.0937,0.0976,0.0000,0.9882,0.3615,-0.9197,8
2026-03-21T04:18:44.630623,4,0.0918,0.0918,0.0383,0.1037,1.4176,0.6873,-1.2398,5
2026-03-21T04:18:44.630623,5,0.2850,0.2850,0.1706,0.0000,1.0537,-0.2256,1.0292,18
2026-03-21T04:18:44.630623,6,0.0623,0.0623,0.0545,0.0000,0.2795,-0.1229,0.2510,9
2026-03-21T04:18:44.699904,0,0.0476,0.0165,0.0476,0.0000,0.3191,-0.1446,-0.2845,7
2026-03-21T04:18:44.699904,1,0.1181,0.0846,0.1181,0.0000,0.9932,0.3631,-0.9244,8
2026-03-21T04:18:44.699904,2,0.2651,0.2651,0.1578,0.0000,1.0496,-0.2340,1.0232,17
2026-03-21T04:18:44.699904,3,0.0781,0.0781,0.0760,0.0000,0.2878,-0.1263,0.2585,7
2026-03-21T04:18:44.769914,0,0.0595,0.0198,0.0595,0.0000,0.3231,-0.1463,-0.2881,7
2026-03-21T04:18:44.769914,1,0.0814,0.0814,0.0727,0.0000,0.9861,0.3690,-0.9145,7
2026-03-21T04:18:44.769914,2,0.2855,0.2855,0.1626,0.0000,1.0522,-0.2253,1.0278,18
2026-03-21T04:18:44.769914,3,0.0615,0.0615,0.0598,0.0000,0.2837,-0.1249,0.2547,9
2026-03-21T04:18:44.839704,0,0.0557,0.0234,0.0557,0.0000,0.3158,-0.1430,-0.2816,7
2026-03-21T04:18:44.839704,1,0.1035,0.1021,0.1035,0.0000,0.9957,0.3643,-0.9267,8
2026-03-21T04:18:44.839704,2,0.2874,0.2874,0.1610,0.0000,1.0517,-0.2252,1.0273,18
2026-03-21T04:18:44.839704,3,0.0679,0.0679,0.0576,0.0000,0.2827,-0.1203,0.2558,6
2026-03-21T04:18:44.909722,0,0.0589,0.0195,0.0589,0.0000,0.3157,-0.1430,-0.2814,7
2026-03-21T04:18:44.909722,1,0.1071,0.0894,0.1071,0.0000,0.9936,0.3634,-0.9247,8
2026-03-21T04:18:44.909722,2,0.2676,0.2676,0.1573,0.0000,1.0497,-0.2341,1.0233,17
2026-03-21T04:18:44.909722,3,0.0616,0.0616,0.0474,0.0000,0.2810,-0.1237,0.2523,9
2026-03-21T04:18:44.979166,0,0.0575,0.0204,0.0575,0.0000,0.3211,-0.1454,-0.2863,7
2026-03-21T04:18:44.979166,1,0.0886,0.0886,0.0301,0.0000,1.0607,-0.3633,-0.9965,5
2026-03-21T04:18:44.979166,2,0.0792,0.0792,0.0262,0.0000,1.1227,-0.0979,-1.1184,5
2026-03-21T04:18:44.979166,3,0.0853,0.0853,0.0666,0.0000,0.9827,0.3677,-0.9113,7
2026-03-21T04:18:44.979166,4,0.2670,0.2670,0.1522,0.0000,1.0489,-0.2339,1.0225,17
2026-03-21T04:18:44.979166,5,0.0618,0.0618,0.0553,0.0000,0.2828,-0.1242,0.2541,7
2026-03-21T04:18:45.049335,0,0.0555,0.0162,0.0555,0.0000,0.3177,-0.1438,-0.2832,7
2026-03-21T04:18:45.049335,1,0.0931,0.0931,0.0403,0.0000,1.0514,-0.3338,-0.9970,6
2026-03-21T04:18:45.049335,2,0.0807,0.0807,0.0377,0.0000,1.1325,-0.1184,-1.1262,5
2026-03-21T04:18:45.049335,3,0.0693,0.0693,0.0603,0.0000,1.0245,0.0352,-1.0239,5
2026-03-21T04:18:45.049335,4,0.0954,0.0954,0.0724,0.0000,0.9815,0.3675,-0.9102,7
2026-03-21T04:18:45.049335,5,0.2858,0.2858,0.1667,0.0000,1.0516,-0.2249,1.0272,18
2026-03-21T04:18:45.049335,6,0.0582,0.0582,0.0580,0.0000,0.2827,-0.1245,0.2538,9
2026-03-21T04:18:45.118295,0,0.0558,0.0215,0.0558,0.0000,0.3212,-0.1455,-0.2864,7
2026-03-21T04:18:45.118295,1,0.1156,0.1156,0.0394,0.0000,1.0569,-0.3445,-0.9992,7
2026-03-21T04:18:45.118295,2,0.0808,0.0808,0.0300,0.0000,1.1297,-0.1181,-1.1235,5
2026-03-21T04:18:45.118295,3,0.0738,0.0738,0.0600,0.0000,1.0579,-0.0005,-1.0579,5
2026-03-21T04:18:45.118295,4,0.1007,0.0932,0.1007,0.0000,0.9931,0.3632,-0.9243,8
2026-03-21T04:18:45.118295,5,0.0912,0.0912,0.0391,0.1028,1.4150,0.6860,-1.2375,5
2026-03-21T04:18:45.118295,6,0.2875,0.2875,0.1590,0.0000,1.0527,-0.2255,1.0283,18
2026-03-21T04:18:45.118295,7,0.0690,0.0690,0.0620,0.0000,0.2797,-0.1233,0.2511,9
2026-03-21T04:18:45.187725,0,0.0612,0.0173,0.0612,0.0000,0.3172,-0.1436,-0.2829,7
2026-03-21T04:18:45.187725,1,0.0908,0.0908,0.0394,0.0000,1.0514,-0.3337,-0.9970,6
2026-03-21T04:18:45.187725,2,0.0780,0.0780,0.0463,0.0000,1.1161,-0.0781,-1.1133,5
2026-03-21T04:18:45.187725,3,0.0883,0.0883,0.0633,0.0000,1.0315,0.0264,-1.0312,6
2026-03-21T04:18:45.187725,4,0.0926,0.0823,0.0926,0.0000,0.9837,0.3680,-0.9123,7
2026-03-21T04:18:45.187725,5,0.2859,0.2859,0.1657,0.0000,1.0521,-0.2253,1.0277,18
2026-03-21T04:18:45.187725,6,0.0539,0.0539,0.0515,0.0000,0.2892,-0.1269,0.2599,7
2026-03-21T04:18:45.256775,0,0.0485,0.0202,0.0485,0.0000,0.3211,-0.1455,-0.2862,7
2026-03-21T04:18:45.256775,1,0.0788,0.0788,0.0473,0.0000,1.1201,-0.0784,-1.1173,5
2026-03-21T04:18:45.256775,2,0.0696,0.0696,0.0573,0.0000,1.0261,0.0353,-1.0255,5
2026-03-21T04:18:45.256775,3,0.0952,0.0952,0.0901,0.0000,0.9936,0.3636,-0.9247,8
2026-03-21T04:18:45.256775,4,0.2838,0.2838,0.1754,0.0000,1.0531,-0.2253,1.0287,18
2026-03-21T04:18:45.256775,5,0.0725,0.0725,0.0687,0.0000,0.2791,-0.1231,0.2506,9
2026-03-21T04:18:45.328106,0,0.0530,0.0174,0.0530,0.0000,0.3207,-0.1453,-0.2859,7
2026-03-21T04:18:45.328106,1,0.0796,0.0796,0.0220,0.0000,1.1313,-0.1182,-1.1251,5
2026-03-21T04:18:45.328106,2,0.0716,0.0716,0.0552,0.0000,1.0421,0.0177,-1.0419,5
2026-03-21T04:18:45.328106,3,0.1166,0.0895,0.1166,0.0000,0.9905,0.3623,-0.9218,8
2026-03-21T04:18:45.328106,4,0.0893,0.0893,0.0426,0.1046,1.4140,0.6855,-1.2367,5
2026-03-21T04:18:45.328106,5,0.2843,0.2843,0.1714,0.0000,1.0518,-0.2251,1.0275,18
2026-03-21T04:18:45.328106,6,0.0669,0.0669,0.0570,0.0000,0.2825,-0.1246,0.2535,9
2026-03-21T04:18:45.397125,0,0.0646,0.0153,0.0646,0.0000,0.3162,-0.1431,-0.2820,7
2026-03-21T04:18:45.397125,1,0.0693,0.0693,0.0375,0.0000,1.0457,-0.3231,-0.9945,5
2026-03-21T04:18:45.397125,2,0.0786,0.0786,0.0320,0.0000,1.1263,-0.1176,-1.1201,5
2026-03-21T04:18:45.397125,3,0.0818,0.0818,0.0718,0.0000,0.9803,0.3668,-0.9090,7
2026-03-21T04:18:45.397125,4,0.2855,0.2855,0.1666,0.0000,1.0521,-0.2252,1.0277,18
2026-03-21T04:18:45.397125,5,0.0531,0.0531,0.0424,0.0000,0.2785,-0.1224,0.2501,9
