timestamp,object_id,length_m,width_m,depth_m,height_above_baseline_m,distance_m,centroid_x,centroid_y,point_count
2026-03-21T17:23:58.830692,0,1.1901,1.1901,0.0311,0.8820,0.8796,0.1390,-0.8686,69
2026-03-21T17:23:58.830692,1,1.3611,0.0230,1.3611,0.7004,0.7509,0.7508,0.0145,85
2026-03-21T17:23:58.899110,0,1.1260,1.1260,0.0222,0.8810,0.8764,0.1111,-0.8693,66
2026-03-21T17:23:58.899110,1,1.3364,0.0275,1.3364,0.6745,0.7512,0.7512,0.0061,84
2026-03-21T17:23:58.968313,0,1.1260,1.1260,0.0241,0.8830,0.8763,0.1113,-0.8693,66
2026-03-21T17:23:58.968313,1,0.0451,0.0451,0.0087,0.8626,1.1389,0.7473,-0.8594,3
2026-03-21T17:23:58.968313,2,1.3576,0.0233,1.3576,0.6950,0.7515,0.7514,0.0145,85
2026-03-21T17:23:59.038203,0,1.0970,1.0970,0.0201,0.8794,0.8751,0.1022,-0.8691,65
2026-03-21T17:23:59.038203,1,1.3358,0.0225,1.3358,0.6725,0.7507,0.7507,0.0063,84
2026-03-21T17:23:59.107498,0,1.1276,1.1276,0.0278,0.8833,0.8760,0.1111,-0.8689,66
2026-03-21T17:23:59.107498,1,1.4101,0.0297,1.4101,0.7349,0.7511,0.7509,-0.0186,87
2026-03-21T17:23:59.177113,0,1.1921,1.1921,0.0283,0.8814,0.8805,0.1392,-0.8695,69
2026-03-21T17:23:59.177113,1,1.4104,0.0245,1.4104,0.7134,0.7507,0.7507,-0.0019,87
2026-03-21T17:23:59.246696,0,1.1936,1.1936,0.0296,0.8820,0.8804,0.1392,-0.8693,69
2026-03-21T17:23:59.246696,1,1.3838,0.0220,1.3838,0.7127,0.7512,0.7511,-0.0100,86
2026-03-21T17:23:59.317010,0,1.1970,1.1970,0.0522,0.8794,0.8808,0.1480,-0.8683,70
2026-03-21T17:23:59.317010,1,1.3597,0.0226,1.3597,0.6990,0.7517,0.7515,0.0144,85
2026-03-21T17:23:59.385884,0,1.1965,1.1965,0.0264,0.8810,0.8807,0.1392,-0.8696,69
2026-03-21T17:23:59.385884,1,1.3856,0.0229,1.3856,0.7204,0.7515,0.7511,0.0224,86
2026-03-21T17:23:59.456396,0,1.0740,1.0740,0.0264,3.1167,0.8740,0.0935,-0.8689,64
2026-03-21T17:23:59.456396,1,1.4088,0.0284,1.4088,2.9694,0.7518,0.7516,-0.0188,87
2026-03-21T17:23:59.525170,0,1.1928,1.1928,0.0280,3.1157,0.8803,0.1393,-0.8692,69
2026-03-21T17:23:59.525170,1,1.4299,0.0215,1.4299,2.9681,0.7516,0.7515,-0.0104,88
2026-03-21T17:23:59.594942,0,1.1936,1.1936,0.0275,3.1138,0.8798,0.1389,-0.8688,69
2026-03-21T17:23:59.594942,1,0.0957,0.0054,0.0957,2.9947,1.0473,0.7656,-0.7146,5
2026-03-21T17:23:59.594942,2,1.2631,0.0256,1.2631,2.8720,0.7511,0.7511,-0.0019,81
2026-03-21T17:23:59.664946,0,1.1229,1.1229,0.0218,3.1138,0.8760,0.1111,-0.8689,66
2026-03-21T17:23:59.664946,1,1.3358,0.0235,1.3358,2.8937,0.7511,0.7510,0.0062,84
2026-03-21T17:23:59.735092,0,1.1241,1.1241,0.0235,3.1148,0.8761,0.1115,-0.8690,66
2026-03-21T17:23:59.735092,1,1.3804,0.0213,1.3804,2.8924,0.7512,0.7509,0.0225,86
2026-03-21T17:23:59.804468,0,1.1231,1.1231,0.0233,3.1118,0.8753,0.1111,-0.8682,66
2026-03-21T17:23:59.804468,1,1.3865,0.0279,1.3865,2.9444,0.7509,0.7509,-0.0104,86
2026-03-21T17:23:59.874507,0,1.1843,1.1843,0.0321,3.1124,0.8796,0.1392,-0.8685,69
2026-03-21T17:23:59.874507,1,0.0490,0.0061,0.0490,3.0493,1.1026,0.7658,-0.7932,3
2026-03-21T17:23:59.874507,2,1.2861,0.0205,1.2861,2.8944,0.7507,0.7506,-0.0095,82
2026-03-21T17:23:59.874507,3,0.0972,0.0057,0.0972,1.5829,1.0249,0.7492,0.6994,5
2026-03-21T17:23:59.943744,0,1.0985,1.0985,0.0194,3.1118,0.8754,0.1020,-0.8695,65
2026-03-21T17:23:59.943744,1,1.4346,0.0259,1.4346,2.9196,0.7508,0.7505,0.0228,88
2026-03-21T17:24:00.013921,0,1.1969,1.1969,0.0563,3.1137,0.8807,0.1480,-0.8682,70
2026-03-21T17:24:00.013921,1,1.3602,0.0227,1.3602,2.9437,0.7511,0.7509,-0.0181,85
2026-03-21T17:24:00.083355,0,1.1980,1.1980,0.0213,3.1106,0.8800,0.1390,-0.8690,69
2026-03-21T17:24:00.083355,1,1.3812,0.0266,1.3812,2.9465,0.7510,0.7509,-0.0107,86
2026-03-21T17:24:00.152570,0,1.1919,1.1919,0.0271,3.1134,0.8798,0.1390,-0.8688,69
2026-03-21T17:24:00.152570,1,1.4096,0.0250,1.4096,2.9708,0.7515,0.7513,-0.0188,87
2026-03-21T17:24:00.223044,0,1.1228,1.1228,0.0207,3.1148,0.8770,0.1112,-0.8699,66
2026-03-21T17:24:00.223044,1,0.0405,0.0405,0.0155,3.0996,1.1416,0.7490,-0.8615,3
2026-03-21T17:24:00.223044,2,1.4322,0.0219,1.4322,2.8963,0.7516,0.7505,0.0395,88
2026-03-21T17:24:00.291531,0,1.1930,1.1930,0.0277,3.1147,0.8798,0.1392,-0.8687,69
2026-03-21T17:24:00.291531,1,1.3879,0.0238,1.3879,2.9458,0.7513,0.7513,-0.0103,86
2026-03-21T17:24:00.362031,0,1.1225,1.1225,0.0233,3.1157,0.8758,0.1112,-0.8687,66
2026-03-21T17:24:00.362031,1,1.4372,0.0335,1.4372,2.9458,0.7510,0.7510,0.0062,88
2026-03-21T17:24:00.431589,0,1.1938,1.1938,0.0299,3.1154,0.8789,0.1388,-0.8679,69
2026-03-21T17:24:00.431589,1,1.3601,0.0325,1.3601,2.9424,0.7522,0.7519,-0.0184,85
2026-03-21T17:24:00.500814,0,1.1260,1.1260,0.0190,3.1115,0.8760,0.1114,-0.8688,66
2026-03-21T17:24:00.500814,1,1.4602,0.0328,1.4602,2.9417,0.7515,0.7514,0.0142,89
2026-03-21T17:24:00.571228,0,1.1956,1.1956,0.0573,3.1154,0.8807,0.1481,-0.8682,70
2026-03-21T17:24:00.571228,1,1.3818,0.0244,1.3818,2.9424,0.7512,0.7512,-0.0101,86
2026-03-21T17:24:00.641002,0,1.1029,1.1029,0.0244,3.1154,0.8754,0.1023,-0.8694,65
2026-03-21T17:24:00.641002,1,1.4070,0.0249,1.4070,2.9156,0.7511,0.7509,0.0144,87
2026-03-21T17:24:00.709822,0,1.1914,1.1914,0.0265,3.1128,0.8793,0.1393,-0.8682,67
2026-03-21T17:24:00.709822,1,1.3354,0.0231,1.3354,2.8694,0.7513,0.7510,0.0225,84
2026-03-21T17:24:00.780560,0,1.1010,1.1010,0.0238,3.1147,0.8753,0.1022,-0.8693,65
2026-03-21T17:24:00.780560,1,0.0634,0.0634,0.0484,3.1036,1.1339,0.7439,-0.8557,5
2026-03-21T17:24:00.780560,2,1.2878,0.0213,1.2878,2.8701,0.7501,0.7501,0.0063,82
2026-03-21T17:24:00.849933,0,1.1916,1.1916,0.0578,3.1144,0.8806,0.1479,-0.8680,70
2026-03-21T17:24:00.849933,1,0.0971,0.0053,0.0971,2.9961,1.0483,0.7663,-0.7154,5
2026-03-21T17:24:00.849933,2,1.3853,0.0206,1.3853,2.8675,0.7515,0.7505,0.0394,86
2026-03-21T17:24:00.919746,0,1.1212,1.1212,0.0228,3.1147,0.8764,0.1111,-0.8693,66
2026-03-21T17:24:00.919746,1,1.3852,0.0270,1.3852,2.9465,0.7513,0.7513,-0.0102,86
2026-03-21T17:24:00.989431,0,1.1247,1.1247,0.0221,3.1124,0.8762,0.1111,-0.8691,66
2026-03-21T17:24:00.989431,1,0.0952,0.0086,0.0952,3.0208,1.0659,0.7663,-0.7408,5
2026-03-21T17:24:00.989431,2,1.3351,0.0196,1.3351,2.8937,0.7505,0.7505,0.0064,84
2026-03-21T17:24:01.058552,0,1.1967,1.1967,0.0586,3.1167,0.8806,0.1480,-0.8681,70
2026-03-21T17:24:01.058552,1,1.3300,0.0213,1.3300,2.8681,0.7514,0.7511,0.0226,84
2026-03-21T17:24:01.128892,0,1.1956,1.1956,0.0243,3.1128,0.8802,0.1391,-0.8692,69
2026-03-21T17:24:01.128892,1,0.0491,0.0063,0.0491,3.0537,1.1079,0.7695,-0.7971,3
2026-03-21T17:24:01.128892,2,1.3876,0.0233,1.3876,2.9209,0.7509,0.7509,0.0062,86
2026-03-21T17:24:01.198136,0,1.1252,1.1252,0.0234,3.1128,0.8763,0.1116,-0.8692,66
2026-03-21T17:24:01.198136,1,1.3831,0.0240,1.3831,2.9417,0.7516,0.7515,-0.0101,86
2026-03-21T17:24:01.266806,0,1.1983,1.1983,0.0239,3.1124,0.8794,0.1387,-0.8684,69
2026-03-21T17:24:01.266806,1,1.3384,0.0237,1.3384,2.8957,0.7505,0.7504,0.0060,84
2026-03-21T17:24:01.336030,0,1.0468,1.0468,0.0231,3.1144,0.8739,0.0848,-0.8697,63
2026-03-21T17:24:01.336030,1,1.4104,0.0242,1.4104,2.9189,0.7515,0.7513,0.0147,87
2026-03-21T17:24:01.405786,0,1.1282,1.1282,0.0218,3.1124,0.8764,0.1111,-0.8693,66
2026-03-21T17:24:01.405786,1,1.3088,0.0261,1.3088,2.8944,0.7507,0.7507,-0.0015,83
2026-03-21T17:24:01.475543,0,1.1936,1.1936,0.0583,3.1128,0.8804,0.1479,-0.8679,70
2026-03-21T17:24:01.475543,1,1.3588,0.0191,1.3588,2.8694,0.7514,0.7508,0.0309,85
2026-03-21T17:24:01.545780,0,1.1267,1.1267,0.0209,3.1139,0.8767,0.1113,-0.8696,66
2026-03-21T17:24:01.545780,1,1.4116,0.0255,1.4116,2.9223,0.7510,0.7509,0.0146,87
2026-03-21T17:24:01.614394,0,1.1934,1.1934,0.0287,3.1128,0.8800,0.1391,-0.8690,69
2026-03-21T17:24:01.614394,1,1.3636,0.0219,1.3636,2.8970,0.7517,0.7516,0.0147,85
2026-03-21T17:24:01.685199,0,1.1942,1.1942,0.0896,3.1184,0.8816,0.1565,-0.8676,71
2026-03-21T17:24:01.685199,1,1.3616,0.0244,1.3616,2.8970,0.7513,0.7511,0.0143,85
2026-03-21T17:24:01.753928,0,1.1971,1.1971,0.0281,3.1138,0.8804,0.1390,-0.8693,69
2026-03-21T17:24:01.753928,1,1.3364,0.0223,1.3364,2.8963,0.7510,0.7509,0.0064,84
2026-03-21T17:24:01.824777,0,1.0995,1.0995,0.0242,3.1148,0.8752,0.1022,-0.8692,65
2026-03-21T17:24:01.824777,1,1.4338,0.0242,1.4338,2.9444,0.7511,0.7511,0.0060,88
2026-03-21T17:24:01.894178,0,1.1240,1.1240,0.0217,3.1138,0.8765,0.1113,-0.8694,66
2026-03-21T17:24:01.894178,1,0.0444,0.0444,0.0095,3.0965,1.1402,0.7481,-0.8604,3
2026-03-21T17:24:01.894178,2,1.3643,0.0256,1.3643,2.8977,0.7521,0.7519,0.0143,85
2026-03-21T17:24:01.963717,0,1.1053,1.1053,0.0232,3.1154,0.8750,0.1022,-0.8690,65
2026-03-21T17:24:01.963717,1,1.4116,0.0226,1.4116,2.9216,0.7519,0.7517,0.0146,87
2026-03-21T17:24:02.033711,0,1.0991,1.0991,0.0230,3.1118,0.8749,0.1021,-0.8689,65
2026-03-21T17:24:02.033711,1,1.3358,0.0222,1.3358,2.8957,0.7510,0.7510,0.0062,84
2026-03-21T17:24:02.103104,0,1.1946,1.1946,0.0569,3.1158,0.8814,0.1481,-0.8689,70
2026-03-21T17:24:02.103104,1,1.3609,0.0265,1.3609,2.8970,0.7514,0.7513,0.0143,85
2026-03-21T17:24:02.172381,0,1.0966,1.0966,0.0258,3.1174,0.8749,0.1020,-0.8689,65
2026-03-21T17:24:02.172381,1,1.3577,0.0231,1.3577,2.8931,0.7511,0.7510,0.0142,85
2026-03-21T17:24:02.242039,0,1.1914,1.1914,0.0301,3.1134,0.8797,0.1390,-0.8687,69
2026-03-21T17:24:02.242039,1,1.3114,0.0216,1.3114,2.8707,0.7499,0.7498,0.0143,83
2026-03-21T17:24:02.312312,0,1.1280,1.1280,0.0251,3.1159,0.8760,0.1114,-0.8689,66
2026-03-21T17:24:02.312312,1,1.3864,0.0234,1.3864,2.8963,0.7516,0.7512,0.0227,86
2026-03-21T17:24:02.381056,0,1.1962,1.1962,0.0285,3.1147,0.8801,0.1391,-0.8690,69
2026-03-21T17:24:02.381056,1,1.3597,0.0224,1.3597,2.9209,0.7514,0.7514,-0.0020,85
2026-03-21T17:24:02.451539,0,1.1941,1.1941,0.0247,3.1124,0.8798,0.1391,-0.8688,69
2026-03-21T17:24:02.451539,1,1.3815,0.0233,1.3815,2.9176,0.7510,0.7510,0.0062,86
2026-03-21T17:24:02.521245,0,1.1932,1.1932,0.0250,3.1098,0.8792,0.1388,-0.8681,69
2026-03-21T17:24:02.521245,1,1.3858,0.0272,1.3858,2.9451,0.7518,0.7517,-0.0103,86
2026-03-21T17:24:02.591593,0,1.1941,1.1941,0.0314,3.1177,0.8803,0.1392,-0.8692,69
2026-03-21T17:24:02.591593,1,1.3603,0.0252,1.3603,2.9223,0.7512,0.7512,-0.0020,85
2026-03-21T17:24:02.661493,0,1.1224,1.1224,0.0256,3.1168,0.8759,0.1109,-0.8688,66
2026-03-21T17:24:02.661493,1,0.0458,0.0458,0.0118,3.1011,1.1442,0.7508,-0.8635,3
2026-03-21T17:24:02.661493,2,1.4036,0.0290,1.4036,2.9722,0.7514,0.7512,-0.0190,87
2026-03-21T17:24:02.661493,3,0.0987,0.0103,0.0987,1.5361,1.0571,0.7470,0.7479,5
2026-03-21T17:24:02.730760,0,1.1226,1.1226,0.0187,3.1118,0.8756,0.1111,-0.8685,66
2026-03-21T17:24:02.730760,1,1.3872,0.0233,1.3872,2.9458,0.7516,0.7515,-0.0103,86
2026-03-21T17:24:02.800042,0,1.1894,1.1894,0.0317,3.1128,0.8793,0.1388,-0.8683,69
2026-03-21T17:24:02.800042,1,1.3313,0.0221,1.3313,2.8688,0.7513,0.7509,0.0224,84
2026-03-21T17:24:02.869939,0,1.1927,1.1927,0.0311,3.1174,0.8804,0.1392,-0.8693,69
2026-03-21T17:24:02.869939,1,1.3357,0.0224,1.3357,2.8963,0.7510,0.7510,0.0064,84
2026-03-21T17:24:02.939012,0,1.0747,1.0747,0.0240,3.1164,0.8742,0.0932,-0.8692,64
2026-03-21T17:24:02.939012,1,0.0930,0.0930,0.0133,3.1026,1.1313,0.7275,-0.8663,5
2026-03-21T17:24:02.939012,2,1.3391,0.0246,1.3391,2.8963,0.7505,0.7504,0.0061,84
2026-03-21T17:24:03.009235,0,1.1246,1.1246,0.0239,3.1154,0.8762,0.1110,-0.8691,66
2026-03-21T17:24:03.009235,1,0.0412,0.0412,0.0140,3.1003,1.1436,0.7503,-0.8630,3
2026-03-21T17:24:03.009235,2,1.3824,0.0206,1.3824,2.8681,0.7515,0.7504,0.0394,86
2026-03-21T17:24:03.078992,0,1.1001,1.1001,0.0242,3.1128,0.8755,0.1020,-0.8696,65
2026-03-21T17:24:03.078992,1,0.0730,0.0730,0.0370,3.0988,1.1321,0.7428,-0.8542,5
2026-03-21T17:24:03.078992,2,1.3577,0.0235,1.3577,2.9203,0.7510,0.7510,-0.0018,85
2026-03-21T17:24:03.148131,0,1.1962,1.1962,0.0578,3.1144,0.8805,0.1478,-0.8680,70
2026-03-21T17:24:03.148131,1,1.3101,0.0247,1.3101,2.8701,0.7511,0.7510,0.0143,83
2026-03-21T17:24:03.217992,0,1.1968,1.1968,0.0260,3.1167,0.8806,0.1390,-0.8695,69
2026-03-21T17:24:03.217992,1,0.0952,0.0062,0.0952,2.9968,1.0499,0.7674,-0.7164,5
2026-03-21T17:24:03.217992,2,1.3393,0.0215,1.3393,2.8726,0.7515,0.7512,0.0225,84
2026-03-21T17:24:03.287392,0,1.1272,1.1272,0.0217,3.1115,0.8765,0.1110,-0.8694,66
2026-03-21T17:24:03.287392,1,1.3858,0.0234,1.3858,2.9424,0.7515,0.7514,-0.0101,86
2026-03-21T17:24:03.357632,0,1.1867,1.1867,0.0298,3.1109,0.8802,0.1390,-0.8691,69
2026-03-21T17:24:03.357632,1,1.3115,0.0226,1.3115,2.8957,0.7516,0.7516,-0.0019,83
2026-03-21T17:24:03.426598,0,1.1256,1.1256,0.0180,3.1105,0.8767,0.1114,-0.8696,66
2026-03-21T17:24:03.426598,1,1.4104,0.0247,1.4104,2.9458,0.7516,0.7516,-0.0020,87
2026-03-21T17:24:03.496803,0,1.2012,1.2012,0.0529,3.1154,0.8809,0.1480,-0.8684,70
2026-03-21T17:24:03.496803,1,1.3871,0.0207,1.3871,2.8963,0.7519,0.7515,0.0226,86
2026-03-21T17:24:03.565621,0,1.1257,1.1257,0.0205,3.1109,0.8763,0.1113,-0.8692,66
2026-03-21T17:24:03.565621,1,1.3590,0.0219,1.3590,2.9196,0.7509,0.7509,-0.0020,85
2026-03-21T17:24:03.636210,0,1.1259,1.1259,0.0216,3.1137,0.8761,0.1114,-0.8690,66
2026-03-21T17:24:03.636210,1,1.3844,0.0295,1.3844,2.9424,0.7517,0.7516,-0.0102,86
2026-03-21T17:24:03.705435,0,1.0744,1.0744,0.0238,3.1164,0.8738,0.0932,-0.8688,64
2026-03-21T17:24:03.705435,1,0.0936,0.0936,0.0405,3.1008,1.1280,0.7329,-0.8575,6
2026-03-21T17:24:03.705435,2,1.4872,0.0265,1.4872,2.9722,0.7519,0.7519,0.0060,90
2026-03-21T17:24:03.776263,0,1.1921,1.1921,0.0284,3.1154,0.8800,0.1391,-0.8689,69
2026-03-21T17:24:03.776263,1,1.3134,0.0244,1.3134,2.8970,0.7512,0.7512,-0.0019,83
2026-03-21T17:24:03.845407,0,1.1923,1.1923,0.0271,3.1134,0.8799,0.1389,-0.8689,69
2026-03-21T17:24:03.845407,1,0.0978,0.0060,0.0978,2.9961,1.0481,0.7661,-0.7152,5
2026-03-21T17:24:03.845407,2,1.3412,0.0245,1.3412,2.8746,0.7516,0.7513,0.0223,84
2026-03-21T17:24:03.915166,0,1.1201,1.1201,0.0196,3.1137,0.8760,0.1114,-0.8688,66
2026-03-21T17:24:03.915166,1,1.4831,0.0273,1.4831,2.9681,0.7518,0.7518,0.0059,90
2026-03-21T17:24:03.985704,0,1.1927,1.1927,0.0602,3.1139,0.8802,0.1477,-0.8677,70
2026-03-21T17:24:03.985704,1,1.3590,0.0241,1.3590,2.9183,0.7511,0.7511,-0.0018,85
2026-03-21T17:24:03.985704,2,0.0970,0.0079,0.0970,1.5293,1.0623,0.7507,0.7516,5
2026-03-21T17:24:04.054585,0,1.1914,1.1914,0.0295,3.1128,0.8795,0.1390,-0.8684,69
2026-03-21T17:24:04.054585,1,1.3869,0.0233,1.3869,2.9196,0.7514,0.7514,0.0063,86
2026-03-21T17:24:04.123292,0,1.1207,1.1207,0.0206,3.1128,0.8762,0.1113,-0.8691,66
2026-03-21T17:24:04.123292,1,1.3596,0.0208,1.3596,2.8957,0.7506,0.7504,0.0146,85
2026-03-21T17:24:04.193966,0,1.1001,1.1001,0.0230,3.1118,0.8747,0.1021,-0.8687,65
2026-03-21T17:24:04.193966,1,0.0616,0.0616,0.0483,3.1013,1.1311,0.7421,-0.8536,5
2026-03-21T17:24:04.193966,2,1.4304,0.0217,1.4304,2.9183,0.7514,0.7511,0.0231,88
2026-03-21T17:24:04.262920,0,1.1010,1.1010,0.0214,3.1147,0.8755,0.1022,-0.8695,65
2026-03-21T17:24:04.262920,1,1.3803,0.0248,1.3803,2.8931,0.7509,0.7506,0.0228,86
2026-03-21T17:24:04.333014,0,1.1020,1.1020,0.0213,3.1134,0.8751,0.1023,-0.8691,65
2026-03-21T17:24:04.333014,1,1.4070,0.0273,1.4070,2.9431,0.7509,0.7509,-0.0019,87
2026-03-21T17:24:04.402702,0,1.1923,1.1923,0.0299,3.1147,0.8803,0.1392,-0.8692,69
2026-03-21T17:24:04.402702,1,1.3344,0.0216,1.3344,2.8944,0.7509,0.7509,0.0062,84
2026-03-21T17:24:04.471178,0,1.1261,1.1261,0.0230,3.1108,0.8759,0.1112,-0.8688,66
2026-03-21T17:24:04.471178,1,1.3865,0.0222,1.3865,2.8937,0.7513,0.7510,0.0229,86
2026-03-21T17:24:04.542293,0,1.0938,1.0938,0.0256,3.1138,0.8750,0.1023,-0.8690,65
2026-03-21T17:24:04.542293,1,0.0660,0.0660,0.0491,3.1028,1.1321,0.7428,-0.8543,5
2026-03-21T17:24:04.542293,2,1.4092,0.0268,1.4092,2.9961,0.7530,0.7522,-0.0352,87
2026-03-21T17:24:04.611118,0,1.0789,1.0789,0.0226,3.1137,0.8744,0.0932,-0.8694,64
2026-03-21T17:24:04.611118,1,0.0930,0.0930,0.0491,3.1036,1.1285,0.7332,-0.8579,6
2026-03-21T17:24:04.611118,2,1.4109,0.0254,1.4109,2.9701,0.7512,0.7510,-0.0185,87
2026-03-21T17:24:04.681084,0,1.1252,1.1252,0.0211,3.1134,0.8763,0.1111,-0.8692,66
2026-03-21T17:24:04.681084,1,1.3128,0.0217,1.3128,2.8694,0.7507,0.7506,0.0143,83
2026-03-21T17:24:04.751213,0,1.1954,1.1954,0.0571,3.1138,0.8806,0.1479,-0.8681,70
2026-03-21T17:24:04.751213,1,1.3610,0.0234,1.3610,2.8944,0.7517,0.7516,0.0143,85
2026-03-21T17:24:04.821461,0,1.1235,1.1235,0.0215,3.1128,0.8763,0.1114,-0.8692,66
2026-03-21T17:24:04.821461,1,0.0438,0.0438,0.0103,3.0988,1.1436,0.7503,-0.8630,3
2026-03-21T17:24:04.821461,2,0.0952,0.0086,0.0952,3.0208,1.0661,0.7665,-0.7409,5
2026-03-21T17:24:04.821461,3,1.3390,0.0268,1.3390,2.8990,0.7513,0.7512,0.0061,84
2026-03-21T17:24:04.889805,0,1.1245,1.1245,0.0248,3.1134,0.8766,0.1115,-0.8695,66
2026-03-21T17:24:04.889805,1,0.1613,0.0127,0.1613,2.9708,1.0028,0.7616,-0.6523,8
2026-03-21T17:24:04.889805,2,1.2515,0.0217,1.2515,2.7855,0.7517,0.7498,0.0540,80
2026-03-21T17:24:04.960682,0,1.1941,1.1941,0.0662,3.1177,0.8802,0.1481,-0.8676,70
2026-03-21T17:24:04.960682,1,1.3121,0.0252,1.3121,2.8701,0.7511,0.7510,0.0144,83
2026-03-21T17:24:05.029551,0,1.1894,1.1894,0.0317,3.1157,0.8797,0.1388,-0.8687,69
2026-03-21T17:24:05.029551,1,1.3865,0.0199,1.3865,2.8950,0.7514,0.7511,0.0228,86
2026-03-21T17:24:05.099656,0,1.1051,1.1051,0.0239,3.1169,0.8756,0.1022,-0.8696,65
2026-03-21T17:24:05.099656,1,1.4097,0.0247,1.4097,2.9189,0.7511,0.7510,0.0145,87
2026-03-21T17:24:05.168599,0,1.1236,1.1236,0.0210,3.1108,0.8755,0.1110,-0.8684,66
2026-03-21T17:24:05.168599,1,1.3095,0.0217,1.3095,2.8701,0.7510,0.7508,0.0142,83
2026-03-21T17:24:05.238446,0,1.1243,1.1243,0.0187,3.1118,0.8762,0.1112,-0.8692,66
2026-03-21T17:24:05.238446,1,1.3603,0.0209,1.3603,2.8944,0.7510,0.7509,0.0144,85
2026-03-21T17:24:05.309181,0,1.1928,1.1928,0.0565,3.1139,0.8802,0.1480,-0.8677,70
2026-03-21T17:24:05.309181,1,1.4305,0.0228,1.4305,2.9169,0.7516,0.7512,0.0229,88
2026-03-21T17:24:05.377850,0,1.0764,1.0764,0.0218,3.1134,0.8740,0.0931,-0.8691,64
2026-03-21T17:24:05.377850,1,0.0898,0.0898,0.0153,3.1016,1.1283,0.7256,-0.8640,5
2026-03-21T17:24:05.377850,2,1.3108,0.0197,1.3108,2.8701,0.7507,0.7505,0.0145,83
2026-03-21T17:24:05.448319,0,1.1248,1.1248,0.0212,3.1127,0.8759,0.1111,-0.8689,66
2026-03-21T17:24:05.448319,1,1.3318,0.0237,1.3318,2.8944,0.7508,0.7508,0.0058,84
2026-03-21T17:24:05.516887,0,1.1235,1.1235,0.0225,3.1138,0.8760,0.1115,-0.8689,66
2026-03-21T17:24:05.516887,1,1.3590,0.0264,1.3590,2.9196,0.7511,0.7511,-0.0022,85
2026-03-21T17:24:05.516887,2,0.0984,0.0065,0.0984,1.5300,1.0613,0.7500,0.7508,5
2026-03-21T17:24:05.587268,0,1.1202,1.1202,0.0240,3.1137,0.8758,0.1112,-0.8688,66
2026-03-21T17:24:05.587268,1,0.0456,0.0456,0.0148,3.0996,1.1396,0.7477,-0.8599,3
2026-03-21T17:24:05.587268,2,1.4090,0.0228,1.4090,2.9437,0.7514,0.7514,-0.0020,87
2026-03-21T17:24:05.656756,0,1.1493,1.1493,0.0204,3.1119,0.8777,0.1202,-0.8695,67
2026-03-21T17:24:05.656756,1,0.0370,0.0223,0.0370,3.0958,1.1429,0.7647,-0.8494,3
2026-03-21T17:24:05.656756,2,1.3822,0.0237,1.3822,2.9196,0.7514,0.7514,0.0062,86
2026-03-21T17:24:05.726429,0,1.1252,1.1252,0.0217,3.1115,0.8765,0.1113,-0.8694,66
2026-03-21T17:24:05.726429,1,1.3879,0.0307,1.3879,2.9465,0.7515,0.7514,-0.0102,86
2026-03-21T17:24:05.796107,0,1.1923,1.1923,0.0285,3.1148,0.8800,0.1391,-0.8689,69
2026-03-21T17:24:05.796107,1,1.3391,0.0222,1.3391,2.8970,0.7514,0.7514,0.0063,84
2026-03-21T17:24:05.866691,0,1.1218,1.1218,0.0250,3.1144,0.8765,0.1111,-0.8694,66
2026-03-21T17:24:05.866691,1,1.4124,0.0304,1.4124,2.9196,0.7507,0.7506,0.0143,87
2026-03-21T17:24:05.935929,0,1.1229,1.1229,0.0244,3.1148,0.8760,0.1114,-0.8689,66
2026-03-21T17:24:05.935929,1,1.4087,0.0252,1.4087,2.8944,0.7512,0.7506,0.0306,87
2026-03-21T17:24:06.005205,0,1.1002,1.1002,0.0209,3.1124,0.8749,0.1019,-0.8689,65
2026-03-21T17:24:06.005205,1,1.3563,0.0240,1.3563,2.9183,0.7508,0.7508,-0.0020,85
2026-03-21T17:24:06.075069,0,1.1963,1.1963,0.0220,3.1113,0.8795,0.1390,-0.8684,69
2026-03-21T17:24:06.075069,1,1.4055,0.0267,1.4055,2.9183,0.7519,0.7518,0.0145,87
2026-03-21T17:24:06.144519,0,1.1000,1.1000,0.0228,3.1144,0.8750,0.1018,-0.8691,65
2026-03-21T17:24:06.144519,1,1.4630,0.0296,1.4630,2.9708,0.7520,0.7520,-0.0023,89
2026-03-21T17:24:06.214473,0,1.1867,1.1867,0.0357,3.1138,0.8799,0.1388,-0.8688,69
2026-03-21T17:24:06.214473,1,1.4334,0.0285,1.4334,2.9947,0.7522,0.7517,-0.0273,88
2026-03-21T17:24:06.284215,0,1.1272,1.1272,0.0238,3.1144,0.8764,0.1113,-0.8693,66
2026-03-21T17:24:06.284215,1,1.4115,0.0238,1.4115,2.9694,0.7523,0.7521,-0.0184,87
2026-03-21T17:24:06.354061,0,1.1221,1.1221,0.0210,3.1123,0.8761,0.1110,-0.8690,64
2026-03-21T17:24:06.354061,1,1.4093,0.0209,1.4093,2.8950,0.7516,0.7509,0.0312,87
2026-03-21T17:24:06.423594,0,1.1911,1.1911,0.0303,3.1128,0.8800,0.1391,-0.8690,69
2026-03-21T17:24:06.423594,1,1.3629,0.0292,1.3629,2.9471,0.7523,0.7521,-0.0184,85
2026-03-21T17:24:06.423594,2,0.0962,0.0056,0.0962,1.5546,1.0445,0.7509,0.7260,5
2026-03-21T17:24:06.493033,0,1.1231,1.1231,0.0224,3.1137,0.8766,0.1112,-0.8695,66
2026-03-21T17:24:06.493033,1,1.4616,0.0287,1.4616,2.9701,0.7515,0.7515,-0.0023,89
2026-03-21T17:24:06.562920,0,1.1945,1.1945,0.0265,3.1128,0.8795,0.1389,-0.8685,69
2026-03-21T17:24:06.562920,1,1.3879,0.0288,1.3879,2.9458,0.7513,0.7513,-0.0101,86
2026-03-21T17:24:06.633255,0,1.1227,1.1227,0.0239,3.1137,0.8762,0.1110,-0.8691,66
2026-03-21T17:24:06.633255,1,1.4630,0.0263,1.4630,2.9708,0.7517,0.7517,-0.0023,89
2026-03-21T17:24:06.701694,0,1.2003,1.2003,0.0247,3.1154,0.8799,0.1392,-0.8688,69
2026-03-21T17:24:06.701694,1,1.3543,0.0231,1.3543,2.8924,0.7510,0.7509,0.0144,85
2026-03-21T17:24:06.772186,0,1.1936,1.1936,0.0285,3.1147,0.8796,0.1390,-0.8686,69
2026-03-21T17:24:06.772186,1,1.4138,0.0266,1.4138,2.9465,0.7517,0.7517,-0.0020,87
2026-03-21T17:24:06.841791,0,1.0978,1.0978,0.0234,3.1167,0.8758,0.1024,-0.8698,65
2026-03-21T17:24:06.841791,1,1.3364,0.0211,1.3364,2.8944,0.7510,0.7510,0.0062,84
2026-03-21T17:24:06.911161,0,1.1932,1.1932,0.0301,3.1164,0.8798,0.1389,-0.8688,69
2026-03-21T17:24:06.911161,1,1.3617,0.0288,1.3617,2.9209,0.7508,0.7508,-0.0022,85
2026-03-21T17:24:06.981710,0,1.1929,1.1929,0.0282,3.1137,0.8793,0.1390,-0.8683,69
2026-03-21T17:24:06.981710,1,1.3583,0.0229,1.3583,2.8950,0.7512,0.7511,0.0145,85
2026-03-21T17:24:07.051562,0,1.1297,1.1297,0.0198,3.1128,0.8764,0.1113,-0.8694,66
2026-03-21T17:24:07.051562,1,1.3577,0.0276,1.3577,2.8924,0.7502,0.7501,0.0143,85
2026-03-21T17:24:07.119838,0,1.1971,1.1971,0.0564,3.1123,0.8809,0.1479,-0.8684,70
2026-03-21T17:24:07.119838,1,1.4090,0.0232,1.4090,2.9169,0.7507,0.7506,0.0146,87
2026-03-21T17:24:07.190168,0,1.1957,1.1957,0.0562,3.1128,0.8804,0.1480,-0.8679,70
2026-03-21T17:24:07.190168,1,1.3849,0.0220,1.3849,2.8970,0.7512,0.7509,0.0225,86
2026-03-21T17:24:07.258817,0,1.1234,1.1234,0.0243,3.1128,0.8761,0.1110,-0.8690,66
2026-03-21T17:24:07.258817,1,1.4324,0.0246,1.4324,2.9431,0.7507,0.7507,0.0061,88
2026-03-21T17:24:07.329395,0,1.0989,1.0989,0.0230,3.1134,0.8749,0.1020,-0.8689,65
2026-03-21T17:24:07.329395,1,1.3816,0.0205,1.3816,2.8944,0.7518,0.7515,0.0226,86
2026-03-21T17:24:07.398948,0,1.1242,1.1242,0.0218,3.1124,0.8761,0.1115,-0.8689,66
2026-03-21T17:24:07.398948,1,1.3127,0.0225,1.3127,2.8733,0.7511,0.7510,0.0143,83
2026-03-21T17:24:07.468541,0,1.1276,1.1276,0.0203,3.1134,0.8765,0.1112,-0.8694,66
2026-03-21T17:24:07.468541,1,1.4358,0.0251,1.4358,2.9458,0.7514,0.7514,0.0062,88
2026-03-21T17:24:07.538472,0,1.1267,1.1267,0.0183,3.1116,0.8765,0.1114,-0.8694,66
2026-03-21T17:24:07.538472,1,0.0420,0.0420,0.0126,3.1026,1.1472,0.7527,-0.8657,3
2026-03-21T17:24:07.538472,2,1.3344,0.0225,1.3344,2.8957,0.7508,0.7508,0.0060,84
2026-03-21T17:24:07.607850,0,1.1235,1.1235,0.0211,3.1144,0.8764,0.1112,-0.8694,66
2026-03-21T17:24:07.607850,1,1.3380,0.0240,1.3380,2.9209,0.7512,0.7511,-0.0100,84
2026-03-21T17:24:07.677996,0,1.0978,1.0978,0.0243,3.1148,0.8748,0.1021,-0.8688,65
2026-03-21T17:24:07.677996,1,1.4305,0.0220,1.4305,2.9169,0.7511,0.7507,0.0227,88
2026-03-21T17:24:07.747635,0,1.1923,1.1923,0.0309,3.1157,0.8797,0.1390,-0.8686,69
2026-03-21T17:24:07.747635,1,1.3101,0.0229,1.3101,2.8701,0.7508,0.7507,0.0143,83
2026-03-21T17:24:07.816781,0,1.1033,1.1033,0.0214,3.1134,0.8754,0.1021,-0.8694,65
2026-03-21T17:24:07.816781,1,1.4338,0.0208,1.4338,2.9437,0.7518,0.7517,0.0064,88
2026-03-21T17:24:07.886516,0,1.1260,1.1260,0.0253,3.1137,0.8763,0.1115,-0.8692,66
2026-03-21T17:24:07.886516,1,1.4340,0.0212,1.4340,2.9176,0.7513,0.7509,0.0230,88
2026-03-21T17:24:07.957343,0,1.1927,1.1927,0.0295,3.1128,0.8798,0.1389,-0.8687,69
2026-03-21T17:24:07.957343,1,1.3597,0.0259,1.3597,2.9176,0.7515,0.7515,-0.0019,85
2026-03-21T17:24:08.025887,0,1.1235,1.1235,0.0202,3.1134,0.8759,0.1114,-0.8688,66
2026-03-21T17:24:08.025887,1,0.0431,0.0431,0.0156,3.1018,1.1432,0.7501,-0.8627,3
2026-03-21T17:24:08.025887,2,1.3300,0.0228,1.3300,2.8681,0.7512,0.7509,0.0225,84
2026-03-21T17:24:08.095991,0,1.1927,1.1927,0.0559,3.1118,0.8806,0.1478,-0.8681,70
2026-03-21T17:24:08.095991,1,1.3577,0.0256,1.3577,2.9196,0.7509,0.7509,-0.0020,85
2026-03-21T17:24:08.165373,0,1.1990,1.1990,0.0535,3.1138,0.8807,0.1481,-0.8682,70
2026-03-21T17:24:08.165373,1,1.3305,0.0208,1.3305,2.8911,0.7506,0.7506,0.0062,84
2026-03-21T17:24:08.234997,0,1.1240,1.1240,0.0205,3.1137,0.8766,0.1113,-0.8695,66
2026-03-21T17:24:08.234997,1,1.4861,0.0224,1.4861,2.9947,0.7517,0.7516,-0.0106,90
2026-03-21T17:24:08.305526,0,1.0774,1.0774,0.0228,3.1167,0.8739,0.0933,-0.8689,64
2026-03-21T17:24:08.305526,1,0.0659,0.0659,0.0453,3.1013,1.1345,0.7444,-0.8561,5
2026-03-21T17:24:08.305526,2,1.3811,0.0205,1.3811,2.8924,0.7507,0.7504,0.0229,86
2026-03-21T17:24:08.375170,0,1.1252,1.1252,0.0224,3.1128,0.8765,0.1114,-0.8694,66
2026-03-21T17:24:08.375170,1,1.3825,0.0248,1.3825,2.9437,0.7518,0.7518,-0.0100,86
2026-03-21T17:24:08.375170,2,0.0498,0.0008,0.0498,1.5327,1.0426,0.7498,0.7244,3
2026-03-21T17:24:08.444322,0,1.0959,1.0959,0.0221,3.1128,0.8748,0.1022,-0.8688,65
2026-03-21T17:24:08.444322,1,1.3829,0.0208,1.3829,2.8957,0.7510,0.7506,0.0229,86
2026-03-21T17:24:08.514432,0,1.0762,1.0762,0.0250,3.1137,0.8742,0.0932,-0.8692,64
2026-03-21T17:24:08.514432,1,0.0884,0.0884,0.0466,3.1040,1.1292,0.7336,-0.8584,6
2026-03-21T17:24:08.514432,2,1.4130,0.0292,1.4130,2.9722,0.7519,0.7516,-0.0186,87
2026-03-21T17:24:08.582992,0,1.1934,1.1934,0.0553,3.1134,0.8805,0.1478,-0.8680,70
2026-03-21T17:24:08.582992,1,1.4103,0.0216,1.4103,2.9196,0.7519,0.7518,0.0148,87
2026-03-21T17:24:08.653322,0,1.1929,1.1929,0.0299,3.1154,0.8801,0.1390,-0.8690,69
2026-03-21T17:24:08.653322,1,1.4594,0.0270,1.4594,2.9437,0.7520,0.7518,0.0145,89
2026-03-21T17:24:08.723563,0,1.0969,1.0969,0.0188,3.1118,0.8751,0.1020,-0.8692,64
2026-03-21T17:24:08.723563,1,1.3610,0.0212,1.3610,2.8944,0.7514,0.7513,0.0147,85
2026-03-21T17:24:08.723563,2,0.0474,0.0050,0.0474,1.5051,1.0619,0.7507,0.7510,3
2026-03-21T17:24:08.792806,0,1.1257,1.1257,0.0190,3.1118,0.8757,0.1114,-0.8686,66
2026-03-21T17:24:08.792806,1,0.0986,0.0029,0.0986,2.9982,1.0495,0.7671,-0.7162,5
2026-03-21T17:24:08.792806,2,1.3373,0.0216,1.3373,2.8713,0.7518,0.7514,0.0225,84
2026-03-21T17:24:08.862759,0,1.0989,1.0989,0.0232,3.1157,0.8755,0.1021,-0.8696,65
2026-03-21T17:24:08.862759,1,0.0640,0.0640,0.0469,3.1036,1.1347,0.7445,-0.8563,5
2026-03-21T17:24:08.862759,2,1.4323,0.0253,1.4323,2.9465,0.7514,0.7514,0.0060,88
2026-03-21T17:24:08.932387,0,1.1237,1.1237,0.0173,3.1105,0.8761,0.1115,-0.8690,66
2026-03-21T17:24:08.932387,1,0.0483,0.0483,0.0103,3.0988,1.1412,0.7488,-0.8612,3
2026-03-21T17:24:08.932387,2,1.3340,0.0338,1.3340,2.9176,0.7513,0.7512,-0.0099,84
2026-03-21T17:24:09.001573,0,1.1276,1.1276,0.0232,3.1138,0.8766,0.1113,-0.8695,66
2026-03-21T17:24:09.001573,1,0.0451,0.0451,0.0118,3.1003,1.1436,0.7503,-0.8630,3
2026-03-21T17:24:09.001573,2,1.4111,0.0260,1.4111,2.9471,0.7513,0.7513,-0.0022,87
2026-03-21T17:24:09.071704,0,1.1272,1.1272,0.0198,3.1113,0.8762,0.1111,-0.8691,66
2026-03-21T17:24:09.071704,1,1.4145,0.0293,1.4145,2.9485,0.7521,0.7521,-0.0021,87
2026-03-21T17:24:09.141659,0,1.1976,1.1976,0.0245,3.1123,0.8800,0.1389,-0.8690,69
2026-03-21T17:24:09.141659,1,1.3830,0.0231,1.3830,2.8950,0.7515,0.7511,0.0223,86
2026-03-21T17:24:09.211161,0,1.0995,1.0995,0.0219,3.1144,0.8744,0.1020,-0.8685,65
2026-03-21T17:24:09.211161,1,0.0666,0.0666,0.0469,3.1020,1.1345,0.7444,-0.8561,5
2026-03-21T17:24:09.211161,2,1.4108,0.0263,1.4108,2.9681,0.7521,0.7518,-0.0185,87
2026-03-21T17:24:09.281446,0,1.1205,1.1205,0.0224,3.1148,0.8762,0.1114,-0.8691,66
2026-03-21T17:24:09.281446,1,0.0425,0.0425,0.0118,3.0988,1.1426,0.7497,-0.8622,3
2026-03-21T17:24:09.281446,2,1.3857,0.0219,1.3857,2.8963,0.7513,0.7509,0.0226,86
2026-03-21T17:24:09.349964,0,1.1002,1.1002,0.0230,3.1134,0.8748,0.1020,-0.8688,65
2026-03-21T17:24:09.349964,1,0.0640,0.0640,0.0476,3.1020,1.1339,0.7439,-0.8557,5
2026-03-21T17:24:09.349964,2,1.3603,0.0236,1.3603,2.9189,0.7508,0.7508,-0.0021,85
2026-03-21T17:24:09.420252,0,1.0741,1.0741,0.0241,3.1154,0.8738,0.0931,-0.8689,64
2026-03-21T17:24:09.420252,1,1.3890,0.0213,1.3890,2.9203,0.7517,0.7516,0.0066,86
2026-03-21T17:24:09.489917,0,1.1920,1.1920,0.0612,3.1164,0.8806,0.1481,-0.8680,70
2026-03-21T17:24:09.489917,1,1.3365,0.0219,1.3365,2.8937,0.7511,0.7511,0.0064,84
2026-03-21T17:24:09.559067,0,1.1257,1.1257,0.0232,3.1157,0.8760,0.1110,-0.8689,66
2026-03-21T17:24:09.559067,1,1.3107,0.0190,1.3107,2.8713,0.7509,0.7508,0.0145,83
2026-03-21T17:24:09.629560,0,1.1229,1.1229,0.0224,3.1164,0.8766,0.1112,-0.8695,66
2026-03-21T17:24:09.629560,1,1.4334,0.0307,1.4334,2.9715,0.7517,0.7516,-0.0109,88
2026-03-21T17:24:09.698316,0,1.1907,1.1907,0.0277,3.1118,0.8798,0.1391,-0.8687,69
2026-03-21T17:24:09.698316,1,1.4075,0.0194,1.4075,2.9681,0.7517,0.7515,-0.0184,87
2026-03-21T17:24:09.768540,0,1.1274,1.1274,0.0196,3.1115,0.8760,0.1114,-0.8689,66
2026-03-21T17:24:09.768540,1,0.0411,0.0411,0.0140,3.0973,1.1396,0.7477,-0.8600,3
2026-03-21T17:24:09.768540,2,1.3851,0.0213,1.3851,2.8950,0.7513,0.7509,0.0228,86
2026-03-21T17:24:09.768540,3,0.0424,0.0424,0.0239,1.8077,0.4466,-0.0817,0.4391,6
2026-03-21T17:24:09.837881,0,1.1278,1.1278,0.0232,3.1157,0.8769,0.1116,-0.8697,66
2026-03-21T17:24:09.837881,1,1.3557,0.0223,1.3557,2.8917,0.7508,0.7507,0.0144,85
2026-03-21T17:24:09.837881,2,0.0673,0.0673,0.0564,1.8255,0.4299,-0.0530,0.4266,9
2026-03-21T17:24:09.908353,0,1.1010,1.1010,0.0249,3.1168,0.8757,0.1024,-0.8697,65
2026-03-21T17:24:09.908353,1,1.4291,0.0230,1.4291,2.9163,0.7515,0.7511,0.0228,88
2026-03-21T17:24:09.908353,2,0.0446,0.0405,0.0446,1.8343,0.4127,-0.0356,0.4112,7
2026-03-21T17:24:09.977546,0,1.1201,1.1201,0.0301,3.1154,0.8761,0.1112,-0.8690,66
2026-03-21T17:24:09.977546,1,1.3583,0.0226,1.3583,2.9196,0.7515,0.7515,-0.0021,85
2026-03-21T17:24:09.977546,2,0.0519,0.0503,0.0519,1.8286,0.4172,-0.0398,0.4153,8
2026-03-21T17:24:10.047625,0,1.1939,1.1939,0.0577,3.1158,0.8805,0.1479,-0.8680,70
2026-03-21T17:24:10.047625,1,1.4066,0.0240,1.4066,2.8931,0.7521,0.7515,0.0312,87
2026-03-21T17:24:10.047625,2,0.0407,0.0407,0.0279,1.8369,0.4066,-0.0423,0.4044,7
2026-03-21T17:24:10.117531,0,1.1013,1.1013,0.0238,3.1177,0.8753,0.1024,-0.8693,65
2026-03-21T17:24:10.117531,1,0.0665,0.0665,0.0460,3.1019,1.1337,0.7438,-0.8555,5
2026-03-21T17:24:10.117531,2,0.0990,0.0077,0.0990,2.9722,1.0289,0.7642,-0.6889,5
2026-03-21T17:24:10.117531,3,1.3608,0.0230,1.3608,2.8479,0.7524,0.7509,0.0470,85
2026-03-21T17:24:10.117531,4,0.0551,0.0551,0.0491,1.8472,0.4062,-0.0461,0.4035,8
2026-03-21T17:24:10.187099,0,1.1936,1.1936,0.0598,3.1128,0.8806,0.1480,-0.8681,70
2026-03-21T17:24:10.187099,1,1.3327,0.0222,1.3327,2.8681,0.7513,0.7510,0.0226,84
2026-03-21T17:24:10.187099,2,0.0460,0.0460,0.0375,1.8492,0.3941,-0.0375,0.3923,8
2026-03-21T17:24:10.255903,0,1.1947,1.1947,0.0283,3.1138,0.8799,0.1389,-0.8689,69
2026-03-21T17:24:10.255903,1,1.4531,0.0252,1.4531,2.9437,0.7503,0.7502,0.0146,89
2026-03-21T17:24:10.255903,2,0.0580,0.0580,0.0394,1.8549,0.3921,-0.0342,0.3907,9
2026-03-21T17:24:10.326514,0,1.1927,1.1927,0.0290,3.1138,0.8798,0.1389,-0.8688,69
2026-03-21T17:24:10.326514,1,1.4103,0.0222,1.4103,2.9203,0.7515,0.7513,0.0146,87
2026-03-21T17:24:10.326514,2,0.0460,0.0460,0.0196,1.8561,0.3864,-0.0302,0.3853,8
2026-03-21T17:24:10.396298,0,1.1936,1.1936,0.0595,3.1154,0.8798,0.1479,-0.8673,70
2026-03-21T17:24:10.396298,1,1.3849,0.0215,1.3849,2.9189,0.7517,0.7517,0.0064,86
2026-03-21T17:24:10.396298,2,0.0475,0.0475,0.0190,1.8575,0.3858,-0.0303,0.3846,8
2026-03-21T17:24:10.465533,0,1.0569,1.0569,0.0221,3.1124,0.8735,0.0841,-0.8695,63
2026-03-21T17:24:10.465533,1,0.0493,0.0493,0.0066,3.1047,1.1019,0.6785,-0.8682,3
2026-03-21T17:24:10.465533,2,0.0372,0.0372,0.0178,3.1011,1.1432,0.7501,-0.8628,3
2026-03-21T17:24:10.465533,3,1.3856,0.0218,1.3856,2.9183,0.7518,0.7518,0.0062,86
2026-03-21T17:24:10.465533,4,0.0468,0.0468,0.0095,1.8549,0.3833,-0.0301,0.3821,8
2026-03-21T17:24:10.535572,0,1.1236,1.1236,0.0194,3.1108,0.8762,0.1111,-0.8691,66
2026-03-21T17:24:10.535572,1,1.3348,0.0237,1.3348,2.9216,0.7511,0.7510,-0.0100,84
2026-03-21T17:24:10.535572,2,0.0669,0.0533,0.0669,1.8573,0.3904,-0.0267,0.3895,9
2026-03-21T17:24:10.604733,0,1.1263,1.1263,0.0248,3.1134,0.8768,0.1112,-0.8697,66
2026-03-21T17:24:10.604733,1,0.0352,0.0352,0.0200,3.0996,1.1402,0.7481,-0.8605,3
2026-03-21T17:24:10.604733,2,1.4594,0.0224,1.4594,2.9451,0.7519,0.7518,0.0146,89
2026-03-21T17:24:10.604733,3,0.0510,0.0510,0.0379,1.8583,0.3876,-0.0306,0.3863,8
2026-03-21T17:24:10.674199,0,1.1021,1.1021,0.0270,3.1168,0.8748,0.1019,-0.8688,65
2026-03-21T17:24:10.674199,1,1.3842,0.0306,1.3842,2.9196,0.7513,0.7513,0.0061,86
2026-03-21T17:24:10.674199,2,0.0702,0.0579,0.0702,1.8526,0.3974,-0.0274,0.3964,9
2026-03-21T17:24:10.743923,0,1.1021,1.1021,0.0216,3.1137,0.8756,0.1019,-0.8696,65
2026-03-21T17:24:10.743923,1,0.0736,0.0736,0.0371,3.0996,1.1331,0.7435,-0.8550,5
2026-03-21T17:24:10.743923,2,1.4339,0.0225,1.4339,2.9189,0.7521,0.7518,0.0225,88
2026-03-21T17:24:10.743923,3,0.0665,0.0591,0.0665,1.8579,0.3974,-0.0276,0.3964,9
2026-03-21T17:24:10.814079,0,1.1282,1.1282,0.0206,3.1128,0.8766,0.1113,-0.8695,66
2026-03-21T17:24:10.814079,1,0.0431,0.0431,0.0140,3.0988,1.1406,0.7484,-0.8607,3
2026-03-21T17:24:10.814079,2,1.4049,0.0235,1.4049,2.9431,0.7511,0.7511,-0.0019,87
2026-03-21T17:24:10.814079,3,0.0505,0.0505,0.0309,1.8553,0.3874,-0.0306,0.3862,8
2026-03-21T17:24:10.882894,0,1.1267,1.1267,0.0221,3.1116,0.8759,0.1111,-0.8688,66
2026-03-21T17:24:10.882894,1,1.4623,0.0249,1.4623,2.9701,0.7522,0.7522,-0.0021,89
2026-03-21T17:24:10.882894,2,0.0508,0.0508,0.0332,1.8546,0.3894,-0.0308,0.3882,8
2026-03-21T17:24:10.953570,0,1.1941,1.1941,0.0301,3.1164,0.8801,0.1391,-0.8690,69
2026-03-21T17:24:10.953570,1,1.3822,0.0218,1.3822,2.9183,0.7516,0.7516,0.0062,86
2026-03-21T17:24:10.953570,2,0.0488,0.0050,0.0488,1.5058,1.0602,0.7496,0.7498,3
2026-03-21T17:24:10.953570,3,0.0575,0.0575,0.0564,1.8549,0.3946,-0.0273,0.3936,9
2026-03-21T17:24:11.022316,0,1.1932,1.1932,0.0241,3.1118,0.8798,0.1392,-0.8687,69
2026-03-21T17:24:11.022316,1,1.3844,0.0220,1.3844,2.8950,0.7515,0.7511,0.0225,86
2026-03-21T17:24:11.022316,2,0.0475,0.0475,0.0235,1.8569,0.3858,-0.0302,0.3846,8
2026-03-21T17:24:11.092389,0,1.1969,1.1969,0.0515,3.1147,0.8812,0.1483,-0.8686,70
2026-03-21T17:24:11.092389,1,1.3101,0.0222,1.3101,2.8701,0.7510,0.7509,0.0145,83
2026-03-21T17:24:11.092389,2,0.0603,0.0603,0.0461,1.8519,0.3923,-0.0343,0.3908,9
2026-03-21T17:24:11.162243,0,1.1272,1.1272,0.0204,3.1144,0.8772,0.1116,-0.8701,66
2026-03-21T17:24:11.162243,1,1.4076,0.0247,1.4076,2.9189,0.7509,0.7507,0.0147,87
2026-03-21T17:24:11.162243,2,0.0469,0.0459,0.0469,1.8543,0.3892,-0.0302,0.3880,8
2026-03-21T17:24:11.232065,0,1.1923,1.1923,0.0271,3.1134,0.8803,0.1393,-0.8692,69
2026-03-21T17:24:11.232065,1,1.3604,0.0216,1.3604,2.8937,0.7511,0.7510,0.0146,85
2026-03-21T17:24:11.232065,2,0.0609,0.0609,0.0523,1.8541,0.3954,-0.0346,0.3938,9
2026-03-21T17:24:11.301041,0,1.1928,1.1928,0.0251,3.1128,0.8800,0.1393,-0.8689,69
2026-03-21T17:24:11.301041,1,1.4320,0.0250,1.4320,2.9674,0.7516,0.7515,-0.0104,88
2026-03-21T17:24:11.301041,2,0.0465,0.0465,0.0402,1.8536,0.3889,-0.0303,0.3878,8
2026-03-21T17:24:11.372204,0,1.1248,1.1248,0.0190,3.1118,0.8767,0.1113,-0.8696,66
2026-03-21T17:24:11.372204,1,0.0953,0.0086,0.0953,3.0222,1.0669,0.7671,-0.7415,5
2026-03-21T17:24:11.372204,2,1.3331,0.0268,1.3331,2.8944,0.7513,0.7513,0.0061,84
2026-03-21T17:24:11.372204,3,0.0468,0.0468,0.0289,1.8493,0.3907,-0.0305,0.3895,8
2026-03-21T17:24:11.440988,0,1.1909,1.1909,0.0623,3.1138,0.8811,0.1477,-0.8686,70
2026-03-21T17:24:11.440988,1,1.4351,0.0254,1.4351,2.9451,0.7522,0.7522,0.0062,88
2026-03-21T17:24:11.440988,2,0.0473,0.0473,0.0164,1.8499,0.3901,-0.0306,0.3889,8
2026-03-21T17:24:11.510844,0,1.1240,1.1240,0.0233,3.1147,0.8765,0.1112,-0.8694,66
2026-03-21T17:24:11.510844,1,0.0451,0.0451,0.0088,3.0973,1.1419,0.7492,-0.8617,3
2026-03-21T17:24:11.510844,2,1.4090,0.0232,1.4090,2.9189,0.7513,0.7511,0.0144,87
2026-03-21T17:24:11.510844,3,0.0520,0.0520,0.0408,1.8533,0.3928,-0.0311,0.3916,8
2026-03-21T17:24:11.580206,0,1.1952,1.1952,0.0568,3.1128,0.8807,0.1479,-0.8682,70
2026-03-21T17:24:11.580206,1,1.4097,0.0286,1.4097,2.9471,0.7518,0.7518,-0.0022,87
2026-03-21T17:24:11.580206,2,0.0473,0.0473,0.0315,1.8559,0.3888,-0.0304,0.3876,8
2026-03-21T17:24:11.650462,0,1.0759,1.0759,0.0190,3.1105,0.8737,0.0931,-0.8687,64
2026-03-21T17:24:11.650462,1,0.0924,0.0924,0.0133,3.1018,1.1297,0.7265,-0.8651,5
2026-03-21T17:24:11.650462,2,1.3597,0.0296,1.3597,2.9189,0.7514,0.7514,-0.0020,85
2026-03-21T17:24:11.650462,3,0.0758,0.0537,0.0758,1.8502,0.3977,-0.0271,0.3968,9
2026-03-21T17:24:11.719686,0,1.1273,1.1273,0.0245,3.1157,0.8760,0.1111,-0.8689,66
2026-03-21T17:24:11.719686,1,1.3845,0.0231,1.3845,2.9444,0.7518,0.7518,-0.0102,86
2026-03-21T17:24:11.719686,2,0.0466,0.0466,0.0289,1.8553,0.3881,-0.0304,0.3869,8
2026-03-21T17:24:11.789600,0,1.1918,1.1918,0.0599,3.1158,0.8814,0.1481,-0.8689,70
2026-03-21T17:24:11.789600,1,1.3865,0.0240,1.3865,2.8944,0.7511,0.7507,0.0227,86
2026-03-21T17:24:11.789600,2,0.0497,0.0497,0.0163,1.8456,0.3928,-0.0309,0.3916,8
2026-03-21T17:24:11.860098,0,1.1914,1.1914,0.0299,3.1147,0.8795,0.1389,-0.8685,69
2026-03-21T17:24:11.860098,1,1.3870,0.0225,1.3870,2.8970,0.7515,0.7511,0.0230,86
2026-03-21T17:24:11.860098,2,0.0492,0.0076,0.0492,1.4800,1.0822,0.7516,0.7786,3
2026-03-21T17:24:11.860098,3,0.0708,0.0605,0.0708,1.8533,0.4005,-0.0277,0.3995,9
2026-03-21T17:24:11.928532,0,1.0503,1.0503,0.0258,3.1164,0.8736,0.0843,-0.8695,63
2026-03-21T17:24:11.928532,1,1.4347,0.0299,1.4347,2.9687,0.7515,0.7514,-0.0102,88
2026-03-21T17:24:11.928532,2,0.0595,0.0472,0.0595,1.8489,0.3948,-0.0236,0.3941,8
2026-03-21T17:24:11.998364,0,1.1252,1.1252,0.0257,3.1177,0.8764,0.1111,-0.8693,66
2026-03-21T17:24:11.998364,1,1.4352,0.0239,1.4352,2.9431,0.7518,0.7518,0.0065,88
2026-03-21T17:24:11.998364,2,0.0532,0.0532,0.0453,1.8499,0.3938,-0.0313,0.3926,8
2026-03-21T17:24:12.068349,0,1.1983,1.1983,0.0257,3.1157,0.8801,0.1389,-0.8691,69
2026-03-21T17:24:12.068349,1,1.3351,0.0247,1.3351,2.8963,0.7508,0.7508,0.0062,84
2026-03-21T17:24:12.068349,2,0.0635,0.0589,0.0635,1.8539,0.3987,-0.0277,0.3977,9
2026-03-21T17:24:12.138827,0,1.1280,1.1280,0.0222,3.1144,0.8767,0.1112,-0.8696,66
2026-03-21T17:24:12.138827,1,1.3601,0.0236,1.3601,2.8701,0.7520,0.7514,0.0306,85
2026-03-21T17:24:12.138827,2,0.0510,0.0510,0.0301,1.8495,0.3943,-0.0310,0.3931,8
2026-03-21T17:24:12.207864,0,1.1967,1.1967,0.0255,3.1118,0.8793,0.1387,-0.8683,69
2026-03-21T17:24:12.207864,1,1.4076,0.0289,1.4076,2.9451,0.7516,0.7516,-0.0025,87
2026-03-21T17:24:12.207864,2,0.0540,0.0540,0.0506,1.8493,0.3963,-0.0314,0.3951,8
2026-03-21T17:24:12.277794,0,1.1248,1.1248,0.0198,3.1128,0.8762,0.1110,-0.8691,66
2026-03-21T17:24:12.277794,1,1.3905,0.0238,1.3905,2.9458,0.7517,0.7517,-0.0101,86
2026-03-21T17:24:12.277794,2,0.0610,0.0610,0.0559,1.8513,0.3998,-0.0279,0.3988,9
2026-03-21T17:24:12.347159,0,1.1010,1.1010,0.0200,3.1134,0.8751,0.1025,-0.8691,65
2026-03-21T17:24:12.347159,1,1.3603,0.0226,1.3603,2.9196,0.7507,0.7507,-0.0018,85
2026-03-21T17:24:12.347159,2,0.0401,0.0401,0.0140,1.8539,0.3870,-0.0270,0.3861,7
2026-03-21T17:24:12.417110,0,1.1927,1.1927,0.0271,3.1134,0.8791,0.1390,-0.8680,69
2026-03-21T17:24:12.417110,1,1.3583,0.0215,1.3583,2.9169,0.7514,0.7514,-0.0017,85
2026-03-21T17:24:12.417110,2,0.0470,0.0470,0.0419,1.8493,0.3922,-0.0236,0.3915,8
2026-03-21T17:24:12.486616,0,1.0992,1.0992,0.0230,3.1118,0.8749,0.1020,-0.8690,65
2026-03-21T17:24:12.486616,1,1.3642,0.0311,1.3642,2.9465,0.7517,0.7515,-0.0185,85
2026-03-21T17:24:12.486616,2,0.0400,0.0400,0.0132,1.8506,0.3885,-0.0271,0.3875,7
2026-03-21T17:24:12.556428,0,1.1259,1.1259,0.0249,3.1128,0.8763,0.1110,-0.8693,66
2026-03-21T17:24:12.556428,1,0.0411,0.0411,0.0140,3.0988,1.1416,0.7490,-0.8615,3
2026-03-21T17:24:12.556428,2,1.3391,0.0258,1.3391,2.8963,0.7509,0.7508,0.0061,84
2026-03-21T17:24:12.556428,3,0.0970,0.0079,0.0970,1.5293,1.0629,0.7512,0.7520,5
2026-03-21T17:24:12.556428,4,0.0655,0.0477,0.0655,1.8569,0.3954,-0.0238,0.3947,8
2026-03-21T17:24:12.625907,0,1.1270,1.1270,0.0204,3.1119,0.8759,0.1113,-0.8688,66
2026-03-21T17:24:12.625907,1,0.0937,0.0068,0.0937,2.9947,1.0471,0.7654,-0.7145,5
2026-03-21T17:24:12.625907,2,1.3082,0.0240,1.3082,2.8688,0.7509,0.7508,0.0144,83
2026-03-21T17:24:12.625907,3,0.0475,0.0473,0.0475,1.8489,0.3936,-0.0237,0.3928,8
2026-03-21T17:24:12.695452,0,1.0748,1.0748,0.0218,3.1134,0.8741,0.0933,-0.8691,64
2026-03-21T17:24:12.695452,1,0.0890,0.0890,0.0160,3.1008,1.1289,0.7259,-0.8645,5
2026-03-21T17:24:12.695452,2,1.4075,0.0245,1.4075,2.9681,0.7514,0.7512,-0.0180,87
2026-03-21T17:24:12.695452,3,0.0579,0.0478,0.0579,1.8583,0.3919,-0.0236,0.3912,8
2026-03-21T17:24:12.765736,0,1.1229,1.1229,0.0221,3.1154,0.8768,0.1114,-0.8697,66
2026-03-21T17:24:12.765736,1,0.0385,0.0385,0.0163,3.0996,1.1412,0.7488,-0.8612,3
2026-03-21T17:24:12.765736,2,1.3603,0.0250,1.3603,2.9203,0.7511,0.7511,-0.0018,85
2026-03-21T17:24:12.765736,3,0.0470,0.0470,0.0415,1.8509,0.3919,-0.0236,0.3912,8
2026-03-21T17:24:12.834963,0,1.1196,1.1196,0.0233,3.1139,0.8763,0.1115,-0.8692,66
2026-03-21T17:24:12.834963,1,1.3839,0.0227,1.3839,2.8917,0.7512,0.7509,0.0230,86
2026-03-21T17:24:12.834963,2,0.0585,0.0479,0.0585,1.8489,0.3952,-0.0237,0.3945,8
2026-03-21T17:24:12.904592,0,1.1968,1.1968,0.0227,3.1134,0.8798,0.1390,-0.8688,69
2026-03-21T17:24:12.904592,1,1.4360,0.0236,1.4360,2.9196,0.7513,0.7510,0.0230,88
2026-03-21T17:24:12.904592,2,0.0555,0.0472,0.0555,1.8539,0.3927,-0.0236,0.3920,8
2026-03-21T17:24:12.974120,0,1.1940,1.1940,0.0300,3.1148,0.8794,0.1386,-0.8684,69
2026-03-21T17:24:12.974120,1,1.3624,0.0235,1.3624,2.9196,0.7507,0.7507,-0.0015,85
2026-03-21T17:24:12.974120,2,0.0629,0.0477,0.0629,1.8503,0.3958,-0.0237,0.3951,8
2026-03-21T17:24:13.043842,0,1.1206,1.1206,0.0275,3.1138,0.8753,0.1109,-0.8683,66
2026-03-21T17:24:13.043842,1,0.0445,0.0445,0.0095,3.0973,1.1412,0.7488,-0.8612,3
2026-03-21T17:24:13.043842,2,1.4636,0.0249,1.4636,2.9722,0.7516,0.7516,-0.0019,89
2026-03-21T17:24:13.043842,3,0.0483,0.0483,0.0211,1.8475,0.3927,-0.0308,0.3915,8
2026-03-21T17:24:13.112727,0,1.1918,1.1918,0.0305,3.1138,0.8801,0.1390,-0.8690,69
2026-03-21T17:24:13.112727,1,1.3391,0.0227,1.3391,2.8977,0.7517,0.7516,0.0065,84
2026-03-21T17:24:13.112727,2,0.0499,0.0499,0.0251,1.8525,0.3918,-0.0308,0.3906,8
2026-03-21T17:24:13.183445,0,1.0093,1.0093,0.0228,3.1144,0.8719,0.0664,-0.8693,61
2026-03-21T17:24:13.183445,1,0.1636,0.1636,0.0992,3.1037,1.1043,0.7104,-0.8454,11
2026-03-21T17:24:13.183445,2,1.3413,0.0267,1.3413,2.9223,0.7518,0.7518,-0.0102,84
2026-03-21T17:24:13.183445,3,0.0523,0.0523,0.0516,1.8622,0.3919,-0.0308,0.3907,8
2026-03-21T17:24:13.252376,0,1.1212,1.1212,0.0228,3.1147,0.8759,0.1111,-0.8688,66
2026-03-21T17:24:13.252376,1,1.4105,0.0254,1.4105,2.8977,0.7514,0.7508,0.0307,87
2026-03-21T17:24:13.252376,2,0.0611,0.0483,0.0611,1.8535,0.3953,-0.0237,0.3946,8
2026-03-21T17:24:13.322043,0,1.1000,1.1000,0.0196,3.1144,0.8751,0.1023,-0.8691,65
2026-03-21T17:24:13.322043,1,1.4337,0.0269,1.4337,2.9458,0.7516,0.7516,0.0058,88
2026-03-21T17:24:13.322043,2,0.0649,0.0470,0.0649,1.8543,0.3933,-0.0235,0.3926,8
2026-03-21T17:24:13.392422,0,1.1240,1.1240,0.0185,3.1134,0.8763,0.1114,-0.8692,66
2026-03-21T17:24:13.392422,1,1.3835,0.0208,1.3835,2.9183,0.7515,0.7515,0.0067,86
2026-03-21T17:24:13.392422,2,0.0468,0.0468,0.0409,1.8513,0.3923,-0.0236,0.3916,8
2026-03-21T17:24:13.461588,0,1.1934,1.1934,0.0571,3.1137,0.8803,0.1481,-0.8678,70
2026-03-21T17:24:13.461588,1,1.3569,0.0240,1.3569,2.8937,0.7507,0.7506,0.0142,85
2026-03-21T17:24:13.461588,2,0.0618,0.0462,0.0618,1.8562,0.3934,-0.0235,0.3927,8
2026-03-21T17:24:13.531011,0,1.1246,1.1246,0.0205,3.1118,0.8758,0.1113,-0.8687,66
2026-03-21T17:24:13.531011,1,0.0391,0.0391,0.0193,3.1018,1.1419,0.7492,-0.8617,3
2026-03-21T17:24:13.531011,2,1.3358,0.0207,1.3358,2.8937,0.7515,0.7515,0.0064,84
2026-03-21T17:24:13.531011,3,0.0542,0.0542,0.0537,1.8513,0.3937,-0.0313,0.3924,8
2026-03-21T17:24:13.601562,0,1.1231,1.1231,0.0260,3.1147,0.8754,0.1110,-0.8684,66
2026-03-21T17:24:13.601562,1,1.3865,0.0251,1.3865,2.9444,0.7515,0.7515,-0.0102,86
2026-03-21T17:24:13.601562,2,0.0500,0.0500,0.0374,1.8638,0.3904,-0.0308,0.3892,8
2026-03-21T17:24:13.670612,0,1.1929,1.1929,0.0583,3.1128,0.8806,0.1481,-0.8681,70
2026-03-21T17:24:13.670612,1,1.3544,0.0247,1.3544,2.8898,0.7510,0.7509,0.0142,85
2026-03-21T17:24:13.670612,2,0.0467,0.0467,0.0275,1.8519,0.3881,-0.0303,0.3869,8
2026-03-21T17:24:13.740482,0,1.1962,1.1962,0.0285,3.1147,0.8802,0.1388,-0.8692,69
2026-03-21T17:24:13.740482,1,1.3353,0.0217,1.3353,2.8707,0.7514,0.7511,0.0223,84
2026-03-21T17:24:13.740482,2,0.0482,0.0482,0.0140,1.8495,0.3902,-0.0306,0.3890,8
2026-03-21T17:24:13.810675,0,1.1929,1.1929,0.0307,3.1147,0.8801,0.1388,-0.8690,69
2026-03-21T17:24:13.810675,1,1.4107,0.0240,1.4107,2.8957,0.7512,0.7506,0.0311,87
2026-03-21T17:24:13.810675,2,0.0473,0.0473,0.0309,1.8553,0.3898,-0.0305,0.3886,8
2026-03-21T17:24:13.888112,0,1.1270,1.1270,0.0232,3.1148,0.8760,0.1112,-0.8690,66
2026-03-21T17:24:13.888112,1,1.3842,0.0251,1.3842,2.9216,0.7512,0.7512,0.0063,86
2026-03-21T17:24:13.888112,2,0.0474,0.0474,0.0325,1.8539,0.3909,-0.0306,0.3897,8
2026-03-21T17:24:13.969112,0,1.1258,1.1258,0.0242,3.1157,0.8759,0.1111,-0.8688,66
2026-03-21T17:24:13.969112,1,0.0971,0.0051,0.0971,2.9961,1.0465,0.7649,-0.7141,5
2026-03-21T17:24:13.969112,2,1.3359,0.0221,1.3359,2.8713,0.7509,0.7505,0.0221,84
2026-03-21T17:24:13.969112,3,0.0467,0.0467,0.0375,1.8489,0.3917,-0.0305,0.3905,8
2026-03-21T17:24:14.021166,0,1.0760,1.0760,0.0261,3.1144,0.8740,0.0931,-0.8690,64
2026-03-21T17:24:14.021166,1,0.0667,0.0667,0.0513,3.1036,1.1335,0.7437,-0.8554,5
2026-03-21T17:24:14.021166,2,1.3574,0.0222,1.3574,2.8694,0.7512,0.7506,0.0308,85
2026-03-21T17:24:14.021166,3,0.0471,0.0471,0.0374,1.8499,0.3917,-0.0305,0.3905,8
2026-03-21T17:24:14.115831,0,1.1213,1.1213,0.0183,3.1108,0.8753,0.1113,-0.8682,66
2026-03-21T17:24:14.115831,1,1.3898,0.0215,1.3898,2.8970,0.7520,0.7517,0.0227,86
2026-03-21T17:24:14.115831,2,0.0470,0.0470,0.0320,1.8545,0.3876,-0.0303,0.3864,8
2026-03-21T17:24:14.166096,0,1.1905,1.1905,0.0290,3.1108,0.8798,0.1392,-0.8688,69
2026-03-21T17:24:14.166096,1,1.3348,0.0192,1.3348,2.8447,0.7518,0.7508,0.0389,84
2026-03-21T17:24:14.166096,2,0.0475,0.0470,0.0475,1.8539,0.3923,-0.0305,0.3911,8
2026-03-21T17:24:14.245718,0,1.0967,1.0967,0.0221,3.1134,0.8756,0.1022,-0.8696,65
2026-03-21T17:24:14.245718,1,0.0633,0.0633,0.0512,3.1020,1.1323,0.7429,-0.8545,5
2026-03-21T17:24:14.245718,2,1.3397,0.0264,1.3397,2.8970,0.7508,0.7508,0.0063,84
2026-03-21T17:24:14.245718,3,0.0472,0.0472,0.0445,1.8539,0.3936,-0.0307,0.3924,8
2026-03-21T17:24:14.299558,0,1.0733,1.0733,0.0244,3.1144,0.8741,0.0930,-0.8691,64
2026-03-21T17:24:14.299558,1,1.4115,0.0215,1.4115,2.8937,0.7515,0.7509,0.0311,87
2026-03-21T17:24:14.299558,2,0.0461,0.0461,0.0407,1.8521,0.3924,-0.0306,0.3912,8
2026-03-21T17:24:14.384909,0,1.1936,1.1936,0.0250,3.1128,0.8797,0.1389,-0.8687,69
2026-03-21T17:24:14.384909,1,1.3603,0.0301,1.3603,2.9209,0.7515,0.7515,-0.0020,85
2026-03-21T17:24:14.384909,2,0.0464,0.0464,0.0404,1.8529,0.3928,-0.0306,0.3916,8
2026-03-21T17:24:14.444750,0,1.2007,1.2007,0.0558,3.1154,0.8812,0.1482,-0.8686,70
2026-03-21T17:24:14.444750,1,1.3630,0.0214,1.3630,2.8970,0.7516,0.7514,0.0145,85
2026-03-21T17:24:14.444750,2,0.0474,0.0466,0.0474,1.8558,0.3913,-0.0304,0.3901,8
2026-03-21T17:24:14.511115,0,1.1226,1.1226,0.0204,3.1118,0.8764,0.1112,-0.8693,66
2026-03-21T17:24:14.511115,1,1.3844,0.0211,1.3844,2.8950,0.7512,0.7509,0.0225,86
2026-03-21T17:24:14.511115,2,0.0476,0.0476,0.0309,1.8503,0.3927,-0.0307,0.3915,8
2026-03-21T17:24:14.578167,0,1.0990,1.0990,0.0192,3.1124,0.8751,0.1020,-0.8692,65
2026-03-21T17:24:14.578167,1,1.3391,0.0224,1.3391,2.8977,0.7508,0.7508,0.0064,84
2026-03-21T17:24:14.578167,2,0.0540,0.0540,0.0510,1.8496,0.3952,-0.0314,0.3939,8
2026-03-21T17:24:14.646141,0,1.1907,1.1907,0.0601,3.1138,0.8807,0.1480,-0.8681,70
2026-03-21T17:24:14.646141,1,1.3852,0.0287,1.3852,2.9694,0.7516,0.7512,-0.0267,86
2026-03-21T17:24:14.646141,2,0.0655,0.0469,0.0655,1.8559,0.3929,-0.0235,0.3922,8
2026-03-21T17:24:14.716728,0,1.1004,1.1004,0.0246,3.1167,0.8747,0.1023,-0.8687,65
2026-03-21T17:24:14.716728,1,1.3832,0.0221,1.3832,2.8675,0.7523,0.7512,0.0393,86
2026-03-21T17:24:14.716728,2,0.0582,0.0472,0.0582,1.8526,0.3929,-0.0236,0.3922,8
2026-03-21T17:24:14.785789,0,1.1300,1.1300,0.0257,3.1157,0.8766,0.1112,-0.8695,66
2026-03-21T17:24:14.785789,1,0.0946,0.0096,0.0946,2.9975,1.0493,0.7670,-0.7160,5
2026-03-21T17:24:14.785789,2,1.3579,0.0221,1.3579,2.8713,0.7503,0.7497,0.0308,85
2026-03-21T17:24:14.785789,3,0.0535,0.0481,0.0535,1.8469,0.3967,-0.0238,0.3960,8
2026-03-21T17:24:14.855766,0,1.1943,1.1943,0.0583,3.1127,0.8807,0.1481,-0.8682,70
2026-03-21T17:24:14.855766,1,1.3817,0.0264,1.3817,2.9410,0.7510,0.7509,-0.0101,86
2026-03-21T17:24:14.855766,2,0.0625,0.0475,0.0625,1.8539,0.3947,-0.0237,0.3940,8
2026-03-21T17:24:14.925079,0,1.1236,1.1236,0.0223,3.1154,0.8759,0.1111,-0.8688,66
2026-03-21T17:24:14.925079,1,1.3590,0.0226,1.3590,2.9196,0.7512,0.7512,-0.0019,85
2026-03-21T17:24:14.925079,2,0.0598,0.0459,0.0598,1.8582,0.3933,-0.0235,0.3926,8
2026-03-21T17:24:14.995201,0,1.1960,1.1960,0.0287,3.1157,0.8802,0.1391,-0.8691,69
2026-03-21T17:24:14.995201,1,1.2425,0.0232,1.2425,2.8726,0.7513,0.7512,-0.0095,80
2026-03-21T17:24:14.995201,2,0.0981,0.0055,0.0981,1.5803,1.0281,0.7515,0.7016,5
2026-03-21T17:24:14.995201,3,0.0474,0.0474,0.0459,1.8474,0.3962,-0.0238,0.3955,8
2026-03-21T17:24:15.064217,0,1.0974,1.0974,0.0217,3.1134,0.8749,0.1022,-0.8690,65
2026-03-21T17:24:15.064217,1,1.4595,0.0291,1.4595,2.9694,0.7509,0.7509,-0.0022,89
2026-03-21T17:24:15.064217,2,0.0588,0.0462,0.0588,1.8562,0.3919,-0.0235,0.3912,8
2026-03-21T17:24:15.135062,0,1.1959,1.1959,0.0217,3.1110,0.8796,0.1391,-0.8686,69
2026-03-21T17:24:15.135062,1,1.4553,0.0262,1.4553,2.9417,0.7510,0.7508,0.0147,89
2026-03-21T17:24:15.135062,2,0.0539,0.0473,0.0539,1.8513,0.3936,-0.0236,0.3928,8
2026-03-21T17:24:15.204695,0,1.1217,1.1217,0.0219,3.1108,0.8754,0.1110,-0.8683,66
2026-03-21T17:24:15.204695,1,0.0384,0.0384,0.0162,3.0965,1.1369,0.7459,-0.8580,3
2026-03-21T17:24:15.204695,2,1.3795,0.0251,1.3795,2.9176,0.7515,0.7515,0.0062,86
2026-03-21T17:24:15.204695,3,0.0532,0.0532,0.0486,1.8533,0.3919,-0.0310,0.3907,8
2026-03-21T17:24:15.274887,0,1.1947,1.1947,0.0254,3.1139,0.8797,0.1388,-0.8687,69
2026-03-21T17:24:15.274887,1,1.4081,0.0310,1.4081,2.9687,0.7508,0.7506,-0.0189,87
2026-03-21T17:24:15.274887,2,0.0504,0.0504,0.0280,1.8495,0.3939,-0.0309,0.3927,8
2026-03-21T17:24:15.343391,0,1.1202,1.1202,0.0225,3.1128,0.8752,0.1104,-0.8682,64
2026-03-21T17:24:15.343391,1,1.4341,0.0281,1.4341,2.9715,0.7512,0.7512,-0.0109,88
2026-03-21T17:24:15.343391,2,0.0465,0.0465,0.0317,1.8502,0.3908,-0.0305,0.3896,8
2026-03-21T17:24:15.413768,0,1.1942,1.1942,0.0278,3.1118,0.8791,0.1387,-0.8681,69
2026-03-21T17:24:15.413768,1,1.3411,0.0254,1.3411,2.8983,0.7507,0.7507,0.0062,84
2026-03-21T17:24:15.413768,2,0.0473,0.0473,0.0374,1.8529,0.3924,-0.0306,0.3912,8
2026-03-21T17:24:15.483768,0,1.1451,1.1451,0.0228,3.1132,0.8770,0.1202,-0.8687,67
2026-03-21T17:24:15.483768,1,1.3624,0.0279,1.3624,2.9196,0.7507,0.7507,-0.0021,85
2026-03-21T17:24:15.483768,2,0.0508,0.0508,0.0245,1.8449,0.3952,-0.0311,0.3940,8
2026-03-21T17:24:15.552836,0,1.1015,1.1015,0.0182,3.1114,0.8754,0.1022,-0.8694,65
2026-03-21T17:24:15.552836,1,1.4062,0.0251,1.4062,2.9176,0.7512,0.7510,0.0146,87
2026-03-21T17:24:15.552836,2,0.0631,0.0598,0.0631,1.8555,0.3964,-0.0275,0.3954,9
2026-03-21T17:24:15.622861,0,1.1952,1.1952,0.0248,3.1118,0.8794,0.1389,-0.8684,69
2026-03-21T17:24:15.622861,1,1.3616,0.0251,1.3616,2.8970,0.7516,0.7515,0.0141,85
2026-03-21T17:24:15.622861,2,0.0609,0.0473,0.0609,1.8543,0.3922,-0.0235,0.3915,8
2026-03-21T17:24:15.692484,0,1.1223,1.1223,0.0230,3.1154,0.8759,0.1112,-0.8688,66
2026-03-21T17:24:15.692484,1,1.4090,0.0248,1.4090,2.9451,0.7514,0.7514,-0.0023,87
2026-03-21T17:24:15.692484,2,0.0629,0.0591,0.0629,1.8483,0.3991,-0.0276,0.3982,9
2026-03-21T17:24:15.762371,0,1.1907,1.1907,0.0274,3.1115,0.8794,0.1391,-0.8683,69
2026-03-21T17:24:15.762371,1,1.3876,0.0234,1.3876,2.9209,0.7510,0.7510,0.0063,86
2026-03-21T17:24:15.762371,2,0.0665,0.0467,0.0665,1.8539,0.3947,-0.0236,0.3940,8
2026-03-21T17:24:15.832205,0,1.1899,1.1899,0.0317,3.1157,0.8795,0.1390,-0.8685,69
2026-03-21T17:24:15.832205,1,1.3859,0.0312,1.3859,2.9465,0.7508,0.7507,-0.0101,86
2026-03-21T17:24:15.832205,2,0.0605,0.0603,0.0605,1.8569,0.3972,-0.0277,0.3963,9
2026-03-21T17:24:15.901897,0,1.0980,1.0980,0.0185,3.1118,0.8751,0.1022,-0.8692,65
2026-03-21T17:24:15.901897,1,0.0620,0.0620,0.0513,3.1036,1.1325,0.7430,-0.8546,5
2026-03-21T17:24:15.901897,2,0.0956,0.0088,0.0956,2.9926,1.0451,0.7639,-0.7132,5
2026-03-21T17:24:15.901897,3,1.3107,0.0205,1.3107,2.8713,0.7507,0.7506,0.0146,83
2026-03-21T17:24:15.901897,4,0.0485,0.0470,0.0485,1.8519,0.3931,-0.0236,0.3923,8
2026-03-21T17:24:15.970769,0,1.1230,1.1230,0.0255,3.1158,0.8763,0.1112,-0.8692,66
2026-03-21T17:24:15.970769,1,1.3088,0.0232,1.3088,2.8937,0.7501,0.7501,-0.0014,83
2026-03-21T17:24:15.970769,2,0.0976,0.0040,0.0976,1.5546,1.0449,0.7512,0.7263,5
2026-03-21T17:24:15.970769,3,0.0529,0.0467,0.0529,1.8523,0.3932,-0.0236,0.3925,8
2026-03-21T17:24:16.041038,0,1.1940,1.1940,0.0300,3.1148,0.8796,0.1387,-0.8686,69
2026-03-21T17:24:16.041038,1,1.4838,0.0275,1.4838,2.9451,0.7518,0.7515,0.0229,90
2026-03-21T17:24:16.041038,2,0.0523,0.0523,0.0404,1.8519,0.3908,-0.0309,0.3896,8
2026-03-21T17:24:16.110229,0,1.1259,1.1259,0.0214,3.1144,0.8758,0.1111,-0.8687,66
2026-03-21T17:24:16.110229,1,1.3822,0.0216,1.3822,2.8957,0.7513,0.7510,0.0225,86
2026-03-21T17:24:16.110229,2,0.0522,0.0522,0.0467,1.8582,0.3911,-0.0308,0.3898,8
2026-03-21T17:24:16.180548,0,1.1232,1.1232,0.0227,3.1125,0.8755,0.1112,-0.8684,66
2026-03-21T17:24:16.180548,1,0.0952,0.0054,0.0952,2.9968,1.0495,0.7672,-0.7161,5
2026-03-21T17:24:16.180548,2,1.3622,0.0208,1.3622,2.8701,0.7513,0.7507,0.0310,85
2026-03-21T17:24:16.180548,3,0.0516,0.0516,0.0374,1.8529,0.3923,-0.0310,0.3911,8
2026-03-21T17:24:16.249211,0,1.1245,1.1245,0.0224,3.1124,0.8762,0.1113,-0.8691,66
2026-03-21T17:24:16.249211,1,1.4525,0.0261,1.4525,2.9396,0.7514,0.7513,0.0150,89
2026-03-21T17:24:16.249211,2,0.0480,0.0480,0.0285,1.8599,0.3896,-0.0306,0.3884,8
2026-03-21T17:24:16.318328,0,1.1233,1.1233,0.0223,3.1137,0.8763,0.1112,-0.8692,66
2026-03-21T17:24:16.318328,1,1.3153,0.0242,1.3153,2.8746,0.7502,0.7501,0.0145,83
2026-03-21T17:24:16.318328,2,0.0460,0.0460,0.0307,1.8541,0.3881,-0.0303,0.3869,8
2026-03-21T17:24:16.389341,0,1.1952,1.1952,0.0272,3.1157,0.8797,0.1390,-0.8687,69
2026-03-21T17:24:16.389341,1,1.4081,0.0278,1.4081,2.9674,0.7521,0.7519,-0.0188,87
2026-03-21T17:24:16.389341,2,0.0469,0.0469,0.0334,1.8578,0.3884,-0.0303,0.3873,8
2026-03-21T17:24:16.458761,0,1.1252,1.1252,0.0210,3.1138,0.8769,0.1114,-0.8698,66
2026-03-21T17:24:16.458761,1,0.0452,0.0452,0.0111,3.1003,1.1442,0.7508,-0.8635,3
2026-03-21T17:24:16.458761,2,1.3570,0.0248,1.3570,2.9183,0.7506,0.7506,-0.0020,85
2026-03-21T17:24:16.458761,3,0.0461,0.0461,0.0235,1.8579,0.3857,-0.0302,0.3845,8
2026-03-21T17:24:16.528297,0,1.1250,1.1250,0.0219,3.1134,0.8761,0.1112,-0.8690,66
2026-03-21T17:24:16.528297,1,1.4101,0.0215,1.4101,2.8937,0.7519,0.7512,0.0313,87
2026-03-21T17:24:16.528297,2,0.0469,0.0469,0.0134,1.8549,0.3857,-0.0302,0.3845,8
2026-03-21T17:24:16.598893,0,1.1892,1.1892,0.0601,3.1138,0.8804,0.1479,-0.8679,70
2026-03-21T17:24:16.598893,1,1.3597,0.0198,1.3597,2.9176,0.7509,0.7509,-0.0015,85
2026-03-21T17:24:16.598893,2,0.0505,0.0505,0.0352,1.8596,0.3864,-0.0306,0.3852,8
2026-03-21T17:24:16.667914,0,1.0714,1.0714,0.0246,3.1158,0.8735,0.0931,-0.8685,64
2026-03-21T17:24:16.667914,1,0.0683,0.0683,0.0430,3.1011,1.1329,0.7433,-0.8549,5
2026-03-21T17:24:16.667914,2,1.4365,0.0238,1.4365,2.9465,0.7514,0.7513,0.0060,88
2026-03-21T17:24:16.667914,3,0.0494,0.0494,0.0256,1.8589,0.3828,-0.0302,0.3816,8
2026-03-21T17:24:16.739379,0,1.1960,1.1960,0.0565,3.1124,0.8802,0.1476,-0.8677,70
2026-03-21T17:24:16.739379,1,1.3856,0.0254,1.3856,2.9203,0.7511,0.7511,0.0061,86
2026-03-21T17:24:16.739379,2,0.0469,0.0469,0.0234,1.8649,0.3803,-0.0298,0.3791,8
2026-03-21T17:24:16.807458,0,1.0958,1.0958,0.0224,3.1128,0.8739,0.1019,-0.8679,65
2026-03-21T17:24:16.807458,1,1.3530,0.0251,1.3530,2.9189,0.7510,0.7510,-0.0021,85
2026-03-21T17:24:16.807458,2,0.0487,0.0487,0.0216,1.8589,0.3846,-0.0302,0.3834,8
2026-03-21T17:24:16.876798,0,1.1250,1.1250,0.0188,3.1110,0.8754,0.1106,-0.8684,64
2026-03-21T17:24:16.876798,1,1.3856,0.0279,1.3856,2.9196,0.7509,0.7509,0.0062,86
2026-03-21T17:24:16.876798,2,0.0631,0.0566,0.0631,1.8585,0.3900,-0.0270,0.3891,9
2026-03-21T17:24:16.946702,0,1.1963,1.1963,0.0250,3.1128,0.8793,0.1387,-0.8683,69
2026-03-21T17:24:16.946702,1,1.3617,0.0227,1.3617,2.9196,0.7510,0.7510,-0.0022,85
2026-03-21T17:24:16.946702,2,0.0507,0.0506,0.0507,1.8751,0.3804,-0.0300,0.3793,8
2026-03-21T17:24:17.015920,0,1.1192,1.1192,0.0207,3.1118,0.8759,0.1111,-0.8688,66
2026-03-21T17:24:17.015920,1,1.3616,0.0254,1.3616,2.8977,0.7511,0.7509,0.0143,85
2026-03-21T17:24:17.015920,2,0.0514,0.0467,0.0514,1.8608,0.3843,-0.0231,0.3836,8
2026-03-21T17:24:17.085531,0,1.1934,1.1934,0.0547,3.1128,0.8806,0.1479,-0.8680,70
2026-03-21T17:24:17.085531,1,1.3623,0.0208,1.3623,2.8957,0.7506,0.7505,0.0145,85
2026-03-21T17:24:17.085531,2,0.0464,0.0464,0.0302,1.8556,0.3853,-0.0234,0.3846,8
2026-03-21T17:24:17.155458,0,1.1943,1.1943,0.0247,3.1118,0.8799,0.1393,-0.8688,69
2026-03-21T17:24:17.155458,1,1.3849,0.0203,1.3849,2.9189,0.7505,0.7504,0.0065,86
2026-03-21T17:24:17.155458,2,0.0466,0.0466,0.0329,1.8543,0.3856,-0.0234,0.3849,8
2026-03-21T17:24:17.224245,0,1.1898,1.1898,0.0328,3.1154,0.8805,0.1394,-0.8694,69
2026-03-21T17:24:17.224245,1,1.4047,0.0189,1.4047,2.8911,0.7505,0.7499,0.0313,87
2026-03-21T17:24:17.224245,2,0.0463,0.0463,0.0445,1.8659,0.3821,-0.0232,0.3814,8
2026-03-21T17:24:17.294228,0,1.1214,1.1214,0.0206,3.1128,0.8760,0.1112,-0.8689,66
2026-03-21T17:24:17.294228,1,0.0419,0.0419,0.0125,3.0996,1.1429,0.7499,-0.8625,3
2026-03-21T17:24:17.294228,2,1.3380,0.0257,1.3380,2.9196,0.7509,0.7508,-0.0102,84
2026-03-21T17:24:17.294228,3,0.0458,0.0458,0.0378,1.8592,0.3832,-0.0231,0.3825,8
2026-03-21T17:24:17.363967,0,1.1226,1.1226,0.0242,3.1128,0.8755,0.1112,-0.8684,66
2026-03-21T17:24:17.363967,1,1.4063,0.0273,1.4063,2.9437,0.7510,0.7510,-0.0020,87
2026-03-21T17:24:17.363967,2,0.0535,0.0458,0.0535,1.8699,0.3834,-0.0231,0.3827,8
2026-03-21T17:24:17.433429,0,1.0990,1.0990,0.0201,3.1118,0.8753,0.1021,-0.8693,65
2026-03-21T17:24:17.433429,1,1.3339,0.0241,1.3339,2.8713,0.7508,0.7504,0.0224,84
2026-03-21T17:24:17.433429,2,0.0597,0.0597,0.0536,1.8612,0.3878,-0.0271,0.3869,9
2026-03-21T17:24:17.503105,0,1.0749,1.0749,0.0216,3.1128,0.8733,0.0931,-0.8684,64
2026-03-21T17:24:17.503105,1,0.0863,0.0863,0.0488,3.1040,1.1252,0.7310,-0.8554,6
2026-03-21T17:24:17.503105,2,1.3601,0.0244,1.3601,2.8694,0.7513,0.7507,0.0306,85
2026-03-21T17:24:17.503105,3,0.0470,0.0470,0.0409,1.8623,0.3839,-0.0232,0.3832,8
2026-03-21T17:24:17.573796,0,1.1241,1.1241,0.0215,3.1128,0.8762,0.1113,-0.8692,66
2026-03-21T17:24:17.573796,1,0.0425,0.0425,0.0155,3.1011,1.1426,0.7497,-0.8622,3
2026-03-21T17:24:17.573796,2,1.4402,0.0283,1.4402,2.9729,0.7513,0.7512,-0.0107,88
2026-03-21T17:24:17.573796,3,0.0594,0.0594,0.0519,1.8615,0.3870,-0.0270,0.3861,9
2026-03-21T17:24:17.643204,0,1.0765,1.0765,0.0203,3.1128,0.8742,0.0931,-0.8692,64
2026-03-21T17:24:17.643204,1,1.3563,0.0250,1.3563,2.9216,0.7513,0.7513,-0.0021,85
2026-03-21T17:24:17.643204,2,0.0508,0.0455,0.0508,1.8622,0.3838,-0.0230,0.3831,8
2026-03-21T17:24:17.713473,0,1.1876,1.1876,0.0332,3.1158,0.8805,0.1391,-0.8694,69
2026-03-21T17:24:17.713473,1,1.3583,0.0246,1.3583,2.8937,0.7514,0.7513,0.0143,85
2026-03-21T17:24:17.713473,2,0.0475,0.0468,0.0475,1.8619,0.3849,-0.0232,0.3842,8
2026-03-21T17:24:17.782320,0,1.1233,1.1233,0.0189,3.1118,0.8765,0.1111,-0.8695,66
2026-03-21T17:24:17.782320,1,1.4816,0.0330,1.4816,2.9701,0.7519,0.7518,0.0058,90
2026-03-21T17:24:17.782320,2,0.0459,0.0459,0.0442,1.8626,0.3814,-0.0230,0.3807,8
2026-03-21T17:24:17.852784,0,1.1233,1.1233,0.0196,3.1124,0.8760,0.1113,-0.8689,66
2026-03-21T17:24:17.852784,1,1.3599,0.0212,1.3599,2.8720,0.7522,0.7516,0.0308,85
2026-03-21T17:24:17.852784,2,0.0469,0.0469,0.0369,1.8553,0.3871,-0.0234,0.3864,8
2026-03-21T17:24:17.921883,0,1.1239,1.1239,0.0232,3.1147,0.8767,0.1112,-0.8696,66
2026-03-21T17:24:17.921883,1,1.3630,0.0216,1.3630,2.9209,0.7514,0.7514,-0.0018,85
2026-03-21T17:24:17.921883,2,0.0458,0.0458,0.0438,1.8592,0.3878,-0.0234,0.3871,8
2026-03-21T17:24:17.991654,0,1.1967,1.1967,0.0294,3.1157,0.8803,0.1390,-0.8693,69
2026-03-21T17:24:17.991654,1,1.4138,0.0222,1.4138,2.9444,0.7512,0.7512,-0.0020,87
2026-03-21T17:24:17.991654,2,0.0467,0.0467,0.0429,1.8663,0.3827,-0.0231,0.3820,8
2026-03-21T17:24:18.060733,0,1.1306,1.1306,0.0226,3.1148,0.8765,0.1113,-0.8694,66
2026-03-21T17:24:18.060733,1,0.0432,0.0432,0.0133,3.1011,1.1442,0.7508,-0.8635,3
2026-03-21T17:24:18.060733,2,1.3101,0.0218,1.3101,2.8713,0.7505,0.7503,0.0142,83
2026-03-21T17:24:18.060733,3,0.0468,0.0468,0.0462,1.8596,0.3863,-0.0233,0.3856,8
2026-03-21T17:24:18.131245,0,1.1995,1.1995,0.0522,3.1154,0.8806,0.1479,-0.8681,70
2026-03-21T17:24:18.131245,1,1.4581,0.0282,1.4581,2.9681,0.7511,0.7511,-0.0020,89
2026-03-21T17:24:18.131245,2,0.0474,0.0464,0.0474,1.8598,0.3834,-0.0231,0.3827,8
2026-03-21T17:24:18.200273,0,1.1238,1.1238,0.0197,3.1137,0.8766,0.1114,-0.8695,66
2026-03-21T17:24:18.200273,1,1.4334,0.0249,1.4334,2.9701,0.7514,0.7514,-0.0102,88
2026-03-21T17:24:18.200273,2,0.0605,0.0605,0.0567,1.8583,0.3918,-0.0275,0.3908,9
2026-03-21T17:24:18.271304,0,1.1187,1.1187,0.0250,3.1154,0.8760,0.1112,-0.8689,66
2026-03-21T17:24:18.271304,1,1.3597,0.0237,1.3597,2.8937,0.7510,0.7508,0.0145,85
2026-03-21T17:24:18.271304,2,0.0597,0.0597,0.0527,1.8603,0.3893,-0.0273,0.3883,9
2026-03-21T17:24:18.340098,0,1.1923,1.1923,0.0287,3.1121,0.8798,0.1392,-0.8688,69
2026-03-21T17:24:18.340098,1,1.3563,0.0252,1.3563,2.9176,0.7508,0.7508,-0.0019,85
2026-03-21T17:24:18.340098,2,0.0458,0.0458,0.0419,1.8603,0.3841,-0.0231,0.3834,8
2026-03-21T17:24:18.410130,0,1.1212,1.1212,0.0228,3.1147,0.8760,0.1112,-0.8689,66
2026-03-21T17:24:18.410130,1,1.4360,0.0290,1.4360,2.9926,0.7523,0.7518,-0.0271,88
2026-03-21T17:24:18.410130,2,0.0521,0.0466,0.0521,1.8595,0.3859,-0.0232,0.3852,8
2026-03-21T17:24:18.479509,0,1.1941,1.1941,0.0266,3.1144,0.8801,0.1393,-0.8690,69
2026-03-21T17:24:18.479509,1,1.2901,0.0214,1.2901,2.8460,0.7509,0.7506,0.0221,82
2026-03-21T17:24:18.479509,2,0.0600,0.0600,0.0539,1.8563,0.3935,-0.0274,0.3925,9
2026-03-21T17:24:18.549122,0,1.1965,1.1965,0.0570,3.1144,0.8811,0.1477,-0.8686,70
2026-03-21T17:24:18.549122,1,1.3351,0.0223,1.3351,2.8963,0.7511,0.7511,0.0061,84
2026-03-21T17:24:18.549122,2,0.0531,0.0531,0.0520,1.8576,0.3903,-0.0310,0.3891,8
2026-03-21T17:24:18.619297,0,1.1007,1.1007,0.0208,3.1137,0.8755,0.1021,-0.8695,65
2026-03-21T17:24:18.619297,1,1.3871,0.0259,1.3871,2.8713,0.7523,0.7513,0.0389,86
2026-03-21T17:24:18.619297,2,0.0517,0.0517,0.0516,1.8672,0.3854,-0.0304,0.3842,8
2026-03-21T17:24:18.688794,0,1.1215,1.1215,0.0287,3.1177,0.8759,0.1111,-0.8688,66
2026-03-21T17:24:18.688794,1,1.4866,0.0256,1.4866,2.9701,0.7516,0.7516,0.0061,90
2026-03-21T17:24:18.688794,2,0.0514,0.0514,0.0355,1.8539,0.3877,-0.0307,0.3865,8
2026-03-21T17:24:18.758779,0,1.0763,1.0763,0.0213,3.1144,0.8734,0.0932,-0.8684,64
2026-03-21T17:24:18.758779,1,0.0975,0.0975,0.0403,3.1028,1.1260,0.7316,-0.8559,6
2026-03-21T17:24:18.758779,2,1.4103,0.0261,1.4103,2.9216,0.7512,0.7511,0.0142,87
2026-03-21T17:24:18.758779,3,0.0512,0.0512,0.0467,1.8652,0.3864,-0.0304,0.3852,8
2026-03-21T17:24:18.828567,0,1.0976,1.0976,0.0208,3.1129,0.8749,0.1022,-0.8689,65
2026-03-21T17:24:18.828567,1,1.4102,0.0267,1.4102,2.9708,0.7515,0.7512,-0.0187,87
2026-03-21T17:24:18.828567,2,0.0520,0.0520,0.0418,1.8563,0.3884,-0.0308,0.3872,8
2026-03-21T17:24:18.898818,0,1.1226,1.1226,0.0189,3.1128,0.8761,0.1113,-0.8690,66
2026-03-21T17:24:18.898818,1,1.3127,0.0256,1.3127,2.8733,0.7499,0.7498,0.0144,83
2026-03-21T17:24:18.898818,2,0.0594,0.0594,0.0565,1.8559,0.3934,-0.0275,0.3924,9
2026-03-21T17:24:18.967741,0,1.1936,1.1936,0.0230,3.1108,0.8800,0.1390,-0.8690,69
2026-03-21T17:24:18.967741,1,1.3391,0.0217,1.3391,2.8950,0.7507,0.7507,0.0062,84
2026-03-21T17:24:18.967741,2,0.0462,0.0462,0.0429,1.8573,0.3857,-0.0233,0.3850,8
2026-03-21T17:24:19.038147,0,1.1231,1.1231,0.0244,3.1134,0.8758,0.1112,-0.8687,66
2026-03-21T17:24:19.038147,1,0.0352,0.0352,0.0200,3.1011,1.1412,0.7487,-0.8613,3
2026-03-21T17:24:19.038147,2,0.0974,0.0071,0.0974,3.0237,1.0669,0.7670,-0.7415,5
2026-03-21T17:24:19.038147,3,1.3364,0.0225,1.3364,2.8950,0.7507,0.7507,0.0062,84
2026-03-21T17:24:19.038147,4,0.0472,0.0472,0.0362,1.8586,0.3836,-0.0232,0.3829,8
2026-03-21T17:24:19.106840,0,1.1972,1.1972,0.0546,3.1134,0.8806,0.1479,-0.8681,70
2026-03-21T17:24:19.106840,1,1.4094,0.0264,1.4094,2.9674,0.7520,0.7517,-0.0187,87
2026-03-21T17:24:19.106840,2,0.0473,0.0473,0.0329,1.8573,0.3849,-0.0234,0.3842,8
2026-03-21T17:24:19.177079,0,1.1237,1.1237,0.0215,3.1128,0.8755,0.1111,-0.8684,66
2026-03-21T17:24:19.177079,1,1.3858,0.0317,1.3858,2.9424,0.7519,0.7518,-0.0101,86
2026-03-21T17:24:19.177079,2,0.0468,0.0468,0.0294,1.8568,0.3851,-0.0233,0.3844,8
2026-03-21T17:24:19.246919,0,1.1936,1.1936,0.0281,3.1144,0.8802,0.1391,-0.8691,69
2026-03-21T17:24:19.246919,1,1.3842,0.0237,1.3842,2.9196,0.7514,0.7513,0.0061,86
2026-03-21T17:24:19.246919,2,0.0463,0.0463,0.0305,1.8559,0.3829,-0.0232,0.3822,8
2026-03-21T17:24:19.315627,0,1.1937,1.1937,0.0235,3.1128,0.8798,0.1394,-0.8687,69
2026-03-21T17:24:19.315627,1,1.4090,0.0267,1.4090,2.9465,0.7514,0.7514,-0.0021,87
2026-03-21T17:24:19.315627,2,0.0467,0.0467,0.0301,1.8625,0.3813,-0.0232,0.3806,8
2026-03-21T17:24:19.385511,0,1.1929,1.1929,0.0297,3.1138,0.8794,0.1389,-0.8684,69
2026-03-21T17:24:19.385511,1,1.4042,0.0259,1.4042,2.9424,0.7505,0.7505,-0.0023,87
2026-03-21T17:24:19.385511,2,0.0463,0.0463,0.0355,1.8589,0.3818,-0.0232,0.3811,8
2026-03-21T17:24:19.455685,0,1.0734,1.0734,0.0275,3.1144,0.8725,0.0927,-0.8676,64
2026-03-21T17:24:19.455685,1,1.3862,0.0254,1.3862,2.9209,0.7499,0.7499,0.0059,86
2026-03-21T17:24:19.455685,2,0.0472,0.0464,0.0472,1.8606,0.3841,-0.0232,0.3834,8
2026-03-21T17:24:19.524824,0,1.1230,1.1230,0.0219,3.1138,0.8762,0.1110,-0.8692,66
2026-03-21T17:24:19.524824,1,0.0431,0.0431,0.0118,3.0973,1.1406,0.7484,-0.8607,3
2026-03-21T17:24:19.524824,2,1.3570,0.0271,1.3570,2.9203,0.7504,0.7504,-0.0020,85
2026-03-21T17:24:19.524824,3,0.0461,0.0461,0.0348,1.8572,0.3847,-0.0232,0.3840,8
2026-03-21T17:24:19.594818,0,1.1236,1.1236,0.0210,3.1115,0.8758,0.1111,-0.8687,66
2026-03-21T17:24:19.594818,1,1.4326,0.0240,1.4326,2.8924,0.7519,0.7509,0.0393,88
2026-03-21T17:24:19.594818,2,0.0457,0.0457,0.0369,1.8643,0.3809,-0.0231,0.3802,8
2026-03-21T17:24:19.663982,0,1.1199,1.1199,0.0254,3.1134,0.8761,0.1110,-0.8690,66
2026-03-21T17:24:19.663982,1,0.0452,0.0452,0.0126,3.1018,1.1449,0.7512,-0.8640,3
2026-03-21T17:24:19.663982,2,1.4063,0.0288,1.4063,2.9424,0.7508,0.7508,-0.0024,87
2026-03-21T17:24:19.663982,3,0.0467,0.0467,0.0352,1.8616,0.3824,-0.0232,0.3817,8
2026-03-21T17:24:19.733961,0,1.1021,1.1021,0.0227,3.1149,0.8755,0.1022,-0.8695,65
2026-03-21T17:24:19.733961,1,0.0671,0.0671,0.0422,3.0982,1.1321,0.7428,-0.8543,5
2026-03-21T17:24:19.733961,2,1.3844,0.0247,1.3844,2.8944,0.7515,0.7512,0.0224,86
2026-03-21T17:24:19.733961,3,0.0468,0.0468,0.0232,1.8556,0.3829,-0.0233,0.3822,8
2026-03-21T17:24:19.804007,0,1.1934,1.1934,0.0278,3.1148,0.8797,0.1389,-0.8687,69
2026-03-21T17:24:19.804007,1,1.3822,0.0260,1.3822,2.9169,0.7518,0.7517,0.0062,86
2026-03-21T17:24:19.804007,2,0.0464,0.0464,0.0285,1.8629,0.3798,-0.0231,0.3791,8
2026-03-21T17:24:19.873319,0,1.1894,1.1894,0.0292,3.1147,0.8796,0.1390,-0.8686,69
2026-03-21T17:24:19.873319,1,1.4076,0.0272,1.4076,2.9451,0.7516,0.7516,-0.0021,87
2026-03-21T17:24:19.873319,2,0.0462,0.0462,0.0404,1.8668,0.3813,-0.0231,0.3806,8
2026-03-21T17:24:19.942500,0,1.1254,1.1254,0.0204,3.1142,0.8760,0.1113,-0.8689,66
2026-03-21T17:24:19.942500,1,1.4354,0.0248,1.4354,2.9694,0.7505,0.7504,-0.0103,88
2026-03-21T17:24:19.942500,2,0.0467,0.0467,0.0342,1.8686,0.3808,-0.0232,0.3801,8
2026-03-21T17:24:20.013090,0,1.0778,1.0778,0.0242,3.1137,0.8744,0.0932,-0.8694,64
2026-03-21T17:24:20.013090,1,1.3590,0.0256,1.3590,2.9196,0.7510,0.7510,-0.0019,85
2026-03-21T17:24:20.013090,2,0.0464,0.0464,0.0342,1.8586,0.3853,-0.0234,0.3846,8
2026-03-21T17:24:20.082437,0,1.1954,1.1954,0.0280,3.1158,0.8800,0.1391,-0.8690,69
2026-03-21T17:24:20.082437,1,1.3617,0.0210,1.3617,2.8950,0.7513,0.7511,0.0146,85
2026-03-21T17:24:20.082437,2,0.0466,0.0466,0.0219,1.8573,0.3816,-0.0232,0.3809,8
2026-03-21T17:24:20.152180,0,1.1238,1.1238,0.0241,3.1164,0.8768,0.1115,-0.8697,66
2026-03-21T17:24:20.152180,1,1.3371,0.0238,1.3371,2.8963,0.7508,0.7507,0.0061,84
2026-03-21T17:24:20.152180,2,0.0469,0.0469,0.0409,1.8613,0.3846,-0.0234,0.3839,8
2026-03-21T17:24:20.222145,0,1.1261,1.1261,0.0230,3.1154,0.8767,0.1114,-0.8696,66
2026-03-21T17:24:20.222145,1,1.3337,0.0244,1.3337,2.8983,0.7510,0.7510,0.0061,84
2026-03-21T17:24:20.222145,2,0.0466,0.0466,0.0284,1.8578,0.3828,-0.0232,0.3821,8
2026-03-21T17:24:20.290699,0,1.1214,1.1214,0.0226,3.1148,0.8765,0.1113,-0.8694,66
2026-03-21T17:24:20.290699,1,1.3590,0.0215,1.3590,2.8944,0.7513,0.7512,0.0144,85
2026-03-21T17:24:20.290699,2,0.0467,0.0467,0.0269,1.8573,0.3827,-0.0232,0.3820,8
2026-03-21T17:24:20.361089,0,1.1203,1.1203,0.0261,3.1148,0.8761,0.1111,-0.8690,66
2026-03-21T17:24:20.361089,1,1.3870,0.0243,1.3870,2.8970,0.7510,0.7506,0.0227,86
2026-03-21T17:24:20.361089,2,0.0467,0.0467,0.0439,1.8643,0.3827,-0.0231,0.3820,8
2026-03-21T17:24:20.430250,0,1.1260,1.1260,0.0199,3.1128,0.8758,0.1112,-0.8688,66
2026-03-21T17:24:20.430250,1,1.4344,0.0265,1.4344,2.9451,0.7513,0.7513,0.0063,88
2026-03-21T17:24:20.430250,2,0.0461,0.0461,0.0248,1.8572,0.3843,-0.0233,0.3836,8
2026-03-21T17:24:20.501368,0,1.1262,1.1262,0.0205,3.1128,0.8761,0.1114,-0.8690,66
2026-03-21T17:24:20.501368,1,1.4331,0.0249,1.4331,2.9417,0.7518,0.7518,0.0064,88
2026-03-21T17:24:20.501368,2,0.0462,0.0462,0.0294,1.8598,0.3816,-0.0232,0.3809,8
2026-03-21T17:24:20.570052,0,1.1923,1.1923,0.0276,3.1124,0.8793,0.1388,-0.8683,69
2026-03-21T17:24:20.570052,1,1.3852,0.0237,1.3852,2.8931,0.7513,0.7510,0.0227,86
2026-03-21T17:24:20.570052,2,0.0722,0.0543,0.0722,1.8586,0.3904,-0.0199,0.3899,9
2026-03-21T17:24:20.639682,0,1.0977,1.0977,0.0186,3.1118,0.8746,0.1022,-0.8686,65
2026-03-21T17:24:20.639682,1,1.3401,0.0255,1.3401,2.9236,0.7514,0.7514,-0.0102,84
2026-03-21T17:24:20.639682,2,0.0467,0.0467,0.0259,1.8613,0.3831,-0.0232,0.3824,8
2026-03-21T17:24:20.709989,0,1.1925,1.1925,0.0343,3.1184,0.8803,0.1390,-0.8692,69
2026-03-21T17:24:20.709989,1,1.4096,0.0253,1.4096,2.9203,0.7517,0.7515,0.0143,87
2026-03-21T17:24:20.709989,2,0.0464,0.0464,0.0329,1.8583,0.3869,-0.0234,0.3862,8
2026-03-21T17:24:20.779332,0,1.1921,1.1921,0.0292,3.1154,0.8799,0.1389,-0.8688,69
2026-03-21T17:24:20.779332,1,0.0978,0.0051,0.0978,2.9968,1.0463,0.7648,-0.7140,5
2026-03-21T17:24:20.779332,2,1.3147,0.0236,1.3147,2.8726,0.7506,0.7505,0.0144,83
2026-03-21T17:24:20.779332,3,0.0463,0.0463,0.0252,1.8586,0.3828,-0.0233,0.3821,8
2026-03-21T17:24:20.849132,0,1.1001,1.1001,0.0215,3.1137,0.8754,0.1020,-0.8694,65
2026-03-21T17:24:20.849132,1,1.3831,0.0217,1.3831,2.9424,0.7513,0.7512,-0.0100,86
2026-03-21T17:24:20.849132,2,0.0467,0.0467,0.0334,1.8608,0.3818,-0.0232,0.3811,8
2026-03-21T17:24:20.918837,0,1.1003,1.1003,0.0257,3.1157,0.8746,0.1023,-0.8686,65
2026-03-21T17:24:20.918837,1,1.3368,0.0209,1.3368,2.8688,0.7512,0.7509,0.0228,84
2026-03-21T17:24:20.918837,2,0.0468,0.0468,0.0325,1.8589,0.3818,-0.0232,0.3811,8
2026-03-21T17:24:20.987556,0,1.1969,1.1969,0.0559,3.1177,0.8807,0.1481,-0.8681,70
2026-03-21T17:24:20.987556,1,1.3603,0.0243,1.3603,2.8950,0.7506,0.7504,0.0143,85
2026-03-21T17:24:20.987556,2,0.0459,0.0459,0.0429,1.8613,0.3828,-0.0232,0.3821,8
2026-03-21T17:24:21.058092,0,1.1263,1.1263,0.0216,3.1157,0.8763,0.1113,-0.8692,66
2026-03-21T17:24:21.058092,1,1.4613,0.0256,1.4613,2.9933,0.7516,0.7513,-0.0187,89
2026-03-21T17:24:21.058092,2,0.0461,0.0461,0.0369,1.8623,0.3809,-0.0231,0.3802,8
2026-03-21T17:24:21.128079,0,1.1910,1.1910,0.0591,3.1157,0.8808,0.1480,-0.8682,70
2026-03-21T17:24:21.128079,1,1.4083,0.0257,1.4083,2.9465,0.7507,0.7507,-0.0023,87
2026-03-21T17:24:21.128079,2,0.0508,0.0451,0.0508,1.8652,0.3853,-0.0232,0.3846,8
2026-03-21T17:24:21.196946,0,1.1205,1.1205,0.0288,3.1154,0.8763,0.1112,-0.8692,66
2026-03-21T17:24:21.196946,1,1.3324,0.0204,1.3324,2.8950,0.7506,0.7506,0.0063,84
2026-03-21T17:24:21.196946,2,0.0397,0.0397,0.0098,1.8593,0.3788,-0.0265,0.3778,7
2026-03-21T17:24:21.267233,0,1.0975,1.0975,0.0220,3.1138,0.8759,0.1022,-0.8700,65
2026-03-21T17:24:21.267233,1,0.0711,0.0711,0.0430,3.0982,1.1323,0.7430,-0.8544,5
2026-03-21T17:24:21.267233,2,1.3621,0.0222,1.3621,2.8713,0.7522,0.7516,0.0307,85
2026-03-21T17:24:21.267233,3,0.0525,0.0525,0.0443,1.8549,0.3872,-0.0306,0.3860,8
2026-03-21T17:24:21.336893,0,1.1018,1.1018,0.0190,3.1118,0.8752,0.1022,-0.8692,65
2026-03-21T17:24:21.336893,1,1.4080,0.0222,1.4080,2.8944,0.7516,0.7509,0.0311,87
2026-03-21T17:24:21.336893,2,0.0635,0.0587,0.0635,1.8589,0.3915,-0.0272,0.3905,9
2026-03-21T17:24:21.407166,0,1.1009,1.1009,0.0219,3.1134,0.8749,0.1023,-0.8689,65
2026-03-21T17:24:21.407166,1,0.0692,0.0692,0.0423,3.0997,1.1343,0.7443,-0.8559,5
2026-03-21T17:24:21.407166,2,0.0965,0.0043,0.0965,2.9961,1.0471,0.7654,-0.7145,5
2026-03-21T17:24:21.407166,3,1.2890,0.0215,1.2890,2.8733,0.7509,0.7509,0.0063,82
2026-03-21T17:24:21.407166,4,0.0527,0.0527,0.0496,1.8592,0.3863,-0.0306,0.3851,8
2026-03-21T17:24:21.476246,0,1.1246,1.1246,0.0197,3.1118,0.8764,0.1115,-0.8692,66
2026-03-21T17:24:21.476246,1,1.3354,0.0216,1.3354,2.8694,0.7508,0.7505,0.0224,84
2026-03-21T17:24:21.476246,2,0.0639,0.0596,0.0639,1.8563,0.3932,-0.0273,0.3923,9
2026-03-21T17:24:21.546073,0,1.0984,1.0984,0.0205,3.1118,0.8749,0.1020,-0.8689,65
2026-03-21T17:24:21.546073,1,1.3849,0.0222,1.3849,2.9196,0.7515,0.7515,0.0061,86
2026-03-21T17:24:21.546073,2,0.0668,0.0456,0.0668,1.8612,0.3896,-0.0233,0.3889,8
2026-03-21T17:24:21.615128,0,1.1950,1.1950,0.0260,3.1137,0.8799,0.1390,-0.8688,69
2026-03-21T17:24:21.615128,1,1.4325,0.0248,1.4325,2.9189,0.7511,0.7507,0.0228,88
2026-03-21T17:24:21.615128,2,0.0470,0.0470,0.0459,1.8553,0.3894,-0.0235,0.3887,8
2026-03-21T17:24:21.685505,0,1.1240,1.1240,0.0241,3.1147,0.8753,0.1110,-0.8683,66
2026-03-21T17:24:21.685505,1,1.3843,0.0223,1.3843,2.8957,0.7511,0.7508,0.0227,86
2026-03-21T17:24:21.685505,2,0.0469,0.0469,0.0285,1.8519,0.3862,-0.0234,0.3855,8
2026-03-21T17:24:21.754575,0,1.1981,1.1981,0.0554,3.1128,0.8812,0.1482,-0.8687,70
2026-03-21T17:24:21.754575,1,1.3617,0.0248,1.3617,2.9209,0.7513,0.7513,-0.0020,85
2026-03-21T17:24:21.754575,2,0.0462,0.0462,0.0419,1.8613,0.3843,-0.0232,0.3836,8
2026-03-21T17:24:21.824682,0,1.1304,1.1304,0.0229,3.1154,0.8763,0.1114,-0.8692,66
2026-03-21T17:24:21.824682,1,0.0412,0.0412,0.0140,3.0996,1.1426,0.7497,-0.8622,3
2026-03-21T17:24:21.824682,2,1.4070,0.0254,1.4070,2.9431,0.7516,0.7516,-0.0022,87
2026-03-21T17:24:21.824682,3,0.0473,0.0473,0.0402,1.8576,0.3872,-0.0234,0.3865,8
2026-03-21T17:24:21.894455,0,1.0758,1.0758,0.0258,3.1168,0.8742,0.0932,-0.8692,64
2026-03-21T17:24:21.894455,1,0.0900,0.0900,0.0459,3.1047,1.1292,0.7336,-0.8584,6
2026-03-21T17:24:21.894455,2,1.4597,0.0272,1.4597,2.9203,0.7521,0.7514,0.0312,89
2026-03-21T17:24:21.894455,3,0.0456,0.0456,0.0358,1.8612,0.3846,-0.0232,0.3839,8
2026-03-21T17:24:21.963823,0,1.1240,1.1240,0.0193,3.1134,0.8765,0.1112,-0.8694,66
2026-03-21T17:24:21.963823,1,1.3075,0.0226,1.3075,2.8937,0.7509,0.7509,-0.0018,83
2026-03-21T17:24:21.963823,2,0.0495,0.0463,0.0495,1.8639,0.3843,-0.0231,0.3836,8
2026-03-21T17:24:22.034266,0,1.1248,1.1248,0.0197,3.1110,0.8752,0.1112,-0.8681,66
2026-03-21T17:24:22.034266,1,1.4137,0.0248,1.4137,2.9729,0.7512,0.7510,-0.0186,87
2026-03-21T17:24:22.034266,2,0.0458,0.0458,0.0409,1.8593,0.3828,-0.0231,0.3821,8
2026-03-21T17:24:22.103043,0,1.1887,1.1887,0.0304,3.1137,0.8802,0.1389,-0.8691,69
2026-03-21T17:24:22.103043,1,1.3095,0.0213,1.3095,2.8924,0.7510,0.7510,-0.0018,83
2026-03-21T17:24:22.103043,2,0.0461,0.0461,0.0460,1.8615,0.3838,-0.0230,0.3831,8
2026-03-21T17:24:22.172633,0,1.1945,1.1945,0.0281,3.1144,0.8796,0.1388,-0.8686,69
2026-03-21T17:24:22.172633,1,1.3597,0.0256,1.3597,2.9196,0.7511,0.7511,-0.0021,85
2026-03-21T17:24:22.172633,2,0.0597,0.0597,0.0509,1.8585,0.3896,-0.0272,0.3886,9
2026-03-21T17:24:22.242445,0,1.1228,1.1228,0.0196,3.1118,0.8755,0.1110,-0.8684,66
2026-03-21T17:24:22.242445,1,1.3891,0.0304,1.3891,2.8970,0.7518,0.7515,0.0224,86
2026-03-21T17:24:22.242445,2,0.0508,0.0457,0.0508,1.8602,0.3846,-0.0231,0.3839,8
2026-03-21T17:24:22.312118,0,1.1262,1.1262,0.0287,3.1167,0.8766,0.1111,-0.8695,66
2026-03-21T17:24:22.312118,1,1.3577,0.0283,1.3577,2.9176,0.7510,0.7510,-0.0019,85
2026-03-21T17:24:22.312118,2,0.0463,0.0463,0.0410,1.8615,0.3821,-0.0230,0.3814,8
2026-03-21T17:24:22.381842,0,1.0971,1.0971,0.0226,3.1137,0.8747,0.1023,-0.8687,65
2026-03-21T17:24:22.381842,1,0.0696,0.0696,0.0394,3.0989,1.1323,0.7430,-0.8544,5
2026-03-21T17:24:22.381842,2,1.3331,0.0260,1.3331,2.8944,0.7515,0.7515,0.0061,84
2026-03-21T17:24:22.381842,3,0.0528,0.0451,0.0528,1.8652,0.3824,-0.0230,0.3818,8
2026-03-21T17:24:22.452561,0,1.0537,1.0537,0.0227,3.1134,0.8747,0.1013,-0.8688,63
2026-03-21T17:24:22.452561,1,0.0916,0.0916,0.0140,3.1003,1.1287,0.7258,-0.8643,5
2026-03-21T17:24:22.452561,2,1.4601,0.0235,1.4601,2.9458,0.7511,0.7509,0.0145,89
2026-03-21T17:24:22.452561,3,0.0461,0.0461,0.0412,1.8616,0.3823,-0.0231,0.3816,8
2026-03-21T17:24:22.521839,0,1.1259,1.1259,0.0203,3.1144,0.8760,0.1113,-0.8689,66
2026-03-21T17:24:22.521839,1,1.3609,0.0281,1.3609,2.8970,0.7510,0.7508,0.0139,85
2026-03-21T17:24:22.521839,2,0.0461,0.0461,0.0372,1.8606,0.3808,-0.0230,0.3801,8
2026-03-21T17:24:22.592180,0,1.0956,1.0956,0.0196,3.1128,0.8746,0.1022,-0.8686,65
2026-03-21T17:24:22.592180,1,0.0659,0.0659,0.0475,3.1005,1.1329,0.7433,-0.8549,5
2026-03-21T17:24:22.592180,2,1.3835,0.0243,1.3835,2.9203,0.7513,0.7513,0.0060,86
2026-03-21T17:24:22.592180,3,0.0455,0.0455,0.0315,1.8629,0.3813,-0.0231,0.3806,8
2026-03-21T17:24:22.661428,0,1.1947,1.1947,0.0299,3.1154,0.8795,0.1390,-0.8684,69
2026-03-21T17:24:22.661428,1,1.3604,0.0251,1.3604,2.8937,0.7509,0.7507,0.0147,85
2026-03-21T17:24:22.661428,2,0.0466,0.0466,0.0231,1.8595,0.3802,-0.0231,0.3795,8
2026-03-21T17:24:22.730989,0,1.1930,1.1930,0.0264,3.1134,0.8796,0.1393,-0.8685,69
2026-03-21T17:24:22.730989,1,1.3580,0.0217,1.3580,2.8701,0.7508,0.7502,0.0307,85
2026-03-21T17:24:22.730989,2,0.0461,0.0461,0.0245,1.8589,0.3812,-0.0231,0.3805,8
2026-03-21T17:24:22.800032,0,1.1888,1.1888,0.0280,3.1128,0.8800,0.1392,-0.8689,69
2026-03-21T17:24:22.800032,1,1.3876,0.0248,1.3876,2.9203,0.7509,0.7509,0.0064,86
2026-03-21T17:24:22.800032,2,0.0463,0.0463,0.0274,1.8608,0.3784,-0.0230,0.3777,8
2026-03-21T17:24:22.870257,0,1.1250,1.1250,0.0241,3.1154,0.8761,0.1114,-0.8690,66
2026-03-21T17:24:22.870257,1,1.3818,0.0293,1.3818,2.9674,0.7513,0.7508,-0.0266,86
2026-03-21T17:24:22.870257,2,0.0494,0.0021,0.0494,1.5573,1.0249,0.7494,0.6991,3
2026-03-21T17:24:22.870257,3,0.0478,0.0478,0.0255,1.8559,0.3856,-0.0235,0.3848,8
2026-03-21T17:24:22.946145,0,1.1215,1.1215,0.0213,3.1144,0.8764,0.1115,-0.8693,66
2026-03-21T17:24:22.946145,1,1.4340,0.0258,1.4340,2.9687,0.7519,0.7518,-0.0102,88
2026-03-21T17:24:22.946145,2,0.0466,0.0466,0.0265,1.8639,0.3796,-0.0231,0.3789,8
2026-03-21T17:24:23.009818,0,1.1952,1.1952,0.0804,3.1106,0.8808,0.1568,-0.8667,71
2026-03-21T17:24:23.009818,1,1.3577,0.0263,1.3577,2.9203,0.7507,0.7507,-0.0019,85
2026-03-21T17:24:23.009818,2,0.0475,0.0475,0.0302,1.8606,0.3838,-0.0234,0.3831,8
2026-03-21T17:24:23.079099,0,1.1896,1.1896,0.0339,3.1157,0.8793,0.1386,-0.8683,69
2026-03-21T17:24:23.079099,1,1.4137,0.0266,1.4137,2.9216,0.7509,0.7507,0.0143,87
2026-03-21T17:24:23.079099,2,0.0472,0.0472,0.0272,1.8616,0.3812,-0.0233,0.3805,8
2026-03-21T17:24:23.149302,0,1.1941,1.1941,0.0226,3.1118,0.8794,0.1389,-0.8683,69
2026-03-21T17:24:23.149302,1,1.3379,0.0226,1.3379,2.8726,0.7515,0.7512,0.0222,84
2026-03-21T17:24:23.149302,2,0.0464,0.0464,0.0255,1.8559,0.3846,-0.0233,0.3839,8
2026-03-21T17:24:23.218460,0,1.1923,1.1923,0.0301,3.1134,0.8792,0.1389,-0.8682,69
2026-03-21T17:24:23.218460,1,1.3842,0.0276,1.3842,2.9189,0.7509,0.7509,0.0060,86
2026-03-21T17:24:23.218460,2,0.0473,0.0473,0.0359,1.8583,0.3841,-0.0233,0.3834,8
2026-03-21T17:24:23.287388,0,1.1916,1.1916,0.0317,3.1157,0.8800,0.1391,-0.8689,69
2026-03-21T17:24:23.287388,1,1.3603,0.0245,1.3603,2.9209,0.7513,0.7513,-0.0020,85
2026-03-21T17:24:23.287388,2,0.0468,0.0468,0.0231,1.8555,0.3833,-0.0233,0.3826,8
2026-03-21T17:24:23.358251,0,1.1503,1.1503,0.0265,3.1187,0.8777,0.1201,-0.8695,67
2026-03-21T17:24:23.358251,1,1.4080,0.0225,1.4080,2.8937,0.7523,0.7516,0.0313,87
2026-03-21T17:24:23.358251,2,0.0463,0.0463,0.0264,1.8598,0.3806,-0.0231,0.3799,8
2026-03-21T17:24:23.427086,0,1.1253,1.1253,0.0213,3.1134,0.8762,0.1113,-0.8691,66
2026-03-21T17:24:23.427086,1,0.0950,0.0052,0.0950,2.9940,1.0455,0.7642,-0.7134,5
2026-03-21T17:24:23.427086,2,1.3582,0.0233,1.3582,2.8675,0.7511,0.7505,0.0308,85
2026-03-21T17:24:23.427086,3,0.0500,0.0500,0.0322,1.8576,0.3863,-0.0238,0.3856,8
2026-03-21T17:24:23.497642,0,1.1021,1.1021,0.0212,3.1134,0.8751,0.1022,-0.8691,65
2026-03-21T17:24:23.497642,1,1.4083,0.0217,1.4083,2.9176,0.7513,0.7512,0.0148,87
2026-03-21T17:24:23.497642,2,0.0508,0.0508,0.0394,1.8579,0.3856,-0.0238,0.3848,8
2026-03-21T17:24:23.567641,0,1.1216,1.1216,0.0258,3.1164,0.8762,0.1111,-0.8691,66
2026-03-21T17:24:23.567641,1,1.3603,0.0261,1.3603,2.9189,0.7511,0.7511,-0.0019,85
2026-03-21T17:24:23.567641,2,0.0530,0.0519,0.0530,1.8626,0.3851,-0.0239,0.3843,8
2026-03-21T17:24:23.636718,0,1.1920,1.1920,0.0299,3.1124,0.8798,0.1391,-0.8687,69
2026-03-21T17:24:23.636718,1,1.3328,0.0279,1.3328,2.9196,0.7512,0.7511,-0.0099,84
2026-03-21T17:24:23.636718,2,0.0513,0.0513,0.0384,1.8529,0.3908,-0.0241,0.3901,8
2026-03-21T17:24:23.706722,0,1.1012,1.1012,0.0249,3.1118,0.8749,0.1021,-0.8689,65
2026-03-21T17:24:23.706722,1,0.0658,0.0658,0.0439,3.1020,1.1349,0.7446,-0.8564,5
2026-03-21T17:24:23.706722,2,1.3835,0.0238,1.3835,2.9209,0.7512,0.7511,0.0064,86
2026-03-21T17:24:23.706722,3,0.0523,0.0523,0.0460,1.8526,0.3911,-0.0242,0.3903,8
2026-03-21T17:24:23.775361,0,1.1954,1.1954,0.0291,3.1154,0.8801,0.1388,-0.8690,69
2026-03-21T17:24:23.775361,1,1.3829,0.0264,1.3829,2.9176,0.7512,0.7512,0.0062,86
2026-03-21T17:24:23.775361,2,0.0548,0.0520,0.0548,1.8634,0.3888,-0.0239,0.3881,8
2026-03-21T17:24:23.845351,0,1.1219,1.1219,0.0210,3.1137,0.8761,0.1114,-0.8689,66
2026-03-21T17:24:23.845351,1,1.3600,0.0196,1.3600,2.8713,0.7514,0.7508,0.0307,85
2026-03-21T17:24:23.845351,2,0.0508,0.0508,0.0423,1.8608,0.3884,-0.0239,0.3877,8
2026-03-21T17:24:23.915395,0,1.1017,1.1017,0.0216,3.1128,0.8749,0.1019,-0.8689,65
2026-03-21T17:24:23.915395,1,1.4076,0.0226,1.4076,2.9431,0.7504,0.7504,-0.0018,87
2026-03-21T17:24:23.915395,2,0.0505,0.0505,0.0353,1.8568,0.3873,-0.0239,0.3866,8
2026-03-21T17:24:23.984899,0,1.1277,1.1277,0.0210,3.1132,0.8758,0.1111,-0.8688,66
2026-03-21T17:24:23.984899,1,1.3842,0.0218,1.3842,2.9189,0.7509,0.7509,0.0062,86
2026-03-21T17:24:23.984899,2,0.0511,0.0511,0.0383,1.8549,0.3916,-0.0240,0.3908,8
2026-03-21T17:24:24.054995,0,1.0697,1.0697,0.0278,3.1167,0.8738,0.0931,-0.8688,64
2026-03-21T17:24:24.054995,1,0.0910,0.0910,0.0148,3.1018,1.1297,0.7265,-0.8651,5
2026-03-21T17:24:24.054995,2,1.4542,0.0208,1.4542,2.9169,0.7515,0.7508,0.0314,89
2026-03-21T17:24:24.054995,3,0.0466,0.0466,0.0325,1.8559,0.3867,-0.0234,0.3860,8
2026-03-21T17:24:24.124380,0,1.0987,1.0987,0.0216,3.1137,0.8749,0.1020,-0.8689,65
2026-03-21T17:24:24.124380,1,1.4346,0.0275,1.4346,2.9203,0.7514,0.7510,0.0227,88
2026-03-21T17:24:24.124380,2,0.0502,0.0474,0.0502,1.8496,0.3926,-0.0236,0.3918,8
2026-03-21T17:24:24.193822,0,1.1976,1.1976,0.0559,3.1118,0.8800,0.1479,-0.8675,70
2026-03-21T17:24:24.193822,1,1.3108,0.0228,1.3108,2.8701,0.7507,0.7506,0.0144,83
2026-03-21T17:24:24.193822,2,0.0728,0.0597,0.0728,1.8612,0.3964,-0.0274,0.3954,9
2026-03-21T17:24:24.263375,0,1.1863,1.1863,0.0361,3.1157,0.8797,0.1389,-0.8687,69
2026-03-21T17:24:24.263375,1,0.0972,0.0066,0.0972,3.0208,1.0647,0.7655,-0.7400,5
2026-03-21T17:24:24.263375,2,1.3377,0.0236,1.3377,2.8977,0.7509,0.7509,0.0062,84
2026-03-21T17:24:24.263375,3,0.0459,0.0459,0.0367,1.8541,0.3913,-0.0304,0.3901,8
2026-03-21T17:24:24.333151,0,1.1282,1.1282,0.0230,3.1128,0.8766,0.1111,-0.8695,66
2026-03-21T17:24:24.333151,1,1.4088,0.0246,1.4088,2.8931,0.7522,0.7516,0.0311,87
2026-03-21T17:24:24.333151,2,0.0481,0.0481,0.0289,1.8444,0.4004,-0.0313,0.3992,8
2026-03-21T17:24:24.403130,0,0.9627,0.9627,0.0280,3.1158,0.8703,0.0495,-0.8689,59
2026-03-21T17:24:24.403130,1,0.1361,0.1361,0.0088,3.1037,1.0715,0.6305,-0.8663,7
2026-03-21T17:24:24.403130,2,1.4630,0.0271,1.4630,2.9694,0.7517,0.7517,-0.0020,89
2026-03-21T17:24:24.403130,3,0.0796,0.0796,0.0779,1.8140,0.4451,-0.0437,0.4430,10
2026-03-21T17:24:24.472919,0,1.1235,1.1235,0.0206,3.1128,0.8760,0.1113,-0.8689,66
2026-03-21T17:24:24.472919,1,1.3617,0.0231,1.3617,2.9196,0.7513,0.7513,-0.0020,85
2026-03-21T17:24:24.472919,2,0.0427,0.0427,0.0330,1.7828,0.4735,-0.0702,0.4682,6
2026-03-21T17:24:24.542234,0,1.1914,1.1914,0.0299,3.1147,0.8798,0.1390,-0.8688,69
2026-03-21T17:24:24.542234,1,1.3108,0.0239,1.3108,2.8963,0.7513,0.7513,-0.0018,83
2026-03-21T17:24:24.612153,0,1.1896,1.1896,0.0300,3.1118,0.8799,0.1390,-0.8688,69
2026-03-21T17:24:24.612153,1,0.0973,0.0065,0.0973,3.0230,1.0671,0.7672,-0.7417,5
2026-03-21T17:24:24.612153,2,1.3417,0.0257,1.3417,2.8983,0.7512,0.7512,0.0062,84
2026-03-21T17:24:24.681927,0,1.1972,1.1972,0.0589,3.1177,0.8812,0.1481,-0.8687,70
2026-03-21T17:24:24.681927,1,1.3121,0.0245,1.3121,2.8944,0.7510,0.7510,-0.0019,83
2026-03-21T17:24:24.751811,0,1.1960,1.1960,0.0597,3.1164,0.8812,0.1481,-0.8687,70
2026-03-21T17:24:24.751811,1,1.4310,0.0224,1.4310,2.9431,0.7513,0.7512,0.0063,88
2026-03-21T17:24:24.821086,0,1.1253,1.1253,0.0234,3.1138,0.8765,0.1112,-0.8694,66
2026-03-21T17:24:24.821086,1,1.3597,0.0253,1.3597,2.9216,0.7515,0.7515,-0.0021,85
2026-03-21T17:24:24.891463,0,1.1938,1.1938,0.0289,3.1144,0.8795,0.1390,-0.8685,69
2026-03-21T17:24:24.891463,1,1.3863,0.0231,1.3863,2.8970,0.7514,0.7511,0.0226,86
2026-03-21T17:24:24.960096,0,1.1914,1.1914,0.0290,3.1137,0.8792,0.1390,-0.8681,69
2026-03-21T17:24:24.960096,1,1.4303,0.0290,1.4303,2.9410,0.7509,0.7508,0.0061,88
2026-03-21T17:24:25.031113,0,1.0735,1.0735,0.0196,3.1128,0.8734,0.0932,-0.8684,64
2026-03-21T17:24:25.031113,1,0.0897,0.0897,0.0153,3.1008,1.1271,0.7248,-0.8631,5
2026-03-21T17:24:25.031113,2,1.3583,0.0206,1.3583,2.8937,0.7515,0.7513,0.0147,85
2026-03-21T17:24:25.099840,0,1.1971,1.1971,0.0584,3.1158,0.8808,0.1480,-0.8683,70
2026-03-21T17:24:25.099840,1,1.4088,0.0240,1.4088,2.9681,0.7520,0.7517,-0.0184,87
2026-03-21T17:24:25.169809,0,1.1931,1.1931,0.0603,3.1148,0.8804,0.1479,-0.8679,70
2026-03-21T17:24:25.169809,1,1.3311,0.0201,1.3311,2.8931,0.7509,0.7508,0.0064,84
2026-03-21T17:24:25.239347,0,1.1879,1.1879,0.0615,3.1138,0.8808,0.1482,-0.8682,70
2026-03-21T17:24:25.239347,1,1.3082,0.0275,1.3082,2.8957,0.7500,0.7500,-0.0018,83
2026-03-21T17:24:25.309084,0,1.1916,1.1916,0.0297,3.1137,0.8803,0.1391,-0.8692,69
2026-03-21T17:24:25.309084,1,1.3102,0.0234,1.3102,2.8950,0.7510,0.7510,-0.0016,83
2026-03-21T17:24:25.378881,0,1.1019,1.1019,0.0253,3.1138,0.8749,0.1022,-0.8689,65
2026-03-21T17:24:25.378881,1,1.3364,0.0223,1.3364,2.8963,0.7513,0.7513,0.0063,84
2026-03-21T17:24:25.449132,0,1.1930,1.1930,0.0255,3.1126,0.8804,0.1391,-0.8694,69
2026-03-21T17:24:25.449132,1,1.4292,0.0219,1.4292,2.9687,0.7516,0.7516,-0.0103,88
2026-03-21T17:24:25.518211,0,1.1278,1.1278,0.0238,3.1148,0.8758,0.1113,-0.8687,66
2026-03-21T17:24:25.518211,1,1.3583,0.0264,1.3583,2.9196,0.7508,0.7508,-0.0016,85
2026-03-21T17:24:25.518211,2,0.0499,0.0022,0.0499,1.5313,1.0456,0.7520,0.7265,3
2026-03-21T17:24:25.588262,0,1.1887,1.1887,0.0320,3.1138,0.8802,0.1391,-0.8692,69
2026-03-21T17:24:25.588262,1,1.3871,0.0239,1.3871,2.8950,0.7511,0.7508,0.0225,86
2026-03-21T17:24:25.658171,0,1.1235,1.1235,0.0246,3.1157,0.8761,0.1112,-0.8690,66
2026-03-21T17:24:25.658171,1,1.3307,0.0201,1.3307,2.8675,0.7512,0.7508,0.0225,84
2026-03-21T17:24:25.728116,0,1.0493,1.0493,0.0219,3.1128,0.8726,0.0840,-0.8686,63
2026-03-21T17:24:25.728116,1,0.0877,0.0877,0.0175,3.1016,1.1265,0.7244,-0.8627,5
2026-03-21T17:24:25.728116,2,1.4110,0.0248,1.4110,2.9216,0.7518,0.7517,0.0145,87
2026-03-21T17:24:25.797489,0,1.0761,1.0761,0.0198,3.1129,0.8747,0.0933,-0.8697,64
2026-03-21T17:24:25.797489,1,0.0866,0.0866,0.0192,3.1040,1.1295,0.7263,-0.8650,5
2026-03-21T17:24:25.797489,2,1.4095,0.0222,1.4095,2.8931,0.7520,0.7514,0.0314,87
2026-03-21T17:24:25.866207,0,1.0753,1.0753,0.0186,3.1138,0.8748,0.0935,-0.8698,64
2026-03-21T17:24:25.866207,1,0.0832,0.0832,0.0230,3.1033,1.1291,0.7260,-0.8647,5
2026-03-21T17:24:25.866207,2,1.3631,0.0220,1.3631,2.8931,0.7508,0.7506,0.0149,85
2026-03-21T17:24:25.936000,0,1.1233,1.1233,0.0231,3.1144,0.8767,0.1115,-0.8695,66
2026-03-21T17:24:25.936000,1,0.0926,0.0097,0.0926,2.9653,1.0271,0.7629,-0.6877,5
2026-03-21T17:24:25.936000,2,1.2675,0.0242,1.2675,2.8510,0.7505,0.7503,0.0146,81
2026-03-21T17:24:26.006006,0,1.0749,1.0749,0.0225,3.1124,0.8742,0.0931,-0.8692,64
2026-03-21T17:24:26.006006,1,1.3569,0.0205,1.3569,2.8944,0.7503,0.7502,0.0144,85
2026-03-21T17:24:26.075711,0,1.0762,1.0762,0.0198,3.1129,0.8743,0.0932,-0.8693,64
2026-03-21T17:24:26.075711,1,1.3624,0.0240,1.3624,2.8944,0.7514,0.7513,0.0144,85
2026-03-21T17:24:26.145167,0,1.1246,1.1246,0.0228,3.1137,0.8757,0.1113,-0.8686,66
2026-03-21T17:24:26.145167,1,0.0412,0.0412,0.0140,3.1003,1.1436,0.7503,-0.8630,3
2026-03-21T17:24:26.145167,2,1.4622,0.0251,1.4622,2.9465,0.7519,0.7518,0.0144,89
2026-03-21T17:24:26.215231,0,1.1276,1.1276,0.0206,3.1128,0.8772,0.1113,-0.8701,66
2026-03-21T17:24:26.215231,1,1.3367,0.0260,1.3367,2.9203,0.7512,0.7512,-0.0100,84
2026-03-21T17:24:26.284597,0,1.1004,1.1004,0.0244,3.1144,0.8746,0.1020,-0.8686,65
2026-03-21T17:24:26.284597,1,0.0658,0.0475,0.0658,3.0996,1.1305,0.7563,-0.8402,5
2026-03-21T17:24:26.284597,2,1.4080,0.0283,1.4080,2.9653,0.7514,0.7512,-0.0188,87
2026-03-21T17:24:26.354897,0,1.0773,1.0773,0.0222,3.1147,0.8743,0.0933,-0.8693,64
2026-03-21T17:24:26.354897,1,0.0904,0.0904,0.0163,3.1026,1.1293,0.7262,-0.8648,5
2026-03-21T17:24:26.354897,2,1.4042,0.0241,1.4042,2.9163,0.7511,0.7509,0.0146,87
2026-03-21T17:24:26.424241,0,1.1249,1.1249,0.0197,3.1118,0.8763,0.1109,-0.8693,66
2026-03-21T17:24:26.424241,1,1.3364,0.0225,1.3364,2.8977,0.7514,0.7514,0.0062,84
2026-03-21T17:24:26.493776,0,1.1240,1.1240,0.0229,3.1134,0.8763,0.1113,-0.8692,66
2026-03-21T17:24:26.493776,1,1.3831,0.0278,1.3831,2.9431,0.7517,0.7516,-0.0103,86
2026-03-21T17:24:26.564190,0,1.1923,1.1923,0.0602,3.1124,0.8800,0.1477,-0.8676,70
2026-03-21T17:24:26.564190,1,1.3358,0.0276,1.3358,2.8944,0.7515,0.7514,0.0060,84
2026-03-21T17:24:26.633430,0,1.0988,1.0988,0.0234,3.1157,0.8752,0.1022,-0.8692,65
2026-03-21T17:24:26.633430,1,1.3128,0.0221,1.3128,2.8937,0.7516,0.7516,-0.0017,83
2026-03-21T17:24:26.633430,2,0.0990,0.0030,0.0990,1.5552,1.0449,0.7512,0.7263,5
2026-03-21T17:24:26.702931,0,1.1257,1.1257,0.0259,3.1148,0.8765,0.1113,-0.8694,66
2026-03-21T17:24:26.702931,1,0.0437,0.0437,0.0110,3.0958,1.1389,0.7473,-0.8594,3
2026-03-21T17:24:26.702931,2,1.3569,0.0212,1.3569,2.8937,0.7506,0.7504,0.0145,85
2026-03-21T17:24:26.773772,0,1.1263,1.1263,0.0215,3.1128,0.8759,0.1112,-0.8688,66
2026-03-21T17:24:26.773772,1,1.3844,0.0197,1.3844,2.8937,0.7521,0.7518,0.0229,86
2026-03-21T17:24:26.842691,0,1.1876,1.1876,0.0353,3.1134,0.8792,0.1387,-0.8682,69
2026-03-21T17:24:26.842691,1,1.3822,0.0209,1.3822,2.9163,0.7506,0.7506,0.0067,86
2026-03-21T17:24:26.912412,0,1.1274,1.1274,0.0211,3.1118,0.8760,0.1111,-0.8689,66
2026-03-21T17:24:26.912412,1,0.0490,0.0490,0.0096,3.0996,1.1426,0.7497,-0.8622,3
2026-03-21T17:24:26.912412,2,0.0491,0.0066,0.0491,3.0530,1.1046,0.7672,-0.7947,3
2026-03-21T17:24:26.912412,3,1.4083,0.0222,1.4083,2.9196,0.7512,0.7511,0.0144,87
2026-03-21T17:24:26.912412,4,0.0636,0.0598,0.0636,1.9585,0.3286,-0.1051,0.3113,10
2026-03-21T17:24:26.982216,0,1.0968,1.0968,0.0206,3.1118,0.8749,0.1019,-0.8689,65
2026-03-21T17:24:26.982216,1,0.0724,0.0724,0.0365,3.0997,1.1345,0.7444,-0.8560,5
2026-03-21T17:24:26.982216,2,1.3108,0.0231,1.3108,2.8701,0.7512,0.7510,0.0144,83
2026-03-21T17:24:26.982216,3,0.0856,0.0856,0.0237,1.8159,0.4899,0.2456,0.4240,9
2026-03-21T17:24:26.982216,4,0.0599,0.0308,0.0599,1.9806,0.2892,-0.0724,0.2800,6
2026-03-21T17:24:26.982216,5,0.0840,0.0536,0.0840,1.8767,0.4198,-0.1475,0.3930,6
2026-03-21T17:24:27.051657,0,1.1225,1.1225,0.0206,3.1134,0.8767,0.1112,-0.8696,66
2026-03-21T17:24:27.051657,1,1.3391,0.0237,1.3391,2.8957,0.7517,0.7517,0.0063,84
2026-03-21T17:24:27.051657,2,0.1402,0.1402,0.0504,1.8355,0.4813,0.2453,0.4141,14
2026-03-21T17:24:27.051657,3,0.0757,0.0757,0.0318,1.5200,0.7603,0.2290,0.7250,6
2026-03-21T17:24:27.051657,4,0.0669,0.0565,0.0669,2.0019,0.2657,-0.0777,0.2540,11
2026-03-21T17:24:27.121572,0,1.1936,1.1936,0.0309,3.1157,0.8805,0.1391,-0.8695,69
2026-03-21T17:24:27.121572,1,0.0935,0.0036,0.0935,2.9681,1.0275,0.7632,-0.6879,5
2026-03-21T17:24:27.121572,2,1.3158,0.0188,1.3158,2.8485,0.7517,0.7510,0.0307,83
2026-03-21T17:24:27.121572,3,0.1505,0.1505,0.0728,1.8398,0.4748,0.2383,0.4106,17
2026-03-21T17:24:27.121572,4,0.0788,0.0788,0.0168,1.5487,0.7223,0.2114,0.6907,7
2026-03-21T17:24:27.121572,5,0.0725,0.0725,0.0514,2.0209,0.2425,-0.0750,0.2306,15
2026-03-21T17:24:27.190905,0,1.1940,1.1940,0.0299,3.1147,0.8801,0.1392,-0.8690,69
2026-03-21T17:24:27.190905,1,1.3366,0.0213,1.3366,2.9410,0.7522,0.7518,-0.0258,84
2026-03-21T17:24:27.190905,2,0.1422,0.1422,0.0793,1.8458,0.4648,0.2332,0.4021,19
2026-03-21T17:24:27.190905,3,0.0565,0.0565,0.0251,1.5715,0.6980,0.1982,0.6693,6
2026-03-21T17:24:27.190905,4,0.0948,0.0871,0.0948,2.0401,0.2325,-0.0694,0.2219,20
2026-03-21T17:24:27.260566,0,1.1892,1.1892,0.0291,3.1124,0.8793,0.1393,-0.8682,69
2026-03-21T17:24:27.260566,1,1.4367,0.0247,1.4367,2.9674,0.7514,0.7514,-0.0100,88
2026-03-21T17:24:27.260566,2,0.1806,0.1806,0.0953,1.8570,0.4626,0.2360,0.3979,22
2026-03-21T17:24:27.260566,3,0.0571,0.0571,0.0189,1.5790,0.6877,0.1837,0.6627,6
2026-03-21T17:24:27.260566,4,0.0793,0.0793,0.0367,2.0408,0.2180,-0.0768,0.2040,18
2026-03-21T17:24:27.330553,0,1.0730,1.0730,0.0189,3.1098,0.8738,0.0933,-0.8688,64
2026-03-21T17:24:27.330553,1,0.0904,0.0904,0.0163,3.1033,1.1299,0.7266,-0.8652,5
2026-03-21T17:24:27.330553,2,1.3082,0.0214,1.3082,2.8917,0.7509,0.7509,-0.0019,83
2026-03-21T17:24:27.330553,3,0.1876,0.1876,0.1242,1.8622,0.4576,0.2333,0.3936,24
2026-03-21T17:24:27.330553,4,0.0911,0.0507,0.0911,1.6085,0.6830,0.1761,0.6599,7
2026-03-21T17:24:27.330553,5,0.0682,0.0682,0.0415,2.0479,0.2173,-0.0855,0.1998,15
2026-03-21T17:24:27.400170,0,1.1280,1.1280,0.0207,3.1144,0.8768,0.1117,-0.8696,66
2026-03-21T17:24:27.400170,1,1.4587,0.0270,1.4587,2.9444,0.7522,0.7521,0.0145,89
2026-03-21T17:24:27.400170,2,0.2228,0.2228,0.0822,1.8683,0.4510,0.2381,0.3830,26
2026-03-21T17:24:27.400170,3,0.0522,0.0522,0.0354,1.5946,0.6762,0.1691,0.6547,6
2026-03-21T17:24:27.400170,4,0.0629,0.0382,0.0629,2.0386,0.2193,-0.0818,0.2034,13
2026-03-21T17:24:27.469074,0,1.1842,1.1842,0.0419,3.1178,0.8800,0.1388,-0.8689,69
2026-03-21T17:24:27.469074,1,1.3817,0.0232,1.3817,2.8937,0.7515,0.7512,0.0227,86
2026-03-21T17:24:27.469074,2,0.2372,0.2372,0.0706,1.8747,0.4435,0.2379,0.3743,27
2026-03-21T17:24:27.469074,3,0.0538,0.0538,0.0316,1.6009,0.6697,0.1675,0.6484,6
2026-03-21T17:24:27.469074,4,0.0517,0.0404,0.0517,2.0419,0.2256,-0.0825,0.2100,12
2026-03-21T17:24:27.539476,0,1.1974,1.1974,0.0812,3.1128,0.8811,0.1565,-0.8671,71
2026-03-21T17:24:27.539476,1,1.3624,0.0254,1.3624,2.9230,0.7515,0.7515,-0.0018,85
2026-03-21T17:24:27.539476,2,0.2427,0.2427,0.0713,1.8868,0.4360,0.2373,0.3657,28
2026-03-21T17:24:27.539476,3,0.0958,0.0500,0.0958,1.6166,0.6712,0.1616,0.6514,7
2026-03-21T17:24:27.539476,4,0.0884,0.0781,0.0884,1.5009,0.7748,-0.0803,0.7706,7
2026-03-21T17:24:27.539476,5,0.0637,0.0551,0.0637,2.0417,0.2357,-0.0901,0.2178,12
2026-03-21T17:24:27.608933,0,1.1246,1.1246,0.0251,3.1164,0.8760,0.1113,-0.8689,66
2026-03-21T17:24:27.608933,1,1.3373,0.0600,1.3373,2.9189,0.7508,0.7508,-0.0022,85
2026-03-21T17:24:27.608933,2,0.2213,0.2213,0.1248,1.8931,0.4320,0.2312,0.3649,29
2026-03-21T17:24:27.608933,3,0.0809,0.0519,0.0809,1.6252,0.6603,0.1590,0.6409,7
2026-03-21T17:24:27.608933,4,0.0606,0.0512,0.0606,1.4830,0.7758,-0.0808,0.7715,5
2026-03-21T17:24:27.608933,5,0.0741,0.0485,0.0741,2.0480,0.2277,-0.0850,0.2113,13
2026-03-21T17:24:27.679265,0,1.1240,1.1240,0.0188,3.1105,0.8758,0.1109,-0.8687,66
2026-03-21T17:24:27.679265,1,0.0983,0.0027,0.0983,2.9722,1.0305,0.7654,-0.6900,5
2026-03-21T17:24:27.679265,2,1.2441,0.0615,1.2441,2.8485,0.7507,0.7505,0.0134,81
2026-03-21T17:24:27.679265,3,0.2643,0.2643,0.0859,1.9004,0.4308,0.2415,0.3567,30
2026-03-21T17:24:27.679265,4,0.0594,0.0594,0.0467,1.6175,0.6550,0.1581,0.6357,7
2026-03-21T17:24:27.679265,5,0.0690,0.0690,0.0587,1.4751,0.7815,-0.0884,0.7765,6
2026-03-21T17:24:27.679265,6,0.0631,0.0465,0.0631,2.0444,0.2183,-0.0796,0.2032,14
2026-03-21T17:24:27.748302,0,1.1961,1.1961,0.0274,3.1134,0.8785,0.1387,-0.8675,69
2026-03-21T17:24:27.748302,1,1.2882,0.0231,1.2882,2.9189,0.7521,0.7517,-0.0256,82
2026-03-21T17:24:27.748302,2,0.2433,0.2433,0.0804,1.9015,0.4276,0.2394,0.3544,30
2026-03-21T17:24:27.748302,3,0.0567,0.0567,0.0533,1.6299,0.6522,0.1574,0.6329,7
2026-03-21T17:24:27.748302,4,0.0747,0.0712,0.0747,2.0461,0.2169,-0.0795,0.2019,16
2026-03-21T17:24:27.818338,0,1.1234,1.1234,0.0229,3.1138,0.8758,0.1113,-0.8687,66
2026-03-21T17:24:27.818338,1,1.2431,0.0245,1.2431,2.8937,0.7512,0.7508,-0.0252,80
2026-03-21T17:24:27.818338,2,0.2818,0.2818,0.1232,1.9029,0.4317,0.2454,0.3552,33
2026-03-21T17:24:27.818338,3,0.0629,0.0543,0.0629,1.6347,0.6503,0.1568,0.6311,7
2026-03-21T17:24:27.818338,4,0.0640,0.0455,0.0640,2.0567,0.2056,-0.0751,0.1914,16
2026-03-21T17:24:27.888151,0,1.1945,1.1945,0.0276,3.1154,0.8798,0.1391,-0.8687,69
2026-03-21T17:24:27.888151,1,1.2517,0.0221,1.2517,2.9196,0.7520,0.7509,-0.0412,80
2026-03-21T17:24:27.888151,2,0.2710,0.2710,0.1291,1.9051,0.4289,0.2440,0.3527,33
2026-03-21T17:24:27.888151,3,0.0638,0.0536,0.0638,1.6395,0.6455,0.1556,0.6264,7
2026-03-21T17:24:27.888151,4,0.0765,0.0504,0.0765,2.0566,0.2025,-0.0755,0.1879,17
2026-03-21T17:24:27.957227,0,1.1932,1.1932,0.0306,3.1184,0.8798,0.1393,-0.8687,69
2026-03-21T17:24:27.957227,1,1.2143,0.0268,1.2143,2.8924,0.7526,0.7519,-0.0329,79
2026-03-21T17:24:27.957227,2,0.2850,0.2850,0.1230,1.9170,0.4313,0.2495,0.3519,34
2026-03-21T17:24:27.957227,3,0.0858,0.0521,0.0858,1.6239,0.6577,0.1472,0.6411,7
2026-03-21T17:24:27.957227,4,0.0483,0.0398,0.0483,2.0616,0.1969,-0.0767,0.1813,15
2026-03-21T17:24:28.027046,0,1.1932,1.1932,0.0270,3.1147,0.8795,0.1389,-0.8685,69
2026-03-21T17:24:28.027046,1,1.2047,0.0211,1.2047,2.8963,0.7524,0.7513,-0.0406,78
2026-03-21T17:24:28.027046,2,0.2867,0.2867,0.1033,1.9097,0.4303,0.2491,0.3509,34
2026-03-21T17:24:28.027046,3,0.0727,0.0530,0.0727,1.6364,0.6415,0.1437,0.6252,7
2026-03-21T17:24:28.027046,4,0.0676,0.0351,0.0676,2.0670,0.2007,-0.0812,0.1836,13
2026-03-21T17:24:28.097166,0,1.1925,1.1925,0.0632,3.1147,0.8805,0.1479,-0.8680,70
2026-03-21T17:24:28.097166,1,1.2219,0.0251,1.2219,2.9183,0.7532,0.7517,-0.0488,79
2026-03-21T17:24:28.097166,2,0.1222,0.1222,0.0492,1.9032,0.5021,0.3619,0.3481,13
2026-03-21T17:24:28.097166,3,0.1401,0.1401,0.1123,1.9234,0.3924,0.1870,0.3450,22
2026-03-21T17:24:28.097166,4,0.0721,0.0510,0.0721,1.6566,0.6329,0.1417,0.6168,7
2026-03-21T17:24:28.097166,5,0.0591,0.0591,0.0294,1.4059,0.8367,-0.0145,0.8366,5
2026-03-21T17:24:28.097166,6,0.0974,0.0237,0.0974,2.0679,0.2041,-0.0837,0.1862,12
2026-03-21T17:24:28.166115,0,1.1938,1.1938,0.0238,3.1109,0.8793,0.1388,-0.8682,69
2026-03-21T17:24:28.166115,1,1.2136,0.0639,1.2136,2.9230,0.7526,0.7510,-0.0492,79
2026-03-21T17:24:28.166115,2,0.1375,0.1375,0.0517,1.9007,0.5044,0.3636,0.3495,13
2026-03-21T17:24:28.166115,3,0.1218,0.1207,0.1218,1.9219,0.3911,0.1826,0.3458,23
2026-03-21T17:24:28.166115,4,0.1156,0.0420,0.1156,1.6951,0.6268,0.1400,0.6109,7
2026-03-21T17:24:28.166115,5,0.0858,0.0200,0.0858,2.0635,0.2058,-0.0861,0.1869,11
2026-03-21T17:24:28.236715,0,1.1222,1.1222,0.0176,3.1108,0.8760,0.1111,-0.8689,66
2026-03-21T17:24:28.236715,1,1.2056,0.0256,1.2056,2.9189,0.7539,0.7518,-0.0565,78
2026-03-21T17:24:28.236715,2,0.1367,0.1367,0.0480,1.9014,0.5128,0.3759,0.3489,13
2026-03-21T17:24:28.236715,3,0.1416,0.1416,0.1252,1.9225,0.3903,0.1857,0.3433,24
2026-03-21T17:24:28.236715,4,0.0539,0.0447,0.0539,1.6413,0.6322,0.1364,0.6173,6
2026-03-21T17:24:28.236715,5,0.0722,0.0722,0.0364,1.4159,0.8311,0.0074,0.8311,6
2026-03-21T17:24:28.236715,6,0.0433,0.0161,0.0433,2.0722,0.1937,-0.0830,0.1750,10
2026-03-21T17:24:28.306069,0,1.1914,1.1914,0.0569,3.1128,0.8804,0.1480,-0.8679,70
2026-03-21T17:24:28.306069,1,1.2553,0.0297,1.2553,2.9715,0.7558,0.7523,-0.0733,80
2026-03-21T17:24:28.306069,2,0.3348,0.3348,0.0990,1.9192,0.4257,0.2517,0.3433,37
2026-03-21T17:24:28.306069,3,0.0793,0.0394,0.0793,1.6500,0.6316,0.1360,0.6167,6
2026-03-21T17:24:28.306069,4,0.0874,0.0874,0.0619,1.4295,0.8276,-0.0004,0.8276,7
2026-03-21T17:24:28.306069,5,0.0886,0.0210,0.0886,2.0724,0.1986,-0.0814,0.1812,12
2026-03-21T17:24:28.375773,0,1.1016,1.1016,0.0212,3.1144,0.8749,0.1022,-0.8689,65
2026-03-21T17:24:28.375773,1,1.1665,0.0591,1.1665,2.8917,0.7530,0.7515,-0.0485,77
2026-03-21T17:24:28.375773,2,0.3332,0.3332,0.1226,1.9196,0.4252,0.2485,0.3450,38
2026-03-21T17:24:28.375773,3,0.0915,0.0389,0.0915,1.6454,0.6422,0.1273,0.6295,6
2026-03-21T17:24:28.375773,4,0.0603,0.0603,0.0543,1.4189,0.8397,-0.0147,0.8396,5
2026-03-21T17:24:28.375773,5,0.0729,0.0228,0.0729,2.0794,0.1934,-0.0794,0.1764,12
2026-03-21T17:24:28.445443,0,1.1901,1.1901,0.0306,3.1154,0.8799,0.1391,-0.8688,69
2026-03-21T17:24:28.445443,1,1.2392,0.0649,1.2392,2.9694,0.7550,0.7514,-0.0737,80
2026-03-21T17:24:28.445443,2,0.1464,0.1464,0.0596,1.9033,0.5146,0.3770,0.3502,13
2026-03-21T17:24:28.445443,3,0.1528,0.1528,0.1211,1.9180,0.3894,0.1824,0.3440,25
2026-03-21T17:24:28.445443,4,0.1013,0.0367,0.1013,1.6522,0.6415,0.1270,0.6288,6
2026-03-21T17:24:28.445443,5,0.0979,0.0853,0.0979,1.4675,0.8252,-0.0007,0.8252,7
2026-03-21T17:24:28.445443,6,0.0655,0.0215,0.0655,2.0752,0.1904,-0.0799,0.1728,11
2026-03-21T17:24:28.515335,0,1.1943,1.1943,0.0233,3.1118,0.8794,0.1388,-0.8684,69
2026-03-21T17:24:28.515335,1,1.1894,0.0208,1.1894,2.9196,0.7543,0.7516,-0.0637,77
2026-03-21T17:24:28.515335,2,0.1030,0.1030,0.0507,1.8982,0.5193,0.3834,0.3503,12
2026-03-21T17:24:28.515335,3,0.1574,0.1574,0.1241,1.9259,0.3892,0.1821,0.3439,25
2026-03-21T17:24:28.515335,4,0.0895,0.0392,0.0895,1.6454,0.6425,0.1273,0.6298,6
2026-03-21T17:24:28.515335,5,0.0769,0.0688,0.0769,1.4625,0.8153,0.0067,0.8153,6
2026-03-21T17:24:28.515335,6,0.0656,0.0201,0.0656,2.0715,0.1933,-0.0811,0.1755,11
2026-03-21T17:24:28.584545,0,1.1222,1.1222,0.0264,3.1144,0.8760,0.1109,-0.8690,66
2026-03-21T17:24:28.584545,1,1.2144,0.0260,1.2144,2.9458,0.7552,0.7517,-0.0725,78
2026-03-21T17:24:28.584545,2,0.1245,0.1245,0.0611,1.9026,0.5219,0.3886,0.3484,13
2026-03-21T17:24:28.584545,3,0.1714,0.1714,0.1308,1.9239,0.3913,0.1864,0.3441,26
2026-03-21T17:24:28.584545,4,0.0954,0.0382,0.0954,1.6464,0.6445,0.1276,0.6318,6
2026-03-21T17:24:28.584545,5,0.0721,0.0226,0.0721,2.0715,0.1943,-0.0815,0.1764,11
2026-03-21T17:24:28.654798,0,1.0739,1.0739,0.0196,3.1124,0.8737,0.0928,-0.8687,64
2026-03-21T17:24:28.654798,1,0.0899,0.0899,0.0154,3.1032,1.1291,0.7261,-0.8646,5
2026-03-21T17:24:28.654798,2,1.1159,0.0207,1.1159,2.8473,0.7520,0.7510,-0.0397,74
2026-03-21T17:24:28.654798,3,0.1000,0.1000,0.0566,1.9078,0.5102,0.3766,0.3442,12
2026-03-21T17:24:28.654798,4,0.1609,0.1609,0.1474,1.9242,0.3915,0.1864,0.3443,26
2026-03-21T17:24:28.654798,5,0.0802,0.0385,0.0802,1.6577,0.6286,0.1354,0.6138,6
2026-03-21T17:24:28.654798,6,0.0562,0.0562,0.0524,1.4319,0.8252,0.0000,0.8252,5
2026-03-21T17:24:28.654798,7,0.0928,0.0228,0.0928,2.0794,0.1957,-0.0802,0.1785,12
2026-03-21T17:24:28.723753,0,1.1261,1.1261,0.0193,3.1105,0.8758,0.1111,-0.8687,66
2026-03-21T17:24:28.723753,1,0.0398,0.0398,0.0147,3.0980,1.1399,0.7479,-0.8602,3
2026-03-21T17:24:28.723753,2,1.1120,0.0204,1.1120,2.8429,0.7514,0.7504,-0.0393,74
2026-03-21T17:24:28.723753,3,0.1516,0.1516,0.0533,1.9142,0.4969,0.3642,0.3380,13
2026-03-21T17:24:28.723753,4,0.1360,0.1360,0.1243,1.9273,0.3834,0.1824,0.3373,24
2026-03-21T17:24:28.723753,5,0.0792,0.0389,0.0792,1.6558,0.6296,0.1355,0.6148,6
2026-03-21T17:24:28.723753,6,0.0947,0.0261,0.0947,2.0722,0.1962,-0.0789,0.1797,13
2026-03-21T17:24:28.793969,0,1.1253,1.1253,0.0219,3.1144,0.8761,0.1114,-0.8690,66
2026-03-21T17:24:28.793969,1,0.0338,0.0338,0.0222,3.1003,1.1399,0.7479,-0.8603,3
2026-03-21T17:24:28.793969,2,1.2079,0.0283,1.2079,2.9437,0.7556,0.7522,-0.0721,78
2026-03-21T17:24:28.793969,3,0.1316,0.1316,0.0528,1.9166,0.5014,0.3733,0.3348,13
2026-03-21T17:24:28.793969,4,0.1488,0.1488,0.0984,1.9285,0.3816,0.1882,0.3320,24
2026-03-21T17:24:28.793969,5,0.0790,0.0491,0.0790,1.6614,0.6270,0.1402,0.6112,7
2026-03-21T17:24:28.793969,6,0.0695,0.0695,0.0669,1.4475,0.8191,0.0069,0.8191,6
2026-03-21T17:24:28.793969,7,0.0900,0.0260,0.0900,2.0757,0.1934,-0.0762,0.1778,14
2026-03-21T17:24:28.863775,0,1.0761,1.0761,0.0206,3.1115,0.8734,0.0932,-0.8684,64
2026-03-21T17:24:28.863775,1,0.0883,0.0883,0.0167,3.1000,1.1275,0.7250,-0.8634,5
2026-03-21T17:24:28.863775,2,1.1538,0.0334,1.1538,2.8924,0.7532,0.7511,-0.0557,76
2026-03-21T17:24:28.863775,3,0.1300,0.1300,0.0550,1.9203,0.5011,0.3730,0.3346,13
2026-03-21T17:24:28.863775,4,0.1467,0.1426,0.1467,1.9278,0.3846,0.1859,0.3367,25
2026-03-21T17:24:28.863775,5,0.0850,0.0486,0.0850,1.6566,0.6276,0.1403,0.6117,7
2026-03-21T17:24:28.863775,6,0.0562,0.0562,0.0484,1.4309,0.8236,0.0000,0.8236,5
2026-03-21T17:24:28.863775,7,0.0939,0.0259,0.0939,2.0748,0.1946,-0.0767,0.1788,14
2026-03-21T17:24:28.933186,0,1.1242,1.1242,0.0199,3.1118,0.8759,0.1110,-0.8688,66
2026-03-21T17:24:28.933186,1,0.0948,0.0039,0.0948,2.9681,1.0273,0.7630,-0.6878,5
2026-03-21T17:24:28.933186,2,0.0408,0.0078,0.0408,2.8491,0.9656,0.7608,-0.5946,3
2026-03-21T17:24:28.933186,3,1.0496,0.0240,1.0496,2.7849,0.7506,0.7505,-0.0163,71
2026-03-21T17:24:28.933186,4,0.1314,0.1314,0.0541,1.9172,0.5016,0.3734,0.3349,13
2026-03-21T17:24:28.933186,5,0.1475,0.1475,0.1011,1.9293,0.3807,0.1874,0.3314,24
2026-03-21T17:24:28.933186,6,0.0869,0.0480,0.0869,1.6585,0.6279,0.1404,0.6120,7
2026-03-21T17:24:28.933186,7,0.0563,0.0563,0.0415,1.4349,0.8234,-0.0001,0.8234,5
2026-03-21T17:24:28.933186,8,0.0909,0.0254,0.0909,2.0757,0.1954,-0.0770,0.1796,14
2026-03-21T17:24:29.002492,0,1.0716,1.0716,0.0233,3.1134,0.8745,0.0931,-0.8695,64
2026-03-21T17:24:29.002492,1,0.0879,0.0879,0.0480,3.1032,1.1262,0.7316,-0.8562,6
2026-03-21T17:24:29.002492,2,1.1667,0.0245,1.1667,2.8970,0.7536,0.7515,-0.0557,76
2026-03-21T17:24:29.002492,3,0.1333,0.1333,0.0530,1.9146,0.5044,0.3756,0.3367,13
2026-03-21T17:24:29.002492,4,0.1501,0.1501,0.0988,1.9289,0.3820,0.1881,0.3325,24
2026-03-21T17:24:29.002492,5,0.0926,0.0460,0.0926,1.6681,0.6265,0.1401,0.6106,7
2026-03-21T17:24:29.002492,6,0.0706,0.0706,0.0434,1.4329,0.8193,0.0070,0.8193,6
2026-03-21T17:24:29.002492,7,0.0429,0.0287,0.0429,2.0708,0.1910,-0.0773,0.1747,13
2026-03-21T17:24:29.071868,0,1.0981,1.0981,0.0239,3.1167,0.8756,0.1022,-0.8696,65
2026-03-21T17:24:29.071868,1,1.1587,0.0244,1.1587,2.8917,0.7543,0.7522,-0.0561,76
2026-03-21T17:24:29.071868,2,0.3230,0.3230,0.1500,1.9281,0.4209,0.2513,0.3376,38
2026-03-21T17:24:29.071868,3,0.0985,0.0449,0.0985,1.6681,0.6268,0.1400,0.6109,7
2026-03-21T17:24:29.071868,4,0.0701,0.0701,0.0490,1.4365,0.8200,0.0069,0.8199,6
2026-03-21T17:24:29.071868,5,0.0666,0.0292,0.0666,2.0724,0.1933,-0.0764,0.1776,14
2026-03-21T17:24:29.142352,0,1.0992,1.0992,0.0218,3.1157,0.8754,0.1021,-0.8694,65
2026-03-21T17:24:29.142352,1,1.2161,0.0213,1.2161,2.9458,0.7555,0.7521,-0.0721,78
2026-03-21T17:24:29.142352,2,0.1328,0.1328,0.0517,1.9147,0.5029,0.3745,0.3357,13
2026-03-21T17:24:29.142352,3,0.1504,0.1504,0.0952,1.9262,0.3835,0.1889,0.3338,24
2026-03-21T17:24:29.142352,4,0.0760,0.0495,0.0760,1.6624,0.6268,0.1402,0.6109,7
2026-03-21T17:24:29.142352,5,0.0561,0.0561,0.0365,1.4289,0.8234,0.0000,0.8234,5
2026-03-21T17:24:29.142352,6,0.0579,0.0245,0.0579,2.0783,0.1897,-0.0766,0.1736,13
2026-03-21T17:24:29.212416,0,1.1971,1.1971,0.0250,3.1128,0.8797,0.1392,-0.8686,69
2026-03-21T17:24:29.212416,1,1.2137,0.0283,1.2137,2.9451,0.7559,0.7524,-0.0724,78
2026-03-21T17:24:29.212416,2,0.1283,0.1283,0.0451,1.9141,0.5025,0.3742,0.3354,13
2026-03-21T17:24:29.212416,3,0.1546,0.1546,0.1400,1.9306,0.3845,0.1859,0.3366,25
2026-03-21T17:24:29.212416,4,0.0945,0.0453,0.0945,1.6710,0.6252,0.1397,0.6094,7
2026-03-21T17:24:29.212416,5,0.0700,0.0700,0.0480,1.4395,0.8166,0.0069,0.8166,6
2026-03-21T17:24:29.212416,6,0.0774,0.0274,0.0774,2.0689,0.1987,-0.0784,0.1826,14
2026-03-21T17:24:29.281375,0,1.1224,1.1224,0.0214,3.1118,0.8759,0.1113,-0.8688,66
2026-03-21T17:24:29.281375,1,0.0477,0.0477,0.0111,3.0996,1.1419,0.7493,-0.8617,3
2026-03-21T17:24:29.281375,2,1.1957,0.0267,1.1957,2.9209,0.7543,0.7516,-0.0641,77
2026-03-21T17:24:29.281375,3,0.1008,0.1008,0.0561,1.9162,0.4993,0.3686,0.3369,12
2026-03-21T17:24:29.281375,4,0.1650,0.1650,0.1050,1.9243,0.3832,0.1861,0.3350,25
2026-03-21T17:24:29.281375,5,0.0624,0.0305,0.0624,1.6529,0.6220,0.1395,0.6062,5
2026-03-21T17:24:29.281375,6,0.0989,0.0334,0.0989,2.0664,0.2050,-0.0809,0.1884,14
2026-03-21T17:24:29.351182,0,1.1885,1.1885,0.0307,3.1147,0.8793,0.1388,-0.8683,69
2026-03-21T17:24:29.351182,1,1.1895,0.0214,1.1895,2.9203,0.7545,0.7518,-0.0638,77
2026-03-21T17:24:29.351182,2,0.3365,0.3365,0.0995,1.9188,0.4218,0.2525,0.3379,38
2026-03-21T17:24:29.351182,3,0.0852,0.0382,0.0852,1.6509,0.6344,0.1366,0.6195,6
2026-03-21T17:24:29.351182,4,0.0705,0.0705,0.0494,1.4329,0.8195,0.0071,0.8194,6
2026-03-21T17:24:29.351182,5,0.0383,0.0383,0.0310,2.0557,0.2084,-0.0846,0.1905,13
2026-03-21T17:24:29.421515,0,1.1022,1.1022,0.0182,3.1115,0.8751,0.1024,-0.8691,65
2026-03-21T17:24:29.421515,1,0.0669,0.0669,0.0452,3.1011,1.1315,0.7424,-0.8539,5
2026-03-21T17:24:29.421515,2,1.1662,0.0214,1.1662,2.9149,0.7553,0.7519,-0.0714,76
2026-03-21T17:24:29.421515,3,0.1202,0.1202,0.0968,1.9123,0.5246,0.3933,0.3471,14
2026-03-21T17:24:29.421515,4,0.1780,0.1780,0.1023,1.9235,0.3880,0.1887,0.3391,25
2026-03-21T17:24:29.421515,5,0.0656,0.0420,0.0656,1.6480,0.6339,0.1366,0.6190,6
2026-03-21T17:24:29.421515,6,0.0705,0.0705,0.0420,1.4295,0.8198,0.0070,0.8198,6
2026-03-21T17:24:29.421515,7,0.0883,0.0400,0.0883,2.0410,0.2286,-0.0887,0.2107,15
2026-03-21T17:24:29.490543,0,1.1280,1.1280,0.0251,3.1164,0.8764,0.1113,-0.8693,66
2026-03-21T17:24:29.490543,1,0.0949,0.0088,0.0949,2.9933,1.0471,0.7654,-0.7145,5
2026-03-21T17:24:29.490543,2,1.1162,0.0257,1.1162,2.8688,0.7531,0.7511,-0.0549,74
2026-03-21T17:24:29.490543,3,0.1017,0.1017,0.0769,1.9153,0.5090,0.3755,0.3436,14
2026-03-21T17:24:29.490543,4,0.1573,0.1573,0.0816,1.9162,0.3864,0.1846,0.3394,24
2026-03-21T17:24:29.490543,5,0.0724,0.0405,0.0724,1.6509,0.6357,0.1370,0.6208,6
2026-03-21T17:24:29.490543,6,0.0702,0.0702,0.0540,1.4335,0.8216,0.0070,0.8216,6
2026-03-21T17:24:29.490543,7,0.0875,0.0668,0.0875,2.0172,0.2506,-0.0897,0.2341,15
2026-03-21T17:24:29.560801,0,1.0756,1.0756,0.0254,3.1137,0.8743,0.0929,-0.8694,64
2026-03-21T17:24:29.560801,1,0.0686,0.0686,0.0461,3.1013,1.1339,0.7440,-0.8556,5
2026-03-21T17:24:29.560801,2,1.1254,0.0583,1.1254,2.8931,0.7542,0.7508,-0.0721,74
2026-03-21T17:24:29.560801,3,0.1162,0.1162,0.0550,1.9122,0.5166,0.3905,0.3383,13
2026-03-21T17:24:29.560801,4,0.1708,0.1708,0.0963,1.9201,0.3838,0.1805,0.3388,25
2026-03-21T17:24:29.560801,5,0.0591,0.0329,0.0591,1.6396,0.6404,0.1327,0.6265,5
2026-03-21T17:24:29.560801,6,0.0709,0.0709,0.0404,1.4269,0.8220,0.0071,0.8219,6
2026-03-21T17:24:29.560801,7,0.0548,0.0548,0.0496,1.9895,0.2655,-0.0820,0.2525,13
2026-03-21T17:24:29.560801,8,0.0334,0.0334,0.0313,1.6894,0.6330,-0.2971,0.5590,5
2026-03-21T17:24:29.630526,0,1.0983,1.0983,0.0236,3.1144,0.8747,0.1022,-0.8687,65
2026-03-21T17:24:29.630526,1,1.0317,0.0956,1.0317,2.8726,0.7498,0.7455,-0.0804,71
2026-03-21T17:24:29.630526,2,0.1395,0.1395,0.0912,1.9043,0.5620,0.4406,0.3489,14
2026-03-21T17:24:29.630526,3,0.1788,0.1788,0.1519,1.9226,0.3861,0.1780,0.3426,26
2026-03-21T17:24:29.630526,4,0.0475,0.0358,0.0475,1.6269,0.6416,0.1330,0.6277,5
2026-03-21T17:24:29.630526,5,0.0718,0.0718,0.0464,1.4349,0.8240,0.0072,0.8239,6
2026-03-21T17:24:29.630526,6,0.0538,0.0481,0.0538,1.9790,0.2805,-0.0699,0.2716,12
2026-03-21T17:24:29.630526,7,0.0947,0.0388,0.0947,1.6894,0.6400,-0.2900,0.5706,7
2026-03-21T17:24:29.700414,0,1.1228,1.1228,0.0202,3.1124,0.8756,0.1113,-0.8685,66
2026-03-21T17:24:29.700414,1,1.0818,0.1252,1.0818,2.9437,0.7522,0.7447,-0.1058,74
2026-03-21T17:24:29.700414,2,0.1294,0.1294,0.0712,1.9070,0.5620,0.4436,0.3451,13
2026-03-21T17:24:29.700414,3,0.1498,0.1498,0.1124,1.9257,0.3807,0.1755,0.3378,24
2026-03-21T17:24:29.700414,4,0.0433,0.0363,0.0433,1.6328,0.6378,0.1323,0.6239,5
2026-03-21T17:24:29.700414,5,0.0733,0.0733,0.0603,1.4289,0.8296,-0.0075,0.8296,6
2026-03-21T17:24:29.700414,6,0.0662,0.0662,0.0484,1.9567,0.2974,-0.0595,0.2914,12
2026-03-21T17:24:29.700414,7,0.0911,0.0387,0.0911,1.6885,0.6412,-0.2905,0.5716,7
2026-03-21T17:24:29.769803,0,1.1964,1.1964,0.0510,3.1113,0.8808,0.1487,-0.8681,68
2026-03-21T17:24:29.769803,1,1.0464,0.1581,1.0464,2.9230,0.7503,0.7439,-0.0980,73
2026-03-21T17:24:29.769803,2,0.1170,0.1170,0.0993,1.9073,0.5701,0.4496,0.3505,13
2026-03-21T17:24:29.769803,3,0.1535,0.1535,0.1208,1.9234,0.3809,0.1725,0.3396,25
2026-03-21T17:24:29.769803,4,0.0591,0.0327,0.0591,1.6415,0.6368,0.1319,0.6230,5
2026-03-21T17:24:29.769803,5,0.0568,0.0568,0.0404,1.4219,0.8272,0.0000,0.8272,5
2026-03-21T17:24:29.769803,6,0.0605,0.0605,0.0501,1.9370,0.3106,-0.0457,0.3072,12
2026-03-21T17:24:29.769803,7,0.1088,0.0314,0.1088,1.6981,0.6395,-0.2895,0.5702,7
2026-03-21T17:24:29.839096,0,1.1263,1.1263,0.0244,3.1147,0.8763,0.1113,-0.8692,66
2026-03-21T17:24:29.839096,1,1.0102,0.1525,1.0102,2.8957,0.7512,0.7450,-0.0959,71
2026-03-21T17:24:29.839096,2,0.1211,0.1211,0.0759,1.8996,0.6101,0.4973,0.3535,12
2026-03-21T17:24:29.839096,3,0.1681,0.1681,0.1067,1.9209,0.3857,0.1811,0.3405,25
2026-03-21T17:24:29.839096,4,0.0426,0.0368,0.0426,1.6250,0.6424,0.1333,0.6284,5
2026-03-21T17:24:29.839096,5,0.0597,0.0597,0.0466,1.9340,0.3120,-0.0350,0.3100,12
2026-03-21T17:24:29.839096,6,0.0564,0.0326,0.0564,1.7024,0.6261,-0.2888,0.5554,6
2026-03-21T17:24:29.907865,0,1.1253,1.1253,0.0205,3.1134,0.8766,0.1113,-0.8695,66
2026-03-21T17:24:29.907865,1,1.0083,0.1140,1.0083,2.8957,0.7549,0.7480,-0.1023,70
2026-03-21T17:24:29.907865,2,0.1336,0.1336,0.0666,1.8975,0.6118,0.4988,0.3542,12
2026-03-21T17:24:29.907865,3,0.1850,0.1850,0.1030,1.9201,0.3876,0.1823,0.3420,25
2026-03-21T17:24:29.907865,4,0.0484,0.0357,0.0484,1.6269,0.6426,0.1332,0.6286,5
2026-03-21T17:24:29.907865,5,0.0612,0.0612,0.0312,1.9286,0.3128,-0.0298,0.3114,12
2026-03-21T17:24:29.907865,6,0.0511,0.0375,0.0511,1.6980,0.6232,-0.2875,0.5529,6
2026-03-21T17:24:29.978341,0,1.1929,1.1929,0.0299,3.1154,0.8794,0.1389,-0.8684,69
2026-03-21T17:24:29.978341,1,1.0518,0.1455,1.0518,2.9410,0.7543,0.7459,-0.1126,73
2026-03-21T17:24:29.978341,2,0.1238,0.1238,0.0917,1.8951,0.6208,0.5059,0.3599,12
2026-03-21T17:24:29.978341,3,0.1600,0.1600,0.1123,1.9226,0.3867,0.1752,0.3448,25
2026-03-21T17:24:29.978341,4,0.0775,0.0283,0.0775,1.6580,0.6356,0.1316,0.6218,5
2026-03-21T17:24:29.978341,5,0.0612,0.0612,0.0272,1.9287,0.3123,-0.0244,0.3114,12
2026-03-21T17:24:29.978341,6,0.0528,0.0343,0.0528,1.7015,0.6214,-0.2867,0.5513,6
2026-03-21T17:24:30.048867,0,1.1257,1.1257,0.0228,3.1128,0.8763,0.1113,-0.8692,66
2026-03-21T17:24:30.048867,1,0.0405,0.0405,0.0140,3.0996,1.1429,0.7499,-0.8625,3
2026-03-21T17:24:30.048867,2,0.0477,0.0076,0.0477,3.0523,1.1069,0.7688,-0.7963,3
2026-03-21T17:24:30.048867,3,1.0227,0.1358,1.0227,2.9196,0.7549,0.7467,-0.1111,71
2026-03-21T17:24:30.048867,4,0.1151,0.1151,0.0946,1.9012,0.6138,0.5000,0.3559,12
2026-03-21T17:24:30.048867,5,0.1589,0.1589,0.1340,1.9211,0.3877,0.1755,0.3457,25
2026-03-21T17:24:30.048867,6,0.0562,0.0337,0.0562,1.6347,0.6408,0.1328,0.6269,5
2026-03-21T17:24:30.048867,7,0.0779,0.0685,0.0779,1.9308,0.3169,-0.0157,0.3165,13
2026-03-21T17:24:30.048867,8,0.0545,0.0333,0.0545,1.7041,0.6162,-0.2842,0.5467,6
2026-03-21T17:24:30.117172,0,1.1284,1.1284,0.0235,3.1148,0.8764,0.1113,-0.8693,66
2026-03-21T17:24:30.117172,1,1.0018,0.1230,1.0018,2.8937,0.7538,0.7468,-0.1023,70
2026-03-21T17:24:30.117172,2,0.1195,0.1195,0.0751,1.9014,0.6062,0.4941,0.3512,12
2026-03-21T17:24:30.117172,3,0.1487,0.1487,0.0996,1.9177,0.3856,0.1779,0.3421,24
2026-03-21T17:24:30.117172,4,0.0426,0.0370,0.0426,1.6221,0.6448,0.1338,0.6308,5
2026-03-21T17:24:30.117172,5,0.0625,0.0625,0.0362,1.9378,0.3128,-0.0192,0.3122,12
2026-03-21T17:24:30.117172,6,0.0536,0.0346,0.0536,1.7033,0.6159,-0.2841,0.5464,6
2026-03-21T17:24:30.187824,0,1.1919,1.1919,0.0281,3.1144,0.8802,0.1391,-0.8691,69
2026-03-21T17:24:30.187824,1,1.0577,0.1194,1.0577,2.9465,0.7574,0.7480,-0.1189,72
2026-03-21T17:24:30.187824,2,0.1008,0.1008,0.0757,1.9007,0.6010,0.4866,0.3527,11
2026-03-21T17:24:30.187824,3,0.1728,0.1728,0.1145,1.9201,0.3877,0.1822,0.3422,25
2026-03-21T17:24:30.187824,4,0.0988,0.0394,0.0988,1.6269,0.6547,0.1297,0.6417,6
2026-03-21T17:24:30.187824,5,0.0754,0.0754,0.0679,1.9308,0.3207,-0.0165,0.3203,13
2026-03-21T17:24:30.187824,6,0.0569,0.0323,0.0569,1.7102,0.6166,-0.2844,0.5470,6
2026-03-21T17:24:30.257675,0,1.1205,1.1205,0.0212,3.1124,0.8761,0.1113,-0.8690,66
2026-03-21T17:24:30.257675,1,1.0765,0.1203,1.0765,2.9667,0.7584,0.7477,-0.1272,73
2026-03-21T17:24:30.257675,2,0.1264,0.1264,0.0830,1.9028,0.6081,0.4956,0.3523,12
2026-03-21T17:24:30.257675,3,0.1461,0.1461,0.0952,1.9219,0.3830,0.1766,0.3399,24
2026-03-21T17:24:30.257675,4,0.0969,0.0402,0.0969,1.6221,0.6585,0.1305,0.6455,6
2026-03-21T17:24:30.257675,5,0.0624,0.0624,0.0557,1.9286,0.3171,-0.0133,0.3168,12
2026-03-21T17:24:30.257675,6,0.0635,0.0355,0.0635,1.7050,0.6172,-0.2847,0.5476,6
2026-03-21T17:24:30.327141,0,1.1945,1.1945,0.0251,3.1128,0.8800,0.1391,-0.8689,69
2026-03-21T17:24:30.327141,1,1.0004,0.1246,1.0004,2.8924,0.7539,0.7469,-0.1023,70
2026-03-21T17:24:30.327141,2,0.1131,0.1000,0.1131,1.8992,0.6116,0.4917,0.3638,12
2026-03-21T17:24:30.327141,3,0.1523,0.1523,0.0967,1.9187,0.3845,0.1775,0.3411,24
2026-03-21T17:24:30.327141,4,0.0928,0.0401,0.0928,1.6299,0.6522,0.1293,0.6393,6
2026-03-21T17:24:30.327141,5,0.0636,0.0636,0.0476,1.9245,0.3207,-0.0137,0.3204,12
2026-03-21T17:24:30.327141,6,0.0861,0.0273,0.0861,1.7067,0.6239,-0.2875,0.5537,6
2026-03-21T17:24:30.396721,0,1.1240,1.1240,0.0256,3.1130,0.8760,0.1111,-0.8689,66
2026-03-21T17:24:30.396721,1,0.0478,0.0478,0.0081,3.0981,1.1426,0.7497,-0.8622,3
2026-03-21T17:24:30.396721,2,1.0280,0.1265,1.0280,2.9196,0.7551,0.7469,-0.1109,71
2026-03-21T17:24:30.396721,3,0.1550,0.1550,0.1071,1.8959,0.6230,0.5079,0.3607,14
2026-03-21T17:24:30.396721,4,0.1569,0.1569,0.1315,1.9138,0.3929,0.1778,0.3504,25
2026-03-21T17:24:30.396721,5,0.0819,0.0420,0.0819,1.6279,0.6502,0.1290,0.6373,6
2026-03-21T17:24:30.396721,6,0.0639,0.0639,0.0443,1.9212,0.3217,-0.0137,0.3214,12
2026-03-21T17:24:30.396721,7,0.0443,0.0259,0.0443,1.7024,0.6216,-0.2916,0.5490,5
2026-03-21T17:24:30.466211,0,1.1945,1.1945,0.0561,3.1134,0.8809,0.1479,-0.8684,70
2026-03-21T17:24:30.466211,1,1.1235,0.3147,1.1235,2.9223,0.7086,0.7078,-0.0335,85
2026-03-21T17:24:30.466211,2,0.1620,0.1620,0.1077,1.9153,0.3912,0.1807,0.3469,24
2026-03-21T17:24:30.466211,3,0.0838,0.0410,0.0838,1.6357,0.6474,0.1283,0.6345,6
2026-03-21T17:24:30.466211,4,0.0642,0.0642,0.0399,1.9208,0.3237,-0.0139,0.3234,12
2026-03-21T17:24:30.466211,5,0.0540,0.0229,0.0540,1.7067,0.6204,-0.2910,0.5479,5
2026-03-21T17:24:30.536406,0,1.0773,1.0773,0.0212,3.1128,0.8745,0.0933,-0.8695,64
2026-03-21T17:24:30.536406,1,0.0864,0.0864,0.0200,3.1026,1.1283,0.7255,-0.8640,5
2026-03-21T17:24:30.536406,2,0.9818,0.1452,0.9818,2.8720,0.7498,0.7446,-0.0881,70
2026-03-21T17:24:30.536406,3,0.1451,0.1451,0.0861,1.8970,0.6090,0.4934,0.3569,13
2026-03-21T17:24:30.536406,4,0.1361,0.1361,0.1148,1.9137,0.3887,0.1760,0.3465,23
2026-03-21T17:24:30.536406,5,0.0839,0.0414,0.0839,1.6308,0.6500,0.1289,0.6371,6
2026-03-21T17:24:30.536406,6,0.0918,0.0745,0.0918,1.9222,0.3285,-0.0107,0.3283,13
2026-03-21T17:24:30.536406,7,0.0462,0.0251,0.0462,1.7007,0.6218,-0.2917,0.5491,5
2026-03-21T17:24:30.605076,0,1.1267,1.1267,0.0185,3.1138,0.8772,0.1115,-0.8701,66
2026-03-21T17:24:30.605076,1,0.9971,0.1520,0.9971,2.8891,0.7512,0.7450,-0.0962,71
2026-03-21T17:24:30.605076,2,0.1633,0.1633,0.0976,1.8997,0.5982,0.4817,0.3546,14
2026-03-21T17:24:30.605076,3,0.1339,0.1339,0.1246,1.9244,0.3859,0.1745,0.3441,23
2026-03-21T17:24:30.605076,4,0.0542,0.0339,0.0542,1.6376,0.6390,0.1324,0.6251,5
2026-03-21T17:24:30.605076,5,0.0657,0.0657,0.0373,1.9192,0.3251,-0.0142,0.3248,12
2026-03-21T17:24:30.605076,6,0.0479,0.0242,0.0479,1.7015,0.6232,-0.2923,0.5504,5
2026-03-21T17:24:30.675616,0,1.1289,1.1289,0.0186,3.1118,0.8764,0.1113,-0.8693,66
2026-03-21T17:24:30.675616,1,0.0406,0.0406,0.0148,3.1011,1.1442,0.7507,-0.8635,3
2026-03-21T17:24:30.675616,2,1.0532,0.1568,1.0532,2.9458,0.7541,0.7456,-0.1129,73
2026-03-21T17:24:30.675616,3,0.1723,0.1723,0.0873,1.9029,0.5860,0.4693,0.3510,15
2026-03-21T17:24:30.675616,4,0.1368,0.1368,0.1004,1.9226,0.3850,0.1772,0.3417,22
2026-03-21T17:24:30.675616,5,0.0668,0.0428,0.0668,1.6364,0.6375,0.1374,0.6226,6
2026-03-21T17:24:30.675616,6,0.0649,0.0649,0.0343,1.9232,0.3218,-0.0140,0.3215,12
2026-03-21T17:24:30.675616,7,0.0560,0.0201,0.0560,1.7033,0.6258,-0.2935,0.5527,5
2026-03-21T17:24:30.744891,0,1.1947,1.1947,0.0298,3.1123,0.8800,0.1387,-0.8690,69
2026-03-21T17:24:30.744891,1,1.0022,0.1261,1.0022,2.8950,0.7545,0.7475,-0.1025,70
2026-03-21T17:24:30.744891,2,0.1597,0.1597,0.0706,1.9042,0.5673,0.4483,0.3477,15
2026-03-21T17:24:30.744891,3,0.1550,0.1550,0.1151,1.9229,0.3886,0.1796,0.3446,22
2026-03-21T17:24:30.744891,4,0.0659,0.0436,0.0659,1.6297,0.6440,0.1388,0.6289,6
2026-03-21T17:24:30.744891,5,0.0673,0.0673,0.0407,1.9176,0.3257,-0.0142,0.3254,12
2026-03-21T17:24:30.744891,6,0.0785,0.0186,0.0785,1.7024,0.6304,-0.2955,0.5569,5
2026-03-21T17:24:30.814810,0,1.1969,1.1969,0.0242,3.1128,0.8796,0.1390,-0.8686,69
2026-03-21T17:24:30.814810,1,1.0561,0.1531,1.0561,2.9444,0.7545,0.7460,-0.1129,73
2026-03-21T17:24:30.814810,2,0.2170,0.2170,0.0912,1.9053,0.5529,0.4273,0.3508,18
2026-03-21T17:24:30.814810,3,0.1522,0.1522,0.1296,1.9154,0.3945,0.1826,0.3497,22
2026-03-21T17:24:30.814810,4,0.0644,0.0416,0.0644,1.6460,0.6394,0.1488,0.6218,6
2026-03-21T17:24:30.814810,5,0.0870,0.0756,0.0870,1.9194,0.3328,-0.0110,0.3326,13
2026-03-21T17:24:30.884251,0,1.1976,1.1976,0.0296,3.1174,0.8800,0.1388,-0.8690,69
2026-03-21T17:24:30.884251,1,1.0060,0.1447,1.0060,2.8957,0.7510,0.7448,-0.0957,71
2026-03-21T17:24:30.884251,2,0.2536,0.2536,0.0705,1.9081,0.5347,0.4079,0.3457,20
2026-03-21T17:24:30.884251,3,0.1362,0.1362,0.0734,1.9007,0.3976,0.1842,0.3523,20
2026-03-21T17:24:30.884251,4,0.0488,0.0471,0.0488,1.6278,0.6469,0.1506,0.6291,6
2026-03-21T17:24:30.884251,5,0.0647,0.0647,0.0307,1.9186,0.3268,-0.0142,0.3265,12
2026-03-21T17:24:30.953555,0,1.1916,1.1916,0.0292,3.1147,0.8802,0.1392,-0.8692,69
2026-03-21T17:24:30.953555,1,0.0973,0.0074,0.0973,3.0222,1.0667,0.7669,-0.7414,5
2026-03-21T17:24:30.953555,2,1.0038,0.1458,1.0038,2.8944,0.7510,0.7449,-0.0961,71
2026-03-21T17:24:30.953555,3,0.3994,0.3994,0.0907,1.9065,0.4571,0.2914,0.3522,41
2026-03-21T17:24:30.953555,4,0.0739,0.0424,0.0739,1.6182,0.6592,0.1533,0.6411,6
2026-03-21T17:24:30.953555,5,0.0664,0.0664,0.0415,1.9144,0.3326,-0.0144,0.3323,12
2026-03-21T17:24:31.023337,0,1.1896,1.1896,0.0267,3.1115,0.8801,0.1391,-0.8691,69
2026-03-21T17:24:31.023337,1,0.9849,0.1678,0.9849,2.8707,0.7475,0.7430,-0.0818,71
2026-03-21T17:24:31.023337,2,0.3988,0.3988,0.0978,1.9080,0.4579,0.2913,0.3533,41
2026-03-21T17:24:31.023337,3,0.0954,0.0380,0.0954,1.6201,0.6659,0.1547,0.6476,6
2026-03-21T17:24:31.023337,4,0.0683,0.0683,0.0487,1.9106,0.3348,-0.0145,0.3345,12
2026-03-21T17:24:31.093234,0,1.1250,1.1250,0.0243,3.1137,0.8763,0.1111,-0.8692,66
2026-03-21T17:24:31.093234,1,1.0117,0.1595,1.0117,2.8950,0.7485,0.7432,-0.0893,72
2026-03-21T17:24:31.093234,2,0.4002,0.4002,0.1117,1.9037,0.4624,0.2938,0.3571,41
2026-03-21T17:24:31.093234,3,0.0760,0.0384,0.0760,1.6472,0.6519,0.1627,0.6313,6
2026-03-21T17:24:31.093234,4,0.0591,0.0591,0.0152,1.9072,0.3323,-0.0175,0.3318,11
2026-03-21T17:24:31.163188,0,1.1943,1.1943,0.0279,3.1134,0.8800,0.1387,-0.8690,69
2026-03-21T17:24:31.163188,1,1.0131,0.1559,1.0131,2.8950,0.7485,0.7431,-0.0898,72
2026-03-21T17:24:31.163188,2,0.4076,0.4076,0.1106,1.9007,0.4657,0.2958,0.3597,41
2026-03-21T17:24:31.163188,3,0.0731,0.0395,0.0731,1.6433,0.6567,0.1639,0.6359,6
2026-03-21T17:24:31.163188,4,0.0595,0.0595,0.0300,1.9096,0.3355,-0.0174,0.3350,11
2026-03-21T17:24:31.233339,0,1.1938,1.1938,0.0269,3.1124,0.8789,0.1386,-0.8679,69
2026-03-21T17:24:31.233339,1,1.0139,0.1616,1.0139,2.8963,0.7488,0.7434,-0.0898,72
2026-03-21T17:24:31.233339,2,0.4335,0.4335,0.1213,1.9010,0.4706,0.3030,0.3601,42
2026-03-21T17:24:31.233339,3,0.0697,0.0430,0.0697,1.6395,0.6600,0.1648,0.6391,6
2026-03-21T17:24:31.233339,4,0.0609,0.0609,0.0588,1.9105,0.3386,-0.0175,0.3382,11
2026-03-21T17:24:31.302387,0,1.0986,1.0986,0.0255,3.1168,0.8753,0.1020,-0.8693,65
2026-03-21T17:24:31.302387,1,1.0874,0.1833,1.0874,2.9674,0.7498,0.7419,-0.1086,76
2026-03-21T17:24:31.302387,2,0.4004,0.4004,0.1126,1.8949,0.4696,0.3011,0.3604,40
2026-03-21T17:24:31.302387,3,0.0802,0.0427,0.0802,1.5917,0.6867,0.1713,0.6650,6
2026-03-21T17:24:31.302387,4,0.0531,0.0531,0.0220,1.9085,0.3352,-0.0206,0.3345,10
2026-03-21T17:24:31.372131,0,1.1233,1.1233,0.0178,3.1109,0.8762,0.1113,-0.8691,66
2026-03-21T17:24:31.372131,1,1.0419,0.1764,1.0419,2.9183,0.7471,0.7415,-0.0916,74
2026-03-21T17:24:31.372131,2,0.3995,0.3995,0.0975,1.8920,0.4747,0.3076,0.3615,39
2026-03-21T17:24:31.372131,3,0.0496,0.0496,0.0428,1.6000,0.6792,0.1812,0.6546,6
2026-03-21T17:24:31.372131,4,0.0682,0.0682,0.0646,1.9069,0.3464,-0.0245,0.3456,11
2026-03-21T17:24:31.442536,0,1.1871,1.1871,0.0373,3.1154,0.8797,0.1388,-0.8687,69
2026-03-21T17:24:31.442536,1,1.1032,0.2381,1.1032,2.9715,0.7409,0.7353,-0.0903,79
2026-03-21T17:24:31.442536,2,0.3405,0.3405,0.0957,1.8893,0.4702,0.2959,0.3654,35
2026-03-21T17:24:31.442536,3,0.0610,0.0597,0.0610,1.5831,0.6911,0.1901,0.6645,7
2026-03-21T17:24:31.442536,4,0.0623,0.0623,0.0548,1.8982,0.3465,-0.0239,0.3456,11
2026-03-21T17:24:31.511880,0,1.1240,1.1240,0.0226,3.1154,0.8761,0.1113,-0.8690,66
2026-03-21T17:24:31.511880,1,0.0445,0.0445,0.0148,3.1041,1.1462,0.7521,-0.8650,3
2026-03-21T17:24:31.511880,2,1.0985,0.2172,1.0985,2.9403,0.7409,0.7365,-0.0810,78
2026-03-21T17:24:31.511880,3,0.3249,0.3249,0.0903,1.8804,0.4815,0.3023,0.3748,33
2026-03-21T17:24:31.511880,4,0.0729,0.0729,0.0163,1.5706,0.6986,0.2043,0.6680,7
2026-03-21T17:24:31.511880,5,0.0551,0.0551,0.0368,1.9032,0.3477,-0.0272,0.3466,10
2026-03-21T17:24:31.581493,0,1.1229,1.1229,0.0215,3.1137,0.8759,0.1112,-0.8689,66
2026-03-21T17:24:31.581493,1,1.0961,0.1279,1.0961,2.9417,0.7497,0.7431,-0.0992,75
2026-03-21T17:24:31.581493,2,0.2760,0.2760,0.0620,1.8585,0.5000,0.3119,0.3907,27
2026-03-21T17:24:31.581493,3,0.1068,0.1068,0.0159,1.5572,0.7246,0.2364,0.6849,9
2026-03-21T17:24:31.581493,4,0.0612,0.0532,0.0612,1.8966,0.3535,-0.0273,0.3525,10
2026-03-21T17:24:31.651475,0,1.1237,1.1237,0.0201,3.1144,0.8766,0.1115,-0.8695,66
2026-03-21T17:24:31.651475,1,0.0458,0.0458,0.0088,3.0973,1.1419,0.7492,-0.8617,3
2026-03-21T17:24:31.651475,2,1.0341,0.1245,1.0341,2.8970,0.7498,0.7444,-0.0895,72
2026-03-21T17:24:31.651475,3,0.2280,0.0614,0.2280,1.7703,0.9392,0.7336,0.5864,14
2026-03-21T17:24:31.651475,4,0.0606,0.0606,0.0365,1.8897,0.3541,-0.0342,0.3525,10
2026-03-21T17:24:31.720550,0,1.1011,1.1011,0.0210,3.1123,0.8755,0.1020,-0.8696,65
2026-03-21T17:24:31.720550,1,0.0684,0.0684,0.0454,3.1049,1.1357,0.7452,-0.8570,5
2026-03-21T17:24:31.720550,2,1.0129,0.1212,1.0129,2.8713,0.7484,0.7439,-0.0813,71
2026-03-21T17:24:31.720550,3,0.2256,0.0615,0.2256,1.7671,0.9413,0.7353,0.5877,14
2026-03-21T17:24:31.720550,4,0.0558,0.0558,0.0349,1.8853,0.3575,-0.0342,0.3559,10
2026-03-21T17:24:31.791165,0,1.1971,1.1971,0.0257,3.1119,0.8798,0.1389,-0.8688,69
2026-03-21T17:24:31.791165,1,1.1210,0.1175,1.1210,2.9694,0.7539,0.7452,-0.1145,75
2026-03-21T17:24:31.791165,2,0.2531,0.0636,0.2531,1.7890,0.9372,0.7368,0.5791,15
2026-03-21T17:24:31.791165,3,0.0483,0.0483,0.0211,1.8858,0.3594,-0.0375,0.3575,9
2026-03-21T17:24:31.860252,0,1.1018,1.1018,0.0199,3.1129,0.8751,0.1020,-0.8691,65
2026-03-21T17:24:31.860252,1,1.1221,0.1180,1.1221,2.9715,0.7535,0.7447,-0.1145,75
2026-03-21T17:24:31.860252,2,0.2510,0.0620,0.2510,1.7869,0.9358,0.7357,0.5783,15
2026-03-21T17:24:31.860252,3,0.0655,0.0655,0.0543,1.8813,0.3676,-0.0419,0.3652,10
2026-03-21T17:24:31.929852,0,1.1936,1.1936,0.0597,3.1134,0.8807,0.1477,-0.8683,70
2026-03-21T17:24:31.929852,1,1.0792,0.1200,1.0792,2.9216,0.7503,0.7439,-0.0978,73
2026-03-21T17:24:31.929852,2,0.2434,0.0613,0.2434,1.7864,0.9360,0.7360,0.5784,15
2026-03-21T17:24:31.929852,3,0.0634,0.0634,0.0395,1.8744,0.3727,-0.0424,0.3703,10
2026-03-21T17:24:31.999636,0,1.1246,1.1246,0.0217,3.1148,0.8761,0.1111,-0.8690,66
2026-03-21T17:24:31.999636,1,1.0709,0.1317,1.0709,2.9243,0.7498,0.7433,-0.0983,73
2026-03-21T17:24:31.999636,2,0.2480,0.0580,0.2480,1.7874,0.9368,0.7364,0.5790,15
2026-03-21T17:24:31.999636,3,0.0503,0.0503,0.0150,1.8749,0.3661,-0.0446,0.3633,9
2026-03-21T17:24:32.069042,0,1.1240,1.1240,0.0188,3.1110,0.8765,0.1112,-0.8694,66
2026-03-21T17:24:32.069042,1,1.0114,0.1285,1.0114,2.8713,0.7468,0.7423,-0.0821,71
2026-03-21T17:24:32.069042,2,0.2270,0.0604,0.2270,1.7650,0.9403,0.7345,0.5872,14
2026-03-21T17:24:32.069042,3,0.0502,0.0502,0.0195,1.8734,0.3703,-0.0450,0.3675,9
2026-03-21T17:24:32.138650,0,1.1225,1.1225,0.0229,3.1144,0.8758,0.1111,-0.8687,66
2026-03-21T17:24:32.138650,1,1.0599,0.1307,1.0599,2.9203,0.7494,0.7429,-0.0986,73
2026-03-21T17:24:32.138650,2,0.2279,0.0612,0.2279,1.7666,0.9406,0.7348,0.5873,14
2026-03-21T17:24:32.138650,3,0.0506,0.0506,0.0262,1.8701,0.3731,-0.0453,0.3703,9
2026-03-21T17:24:32.208678,0,1.0788,1.0788,0.0230,3.1134,0.8733,0.0929,-0.8683,64
2026-03-21T17:24:32.208678,1,0.0929,0.0929,0.0440,3.1036,1.1300,0.7342,-0.8590,6
2026-03-21T17:24:32.208678,2,1.0572,0.1267,1.0572,2.9196,0.7494,0.7429,-0.0985,73
2026-03-21T17:24:32.208678,3,0.1955,0.0640,0.1955,1.7645,0.9364,0.7367,0.5780,13
2026-03-21T17:24:32.208678,4,0.0484,0.0484,0.0341,1.8790,0.3735,-0.0453,0.3708,9
2026-03-21T17:24:32.277614,0,1.0993,1.0993,0.0221,3.1137,0.8747,0.1024,-0.8687,65
2026-03-21T17:24:32.277614,1,1.0574,0.1178,1.0574,2.9163,0.7501,0.7437,-0.0980,73
2026-03-21T17:24:32.277614,2,0.1940,0.0725,0.1940,1.7693,0.9347,0.7355,0.5769,13
2026-03-21T17:24:32.277614,3,0.0502,0.0502,0.0313,1.8672,0.3749,-0.0455,0.3722,9
2026-03-21T17:24:32.348158,0,1.1941,1.1941,0.0271,3.1134,0.8800,0.1389,-0.8690,69
2026-03-21T17:24:32.348158,1,1.0203,0.0214,1.0203,2.9196,0.7646,0.7522,-0.1370,67
2026-03-21T17:24:32.348158,2,0.0579,0.0335,0.0579,1.9078,0.7607,0.6747,0.3513,6
2026-03-21T17:24:32.348158,3,0.1845,0.0745,0.1845,1.7640,0.9326,0.7339,0.5754,13
2026-03-21T17:24:32.348158,4,0.0505,0.0505,0.0283,1.8663,0.3777,-0.0458,0.3749,9
2026-03-21T17:24:32.417408,0,1.0999,1.0999,0.0215,3.1128,0.8746,0.1021,-0.8686,65
2026-03-21T17:24:32.417408,1,1.3121,0.0937,1.3121,2.8937,0.7488,0.7485,0.0211,86
2026-03-21T17:24:32.417408,2,0.0509,0.0509,0.0330,1.8710,0.3761,-0.0457,0.3733,9
2026-03-21T17:24:32.486992,0,1.1261,1.1261,0.0244,3.1147,0.8763,0.1115,-0.8692,66
2026-03-21T17:24:32.486992,1,1.3601,0.0924,1.3601,2.9444,0.7488,0.7487,0.0043,88
2026-03-21T17:24:32.486992,2,0.0513,0.0513,0.0255,1.8644,0.3773,-0.0459,0.3745,9
2026-03-21T17:24:32.556155,0,1.1295,1.1295,0.0203,3.1144,0.8770,0.1116,-0.8699,66
2026-03-21T17:24:32.556155,1,0.0450,0.0450,0.0148,3.1003,1.1409,0.7486,-0.8609,3
2026-03-21T17:24:32.556155,2,1.3389,0.0876,1.3389,2.9176,0.7484,0.7483,0.0127,87
2026-03-21T17:24:32.556155,3,0.0506,0.0506,0.0350,1.8749,0.3737,-0.0454,0.3710,9
2026-03-21T17:24:32.626136,0,1.1272,1.1272,0.0205,3.1118,0.8764,0.1113,-0.8693,66
2026-03-21T17:24:32.626136,1,0.0411,0.0411,0.0140,3.0988,1.1416,0.7490,-0.8615,3
2026-03-21T17:24:32.626136,2,0.0484,0.0069,0.0484,3.0523,1.1052,0.7676,-0.7952,3
2026-03-21T17:24:32.626136,3,1.3657,0.0864,1.3657,2.9417,0.7497,0.7497,0.0045,88
2026-03-21T17:24:32.626136,4,0.0523,0.0523,0.0232,1.8731,0.3743,-0.0456,0.3715,9
2026-03-21T17:24:32.695799,0,1.1971,1.1971,0.0255,3.1118,0.8797,0.1390,-0.8687,69
2026-03-21T17:24:32.695799,1,1.3744,0.0900,1.3744,2.9216,0.7486,0.7483,0.0200,88
2026-03-21T17:24:32.695799,2,0.0528,0.0528,0.0242,1.8701,0.3744,-0.0457,0.3716,9
2026-03-21T17:24:32.766720,0,1.1263,1.1263,0.0224,3.1113,0.8762,0.1110,-0.8692,64
2026-03-21T17:24:32.766720,1,1.3197,0.0857,1.3197,2.8957,0.7501,0.7498,0.0207,86
2026-03-21T17:24:32.766720,2,0.0521,0.0521,0.0131,1.8640,0.3763,-0.0459,0.3735,9
2026-03-21T17:24:32.835459,0,1.1194,1.1194,0.0233,3.1148,0.8763,0.1113,-0.8692,66
2026-03-21T17:24:32.835459,1,0.0412,0.0412,0.0133,3.0996,1.1432,0.7501,-0.8627,3
2026-03-21T17:24:32.835459,2,1.3513,0.0897,1.3513,2.8957,0.7482,0.7477,0.0281,87
2026-03-21T17:24:32.835459,3,0.0507,0.0507,0.0282,1.8691,0.3723,-0.0453,0.3695,9
2026-03-21T17:24:32.905819,0,1.1983,1.1983,0.0539,3.1134,0.8799,0.1478,-0.8674,70
2026-03-21T17:24:32.905819,1,1.3030,0.0792,1.3030,2.8963,0.7494,0.7493,0.0126,85
2026-03-21T17:24:32.905819,2,0.0524,0.0524,0.0279,1.8729,0.3757,-0.0457,0.3729,9
2026-03-21T17:24:32.974986,0,1.0752,1.0752,0.0232,3.1154,0.8751,0.0931,-0.8701,64
2026-03-21T17:24:32.974986,1,0.0646,0.0646,0.0461,3.1013,1.1335,0.7437,-0.8554,5
2026-03-21T17:24:32.974986,2,1.3547,0.0809,1.3547,2.9223,0.7481,0.7480,0.0120,87
2026-03-21T17:24:32.974986,3,0.0525,0.0525,0.0220,1.8719,0.3743,-0.0456,0.3715,9
2026-03-21T17:24:33.044846,0,1.1280,1.1280,0.0180,3.1128,0.8770,0.1115,-0.8698,66
2026-03-21T17:24:33.044846,1,0.0430,0.0430,0.0178,3.1018,1.1412,0.7488,-0.8612,3
2026-03-21T17:24:33.044846,2,1.3316,0.0785,1.3316,2.8950,0.7483,0.7480,0.0202,86
2026-03-21T17:24:33.044846,3,0.0514,0.0514,0.0280,1.8680,0.3764,-0.0458,0.3736,9
2026-03-21T17:24:33.113986,0,1.1274,1.1274,0.0252,3.1147,0.8757,0.1112,-0.8686,66
2026-03-21T17:24:33.113986,1,1.3733,0.0863,1.3733,2.9451,0.7484,0.7484,0.0035,88
2026-03-21T17:24:33.113986,2,0.0492,0.0492,0.0362,1.8722,0.3766,-0.0456,0.3738,9
2026-03-21T17:24:33.184555,0,1.1943,1.1943,0.0257,3.1128,0.8802,0.1390,-0.8692,69
2026-03-21T17:24:33.184555,1,1.2687,0.0230,1.2687,2.8957,0.7520,0.7518,-0.0178,81
2026-03-21T17:24:33.184555,2,0.0578,0.0417,0.0578,1.6282,0.9369,0.6962,0.6270,5
2026-03-21T17:24:33.184555,3,0.0506,0.0506,0.0240,1.8680,0.3742,-0.0455,0.3714,9
2026-03-21T17:24:33.253360,0,1.1289,1.1289,0.0227,3.1128,0.8765,0.1113,-0.8694,66
2026-03-21T17:24:33.253360,1,0.0986,0.0052,0.0986,3.0222,1.0649,0.7656,-0.7402,5
2026-03-21T17:24:33.253360,2,0.0446,0.0025,0.0446,2.8944,0.9939,0.7613,-0.6390,3
2026-03-21T17:24:33.253360,3,1.2768,0.0665,1.2768,2.8278,0.7496,0.7482,0.0446,83
2026-03-21T17:24:33.253360,4,0.0563,0.0563,0.0297,1.8694,0.3766,-0.0461,0.3738,9
2026-03-21T17:24:33.323882,0,1.1010,1.1010,0.0259,3.1128,0.8755,0.1021,-0.8696,65
2026-03-21T17:24:33.323882,1,1.3865,0.0235,1.3865,2.9444,0.7513,0.7512,-0.0102,86
2026-03-21T17:24:33.323882,2,0.0557,0.0557,0.0302,1.8720,0.3742,-0.0457,0.3714,9
2026-03-21T17:24:33.393110,0,1.1947,1.1947,0.0253,3.1109,0.8795,0.1390,-0.8685,69
2026-03-21T17:24:33.393110,1,1.3338,0.0199,1.3338,2.8937,0.7506,0.7506,0.0066,84
2026-03-21T17:24:33.393110,2,0.0621,0.0621,0.0554,1.8761,0.3767,-0.0426,0.3743,10
2026-03-21T17:24:33.462419,0,1.1259,1.1259,0.0242,3.1148,0.8763,0.1115,-0.8691,66
2026-03-21T17:24:33.462419,1,1.4368,0.0276,1.4368,2.9708,0.7518,0.7517,-0.0105,88
2026-03-21T17:24:33.462419,2,0.0648,0.0648,0.0568,1.8838,0.3736,-0.0423,0.3712,10
2026-03-21T17:24:33.532588,0,1.0735,1.0735,0.0240,3.1137,0.8741,0.0931,-0.8691,64
2026-03-21T17:24:33.532588,1,0.0923,0.0923,0.0122,3.0992,1.1277,0.7252,-0.8635,5
2026-03-21T17:24:33.532588,2,1.3577,0.0224,1.3577,2.9176,0.7517,0.7517,-0.0019,85
2026-03-21T17:24:33.532588,3,0.0504,0.0504,0.0243,1.8749,0.3663,-0.0382,0.3643,9
2026-03-21T17:24:33.601118,0,1.1256,1.1256,0.0213,3.1138,0.8764,0.1113,-0.8693,66
2026-03-21T17:24:33.601118,1,1.4111,0.0229,1.4111,2.9458,0.7513,0.7513,-0.0018,87
2026-03-21T17:24:33.601118,2,0.0511,0.0511,0.0231,1.8748,0.3665,-0.0382,0.3645,9
2026-03-21T17:24:33.671919,0,1.1237,1.1237,0.0239,3.1137,0.8763,0.1114,-0.8692,66
2026-03-21T17:24:33.671919,1,1.3318,0.0264,1.3318,2.8917,0.7513,0.7513,0.0060,84
2026-03-21T17:24:33.671919,2,0.0488,0.0488,0.0272,1.8808,0.3629,-0.0378,0.3609,9
2026-03-21T17:24:33.740935,0,1.1938,1.1938,0.0562,3.1128,0.8803,0.1478,-0.8678,70
2026-03-21T17:24:33.740935,1,1.3344,0.0234,1.3344,2.8944,0.7507,0.7507,0.0061,84
2026-03-21T17:24:33.740935,2,0.0643,0.0643,0.0460,1.8789,0.3665,-0.0417,0.3641,10
2026-03-21T17:24:33.811370,0,1.0770,1.0770,0.0224,3.1154,0.8748,0.0932,-0.8698,64
2026-03-21T17:24:33.811370,1,0.0891,0.0891,0.0160,3.1016,1.1283,0.7256,-0.8640,5
2026-03-21T17:24:33.811370,2,1.3838,0.0289,1.3838,2.9417,0.7519,0.7518,-0.0105,86
2026-03-21T17:24:33.811370,3,0.0644,0.0644,0.0470,1.8799,0.3674,-0.0419,0.3650,10
2026-03-21T17:24:33.881124,0,1.2003,1.2003,0.0243,3.1139,0.8795,0.1387,-0.8685,69
2026-03-21T17:24:33.881124,1,1.2904,0.0253,1.2904,2.8733,0.7509,0.7509,0.0061,82
2026-03-21T17:24:33.881124,2,0.0550,0.0550,0.0386,1.8912,0.3565,-0.0403,0.3543,10
2026-03-21T17:24:33.950537,0,1.1432,1.1432,0.0271,3.1167,0.8773,0.1202,-0.8691,67
2026-03-21T17:24:33.950537,1,1.3862,0.0242,1.3862,2.9209,0.7512,0.7511,0.0063,86
2026-03-21T17:24:33.950537,2,0.0660,0.0521,0.0660,1.8956,0.3544,-0.0395,0.3522,10
2026-03-21T17:24:34.020155,0,1.1934,1.1934,0.0279,3.1119,0.8799,0.1391,-0.8689,69
2026-03-21T17:24:34.020155,1,1.3838,0.0247,1.3838,2.9451,0.7518,0.7517,-0.0103,86
2026-03-21T17:24:34.020155,2,0.0700,0.0684,0.0700,1.8967,0.3566,-0.0433,0.3540,11
2026-03-21T17:24:34.090748,0,1.1217,1.1217,0.0228,3.1147,0.8758,0.1110,-0.8687,66
2026-03-21T17:24:34.090748,1,1.4354,0.0317,1.4354,2.9681,0.7514,0.7514,-0.0103,88
2026-03-21T17:24:34.090748,2,0.0522,0.0522,0.0486,1.8952,0.3484,-0.0391,0.3462,10
2026-03-21T17:24:34.159669,0,1.0992,1.0992,0.0231,3.1144,0.8752,0.1021,-0.8692,65
2026-03-21T17:24:34.159669,1,1.3103,0.0249,1.3103,2.8668,0.7507,0.7505,0.0142,83
2026-03-21T17:24:34.159669,2,0.0500,0.0500,0.0465,1.5925,0.7024,0.2517,0.6557,5
2026-03-21T17:24:34.159669,3,0.0525,0.0525,0.0393,1.9019,0.3467,-0.0389,0.3445,10
2026-03-21T17:24:34.228933,0,1.1169,1.1169,0.0219,3.1138,0.8753,0.1111,-0.8682,66
2026-03-21T17:24:34.228933,1,1.3629,0.0220,1.3629,2.8701,0.7523,0.7517,0.0311,85
2026-03-21T17:24:34.228933,2,0.1013,0.1013,0.0438,1.6218,0.6765,0.2539,0.6271,9
2026-03-21T17:24:34.228933,3,0.0542,0.0542,0.0216,1.9002,0.3458,-0.0392,0.3435,10
2026-03-21T17:24:34.299425,0,1.1903,1.1903,0.0273,3.1128,0.8796,0.1392,-0.8685,69
2026-03-21T17:24:34.299425,1,1.3369,0.0333,1.3369,2.9465,0.7516,0.7511,-0.0265,84
2026-03-21T17:24:34.299425,2,0.1341,0.1341,0.0388,1.6288,0.6678,0.2511,0.6188,11
2026-03-21T17:24:34.299425,3,0.0536,0.0536,0.0399,1.9055,0.3403,-0.0384,0.3381,10
2026-03-21T17:24:34.367926,0,1.1932,1.1932,0.0285,3.1147,0.8798,0.1393,-0.8687,69
2026-03-21T17:24:34.367926,1,1.3856,0.0201,1.3856,2.9189,0.7511,0.7511,0.0067,86
2026-03-21T17:24:34.367926,2,0.1667,0.1667,0.0562,1.6334,0.6680,0.2519,0.6187,13
2026-03-21T17:24:34.367926,3,0.0605,0.0605,0.0532,1.9046,0.3434,-0.0357,0.3415,11
2026-03-21T17:24:34.438770,0,1.1978,1.1978,0.0263,3.1138,0.8798,0.1390,-0.8687,69
2026-03-21T17:24:34.438770,1,1.3656,0.0252,1.3656,2.9485,0.7526,0.7523,-0.0182,85
2026-03-21T17:24:34.438770,2,0.0820,0.0820,0.0652,1.9153,0.4046,0.2264,0.3353,13
2026-03-21T17:24:34.438770,3,0.1362,0.1362,0.0779,1.6331,0.6596,0.2260,0.6196,13
2026-03-21T17:24:34.438770,4,0.0508,0.0508,0.0369,1.9084,0.3365,-0.0320,0.3349,10
2026-03-21T17:24:34.508333,0,1.1010,1.1010,0.0202,3.1124,0.8747,0.1024,-0.8687,65
2026-03-21T17:24:34.508333,1,0.0662,0.0662,0.0460,3.1019,1.1331,0.7434,-0.8551,5
2026-03-21T17:24:34.508333,2,1.3865,0.0273,1.3865,2.9437,0.7517,0.7516,-0.0102,86
2026-03-21T17:24:34.508333,3,0.1369,0.1369,0.0809,1.9214,0.4021,0.2284,0.3309,18
2026-03-21T17:24:34.508333,4,0.1131,0.1131,0.0360,1.6338,0.6484,0.2113,0.6130,11
2026-03-21T17:24:34.508333,5,0.0510,0.0510,0.0402,1.9136,0.3326,-0.0316,0.3311,10
2026-03-21T17:24:34.577460,0,1.0984,1.0984,0.0179,3.1108,0.8749,0.1021,-0.8690,65
2026-03-21T17:24:34.577460,1,0.0948,0.0054,0.0948,2.9681,1.0283,0.7638,-0.6885,5
2026-03-21T17:24:34.577460,2,1.2441,0.0248,1.2441,2.8510,0.7514,0.7513,0.0063,80
2026-03-21T17:24:34.577460,3,0.1615,0.1615,0.0953,1.9298,0.4006,0.2308,0.3274,21
2026-03-21T17:24:34.577460,4,0.1079,0.1079,0.0391,1.6331,0.6449,0.1992,0.6134,11
2026-03-21T17:24:34.577460,5,0.0527,0.0527,0.0312,1.9086,0.3338,-0.0320,0.3322,10
2026-03-21T17:24:34.647749,0,1.1246,1.1246,0.0227,3.1148,0.8757,0.1112,-0.8686,66
2026-03-21T17:24:34.647749,1,1.3321,0.0266,1.3321,2.9176,0.7517,0.7516,-0.0100,84
2026-03-21T17:24:34.647749,2,0.1806,0.1806,0.1020,1.9306,0.4024,0.2352,0.3265,24
2026-03-21T17:24:34.647749,3,0.1044,0.1007,0.1044,1.6737,0.6395,0.1917,0.6101,12
2026-03-21T17:24:34.647749,4,0.0554,0.0554,0.0337,1.9092,0.3376,-0.0324,0.3360,10
2026-03-21T17:24:34.717456,0,1.0980,1.0980,0.0257,3.1144,0.8751,0.1020,-0.8691,65
2026-03-21T17:24:34.717456,1,0.0702,0.0454,0.0702,3.1011,1.1313,0.7568,-0.8408,5
2026-03-21T17:24:34.717456,2,1.3715,0.0400,1.3715,2.9708,0.7521,0.7516,-0.0270,86
2026-03-21T17:24:34.717456,3,0.2019,0.2019,0.0782,1.9268,0.4014,0.2354,0.3251,26
2026-03-21T17:24:34.717456,4,0.0888,0.0888,0.0523,1.6489,0.6330,0.1794,0.6070,10
2026-03-21T17:24:34.717456,5,0.0537,0.0537,0.0515,1.8959,0.3481,-0.0269,0.3470,10
2026-03-21T17:24:34.786726,0,1.0997,1.0997,0.0238,3.1123,0.8748,0.1020,-0.8688,65
2026-03-21T17:24:34.786726,1,1.3375,0.0222,1.3375,2.9451,0.7528,0.7523,-0.0263,84
2026-03-21T17:24:34.786726,2,0.2171,0.2171,0.0717,1.9226,0.3959,0.2244,0.3262,29
2026-03-21T17:24:34.786726,3,0.0865,0.0595,0.0865,1.6475,0.6396,0.1594,0.6194,8
2026-03-21T17:24:34.786726,4,0.0555,0.0555,0.0343,1.8987,0.3465,-0.0271,0.3454,10
2026-03-21T17:24:34.856612,0,1.1209,1.1209,0.0213,3.1109,0.8760,0.1105,-0.8690,64
2026-03-21T17:24:34.856612,1,1.2895,0.0279,1.2895,2.9203,0.7516,0.7512,-0.0258,82
2026-03-21T17:24:34.856612,2,0.2523,0.2523,0.0704,1.9199,0.3987,0.2268,0.3279,31
2026-03-21T17:24:34.856612,3,0.0663,0.0514,0.0663,1.6548,0.6350,0.1531,0.6163,7
2026-03-21T17:24:34.856612,4,0.0599,0.0599,0.0385,1.8926,0.3501,-0.0277,0.3491,10
2026-03-21T17:24:34.925404,0,1.1951,1.1951,0.0297,3.1137,0.8800,0.1390,-0.8689,69
2026-03-21T17:24:34.925404,1,1.2045,0.0407,1.2045,2.8944,0.7507,0.7496,-0.0408,78
2026-03-21T17:24:34.925404,2,0.2978,0.2978,0.0991,1.9240,0.4139,0.2453,0.3334,34
2026-03-21T17:24:34.925404,3,0.0733,0.0604,0.0733,1.6608,0.6337,0.1580,0.6137,8
2026-03-21T17:24:34.925404,4,0.0673,0.0547,0.0673,1.8937,0.3524,-0.0209,0.3518,10
2026-03-21T17:24:34.995218,0,1.1878,1.1878,0.0324,3.1128,0.8794,0.1392,-0.8684,69
2026-03-21T17:24:34.995218,1,1.1854,0.0438,1.1854,2.8917,0.7507,0.7495,-0.0412,78
2026-03-21T17:24:34.995218,2,0.2780,0.2780,0.0949,1.9186,0.4191,0.2511,0.3355,33
2026-03-21T17:24:34.995218,3,0.0992,0.0669,0.0992,1.6831,0.6335,0.1631,0.6121,9
2026-03-21T17:24:34.995218,4,0.0559,0.0559,0.0462,1.8907,0.3529,-0.0212,0.3523,10
2026-03-21T17:24:35.065151,0,1.1265,1.1265,0.0205,3.1138,0.8765,0.1114,-0.8694,66
2026-03-21T17:24:35.065151,1,0.0425,0.0425,0.0148,3.1018,1.1442,0.7508,-0.8635,3
2026-03-21T17:24:35.065151,2,1.1901,0.0448,1.1901,2.8977,0.7517,0.7501,-0.0488,77
2026-03-21T17:24:35.065151,3,0.2798,0.2798,0.0877,1.9221,0.4172,0.2471,0.3361,34
2026-03-21T17:24:35.065151,4,0.0580,0.0580,0.0509,1.6309,0.6466,0.1560,0.6275,7
2026-03-21T17:24:35.065151,5,0.0607,0.0607,0.0454,1.8926,0.3570,-0.0221,0.3564,10
2026-03-21T17:24:35.135146,0,1.1921,1.1921,0.0263,3.1118,0.8798,0.1392,-0.8687,69
2026-03-21T17:24:35.135146,1,1.2044,0.0420,1.2044,2.9183,0.7523,0.7501,-0.0569,78
2026-03-21T17:24:35.135146,2,0.2714,0.2714,0.0980,1.9238,0.4134,0.2447,0.3332,34
2026-03-21T17:24:35.135146,3,0.0582,0.0582,0.0480,1.6290,0.6473,0.1562,0.6282,7
2026-03-21T17:24:35.135146,4,0.0617,0.0617,0.0596,1.8989,0.3546,-0.0218,0.3540,10
2026-03-21T17:24:35.204274,0,1.1892,1.1892,0.0334,3.1167,0.8798,0.1390,-0.8688,69
2026-03-21T17:24:35.204274,1,1.1945,0.0431,1.1945,2.9203,0.7520,0.7499,-0.0569,78
2026-03-21T17:24:35.204274,2,0.2906,0.2906,0.0877,1.9226,0.4217,0.2559,0.3352,34
2026-03-21T17:24:35.204274,3,0.0822,0.0627,0.0822,1.6294,0.6562,0.1636,0.6355,8
2026-03-21T17:24:35.204274,4,0.0691,0.0691,0.0578,1.8924,0.3575,-0.0186,0.3570,11
2026-03-21T17:24:35.274897,0,1.1292,1.1292,0.0250,3.1157,0.8761,0.1111,-0.8691,66
2026-03-21T17:24:35.274897,1,1.1669,0.0538,1.1669,2.8944,0.7510,0.7494,-0.0490,77
2026-03-21T17:24:35.274897,2,0.2807,0.2807,0.0836,1.9239,0.4232,0.2596,0.3342,33
2026-03-21T17:24:35.274897,3,0.0829,0.0599,0.0829,1.6443,0.6515,0.1735,0.6279,8
2026-03-21T17:24:35.274897,4,0.0493,0.0493,0.0120,1.8905,0.3494,-0.0183,0.3489,9
2026-03-21T17:24:35.344444,0,1.1921,1.1921,0.0590,3.1128,0.8808,0.1479,-0.8683,70
2026-03-21T17:24:35.344444,1,1.1712,0.0422,1.1712,2.8937,0.7510,0.7494,-0.0488,77
2026-03-21T17:24:35.344444,2,0.2827,0.2827,0.0956,1.9172,0.4273,0.2622,0.3375,33
2026-03-21T17:24:35.344444,3,0.0680,0.0680,0.0572,1.6339,0.6511,0.1736,0.6275,8
2026-03-21T17:24:35.344444,4,0.0494,0.0494,0.0268,1.9022,0.3450,-0.0180,0.3445,9
2026-03-21T17:24:35.414825,0,1.2017,1.2017,0.0497,3.1115,0.8806,0.1480,-0.8680,70
2026-03-21T17:24:35.414825,1,1.2224,0.0421,1.2224,2.9437,0.7539,0.7510,-0.0656,79
2026-03-21T17:24:35.414825,2,0.2797,0.2797,0.0914,1.9178,0.4239,0.2601,0.3347,33
2026-03-21T17:24:35.414825,3,0.0700,0.0700,0.0486,1.6282,0.6494,0.1731,0.6258,8
2026-03-21T17:24:35.414825,4,0.0470,0.0470,0.0194,1.8999,0.3430,-0.0178,0.3425,9
2026-03-21T17:24:35.482822,0,1.0950,1.0950,0.0241,3.1118,0.8748,0.1021,-0.8688,65
2026-03-21T17:24:35.482822,1,1.2264,0.0448,1.2264,2.9437,0.7533,0.7504,-0.0654,79
2026-03-21T17:24:35.482822,2,0.2735,0.2735,0.1015,1.9241,0.4186,0.2566,0.3307,33
2026-03-21T17:24:35.482822,3,0.0705,0.0705,0.0476,1.6266,0.6515,0.1738,0.6279,8
2026-03-21T17:24:35.482822,4,0.0596,0.0596,0.0451,1.8973,0.3487,-0.0216,0.3480,10
2026-03-21T17:24:35.553907,0,1.1234,1.1234,0.0232,3.1164,0.8765,0.1114,-0.8694,66
2026-03-21T17:24:35.553907,1,1.1599,0.0397,1.1599,2.8733,0.7516,0.7505,-0.0407,76
2026-03-21T17:24:35.553907,2,0.2458,0.2458,0.1354,1.9253,0.4139,0.2497,0.3301,32
2026-03-21T17:24:35.553907,3,0.1113,0.0660,0.1113,1.6404,0.6560,0.1798,0.6309,9
2026-03-21T17:24:35.553907,4,0.0601,0.0601,0.0484,1.8966,0.3491,-0.0218,0.3485,10
2026-03-21T17:24:35.623478,0,1.0740,1.0740,0.0231,3.1124,0.8741,0.0929,-0.8691,64
2026-03-21T17:24:35.623478,1,1.2117,0.0595,1.2117,2.9216,0.7526,0.7509,-0.0497,79
2026-03-21T17:24:35.623478,2,0.2538,0.2538,0.1042,1.9296,0.4109,0.2510,0.3253,31
2026-03-21T17:24:35.623478,3,0.0675,0.0675,0.0533,1.6329,0.6510,0.1844,0.6243,8
2026-03-21T17:24:35.623478,4,0.0603,0.0603,0.0415,1.8897,0.3526,-0.0218,0.3520,10
2026-03-21T17:24:35.692536,0,1.0977,1.0977,0.0193,3.1134,0.8752,0.1023,-0.8692,65
2026-03-21T17:24:35.692536,1,1.0489,0.0425,1.0489,2.8707,0.7552,0.7504,-0.0851,70
2026-03-21T17:24:35.692536,2,0.1091,0.0058,0.1091,1.7984,0.8950,0.7503,0.4880,7
2026-03-21T17:24:35.692536,3,0.2323,0.2323,0.1094,1.9301,0.4073,0.2453,0.3252,30
2026-03-21T17:24:35.692536,4,0.0900,0.0693,0.0900,1.6433,0.6506,0.1895,0.6224,9
2026-03-21T17:24:35.692536,5,0.0611,0.0611,0.0534,1.8956,0.3495,-0.0216,0.3489,10
2026-03-21T17:24:35.762850,0,1.0789,1.0789,0.0250,3.1137,0.8747,0.0931,-0.8697,64
2026-03-21T17:24:35.762850,1,0.0665,0.0665,0.0445,3.1011,1.1343,0.7442,-0.8560,5
2026-03-21T17:24:35.762850,2,1.2936,0.0393,1.2936,2.9424,0.7518,0.7506,-0.0422,82
2026-03-21T17:24:35.762850,3,0.2291,0.2291,0.0836,1.9267,0.4038,0.2433,0.3222,28
2026-03-21T17:24:35.762850,4,0.0935,0.0703,0.0935,1.6321,0.6590,0.1920,0.6304,9
2026-03-21T17:24:35.762850,5,0.0605,0.0605,0.0524,1.8986,0.3534,-0.0219,0.3528,10
2026-03-21T17:24:35.832341,0,1.1229,1.1229,0.0241,3.1144,0.8767,0.1112,-0.8696,66
2026-03-21T17:24:35.832341,1,1.3993,0.0420,1.3993,2.9954,0.7515,0.7507,-0.0353,87
2026-03-21T17:24:35.832341,2,0.1847,0.1847,0.1039,1.9285,0.4001,0.2311,0.3266,25
2026-03-21T17:24:35.832341,3,0.0749,0.0749,0.0648,1.6529,0.6496,0.2004,0.6179,9
2026-03-21T17:24:35.832341,4,0.0617,0.0617,0.0510,1.8912,0.3581,-0.0222,0.3574,10
2026-03-21T17:24:35.900985,0,1.1956,1.1956,0.0279,3.1164,0.8800,0.1392,-0.8689,69
2026-03-21T17:24:35.900985,1,1.3391,0.0406,1.3391,2.8963,0.7511,0.7511,0.0059,84
2026-03-21T17:24:35.900985,2,0.1197,0.1197,0.0629,1.9201,0.3928,0.2177,0.3270,18
2026-03-21T17:24:35.900985,3,0.0867,0.0867,0.0309,1.6258,0.6539,0.2129,0.6183,9
2026-03-21T17:24:35.900985,4,0.0612,0.0612,0.0444,1.8879,0.3602,-0.0222,0.3595,10
2026-03-21T17:24:35.971317,0,1.0983,1.0983,0.0200,3.1118,0.8751,0.1022,-0.8691,65
2026-03-21T17:24:35.971317,1,1.3075,0.0419,1.3075,2.8931,0.7500,0.7500,-0.0023,83
2026-03-21T17:24:35.971317,2,0.0811,0.0811,0.0411,1.9053,0.4082,0.2198,0.3440,10
2026-03-21T17:24:35.971317,3,0.1313,0.1313,0.0599,1.6190,0.6738,0.2366,0.6309,12
2026-03-21T17:24:35.971317,4,0.0648,0.0581,0.0648,1.8843,0.3642,-0.0219,0.3636,10
2026-03-21T17:24:36.040279,0,1.1916,1.1916,0.0302,3.1128,0.8796,0.1390,-0.8686,69
2026-03-21T17:24:36.040279,1,1.3624,0.0381,1.3624,2.8937,0.7507,0.7506,0.0140,85
2026-03-21T17:24:36.040279,2,0.1146,0.1146,0.0498,1.6074,0.6876,0.2414,0.6439,10
2026-03-21T17:24:36.040279,3,0.0490,0.0490,0.0309,1.8873,0.3592,-0.0248,0.3583,9
2026-03-21T17:24:36.110872,0,1.1238,1.1238,0.0274,3.1177,0.8761,0.1113,-0.8690,66
2026-03-21T17:24:36.110872,1,1.4049,0.0450,1.4049,2.9169,0.7505,0.7504,0.0140,87
2026-03-21T17:24:36.110872,2,0.0524,0.0524,0.0428,1.8545,0.3929,-0.0378,0.3911,8
2026-03-21T17:24:36.180520,0,1.1007,1.1007,0.0195,3.1108,0.8753,0.1021,-0.8693,65
2026-03-21T17:24:36.180520,1,0.0677,0.0677,0.0416,3.0997,1.1319,0.7427,-0.8541,5
2026-03-21T17:24:36.180520,2,1.4111,0.0430,1.4111,2.9444,0.7508,0.7508,-0.0026,87
2026-03-21T17:24:36.180520,3,0.0482,0.0385,0.0482,1.7384,0.5218,-0.1037,0.5114,6
2026-03-21T17:24:36.249970,0,1.1242,1.1242,0.0219,3.1134,0.8761,0.1111,-0.8690,66
2026-03-21T17:24:36.249970,1,1.1266,0.0451,1.1266,2.9465,0.7593,0.7513,-0.1100,73
2026-03-21T17:24:36.249970,2,0.2927,0.0099,0.2927,1.7999,0.9406,0.7487,0.5694,15
2026-03-21T17:24:36.320111,0,1.1235,1.1235,0.0232,3.1138,0.8765,0.1113,-0.8694,66
2026-03-21T17:24:36.320111,1,1.3398,0.0392,1.3398,2.8957,0.7503,0.7503,0.0056,84
2026-03-21T17:24:36.389346,0,1.0995,1.0995,0.0200,3.1138,0.8750,0.1023,-0.8690,65
2026-03-21T17:24:36.389346,1,1.3824,0.0496,1.3824,2.9424,0.7504,0.7503,-0.0105,86
2026-03-21T17:24:36.459585,0,1.1280,1.1280,0.0235,3.1148,0.8768,0.1115,-0.8697,66
2026-03-21T17:24:36.459585,1,1.0990,0.0619,1.0990,2.9383,0.7582,0.7501,-0.1103,73
2026-03-21T17:24:36.459585,2,0.2718,0.0078,0.2718,1.8024,0.9339,0.7486,0.5584,14
2026-03-21T17:24:36.529499,0,1.1945,1.1945,0.0566,3.1118,0.8803,0.1480,-0.8678,70
2026-03-21T17:24:36.529499,1,1.0378,0.0787,1.0378,2.8707,0.7528,0.7486,-0.0791,71
2026-03-21T17:24:36.529499,2,0.2271,0.0074,0.2271,1.7864,0.9307,0.7467,0.5556,12
2026-03-21T17:24:36.598430,0,1.1280,1.1280,0.0247,3.1138,0.8760,0.1111,-0.8689,66
2026-03-21T17:24:36.598430,1,1.3630,0.0263,1.3630,2.8970,0.7508,0.7506,0.0144,85
2026-03-21T17:24:36.668365,0,1.1232,1.1232,0.0192,3.1124,0.8767,0.1114,-0.8696,66
2026-03-21T17:24:36.668365,1,0.0739,0.0414,0.0739,3.1026,1.1307,0.7564,-0.8404,5
2026-03-21T17:24:36.668365,2,1.3563,0.0249,1.3563,2.9156,0.7511,0.7511,-0.0018,85
2026-03-21T17:24:36.738006,0,1.0999,1.0999,0.0227,3.1157,0.8753,0.1023,-0.8693,65
2026-03-21T17:24:36.738006,1,0.0659,0.0659,0.0497,3.1005,1.1319,0.7426,-0.8542,5
2026-03-21T17:24:36.738006,2,1.4097,0.0217,1.4097,2.9451,0.7515,0.7515,-0.0017,87
2026-03-21T17:24:36.807446,0,1.1885,1.1885,0.0299,3.1124,0.8799,0.1391,-0.8688,69
2026-03-21T17:24:36.807446,1,1.4553,0.0233,1.4553,2.9687,0.7511,0.7511,-0.0021,89
2026-03-21T17:24:36.876413,0,1.1949,1.1949,0.0307,3.1155,0.8802,0.1390,-0.8692,69
2026-03-21T17:24:36.876413,1,1.3328,0.0248,1.3328,2.9196,0.7511,0.7510,-0.0101,84
2026-03-21T17:24:36.947694,0,1.1244,1.1244,0.0215,3.1128,0.8764,0.1114,-0.8693,66
2026-03-21T17:24:36.947694,1,1.3069,0.0227,1.3069,2.8944,0.7509,0.7509,-0.0018,83
2026-03-21T17:24:37.016340,0,1.1916,1.1916,0.0318,3.1144,0.8802,0.1387,-0.8692,69
2026-03-21T17:24:37.016340,1,1.4817,0.0259,1.4817,2.9674,0.7513,0.7513,0.0061,90
2026-03-21T17:24:37.087215,0,1.1003,1.1003,0.0187,3.1124,0.8747,0.1023,-0.8687,65
2026-03-21T17:24:37.087215,1,0.0643,0.0643,0.0453,3.1005,1.1309,0.7420,-0.8534,5
2026-03-21T17:24:37.087215,2,1.3838,0.0240,1.3838,2.9444,0.7518,0.7517,-0.0103,86
2026-03-21T17:24:37.156218,0,1.1929,1.1929,0.0303,3.1128,0.8800,0.1389,-0.8690,69
2026-03-21T17:24:37.156218,1,1.4375,0.0219,1.4375,2.9729,0.7519,0.7518,-0.0105,88
2026-03-21T17:24:37.226165,0,1.1248,1.1248,0.0232,3.1138,0.8770,0.1113,-0.8699,66
2026-03-21T17:24:37.226165,1,1.4115,0.0279,1.4115,2.9687,0.7521,0.7518,-0.0189,87
2026-03-21T17:24:37.226165,2,0.0961,0.0091,0.0961,1.5313,1.0605,0.7495,0.7503,5
2026-03-21T17:24:37.295850,0,1.1954,1.1954,0.0256,3.1118,0.8796,0.1391,-0.8685,69
2026-03-21T17:24:37.295850,1,1.4082,0.0224,1.4082,2.9209,0.7515,0.7514,0.0144,87
2026-03-21T17:24:37.365183,0,1.1233,1.1233,0.0211,3.1118,0.8759,0.1112,-0.8688,66
2026-03-21T17:24:37.365183,1,1.3140,0.0205,1.3140,2.8733,0.7512,0.7510,0.0143,83
2026-03-21T17:24:37.434662,0,1.0999,1.0999,0.0179,3.1116,0.8753,0.1025,-0.8693,65
2026-03-21T17:24:37.434662,1,0.0626,0.0626,0.0475,3.1013,1.1315,0.7424,-0.8539,5
2026-03-21T17:24:37.434662,2,1.3835,0.0242,1.3835,2.9203,0.7514,0.7513,0.0061,86
2026-03-21T17:24:37.504635,0,1.1263,1.1263,0.0224,3.1124,0.8764,0.1113,-0.8693,66
2026-03-21T17:24:37.504635,1,1.3332,0.0227,1.3332,2.8917,0.7513,0.7513,0.0062,84
2026-03-21T17:24:37.573826,0,1.1969,1.1969,0.0272,3.1157,0.8795,0.1390,-0.8684,69
2026-03-21T17:24:37.573826,1,1.3570,0.0265,1.3570,2.8924,0.7510,0.7508,0.0145,85
2026-03-21T17:24:37.643846,0,1.1894,1.1894,0.0270,3.1126,0.8794,0.1389,-0.8684,67
2026-03-21T17:24:37.643846,1,1.4310,0.0290,1.4310,2.9431,0.7513,0.7513,0.0060,88
2026-03-21T17:24:37.714027,0,1.1192,1.1192,0.0187,3.1128,0.8764,0.1115,-0.8693,66
2026-03-21T17:24:37.714027,1,0.0385,0.0385,0.0215,3.1033,1.1422,0.7494,-0.8620,3
2026-03-21T17:24:37.714027,2,0.0944,0.0088,0.0944,2.9947,1.0453,0.7641,-0.7133,5
2026-03-21T17:24:37.714027,3,1.3134,0.0214,1.3134,2.8713,0.7516,0.7514,0.0145,83
2026-03-21T17:24:37.714027,4,0.0691,0.0328,0.0691,1.7180,0.5686,-0.1704,0.5425,6
2026-03-21T17:24:37.783095,0,1.0967,1.0967,0.0250,3.1164,0.8750,0.1021,-0.8691,65
2026-03-21T17:24:37.783095,1,1.3838,0.0244,1.3838,2.9458,0.7518,0.7517,-0.0101,86
2026-03-21T17:24:37.783095,2,0.0949,0.0604,0.0949,1.7526,0.5414,-0.1714,0.5136,8
2026-03-21T17:24:37.853474,0,1.1938,1.1938,0.0267,3.1137,0.8804,0.1394,-0.8693,69
2026-03-21T17:24:37.853474,1,1.4320,0.0229,1.4320,2.9701,0.7510,0.7510,-0.0102,88
2026-03-21T17:24:37.853474,2,0.1090,0.0766,0.1090,1.7447,0.5608,-0.1813,0.5307,11
2026-03-21T17:24:37.921921,0,1.1954,1.1954,0.0285,3.1147,0.8796,0.1389,-0.8685,69
2026-03-21T17:24:37.921921,1,1.3637,0.0240,1.3637,2.9203,0.7517,0.7517,-0.0018,85
2026-03-21T17:24:37.921921,2,0.1067,0.0543,0.1067,1.7504,0.5736,-0.2183,0.5304,10
2026-03-21T17:24:37.992326,0,1.1941,1.1941,0.0584,3.1157,0.8811,0.1481,-0.8686,70
2026-03-21T17:24:37.992326,1,1.3367,0.0296,1.3367,2.9196,0.7515,0.7514,-0.0100,84
2026-03-21T17:24:37.992326,2,0.0858,0.0401,0.0858,1.7318,0.6014,-0.2675,0.5386,8
2026-03-21T17:24:38.062165,0,1.1918,1.1918,0.0290,3.1137,0.8800,0.1392,-0.8689,69
2026-03-21T17:24:38.062165,1,1.4378,0.0276,1.4378,2.9485,0.7512,0.7512,0.0061,88
2026-03-21T17:24:38.130961,0,1.1218,1.1218,0.0225,3.1134,0.8763,0.1110,-0.8692,66
2026-03-21T17:24:38.130961,1,1.3378,0.0228,1.3378,2.8957,0.7508,0.7508,0.0062,84
2026-03-21T17:24:38.201405,0,1.1965,1.1965,0.0277,3.1147,0.8800,0.1388,-0.8690,69
2026-03-21T17:24:38.201405,1,1.4061,0.0221,1.4061,2.8911,0.7515,0.7508,0.0309,87
2026-03-21T17:24:38.271399,0,1.1950,1.1950,0.0566,3.1154,0.8810,0.1479,-0.8685,70
2026-03-21T17:24:38.271399,1,1.3311,0.0256,1.3311,2.8937,0.7516,0.7516,0.0063,84
2026-03-21T17:24:38.340361,0,1.1982,1.1982,0.0536,3.1154,0.8811,0.1480,-0.8686,70
2026-03-21T17:24:38.340361,1,1.4337,0.0283,1.4337,2.9451,0.7512,0.7512,0.0059,88
2026-03-21T17:24:38.410351,0,1.1238,1.1238,0.0216,3.1147,0.8764,0.1111,-0.8693,66
2026-03-21T17:24:38.410351,1,1.3134,0.0206,1.3134,2.8707,0.7510,0.7509,0.0143,83
2026-03-21T17:24:38.480140,0,1.1845,1.1845,0.0376,3.1157,0.8797,0.1389,-0.8687,69
2026-03-21T17:24:38.480140,1,0.1400,0.0126,0.1400,2.9904,1.0308,0.7653,-0.6905,7
2026-03-21T17:24:38.480140,2,1.3108,0.0248,1.3108,2.8228,0.7519,0.7505,0.0463,83
2026-03-21T17:24:38.549663,0,1.1883,1.1883,0.0314,3.1118,0.8798,0.1390,-0.8688,69
2026-03-21T17:24:38.549663,1,1.4345,0.0295,1.4345,2.9444,0.7515,0.7515,0.0059,88
2026-03-21T17:24:38.619952,0,1.1454,1.1454,0.0251,3.1147,0.8771,0.1202,-0.8689,67
2026-03-21T17:24:38.619952,1,0.0340,0.0228,0.0340,3.0943,1.1416,0.7638,-0.8484,3
2026-03-21T17:24:38.619952,2,1.3836,0.0269,1.3836,2.9176,0.7507,0.7506,0.0060,86
2026-03-21T17:24:38.689010,0,1.1914,1.1914,0.0301,3.1164,0.8802,0.1393,-0.8691,69
2026-03-21T17:24:38.689010,1,1.3617,0.0295,1.3617,2.9250,0.7513,0.7513,-0.0018,85
2026-03-21T17:24:38.759473,0,1.1932,1.1932,0.0590,3.1164,0.8805,0.1479,-0.8680,70
2026-03-21T17:24:38.759473,1,1.4858,0.0275,1.4858,2.9722,0.7512,0.7511,0.0062,90
2026-03-21T17:24:38.828647,0,1.1240,1.1240,0.0209,3.1128,0.8759,0.1111,-0.8689,66
2026-03-21T17:24:38.828647,1,1.4292,0.0224,1.4292,2.9156,0.7509,0.7506,0.0232,88
2026-03-21T17:24:38.897929,0,1.1923,1.1923,0.0568,3.1128,0.8807,0.1480,-0.8682,70
2026-03-21T17:24:38.897929,1,1.3849,0.0194,1.3849,2.9196,0.7512,0.7512,0.0066,86
2026-03-21T17:24:38.967812,0,1.1233,1.1233,0.0309,3.1187,0.8761,0.1113,-0.8690,66
2026-03-21T17:24:38.967812,1,0.0404,0.0404,0.0155,3.0988,1.1406,0.7483,-0.8607,3
2026-03-21T17:24:38.967812,2,1.3391,0.0231,1.3391,2.8957,0.7509,0.7509,0.0062,84
2026-03-21T17:24:39.037440,0,1.1241,1.1241,0.0195,3.1110,0.8763,0.1112,-0.8692,66
2026-03-21T17:24:39.037440,1,1.3597,0.0240,1.3597,2.9163,0.7514,0.7514,-0.0019,85
2026-03-21T17:24:39.107278,0,1.1971,1.1971,0.0276,3.1154,0.8795,0.1387,-0.8685,69
2026-03-21T17:24:39.107278,1,1.3576,0.0250,1.3576,2.8950,0.7507,0.7506,0.0139,85
2026-03-21T17:24:39.177061,0,1.1945,1.1945,0.0618,3.1177,0.8808,0.1479,-0.8683,70
2026-03-21T17:24:39.177061,1,1.3622,0.0222,1.3622,2.8701,0.7513,0.7506,0.0307,85
2026-03-21T17:24:39.246813,0,1.1246,1.1246,0.0240,3.1144,0.8765,0.1114,-0.8694,66
2026-03-21T17:24:39.246813,1,0.0405,0.0405,0.0185,3.1026,1.1429,0.7499,-0.8625,3
2026-03-21T17:24:39.246813,2,1.2662,0.0225,1.2662,2.8970,0.7510,0.7508,-0.0177,81
2026-03-21T17:24:39.246813,3,0.0960,0.0048,0.0960,1.5803,1.0251,0.7493,0.6995,5
2026-03-21T17:24:39.316986,0,1.1934,1.1934,0.0277,3.1118,0.8794,0.1389,-0.8684,69
2026-03-21T17:24:39.316986,1,1.3324,0.0233,1.3324,2.8963,0.7515,0.7514,0.0060,84
2026-03-21T17:24:39.386135,0,1.1024,1.1024,0.0225,3.1144,0.8749,0.1020,-0.8689,65
2026-03-21T17:24:39.386135,1,1.3351,0.0266,1.3351,2.8970,0.7505,0.7505,0.0059,84
2026-03-21T17:24:39.455960,0,1.1258,1.1258,0.0222,3.1137,0.8765,0.1115,-0.8694,66
2026-03-21T17:24:39.455960,1,0.0439,0.0439,0.0103,3.1003,1.1446,0.7510,-0.8637,3
2026-03-21T17:24:39.455960,2,1.3351,0.0194,1.3351,2.8931,0.7508,0.7508,0.0064,84
2026-03-21T17:24:39.525388,0,1.1237,1.1237,0.0207,3.1128,0.8766,0.1116,-0.8695,66
2026-03-21T17:24:39.525388,1,1.3321,0.0220,1.3321,2.8668,0.7511,0.7507,0.0226,84
2026-03-21T17:24:39.595512,0,1.1881,1.1881,0.0304,3.1129,0.8798,0.1391,-0.8688,69
2026-03-21T17:24:39.595512,1,0.0942,0.0107,0.0942,3.0158,1.0625,0.7639,-0.7384,5
2026-03-21T17:24:39.595512,2,1.3583,0.0193,1.3583,2.8931,0.7513,0.7511,0.0144,85
2026-03-21T17:24:39.664669,0,1.1929,1.1929,0.0292,3.1118,0.8799,0.1390,-0.8688,69
2026-03-21T17:24:39.664669,1,1.3865,0.0257,1.3865,2.9451,0.7515,0.7514,-0.0102,86
2026-03-21T17:24:39.734722,0,1.1012,1.1012,0.0237,3.1134,0.8750,0.1022,-0.8690,65
2026-03-21T17:24:39.734722,1,1.4324,0.0293,1.4324,2.9431,0.7514,0.7514,0.0062,88
2026-03-21T17:24:39.803642,0,1.1225,1.1225,0.0253,3.1157,0.8760,0.1110,-0.8689,66
2026-03-21T17:24:39.803642,1,1.3864,0.0241,1.3864,2.8963,0.7510,0.7507,0.0225,86
2026-03-21T17:24:39.874011,0,1.1952,1.1952,0.0307,3.1177,0.8801,0.1388,-0.8691,69
2026-03-21T17:24:39.874011,1,1.4027,0.0231,1.4027,2.9189,0.7514,0.7512,0.0143,87
2026-03-21T17:24:39.943480,0,1.1278,1.1278,0.0204,3.1128,0.8762,0.1112,-0.8691,66
2026-03-21T17:24:39.943480,1,0.0457,0.0457,0.0125,3.0981,1.1396,0.7477,-0.8599,3
2026-03-21T17:24:39.943480,2,1.3576,0.0291,1.3576,2.8944,0.7513,0.7512,0.0143,85
2026-03-21T17:24:40.012703,0,1.1263,1.1263,0.0212,3.1128,0.8767,0.1112,-0.8696,66
2026-03-21T17:24:40.012703,1,1.3166,0.0259,1.3166,2.8752,0.7509,0.7508,0.0142,83
2026-03-21T17:24:40.083741,0,1.0984,1.0984,0.0209,3.1138,0.8755,0.1023,-0.8695,65
2026-03-21T17:24:40.083741,1,0.0641,0.0641,0.0514,3.1051,1.1359,0.7452,-0.8572,5
2026-03-21T17:24:40.083741,2,1.3635,0.0238,1.3635,2.8713,0.7517,0.7510,0.0311,85
2026-03-21T17:24:40.152987,0,1.1257,1.1257,0.0188,3.1118,0.8762,0.1116,-0.8690,66
2026-03-21T17:24:40.152987,1,0.0425,0.0425,0.0117,3.0973,1.1396,0.7477,-0.8600,3
2026-03-21T17:24:40.152987,2,1.3858,0.0212,1.3858,2.8937,0.7512,0.7508,0.0230,86
2026-03-21T17:24:40.222837,0,1.1907,1.1907,0.0332,3.1157,0.8795,0.1390,-0.8684,69
2026-03-21T17:24:40.222837,1,1.4083,0.0240,1.4083,2.9417,0.7507,0.7507,-0.0019,87
2026-03-21T17:24:40.292887,0,1.1199,1.1199,0.0228,3.1147,0.8759,0.1114,-0.8688,66
2026-03-21T17:24:40.292887,1,1.3815,0.0232,1.3815,2.9163,0.7507,0.7507,0.0063,86
2026-03-21T17:24:40.362016,0,1.0964,1.0964,0.0232,3.1144,0.8750,0.1022,-0.8690,65
2026-03-21T17:24:40.362016,1,1.3849,0.0211,1.3849,2.9189,0.7516,0.7516,0.0064,86
2026-03-21T17:24:40.430953,0,1.1022,1.1022,0.0219,3.1144,0.8753,0.1023,-0.8693,65
2026-03-21T17:24:40.430953,1,1.3387,0.0208,1.3387,2.8713,0.7509,0.7506,0.0226,84
2026-03-21T17:24:40.501675,0,1.1251,1.1251,0.0207,3.1118,0.8762,0.1111,-0.8691,66
2026-03-21T17:24:40.501675,1,1.3607,0.0236,1.3607,2.8707,0.7514,0.7507,0.0306,85
2026-03-21T17:24:40.570017,0,1.1907,1.1907,0.0328,3.1154,0.8805,0.1390,-0.8694,69
2026-03-21T17:24:40.570017,1,1.3822,0.0194,1.3822,2.9183,0.7517,0.7517,0.0061,86
2026-03-21T17:24:40.640398,0,1.1247,1.1247,0.0270,3.1157,0.8763,0.1110,-0.8693,66
2026-03-21T17:24:40.640398,1,1.4055,0.0275,1.4055,2.9189,0.7510,0.7509,0.0141,87
2026-03-21T17:24:40.710682,0,1.0494,1.0494,0.0174,3.1089,0.8726,0.0842,-0.8686,63
2026-03-21T17:24:40.710682,1,0.0449,0.0449,0.0057,3.0984,1.0962,0.6750,-0.8637,3
2026-03-21T17:24:40.710682,2,1.3384,0.0243,1.3384,2.8963,0.7507,0.7507,0.0061,84
2026-03-21T17:24:40.779835,0,1.1240,1.1240,0.0231,3.1134,0.8764,0.1113,-0.8693,66
2026-03-21T17:24:40.779835,1,1.4313,0.0247,1.4313,2.9674,0.7517,0.7516,-0.0103,88
2026-03-21T17:24:40.849277,0,1.1267,1.1267,0.0238,3.1124,0.8766,0.1113,-0.8695,66
2026-03-21T17:24:40.849277,1,0.0417,0.0417,0.0140,3.0973,1.1392,0.7475,-0.8597,3
2026-03-21T17:24:40.849277,2,1.3828,0.0257,1.3828,2.9203,0.7509,0.7508,0.0058,86
2026-03-21T17:24:40.919561,0,1.1017,1.1017,0.0244,3.1159,0.8757,0.1022,-0.8697,65
2026-03-21T17:24:40.919561,1,1.3851,0.0209,1.3851,2.8950,0.7517,0.7513,0.0228,86
2026-03-21T17:24:40.988874,0,1.1233,1.1233,0.0224,3.1128,0.8759,0.1111,-0.8688,66
2026-03-21T17:24:40.988874,1,1.4111,0.0262,1.4111,2.9451,0.7518,0.7518,-0.0020,87
2026-03-21T17:24:41.058726,0,1.1903,1.1903,0.0294,3.1134,0.8797,0.1391,-0.8686,69
2026-03-21T17:24:41.058726,1,1.3577,0.0251,1.3577,2.9163,0.7512,0.7512,-0.0018,85
2026-03-21T17:24:41.128025,0,1.1253,1.1253,0.0206,3.1147,0.8766,0.1113,-0.8695,66
2026-03-21T17:24:41.128025,1,0.0373,0.0373,0.0178,3.1019,1.1426,0.7496,-0.8623,3
2026-03-21T17:24:41.128025,2,1.3603,0.0239,1.3603,2.9189,0.7513,0.7513,-0.0020,85
2026-03-21T17:24:41.197454,0,1.1231,1.1231,0.0208,3.1121,0.8760,0.1112,-0.8689,66
2026-03-21T17:24:41.197454,1,0.0404,0.0404,0.0163,3.0996,1.1409,0.7486,-0.8610,3
2026-03-21T17:24:41.197454,2,1.3837,0.0225,1.3837,2.8950,0.7511,0.7508,0.0228,86
2026-03-21T17:24:41.267978,0,1.0959,1.0959,0.0238,3.1154,0.8747,0.1021,-0.8687,65
2026-03-21T17:24:41.267978,1,1.3601,0.0197,1.3601,2.8701,0.7513,0.7507,0.0308,85
2026-03-21T17:24:41.337235,0,1.0972,1.0972,0.0193,3.1095,0.8744,0.1021,-0.8684,65
2026-03-21T17:24:41.337235,1,1.3811,0.0241,1.3811,2.9417,0.7516,0.7515,-0.0101,86
2026-03-21T17:24:41.407437,0,1.1259,1.1259,0.0288,3.1154,0.8760,0.1112,-0.8689,66
2026-03-21T17:24:41.407437,1,1.3849,0.0307,1.3849,2.9203,0.7510,0.7510,0.0061,86
2026-03-21T17:24:41.477070,0,1.1240,1.1240,0.0201,3.1099,0.8756,0.1111,-0.8686,66
2026-03-21T17:24:41.477070,1,1.4096,0.0325,1.4096,2.9196,0.7515,0.7514,0.0143,87
2026-03-21T17:24:41.546993,0,1.1914,1.1914,0.0291,3.1124,0.8801,0.1390,-0.8690,69
2026-03-21T17:24:41.546993,1,1.3871,0.0263,1.3871,2.8963,0.7516,0.7512,0.0226,86
2026-03-21T17:24:41.616709,0,1.1002,1.1002,0.0225,3.1134,0.8751,0.1021,-0.8691,65
2026-03-21T17:24:41.616709,1,0.0698,0.0698,0.0395,3.1013,1.1341,0.7441,-0.8558,5
2026-03-21T17:24:41.616709,2,1.3272,0.0208,1.3272,2.8904,0.7507,0.7506,0.0062,84
2026-03-21T17:24:41.685505,0,1.1268,1.1268,0.0251,3.1154,0.8761,0.1115,-0.8689,66
2026-03-21T17:24:41.685505,1,1.3879,0.0285,1.3879,2.9471,0.7511,0.7510,-0.0102,86
2026-03-21T17:24:41.755420,0,1.1216,1.1216,0.0185,3.1119,0.8766,0.1111,-0.8695,66
2026-03-21T17:24:41.755420,1,1.3856,0.0206,1.3856,2.9183,0.7520,0.7519,0.0063,86
2026-03-21T17:24:41.825715,0,1.1269,1.1269,0.0226,3.1157,0.8765,0.1114,-0.8693,66
2026-03-21T17:24:41.825715,1,0.0489,0.0489,0.0125,3.0996,1.1399,0.7480,-0.8602,3
2026-03-21T17:24:41.825715,2,1.5103,0.0288,1.5103,2.9694,0.7513,0.7512,0.0144,91
2026-03-21T17:24:41.893968,0,1.1017,1.1017,0.0231,3.1164,0.8755,0.1023,-0.8695,65
2026-03-21T17:24:41.893968,1,0.0709,0.0414,0.0709,3.0996,1.1279,0.7545,-0.8383,5
2026-03-21T17:24:41.893968,2,1.3657,0.0287,1.3657,2.9223,0.7510,0.7510,-0.0021,85
2026-03-21T17:24:41.964535,0,1.1260,1.1260,0.0194,3.1118,0.8767,0.1113,-0.8696,66
2026-03-21T17:24:41.964535,1,0.0437,0.0437,0.0125,3.0981,1.1406,0.7484,-0.8607,3
2026-03-21T17:24:41.964535,2,1.3903,0.0240,1.3903,2.9216,0.7510,0.7509,0.0063,86
2026-03-21T17:24:42.034515,0,1.1901,1.1901,0.0275,3.1109,0.8794,0.1388,-0.8684,69
2026-03-21T17:24:42.034515,1,1.3822,0.0210,1.3822,2.9189,0.7510,0.7509,0.0064,86
2026-03-21T17:24:42.103452,0,1.1243,1.1243,0.0244,3.1147,0.8762,0.1113,-0.8691,66
2026-03-21T17:24:42.103452,1,0.0942,0.0189,0.0942,3.0973,1.1203,0.7636,-0.8197,5
2026-03-21T17:24:42.103452,2,1.3617,0.0246,1.3617,2.9203,0.7510,0.7510,-0.0019,85
2026-03-21T17:24:42.173917,0,1.1252,1.1252,0.0204,3.1144,0.8764,0.1114,-0.8692,66
2026-03-21T17:24:42.173917,1,1.3135,0.0221,1.3135,2.8694,0.7514,0.7513,0.0144,83
2026-03-21T17:24:42.242933,0,1.0991,1.0991,0.0229,3.1137,0.8752,0.1022,-0.8692,65
2026-03-21T17:24:42.242933,1,1.3397,0.0242,1.3397,2.8983,0.7515,0.7515,0.0060,84
2026-03-21T17:24:42.313168,0,1.1019,1.1019,0.0215,3.1137,0.8753,0.1020,-0.8693,65
2026-03-21T17:24:42.313168,1,0.0710,0.0710,0.0379,3.0989,1.1315,0.7424,-0.8538,5
2026-03-21T17:24:42.313168,2,1.3822,0.0220,1.3822,2.9189,0.7509,0.7509,0.0059,86
2026-03-21T17:24:42.382960,0,1.1932,1.1932,0.0590,3.1164,0.8810,0.1479,-0.8685,70
2026-03-21T17:24:42.382960,1,1.3338,0.0231,1.3338,2.8911,0.7513,0.7513,0.0062,84
2026-03-21T17:24:42.453203,0,1.1245,1.1245,0.0216,3.1137,0.8761,0.1114,-0.8690,66
2026-03-21T17:24:42.453203,1,1.3761,0.0255,1.3761,2.9156,0.7512,0.7511,0.0064,86
2026-03-21T17:24:42.521933,0,1.1024,1.1024,0.0193,3.1118,0.8757,0.1023,-0.8697,65
2026-03-21T17:24:42.521933,1,1.4595,0.0266,1.4595,2.9674,0.7519,0.7519,-0.0023,89
2026-03-21T17:24:42.592441,0,1.0990,1.0990,0.0243,3.1137,0.8748,0.1021,-0.8688,65
2026-03-21T17:24:42.592441,1,1.4083,0.0284,1.4083,2.9410,0.7517,0.7517,-0.0018,87
2026-03-21T17:24:42.660779,0,1.1279,1.1279,0.0199,3.1128,0.8770,0.1113,-0.8699,66
2026-03-21T17:24:42.660779,1,0.0411,0.0411,0.0170,3.1011,1.1419,0.7492,-0.8617,3
2026-03-21T17:24:42.660779,2,1.3384,0.0230,1.3384,2.8950,0.7514,0.7514,0.0065,84
2026-03-21T17:24:42.731316,0,1.1934,1.1934,0.0282,3.1123,0.8800,0.1388,-0.8690,69
2026-03-21T17:24:42.731316,1,1.3858,0.0267,1.3858,2.9444,0.7505,0.7504,-0.0104,86
2026-03-21T17:24:42.800196,0,1.1952,1.1952,0.0264,3.1134,0.8801,0.1390,-0.8691,69
2026-03-21T17:24:42.800196,1,1.4069,0.0281,1.4069,2.9176,0.7511,0.7509,0.0143,87
2026-03-21T17:24:42.870672,0,1.1278,1.1278,0.0217,3.1148,0.8761,0.1113,-0.8690,66
2026-03-21T17:24:42.870672,1,1.3869,0.0223,1.3869,2.9196,0.7513,0.7512,0.0065,86
2026-03-21T17:24:42.939427,0,1.1278,1.1278,0.0223,3.1138,0.8767,0.1113,-0.8696,66
2026-03-21T17:24:42.939427,1,0.0680,0.0467,0.0680,3.0996,1.1301,0.7560,-0.8399,5
2026-03-21T17:24:42.939427,2,1.4352,0.0237,1.4352,2.9216,0.7514,0.7511,0.0227,88
2026-03-21T17:24:43.009673,0,1.1049,1.1049,0.0263,3.1138,0.8758,0.1022,-0.8698,65
2026-03-21T17:24:43.009673,1,0.0663,0.0663,0.0431,3.1005,1.1335,0.7437,-0.8553,5
2026-03-21T17:24:43.009673,2,1.3285,0.0206,1.3285,2.8911,0.7509,0.7508,0.0062,84
2026-03-21T17:24:43.078937,0,1.0996,1.0996,0.0211,3.1115,0.8749,0.1021,-0.8689,65
2026-03-21T17:24:43.078937,1,1.4374,0.0261,1.4374,2.9209,0.7520,0.7517,0.0229,88
2026-03-21T17:24:43.149012,0,1.1268,1.1268,0.0215,3.1128,0.8763,0.1111,-0.8692,66
2026-03-21T17:24:43.149012,1,0.0484,0.0484,0.0073,3.0966,1.1409,0.7486,-0.8609,3
2026-03-21T17:24:43.149012,2,1.3824,0.0243,1.3824,2.9431,0.7520,0.7520,-0.0105,86
2026-03-21T17:24:43.218732,0,1.1992,1.1992,0.0588,3.1147,0.8809,0.1479,-0.8684,70
2026-03-21T17:24:43.218732,1,1.3347,0.0215,1.3347,2.8694,0.7511,0.7508,0.0223,84
2026-03-21T17:24:43.288858,0,1.1967,1.1967,0.0266,3.1144,0.8793,0.1385,-0.8684,69
2026-03-21T17:24:43.288858,1,1.3312,0.0226,1.3312,2.8713,0.7509,0.7506,0.0222,84
2026-03-21T17:24:43.358420,0,1.1284,1.1284,0.0196,3.1128,0.8765,0.1116,-0.8694,66
2026-03-21T17:24:43.358420,1,0.0702,0.0447,0.0702,3.1011,1.1297,0.7557,-0.8397,5
2026-03-21T17:24:43.358420,2,1.4354,0.0308,1.4354,2.9687,0.7521,0.7520,-0.0104,88
2026-03-21T17:24:43.428462,0,1.1992,1.1992,0.0537,3.1147,0.8806,0.1480,-0.8681,70
2026-03-21T17:24:43.428462,1,1.4600,0.0261,1.4600,2.9961,0.7515,0.7513,-0.0189,89
2026-03-21T17:24:43.498564,0,1.1960,1.1960,0.0287,3.1157,0.8799,0.1387,-0.8689,69
2026-03-21T17:24:43.498564,1,1.3804,0.0241,1.3804,2.9417,0.7512,0.7512,-0.0103,86
2026-03-21T17:24:43.567982,0,1.1022,1.1022,0.0235,3.1124,0.8756,0.1022,-0.8696,65
2026-03-21T17:24:43.567982,1,1.4303,0.0226,1.4303,2.9417,0.7509,0.7509,0.0061,88
2026-03-21T17:24:43.637369,0,1.1229,1.1229,0.0222,3.1128,0.8759,0.1109,-0.8689,66
2026-03-21T17:24:43.637369,1,1.3333,0.0221,1.3333,2.8701,0.7513,0.7509,0.0220,84
2026-03-21T17:24:43.706726,0,1.0753,1.0753,0.0246,3.1157,0.8742,0.0931,-0.8692,64
2026-03-21T17:24:43.706726,1,1.3353,0.0207,1.3353,2.8707,0.7513,0.7509,0.0222,84
2026-03-21T17:24:43.775801,0,1.0995,1.0995,0.0216,3.1147,0.8748,0.1023,-0.8688,65
2026-03-21T17:24:43.775801,1,0.0631,0.0631,0.0469,3.1028,1.1343,0.7442,-0.8560,5
2026-03-21T17:24:43.775801,2,1.3878,0.0208,1.3878,2.8957,0.7516,0.7513,0.0228,86
2026-03-21T17:24:43.846113,0,1.1265,1.1265,0.0258,3.1147,0.8761,0.1113,-0.8690,66
2026-03-21T17:24:43.846113,1,1.3883,0.0248,1.3883,2.9196,0.7513,0.7513,0.0063,86
2026-03-21T17:24:43.915544,0,1.1237,1.1237,0.0193,3.1128,0.8773,0.1116,-0.8701,66
2026-03-21T17:24:43.915544,1,1.3293,0.0250,1.3293,2.8688,0.7513,0.7509,0.0225,84
2026-03-21T17:24:43.985685,0,1.1954,1.1954,0.0265,3.1128,0.8803,0.1391,-0.8692,69
2026-03-21T17:24:43.985685,1,0.0978,0.0055,0.0978,3.0201,1.0637,0.7647,-0.7393,5
2026-03-21T17:24:43.985685,2,1.3338,0.0235,1.3338,2.8911,0.7508,0.7508,0.0064,84
2026-03-21T17:24:44.055287,0,1.1252,1.1252,0.0208,3.1137,0.8769,0.1115,-0.8698,66
2026-03-21T17:24:44.055287,1,0.0694,0.0456,0.0694,3.0988,1.1299,0.7559,-0.8398,5
2026-03-21T17:24:44.055287,2,1.3577,0.0200,1.3577,2.8931,0.7512,0.7510,0.0145,85
2026-03-21T17:24:44.124958,0,1.1189,1.1189,0.0223,3.1164,0.8766,0.1115,-0.8694,66
2026-03-21T17:24:44.124958,1,1.3857,0.0270,1.3857,2.8957,0.7516,0.7512,0.0226,86
2026-03-21T17:24:44.193458,0,1.1899,1.1899,0.0309,3.1164,0.8800,0.1398,-0.8689,67
2026-03-21T17:24:44.193458,1,1.4096,0.0245,1.4096,2.9708,0.7519,0.7517,-0.0186,87
2026-03-21T17:24:44.264190,0,1.1263,1.1263,0.0242,3.1154,0.8758,0.1109,-0.8687,66
2026-03-21T17:24:44.264190,1,1.4318,0.0241,1.4318,2.9196,0.7517,0.7514,0.0226,88
2026-03-21T17:24:44.333386,0,1.0785,1.0785,0.0213,3.1128,0.8740,0.0931,-0.8690,64
2026-03-21T17:24:44.333386,1,0.0909,0.0909,0.0149,3.1005,1.1285,0.7257,-0.8642,5
2026-03-21T17:24:44.333386,2,0.0952,0.0064,0.0952,2.9961,1.0493,0.7670,-0.7160,5
2026-03-21T17:24:44.333386,3,1.3628,0.0210,1.3628,2.8713,0.7514,0.7508,0.0305,85
2026-03-21T17:24:44.403848,0,1.1896,1.1896,0.0321,3.1154,0.8803,0.1390,-0.8692,69
2026-03-21T17:24:44.403848,1,1.3563,0.0227,1.3563,2.9176,0.7511,0.7511,-0.0018,85
2026-03-21T17:24:44.473566,0,1.1248,1.1248,0.0299,3.1177,0.8761,0.1111,-0.8690,66
2026-03-21T17:24:44.473566,1,1.4095,0.0210,1.4095,2.8701,0.7525,0.7510,0.0476,87
2026-03-21T17:24:44.542492,0,1.1236,1.1236,0.0215,3.1128,0.8761,0.1110,-0.8690,66
2026-03-21T17:24:44.542492,1,0.0432,0.0432,0.0133,3.1003,1.1432,0.7501,-0.8627,3
2026-03-21T17:24:44.542492,2,1.4117,0.0249,1.4117,2.9451,0.7515,0.7515,-0.0020,87
2026-03-21T17:24:44.613420,0,1.1196,1.1196,0.0224,3.1128,0.8764,0.1111,-0.8693,66
2026-03-21T17:24:44.613420,1,1.3624,0.0259,1.3624,2.9203,0.7515,0.7515,-0.0019,85
2026-03-21T17:24:44.683262,0,1.1965,1.1965,0.0252,3.1123,0.8800,0.1389,-0.8689,69
2026-03-21T17:24:44.683262,1,1.3354,0.0247,1.3354,2.8688,0.7519,0.7515,0.0226,84
2026-03-21T17:24:44.751890,0,1.1918,1.1918,0.0294,3.1128,0.8795,0.1389,-0.8685,69
2026-03-21T17:24:44.751890,1,1.3603,0.0246,1.3603,2.9216,0.7515,0.7515,-0.0019,85
2026-03-21T17:24:44.822265,0,1.1978,1.1978,0.0253,3.1138,0.8801,0.1392,-0.8690,69
2026-03-21T17:24:44.822265,1,1.3824,0.0281,1.3824,2.9424,0.7518,0.7517,-0.0104,86
2026-03-21T17:24:44.891559,0,1.1934,1.1934,0.0297,3.1138,0.8803,0.1389,-0.8692,69
2026-03-21T17:24:44.891559,1,1.4103,0.0241,1.4103,2.9196,0.7508,0.7507,0.0145,87
2026-03-21T17:24:44.961522,0,1.1264,1.1264,0.0250,3.1147,0.8763,0.1115,-0.8692,66
2026-03-21T17:24:44.961522,1,1.3862,0.0236,1.3862,2.9209,0.7507,0.7506,0.0063,86
2026-03-21T17:24:45.030843,0,1.0505,1.0505,0.0243,3.1138,0.8734,0.0845,-0.8693,63
2026-03-21T17:24:45.030843,1,0.0883,0.0883,0.0469,3.1036,1.1288,0.7333,-0.8582,6
2026-03-21T17:24:45.030843,2,1.4588,0.0236,1.4588,2.9694,0.7512,0.7511,-0.0021,89
2026-03-21T17:24:45.100799,0,1.1008,1.1008,0.0207,3.1128,0.8751,0.1021,-0.8691,65
2026-03-21T17:24:45.100799,1,1.4097,0.0222,1.4097,2.9458,0.7513,0.7513,-0.0020,87
2026-03-21T17:24:45.170088,0,1.1948,1.1948,0.0565,3.1139,0.8806,0.1482,-0.8681,70
2026-03-21T17:24:45.170088,1,1.4124,0.0288,1.4124,2.9458,0.7517,0.7517,-0.0019,87
2026-03-21T17:24:45.239701,0,1.1253,1.1253,0.0199,3.1124,0.8764,0.1112,-0.8693,66
2026-03-21T17:24:45.239701,1,1.3831,0.0252,1.3831,2.9437,0.7516,0.7515,-0.0100,86
2026-03-21T17:24:45.309951,0,1.1297,1.1297,0.0223,3.1154,0.8766,0.1113,-0.8695,66
2026-03-21T17:24:45.309951,1,1.3829,0.0227,1.3829,2.9163,0.7512,0.7511,0.0062,86
2026-03-21T17:24:45.379068,0,1.0759,1.0759,0.0198,3.1138,0.8751,0.0934,-0.8701,64
2026-03-21T17:24:45.379068,1,1.4056,0.0231,1.4056,2.9169,0.7512,0.7511,0.0145,87
2026-03-21T17:24:45.449037,0,1.1971,1.1971,0.0257,3.1134,0.8803,0.1386,-0.8693,69
2026-03-21T17:24:45.449037,1,1.3824,0.0250,1.3824,2.8937,0.7513,0.7510,0.0225,86
2026-03-21T17:24:45.518193,0,1.1257,1.1257,0.0194,3.1108,0.8760,0.1111,-0.8689,66
2026-03-21T17:24:45.518193,1,1.3384,0.0249,1.3384,2.8983,0.7514,0.7514,0.0060,84
2026-03-21T17:24:45.589092,0,1.1257,1.1257,0.0214,3.1118,0.8764,0.1112,-0.8693,66
2026-03-21T17:24:45.589092,1,1.4623,0.0270,1.4623,2.9708,0.7519,0.7519,-0.0020,89
2026-03-21T17:24:45.657569,0,1.1222,1.1222,0.0183,3.1128,0.8768,0.1113,-0.8697,66
2026-03-21T17:24:45.657569,1,0.0411,0.0411,0.0140,3.0981,1.1406,0.7483,-0.8607,3
2026-03-21T17:24:45.657569,2,1.3562,0.0270,1.3562,2.8950,0.7512,0.7511,0.0142,85
2026-03-21T17:24:45.728690,0,1.1006,1.1006,0.0290,3.1174,0.8752,0.1022,-0.8692,65
2026-03-21T17:24:45.728690,1,0.0672,0.0672,0.0431,3.1005,1.1345,0.7444,-0.8561,5
2026-03-21T17:24:45.728690,2,1.3075,0.0217,1.3075,2.8694,0.7513,0.7512,0.0143,83
2026-03-21T17:24:45.798262,0,1.1943,1.1943,0.0262,3.1118,0.8803,0.1393,-0.8692,69
2026-03-21T17:24:45.798262,1,0.0984,0.0028,0.0984,2.9961,1.0471,0.7654,-0.7145,5
2026-03-21T17:24:45.798262,2,1.3108,0.0206,1.3108,2.8707,0.7509,0.7508,0.0145,83
2026-03-21T17:24:45.866708,0,1.1238,1.1238,0.0232,3.1138,0.8762,0.1111,-0.8691,66
2026-03-21T17:24:45.866708,1,1.4090,0.0247,1.4090,2.9176,0.7512,0.7511,0.0145,87
2026-03-21T17:24:45.937137,0,1.1015,1.1015,0.0199,3.1128,0.8746,0.1023,-0.8686,65
2026-03-21T17:24:45.937137,1,1.4599,0.0270,1.4599,2.9933,0.7520,0.7518,-0.0186,89
2026-03-21T17:24:46.006333,0,1.1261,1.1261,0.0231,3.1134,0.8764,0.1114,-0.8693,66
2026-03-21T17:24:46.006333,1,0.0444,0.0444,0.0133,3.0996,1.1416,0.7490,-0.8615,3
2026-03-21T17:24:46.006333,2,1.5068,0.0243,1.5068,2.9667,0.7514,0.7513,0.0147,91
2026-03-21T17:24:46.006333,3,0.0361,0.0361,0.0168,1.6986,0.5470,-0.0949,0.5387,5
2026-03-21T17:24:46.076055,0,1.1218,1.1218,0.0229,3.1144,0.8768,0.1112,-0.8697,66
2026-03-21T17:24:46.076055,1,0.0385,0.0385,0.0185,3.1011,1.1419,0.7492,-0.8617,3
2026-03-21T17:24:46.076055,2,1.4111,0.0214,1.4111,2.9458,0.7514,0.7513,-0.0017,87
2026-03-21T17:24:46.076055,3,0.0504,0.0504,0.0353,1.7804,0.4748,-0.0744,0.4690,7
2026-03-21T17:24:46.145743,0,1.0986,1.0986,0.0239,3.1138,0.8749,0.1022,-0.8689,65
2026-03-21T17:24:46.145743,1,1.3818,0.0277,1.3818,2.9437,0.7516,0.7515,-0.0103,86
2026-03-21T17:24:46.145743,2,0.0472,0.0472,0.0376,1.8036,0.4464,-0.0465,0.4440,7
2026-03-21T17:24:46.215244,0,1.1224,1.1224,0.0241,3.1134,0.8760,0.1112,-0.8689,66
2026-03-21T17:24:46.215244,1,1.3134,0.0204,1.3134,2.8963,0.7515,0.7515,-0.0016,83
2026-03-21T17:24:46.215244,2,0.0716,0.0545,0.0716,1.8393,0.4283,-0.0408,0.4263,8
2026-03-21T17:24:46.285030,0,1.1925,1.1925,0.0262,3.1118,0.8792,0.1390,-0.8682,69
2026-03-21T17:24:46.285030,1,1.3590,0.0217,1.3590,2.8931,0.7513,0.7512,0.0146,85
2026-03-21T17:24:46.285030,2,0.0410,0.0410,0.0347,1.8323,0.4179,-0.0361,0.4163,7
2026-03-21T17:24:46.355288,0,1.1256,1.1256,0.0206,3.1137,0.8766,0.1114,-0.8695,66
2026-03-21T17:24:46.355288,1,1.3842,0.0220,1.3842,2.9209,0.7515,0.7514,0.0063,86
2026-03-21T17:24:46.355288,2,0.0520,0.0520,0.0375,1.8270,0.4165,-0.0326,0.4153,8
2026-03-21T17:24:46.424271,0,1.0770,1.0770,0.0223,3.1138,0.8748,0.0932,-0.8698,64
2026-03-21T17:24:46.424271,1,0.0927,0.0927,0.0439,3.1020,1.1277,0.7326,-0.8573,6
2026-03-21T17:24:46.424271,2,1.3842,0.0243,1.3842,2.8713,0.7520,0.7510,0.0387,86
2026-03-21T17:24:46.424271,3,0.0497,0.0497,0.0296,1.8300,0.4100,-0.0249,0.4093,8
2026-03-21T17:24:46.495048,0,1.0988,1.0988,0.0214,3.1148,0.8752,0.1020,-0.8692,65
2026-03-21T17:24:46.495048,1,1.3602,0.0243,1.3602,2.9458,0.7521,0.7519,-0.0186,85
2026-03-21T17:24:46.495048,2,0.0539,0.0539,0.0458,1.8395,0.4118,-0.0255,0.4110,8
2026-03-21T17:24:46.564040,0,1.1221,1.1221,0.0253,3.1154,0.8757,0.1111,-0.8686,66
2026-03-21T17:24:46.564040,1,0.0425,0.0425,0.0148,3.1011,1.1432,0.7501,-0.8627,3
2026-03-21T17:24:46.564040,2,1.4089,0.0239,1.4089,2.9216,0.7515,0.7514,0.0145,87
2026-03-21T17:24:46.564040,3,0.0714,0.0497,0.0714,1.8389,0.4088,-0.0172,0.4084,8
2026-03-21T17:24:46.633873,0,1.1960,1.1960,0.0238,3.1108,0.8803,0.1391,-0.8693,69
2026-03-21T17:24:46.633873,1,1.3607,0.0221,1.3607,2.8713,0.7513,0.7507,0.0307,85
2026-03-21T17:24:46.633873,2,0.0530,0.0530,0.0423,1.8429,0.4013,-0.0248,0.4005,8
2026-03-21T17:24:46.702899,0,1.1932,1.1932,0.0605,3.1142,0.8805,0.1478,-0.8680,70
2026-03-21T17:24:46.702899,1,0.0945,0.0064,0.0945,2.9961,1.0495,0.7672,-0.7161,5
2026-03-21T17:24:46.702899,2,1.3339,0.0217,1.3339,2.8713,0.7518,0.7515,0.0223,84
2026-03-21T17:24:46.702899,3,0.0535,0.0535,0.0483,1.8449,0.4020,-0.0248,0.4013,8
2026-03-21T17:24:46.772496,0,1.1447,1.1447,0.0271,3.1155,0.8763,0.1201,-0.8680,67
2026-03-21T17:24:46.772496,1,1.3379,0.0252,1.3379,2.8726,0.7512,0.7508,0.0226,84
2026-03-21T17:24:46.772496,2,0.0652,0.0492,0.0652,1.8476,0.4024,-0.0171,0.4021,8
2026-03-21T17:24:46.842597,0,1.0750,1.0750,0.0228,3.1128,0.8745,0.0931,-0.8695,64
2026-03-21T17:24:46.842597,1,1.3373,0.0202,1.3373,2.8720,0.7505,0.7502,0.0228,84
2026-03-21T17:24:46.842597,2,0.0497,0.0497,0.0459,1.8374,0.4044,-0.0173,0.4040,8
2026-03-21T17:24:46.912753,0,1.1024,1.1024,0.0179,3.1118,0.8752,0.1022,-0.8693,65
2026-03-21T17:24:46.912753,1,1.3852,0.0235,1.3852,2.9458,0.7514,0.7513,-0.0100,86
2026-03-21T17:24:46.912753,2,0.0494,0.0494,0.0475,1.8459,0.4015,-0.0173,0.4012,8
2026-03-21T17:24:46.982113,0,1.1009,1.1009,0.0232,3.1154,0.8751,0.1024,-0.8691,65
2026-03-21T17:24:46.982113,1,0.0637,0.0637,0.0475,3.1034,1.1349,0.7446,-0.8564,5
2026-03-21T17:24:46.982113,2,1.4615,0.0265,1.4615,2.9451,0.7504,0.7502,0.0147,89
2026-03-21T17:24:46.982113,3,0.0562,0.0499,0.0562,1.8397,0.4055,-0.0173,0.4052,8
2026-03-21T17:24:47.050906,0,1.1225,1.1225,0.0213,3.1134,0.8765,0.1112,-0.8694,66
2026-03-21T17:24:47.050906,1,1.3842,0.0250,1.3842,2.9196,0.7508,0.7507,0.0064,86
2026-03-21T17:24:47.050906,2,0.0532,0.0505,0.0532,1.8297,0.4129,-0.0176,0.4125,8
2026-03-21T17:24:47.121587,0,1.1889,1.1889,0.0361,3.1157,0.8798,0.1390,-0.8687,69
2026-03-21T17:24:47.121587,1,1.3574,0.0232,1.3574,2.8688,0.7516,0.7510,0.0308,85
2026-03-21T17:24:47.121587,2,0.0429,0.0429,0.0121,1.8305,0.4080,-0.0214,0.4075,7
2026-03-21T17:24:47.191640,0,1.1941,1.1941,0.0621,3.1158,0.8802,0.1479,-0.8677,70
2026-03-21T17:24:47.191640,1,1.3839,0.0334,1.3839,2.9701,0.7522,0.7518,-0.0269,86
2026-03-21T17:24:47.191640,2,0.0424,0.0424,0.0202,1.8357,0.4043,-0.0211,0.4038,7
2026-03-21T17:24:47.260666,0,1.1952,1.1952,0.0262,3.1147,0.8800,0.1389,-0.8689,69
2026-03-21T17:24:47.260666,1,1.4076,0.0249,1.4076,2.9451,0.7515,0.7515,-0.0022,87
2026-03-21T17:24:47.260666,2,0.0551,0.0551,0.0526,1.8364,0.4135,-0.0255,0.4127,8
2026-03-21T17:24:47.329827,0,1.1956,1.1956,0.0595,3.1154,0.8810,0.1479,-0.8685,70
2026-03-21T17:24:47.329827,1,1.4852,0.0252,1.4852,2.9694,0.7518,0.7518,0.0062,90
2026-03-21T17:24:47.329827,2,0.0533,0.0533,0.0337,1.8324,0.4144,-0.0254,0.4136,8
2026-03-21T17:24:47.399793,0,1.1244,1.1244,0.0220,3.1157,0.8767,0.1113,-0.8697,66
2026-03-21T17:24:47.399793,1,0.0471,0.0471,0.0081,3.0973,1.1419,0.7493,-0.8617,3
2026-03-21T17:24:47.399793,2,1.4566,0.0291,1.4566,2.9437,0.7515,0.7513,0.0143,89
2026-03-21T17:24:47.399793,3,0.0498,0.0498,0.0395,1.8309,0.4124,-0.0249,0.4117,8
2026-03-21T17:24:47.470102,0,1.1943,1.1943,0.0549,3.1109,0.8808,0.1479,-0.8683,70
2026-03-21T17:24:47.470102,1,1.3836,0.0259,1.3836,2.9169,0.7517,0.7516,0.0065,86
2026-03-21T17:24:47.470102,2,0.0532,0.0509,0.0532,1.8347,0.4132,-0.0250,0.4124,8
2026-03-21T17:24:47.539149,0,1.1943,1.1943,0.0293,3.1148,0.8800,0.1388,-0.8690,69
2026-03-21T17:24:47.539149,1,1.3397,0.0239,1.3397,2.8977,0.7511,0.7510,0.0063,84
2026-03-21T17:24:47.539149,2,0.0595,0.0503,0.0595,1.8299,0.4167,-0.0250,0.4159,8
2026-03-21T17:24:47.609210,0,1.1259,1.1259,0.0283,3.1177,0.8756,0.1112,-0.8685,66
2026-03-21T17:24:47.609210,1,1.4358,0.0251,1.4358,2.9451,0.7516,0.7516,0.0062,88
2026-03-21T17:24:47.609210,2,0.0636,0.0501,0.0636,1.8300,0.4189,-0.0252,0.4181,8
2026-03-21T17:24:47.679098,0,1.1021,1.1021,0.0235,3.1154,0.8754,0.1021,-0.8694,65
2026-03-21T17:24:47.679098,1,1.3115,0.0211,1.3115,2.8931,0.7516,0.7516,-0.0018,83
2026-03-21T17:24:47.679098,2,0.0632,0.0503,0.0632,1.8306,0.4178,-0.0250,0.4170,8
2026-03-21T17:24:47.749047,0,1.0701,1.0701,0.0202,3.1119,0.8743,0.0933,-0.8694,64
2026-03-21T17:24:47.749047,1,0.0938,0.0938,0.0109,3.1024,1.1289,0.7260,-0.8644,5
2026-03-21T17:24:47.749047,2,1.2865,0.0268,1.2865,2.8701,0.7513,0.7513,0.0062,82
2026-03-21T17:24:47.749047,3,0.0646,0.0500,0.0646,1.8260,0.4198,-0.0251,0.4190,8
2026-03-21T17:24:47.818432,0,1.1965,1.1965,0.0278,3.1148,0.8799,0.1390,-0.8688,69
2026-03-21T17:24:47.818432,1,1.3399,0.0204,1.3399,2.8726,0.7515,0.7512,0.0225,84
2026-03-21T17:24:47.818432,2,0.0424,0.0424,0.0265,1.8349,0.4086,-0.0284,0.4076,7
2026-03-21T17:24:47.887780,0,1.0987,1.0987,0.0238,3.1128,0.8751,0.1021,-0.8691,65
2026-03-21T17:24:47.887780,1,1.3797,0.0224,1.3797,2.8911,0.7512,0.7509,0.0225,86
2026-03-21T17:24:47.887780,2,0.0662,0.0500,0.0662,1.8276,0.4190,-0.0250,0.4183,8
2026-03-21T17:24:47.958146,0,1.1007,1.1007,0.0264,3.1144,0.8752,0.1023,-0.8692,65
2026-03-21T17:24:47.958146,1,1.4106,0.0218,1.4106,2.8963,0.7516,0.7510,0.0310,87
2026-03-21T17:24:47.958146,2,0.0680,0.0497,0.0680,1.8275,0.4198,-0.0251,0.4190,8
2026-03-21T17:24:48.027219,0,1.1257,1.1257,0.0249,3.1144,0.8769,0.1114,-0.8698,66
2026-03-21T17:24:48.027219,1,1.4532,0.0248,1.4532,2.9410,0.7515,0.7513,0.0144,89
2026-03-21T17:24:48.027219,2,0.0424,0.0424,0.0239,1.8294,0.4112,-0.0286,0.4102,7
2026-03-21T17:24:48.097232,0,1.0493,1.0493,0.0231,3.1144,0.8732,0.0843,-0.8691,63
2026-03-21T17:24:48.097232,1,0.0468,0.0468,0.0057,3.1000,1.0972,0.6756,-0.8645,3
2026-03-21T17:24:48.097232,2,0.0438,0.0438,0.0102,3.0973,1.1412,0.7488,-0.8612,3
2026-03-21T17:24:48.097232,3,1.3858,0.0239,1.3858,2.9437,0.7515,0.7514,-0.0102,86
2026-03-21T17:24:48.097232,4,0.0561,0.0500,0.0561,1.8255,0.4189,-0.0251,0.4182,8
2026-03-21T17:24:48.166956,0,1.1916,1.1916,0.0264,3.1105,0.8799,0.1390,-0.8689,69
2026-03-21T17:24:48.166956,1,1.3600,0.0259,1.3600,2.8707,0.7511,0.7505,0.0305,85
2026-03-21T17:24:48.166956,2,0.0685,0.0509,0.0685,1.8320,0.4192,-0.0251,0.4184,8
2026-03-21T17:24:48.236695,0,1.1918,1.1918,0.0306,3.1154,0.8793,0.1388,-0.8683,69
2026-03-21T17:24:48.236695,1,1.4396,0.0251,1.4396,2.9729,0.7522,0.7521,-0.0104,88
2026-03-21T17:24:48.236695,2,0.0642,0.0501,0.0642,1.8276,0.4173,-0.0250,0.4165,8
2026-03-21T17:24:48.305832,0,1.1245,1.1245,0.0218,3.1134,0.8763,0.1112,-0.8692,66
2026-03-21T17:24:48.305832,1,0.0404,0.0404,0.0223,3.1049,1.1426,0.7497,-0.8622,3
2026-03-21T17:24:48.305832,2,1.3642,0.0227,1.3642,2.9451,0.7518,0.7516,-0.0181,85
2026-03-21T17:24:48.305832,3,0.0423,0.0423,0.0110,1.8294,0.4093,-0.0285,0.4083,7
2026-03-21T17:24:48.375474,0,1.1908,1.1908,0.0247,3.1118,0.8796,0.1393,-0.8685,69
2026-03-21T17:24:48.375474,1,1.4123,0.0240,1.4123,2.9230,0.7515,0.7513,0.0144,87
2026-03-21T17:24:48.375474,2,0.0434,0.0434,0.0083,1.8260,0.4112,-0.0288,0.4102,7
2026-03-21T17:24:48.445859,0,1.1901,1.1901,0.0290,3.1123,0.8798,0.1388,-0.8688,69
2026-03-21T17:24:48.445859,1,1.3892,0.0216,1.3892,2.8713,0.7515,0.7505,0.0390,86
2026-03-21T17:24:48.445859,2,0.0423,0.0423,0.0170,1.8284,0.4107,-0.0286,0.4098,7
2026-03-21T17:24:48.514702,0,1.1250,1.1250,0.0235,3.1124,0.8762,0.1111,-0.8691,66
2026-03-21T17:24:48.514702,1,0.0431,0.0431,0.0171,3.1033,1.1439,0.7505,-0.8632,3
2026-03-21T17:24:48.514702,2,1.4613,0.0240,1.4613,2.9189,0.7515,0.7509,0.0313,89
2026-03-21T17:24:48.514702,3,0.0424,0.0424,0.0155,1.8300,0.4095,-0.0285,0.4085,7
2026-03-21T17:24:48.585466,0,1.1947,1.1947,0.0581,3.1147,0.8805,0.1477,-0.8680,70
2026-03-21T17:24:48.585466,1,1.3107,0.0256,1.3107,2.8720,0.7505,0.7504,0.0142,83
2026-03-21T17:24:48.585466,2,0.0421,0.0421,0.0191,1.8306,0.4107,-0.0285,0.4098,7
2026-03-21T17:24:48.654422,0,1.0968,1.0968,0.0251,3.1167,0.8753,0.1022,-0.8693,65
2026-03-21T17:24:48.654422,1,0.0938,0.0068,0.0938,2.9954,1.0479,0.7660,-0.7150,5
2026-03-21T17:24:48.654422,2,1.3095,0.0226,1.3095,2.8701,0.7512,0.7510,0.0142,83
2026-03-21T17:24:48.654422,3,0.0420,0.0420,0.0240,1.8294,0.4106,-0.0285,0.4096,7
2026-03-21T17:24:48.724764,0,1.1257,1.1257,0.0188,3.1118,0.8759,0.1101,-0.8690,64
2026-03-21T17:24:48.724764,1,1.3862,0.0265,1.3862,2.9203,0.7514,0.7514,0.0063,86
2026-03-21T17:24:48.724764,2,0.0700,0.0498,0.0700,1.8265,0.4210,-0.0251,0.4203,8
2026-03-21T17:24:48.793780,0,1.1187,1.1187,0.0260,3.1164,0.8761,0.1110,-0.8690,66
2026-03-21T17:24:48.793780,1,1.3373,0.0220,1.3373,2.8473,0.7518,0.7508,0.0390,84
2026-03-21T17:24:48.793780,2,0.0555,0.0555,0.0426,1.8275,0.4163,-0.0329,0.4150,8
2026-03-21T17:24:48.864135,0,1.1225,1.1225,0.0213,3.1128,0.8759,0.1111,-0.8688,66
2026-03-21T17:24:48.864135,1,0.0444,0.0444,0.0133,3.1003,1.1426,0.7497,-0.8622,3
2026-03-21T17:24:48.864135,2,1.3838,0.0219,1.3838,2.9431,0.7511,0.7510,-0.0101,86
2026-03-21T17:24:48.864135,3,0.0432,0.0432,0.0255,1.8290,0.4115,-0.0286,0.4105,7
2026-03-21T17:24:48.932764,0,1.1257,1.1257,0.0229,3.1144,0.8763,0.1114,-0.8692,66
2026-03-21T17:24:48.932764,1,1.3107,0.0209,1.3107,2.8713,0.7510,0.7508,0.0145,83
2026-03-21T17:24:48.932764,2,0.0640,0.0494,0.0640,1.8304,0.4184,-0.0250,0.4177,8
2026-03-21T17:25:29.564656,0,1.1240,1.1240,0.0212,2.2883,0.8761,0.1110,-0.8690,66
2026-03-21T17:25:29.564656,1,1.0494,0.0724,1.0494,2.0472,0.7528,0.7478,-0.0864,70
2026-03-21T17:25:29.564656,2,0.3091,0.3091,0.1446,1.1197,0.4228,0.2687,0.3264,38
2026-03-21T17:25:29.564656,3,0.0961,0.0733,0.0961,0.7947,0.6735,0.1735,0.6508,9
2026-03-21T17:25:29.564656,4,0.0600,0.0600,0.0495,1.0234,0.4021,-0.0070,0.4021,9
2026-03-21T17:25:29.564656,5,0.0983,0.0663,0.0983,0.8298,0.6749,-0.2952,0.6068,9
2026-03-21T17:25:29.634518,0,1.1894,1.1894,0.0292,2.2877,0.8804,0.1391,-0.8693,69
2026-03-21T17:25:29.634518,1,1.0775,0.0742,1.0775,2.1203,0.7580,0.7475,-0.1256,71
2026-03-21T17:25:29.634518,2,0.3323,0.3323,0.1040,1.1192,0.4246,0.2766,0.3221,38
2026-03-21T17:25:29.634518,3,0.0740,0.0652,0.0740,0.7937,0.6707,0.1787,0.6465,8
2026-03-21T17:25:29.634518,4,0.0600,0.0600,0.0533,1.0283,0.4025,-0.0072,0.4024,9
2026-03-21T17:25:29.634518,5,0.0991,0.0661,0.0991,0.8315,0.6734,-0.2946,0.6056,9
2026-03-21T17:25:29.704098,0,1.1260,1.1260,0.0252,2.2926,0.8766,0.1114,-0.8695,66
2026-03-21T17:25:29.704098,1,0.0424,0.0424,0.0155,2.2755,1.1406,0.7484,-0.8607,3
2026-03-21T17:25:29.704098,2,1.0271,0.0713,1.0271,2.0722,0.7553,0.7474,-0.1091,69
2026-03-21T17:25:29.704098,3,0.3366,0.3366,0.0998,1.1169,0.4244,0.2767,0.3218,38
2026-03-21T17:25:29.704098,4,0.0990,0.0726,0.0990,0.7956,0.6742,0.1735,0.6515,9
2026-03-21T17:25:29.704098,5,0.0606,0.0606,0.0476,1.0195,0.4027,-0.0071,0.4026,9
2026-03-21T17:25:29.704098,6,0.1023,0.0662,0.1023,0.8328,0.6757,-0.2956,0.6077,9
2026-03-21T17:25:29.773957,0,1.1239,1.1239,0.0254,2.2933,0.8766,0.1112,-0.8695,66
2026-03-21T17:25:29.773957,1,1.1005,0.0732,1.1005,2.0948,0.7541,0.7471,-0.1027,72
2026-03-21T17:25:29.773957,2,0.3062,0.3062,0.1546,1.1212,0.4232,0.2689,0.3268,38
2026-03-21T17:25:29.773957,3,0.0990,0.0728,0.0990,0.7947,0.6743,0.1736,0.6516,9
2026-03-21T17:25:29.773957,4,0.0602,0.0602,0.0484,1.0224,0.4020,-0.0071,0.4020,9
2026-03-21T17:25:29.773957,5,0.0911,0.0635,0.0911,0.8300,0.6729,-0.2944,0.6050,9
2026-03-21T17:25:29.843894,0,1.1952,1.1952,0.0547,2.2887,0.8813,0.1480,-0.8688,70
2026-03-21T17:25:29.843894,1,1.0292,0.0731,1.0292,2.0703,0.7557,0.7478,-0.1092,69
2026-03-21T17:25:29.843894,2,0.3092,0.3092,0.1431,1.1182,0.4219,0.2683,0.3256,38
2026-03-21T17:25:29.843894,3,0.0720,0.0654,0.0720,0.7956,0.6685,0.1781,0.6443,8
2026-03-21T17:25:29.843894,4,0.0602,0.0602,0.0414,1.0193,0.4037,-0.0071,0.4036,9
2026-03-21T17:25:29.843894,5,0.1081,0.0613,0.1081,0.8359,0.6739,-0.2947,0.6060,9
2026-03-21T17:25:29.913663,0,1.1980,1.1980,0.0242,2.2893,0.8798,0.1388,-0.8688,69
2026-03-21T17:25:29.913663,1,1.1005,0.0746,1.1005,2.1474,0.7603,0.7483,-0.1345,72
2026-03-21T17:25:29.913663,2,0.3094,0.3094,0.1409,1.1198,0.4227,0.2686,0.3263,38
2026-03-21T17:25:29.913663,3,0.0920,0.0737,0.0920,0.7975,0.6710,0.1728,0.6484,9
2026-03-21T17:25:29.913663,4,0.0610,0.0610,0.0589,1.0238,0.4038,-0.0069,0.4037,9
2026-03-21T17:25:29.913663,5,0.0970,0.0614,0.0970,0.8350,0.6738,-0.2947,0.6059,9
2026-03-21T17:25:29.982322,0,1.1921,1.1921,0.0262,2.2877,0.8803,0.1390,-0.8692,69
2026-03-21T17:25:29.982322,1,1.0558,0.0759,1.0558,2.0968,0.7572,0.7480,-0.1175,70
2026-03-21T17:25:29.982322,2,0.3301,0.3301,0.1494,1.1188,0.4259,0.2742,0.3259,39
2026-03-21T17:25:29.982322,3,0.0836,0.0770,0.0836,0.7862,0.6752,0.1739,0.6524,9
2026-03-21T17:25:29.982322,4,0.0601,0.0601,0.0424,1.0193,0.4044,-0.0071,0.4043,9
2026-03-21T17:25:29.982322,5,0.1030,0.0635,0.1030,0.8363,0.6744,-0.2950,0.6065,9
2026-03-21T17:25:30.052928,0,1.1240,1.1240,0.0199,2.2873,0.8760,0.1113,-0.8689,66
2026-03-21T17:25:30.052928,1,1.1191,0.0688,1.1191,2.1189,0.7558,0.7475,-0.1114,73
2026-03-21T17:25:30.052928,2,0.3404,0.3404,0.1339,1.1165,0.4269,0.2750,0.3265,39
2026-03-21T17:25:30.052928,3,0.1039,0.0718,0.1039,0.7947,0.6770,0.1743,0.6542,9
2026-03-21T17:25:30.052928,4,0.0602,0.0602,0.0474,1.0244,0.4006,-0.0071,0.4005,9
2026-03-21T17:25:30.052928,5,0.1056,0.0641,0.1056,0.8324,0.6769,-0.2961,0.6087,9
2026-03-21T17:25:30.122548,0,1.1259,1.1259,0.0250,2.2913,0.8761,0.1111,-0.8690,66
2026-03-21T17:25:30.122548,1,1.0791,0.0781,1.0791,2.1210,0.7598,0.7493,-0.1259,71
2026-03-21T17:25:30.122548,2,0.3320,0.3320,0.1482,1.1158,0.4260,0.2743,0.3259,39
2026-03-21T17:25:30.122548,3,0.0962,0.0737,0.0962,0.7918,0.6750,0.1738,0.6522,9
2026-03-21T17:25:30.122548,4,0.0599,0.0599,0.0464,1.0193,0.4036,-0.0070,0.4035,9
2026-03-21T17:25:30.122548,5,0.1012,0.0627,0.1012,0.8281,0.6776,-0.2964,0.6094,9
2026-03-21T17:25:30.191640,0,1.1936,1.1936,0.0304,2.2896,0.8801,0.1391,-0.8690,69
2026-03-21T17:25:30.191640,1,1.0524,0.0707,1.0524,2.0948,0.7571,0.7479,-0.1174,70
2026-03-21T17:25:30.191640,2,0.3335,0.3335,0.1022,1.1146,0.4263,0.2778,0.3233,38
2026-03-21T17:25:30.191640,3,0.0933,0.0747,0.0933,0.7890,0.6755,0.1739,0.6528,9
2026-03-21T17:25:30.191640,4,0.0601,0.0601,0.0484,1.0244,0.4015,-0.0072,0.4014,9
2026-03-21T17:25:30.191640,5,0.1087,0.0608,0.1087,0.8346,0.6761,-0.2956,0.6080,9
2026-03-21T17:25:30.261720,0,0.9865,0.9865,0.0221,2.2883,0.8714,0.0579,-0.8695,60
2026-03-21T17:25:30.261720,1,0.1108,0.1108,0.0089,2.2799,1.0790,0.6423,-0.8670,6
2026-03-21T17:25:30.261720,2,1.0797,0.0756,1.0797,2.1189,0.7584,0.7479,-0.1258,71
2026-03-21T17:25:30.261720,3,0.3327,0.3327,0.1007,1.1188,0.4244,0.2764,0.3220,38
2026-03-21T17:25:30.261720,4,0.0702,0.0666,0.0702,0.7899,0.6685,0.1781,0.6443,8
2026-03-21T17:25:30.261720,5,0.0601,0.0601,0.0494,1.0264,0.4011,-0.0071,0.4011,9
2026-03-21T17:25:30.261720,6,0.1005,0.0667,0.1005,0.8311,0.6756,-0.2956,0.6075,9
2026-03-21T17:25:30.331506,0,1.1976,1.1976,0.0549,2.2896,0.8815,0.1479,-0.8690,70
2026-03-21T17:25:30.331506,1,1.0522,0.0713,1.0522,2.0942,0.7568,0.7477,-0.1172,70
2026-03-21T17:25:30.331506,2,0.3408,0.3408,0.0952,1.1188,0.4256,0.2773,0.3229,38
2026-03-21T17:25:30.331506,3,0.0685,0.0685,0.0635,0.7862,0.6683,0.1781,0.6442,8
2026-03-21T17:25:30.331506,4,0.0606,0.0606,0.0465,1.0194,0.4037,-0.0070,0.4036,9
2026-03-21T17:25:30.331506,5,0.0993,0.0644,0.0993,0.8298,0.6759,-0.2957,0.6078,9
2026-03-21T17:25:30.400504,0,1.1943,1.1943,0.0268,2.2897,0.8805,0.1392,-0.8694,69
2026-03-21T17:25:30.400504,1,1.0342,0.0753,1.0342,2.0440,0.7513,0.7463,-0.0867,70
2026-03-21T17:25:30.400504,2,0.3305,0.3305,0.1034,1.1177,0.4252,0.2770,0.3227,38
2026-03-21T17:25:30.400504,3,0.0686,0.0686,0.0625,0.7871,0.6700,0.1785,0.6457,8
2026-03-21T17:25:30.400504,4,0.0599,0.0599,0.0465,1.0244,0.4031,-0.0070,0.4031,9
2026-03-21T17:25:30.400504,5,0.1030,0.0628,0.1030,0.8298,0.6795,-0.2972,0.6111,9
2026-03-21T17:25:30.470279,0,1.1981,1.1981,0.0220,2.2887,0.8797,0.1390,-0.8686,69
2026-03-21T17:25:30.470279,1,1.0271,0.0724,1.0271,2.0676,0.7557,0.7478,-0.1089,69
2026-03-21T17:25:30.470279,2,0.3330,0.3330,0.1055,1.1170,0.4255,0.2773,0.3227,38
2026-03-21T17:25:30.470279,3,0.0728,0.0646,0.0728,0.8003,0.6656,0.1773,0.6415,8
2026-03-21T17:25:30.470279,4,0.0510,0.0510,0.0384,1.0203,0.3989,-0.0109,0.3988,8
2026-03-21T17:25:30.470279,5,0.0930,0.0647,0.0930,0.8272,0.6762,-0.2959,0.6080,9
2026-03-21T17:25:30.540264,0,1.1942,1.1942,0.0304,2.2903,0.8803,0.1389,-0.8693,69
2026-03-21T17:25:30.540264,1,1.0017,0.0706,1.0017,2.0427,0.7541,0.7473,-0.1008,68
2026-03-21T17:25:30.540264,2,0.3067,0.3067,0.0999,1.1208,0.4221,0.2714,0.3233,37
2026-03-21T17:25:30.540264,3,0.1049,0.0715,0.1049,0.7956,0.6748,0.1737,0.6520,9
2026-03-21T17:25:30.540264,4,0.0594,0.0594,0.0404,1.0204,0.4007,-0.0072,0.4006,9
2026-03-21T17:25:30.540264,5,0.0993,0.0628,0.0993,0.8298,0.6763,-0.2958,0.6082,9
2026-03-21T17:25:30.609586,0,1.1259,1.1259,0.0230,2.2893,0.8758,0.1113,-0.8687,66
2026-03-21T17:25:30.609586,1,0.0445,0.0445,0.0095,2.2739,1.1419,0.7492,-0.8617,3
2026-03-21T17:25:30.609586,2,1.0299,0.0671,1.0299,2.0709,0.7551,0.7472,-0.1088,69
2026-03-21T17:25:30.609586,3,0.3339,0.3339,0.0981,1.1171,0.4245,0.2767,0.3219,38
2026-03-21T17:25:30.609586,4,0.1000,0.0726,0.1000,0.7947,0.6745,0.1736,0.6518,9
2026-03-21T17:25:30.609586,5,0.0602,0.0602,0.0445,1.0204,0.4021,-0.0070,0.4021,9
2026-03-21T17:25:30.609586,6,0.1074,0.0613,0.1074,0.8324,0.6775,-0.2963,0.6093,9
2026-03-21T17:25:30.679891,0,1.1936,1.1936,0.0270,2.2906,0.8799,0.1390,-0.8688,69
2026-03-21T17:25:30.679891,1,1.0080,0.0708,1.0080,2.0472,0.7547,0.7479,-0.1010,68
2026-03-21T17:25:30.679891,2,0.3300,0.3300,0.1028,1.1181,0.4246,0.2766,0.3221,38
2026-03-21T17:25:30.679891,3,0.0981,0.0734,0.0981,0.7918,0.6738,0.1734,0.6510,9
2026-03-21T17:25:30.679891,4,0.0589,0.0589,0.0384,1.0223,0.4007,-0.0070,0.4006,9
2026-03-21T17:25:30.679891,5,0.0972,0.0629,0.0972,0.8324,0.6763,-0.2959,0.6082,9
2026-03-21T17:25:30.749400,0,1.0966,1.0966,0.0241,2.2916,0.8752,0.1021,-0.8693,65
2026-03-21T17:25:30.749400,1,1.0917,0.0729,1.0917,2.0955,0.7546,0.7476,-0.1032,72
2026-03-21T17:25:30.749400,2,0.3103,0.3103,0.0998,1.1169,0.4214,0.2711,0.3226,37
2026-03-21T17:25:30.749400,3,0.1030,0.0721,0.1030,0.7937,0.6723,0.1730,0.6497,9
2026-03-21T17:25:30.749400,4,0.0601,0.0601,0.0515,1.0234,0.4029,-0.0070,0.4029,9
2026-03-21T17:25:30.749400,5,0.0647,0.0647,0.0557,0.8307,0.6678,-0.2978,0.5978,8
2026-03-21T17:25:30.819057,0,1.1925,1.1925,0.0332,2.2917,0.8798,0.1387,-0.8688,69
2026-03-21T17:25:30.819057,1,1.0954,0.0765,1.0954,2.0942,0.7543,0.7472,-0.1031,72
2026-03-21T17:25:30.819057,2,0.3055,0.3055,0.1545,1.1165,0.4229,0.2686,0.3266,38
2026-03-21T17:25:30.819057,3,0.0981,0.0731,0.0981,0.7937,0.6744,0.1736,0.6517,9
2026-03-21T17:25:30.819057,4,0.0602,0.0602,0.0535,1.0224,0.4030,-0.0069,0.4030,9
2026-03-21T17:25:30.819057,5,0.0633,0.0633,0.0583,0.8324,0.6687,-0.2982,0.5986,8
2026-03-21T17:25:30.888764,0,1.1275,1.1275,0.0262,2.2916,0.8759,0.1113,-0.8688,66
2026-03-21T17:25:30.888764,1,1.0538,0.0761,1.0538,2.0962,0.7575,0.7483,-0.1175,70
2026-03-21T17:25:30.888764,2,0.3373,0.3373,0.1467,1.1209,0.4249,0.2737,0.3251,39
2026-03-21T17:25:30.888764,3,0.0949,0.0730,0.0949,0.7984,0.6739,0.1735,0.6511,9
2026-03-21T17:25:30.888764,4,0.0611,0.0611,0.0535,1.0204,0.4042,-0.0071,0.4042,9
2026-03-21T17:25:30.888764,5,0.1003,0.0638,0.1003,0.8281,0.6770,-0.2961,0.6088,9
2026-03-21T17:25:30.958629,0,1.1022,1.1022,0.0231,2.2896,0.8751,0.1019,-0.8691,65
2026-03-21T17:25:30.958629,1,1.0985,0.0745,1.0985,2.0988,0.7548,0.7477,-0.1031,72
2026-03-21T17:25:30.958629,2,0.3338,0.3338,0.1426,1.1168,0.4247,0.2736,0.3248,39
2026-03-21T17:25:30.958629,3,0.1017,0.0711,0.1017,0.8022,0.6741,0.1735,0.6514,9
2026-03-21T17:25:30.958629,4,0.0612,0.0612,0.0574,1.0214,0.4071,-0.0074,0.4071,9
2026-03-21T17:25:30.958629,5,0.1049,0.0645,0.1049,0.8289,0.6771,-0.2961,0.6089,9
2026-03-21T17:25:31.028573,0,1.1263,1.1263,0.0206,2.2896,0.8766,0.1111,-0.8695,66
2026-03-21T17:25:31.028573,1,1.0558,0.0705,1.0558,2.0968,0.7571,0.7479,-0.1173,70
2026-03-21T17:25:31.028573,2,0.3315,0.3315,0.1083,1.1170,0.4253,0.2771,0.3227,38
2026-03-21T17:25:31.028573,3,0.1095,0.0696,0.1095,0.8022,0.6746,0.1735,0.6519,9
2026-03-21T17:25:31.028573,4,0.0610,0.0610,0.0565,1.0135,0.4071,-0.0076,0.4071,9
2026-03-21T17:25:31.028573,5,0.0970,0.0655,0.0970,0.8276,0.6767,-0.2960,0.6086,9
2026-03-21T17:25:31.098923,0,1.1920,1.1920,0.0298,2.2897,0.8800,0.1389,-0.8689,69
2026-03-21T17:25:31.098923,1,0.0964,0.0053,0.0964,2.1713,1.0487,0.7666,-0.7156,5
2026-03-21T17:25:31.098923,2,1.0045,0.0695,1.0045,2.0459,0.7542,0.7474,-0.1006,68
2026-03-21T17:25:31.098923,3,0.3333,0.3333,0.0945,1.1163,0.4248,0.2769,0.3222,38
2026-03-21T17:25:31.098923,4,0.0721,0.0658,0.0721,0.7928,0.6696,0.1784,0.6454,8
2026-03-21T17:25:31.098923,5,0.0507,0.0507,0.0270,1.0174,0.4008,-0.0036,0.4008,8
2026-03-21T17:25:31.098923,6,0.0994,0.0661,0.0994,0.8317,0.6720,-0.2940,0.6043,9
2026-03-21T17:25:31.168308,0,1.1216,1.1216,0.0190,2.2872,0.8758,0.1110,-0.8687,66
2026-03-21T17:25:31.168308,1,1.0666,0.0751,1.0666,2.0729,0.7532,0.7472,-0.0948,71
2026-03-21T17:25:31.168308,2,0.3294,0.3294,0.1550,1.1188,0.4263,0.2743,0.3263,39
2026-03-21T17:25:31.168308,3,0.0702,0.0664,0.0702,0.7909,0.6701,0.1785,0.6459,8
2026-03-21T17:25:31.168308,4,0.0722,0.0619,0.0722,1.0193,0.4070,-0.0077,0.4069,9
2026-03-21T17:25:31.168308,5,0.1129,0.0603,0.1129,0.8341,0.6752,-0.2953,0.6072,9
2026-03-21T17:25:31.237025,0,1.0755,1.0755,0.0249,2.2896,0.8747,0.0931,-0.8697,64
2026-03-21T17:25:31.237025,1,0.0949,0.0949,0.0111,2.2770,1.1289,0.7260,-0.8644,5
2026-03-21T17:25:31.237025,2,1.0490,0.0733,1.0490,2.0498,0.7512,0.7462,-0.0865,70
2026-03-21T17:25:31.237025,3,0.3337,0.3337,0.1485,1.1179,0.4261,0.2744,0.3260,39
2026-03-21T17:25:31.237025,4,0.0674,0.0674,0.0674,0.7880,0.6697,0.1785,0.6455,8
2026-03-21T17:25:31.237025,5,0.0708,0.0708,0.0689,1.0164,0.4087,-0.0032,0.4087,10
2026-03-21T17:25:31.237025,6,0.1066,0.0626,0.1066,0.8315,0.6760,-0.2956,0.6079,9
2026-03-21T17:25:31.306881,0,1.0996,1.0996,0.0247,2.2893,0.8752,0.1021,-0.8692,65
2026-03-21T17:25:31.306881,1,1.0728,0.0750,1.0728,2.0716,0.7527,0.7467,-0.0949,71
2026-03-21T17:25:31.306881,2,0.3355,0.3355,0.1439,1.1209,0.4247,0.2735,0.3249,39
2026-03-21T17:25:31.306881,3,0.0895,0.0756,0.0895,0.7880,0.6736,0.1735,0.6509,9
2026-03-21T17:25:31.306881,4,0.0613,0.0613,0.0594,1.0214,0.4057,-0.0073,0.4056,9
2026-03-21T17:25:31.306881,5,0.0627,0.0627,0.0603,0.8307,0.6687,-0.2981,0.5986,8
2026-03-21T17:25:31.376194,0,1.1236,1.1236,0.0219,2.2882,0.8765,0.1113,-0.8694,66
2026-03-21T17:25:31.376194,1,1.1252,0.0793,1.1252,2.1230,0.7560,0.7477,-0.1114,73
2026-03-21T17:25:31.376194,2,0.3135,0.3135,0.1366,1.1173,0.4223,0.2686,0.3259,38
2026-03-21T17:25:31.376194,3,0.1026,0.0707,0.1026,0.8041,0.6721,0.1731,0.6494,9
2026-03-21T17:25:31.376194,4,0.0606,0.0606,0.0466,1.0215,0.4067,-0.0071,0.4066,9
2026-03-21T17:25:31.376194,5,0.0668,0.0601,0.0668,0.8298,0.6705,-0.2989,0.6002,8
2026-03-21T17:25:31.446508,0,1.1228,1.1228,0.0225,2.2896,0.8764,0.1113,-0.8693,66
2026-03-21T17:25:31.446508,1,1.1449,0.0762,1.1449,2.1467,0.7585,0.7489,-0.1203,74
2026-03-21T17:25:31.446508,2,0.3335,0.3335,0.0992,1.1164,0.4256,0.2772,0.3229,38
2026-03-21T17:25:31.446508,3,0.0777,0.0637,0.0777,0.7994,0.6652,0.1772,0.6412,8
2026-03-21T17:25:31.446508,4,0.0703,0.0623,0.0703,1.0164,0.4079,-0.0076,0.4078,9
2026-03-21T17:25:31.446508,5,0.0637,0.0637,0.0585,0.8289,0.6692,-0.2984,0.5990,8
2026-03-21T17:25:31.516478,0,1.1954,1.1954,0.0551,2.2883,0.8800,0.1477,-0.8675,70
2026-03-21T17:25:31.516478,1,1.0267,0.0708,1.0267,2.0709,0.7560,0.7481,-0.1092,69
2026-03-21T17:25:31.516478,2,0.3110,0.3110,0.1499,1.1203,0.4230,0.2689,0.3266,38
2026-03-21T17:25:31.516478,3,0.0935,0.0753,0.0935,0.7852,0.6770,0.1743,0.6541,9
2026-03-21T17:25:31.516478,4,0.0509,0.0509,0.0284,1.0183,0.4035,-0.0035,0.4035,8
2026-03-21T17:25:31.516478,5,0.0629,0.0629,0.0604,0.8289,0.6697,-0.2986,0.5995,8
2026-03-21T17:25:31.585564,0,1.1252,1.1252,0.0254,2.2926,0.8765,0.1114,-0.8694,66
2026-03-21T17:25:31.585564,1,1.1181,0.0735,1.1181,2.1189,0.7556,0.7474,-0.1111,73
2026-03-21T17:25:31.585564,2,0.3289,0.3289,0.1547,1.1176,0.4260,0.2743,0.3260,39
2026-03-21T17:25:31.585564,3,0.1107,0.0701,0.1107,0.7975,0.6740,0.1734,0.6513,9
2026-03-21T17:25:31.585564,4,0.0508,0.0508,0.0245,1.0148,0.4010,-0.0035,0.4010,8
2026-03-21T17:25:31.585564,5,0.0940,0.0645,0.0940,0.8311,0.6750,-0.2953,0.6069,9
2026-03-21T17:25:31.653619,0,1.1014,1.1014,0.0224,2.2877,0.8753,0.1015,-0.8694,63
2026-03-21T17:25:31.653619,1,0.0640,0.0640,0.0520,2.2779,1.1331,0.7434,-0.8551,5
2026-03-21T17:25:31.653619,2,1.1439,0.0764,1.1439,2.1412,0.7575,0.7480,-0.1198,74
2026-03-21T17:25:31.653619,3,0.3087,0.3087,0.0961,1.1179,0.4228,0.2719,0.3238,37
2026-03-21T17:25:31.653619,4,0.0943,0.0745,0.0943,0.7890,0.6745,0.1736,0.6518,9
2026-03-21T17:25:31.653619,5,0.0703,0.0621,0.0703,1.0174,0.4059,-0.0076,0.4058,9
2026-03-21T17:25:31.653619,6,0.1024,0.0640,0.1024,0.8311,0.6741,-0.2948,0.6062,9
2026-03-21T17:25:31.723159,0,1.1963,1.1963,0.0217,2.2883,0.8800,0.1390,-0.8689,69
2026-03-21T17:25:31.723159,1,1.0542,0.0761,1.0542,2.0962,0.7569,0.7478,-0.1172,70
2026-03-21T17:25:31.723159,2,0.3323,0.3323,0.1417,1.1168,0.4257,0.2742,0.3257,39
2026-03-21T17:25:31.723159,3,0.1095,0.0693,0.1095,0.8041,0.6755,0.1737,0.6528,9
2026-03-21T17:25:31.723159,4,0.0693,0.0620,0.0693,1.0234,0.4061,-0.0074,0.4061,9
2026-03-21T17:25:31.723159,5,0.1007,0.0609,0.1007,0.8359,0.6736,-0.2946,0.6058,9
2026-03-21T17:25:31.792537,0,1.1248,1.1248,0.0245,2.2917,0.8762,0.1112,-0.8692,66
2026-03-21T17:25:31.792537,1,1.1275,0.0802,1.1275,2.1713,0.7624,0.7489,-0.1428,73
2026-03-21T17:25:31.792537,2,0.3329,0.3329,0.1020,1.1182,0.4261,0.2776,0.3233,38
2026-03-21T17:25:31.792537,3,0.0935,0.0751,0.0935,0.7862,0.6760,0.1741,0.6532,9
2026-03-21T17:25:31.792537,4,0.0643,0.0613,0.0643,1.0193,0.4058,-0.0076,0.4057,9
2026-03-21T17:25:31.792537,5,0.0643,0.0643,0.0555,0.8333,0.6657,-0.2968,0.5959,8
2026-03-21T17:25:31.863246,0,1.1894,1.1894,0.0598,2.2887,0.8807,0.1480,-0.8682,70
2026-03-21T17:25:31.863246,1,1.0279,0.0752,1.0279,2.0690,0.7562,0.7482,-0.1093,69
2026-03-21T17:25:31.863246,2,0.3349,0.3349,0.1410,1.1179,0.4247,0.2736,0.3249,39
2026-03-21T17:25:31.863246,3,0.0864,0.0759,0.0864,0.7899,0.6728,0.1733,0.6500,9
2026-03-21T17:25:31.863246,4,0.0507,0.0507,0.0305,1.0194,0.4002,-0.0035,0.4002,8
2026-03-21T17:25:31.863246,5,0.1119,0.0602,0.1119,0.8350,0.6751,-0.2952,0.6071,9
2026-03-21T17:25:31.932592,0,1.0531,1.0531,0.0218,2.2907,0.8731,0.0842,-0.8690,63
2026-03-21T17:25:31.932592,1,0.0897,0.0897,0.0153,2.2767,1.1269,0.7247,-0.8629,5
2026-03-21T17:25:31.932592,2,1.1007,0.0842,1.1007,2.0975,0.7547,0.7477,-0.1030,72
2026-03-21T17:25:31.932592,3,0.3303,0.3303,0.1546,1.1203,0.4268,0.2747,0.3266,39
2026-03-21T17:25:31.932592,4,0.1037,0.0711,0.1037,0.7994,0.6736,0.1734,0.6510,9
2026-03-21T17:25:31.932592,5,0.0618,0.0618,0.0585,1.0115,0.4101,-0.0075,0.4101,9
2026-03-21T17:25:31.932592,6,0.1027,0.0608,0.1027,0.8333,0.6764,-0.2958,0.6083,9
2026-03-21T17:25:32.002532,0,1.1916,1.1916,0.0327,2.2926,0.8800,0.1388,-0.8690,69
2026-03-21T17:25:32.002532,1,1.1039,0.0778,1.1039,2.1453,0.7605,0.7485,-0.1344,72
2026-03-21T17:25:32.002532,2,0.3084,0.3084,0.1037,1.1181,0.4230,0.2720,0.3240,37
2026-03-21T17:25:32.002532,3,0.1001,0.0728,0.1001,0.7928,0.6753,0.1738,0.6526,9
2026-03-21T17:25:32.002532,4,0.0782,0.0632,0.0782,1.0203,0.4106,-0.0076,0.4105,9
2026-03-21T17:25:32.002532,5,0.0651,0.0651,0.0537,0.8333,0.6658,-0.2969,0.5960,8
2026-03-21T17:25:32.072145,0,1.1025,1.1025,0.0271,2.2930,0.8755,0.1019,-0.8696,65
2026-03-21T17:25:32.072145,1,1.0328,0.0697,1.0328,2.0716,0.7561,0.7483,-0.1089,69
2026-03-21T17:25:32.072145,2,0.3045,0.3045,0.1024,1.1176,0.4226,0.2718,0.3236,37
2026-03-21T17:25:32.072145,3,0.1060,0.0718,0.1060,0.7918,0.6750,0.1737,0.6522,9
2026-03-21T17:25:32.072145,4,0.0511,0.0511,0.0350,1.0128,0.4050,-0.0033,0.4050,8
2026-03-21T17:25:32.072145,5,0.1035,0.0630,0.1035,0.8350,0.6734,-0.2945,0.6056,9
2026-03-21T17:25:32.141064,0,1.1240,1.1240,0.0249,2.2896,0.8762,0.1112,-0.8691,66
2026-03-21T17:25:32.141064,1,1.0317,0.0728,1.0317,2.0709,0.7558,0.7479,-0.1089,69
2026-03-21T17:25:32.141064,2,0.3281,0.3281,0.1512,1.1188,0.4259,0.2742,0.3259,39
2026-03-21T17:25:32.141064,3,0.0981,0.0731,0.0981,0.7937,0.6772,0.1743,0.6544,9
2026-03-21T17:25:32.141064,4,0.0752,0.0626,0.0752,1.0223,0.4085,-0.0075,0.4084,9
2026-03-21T17:25:32.141064,5,0.0971,0.0619,0.0971,0.8341,0.6720,-0.2940,0.6043,9
2026-03-21T17:25:32.211157,0,1.1007,1.1007,0.0268,2.2916,0.8748,0.1019,-0.8688,65
2026-03-21T17:25:32.211157,1,0.0659,0.0659,0.0439,2.2772,1.1345,0.7444,-0.8561,5
2026-03-21T17:25:32.211157,2,1.0289,0.0735,1.0289,2.0722,0.7556,0.7476,-0.1092,69
2026-03-21T17:25:32.211157,3,0.3372,0.3372,0.1060,1.1203,0.4259,0.2776,0.3230,38
2026-03-21T17:25:32.211157,4,0.1019,0.0721,0.1019,0.7956,0.6741,0.1735,0.6514,9
2026-03-21T17:25:32.211157,5,0.0620,0.0620,0.0533,1.0133,0.4102,-0.0073,0.4102,9
2026-03-21T17:25:32.211157,6,0.1107,0.0602,0.1107,0.8385,0.6741,-0.2948,0.6062,9
2026-03-21T17:25:32.280229,0,1.1220,1.1220,0.0234,2.2916,0.8761,0.1100,-0.8692,64
2026-03-21T17:25:32.280229,1,1.0236,0.0723,1.0236,2.0213,0.7496,0.7462,-0.0714,70
2026-03-21T17:25:32.280229,2,0.3366,0.3366,0.1478,1.1191,0.4249,0.2737,0.3250,39
2026-03-21T17:25:32.280229,3,0.1039,0.0715,0.1039,0.7966,0.6751,0.1738,0.6523,9
2026-03-21T17:25:32.280229,4,0.0617,0.0617,0.0574,1.0203,0.4092,-0.0072,0.4092,9
2026-03-21T17:25:32.280229,5,0.1089,0.0589,0.1089,0.8385,0.6759,-0.2956,0.6078,9
2026-03-21T17:25:32.350196,0,1.0990,1.0990,0.0219,2.2887,0.8747,0.1019,-0.8688,65
2026-03-21T17:25:32.350196,1,1.0675,0.0691,1.0675,2.0703,0.7533,0.7473,-0.0948,71
2026-03-21T17:25:32.350196,2,0.3313,0.3313,0.1026,1.1169,0.4246,0.2767,0.3221,38
2026-03-21T17:25:32.350196,3,0.0990,0.0726,0.0990,0.7956,0.6728,0.1732,0.6501,9
2026-03-21T17:25:32.350196,4,0.0518,0.0518,0.0344,1.0134,0.4048,-0.0108,0.4047,8
2026-03-21T17:25:32.350196,5,0.1019,0.0612,0.1019,0.8324,0.6759,-0.2956,0.6078,9
2026-03-21T17:25:32.419683,0,1.1263,1.1263,0.0249,2.2896,0.8768,0.1112,-0.8697,66
2026-03-21T17:25:32.419683,1,1.0060,0.0688,1.0060,2.0466,0.7540,0.7473,-0.1006,68
2026-03-21T17:25:32.419683,2,0.3334,0.3334,0.1038,1.1191,0.4252,0.2772,0.3224,38
2026-03-21T17:25:32.419683,3,0.0980,0.0727,0.0980,0.7966,0.6730,0.1733,0.6503,9
2026-03-21T17:25:32.419683,4,0.0496,0.0496,0.0115,1.0134,0.3993,-0.0105,0.3992,8
2026-03-21T17:25:32.419683,5,0.0629,0.0612,0.0629,0.8333,0.6663,-0.2971,0.5965,8
2026-03-21T17:25:32.489644,0,1.1253,1.1253,0.0241,2.2913,0.8762,0.1110,-0.8692,66
2026-03-21T17:25:32.489644,1,1.0535,0.0804,1.0535,2.0968,0.7566,0.7474,-0.1173,70
2026-03-21T17:25:32.489644,2,0.3070,0.3070,0.0958,1.1176,0.4220,0.2714,0.3231,37
2026-03-21T17:25:32.489644,3,0.1037,0.0709,0.1037,0.8013,0.6729,0.1731,0.6502,9
2026-03-21T17:25:32.489644,4,0.0511,0.0511,0.0369,1.0208,0.3997,-0.0107,0.3995,8
2026-03-21T17:25:32.489644,5,0.0717,0.0567,0.0717,0.8385,0.6665,-0.2970,0.5966,8
2026-03-21T17:25:32.559203,0,1.0741,1.0741,0.0200,2.2896,0.8745,0.0930,-0.8695,64
2026-03-21T17:25:32.559203,1,0.0903,0.0903,0.0186,2.2800,1.1279,0.7253,-0.8637,5
2026-03-21T17:25:32.559203,2,1.1060,0.0767,1.1060,2.1488,0.7599,0.7479,-0.1343,72
2026-03-21T17:25:32.559203,3,0.3292,0.3292,0.1347,1.1164,0.4261,0.2744,0.3260,39
2026-03-21T17:25:32.559203,4,0.1056,0.0705,0.1056,0.8013,0.6721,0.1730,0.6495,9
2026-03-21T17:25:32.559203,5,0.0604,0.0604,0.0595,1.0274,0.4031,-0.0069,0.4031,9
2026-03-21T17:25:32.559203,6,0.1120,0.0585,0.1120,0.8333,0.6750,-0.2951,0.6071,9
2026-03-21T17:25:32.628987,0,1.1228,1.1228,0.0254,2.2923,0.8757,0.1112,-0.8686,66
2026-03-21T17:25:32.628987,1,1.0032,0.0740,1.0032,2.0479,0.7544,0.7476,-0.1010,68
2026-03-21T17:25:32.628987,2,0.3083,0.3083,0.1363,1.1170,0.4225,0.2687,0.3260,38
2026-03-21T17:25:32.628987,3,0.0949,0.0730,0.0949,0.7984,0.6732,0.1733,0.6505,9
2026-03-21T17:25:32.628987,4,0.0505,0.0505,0.0333,1.0203,0.3966,-0.0106,0.3964,8
2026-03-21T17:25:32.628987,5,0.0666,0.0597,0.0666,0.8333,0.6680,-0.2977,0.5979,8
2026-03-21T17:25:32.698722,0,1.1021,1.1021,0.0234,2.2906,0.8759,0.1022,-0.8699,65
2026-03-21T17:25:32.698722,1,0.0685,0.0685,0.0437,2.2748,1.1327,0.7432,-0.8547,5
2026-03-21T17:25:32.698722,2,1.0680,0.0699,1.0680,2.0683,0.7534,0.7474,-0.0947,71
2026-03-21T17:25:32.698722,3,0.3093,0.3093,0.1407,1.1168,0.4227,0.2688,0.3262,38
2026-03-21T17:25:32.698722,4,0.1010,0.0724,0.1010,0.7947,0.6741,0.1735,0.6514,9
2026-03-21T17:25:32.698722,5,0.0509,0.0509,0.0286,1.0165,0.4014,-0.0107,0.4013,8
2026-03-21T17:25:32.698722,6,0.0649,0.0630,0.0649,0.8372,0.6655,-0.2966,0.5957,8
2026-03-21T17:25:32.768325,0,1.1961,1.1961,0.0252,2.2896,0.8793,0.1391,-0.8683,69
2026-03-21T17:25:32.768325,1,1.0554,0.0738,1.0554,2.0942,0.7570,0.7479,-0.1172,70
2026-03-21T17:25:32.768325,2,0.3349,0.3349,0.1011,1.1173,0.4258,0.2774,0.3230,38
2026-03-21T17:25:32.768325,3,0.0999,0.0720,0.0999,0.7984,0.6741,0.1736,0.6514,9
2026-03-21T17:25:32.768325,4,0.0608,0.0608,0.0584,1.0173,0.4054,-0.0068,0.4053,9
2026-03-21T17:25:32.768325,5,0.0990,0.0627,0.0990,0.8341,0.6703,-0.2932,0.6028,9
2026-03-21T17:25:32.838050,0,1.1221,1.1221,0.0228,2.2893,0.8756,0.1109,-0.8686,66
2026-03-21T17:25:32.838050,1,1.0547,0.0678,1.0547,2.0962,0.7579,0.7487,-0.1173,70
2026-03-21T17:25:32.838050,2,0.3324,0.3324,0.1024,1.1177,0.4254,0.2772,0.3227,38
2026-03-21T17:25:32.838050,3,0.0739,0.0649,0.0739,0.7966,0.6683,0.1780,0.6442,8
2026-03-21T17:25:32.838050,4,0.0616,0.0615,0.0616,1.0255,0.4046,-0.0070,0.4045,9
2026-03-21T17:25:32.838050,5,0.1105,0.0624,0.1105,0.8354,0.6743,-0.2949,0.6064,9
2026-03-21T17:25:32.907288,0,1.1912,1.1912,0.0600,2.2896,0.8809,0.1482,-0.8684,70
2026-03-21T17:25:32.907288,1,1.0920,0.0756,1.0920,2.0968,0.7542,0.7471,-0.1031,72
2026-03-21T17:25:32.907288,2,0.3340,0.3340,0.0927,1.1164,0.4245,0.2766,0.3220,38
2026-03-21T17:25:32.907288,3,0.0943,0.0743,0.0943,0.7909,0.6763,0.1741,0.6535,9
2026-03-21T17:25:32.907288,4,0.0610,0.0610,0.0596,1.0285,0.4049,-0.0070,0.4048,9
2026-03-21T17:25:32.907288,5,0.0983,0.0655,0.0983,0.8307,0.6731,-0.2945,0.6053,9
2026-03-21T17:25:32.976929,0,1.1916,1.1916,0.0292,2.2877,0.8792,0.1391,-0.8682,69
2026-03-21T17:25:32.976929,1,0.0936,0.0110,0.0936,2.1684,1.0469,0.7653,-0.7144,5
2026-03-21T17:25:32.976929,2,1.0391,0.0723,1.0391,2.0479,0.7517,0.7467,-0.0866,70
2026-03-21T17:25:32.976929,3,0.3291,0.3291,0.1049,1.1202,0.4255,0.2772,0.3228,38
2026-03-21T17:25:32.976929,4,0.1030,0.0721,0.1030,0.7937,0.6749,0.1737,0.6521,9
2026-03-21T17:25:32.976929,5,0.0603,0.0603,0.0434,1.0204,0.4055,-0.0071,0.4054,9
2026-03-21T17:25:32.976929,6,0.0681,0.0582,0.0681,0.8385,0.6631,-0.2956,0.5936,8
2026-03-21T17:25:33.046780,0,1.0752,1.0752,0.0184,2.2891,0.8741,0.0933,-0.8691,64
2026-03-21T17:25:33.046780,1,0.0917,0.0917,0.0447,2.2779,1.1282,0.7330,-0.8576,6
2026-03-21T17:25:33.046780,2,1.1363,0.0677,1.1363,2.1426,0.7564,0.7469,-0.1194,74
2026-03-21T17:25:33.046780,3,0.3330,0.3330,0.1024,1.1177,0.4249,0.2769,0.3223,38
2026-03-21T17:25:33.046780,4,0.1088,0.0707,0.1088,0.7956,0.6746,0.1736,0.6519,9
2026-03-21T17:25:33.046780,5,0.0607,0.0607,0.0415,1.0154,0.4064,-0.0072,0.4063,9
2026-03-21T17:25:33.046780,6,0.1012,0.0632,0.1012,0.8354,0.6721,-0.2940,0.6044,9
2026-03-21T17:25:33.116245,0,1.1031,1.1031,0.0221,2.2893,0.8750,0.1020,-0.8690,65
2026-03-21T17:25:33.116245,1,0.0620,0.0620,0.0535,2.2795,1.1329,0.7432,-0.8550,5
2026-03-21T17:25:33.116245,2,1.0788,0.0785,1.0788,2.1203,0.7584,0.7479,-0.1258,71
2026-03-21T17:25:33.116245,3,0.3331,0.3331,0.1005,1.1185,0.4238,0.2763,0.3214,38
2026-03-21T17:25:33.116245,4,0.1045,0.0703,0.1045,0.8041,0.6723,0.1731,0.6497,9
2026-03-21T17:25:33.116245,5,0.0610,0.0610,0.0454,1.0164,0.4057,-0.0072,0.4056,9
2026-03-21T17:25:33.116245,6,0.0670,0.0612,0.0670,0.8337,0.6665,-0.2971,0.5966,8
2026-03-21T17:25:33.186108,0,1.1003,1.1003,0.0239,2.2887,0.8744,0.1019,-0.8685,65
2026-03-21T17:25:33.186108,1,1.0534,0.0726,1.0534,2.0948,0.7566,0.7475,-0.1169,70
2026-03-21T17:25:33.186108,2,0.3327,0.3327,0.0929,1.1175,0.4262,0.2777,0.3233,38
2026-03-21T17:25:33.186108,3,0.0925,0.0754,0.0925,0.7852,0.6772,0.1744,0.6544,9
2026-03-21T17:25:33.186108,4,0.0616,0.0616,0.0585,1.0185,0.4070,-0.0074,0.4070,9
2026-03-21T17:25:33.186108,5,0.0689,0.0576,0.0689,0.8402,0.6635,-0.2957,0.5939,8
2026-03-21T17:25:33.256136,0,1.1916,1.1916,0.0309,2.2893,0.8800,0.1391,-0.8689,69
2026-03-21T17:25:33.256136,1,1.1171,0.0751,1.1171,2.1189,0.7556,0.7474,-0.1112,73
2026-03-21T17:25:33.256136,2,0.3315,0.3315,0.1056,1.1181,0.4254,0.2771,0.3228,38
2026-03-21T17:25:33.256136,3,0.0711,0.0658,0.0711,0.7947,0.6701,0.1785,0.6459,8
2026-03-21T17:25:33.256136,4,0.0502,0.0502,0.0257,1.0145,0.4009,-0.0033,0.4009,8
2026-03-21T17:25:33.256136,5,0.1019,0.0633,0.1019,0.8324,0.6721,-0.2940,0.6044,9
2026-03-21T17:25:33.325473,0,1.0954,1.0954,0.0234,2.2906,0.8747,0.1018,-0.8687,65
2026-03-21T17:25:33.325473,1,0.0653,0.0653,0.0461,2.2772,1.1317,0.7425,-0.8540,5
2026-03-21T17:25:33.325473,2,1.0784,0.0829,1.0784,2.1217,0.7582,0.7477,-0.1258,71
2026-03-21T17:25:33.325473,3,0.3323,0.3323,0.0985,1.1175,0.4252,0.2771,0.3225,38
2026-03-21T17:25:33.325473,4,0.0981,0.0731,0.0981,0.7937,0.6761,0.1740,0.6533,9
2026-03-21T17:25:33.325473,5,0.0506,0.0506,0.0324,1.0233,0.3987,-0.0035,0.3987,8
2026-03-21T17:25:33.325473,6,0.0667,0.0609,0.0667,0.8315,0.6682,-0.2979,0.5981,8
2026-03-21T17:25:33.395328,0,1.1464,1.1464,0.0230,2.2896,0.8772,0.1199,-0.8690,67
2026-03-21T17:25:33.395328,1,1.0317,0.0742,1.0317,2.0709,0.7560,0.7481,-0.1093,69
2026-03-21T17:25:33.395328,2,0.3302,0.3302,0.1495,1.1189,0.4258,0.2744,0.3257,39
2026-03-21T17:25:33.395328,3,0.1036,0.0707,0.1036,0.8022,0.6712,0.1728,0.6486,9
2026-03-21T17:25:33.395328,4,0.0505,0.0505,0.0314,1.0233,0.3992,-0.0035,0.3992,8
2026-03-21T17:25:33.395328,5,0.0717,0.0576,0.0717,0.8393,0.6637,-0.2958,0.5941,8
2026-03-21T17:25:33.466155,0,1.1186,1.1186,0.0255,2.2878,0.8766,0.1110,-0.8695,66
2026-03-21T17:25:33.466155,1,1.0296,0.0742,1.0296,2.0729,0.7553,0.7474,-0.1089,69
2026-03-21T17:25:33.466155,2,0.3356,0.3356,0.1484,1.1169,0.4263,0.2745,0.3261,39
2026-03-21T17:25:33.466155,3,0.1085,0.0696,0.1085,0.8032,0.6736,0.1733,0.6510,9
2026-03-21T17:25:33.466155,4,0.0504,0.0504,0.0285,1.0204,0.3969,-0.0034,0.3969,8
2026-03-21T17:25:33.466155,5,0.1100,0.0597,0.1100,0.8359,0.6735,-0.2945,0.6057,9
2026-03-21T17:25:33.535462,0,1.1927,1.1927,0.0252,2.2873,0.8799,0.1390,-0.8688,69
2026-03-21T17:25:33.535462,1,1.0538,0.0716,1.0538,2.0975,0.7573,0.7481,-0.1174,70
2026-03-21T17:25:33.535462,2,0.3140,0.3140,0.1058,1.1192,0.4217,0.2713,0.3229,37
2026-03-21T17:25:33.535462,3,0.1040,0.0721,0.1040,0.7928,0.6745,0.1736,0.6518,9
2026-03-21T17:25:33.535462,4,0.0511,0.0511,0.0280,1.0144,0.4033,-0.0036,0.4033,8
2026-03-21T17:25:33.535462,5,0.0953,0.0683,0.0953,0.8333,0.6693,-0.2929,0.6018,9
2026-03-21T17:25:33.604680,0,1.0757,1.0757,0.0214,2.2877,0.8739,0.0933,-0.8689,64
2026-03-21T17:25:33.604680,1,0.0904,0.0904,0.0146,2.2775,1.1297,0.7265,-0.8651,5
2026-03-21T17:25:33.604680,2,1.0520,0.0772,1.0520,2.0948,0.7573,0.7481,-0.1175,70
2026-03-21T17:25:33.604680,3,0.3345,0.3345,0.0936,1.1164,0.4238,0.2764,0.3213,38
2026-03-21T17:25:33.604680,4,0.1066,0.0702,0.1066,0.8022,0.6728,0.1731,0.6501,9
2026-03-21T17:25:33.604680,5,0.0505,0.0505,0.0295,1.0214,0.3983,-0.0034,0.3983,8
2026-03-21T17:25:33.604680,6,0.0700,0.0579,0.0700,0.8367,0.6650,-0.2964,0.5953,8
2026-03-21T17:25:33.675071,0,1.1936,1.1936,0.0261,2.2868,0.8798,0.1387,-0.8688,69
2026-03-21T17:25:33.675071,1,0.0491,0.0062,0.0491,2.2274,1.1056,0.7679,-0.7954,3
2026-03-21T17:25:33.675071,2,1.1465,0.0757,1.1465,2.1453,0.7576,0.7481,-0.1199,74
2026-03-21T17:25:33.675071,3,0.3086,0.3086,0.1466,1.1198,0.4238,0.2694,0.3272,38
2026-03-21T17:25:33.675071,4,0.1057,0.0709,0.1057,0.7984,0.6753,0.1738,0.6526,9
2026-03-21T17:25:33.675071,5,0.0502,0.0502,0.0235,1.0174,0.3999,-0.0034,0.3999,8
2026-03-21T17:25:33.675071,6,0.1039,0.0644,0.1039,0.8298,0.6741,-0.2948,0.6062,9
2026-03-21T17:25:33.744441,0,1.1255,1.1255,0.0228,2.2897,0.8768,0.1113,-0.8697,66
2026-03-21T17:25:33.744441,1,1.1060,0.0781,1.1060,2.1488,0.7598,0.7479,-0.1343,72
2026-03-21T17:25:33.744441,2,0.3108,0.3108,0.1505,1.1162,0.4229,0.2690,0.3264,38
2026-03-21T17:25:33.744441,3,0.0977,0.0719,0.0977,0.8022,0.6729,0.1732,0.6502,9
2026-03-21T17:25:33.744441,4,0.0693,0.0616,0.0693,1.0154,0.4064,-0.0077,0.4063,9
2026-03-21T17:25:33.744441,5,0.1037,0.0617,0.1037,0.8324,0.6737,-0.2947,0.6059,9
2026-03-21T17:25:33.812994,0,1.1259,1.1259,0.0238,2.2887,0.8767,0.1115,-0.8695,66
2026-03-21T17:25:33.812994,1,1.0680,0.0708,1.0680,2.0703,0.7534,0.7474,-0.0949,71
2026-03-21T17:25:33.812994,2,0.3098,0.3098,0.1552,1.1218,0.4218,0.2680,0.3256,38
2026-03-21T17:25:33.812994,3,0.1096,0.0697,0.1096,0.8013,0.6728,0.1732,0.6501,9
2026-03-21T17:25:33.812994,4,0.0504,0.0504,0.0270,1.0194,0.3993,-0.0036,0.3993,8
2026-03-21T17:25:33.812994,5,0.1045,0.0631,0.1045,0.8341,0.6752,-0.2953,0.6072,9
2026-03-21T17:25:33.883382,0,1.1920,1.1920,0.0277,2.2877,0.8794,0.1389,-0.8683,69
2026-03-21T17:25:33.883382,1,1.0529,0.0764,1.0529,2.0948,0.7571,0.7480,-0.1172,70
2026-03-21T17:25:33.883382,2,0.3355,0.3355,0.0953,1.1152,0.4265,0.2780,0.3235,38
2026-03-21T17:25:33.883382,3,0.1133,0.0684,0.1133,0.8051,0.6750,0.1736,0.6523,9
2026-03-21T17:25:33.883382,4,0.0672,0.0623,0.0672,1.0143,0.4100,-0.0076,0.4099,9
2026-03-21T17:25:33.883382,5,0.1138,0.0596,0.1138,0.8341,0.6760,-0.2955,0.6079,9
2026-03-21T17:25:33.953306,0,1.1890,1.1890,0.0624,2.2913,0.8798,0.1480,-0.8673,70
2026-03-21T17:25:33.953306,1,1.1773,0.0757,1.1773,2.1706,0.7584,0.7487,-0.1212,76
2026-03-21T17:25:33.953306,2,0.3318,0.3318,0.1067,1.1238,0.4237,0.2762,0.3213,38
2026-03-21T17:25:33.953306,3,0.1019,0.0721,0.1019,0.7956,0.6763,0.1741,0.6535,9
2026-03-21T17:25:33.953306,4,0.0508,0.0508,0.0270,1.0194,0.4014,-0.0036,0.4014,8
2026-03-21T17:25:33.953306,5,0.0962,0.0631,0.0962,0.8341,0.6730,-0.2944,0.6052,9
2026-03-21T17:25:34.023146,0,1.0989,1.0989,0.0226,2.2873,0.8746,0.1020,-0.8687,65
2026-03-21T17:25:34.023146,1,1.0255,0.0747,1.0255,2.0683,0.7556,0.7477,-0.1089,69
2026-03-21T17:25:34.023146,2,0.3323,0.3323,0.1001,1.1191,0.4249,0.2768,0.3224,38
2026-03-21T17:25:34.023146,3,0.1010,0.0725,0.1010,0.7937,0.6756,0.1739,0.6529,9
2026-03-21T17:25:34.023146,4,0.0506,0.0506,0.0290,1.0234,0.3982,-0.0035,0.3982,8
2026-03-21T17:25:34.023146,5,0.0944,0.0655,0.0944,0.8333,0.6719,-0.2939,0.6042,9
2026-03-21T17:25:34.093433,0,1.1255,1.1255,0.0206,2.2897,0.8768,0.1113,-0.8697,66
2026-03-21T17:25:34.093433,1,0.0457,0.0457,0.0110,2.2747,1.1419,0.7492,-0.8617,3
2026-03-21T17:25:34.093433,2,1.1214,0.0723,1.1214,2.1217,0.7561,0.7479,-0.1111,73
2026-03-21T17:25:34.093433,3,0.3074,0.3074,0.1475,1.1169,0.4228,0.2687,0.3264,38
2026-03-21T17:25:34.093433,4,0.0961,0.0735,0.0961,0.7937,0.6734,0.1733,0.6507,9
2026-03-21T17:25:34.093433,5,0.0504,0.0504,0.0274,1.0213,0.3986,-0.0035,0.3985,8
2026-03-21T17:25:34.093433,6,0.0980,0.0618,0.0980,0.8341,0.6706,-0.2934,0.6031,9
2026-03-21T17:25:34.161503,0,1.1927,1.1927,0.0555,2.2873,0.8809,0.1479,-0.8684,70
2026-03-21T17:25:34.161503,1,1.1427,0.0793,1.1427,2.1460,0.7567,0.7471,-0.1200,74
2026-03-21T17:25:34.161503,2,0.3363,0.3363,0.1496,1.1191,0.4268,0.2747,0.3266,39
2026-03-21T17:25:34.161503,3,0.1029,0.0719,0.1029,0.7956,0.6758,0.1739,0.6530,9
2026-03-21T17:25:34.161503,4,0.0499,0.0499,0.0247,1.0205,0.3969,-0.0034,0.3969,8
2026-03-21T17:25:34.161503,5,0.1044,0.0597,0.1044,0.8359,0.6749,-0.2951,0.6069,9
2026-03-21T17:25:34.231566,0,1.1048,1.1048,0.0187,2.2887,0.8755,0.1026,-0.8695,65
2026-03-21T17:25:34.231566,1,0.0937,0.0083,0.0937,2.1699,1.0499,0.7675,-0.7164,5
2026-03-21T17:25:34.231566,2,1.0421,0.0746,1.0421,2.0504,0.7516,0.7465,-0.0867,70
2026-03-21T17:25:34.231566,3,0.3305,0.3305,0.1034,1.1178,0.4252,0.2769,0.3226,38
2026-03-21T17:25:34.231566,4,0.0934,0.0749,0.0934,0.7880,0.6756,0.1740,0.6529,9
2026-03-21T17:25:34.231566,5,0.0753,0.0623,0.0753,1.0184,0.4080,-0.0077,0.4079,9
2026-03-21T17:25:34.231566,6,0.0999,0.0615,0.0999,0.8341,0.6724,-0.2941,0.6047,9
2026-03-21T17:25:34.302045,0,1.0996,1.0996,0.0206,2.2887,0.8750,0.1020,-0.8690,65
2026-03-21T17:25:34.302045,1,1.1016,0.0769,1.1016,2.1467,0.7605,0.7485,-0.1344,72
2026-03-21T17:25:34.302045,2,0.3347,0.3347,0.1371,1.1188,0.4258,0.2744,0.3256,39
2026-03-21T17:25:34.302045,3,0.0884,0.0757,0.0884,0.7890,0.6741,0.1736,0.6513,9
2026-03-21T17:25:34.302045,4,0.0663,0.0614,0.0663,1.0224,0.4058,-0.0075,0.4057,9
2026-03-21T17:25:34.302045,5,0.0735,0.0558,0.0735,0.8393,0.6665,-0.2970,0.5966,8
2026-03-21T17:25:34.370884,0,1.1225,1.1225,0.0214,2.2896,0.8764,0.1113,-0.8693,66
2026-03-21T17:25:34.370884,1,1.0464,0.0702,1.0464,2.0447,0.7518,0.7468,-0.0863,70
2026-03-21T17:25:34.370884,2,0.3134,0.3134,0.0970,1.1170,0.4221,0.2716,0.3231,37
2026-03-21T17:25:34.370884,3,0.1171,0.0670,0.1171,0.8098,0.6748,0.1736,0.6520,9
2026-03-21T17:25:34.370884,4,0.0610,0.0610,0.0466,1.0155,0.4058,-0.0073,0.4057,9
2026-03-21T17:25:34.370884,5,0.0691,0.0581,0.0691,0.8367,0.6655,-0.2967,0.5957,8
2026-03-21T17:25:34.441282,0,1.1985,1.1985,0.0265,2.2917,0.8800,0.1390,-0.8690,69
2026-03-21T17:25:34.441282,1,1.1498,0.0761,1.1498,2.1481,0.7577,0.7482,-0.1198,74
2026-03-21T17:25:34.441282,2,0.3294,0.3294,0.1400,1.1179,0.4271,0.2750,0.3268,39
2026-03-21T17:25:34.441282,3,0.1076,0.0702,0.1076,0.8003,0.6744,0.1735,0.6517,9
2026-03-21T17:25:34.441282,4,0.0613,0.0613,0.0515,1.0165,0.4056,-0.0072,0.4055,9
2026-03-21T17:25:34.441282,5,0.1046,0.0620,0.1046,0.8333,0.6730,-0.2943,0.6052,9
2026-03-21T17:25:34.511494,0,1.1927,1.1927,0.0301,2.2923,0.8797,0.1397,-0.8685,67
2026-03-21T17:25:34.511494,1,1.0028,0.0722,1.0028,2.0466,0.7548,0.7480,-0.1010,68
2026-03-21T17:25:34.511494,2,0.3351,0.3351,0.1520,1.1186,0.4263,0.2746,0.3261,39
2026-03-21T17:25:34.511494,3,0.0961,0.0735,0.0961,0.7937,0.6730,0.1733,0.6503,9
2026-03-21T17:25:34.511494,4,0.0612,0.0612,0.0475,1.0154,0.4096,-0.0072,0.4095,9
2026-03-21T17:25:34.511494,5,0.0689,0.0577,0.0689,0.8393,0.6652,-0.2965,0.5955,8
2026-03-21T17:25:34.581430,0,1.1233,1.1233,0.0251,2.2903,0.8758,0.1110,-0.8688,66
2026-03-21T17:25:34.581430,1,1.0935,0.0705,1.0935,2.0968,0.7547,0.7477,-0.1029,72
2026-03-21T17:25:34.581430,2,0.3082,0.3082,0.1016,1.1150,0.4213,0.2712,0.3224,37
2026-03-21T17:25:34.581430,3,0.1048,0.0711,0.1048,0.7984,0.6731,0.1733,0.6504,9
2026-03-21T17:25:34.581430,4,0.0523,0.0523,0.0434,1.0144,0.4042,-0.0109,0.4040,8
2026-03-21T17:25:34.581430,5,0.0616,0.0616,0.0608,0.8367,0.6670,-0.2973,0.5971,8
2026-03-21T17:25:34.651600,0,1.1934,1.1934,0.0572,2.2897,0.8809,0.1479,-0.8684,70
2026-03-21T17:25:34.651600,1,1.0029,0.0738,1.0029,2.0453,0.7543,0.7475,-0.1008,68
2026-03-21T17:25:34.651600,2,0.3342,0.3342,0.0940,1.1158,0.4257,0.2776,0.3228,38
2026-03-21T17:25:34.651600,3,0.0680,0.0680,0.0644,0.7880,0.6675,0.1779,0.6433,8
2026-03-21T17:25:34.651600,4,0.0612,0.0612,0.0505,1.0194,0.4072,-0.0072,0.4072,9
2026-03-21T17:25:34.651600,5,0.0623,0.0623,0.0601,0.8341,0.6666,-0.2972,0.5967,8
2026-03-21T17:25:34.720400,0,1.1235,1.1235,0.0258,2.2883,0.8756,0.1111,-0.8686,66
2026-03-21T17:25:34.720400,1,1.0663,0.0729,1.0663,2.0716,0.7525,0.7465,-0.0947,71
2026-03-21T17:25:34.720400,2,0.3313,0.3313,0.1103,1.1181,0.4246,0.2767,0.3220,38
2026-03-21T17:25:34.720400,3,0.0732,0.0659,0.0732,0.7899,0.6687,0.1781,0.6446,8
2026-03-21T17:25:34.720400,4,0.0621,0.0621,0.0616,1.0175,0.4090,-0.0069,0.4090,9
2026-03-21T17:25:34.720400,5,0.0699,0.0573,0.0699,0.8393,0.6666,-0.2971,0.5967,8
2026-03-21T17:25:34.790316,0,1.1920,1.1920,0.0304,2.2903,0.8795,0.1391,-0.8684,69
2026-03-21T17:25:34.790316,1,1.0840,0.0704,1.0840,2.0928,0.7534,0.7464,-0.1028,72
2026-03-21T17:25:34.790316,2,0.3339,0.3339,0.1065,1.1209,0.4253,0.2770,0.3227,38
2026-03-21T17:25:34.790316,3,0.1024,0.0739,0.1024,0.7824,0.6769,0.1743,0.6540,9
2026-03-21T17:25:34.790316,4,0.0523,0.0523,0.0464,1.0194,0.4042,-0.0108,0.4040,8
2026-03-21T17:25:34.790316,5,0.0717,0.0567,0.0717,0.8385,0.6651,-0.2964,0.5954,8
2026-03-21T17:25:34.860053,0,1.1923,1.1923,0.0643,2.2917,0.8805,0.1477,-0.8680,70
2026-03-21T17:25:34.860053,1,1.0558,0.0741,1.0558,2.0968,0.7567,0.7475,-0.1172,70
2026-03-21T17:25:34.860053,2,0.3313,0.3313,0.1093,1.1171,0.4241,0.2762,0.3219,38
2026-03-21T17:25:34.860053,3,0.0769,0.0644,0.0769,0.7956,0.6668,0.1776,0.6428,8
2026-03-21T17:25:34.860053,4,0.0615,0.0615,0.0495,1.0164,0.4075,-0.0071,0.4074,9
2026-03-21T17:25:34.860053,5,0.0621,0.0618,0.0621,0.8315,0.6656,-0.2967,0.5958,8
2026-03-21T17:25:34.928860,0,1.1943,1.1943,0.0268,2.2897,0.8802,0.1391,-0.8691,69
2026-03-21T17:25:34.928860,1,1.1018,0.0738,1.1018,2.1446,0.7595,0.7476,-0.1340,72
2026-03-21T17:25:34.928860,2,0.3131,0.3131,0.0929,1.1175,0.4221,0.2716,0.3231,37
2026-03-21T17:25:34.928860,3,0.0933,0.0746,0.0933,0.7899,0.6746,0.1737,0.6519,9
2026-03-21T17:25:34.928860,4,0.0610,0.0610,0.0575,1.0165,0.4060,-0.0075,0.4060,9
2026-03-21T17:25:34.928860,5,0.0636,0.0604,0.0636,0.8367,0.6677,-0.2977,0.5977,8
2026-03-21T17:25:34.999048,0,1.1918,1.1918,0.0304,2.2896,0.8792,0.1387,-0.8682,69
2026-03-21T17:25:34.999048,1,1.1157,0.0737,1.1157,2.1210,0.7553,0.7470,-0.1113,73
2026-03-21T17:25:34.999048,2,0.3107,0.3107,0.0956,1.1183,0.4220,0.2715,0.3232,37
2026-03-21T17:25:34.999048,3,0.1000,0.0726,0.1000,0.7947,0.6731,0.1733,0.6504,9
2026-03-21T17:25:34.999048,4,0.0510,0.0510,0.0294,1.0163,0.4010,-0.0035,0.4010,8
2026-03-21T17:25:34.999048,5,0.0649,0.0649,0.0648,0.8379,0.6665,-0.2971,0.5966,8
2026-03-21T17:25:35.068817,0,1.1263,1.1263,0.0253,2.2936,0.8763,0.1112,-0.8692,66
2026-03-21T17:25:35.068817,1,1.0692,0.0729,1.0692,2.0735,0.7530,0.7470,-0.0947,71
2026-03-21T17:25:35.068817,2,0.3298,0.3298,0.1027,1.1198,0.4257,0.2773,0.3230,38
2026-03-21T17:25:35.068817,3,0.1079,0.0710,0.1079,0.7947,0.6735,0.1733,0.6508,9
2026-03-21T17:25:35.068817,4,0.0502,0.0502,0.0260,1.0194,0.3991,-0.0036,0.3990,8
2026-03-21T17:25:35.068817,5,0.0641,0.0630,0.0641,0.8363,0.6663,-0.2970,0.5965,8
2026-03-21T17:25:35.138561,0,1.1231,1.1231,0.0237,2.2893,0.8760,0.1110,-0.8690,66
2026-03-21T17:25:35.138561,1,1.0569,0.0734,1.0569,2.0975,0.7571,0.7480,-0.1175,70
2026-03-21T17:25:35.138561,2,0.3372,0.3372,0.0908,1.1182,0.4253,0.2771,0.3226,38
2026-03-21T17:25:35.138561,3,0.0768,0.0642,0.0768,0.7975,0.6682,0.1780,0.6441,8
2026-03-21T17:25:35.138561,4,0.0763,0.0625,0.0763,1.0204,0.4092,-0.0077,0.4092,9
2026-03-21T17:25:35.138561,5,0.0627,0.0609,0.0627,0.8359,0.6678,-0.2978,0.5978,8
2026-03-21T17:25:35.208497,0,1.1956,1.1956,0.0228,2.2872,0.8791,0.1389,-0.8681,69
2026-03-21T17:25:35.208497,1,1.0962,0.0752,1.0962,2.0975,0.7544,0.7473,-0.1028,72
2026-03-21T17:25:35.208497,2,0.3099,0.3099,0.1369,1.1176,0.4217,0.2682,0.3254,38
2026-03-21T17:25:35.208497,3,0.0740,0.0650,0.0740,0.7956,0.6685,0.1781,0.6443,8
2026-03-21T17:25:35.208497,4,0.0653,0.0614,0.0653,1.0194,0.4050,-0.0075,0.4049,9
2026-03-21T17:25:35.208497,5,0.0634,0.0634,0.0584,0.8315,0.6708,-0.2991,0.6005,8
2026-03-21T17:25:35.277078,0,1.2006,1.2006,0.0538,2.2907,0.8805,0.1478,-0.8680,70
2026-03-21T17:25:35.277078,1,0.9789,0.0737,0.9789,2.0231,0.7525,0.7468,-0.0929,67
2026-03-21T17:25:35.277078,2,0.3411,0.3411,0.1390,1.1169,0.4256,0.2742,0.3255,39
2026-03-21T17:25:35.277078,3,0.1035,0.0703,0.1035,0.8051,0.6723,0.1730,0.6497,9
2026-03-21T17:25:35.277078,4,0.0613,0.0613,0.0613,1.0173,0.4060,-0.0075,0.4059,9
2026-03-21T17:25:35.277078,5,0.0659,0.0659,0.0570,0.8302,0.6680,-0.2979,0.5979,8
2026-03-21T17:25:35.347927,0,1.1934,1.1934,0.0282,2.2896,0.8796,0.1388,-0.8686,69
2026-03-21T17:25:35.347927,1,1.0695,0.0754,1.0695,2.0676,0.7526,0.7475,-0.0876,72
2026-03-21T17:25:35.347927,2,0.3055,0.3055,0.1441,1.1164,0.4235,0.2692,0.3270,38
2026-03-21T17:25:35.347927,3,0.1068,0.0708,0.1068,0.7975,0.6746,0.1736,0.6519,9
2026-03-21T17:25:35.347927,4,0.0606,0.0606,0.0513,1.0183,0.4038,-0.0072,0.4037,9
2026-03-21T17:25:35.347927,5,0.0638,0.0631,0.0638,0.8333,0.6670,-0.2974,0.5970,8
2026-03-21T17:25:35.416782,0,1.1265,1.1265,0.0278,2.2952,0.8763,0.1112,-0.8693,66
2026-03-21T17:25:35.416782,1,1.0543,0.0729,1.0543,2.0935,0.7576,0.7485,-0.1173,70
2026-03-21T17:25:35.416782,2,0.3101,0.3101,0.1067,1.1192,0.4231,0.2721,0.3240,37
2026-03-21T17:25:35.416782,3,0.1041,0.0724,0.1041,0.7909,0.6759,0.1740,0.6531,9
2026-03-21T17:25:35.416782,4,0.0605,0.0605,0.0456,1.0175,0.4026,-0.0070,0.4025,9
2026-03-21T17:25:35.416782,5,0.0684,0.0624,0.0684,0.8324,0.6693,-0.2984,0.5991,8
2026-03-21T17:25:35.486915,0,1.1233,1.1233,0.0197,2.2887,0.8762,0.1112,-0.8691,66
2026-03-21T17:25:35.486915,1,1.0285,0.0720,1.0285,2.0709,0.7560,0.7481,-0.1091,69
2026-03-21T17:25:35.486915,2,0.3349,0.3349,0.1031,1.1183,0.4262,0.2776,0.3234,38
2026-03-21T17:25:35.486915,3,0.0947,0.0753,0.0947,0.7835,0.6773,0.1744,0.6545,9
2026-03-21T17:25:35.486915,4,0.0609,0.0609,0.0505,1.0184,0.4037,-0.0071,0.4036,9
2026-03-21T17:25:35.486915,5,0.1116,0.0626,0.1116,0.8311,0.6747,-0.2950,0.6068,9
2026-03-21T17:25:35.556142,0,1.1240,1.1240,0.0253,2.2906,0.8766,0.1115,-0.8695,66
2026-03-21T17:25:35.556142,1,1.0269,0.0757,1.0269,2.0729,0.7556,0.7476,-0.1094,69
2026-03-21T17:25:35.556142,2,0.3159,0.3159,0.1037,1.1181,0.4223,0.2716,0.3234,37
2026-03-21T17:25:35.556142,3,0.1000,0.0724,0.1000,0.7956,0.6763,0.1741,0.6535,9
2026-03-21T17:25:35.556142,4,0.0698,0.0612,0.0698,1.0288,0.4042,-0.0073,0.4042,9
2026-03-21T17:25:35.556142,5,0.1064,0.0592,0.1064,0.8341,0.6755,-0.2954,0.6075,9
2026-03-21T17:25:35.626124,0,1.0987,1.0987,0.0210,2.2897,0.8757,0.1023,-0.8697,65
2026-03-21T17:25:35.626124,1,0.0683,0.0683,0.0453,2.2801,1.1347,0.7445,-0.8563,5
2026-03-21T17:25:35.626124,2,1.1428,0.0733,1.1428,2.1446,0.7574,0.7479,-0.1198,74
2026-03-21T17:25:35.626124,3,0.3321,0.3321,0.0950,1.1159,0.4264,0.2778,0.3235,38
2026-03-21T17:25:35.626124,4,0.1108,0.0705,0.1108,0.7947,0.6763,0.1740,0.6535,9
2026-03-21T17:25:35.626124,5,0.0498,0.0498,0.0202,1.0195,0.3962,-0.0035,0.3962,8
2026-03-21T17:25:35.626124,6,0.1017,0.0633,0.1017,0.8350,0.6731,-0.2944,0.6053,9
2026-03-21T17:25:35.695727,0,1.1213,1.1213,0.0237,2.2893,0.8761,0.1112,-0.8690,66
2026-03-21T17:25:35.695727,1,1.1038,0.0724,1.1038,2.1439,0.7603,0.7484,-0.1342,72
2026-03-21T17:25:35.695727,2,0.3367,0.3367,0.0967,1.1185,0.4239,0.2762,0.3215,38
2026-03-21T17:25:35.695727,3,0.1009,0.0720,0.1009,0.7975,0.6729,0.1732,0.6502,9
2026-03-21T17:25:35.695727,4,0.0683,0.0618,0.0683,1.0194,0.4061,-0.0075,0.4061,9
2026-03-21T17:25:35.695727,5,0.0890,0.0642,0.0890,0.8307,0.6752,-0.2954,0.6071,9
2026-03-21T17:25:35.765508,0,1.1929,1.1929,0.0615,2.2926,0.8806,0.1480,-0.8681,70
2026-03-21T17:25:35.765508,1,1.1016,0.0801,1.1016,2.1439,0.7608,0.7489,-0.1344,72
2026-03-21T17:25:35.765508,2,0.3371,0.3371,0.1002,1.1173,0.4261,0.2777,0.3232,38
2026-03-21T17:25:35.765508,3,0.0826,0.0624,0.0826,0.8013,0.6685,0.1779,0.6443,8
2026-03-21T17:25:35.765508,4,0.0611,0.0611,0.0535,1.0175,0.4044,-0.0074,0.4043,9
2026-03-21T17:25:35.765508,5,0.1007,0.0621,0.1007,0.8359,0.6724,-0.2942,0.6047,9
2026-03-21T17:25:35.834672,0,1.1905,1.1905,0.0294,2.2887,0.8798,0.1389,-0.8688,69
2026-03-21T17:25:35.834672,1,1.1183,0.0706,1.1183,2.1196,0.7562,0.7479,-0.1113,73
2026-03-21T17:25:35.834672,2,0.3331,0.3331,0.1079,1.1194,0.4255,0.2771,0.3229,38
2026-03-21T17:25:35.834672,3,0.1012,0.0731,0.1012,0.7899,0.6764,0.1741,0.6536,9
2026-03-21T17:25:35.834672,4,0.0602,0.0602,0.0409,1.0178,0.4032,-0.0071,0.4032,9
2026-03-21T17:25:35.834672,5,0.0975,0.0629,0.0975,0.8326,0.6726,-0.2942,0.6049,9
2026-03-21T17:25:35.904599,0,1.1218,1.1218,0.0246,2.2911,0.8765,0.1113,-0.8694,66
2026-03-21T17:25:35.904599,1,1.0754,0.0774,1.0754,2.1169,0.7586,0.7481,-0.1254,71
2026-03-21T17:25:35.904599,2,0.3086,0.3086,0.1546,1.1175,0.4225,0.2685,0.3263,38
2026-03-21T17:25:35.904599,3,0.0934,0.0750,0.0934,0.7871,0.6746,0.1738,0.6519,9
2026-03-21T17:25:35.904599,4,0.0609,0.0609,0.0496,1.0205,0.4062,-0.0070,0.4062,9
2026-03-21T17:25:35.904599,5,0.0974,0.0647,0.0974,0.8344,0.6708,-0.2934,0.6032,9
2026-03-21T17:25:35.973931,0,1.1270,1.1270,0.0254,2.2916,0.8767,0.1111,-0.8697,66
2026-03-21T17:25:35.973931,1,1.0025,0.0693,1.0025,2.0440,0.7545,0.7477,-0.1011,68
2026-03-21T17:25:35.973931,2,0.3317,0.3317,0.1027,1.1179,0.4253,0.2772,0.3225,38
2026-03-21T17:25:35.973931,3,0.0942,0.0741,0.0942,0.7918,0.6749,0.1738,0.6521,9
2026-03-21T17:25:35.973931,4,0.0608,0.0608,0.0544,1.0174,0.4061,-0.0070,0.4061,9
2026-03-21T17:25:35.973931,5,0.0923,0.0645,0.0923,0.8293,0.6746,-0.2952,0.6066,9
2026-03-21T17:25:36.043346,0,1.1912,1.1912,0.0277,2.2877,0.8806,0.1390,-0.8696,69
2026-03-21T17:25:36.043346,1,1.0977,0.0726,1.0977,2.0955,0.7544,0.7473,-0.1031,72
2026-03-21T17:25:36.043346,2,0.3072,0.3072,0.1409,1.1188,0.4222,0.2684,0.3259,38
2026-03-21T17:25:36.043346,3,0.1008,0.0717,0.1008,0.7994,0.6726,0.1732,0.6500,9
2026-03-21T17:25:36.043346,4,0.0507,0.0507,0.0345,1.0234,0.3982,-0.0107,0.3980,8
2026-03-21T17:25:36.043346,5,0.1084,0.0622,0.1084,0.8315,0.6740,-0.2947,0.6061,9
2026-03-21T17:25:36.113371,0,1.1938,1.1938,0.0597,2.2923,0.8808,0.1479,-0.8683,70
2026-03-21T17:25:36.113371,1,1.1187,0.0738,1.1187,2.1210,0.7562,0.7479,-0.1116,73
2026-03-21T17:25:36.113371,2,0.3309,0.3309,0.1503,1.1169,0.4259,0.2743,0.3258,39
2026-03-21T17:25:36.113371,3,0.1037,0.0710,0.1037,0.8003,0.6738,0.1734,0.6511,9
2026-03-21T17:25:36.113371,4,0.0511,0.0511,0.0319,1.0158,0.4004,-0.0107,0.4003,8
2026-03-21T17:25:36.113371,5,0.1138,0.0596,0.1138,0.8341,0.6759,-0.2955,0.6078,9
2026-03-21T17:25:36.183348,0,1.1907,1.1907,0.0342,2.2927,0.8804,0.1389,-0.8693,69
2026-03-21T17:25:36.183348,1,1.0434,0.0697,1.0434,2.0447,0.7522,0.7472,-0.0866,70
2026-03-21T17:25:36.183348,2,0.3110,0.3110,0.1000,1.1181,0.4212,0.2711,0.3224,37
2026-03-21T17:25:36.183348,3,0.1011,0.0727,0.1011,0.7928,0.6752,0.1738,0.6524,9
2026-03-21T17:25:36.183348,4,0.0508,0.0508,0.0276,1.0135,0.4013,-0.0108,0.4012,8
2026-03-21T17:25:36.183348,5,0.0993,0.0636,0.0993,0.8289,0.6745,-0.2951,0.6066,9
2026-03-21T17:25:36.252501,0,1.1198,1.1198,0.0246,2.2903,0.8763,0.1113,-0.8692,66
2026-03-21T17:25:36.252501,1,1.1163,0.0702,1.1163,2.1196,0.7558,0.7476,-0.1115,73
2026-03-21T17:25:36.252501,2,0.3317,0.3317,0.1058,1.1164,0.4265,0.2779,0.3235,38
2026-03-21T17:25:36.252501,3,0.0787,0.0634,0.0787,0.8003,0.6667,0.1775,0.6427,8
2026-03-21T17:25:36.252501,4,0.0611,0.0611,0.0515,1.0214,0.4073,-0.0071,0.4073,9
2026-03-21T17:25:36.252501,5,0.0923,0.0618,0.0923,0.8367,0.6719,-0.2940,0.6041,9
2026-03-21T17:25:36.322446,0,1.0988,1.0988,0.0205,2.2893,0.8750,0.1020,-0.8690,65
2026-03-21T17:25:36.322446,1,0.0682,0.0682,0.0408,2.2740,1.1315,0.7424,-0.8538,5
2026-03-21T17:25:36.322446,2,1.1244,0.0740,1.1244,2.1217,0.7562,0.7480,-0.1113,73
2026-03-21T17:25:36.322446,3,0.3335,0.3335,0.1466,1.1170,0.4265,0.2745,0.3264,39
2026-03-21T17:25:36.322446,4,0.1077,0.0705,0.1077,0.7984,0.6751,0.1737,0.6524,9
2026-03-21T17:25:36.322446,5,0.0603,0.0603,0.0416,1.0155,0.4050,-0.0072,0.4050,9
2026-03-21T17:25:36.322446,6,0.1017,0.0611,0.1017,0.8341,0.6727,-0.2942,0.6050,9
2026-03-21T17:25:36.392480,0,1.1235,1.1235,0.0186,2.2867,0.8758,0.1113,-0.8687,66
2026-03-21T17:25:36.392480,1,1.0770,0.0708,1.0770,2.1217,0.7591,0.7486,-0.1257,71
2026-03-21T17:25:36.392480,2,0.3113,0.3113,0.1435,1.1176,0.4226,0.2686,0.3263,38
2026-03-21T17:25:36.392480,3,0.0683,0.0671,0.0683,0.7890,0.6700,0.1786,0.6457,8
2026-03-21T17:25:36.392480,4,0.0610,0.0610,0.0439,1.0128,0.4066,-0.0072,0.4065,9
2026-03-21T17:25:36.392480,5,0.1037,0.0641,0.1037,0.8324,0.6743,-0.2950,0.6064,9
2026-03-21T17:25:36.461346,0,1.1027,1.1027,0.0226,2.2887,0.8754,0.1023,-0.8694,65
2026-03-21T17:25:36.461346,1,0.0667,0.0667,0.0491,2.2787,1.1339,0.7439,-0.8557,5
2026-03-21T17:25:36.461346,2,1.0321,0.0792,1.0321,2.0735,0.7560,0.7481,-0.1089,69
2026-03-21T17:25:36.461346,3,0.3063,0.3063,0.1024,1.1158,0.4215,0.2713,0.3226,37
2026-03-21T17:25:36.461346,4,0.0944,0.0747,0.0944,0.7880,0.6754,0.1739,0.6526,9
2026-03-21T17:25:36.461346,5,0.0607,0.0607,0.0524,1.0204,0.4037,-0.0073,0.4036,9
2026-03-21T17:25:36.461346,6,0.0960,0.0603,0.0960,0.8367,0.6726,-0.2943,0.6049,9
2026-03-21T17:25:36.531635,0,1.1947,1.1947,0.0282,2.2896,0.8795,0.1390,-0.8684,69
2026-03-21T17:25:36.531635,1,1.0937,0.0703,1.0937,2.0975,0.7540,0.7469,-0.1028,72
2026-03-21T17:25:36.531635,2,0.3344,0.3344,0.1002,1.1164,0.4251,0.2769,0.3225,38
2026-03-21T17:25:36.531635,3,0.0720,0.0653,0.0720,0.7966,0.6675,0.1778,0.6433,8
2026-03-21T17:25:36.531635,4,0.0611,0.0611,0.0508,1.0138,0.4059,-0.0073,0.4058,9
2026-03-21T17:25:36.531635,5,0.0954,0.0650,0.0954,0.8315,0.6719,-0.2940,0.6041,9
2026-03-21T17:25:36.600740,0,1.0731,1.0731,0.0210,2.2893,0.8745,0.0934,-0.8695,64
2026-03-21T17:25:36.600740,1,0.0903,0.0903,0.0448,2.2751,1.1257,0.7313,-0.8557,6
2026-03-21T17:25:36.600740,2,1.0056,0.0695,1.0056,2.0466,0.7542,0.7474,-0.1010,68
2026-03-21T17:25:36.600740,3,0.3090,0.3090,0.0995,1.1175,0.4211,0.2708,0.3224,37
2026-03-21T17:25:36.600740,4,0.0995,0.0743,0.0995,0.7863,0.6769,0.1742,0.6540,9
2026-03-21T17:25:36.600740,5,0.0623,0.0622,0.0623,1.0193,0.4078,-0.0074,0.4077,9
2026-03-21T17:25:36.600740,6,0.0926,0.0637,0.0926,0.8324,0.6729,-0.2945,0.6050,9
2026-03-21T17:25:36.670795,0,1.1945,1.1945,0.0281,2.2903,0.8796,0.1390,-0.8685,69
2026-03-21T17:25:36.670795,1,1.1191,0.0738,1.1191,2.1189,0.7553,0.7471,-0.1110,73
2026-03-21T17:25:36.670795,2,0.3375,0.3375,0.1441,1.1182,0.4254,0.2741,0.3253,39
2026-03-21T17:25:36.670795,3,0.1058,0.0712,0.1058,0.7966,0.6755,0.1739,0.6528,9
2026-03-21T17:25:36.670795,4,0.0610,0.0610,0.0515,1.0154,0.4070,-0.0070,0.4070,9
2026-03-21T17:25:36.670795,5,0.1108,0.0583,0.1108,0.8376,0.6729,-0.2942,0.6051,9
2026-03-21T17:25:36.748922,0,1.1983,1.1983,0.0249,0.8810,0.8801,0.1391,-0.8690,69
2026-03-21T17:25:36.748922,1,1.0699,0.0726,1.0699,0.6639,0.7531,0.7471,-0.0945,71
2026-03-21T17:25:36.748922,2,0.3305,0.3305,0.1065,0.3940,0.4252,0.2769,0.3227,38
2026-03-21T17:25:36.748922,3,0.0730,0.0652,0.0730,0.6857,0.6688,0.1781,0.6447,8
2026-03-21T17:25:36.748922,4,0.0601,0.0601,0.0369,0.4294,0.4072,-0.0071,0.4072,9
2026-03-21T17:25:36.748922,5,0.0962,0.0640,0.0962,0.6713,0.6715,-0.2938,0.6039,9
2026-03-21T17:25:36.811877,0,1.1220,1.1220,0.0251,0.8833,0.8756,0.1112,-0.8685,66
2026-03-21T17:25:36.811877,1,1.0466,0.0708,1.0466,0.6376,0.7519,0.7469,-0.0864,70
2026-03-21T17:25:36.811877,2,0.3118,0.3118,0.0985,0.3893,0.4214,0.2710,0.3228,37
2026-03-21T17:25:36.811877,3,0.0915,0.0756,0.0915,0.7146,0.6753,0.1739,0.6525,9
2026-03-21T17:25:36.811877,4,0.0602,0.0602,0.0424,0.4363,0.4052,-0.0072,0.4052,9
2026-03-21T17:25:36.811877,5,0.0982,0.0645,0.0982,0.6741,0.6752,-0.2954,0.6072,9
2026-03-21T17:25:36.880087,0,1.1943,1.1943,0.0573,0.8794,0.8802,0.1481,-0.8676,70
2026-03-21T17:25:36.880087,1,1.1075,0.0759,1.1075,0.7384,0.7600,0.7481,-0.1342,72
2026-03-21T17:25:36.880087,2,0.3061,0.3061,0.0952,0.3846,0.4208,0.2708,0.3222,37
2026-03-21T17:25:36.880087,3,0.0749,0.0646,0.0749,0.6857,0.6688,0.1781,0.6447,8
2026-03-21T17:25:36.880087,4,0.0610,0.0610,0.0554,0.4413,0.4050,-0.0073,0.4050,9
2026-03-21T17:25:36.880087,5,0.1009,0.0632,0.1009,0.6759,0.6732,-0.2944,0.6054,9
2026-03-21T17:25:36.950334,0,1.1916,1.1916,0.0552,0.8794,0.8801,0.1480,-0.8675,70
2026-03-21T17:25:36.950334,1,1.0171,0.0733,1.0171,0.6136,0.7505,0.7464,-0.0787,69
2026-03-21T17:25:36.950334,2,0.3105,0.3105,0.0993,0.3902,0.4214,0.2713,0.3225,37
2026-03-21T17:25:36.950334,3,0.0711,0.0660,0.0711,0.6867,0.6678,0.1779,0.6437,8
2026-03-21T17:25:36.950334,4,0.0606,0.0606,0.0484,0.4383,0.4055,-0.0072,0.4054,9
2026-03-21T17:25:36.950334,5,0.0636,0.0636,0.0563,0.6287,0.6672,-0.2975,0.5972,8
2026-03-21T17:25:37.019572,0,1.1289,1.1289,0.0225,0.8794,0.8759,0.1112,-0.8688,66
2026-03-21T17:25:37.019572,1,0.0436,0.0436,0.0185,0.8679,1.1382,0.7468,-0.8589,3
2026-03-21T17:25:37.019572,2,1.0502,0.0697,1.0502,0.6839,0.7574,0.7483,-0.1172,70
2026-03-21T17:25:37.019572,3,0.3084,0.3084,0.1474,0.4360,0.4235,0.2692,0.3269,38
2026-03-21T17:25:37.019572,4,0.0914,0.0751,0.0914,0.7107,0.6741,0.1736,0.6514,9
2026-03-21T17:25:37.019572,5,0.0611,0.0611,0.0563,0.4453,0.4037,-0.0073,0.4036,9
2026-03-21T17:25:37.019572,6,0.0933,0.0617,0.0933,0.6666,0.6719,-0.2939,0.6042,9
2026-03-21T17:25:37.089681,0,1.1248,1.1248,0.0223,0.8790,0.8762,0.1114,-0.8691,66
2026-03-21T17:25:37.089681,1,1.0297,0.0752,1.0297,0.6620,0.7549,0.7470,-0.1090,69
2026-03-21T17:25:37.089681,2,0.3302,0.3302,0.1040,0.3949,0.4247,0.2767,0.3222,38
2026-03-21T17:25:37.089681,3,0.1098,0.0705,0.1098,0.7225,0.6753,0.1737,0.6526,9
2026-03-21T17:25:37.089681,4,0.0733,0.0625,0.0733,0.4602,0.4077,-0.0075,0.4076,9
2026-03-21T17:25:37.089681,5,0.0956,0.0659,0.0956,0.6685,0.6706,-0.2934,0.6031,9
2026-03-21T17:25:37.158645,0,1.1214,1.1214,0.0304,0.8860,0.8762,0.1113,-0.8691,66
2026-03-21T17:25:37.158645,1,1.0651,0.0686,1.0651,0.6626,0.7528,0.7469,-0.0945,71
2026-03-21T17:25:37.158645,2,0.3339,0.3339,0.1038,0.3930,0.4249,0.2768,0.3224,38
2026-03-21T17:25:37.158645,3,0.0944,0.0748,0.0944,0.7156,0.6779,0.1745,0.6550,9
2026-03-21T17:25:37.158645,4,0.0612,0.0612,0.0583,0.4533,0.4060,-0.0075,0.4060,9
2026-03-21T17:25:37.158645,5,0.0907,0.0636,0.0907,0.6657,0.6710,-0.2936,0.6033,9
2026-03-21T17:25:37.228732,0,1.1954,1.1954,0.0566,0.8830,0.8804,0.1480,-0.8679,70
2026-03-21T17:25:37.228732,1,1.1000,0.0721,1.1000,0.6879,0.7530,0.7469,-0.0957,73
2026-03-21T17:25:37.228732,2,0.3043,0.3043,0.1050,0.3958,0.4212,0.2710,0.3225,37
2026-03-21T17:25:37.228732,3,0.0676,0.0676,0.0664,0.6867,0.6695,0.1784,0.6453,8
2026-03-21T17:25:37.228732,4,0.0742,0.0618,0.0742,0.4592,0.4066,-0.0076,0.4065,9
2026-03-21T17:25:37.228732,5,0.0902,0.0676,0.0902,0.6694,0.6718,-0.2940,0.6040,9
2026-03-21T17:25:37.298763,0,1.1872,1.1872,0.0312,0.8814,0.8794,0.1390,-0.8683,69
2026-03-21T17:25:37.298763,1,1.0736,0.0763,1.0736,0.7072,0.7583,0.7478,-0.1256,71
2026-03-21T17:25:37.298763,2,0.3376,0.3376,0.0959,0.3874,0.4259,0.2775,0.3231,38
2026-03-21T17:25:37.298763,3,0.0990,0.0728,0.0990,0.7127,0.6755,0.1739,0.6528,9
2026-03-21T17:25:37.298763,4,0.0614,0.0614,0.0584,0.4473,0.4052,-0.0074,0.4052,9
2026-03-21T17:25:37.298763,5,0.0897,0.0633,0.0897,0.6639,0.6732,-0.2946,0.6053,9
2026-03-21T17:25:37.368387,0,1.1005,1.1005,0.0234,2.4093,0.8755,0.1021,-0.8695,65
2026-03-21T17:25:37.368387,1,0.0684,0.0684,0.0410,2.3967,1.1345,0.7444,-0.8561,5
2026-03-21T17:25:37.368387,2,1.0741,0.0707,1.0741,2.1905,0.7534,0.7474,-0.0947,71
2026-03-21T17:25:37.368387,3,0.3320,0.3320,0.0959,1.2382,0.4257,0.2774,0.3230,38
2026-03-21T17:25:37.368387,4,0.0941,0.0736,0.0941,0.9152,0.6741,0.1735,0.6514,9
2026-03-21T17:25:37.368387,5,0.0603,0.0603,0.0494,1.1359,0.4054,-0.0074,0.4053,9
2026-03-21T17:25:37.368387,6,0.0924,0.0630,0.0924,0.9546,0.6712,-0.2937,0.6035,9
2026-03-21T17:25:37.436792,0,1.1028,1.1028,0.0255,2.4109,0.8748,0.1019,-0.8689,65
2026-03-21T17:25:37.436792,1,1.1041,0.0768,1.1041,2.2642,0.7601,0.7482,-0.1343,72
2026-03-21T17:25:37.436792,2,0.3328,0.3328,0.1121,1.2385,0.4253,0.2769,0.3227,38
2026-03-21T17:25:37.436792,3,0.1145,0.0688,0.1145,0.9209,0.6736,0.1733,0.6510,9
2026-03-21T17:25:37.436792,4,0.0633,0.0614,0.0633,1.1389,0.4048,-0.0074,0.4047,9
2026-03-21T17:25:37.436792,5,0.0869,0.0644,0.0869,0.9537,0.6709,-0.2936,0.6032,9
2026-03-21T17:25:37.506711,0,1.1012,1.1012,0.0235,2.4087,0.8751,0.1021,-0.8691,65
2026-03-21T17:25:37.506711,1,1.0734,0.0758,1.0734,2.2372,0.7585,0.7481,-0.1256,71
2026-03-21T17:25:37.506711,2,0.3326,0.3326,0.0999,1.2394,0.4242,0.2764,0.3218,38
2026-03-21T17:25:37.506711,3,0.0769,0.0643,0.0769,0.9161,0.6680,0.1779,0.6438,8
2026-03-21T17:25:37.506711,4,0.0601,0.0601,0.0414,1.1369,0.4052,-0.0070,0.4052,9
2026-03-21T17:25:37.506711,5,0.0925,0.0640,0.0925,0.9528,0.6696,-0.2930,0.6021,9
2026-03-21T17:25:37.576984,0,1.1257,1.1257,0.0257,2.4132,0.8767,0.1115,-0.8695,66
2026-03-21T17:25:37.576984,1,1.0301,0.0775,1.0301,2.1925,0.7556,0.7477,-0.1092,69
2026-03-21T17:25:37.576984,2,0.3335,0.3335,0.1554,1.2388,0.4252,0.2738,0.3253,39
2026-03-21T17:25:37.576984,3,0.0923,0.0745,0.0923,0.9114,0.6744,0.1737,0.6517,9
2026-03-21T17:25:37.576984,4,0.0605,0.0605,0.0545,1.1399,0.4047,-0.0070,0.4046,9
2026-03-21T17:25:37.576984,5,0.0990,0.0666,0.0990,0.9537,0.6704,-0.2933,0.6029,9
2026-03-21T17:25:37.646615,0,1.1989,1.1989,0.0279,2.4122,0.8795,0.1389,-0.8685,69
2026-03-21T17:25:37.646615,1,1.1034,0.0769,1.1034,2.2663,0.7600,0.7480,-0.1343,72
2026-03-21T17:25:37.646615,2,0.3349,0.3349,0.1414,1.2361,0.4247,0.2737,0.3247,39
2026-03-21T17:25:37.646615,3,0.0980,0.0727,0.0980,0.9161,0.6729,0.1731,0.6502,9
2026-03-21T17:25:37.646615,4,0.0644,0.0615,0.0644,1.1469,0.4066,-0.0071,0.4065,9
2026-03-21T17:25:37.646615,5,0.0962,0.0631,0.0962,0.9537,0.6706,-0.2934,0.6031,9
2026-03-21T17:25:37.716917,0,1.1248,1.1248,0.0228,0.8820,0.8760,0.1112,-0.8689,66
2026-03-21T17:25:37.716917,1,1.0648,0.0663,1.0648,0.6593,0.7537,0.7468,-0.1014,70
2026-03-21T17:25:37.716917,2,0.3303,0.3303,0.1023,0.3949,0.4256,0.2774,0.3228,38
2026-03-21T17:25:37.716917,3,0.0931,0.0738,0.0931,0.7058,0.6726,0.1732,0.6500,9
2026-03-21T17:25:37.716917,4,0.0606,0.0606,0.0516,0.4393,0.4049,-0.0074,0.4048,9
2026-03-21T17:25:37.716917,5,0.0988,0.0628,0.0988,0.6713,0.6713,-0.2937,0.6036,9
2026-03-21T17:25:37.785982,0,1.1939,1.1939,0.0559,0.8816,0.8810,0.1485,-0.8684,68
2026-03-21T17:25:37.785982,1,1.0930,0.0689,1.0930,0.6865,0.7548,0.7477,-0.1030,72
2026-03-21T17:25:37.785982,2,0.3323,0.3323,0.0974,0.3893,0.4256,0.2774,0.3229,38
2026-03-21T17:25:37.785982,3,0.0740,0.0650,0.0740,0.6867,0.6677,0.1779,0.6436,8
2026-03-21T17:25:37.785982,4,0.0683,0.0617,0.0683,0.4523,0.4066,-0.0075,0.4065,9
2026-03-21T17:25:37.785982,5,0.0999,0.0651,0.0999,0.6750,0.6723,-0.2941,0.6045,9
2026-03-21T17:25:37.856561,0,1.1900,1.1900,0.0296,0.8790,0.8796,0.1388,-0.8686,69
2026-03-21T17:25:37.856561,1,0.0970,0.0060,0.0970,0.7616,1.0463,0.7648,-0.7140,5
2026-03-21T17:25:37.856561,2,1.0405,0.0734,1.0405,0.6415,0.7512,0.7462,-0.0865,70
2026-03-21T17:25:37.856561,3,0.3071,0.3071,0.1522,0.4417,0.4221,0.2681,0.3260,38
2026-03-21T17:25:37.856561,4,0.0730,0.0652,0.0730,0.6857,0.6678,0.1779,0.6437,8
2026-03-21T17:25:37.856561,5,0.0611,0.0611,0.0603,0.4513,0.4055,-0.0075,0.4054,9
2026-03-21T17:25:37.856561,6,0.0959,0.0613,0.0959,0.6657,0.6693,-0.2928,0.6019,9
2026-03-21T17:25:37.925033,0,1.1220,1.1220,0.0189,0.8784,0.8757,0.1112,-0.8686,66
2026-03-21T17:25:37.925033,1,1.0806,0.0777,1.0806,0.7134,0.7584,0.7478,-0.1259,71
2026-03-21T17:25:37.925033,2,0.3293,0.3293,0.1069,0.3949,0.4241,0.2763,0.3217,38
2026-03-21T17:25:37.925033,3,0.1106,0.0697,0.1106,0.7186,0.6742,0.1734,0.6515,9
2026-03-21T17:25:37.925033,4,0.0505,0.0505,0.0295,0.4164,0.3986,-0.0035,0.3985,8
2026-03-21T17:25:37.925033,5,0.0931,0.0612,0.0931,0.6629,0.6689,-0.2926,0.6015,9
2026-03-21T17:25:37.995776,0,1.1244,1.1244,0.0207,0.8795,0.8760,0.1114,-0.8689,66
2026-03-21T17:25:37.995776,1,1.0554,0.0739,1.0554,0.6872,0.7569,0.7478,-0.1172,70
2026-03-21T17:25:37.995776,2,0.3361,0.3361,0.0984,0.3902,0.4273,0.2785,0.3241,38
2026-03-21T17:25:37.995776,3,0.0999,0.0723,0.0999,0.7117,0.6742,0.1735,0.6515,9
2026-03-21T17:25:37.995776,4,0.0608,0.0608,0.0513,0.4433,0.4062,-0.0074,0.4062,9
2026-03-21T17:25:37.995776,5,0.0878,0.0650,0.0878,0.6620,0.6696,-0.2930,0.6021,9
2026-03-21T17:25:38.065252,0,1.1254,1.1254,0.0203,0.8810,0.8766,0.1115,-0.8695,66
2026-03-21T17:25:38.065252,1,1.0588,0.0764,1.0588,0.6607,0.7532,0.7472,-0.0947,71
2026-03-21T17:25:38.065252,2,0.3055,0.3055,0.1074,0.3949,0.4223,0.2715,0.3235,37
2026-03-21T17:25:38.065252,3,0.0778,0.0639,0.0778,0.6886,0.6683,0.1780,0.6442,8
2026-03-21T17:25:38.065252,4,0.0619,0.0619,0.0533,0.4463,0.4075,-0.0072,0.4074,9
2026-03-21T17:25:38.065252,5,0.0904,0.0625,0.0904,0.6620,0.6699,-0.2931,0.6023,9
2026-03-21T17:25:38.134812,0,1.1000,1.1000,0.0246,0.8813,0.8749,0.1021,-0.8690,65
2026-03-21T17:25:38.134812,1,0.0703,0.0703,0.0386,0.8657,1.1317,0.7426,-0.8540,5
2026-03-21T17:25:38.134812,2,1.0698,0.0740,1.0698,0.6613,0.7530,0.7470,-0.0947,71
2026-03-21T17:25:38.134812,3,0.3097,0.3097,0.1406,0.4313,0.4227,0.2688,0.3263,38
2026-03-21T17:25:38.134812,4,0.1047,0.0709,0.1047,0.7136,0.6742,0.1735,0.6515,9
2026-03-21T17:25:38.134812,5,0.0615,0.0615,0.0525,0.4404,0.4085,-0.0071,0.4084,9
2026-03-21T17:25:38.134812,6,0.0969,0.0647,0.0969,0.6685,0.6681,-0.2923,0.6008,9
2026-03-21T17:25:38.206293,0,1.1018,1.1018,0.0247,0.8820,0.8748,0.1018,-0.8688,65
2026-03-21T17:25:38.206293,1,1.0761,0.0741,1.0761,0.7120,0.7583,0.7478,-0.1258,71
2026-03-21T17:25:38.206293,2,0.3103,0.3103,0.1036,0.3949,0.4214,0.2712,0.3226,37
2026-03-21T17:25:38.206293,3,0.0998,0.0718,0.0998,0.7078,0.6721,0.1730,0.6494,9
2026-03-21T17:25:38.206293,4,0.0604,0.0604,0.0425,0.4324,0.4065,-0.0071,0.4064,9
2026-03-21T17:25:38.206293,5,0.0974,0.0639,0.0974,0.6750,0.6731,-0.2944,0.6053,9
2026-03-21T17:25:38.273952,0,1.1914,1.1914,0.0592,0.8820,0.8802,0.1479,-0.8677,70
2026-03-21T17:25:38.273952,1,1.1157,0.0756,1.1157,0.7127,0.7554,0.7472,-0.1114,73
2026-03-21T17:25:38.273952,2,0.3103,0.3103,0.1478,0.4370,0.4232,0.2691,0.3267,38
2026-03-21T17:25:38.273952,3,0.0944,0.0747,0.0944,0.7146,0.6762,0.1741,0.6534,9
2026-03-21T17:25:38.273952,4,0.0635,0.0615,0.0635,0.4523,0.4065,-0.0074,0.4064,9
2026-03-21T17:25:38.273952,5,0.1025,0.0632,0.1025,0.6750,0.6721,-0.2940,0.6044,9
2026-03-21T17:25:38.343757,0,1.0976,1.0976,0.0195,0.8794,0.8747,0.1021,-0.8687,65
2026-03-21T17:25:38.343757,1,0.0656,0.0656,0.0437,0.8665,1.1299,0.7413,-0.8526,5
2026-03-21T17:25:38.343757,2,1.0495,0.0726,1.0495,0.6845,0.7565,0.7474,-0.1174,70
2026-03-21T17:25:38.343757,3,0.3319,0.3319,0.0989,0.3902,0.4254,0.2772,0.3227,38
2026-03-21T17:25:38.343757,4,0.0749,0.0646,0.0749,0.6857,0.6672,0.1777,0.6431,8
2026-03-21T17:25:38.343757,5,0.0504,0.0504,0.0335,0.4204,0.3983,-0.0034,0.3983,8
2026-03-21T17:25:38.343757,6,0.0998,0.0614,0.0998,0.6731,0.6714,-0.2937,0.6038,9
2026-03-21T17:25:38.413455,0,1.1961,1.1961,0.0586,0.8843,0.8810,0.1481,-0.8684,70
2026-03-21T17:25:38.413455,1,1.0263,0.0732,1.0263,0.6626,0.7555,0.7475,-0.1091,69
2026-03-21T17:25:38.413455,2,0.3072,0.3072,0.1547,0.4435,0.4226,0.2684,0.3264,38
2026-03-21T17:25:38.413455,3,0.1098,0.0705,0.1098,0.7225,0.6750,0.1737,0.6522,9
2026-03-21T17:25:38.413455,4,0.0763,0.0624,0.0763,0.4642,0.4061,-0.0076,0.4061,9
2026-03-21T17:25:38.413455,5,0.0989,0.0649,0.0989,0.6722,0.6718,-0.2939,0.6040,9
2026-03-21T17:25:38.483481,0,1.1261,1.1261,0.0224,0.8803,0.8762,0.1112,-0.8691,66
2026-03-21T17:25:38.483481,1,1.0892,0.0743,1.0892,0.6892,0.7543,0.7472,-0.1030,72
2026-03-21T17:25:38.483481,2,0.3367,0.3367,0.0881,0.3800,0.4249,0.2769,0.3223,38
2026-03-21T17:25:38.483481,3,0.0777,0.0636,0.0777,0.6857,0.6688,0.1781,0.6447,8
2026-03-21T17:25:38.483481,4,0.0507,0.0507,0.0227,0.4164,0.4003,-0.0035,0.4003,8
2026-03-21T17:25:38.483481,5,0.0961,0.0630,0.0961,0.6694,0.6696,-0.2929,0.6022,9
2026-03-21T17:25:38.552290,0,1.1956,1.1956,0.0576,0.8833,0.8812,0.1481,-0.8687,70
2026-03-21T17:25:38.552290,1,1.0816,0.0805,1.0816,0.7134,0.7585,0.7480,-0.1258,71
2026-03-21T17:25:38.552290,2,0.3091,0.3091,0.1021,0.3921,0.4229,0.2720,0.3239,37
2026-03-21T17:25:38.552290,3,0.0682,0.0667,0.0682,0.6847,0.6690,0.1782,0.6448,8
2026-03-21T17:25:38.552290,4,0.0512,0.0512,0.0265,0.4224,0.4040,-0.0035,0.4040,8
2026-03-21T17:25:38.552290,5,0.0842,0.0658,0.0842,0.6602,0.6706,-0.2935,0.6030,9
2026-03-21T17:25:38.622931,0,1.1027,1.1027,0.0203,0.8804,0.8748,0.1021,-0.8688,65
2026-03-21T17:25:38.622931,1,1.1467,0.0753,1.1467,0.7377,0.7572,0.7477,-0.1199,74
2026-03-21T17:25:38.622931,2,0.3117,0.3117,0.0954,0.3884,0.4238,0.2728,0.3243,37
2026-03-21T17:25:38.622931,3,0.0991,0.0730,0.0991,0.7146,0.6756,0.1740,0.6529,9
2026-03-21T17:25:38.622931,4,0.0614,0.0614,0.0575,0.4533,0.4078,-0.0075,0.4077,9
2026-03-21T17:25:38.622931,5,0.0878,0.0641,0.0878,0.6611,0.6699,-0.2932,0.6023,9
2026-03-21T17:25:38.691714,0,1.1222,1.1222,0.0245,0.8830,0.8761,0.1113,-0.8690,66
2026-03-21T17:25:38.691714,1,1.1234,0.0674,1.1234,0.7134,0.7561,0.7479,-0.1111,73
2026-03-21T17:25:38.691714,2,0.3325,0.3325,0.1006,0.3921,0.4247,0.2768,0.3222,38
2026-03-21T17:25:38.691714,3,0.0769,0.0645,0.0769,0.6906,0.6690,0.1782,0.6448,8
2026-03-21T17:25:38.691714,4,0.0712,0.0623,0.0712,0.4632,0.4096,-0.0077,0.4095,9
2026-03-21T17:25:38.691714,5,0.0783,0.0673,0.0783,0.6490,0.6688,-0.2927,0.6013,9
2026-03-21T17:25:38.762032,0,1.1914,1.1914,0.0564,0.8813,0.8806,0.1479,-0.8681,70
2026-03-21T17:25:38.762032,1,1.0383,0.0683,1.0383,0.6383,0.7511,0.7462,-0.0863,70
2026-03-21T17:25:38.762032,2,0.3041,0.3041,0.1459,0.4360,0.4229,0.2688,0.3265,38
2026-03-21T17:25:38.762032,3,0.0731,0.0657,0.0731,0.6896,0.6700,0.1785,0.6458,8
2026-03-21T17:25:38.762032,4,0.0703,0.0622,0.0703,0.4612,0.4077,-0.0076,0.4076,9
2026-03-21T17:25:38.762032,5,0.0830,0.0695,0.0830,0.6611,0.6700,-0.2933,0.6024,9
2026-03-21T17:25:38.831518,0,1.1210,1.1210,0.0211,2.3953,0.8757,0.1112,-0.8686,66
2026-03-21T17:25:38.831518,1,0.0686,0.0440,0.0686,2.3819,1.1283,0.7548,-0.8386,5
2026-03-21T17:25:38.831518,2,1.0880,0.0743,1.0880,2.2028,0.7542,0.7472,-0.1031,72
2026-03-21T17:25:38.831518,3,0.3331,0.3331,0.1068,1.2272,0.4250,0.2768,0.3225,38
2026-03-21T17:25:38.831518,4,0.1030,0.0723,0.1030,0.9007,0.6759,0.1740,0.6531,9
2026-03-21T17:25:38.831518,5,0.0509,0.0509,0.0305,1.1233,0.4020,-0.0034,0.4020,8
2026-03-21T17:25:38.831518,6,0.0815,0.0669,0.0815,0.9403,0.6711,-0.2937,0.6034,9
2026-03-21T17:25:38.901317,0,0.9446,0.9446,0.0286,2.3996,0.8703,0.0411,-0.8693,58
2026-03-21T17:25:38.901317,1,0.2270,0.2270,0.0194,2.3910,1.0852,0.6549,-0.8653,11
2026-03-21T17:25:38.901317,2,1.0389,0.0687,1.0389,2.1526,0.7515,0.7465,-0.0867,70
2026-03-21T17:25:38.901317,3,0.3065,0.3065,0.1527,1.2282,0.4219,0.2682,0.3257,38
2026-03-21T17:25:38.901317,4,0.1009,0.0723,0.1009,0.9035,0.6741,0.1735,0.6514,9
2026-03-21T17:25:38.901317,5,0.0617,0.0617,0.0608,1.1258,0.4087,-0.0074,0.4086,9
2026-03-21T17:25:38.901317,6,0.0981,0.0620,0.0981,0.9412,0.6716,-0.2938,0.6040,9
2026-03-21T17:25:38.971658,0,1.1941,1.1941,0.0255,2.3956,0.8797,0.1389,-0.8686,69
2026-03-21T17:25:38.971658,1,1.0984,0.0798,1.0984,2.2533,0.7600,0.7480,-0.1345,72
2026-03-21T17:25:38.971658,2,0.3066,0.3066,0.0955,1.2262,0.4207,0.2709,0.3220,37
2026-03-21T17:25:38.971658,3,0.1076,0.0702,0.1076,0.9083,0.6715,0.1728,0.6489,9
2026-03-21T17:25:38.971658,4,0.0614,0.0614,0.0594,1.1293,0.4066,-0.0073,0.4065,9
2026-03-21T17:25:38.971658,5,0.0915,0.0660,0.0915,0.9355,0.6752,-0.2954,0.6071,9
2026-03-21T17:25:39.040453,0,1.1238,1.1238,0.0213,2.3973,0.8761,0.1110,-0.8691,66
2026-03-21T17:25:39.040453,1,1.1506,0.0719,1.1506,2.2554,0.7578,0.7482,-0.1199,74
2026-03-21T17:25:39.040453,2,0.3106,0.3106,0.1394,1.2271,0.4223,0.2685,0.3260,38
2026-03-21T17:25:39.040453,3,0.1005,0.0708,0.1005,0.9139,0.6712,0.1728,0.6486,9
2026-03-21T17:25:39.040453,4,0.0607,0.0607,0.0474,1.1283,0.4045,-0.0072,0.4044,9
2026-03-21T17:25:39.040453,5,0.1017,0.0610,0.1017,0.9429,0.6746,-0.2951,0.6067,9
2026-03-21T17:25:39.110392,0,1.1258,1.1258,0.0238,2.3966,0.8761,0.1113,-0.8690,66
2026-03-21T17:25:39.110392,1,1.0510,0.0742,1.0510,2.1577,0.7519,0.7468,-0.0867,70
2026-03-21T17:25:39.110392,2,0.3120,0.3120,0.1447,1.2250,0.4242,0.2697,0.3274,38
2026-03-21T17:25:39.110392,3,0.1015,0.0704,0.1015,0.9149,0.6719,0.1729,0.6492,9
2026-03-21T17:25:39.110392,4,0.0612,0.0612,0.0475,1.1263,0.4074,-0.0071,0.4073,9
2026-03-21T17:25:39.110392,5,0.1038,0.0634,0.1038,0.9395,0.6736,-0.2947,0.6058,9
2026-03-21T17:25:39.180278,0,1.2010,1.2010,0.0514,2.3963,0.8806,0.1479,-0.8681,70
2026-03-21T17:25:39.180278,1,0.0855,0.0060,0.0855,2.1789,0.9819,0.7628,-0.6183,5
2026-03-21T17:25:39.180278,2,0.9539,0.0735,0.9539,2.0611,0.7478,0.7458,-0.0553,66
2026-03-21T17:25:39.180278,3,0.3342,0.3342,0.1458,1.2288,0.4244,0.2734,0.3246,39
2026-03-21T17:25:39.180278,4,0.1066,0.0703,0.1066,0.9092,0.6749,0.1737,0.6521,9
2026-03-21T17:25:39.180278,5,0.0620,0.0620,0.0574,1.1282,0.4072,-0.0072,0.4072,9
2026-03-21T17:25:39.180278,6,0.1066,0.0634,0.1066,0.9386,0.6739,-0.2947,0.6060,9
2026-03-21T17:25:39.249491,0,1.0775,1.0775,0.0170,2.3958,0.8749,0.0933,-0.8699,64
2026-03-21T17:25:39.249491,1,0.0878,0.0878,0.0506,2.3874,1.1267,0.7319,-0.8565,6
2026-03-21T17:25:39.249491,2,1.1214,0.0712,1.1214,2.2255,0.7547,0.7475,-0.1041,74
2026-03-21T17:25:39.249491,3,0.3349,0.3349,0.1004,1.2254,0.4251,0.2770,0.3225,38
2026-03-21T17:25:39.249491,4,0.0902,0.0746,0.0902,0.9016,0.6745,0.1738,0.6518,9
2026-03-21T17:25:39.249491,5,0.0612,0.0612,0.0564,1.1343,0.4042,-0.0072,0.4042,9
2026-03-21T17:25:39.249491,6,0.0999,0.0608,0.0999,0.9412,0.6733,-0.2945,0.6055,9
2026-03-21T17:25:39.319576,0,1.1959,1.1959,0.0245,2.3976,0.8801,0.1390,-0.8690,69
2026-03-21T17:25:39.319576,1,1.0506,0.0776,1.0506,2.2028,0.7572,0.7481,-0.1175,70
2026-03-21T17:25:39.319576,2,0.3275,0.3275,0.0958,1.2237,0.4253,0.2772,0.3225,38
2026-03-21T17:25:39.319576,3,0.0970,0.0730,0.0970,0.9035,0.6745,0.1737,0.6518,9
2026-03-21T17:25:39.319576,4,0.0610,0.0610,0.0606,1.1275,0.4062,-0.0070,0.4062,9
2026-03-21T17:25:39.319576,5,0.1095,0.0618,0.1095,0.9434,0.6733,-0.2945,0.6055,9
2026-03-21T17:25:39.389014,0,1.1235,1.1235,0.0211,2.3982,0.8767,0.1114,-0.8696,66
2026-03-21T17:25:39.389014,1,0.0438,0.0438,0.0103,2.3819,1.1419,0.7492,-0.8617,3
2026-03-21T17:25:39.389014,2,1.0063,0.0715,1.0063,2.1539,0.7538,0.7470,-0.1008,68
2026-03-21T17:25:39.389014,3,0.3285,0.3285,0.0987,1.2247,0.4256,0.2772,0.3229,38
2026-03-21T17:25:39.389014,4,0.0673,0.0672,0.0673,0.8979,0.6681,0.1780,0.6439,8
2026-03-21T17:25:39.389014,5,0.0606,0.0606,0.0496,1.1215,0.4087,-0.0070,0.4086,9
2026-03-21T17:25:39.389014,6,0.0671,0.0586,0.0671,0.9464,0.6648,-0.2963,0.5951,8
2026-03-21T17:25:39.458507,0,1.1243,1.1243,0.0224,2.3990,0.8762,0.1109,-0.8691,66
2026-03-21T17:25:39.458507,1,1.1005,0.0717,1.1005,2.2048,0.7547,0.7476,-0.1030,72
2026-03-21T17:25:39.458507,2,0.3120,0.3120,0.0994,1.2282,0.4226,0.2719,0.3235,37
2026-03-21T17:25:39.458507,3,0.0962,0.0739,0.0962,0.8988,0.6756,0.1740,0.6529,9
2026-03-21T17:25:39.458507,4,0.0615,0.0615,0.0604,1.1283,0.4089,-0.0070,0.4088,9
2026-03-21T17:25:39.458507,5,0.0663,0.0592,0.0663,0.9447,0.6651,-0.2964,0.5954,8
2026-03-21T17:25:39.528529,0,1.1257,1.1257,0.0207,2.3958,0.8761,0.1111,-0.8690,66
2026-03-21T17:25:39.528529,1,1.0337,0.0730,1.0337,2.1808,0.7556,0.7477,-0.1090,69
2026-03-21T17:25:39.528529,2,0.3355,0.3355,0.0955,1.2243,0.4253,0.2772,0.3225,38
2026-03-21T17:25:39.528529,3,0.0741,0.0654,0.0741,0.9007,0.6688,0.1781,0.6447,8
2026-03-21T17:25:39.528529,4,0.0616,0.0616,0.0485,1.1205,0.4078,-0.0073,0.4077,9
2026-03-21T17:25:39.528529,5,0.1054,0.0610,0.1054,0.9429,0.6732,-0.2944,0.6054,9
2026-03-21T17:25:39.598220,0,1.1263,1.1263,0.0203,2.3966,0.8762,0.1113,-0.8691,66
2026-03-21T17:25:39.598220,1,1.1032,0.0764,1.1032,2.2054,0.7535,0.7474,-0.0957,73
2026-03-21T17:25:39.598220,2,0.3368,0.3368,0.1054,1.2249,0.4257,0.2774,0.3229,38
2026-03-21T17:25:39.598220,3,0.0980,0.0730,0.0980,0.9026,0.6755,0.1739,0.6528,9
2026-03-21T17:25:39.598220,4,0.0608,0.0608,0.0484,1.1273,0.4034,-0.0072,0.4033,9
2026-03-21T17:25:39.598220,5,0.1008,0.0637,0.1008,0.9429,0.6722,-0.2940,0.6045,9
2026-03-21T17:25:39.667244,0,1.1945,1.1945,0.0574,2.3986,0.8807,0.1477,-0.8682,70
2026-03-21T17:25:39.667244,1,1.0954,0.0710,1.0954,2.2041,0.7544,0.7473,-0.1029,72
2026-03-21T17:25:39.667244,2,0.3094,0.3094,0.1060,1.2254,0.4224,0.2716,0.3235,37
2026-03-21T17:25:39.667244,3,0.0943,0.0744,0.0943,0.8979,0.6738,0.1735,0.6510,9
2026-03-21T17:25:39.667244,4,0.0624,0.0616,0.0624,1.1343,0.4069,-0.0072,0.4068,9
2026-03-21T17:25:39.667244,5,0.0656,0.0601,0.0656,0.9412,0.6672,-0.2974,0.5972,8
2026-03-21T17:25:39.737003,0,1.1261,1.1261,0.0270,2.4016,0.8757,0.1110,-0.8687,66
2026-03-21T17:25:39.737003,1,1.0527,0.0753,1.0527,2.2034,0.7571,0.7479,-0.1174,70
2026-03-21T17:25:39.737003,2,0.3269,0.3269,0.1488,1.2243,0.4259,0.2744,0.3258,39
2026-03-21T17:25:39.737003,3,0.0702,0.0663,0.0702,0.8998,0.6692,0.1783,0.6450,8
2026-03-21T17:25:39.737003,4,0.0611,0.0611,0.0564,1.1273,0.4078,-0.0074,0.4077,9
2026-03-21T17:25:39.737003,5,0.0990,0.0632,0.0990,0.9412,0.6744,-0.2950,0.6065,9
2026-03-21T17:25:39.806447,0,1.1238,1.1238,0.0252,2.4005,0.8767,0.1112,-0.8696,66
2026-03-21T17:25:39.806447,1,1.1144,0.0720,1.1144,2.2296,0.7557,0.7475,-0.1113,73
2026-03-21T17:25:39.806447,2,0.3341,0.3341,0.1580,1.2250,0.4258,0.2741,0.3259,39
2026-03-21T17:25:39.806447,3,0.1000,0.0724,0.1000,0.9035,0.6741,0.1735,0.6514,9
2026-03-21T17:25:39.806447,4,0.0614,0.0614,0.0594,1.1283,0.4068,-0.0074,0.4067,9
2026-03-21T17:25:39.806447,5,0.0677,0.0588,0.0677,0.9451,0.6658,-0.2967,0.5961,8
2026-03-21T17:25:39.876695,0,1.0976,1.0976,0.0176,2.3947,0.8751,0.1023,-0.8691,65
2026-03-21T17:25:39.876695,1,1.0479,0.0708,1.0479,2.1552,0.7512,0.7462,-0.0864,70
2026-03-21T17:25:39.876695,2,0.3333,0.3333,0.1428,1.2259,0.4257,0.2743,0.3255,39
2026-03-21T17:25:39.876695,3,0.1017,0.0711,0.1017,0.9102,0.6741,0.1735,0.6514,9
2026-03-21T17:25:39.876695,4,0.0615,0.0615,0.0485,1.1215,0.4086,-0.0073,0.4085,9
2026-03-21T17:25:39.876695,5,0.1053,0.0609,0.1053,0.9438,0.6731,-0.2944,0.6053,9
2026-03-21T17:25:39.946547,0,1.0997,1.0997,0.0209,2.3963,0.8755,0.1021,-0.8695,65
2026-03-21T17:25:39.946547,1,0.0711,0.0711,0.0380,2.3843,1.1355,0.7451,-0.8568,5
2026-03-21T17:25:39.946547,2,1.1228,0.0826,1.1228,2.2276,0.7561,0.7479,-0.1114,73
2026-03-21T17:25:39.946547,3,0.3346,0.3346,0.1489,1.2282,0.4263,0.2744,0.3262,39
2026-03-21T17:25:39.946547,4,0.1065,0.0700,0.1065,0.9111,0.6734,0.1733,0.6507,9
2026-03-21T17:25:39.946547,5,0.0609,0.0609,0.0484,1.1243,0.4062,-0.0072,0.4062,9
2026-03-21T17:25:39.946547,6,0.1006,0.0603,0.1006,0.9455,0.6730,-0.2943,0.6052,9
2026-03-21T17:25:40.015656,0,1.1958,1.1958,0.0260,2.3975,0.8804,0.1390,-0.8694,69
2026-03-21T17:25:40.015656,1,1.0330,0.0737,1.0330,2.1815,0.7559,0.7479,-0.1092,69
2026-03-21T17:25:40.015656,2,0.3333,0.3333,0.1533,1.2241,0.4258,0.2740,0.3259,39
2026-03-21T17:25:40.015656,3,0.1075,0.0698,0.1075,0.9111,0.6731,0.1732,0.6504,9
2026-03-21T17:25:40.015656,4,0.0613,0.0613,0.0593,1.1282,0.4070,-0.0075,0.4069,9
2026-03-21T17:25:40.015656,5,0.0964,0.0647,0.0964,0.9386,0.6745,-0.2951,0.6065,9
2026-03-21T17:25:40.086633,0,1.1967,1.1967,0.0542,2.4005,0.8811,0.1483,-0.8685,70
2026-03-21T17:25:40.086633,1,1.0339,0.0752,1.0339,2.1802,0.7562,0.7483,-0.1092,69
2026-03-21T17:25:40.086633,2,0.3325,0.3325,0.1565,1.2274,0.4266,0.2745,0.3265,39
2026-03-21T17:25:40.086633,3,0.1069,0.0712,0.1069,0.9026,0.6749,0.1737,0.6521,9
2026-03-21T17:25:40.086633,4,0.0614,0.0614,0.0535,1.1235,0.4077,-0.0074,0.4076,9
2026-03-21T17:25:40.086633,5,0.0942,0.0613,0.0942,0.9438,0.6711,-0.2936,0.6035,9
2026-03-21T17:25:40.155361,0,1.1918,1.1918,0.0637,2.4005,0.8809,0.1479,-0.8684,70
2026-03-21T17:25:40.155361,1,1.0283,0.0769,1.0283,2.1782,0.7553,0.7474,-0.1091,69
2026-03-21T17:25:40.155361,2,0.3060,0.3060,0.1074,1.2250,0.4221,0.2714,0.3233,37
2026-03-21T17:25:40.155361,3,0.1068,0.0711,0.1068,0.9035,0.6774,0.1744,0.6546,9
2026-03-21T17:25:40.155361,4,0.0643,0.0618,0.0643,1.1272,0.4067,-0.0074,0.4066,9
2026-03-21T17:25:40.155361,5,0.0854,0.0663,0.0854,0.9377,0.6710,-0.2936,0.6033,9
2026-03-21T17:25:40.225404,0,1.0734,1.0734,0.0235,2.3982,0.8740,0.0934,-0.8690,64
2026-03-21T17:25:40.225404,1,0.0884,0.0884,0.0168,2.3854,1.1279,0.7253,-0.8637,5
2026-03-21T17:25:40.225404,2,1.1450,0.0697,1.1450,2.2533,0.7572,0.7477,-0.1197,74
2026-03-21T17:25:40.225404,3,0.3051,0.3051,0.1017,1.2249,0.4218,0.2713,0.3230,37
2026-03-21T17:25:40.225404,4,0.0692,0.0664,0.0692,0.9007,0.6698,0.1785,0.6456,8
2026-03-21T17:25:40.225404,5,0.0623,0.0621,0.0623,1.1232,0.4090,-0.0074,0.4089,9
2026-03-21T17:25:40.225404,6,0.0929,0.0638,0.0929,0.9416,0.6714,-0.2937,0.6038,9
2026-03-21T17:25:40.295504,0,1.0992,1.0992,0.0213,2.3966,0.8752,0.1021,-0.8693,65
2026-03-21T17:25:40.295504,1,1.0743,0.0728,1.0743,2.2269,0.7587,0.7482,-0.1257,71
2026-03-21T17:25:40.295504,2,0.3334,0.3334,0.1037,1.2269,0.4258,0.2775,0.3229,38
2026-03-21T17:25:40.295504,3,0.0927,0.0754,0.0927,0.8933,0.6757,0.1740,0.6530,9
2026-03-21T17:25:40.295504,4,0.0692,0.0619,0.0692,1.1272,0.4069,-0.0075,0.4068,9
2026-03-21T17:25:40.295504,5,0.1016,0.0617,0.1016,0.9438,0.6714,-0.2937,0.6038,9
2026-03-21T17:25:40.364594,0,1.1249,1.1249,0.0206,2.3976,0.8759,0.1110,-0.8688,66
2026-03-21T17:25:40.364594,1,1.0569,0.0751,1.0569,2.2054,0.7567,0.7475,-0.1173,70
2026-03-21T17:25:40.364594,2,0.3085,0.3085,0.1435,1.2256,0.4227,0.2687,0.3264,38
2026-03-21T17:25:40.364594,3,0.0719,0.0652,0.0719,0.9054,0.6678,0.1779,0.6437,8
2026-03-21T17:25:40.364594,4,0.0505,0.0505,0.0295,1.1293,0.4027,-0.0035,0.4027,8
2026-03-21T17:25:40.364594,5,0.0999,0.0647,0.0999,0.9412,0.6709,-0.2934,0.6033,9
2026-03-21T17:25:40.434337,0,1.0764,1.0764,0.0217,2.3986,0.8748,0.0931,-0.8698,64
2026-03-21T17:25:40.434337,1,0.0889,0.0889,0.0187,2.3851,1.1279,0.7253,-0.8637,5
2026-03-21T17:25:40.434337,2,1.1068,0.0740,1.1068,2.2540,0.7605,0.7486,-0.1340,72
2026-03-21T17:25:40.434337,3,0.3283,0.3283,0.0899,1.2243,0.4255,0.2774,0.3227,38
2026-03-21T17:25:40.434337,4,0.1049,0.0715,0.1049,0.9035,0.6748,0.1736,0.6520,9
2026-03-21T17:25:40.434337,5,0.0513,0.0513,0.0284,1.1242,0.4008,-0.0035,0.4008,8
2026-03-21T17:25:40.434337,6,0.0900,0.0680,0.0900,0.9406,0.6681,-0.2923,0.6007,9
2026-03-21T17:25:40.503953,0,1.1261,1.1261,0.0204,2.3976,0.8766,0.1115,-0.8695,66
2026-03-21T17:25:40.503953,1,1.1370,0.0773,1.1370,2.2533,0.7576,0.7480,-0.1200,74
2026-03-21T17:25:40.503953,2,0.3319,0.3319,0.0987,1.2247,0.4258,0.2774,0.3230,38
2026-03-21T17:25:40.503953,3,0.1022,0.0725,0.1022,0.9009,0.6743,0.1735,0.6516,9
2026-03-21T17:25:40.503953,4,0.0632,0.0621,0.0632,1.1212,0.4088,-0.0076,0.4087,9
2026-03-21T17:25:40.503953,5,0.0942,0.0621,0.0942,0.9438,0.6716,-0.2938,0.6040,9
2026-03-21T17:25:40.572875,0,1.1954,1.1954,0.0271,2.3973,0.8801,0.1391,-0.8690,69
2026-03-21T17:25:40.572875,1,1.0556,0.0750,1.0556,2.2041,0.7566,0.7475,-0.1172,70
2026-03-21T17:25:40.572875,2,0.3081,0.3081,0.1097,1.2254,0.4225,0.2717,0.3236,37
2026-03-21T17:25:40.572875,3,0.0758,0.0642,0.0758,0.9064,0.6672,0.1777,0.6431,8
2026-03-21T17:25:40.572875,4,0.0508,0.0508,0.0324,1.1282,0.4014,-0.0034,0.4014,8
2026-03-21T17:25:40.572875,5,0.0888,0.0637,0.0888,0.9421,0.6683,-0.2924,0.6010,9
2026-03-21T17:25:40.643801,0,1.1212,1.1212,0.0209,2.3982,0.8767,0.1112,-0.8696,66
2026-03-21T17:25:40.643801,1,0.0438,0.0438,0.0110,2.3811,1.1409,0.7486,-0.8610,3
2026-03-21T17:25:40.643801,2,1.1293,0.0791,1.1293,2.2792,0.7623,0.7488,-0.1432,73
2026-03-21T17:25:40.643801,3,0.3303,0.3303,0.1002,1.2243,0.4256,0.2772,0.3229,38
2026-03-21T17:25:40.643801,4,0.0702,0.0663,0.0702,0.8998,0.6681,0.1780,0.6439,8
2026-03-21T17:25:40.643801,5,0.0504,0.0504,0.0374,1.1342,0.4012,-0.0034,0.4012,8
2026-03-21T17:25:40.643801,6,0.0973,0.0653,0.0973,0.9441,0.6685,-0.2925,0.6012,9
2026-03-21T17:25:40.712884,0,1.1941,1.1941,0.0605,2.4002,0.8809,0.1480,-0.8684,70
2026-03-21T17:25:40.712884,1,1.0830,0.0804,1.0830,2.2034,0.7543,0.7472,-0.1030,72
2026-03-21T17:25:40.712884,2,0.3357,0.3357,0.1110,1.2276,0.4259,0.2774,0.3232,38
2026-03-21T17:25:40.712884,3,0.1039,0.0715,0.1039,0.9045,0.6744,0.1736,0.6517,9
2026-03-21T17:25:40.712884,4,0.0507,0.0507,0.0295,1.1253,0.4015,-0.0034,0.4015,8
2026-03-21T17:25:40.712884,5,0.1107,0.0598,0.1107,0.9464,0.6696,-0.2928,0.6022,9
2026-03-21T17:25:40.782974,0,1.1278,1.1278,0.0286,2.4022,0.8763,0.1113,-0.8692,66
2026-03-21T17:25:40.782974,1,0.0672,0.0460,0.0672,2.3819,1.1289,0.7552,-0.8390,5
2026-03-21T17:25:40.782974,2,1.1096,0.0699,1.1096,2.2248,0.7549,0.7467,-0.1113,73
2026-03-21T17:25:40.782974,3,0.3318,0.3318,0.1009,1.2260,0.4263,0.2778,0.3234,38
2026-03-21T17:25:40.782974,4,0.1034,0.0698,0.1034,0.9168,0.6679,0.1719,0.6454,9
2026-03-21T17:25:40.782974,5,0.0505,0.0505,0.0284,1.1272,0.4024,-0.0035,0.4024,8
2026-03-21T17:25:40.782974,6,0.0927,0.0500,0.0927,0.9499,0.6700,-0.2984,0.5999,8
2026-03-21T17:25:40.852825,0,1.1277,1.1277,0.0265,2.3992,0.8759,0.1111,-0.8688,66
2026-03-21T17:25:40.852825,1,1.0797,0.0713,1.0797,2.2282,0.7585,0.7480,-0.1258,71
2026-03-21T17:25:40.852825,2,0.3093,0.3093,0.1411,1.2250,0.4247,0.2701,0.3278,38
2026-03-21T17:25:40.852825,3,0.0900,0.0737,0.0900,0.9083,0.6689,0.1723,0.6463,9
2026-03-21T17:25:40.852825,4,0.0504,0.0504,0.0184,1.1222,0.4022,-0.0035,0.4022,8
2026-03-21T17:25:40.852825,5,0.0452,0.0452,0.0393,0.9447,0.6640,-0.3065,0.5891,6
2026-03-21T17:25:40.922037,0,1.0968,1.0968,0.0206,2.3956,0.8750,0.1020,-0.8691,65
2026-03-21T17:25:40.922037,1,0.0638,0.0638,0.0462,2.3874,1.1331,0.7434,-0.8551,5
2026-03-21T17:25:40.922037,2,1.0743,0.0706,1.0743,2.1795,0.7531,0.7472,-0.0947,71
2026-03-21T17:25:40.922037,3,0.3187,0.3187,0.1377,1.2227,0.4249,0.2702,0.3279,38
2026-03-21T17:25:40.922037,4,0.0829,0.0743,0.0829,0.9130,0.6643,0.1711,0.6419,9
2026-03-21T17:25:40.922037,5,0.0673,0.0617,0.0673,1.1223,0.4078,-0.0076,0.4077,9
2026-03-21T17:25:40.922037,6,0.0701,0.0364,0.0701,0.9438,0.6732,-0.3105,0.5973,6
2026-03-21T17:25:40.992656,0,1.0759,1.0759,0.0241,2.3996,0.8735,0.0932,-0.8685,64
2026-03-21T17:25:40.992656,1,0.0916,0.0916,0.0446,2.3851,1.1280,0.7328,-0.8575,6
2026-03-21T17:25:40.992656,2,1.0210,0.0753,1.0210,2.1749,0.7552,0.7473,-0.1092,69
2026-03-21T17:25:40.992656,3,0.3301,0.3301,0.1407,1.2238,0.4278,0.2754,0.3273,39
2026-03-21T17:25:40.992656,4,0.0771,0.0771,0.0744,0.9054,0.6615,0.1705,0.6392,9
2026-03-21T17:25:40.992656,5,0.0673,0.0619,0.0673,1.1263,0.4075,-0.0075,0.4074,9
2026-03-21T17:25:40.992656,6,0.0520,0.0286,0.0520,0.9355,0.6762,-0.3172,0.5972,5
2026-03-21T17:25:41.061588,0,1.1223,1.1223,0.0207,2.3943,0.8758,0.1109,-0.8688,66
2026-03-21T17:25:41.061588,1,1.0791,0.0742,1.0791,2.2317,0.7591,0.7486,-0.1259,71
2026-03-21T17:25:41.061588,2,0.3108,0.3108,0.1471,1.2254,0.4241,0.2695,0.3274,38
2026-03-21T17:25:41.061588,3,0.0906,0.0720,0.0906,0.9187,0.6602,0.1701,0.6379,9
2026-03-21T17:25:41.061588,4,0.0633,0.0609,0.0633,1.1262,0.4055,-0.0076,0.4054,9
2026-03-21T17:25:41.131456,0,1.0997,1.0997,0.0273,2.3986,0.8743,0.1019,-0.8683,65
2026-03-21T17:25:41.131456,1,1.0294,0.0702,1.0294,2.1789,0.7553,0.7474,-0.1090,69
2026-03-21T17:25:41.131456,2,0.3151,0.3151,0.0975,1.2263,0.4212,0.2710,0.3225,37
2026-03-21T17:25:41.131456,3,0.0869,0.0737,0.0869,0.9120,0.6611,0.1703,0.6388,9
2026-03-21T17:25:41.131456,4,0.0882,0.0633,0.0882,1.1293,0.4105,-0.0079,0.4104,9
2026-03-21T17:25:41.131456,5,0.0525,0.0525,0.0108,0.7757,0.7536,-0.1049,0.7462,5
2026-03-21T17:25:41.201653,0,1.1285,1.1285,0.0222,2.3992,0.8766,0.1112,-0.8695,66
2026-03-21T17:25:41.201653,1,0.0411,0.0411,0.0148,2.3834,1.1419,0.7492,-0.8617,3
2026-03-21T17:25:41.201653,2,1.0553,0.0720,1.0553,2.2061,0.7571,0.7479,-0.1173,70
2026-03-21T17:25:41.201653,3,0.3392,0.3392,0.1090,1.2238,0.4234,0.2759,0.3211,38
2026-03-21T17:25:41.201653,4,0.0872,0.0751,0.0872,0.9026,0.6635,0.1709,0.6411,9
2026-03-21T17:25:41.201653,5,0.0605,0.0605,0.0600,1.1263,0.4054,0.0003,0.4054,9
2026-03-21T17:25:41.201653,6,0.2412,0.2412,0.1233,0.8728,0.7103,-0.1947,0.6831,21
2026-03-21T17:25:41.271146,0,1.1965,1.1965,0.0264,2.3973,0.8804,0.1391,-0.8694,69
2026-03-21T17:25:41.271146,1,1.0554,0.0715,1.0554,2.2048,0.7566,0.7474,-0.1172,70
2026-03-21T17:25:41.271146,2,0.3164,0.3164,0.1121,1.2231,0.4210,0.2707,0.3225,37
2026-03-21T17:25:41.271146,3,0.0944,0.0745,0.0944,0.9000,0.6679,0.1720,0.6453,9
2026-03-21T17:25:41.271146,4,0.0501,0.0501,0.0237,1.1235,0.3997,-0.0034,0.3997,8
2026-03-21T17:25:41.271146,5,0.0691,0.0691,0.0589,0.8934,0.6977,-0.2669,0.6446,8
2026-03-21T17:25:41.340537,0,1.1956,1.1956,0.0219,2.3927,0.8798,0.1391,-0.8688,67
2026-03-21T17:25:41.340537,1,1.0565,0.0775,1.0565,2.2041,0.7573,0.7482,-0.1172,70
2026-03-21T17:25:41.340537,2,0.0375,0.0270,0.0375,1.1191,0.8526,0.7421,0.4198,4
2026-03-21T17:25:41.340537,3,0.3257,0.3257,0.1229,1.2218,0.4246,0.2729,0.3253,37
2026-03-21T17:25:41.340537,4,0.0884,0.0757,0.0884,0.8969,0.6695,0.1726,0.6469,9
2026-03-21T17:25:41.340537,5,0.0613,0.0613,0.0555,1.1225,0.4080,-0.0074,0.4080,9
2026-03-21T17:25:41.410481,0,1.1258,1.1258,0.0208,2.3971,0.8760,0.1113,-0.8689,66
2026-03-21T17:25:41.410481,1,1.0759,0.0742,1.0759,2.2262,0.7584,0.7479,-0.1255,71
2026-03-21T17:25:41.410481,2,0.3030,0.3030,0.1225,1.2261,0.4238,0.2689,0.3275,36
2026-03-21T17:25:41.410481,3,0.0771,0.0730,0.0771,0.9317,0.6587,0.1810,0.6333,9
2026-03-21T17:25:41.410481,4,0.0503,0.0503,0.0425,1.1303,0.4028,-0.0033,0.4028,8
2026-03-21T17:25:41.479875,0,1.1231,1.1231,0.0219,2.3973,0.8768,0.1111,-0.8698,66
2026-03-21T17:25:41.479875,1,1.0720,0.0701,1.0720,2.2269,0.7585,0.7480,-0.1257,71
2026-03-21T17:25:41.479875,2,0.0640,0.0096,0.0640,1.1181,0.8623,0.7467,0.4314,5
2026-03-21T17:25:41.479875,3,0.2819,0.2819,0.1237,1.2152,0.4226,0.2646,0.3295,35
2026-03-21T17:25:41.479875,4,0.0786,0.0786,0.0620,0.9101,0.6662,0.1832,0.6405,9
2026-03-21T17:25:41.479875,5,0.0499,0.0499,0.0235,1.1313,0.3982,-0.0035,0.3982,8
2026-03-21T17:25:41.548927,0,1.1912,1.1912,0.0327,2.4005,0.8796,0.1389,-0.8686,69
2026-03-21T17:25:41.548927,1,1.1333,0.0747,1.1333,2.2813,0.7627,0.7492,-0.1429,73
2026-03-21T17:25:41.548927,2,0.0801,0.0200,0.0801,1.1214,0.8648,0.7450,0.4392,6
2026-03-21T17:25:41.548927,3,0.2974,0.2974,0.1042,1.2125,0.4246,0.2692,0.3284,34
2026-03-21T17:25:41.548927,4,0.0887,0.0887,0.0392,0.8860,0.6705,0.1846,0.6446,9
2026-03-21T17:25:41.548927,5,0.0505,0.0505,0.0195,1.1213,0.4050,-0.0035,0.4050,8
2026-03-21T17:25:41.619558,0,1.1247,1.1247,0.0232,2.3966,0.8758,0.1111,-0.8687,66
2026-03-21T17:25:41.619558,1,0.0451,0.0451,0.0186,2.3887,1.1436,0.7503,-0.8630,3
2026-03-21T17:25:41.619558,2,1.1073,0.0792,1.1073,2.2554,0.7609,0.7489,-0.1346,72
2026-03-21T17:25:41.619558,3,0.0912,0.0269,0.0912,1.1181,0.8712,0.7465,0.4491,7
2026-03-21T17:25:41.619558,4,0.2832,0.2832,0.1049,1.2104,0.4260,0.2667,0.3323,33
2026-03-21T17:25:41.619558,5,0.0853,0.0853,0.0504,0.8819,0.6773,0.1864,0.6512,9
2026-03-21T17:25:41.619558,6,0.0623,0.0617,0.0623,1.1263,0.4102,-0.0074,0.4102,9
2026-03-21T17:25:41.688938,0,1.1956,1.1956,0.0294,2.3973,0.8799,0.1388,-0.8689,69
2026-03-21T17:25:41.688938,1,1.0551,0.0800,1.0551,2.2054,0.7571,0.7479,-0.1177,70
2026-03-21T17:25:41.688938,2,0.1163,0.0226,0.1163,1.1186,0.8768,0.7472,0.4587,8
2026-03-21T17:25:41.688938,3,0.2713,0.2713,0.1199,1.2050,0.4261,0.2633,0.3350,32
2026-03-21T17:25:41.688938,4,0.1189,0.0815,0.1189,0.9309,0.6763,0.1912,0.6488,10
2026-03-21T17:25:41.688938,5,0.0511,0.0511,0.0375,1.1183,0.4079,-0.0033,0.4079,8
2026-03-21T17:25:41.758828,0,1.1249,1.1249,0.0233,2.3996,0.8762,0.1111,-0.8691,66
2026-03-21T17:25:41.758828,1,1.0333,0.0745,1.0333,2.1795,0.7559,0.7480,-0.1090,69
2026-03-21T17:25:41.758828,2,0.1442,0.0101,0.1442,1.1214,0.8807,0.7462,0.4677,9
2026-03-21T17:25:41.758828,3,0.2713,0.2713,0.0830,1.1988,0.4285,0.2649,0.3368,30
2026-03-21T17:25:41.758828,4,0.0891,0.0891,0.0888,0.8861,0.6849,0.1939,0.6569,10
2026-03-21T17:25:41.758828,5,0.0505,0.0505,0.0145,1.1113,0.4094,-0.0035,0.4094,8
2026-03-21T17:25:41.828186,0,1.1261,1.1261,0.0196,2.3957,0.8764,0.1112,-0.8694,66
2026-03-21T17:25:41.828186,1,1.0809,0.0724,1.0809,2.2262,0.7579,0.7475,-0.1255,71
2026-03-21T17:25:41.828186,2,0.1651,0.0306,0.1651,1.1186,0.8893,0.7450,0.4856,11
2026-03-21T17:25:41.828186,3,0.2405,0.2405,0.0891,1.1930,0.4307,0.2594,0.3439,28
2026-03-21T17:25:41.828186,4,0.0787,0.0787,0.0314,0.8742,0.6836,0.2055,0.6520,8
2026-03-21T17:25:41.828186,5,0.0519,0.0519,0.0324,1.1152,0.4130,-0.0035,0.4130,8
2026-03-21T17:25:41.898427,0,1.1254,1.1254,0.0219,2.3973,0.8767,0.1113,-0.8696,66
2026-03-21T17:25:41.898427,1,1.0505,0.0772,1.0505,2.1994,0.7568,0.7476,-0.1173,70
2026-03-21T17:25:41.898427,2,0.2049,0.0153,0.2049,1.1195,0.8994,0.7488,0.4983,12
2026-03-21T17:25:41.898427,3,0.2294,0.2294,0.0537,1.1790,0.4353,0.2590,0.3498,25
2026-03-21T17:25:41.898427,4,0.0900,0.0900,0.0355,0.8774,0.6881,0.2126,0.6544,9
2026-03-21T17:25:41.898427,5,0.0526,0.0526,0.0414,1.1122,0.4155,-0.0034,0.4155,8
2026-03-21T17:25:41.967930,0,1.0766,1.0766,0.0223,2.3957,0.8738,0.0932,-0.8688,64
2026-03-21T17:25:41.967930,1,0.0956,0.0956,0.0141,2.3879,1.1307,0.7272,-0.8658,5
2026-03-21T17:25:41.967930,2,1.0260,0.0734,1.0260,2.1749,0.7553,0.7475,-0.1088,69
2026-03-21T17:25:41.967930,3,0.2056,0.0818,0.2056,1.1162,0.9029,0.7384,0.5195,15
2026-03-21T17:25:41.967930,4,0.2188,0.2188,0.0737,1.1752,0.4436,0.2570,0.3615,23
2026-03-21T17:25:41.967930,5,0.0945,0.0945,0.0297,0.8657,0.6955,0.2150,0.6615,9
2026-03-21T17:25:41.967930,6,0.0534,0.0534,0.0534,1.1132,0.4192,-0.0035,0.4191,8
2026-03-21T17:25:42.037448,0,1.1963,1.1963,0.0600,2.3982,0.8812,0.1482,-0.8686,70
2026-03-21T17:25:42.037448,1,1.0561,0.0770,1.0561,2.2041,0.7573,0.7482,-0.1173,70
2026-03-21T17:25:42.037448,2,0.2226,0.1348,0.2226,1.1148,0.9014,0.7237,0.5375,18
2026-03-21T17:25:42.037448,3,0.1653,0.1653,0.0536,1.1629,0.4446,0.2437,0.3718,17
2026-03-21T17:25:42.037448,4,0.1058,0.1058,0.0354,0.8618,0.7035,0.2233,0.6671,10
2026-03-21T17:25:42.037448,5,0.0441,0.0441,0.0107,1.1052,0.4157,-0.0073,0.4157,7
2026-03-21T17:25:42.107345,0,1.1287,1.1287,0.0197,2.3956,0.8762,0.1115,-0.8691,66
2026-03-21T17:25:42.107345,1,1.0574,0.0735,1.0574,2.2041,0.7567,0.7476,-0.1172,70
2026-03-21T17:25:42.107345,2,0.2335,0.1893,0.2335,1.1153,0.8939,0.7042,0.5507,21
2026-03-21T17:25:42.107345,3,0.1240,0.1240,0.0558,1.1506,0.4479,0.2382,0.3793,15
2026-03-21T17:25:42.107345,4,0.0958,0.0958,0.0695,0.8932,0.7108,0.2372,0.6701,10
2026-03-21T17:25:42.107345,5,0.0542,0.0542,0.0373,1.1042,0.4220,-0.0113,0.4219,8
2026-03-21T17:25:42.176903,0,1.1907,1.1907,0.0302,2.3966,0.8792,0.1388,-0.8681,69
2026-03-21T17:25:42.176903,1,1.0069,0.0752,1.0069,2.1558,0.7534,0.7466,-0.1008,68
2026-03-21T17:25:42.176903,2,0.2388,0.1796,0.2388,1.1177,0.8951,0.7049,0.5516,21
2026-03-21T17:25:42.176903,3,0.1126,0.1126,0.0730,1.1415,0.4556,0.2387,0.3881,14
2026-03-21T17:25:42.176903,4,0.1166,0.1166,0.0507,0.8567,0.7244,0.2360,0.6849,11
2026-03-21T17:25:42.176903,5,0.0568,0.0547,0.0568,1.1274,0.4173,-0.0255,0.4165,8
2026-03-21T17:25:42.246992,0,1.0782,1.0782,0.0267,2.3992,0.8737,0.0932,-0.8688,64
2026-03-21T17:25:42.246992,1,0.0866,0.0866,0.0192,2.3878,1.1307,0.7271,-0.8659,5
2026-03-21T17:25:42.246992,2,1.0811,0.0720,1.0811,2.2296,0.7581,0.7477,-0.1256,71
2026-03-21T17:25:42.246992,3,0.2439,0.1780,0.2439,1.1195,0.8971,0.7065,0.5529,21
2026-03-21T17:25:42.246992,4,0.1260,0.1260,0.0715,1.1391,0.4623,0.2423,0.3937,14
2026-03-21T17:25:42.246992,5,0.1108,0.1108,0.0740,0.8567,0.7303,0.2376,0.6906,11
2026-03-21T17:25:42.246992,6,0.0680,0.0680,0.0563,1.0904,0.4549,-0.0714,0.4492,9
2026-03-21T17:25:42.315986,0,1.1259,1.1259,0.0216,2.3982,0.8765,0.1112,-0.8694,66
2026-03-21T17:25:42.315986,1,0.0412,0.0412,0.0133,2.3834,1.1422,0.7494,-0.8620,3
2026-03-21T17:25:42.315986,2,1.1057,0.0786,1.1057,2.2533,0.7606,0.7486,-0.1342,72
2026-03-21T17:25:42.315986,3,0.2452,0.2007,0.2452,1.1200,0.8931,0.6988,0.5562,22
2026-03-21T17:25:42.315986,4,0.1241,0.1241,0.0551,1.1390,0.4576,0.2400,0.3897,14
2026-03-21T17:25:42.315986,5,0.1005,0.1005,0.0698,0.8786,0.7305,0.2437,0.6886,10
2026-03-21T17:25:42.315986,6,0.0990,0.0589,0.0990,1.0154,0.5587,-0.1391,0.5411,8
2026-03-21T17:25:42.385378,0,1.1241,1.1241,0.0215,2.3954,0.8763,0.1112,-0.8692,66
2026-03-21T17:25:42.385378,1,1.0326,0.0662,1.0326,2.1789,0.7558,0.7479,-0.1089,69
2026-03-21T17:25:42.385378,2,0.2460,0.1779,0.2460,1.1223,0.8966,0.7059,0.5528,21
2026-03-21T17:25:42.385378,3,0.1143,0.1143,0.0509,1.1384,0.4566,0.2393,0.3889,14
2026-03-21T17:25:42.385378,4,0.1011,0.1011,0.0259,0.8273,0.7367,0.2400,0.6965,9
2026-03-21T17:25:42.454948,0,1.0979,1.0979,0.0246,2.4002,0.8749,0.1023,-0.8689,65
2026-03-21T17:25:42.454948,1,1.3285,0.1858,1.3285,2.2034,0.7388,0.7378,0.0376,91
2026-03-21T17:25:42.454948,2,0.1165,0.1165,0.0529,1.1414,0.4558,0.2389,0.3882,14
2026-03-21T17:25:42.454948,3,0.1031,0.1031,0.0232,0.8218,0.7404,0.2413,0.6999,9
2026-03-21T17:25:42.525399,0,1.1006,1.1006,0.0210,2.3976,0.8753,0.1022,-0.8694,65
2026-03-21T17:25:42.525399,1,0.0697,0.0697,0.0400,2.3842,1.1349,0.7447,-0.8564,5
2026-03-21T17:25:42.525399,2,1.0306,0.0723,1.0306,2.1795,0.7552,0.7473,-0.1089,69
2026-03-21T17:25:42.525399,3,0.2488,0.2048,0.2488,1.1200,0.8925,0.6982,0.5558,22
2026-03-21T17:25:42.525399,4,0.1203,0.1203,0.0685,1.1434,0.4589,0.2405,0.3908,14
2026-03-21T17:25:42.525399,5,0.1168,0.1168,0.0602,0.8539,0.7395,0.2408,0.6992,11
2026-03-21T17:25:42.595113,0,1.0749,1.0749,0.0206,2.3957,0.8734,0.0929,-0.8685,64
2026-03-21T17:25:42.595113,1,0.0711,0.0711,0.0473,2.3834,1.1325,0.7431,-0.8546,5
2026-03-21T17:25:42.595113,2,1.1084,0.0766,1.1084,2.2547,0.7605,0.7485,-0.1345,72
2026-03-21T17:25:42.595113,3,0.2528,0.2038,0.2528,1.1233,0.8909,0.6970,0.5548,22
2026-03-21T17:25:42.595113,4,0.1231,0.1231,0.0826,1.1438,0.4617,0.2419,0.3933,14
2026-03-21T17:25:42.595113,5,0.1211,0.1211,0.0962,0.8475,0.7445,0.2359,0.7061,12
2026-03-21T17:25:42.664262,0,1.1245,1.1245,0.0204,2.3973,0.8756,0.1110,-0.8686,66
2026-03-21T17:25:42.664262,1,1.0581,0.0792,1.0581,2.2061,0.7571,0.7479,-0.1173,70
2026-03-21T17:25:42.664262,2,0.2233,0.0117,0.2233,1.1167,0.9048,0.7486,0.5081,13
2026-03-21T17:25:42.664262,3,0.1459,0.1459,0.0451,0.9081,0.8935,0.6325,0.6311,9
2026-03-21T17:25:42.664262,4,0.1278,0.1278,0.0620,1.1378,0.4600,0.2412,0.3917,14
2026-03-21T17:25:42.664262,5,0.1311,0.1311,0.0523,0.8484,0.7374,0.2342,0.6992,12
2026-03-21T17:25:42.734491,0,1.0974,1.0974,0.0297,2.3982,0.8742,0.1019,-0.8682,65
2026-03-21T17:25:42.734491,1,1.0304,0.0702,1.0304,2.1789,0.7565,0.7485,-0.1091,69
2026-03-21T17:25:42.734491,2,0.2722,0.0992,0.2722,1.1181,0.9097,0.7297,0.5433,18
2026-03-21T17:25:42.734491,3,0.1342,0.1342,0.0666,1.1406,0.4619,0.2423,0.3932,14
2026-03-21T17:25:42.734491,4,0.1224,0.1224,0.0401,0.8402,0.7407,0.2415,0.7002,11
2026-03-21T17:25:42.803538,0,1.1965,1.1965,0.0251,2.3982,0.8802,0.1392,-0.8691,69
2026-03-21T17:25:42.803538,1,1.0583,0.0747,1.0583,2.2041,0.7565,0.7473,-0.1172,70
2026-03-21T17:25:42.803538,2,0.2500,0.0582,0.2500,1.1191,0.9103,0.7393,0.5310,16
2026-03-21T17:25:42.803538,3,0.1368,0.1368,0.0613,1.1343,0.4650,0.2441,0.3958,14
2026-03-21T17:25:42.803538,4,0.1289,0.1289,0.0251,0.8274,0.7464,0.2436,0.7055,11
2026-03-21T17:25:42.873782,0,1.1241,1.1241,0.0218,2.3976,0.8762,0.1111,-0.8691,66
2026-03-21T17:25:42.873782,1,1.1346,0.0789,1.1346,2.2799,0.7621,0.7486,-0.1429,73
2026-03-21T17:25:42.873782,2,0.2796,0.0078,0.2796,1.1167,0.9176,0.7495,0.5294,15
2026-03-21T17:25:42.873782,3,0.1066,0.1066,0.0293,1.1348,0.4619,0.2422,0.3933,12
2026-03-21T17:25:42.873782,4,0.1195,0.1195,0.0291,0.8209,0.7502,0.2510,0.7070,10
2026-03-21T17:25:42.943537,0,1.0730,1.0730,0.0226,2.3996,0.8746,0.0933,-0.8696,64
2026-03-21T17:25:42.943537,1,0.0910,0.0910,0.0137,2.3838,1.1271,0.7248,-0.8631,5
2026-03-21T17:25:42.943537,2,1.0355,0.0712,1.0355,2.1808,0.7560,0.7481,-0.1090,69
2026-03-21T17:25:42.943537,3,0.2781,0.0101,0.2781,1.1205,0.9176,0.7495,0.5293,15
2026-03-21T17:25:42.943537,4,0.1132,0.1132,0.0782,1.1331,0.4707,0.2430,0.4031,13
2026-03-21T17:25:42.943537,5,0.1384,0.1384,0.0491,0.8105,0.7630,0.2490,0.7212,11
2026-03-21T17:25:43.012600,0,1.1261,1.1261,0.0246,2.3973,0.8762,0.1115,-0.8690,66
2026-03-21T17:25:43.012600,1,0.0445,0.0445,0.0126,2.3857,1.1452,0.7514,-0.8642,3
2026-03-21T17:25:43.012600,2,1.0534,0.0748,1.0534,2.2317,0.7609,0.7492,-0.1330,70
2026-03-21T17:25:43.012600,3,0.3261,0.0246,0.3261,1.1440,0.9159,0.7474,0.5295,17
2026-03-21T17:25:43.012600,4,0.1134,0.1134,0.0656,1.1304,0.4679,0.2416,0.4007,13
2026-03-21T17:25:43.012600,5,0.1549,0.1549,0.0392,0.7963,0.7760,0.2537,0.7333,11
2026-03-21T17:25:43.082934,0,1.1257,1.1257,0.0182,2.3951,0.8761,0.1113,-0.8690,66
2026-03-21T17:25:43.082934,1,1.0585,0.0735,1.0585,2.2048,0.7567,0.7476,-0.1174,70
2026-03-21T17:25:43.082934,2,0.2754,0.0128,0.2754,1.1172,0.9156,0.7479,0.5282,15
2026-03-21T17:25:43.082934,3,0.0968,0.0968,0.0297,1.1361,0.4585,0.2403,0.3905,12
2026-03-21T17:25:43.082934,4,0.1239,0.1239,0.0548,0.7838,0.7855,0.2366,0.7490,10
2026-03-21T17:25:43.152057,0,1.1958,1.1958,0.0547,2.3966,0.8801,0.1477,-0.8677,70
2026-03-21T17:25:43.152057,1,1.0583,0.0767,1.0583,2.2041,0.7568,0.7477,-0.1175,70
2026-03-21T17:25:43.152057,2,0.2748,0.0070,0.2748,1.1172,0.9158,0.7481,0.5283,15
2026-03-21T17:25:43.152057,3,0.1344,0.1344,0.0678,1.1355,0.4607,0.2381,0.3944,15
2026-03-21T17:25:43.152057,4,0.1402,0.1402,0.0328,0.7655,0.8002,0.2415,0.7629,10
2026-03-21T17:25:43.221808,0,1.1936,1.1936,0.0265,2.3967,0.8800,0.1388,-0.8690,69
2026-03-21T17:25:43.221808,1,1.0056,0.0715,1.0056,2.1532,0.7537,0.7469,-0.1007,68
2026-03-21T17:25:43.221808,2,0.2521,0.0093,0.2521,1.1195,0.9101,0.7483,0.5180,14
2026-03-21T17:25:43.221808,3,0.1136,0.1136,0.0479,1.1321,0.4633,0.2392,0.3968,15
2026-03-21T17:25:43.221808,4,0.1247,0.1247,0.0294,0.7530,0.8118,0.2380,0.7762,9
2026-03-21T17:25:43.291913,0,1.0969,1.0969,0.0217,2.3953,0.8753,0.1021,-0.8694,65
2026-03-21T17:25:43.291913,1,1.0554,0.0729,1.0554,2.2048,0.7569,0.7478,-0.1174,70
2026-03-21T17:25:43.291913,2,0.2760,0.0097,0.2760,1.1205,0.9162,0.7484,0.5285,15
2026-03-21T17:25:43.291913,3,0.1939,0.1939,0.0837,1.1295,0.4862,0.2633,0.4087,20
2026-03-21T17:25:43.291913,4,0.1268,0.1268,0.0232,0.7338,0.8284,0.2429,0.7920,9
2026-03-21T17:25:43.361207,0,1.1293,1.1293,0.0225,2.3986,0.8763,0.1113,-0.8692,66
2026-03-21T17:25:43.361207,1,1.0802,0.0740,1.0802,2.2282,0.7581,0.7476,-0.1256,71
2026-03-21T17:25:43.361207,2,0.3225,0.0059,0.3225,1.1177,0.9295,0.7490,0.5503,17
2026-03-21T17:25:43.361207,3,0.1948,0.1948,0.0534,1.1223,0.4892,0.2683,0.4091,21
2026-03-21T17:25:43.361207,4,0.1116,0.1116,0.0255,0.7251,0.8373,0.2383,0.8027,8
2026-03-21T17:25:43.431186,0,1.0985,1.0985,0.0227,2.3973,0.8750,0.1020,-0.8690,65
2026-03-21T17:25:43.431186,1,0.0684,0.0684,0.0437,2.3820,1.1319,0.7427,-0.8541,5
2026-03-21T17:25:43.431186,2,0.0986,0.0040,0.0986,2.2827,1.0493,0.7670,-0.7160,5
2026-03-21T17:25:43.431186,3,0.9991,0.0729,0.9991,2.1526,0.7541,0.7473,-0.1010,68
2026-03-21T17:25:43.431186,4,0.3111,0.0174,0.3111,1.1181,0.9282,0.7480,0.5495,17
2026-03-21T17:25:43.431186,5,0.2210,0.2210,0.0522,1.1217,0.5009,0.2786,0.4163,22
2026-03-21T17:25:43.431186,6,0.0971,0.0971,0.0208,0.7087,0.8493,0.2346,0.8163,7
2026-03-21T17:25:43.500649,0,1.1959,1.1959,0.0536,2.3963,0.8803,0.1480,-0.8678,70
2026-03-21T17:25:43.500649,1,1.0235,0.0753,1.0235,2.1789,0.7549,0.7469,-0.1091,69
2026-03-21T17:25:43.500649,2,0.2914,0.0158,0.2914,1.1181,0.9234,0.7494,0.5396,16
2026-03-21T17:25:43.500649,3,0.2004,0.2004,0.0878,1.1200,0.5070,0.2776,0.4242,23
2026-03-21T17:25:43.500649,4,0.0819,0.0819,0.0148,0.6884,0.8633,0.2310,0.8318,6
2026-03-21T17:25:43.569588,0,1.1947,1.1947,0.0265,2.3974,0.8804,0.1392,-0.8693,69
2026-03-21T17:25:43.569588,1,0.9941,0.0744,0.9941,2.1526,0.7536,0.7468,-0.1012,68
2026-03-21T17:25:43.569588,2,0.2781,0.0421,0.2781,1.1219,0.9187,0.7456,0.5368,16
2026-03-21T17:25:43.569588,3,0.2265,0.2265,0.0686,1.1110,0.5153,0.2864,0.4284,24
2026-03-21T17:25:43.569588,4,0.0670,0.0670,0.0116,0.6662,0.8847,0.2292,0.8545,5
2026-03-21T17:25:43.640035,0,1.1258,1.1258,0.0231,2.3976,0.8757,0.1112,-0.8686,66
2026-03-21T17:25:43.640035,1,1.0434,0.0783,1.0434,2.2028,0.7565,0.7472,-0.1180,70
2026-03-21T17:25:43.640035,2,0.2775,0.0133,0.2775,1.1233,0.9155,0.7478,0.5282,15
2026-03-21T17:25:43.640035,3,0.2528,0.2528,0.0690,1.1075,0.5256,0.2964,0.4340,25
2026-03-21T17:25:43.709450,0,1.1925,1.1925,0.0243,2.3937,0.8800,0.1390,-0.8690,69
2026-03-21T17:25:43.709450,1,1.0393,0.0831,1.0393,2.2001,0.7561,0.7469,-0.1177,70
2026-03-21T17:25:43.709450,2,0.2723,0.0170,0.2723,1.1261,0.9137,0.7464,0.5271,15
2026-03-21T17:25:43.709450,3,0.2474,0.2474,0.1101,1.1036,0.5351,0.2974,0.4448,26
2026-03-21T17:25:43.779098,0,1.1257,1.1257,0.0202,2.3966,0.8763,0.1112,-0.8693,66
2026-03-21T17:25:43.779098,1,0.0399,0.0399,0.0148,2.3834,1.1422,0.7494,-0.8620,3
2026-03-21T17:25:43.779098,2,1.0305,0.0784,1.0305,2.1749,0.7532,0.7462,-0.1022,70
2026-03-21T17:25:43.779098,3,0.2854,0.0164,0.2854,1.1080,0.9271,0.7477,0.5482,15
2026-03-21T17:25:43.779098,4,0.2677,0.2677,0.0957,1.0853,0.5374,0.2876,0.4540,27
2026-03-21T17:25:43.849811,0,1.1026,1.1026,0.0218,2.3966,0.8752,0.1021,-0.8693,65
2026-03-21T17:25:43.849811,1,1.1456,0.0802,1.1456,2.2310,0.7529,0.7474,-0.0901,76
2026-03-21T17:25:43.849811,2,0.2194,0.0153,0.2194,1.0386,0.9508,0.7478,0.5873,11
2026-03-21T17:25:43.849811,3,0.2644,0.2644,0.0717,1.0697,0.5348,0.2663,0.4637,26
2026-03-21T17:25:43.918919,0,1.1980,1.1980,0.0532,2.3996,0.8808,0.1481,-0.8683,70
2026-03-21T17:25:43.918919,1,0.0920,0.0063,0.0920,2.2269,1.0135,0.7645,-0.6653,5
2026-03-21T17:25:43.918919,2,1.1460,0.0501,1.1460,2.1122,0.7500,0.7499,-0.0107,76
2026-03-21T17:25:43.918919,3,0.0908,0.0098,0.0908,0.9121,0.9915,0.7479,0.6509,5
2026-03-21T17:25:43.918919,4,0.2185,0.2185,0.0858,1.0570,0.5393,0.2511,0.4772,22
2026-03-21T17:25:43.987704,0,1.1969,1.1969,0.0277,2.3986,0.8796,0.1388,-0.8686,69
2026-03-21T17:25:43.987704,1,1.2127,0.0398,1.2127,2.1795,0.7507,0.7499,-0.0339,79
2026-03-21T17:25:43.987704,2,0.1436,0.0106,0.1436,0.9381,0.9907,0.7469,0.6508,7
2026-03-21T17:25:43.987704,3,0.2086,0.2086,0.0536,1.0449,0.5513,0.2568,0.4879,20
2026-03-21T17:25:44.058800,0,1.1206,1.1206,0.0240,2.3956,0.8767,0.1112,-0.8697,66
2026-03-21T17:25:44.058800,1,0.0438,0.0438,0.0141,2.3849,1.1432,0.7501,-0.8627,3
2026-03-21T17:25:44.058800,2,1.2391,0.0421,1.2391,2.2034,0.7506,0.7494,-0.0420,80
2026-03-21T17:25:44.058800,3,0.1935,0.0097,0.1935,0.9351,1.0089,0.7484,0.6765,9
2026-03-21T17:25:44.058800,4,0.2180,0.2180,0.1002,1.0350,0.5653,0.2586,0.5027,21
2026-03-21T17:25:44.127362,0,1.1958,1.1958,0.0305,2.4006,0.8803,0.1390,-0.8692,69
2026-03-21T17:25:44.127362,1,1.1899,0.0412,1.1899,2.1513,0.7499,0.7495,-0.0257,78
2026-03-21T17:25:44.127362,2,0.1149,0.0050,0.1149,0.9307,0.9862,0.7494,0.6411,6
2026-03-21T17:25:44.127362,3,0.2183,0.2183,0.0963,1.0206,0.5799,0.2649,0.5159,21
2026-03-21T17:25:44.197030,0,1.1014,1.1014,0.0231,2.3958,0.8756,0.1025,-0.8696,65
2026-03-21T17:25:44.197030,1,1.2380,0.0420,1.2380,2.2276,0.7525,0.7503,-0.0576,80
2026-03-21T17:25:44.197030,2,0.1106,0.0050,0.1106,0.9523,0.9727,0.7501,0.6193,6
2026-03-21T17:25:44.197030,3,0.1873,0.1873,0.0664,1.0139,0.5868,0.2676,0.5223,19
2026-03-21T17:25:44.267270,0,1.1878,1.1878,0.0316,2.3973,0.8803,0.1392,-0.8693,69
2026-03-21T17:25:44.267270,1,0.0986,0.0066,0.0986,2.3061,1.0659,0.7663,-0.7409,5
2026-03-21T17:25:44.267270,2,1.1880,0.0401,1.1880,2.1782,0.7508,0.7496,-0.0414,78
2026-03-21T17:25:44.267270,3,0.1155,0.0071,0.1155,0.9320,0.9869,0.7500,0.6415,6
2026-03-21T17:25:44.267270,4,0.1966,0.1966,0.0763,1.0038,0.5988,0.2731,0.5329,19
2026-03-21T17:25:44.336022,0,1.1876,1.1876,0.0373,2.4022,0.8796,0.1391,-0.8685,69
2026-03-21T17:25:44.336022,1,1.2814,0.0554,1.2814,2.2792,0.7547,0.7510,-0.0753,82
2026-03-21T17:25:44.336022,2,0.1580,0.0066,0.1580,0.9511,0.9858,0.7488,0.6413,8
2026-03-21T17:25:44.336022,3,0.2219,0.2219,0.0892,0.9930,0.6137,0.2849,0.5436,20
2026-03-21T17:25:44.336022,4,0.0596,0.0596,0.0269,0.6709,0.8927,0.2311,0.8623,5
2026-03-21T17:25:44.405951,0,1.0990,1.0990,0.0239,2.3986,0.8750,0.1020,-0.8691,65
2026-03-21T17:25:44.405951,1,1.1857,0.0422,1.1857,2.1782,0.7509,0.7498,-0.0416,78
2026-03-21T17:25:44.405951,2,0.1060,0.0045,0.1060,0.9511,0.9696,0.7477,0.6172,6
2026-03-21T17:25:44.405951,3,0.1908,0.1908,0.0815,1.0002,0.6164,0.2902,0.5439,19
2026-03-21T17:25:44.405951,4,0.0676,0.0676,0.0155,0.6682,0.8849,0.2293,0.8547,5
2026-03-21T17:25:44.475839,0,1.1901,1.1901,0.0314,2.4015,0.8798,0.1391,-0.8688,69
2026-03-21T17:25:44.475839,1,1.1654,0.0491,1.1654,2.1532,0.7501,0.7493,-0.0340,77
2026-03-21T17:25:44.475839,2,0.1603,0.0086,0.1603,0.9541,0.9848,0.7479,0.6407,8
2026-03-21T17:25:44.475839,3,0.1912,0.1912,0.1016,0.9985,0.6246,0.2987,0.5485,20
2026-03-21T17:25:44.475839,4,0.0747,0.0747,0.0227,0.6888,0.8736,0.2336,0.8418,6
2026-03-21T17:25:44.545975,0,1.0743,1.0743,0.0238,2.3992,0.8747,0.0932,-0.8698,64
2026-03-21T17:25:44.545975,1,0.0665,0.0665,0.0432,2.3866,1.1363,0.7456,-0.8574,5
2026-03-21T17:25:44.545975,2,1.2155,0.0528,1.2155,2.2276,0.7535,0.7506,-0.0660,79
2026-03-21T17:25:44.545975,3,0.1129,0.0087,0.1129,0.9553,0.9707,0.7486,0.6180,6
2026-03-21T17:25:44.545975,4,0.2352,0.2352,0.0786,0.9944,0.6350,0.3141,0.5519,20
2026-03-21T17:25:44.545975,5,0.0804,0.0804,0.0160,0.6915,0.8659,0.2317,0.8344,6
2026-03-21T17:25:44.615169,0,1.1916,1.1916,0.0307,2.3986,0.8797,0.1388,-0.8687,69
2026-03-21T17:25:44.615169,1,1.1928,0.0427,1.1928,2.1789,0.7507,0.7495,-0.0419,78
2026-03-21T17:25:44.615169,2,0.1094,0.0060,0.1094,0.9511,0.9684,0.7468,0.6165,6
2026-03-21T17:25:44.615169,3,0.2336,0.2336,0.0835,0.9879,0.6433,0.3181,0.5591,20
2026-03-21T17:25:44.615169,4,0.0973,0.0973,0.0160,0.6915,0.8605,0.2231,0.8311,7
2026-03-21T17:25:44.685497,0,1.1022,1.1022,0.0234,2.3986,0.8747,0.1018,-0.8688,65
2026-03-21T17:25:44.685497,1,1.1939,0.0528,1.1939,2.2048,0.7527,0.7505,-0.0577,78
2026-03-21T17:25:44.685497,2,0.1652,0.0172,0.1652,0.9831,0.9674,0.7455,0.6164,8
2026-03-21T17:25:44.685497,3,0.2289,0.2289,0.0863,0.9796,0.6515,0.3221,0.5663,20
2026-03-21T17:25:44.685497,4,0.0974,0.0974,0.0178,0.6866,0.8673,0.2248,0.8377,7
2026-03-21T17:25:44.755299,0,1.1224,1.1224,0.0216,2.3966,0.8762,0.1109,-0.8692,66
2026-03-21T17:25:44.755299,1,1.1935,0.0456,1.1935,2.1795,0.7506,0.7494,-0.0419,78
2026-03-21T17:25:44.755299,2,0.1099,0.0083,0.1099,0.9523,0.9681,0.7466,0.6163,6
2026-03-21T17:25:44.755299,3,0.2281,0.2281,0.0861,0.9756,0.6532,0.3229,0.5678,20
2026-03-21T17:25:44.755299,4,0.0784,0.0784,0.0286,0.6674,0.8894,0.2228,0.8611,6
2026-03-21T17:25:44.824921,0,1.1263,1.1263,0.0207,2.3967,0.8760,0.1111,-0.8689,66
2026-03-21T17:25:44.824921,1,0.0429,0.0429,0.0185,2.3826,1.1366,0.7457,-0.8577,3
2026-03-21T17:25:44.824921,2,1.1959,0.0531,1.1959,2.1808,0.7509,0.7497,-0.0420,78
2026-03-21T17:25:44.824921,3,0.1054,0.0068,0.1054,0.9505,0.9694,0.7476,0.6171,6
2026-03-21T17:25:44.824921,4,0.2416,0.2416,0.0669,0.9742,0.6568,0.3249,0.5708,20
2026-03-21T17:25:44.894375,0,1.1243,1.1243,0.0254,2.4002,0.8763,0.1111,-0.8692,66
2026-03-21T17:25:44.894375,1,1.2444,0.0551,1.2444,2.2554,0.7536,0.7499,-0.0744,80
2026-03-21T17:25:44.894375,2,0.1645,0.0131,0.1645,0.9790,0.9684,0.7463,0.6171,8
2026-03-21T17:25:44.894375,3,0.2121,0.2121,0.0679,0.9677,0.6594,0.3207,0.5762,19
2026-03-21T17:25:44.964299,0,1.1949,1.1949,0.0267,2.3953,0.8807,0.1392,-0.8696,69
2026-03-21T17:25:44.964299,1,1.1657,0.0501,1.1657,2.1795,0.7514,0.7498,-0.0497,77
2026-03-21T17:25:44.964299,2,0.1079,0.0080,0.1079,0.9766,0.9552,0.7471,0.5952,6
2026-03-21T17:25:44.964299,3,0.2099,0.2099,0.0667,0.9637,0.6646,0.3232,0.5807,19
2026-03-21T17:25:45.033781,0,1.0730,1.0730,0.0224,2.3986,0.8739,0.0933,-0.8689,64
2026-03-21T17:25:45.033781,1,0.0930,0.0930,0.0413,2.3862,1.1287,0.7333,-0.8580,6
2026-03-21T17:25:45.033781,2,1.2457,0.0522,1.2457,2.2526,0.7530,0.7494,-0.0742,80
2026-03-21T17:25:45.033781,3,0.1339,0.0092,0.1339,0.9743,0.9637,0.7483,0.6072,7
2026-03-21T17:25:45.033781,4,0.2113,0.2113,0.1251,0.9596,0.6704,0.3205,0.5888,20
2026-03-21T17:25:45.103666,0,1.1206,1.1206,0.0275,2.4002,0.8761,0.1113,-0.8690,66
2026-03-21T17:25:45.103666,1,1.1665,0.0579,1.1665,2.1762,0.7508,0.7491,-0.0497,77
2026-03-21T17:25:45.103666,2,0.1597,0.0082,0.1597,0.9749,0.9720,0.7491,0.6193,8
2026-03-21T17:25:45.103666,3,0.2284,0.2284,0.0953,0.9572,0.6707,0.3212,0.5888,20
2026-03-21T17:25:45.173685,0,1.1934,1.1934,0.0581,2.3971,0.8806,0.1480,-0.8681,70
2026-03-21T17:25:45.173685,1,1.2152,0.0654,1.2152,2.2296,0.7529,0.7500,-0.0664,79
2026-03-21T17:25:45.173685,2,0.2105,0.0109,0.2105,0.9772,0.9862,0.7484,0.6422,10
2026-03-21T17:25:45.173685,3,0.2377,0.2377,0.0872,0.9510,0.6762,0.3238,0.5936,20
2026-03-21T17:25:45.242343,0,1.1208,1.1208,0.0227,2.3986,0.8760,0.1111,-0.8689,66
2026-03-21T17:25:45.242343,1,1.1681,0.0546,1.1681,2.1802,0.7512,0.7496,-0.0496,77
2026-03-21T17:25:45.242343,2,0.2085,0.0098,0.2085,0.9766,0.9853,0.7478,0.6416,10
2026-03-21T17:25:45.242343,3,0.2199,0.2199,0.0680,0.9469,0.6769,0.3190,0.5971,19
2026-03-21T17:25:45.312463,0,1.1954,1.1954,0.0530,2.3957,0.8806,0.1482,-0.8680,70
2026-03-21T17:25:45.312463,1,1.1655,0.0507,1.1655,2.1775,0.7509,0.7493,-0.0496,77
2026-03-21T17:25:45.312463,2,0.1375,0.0084,0.1375,0.9553,0.9765,0.7474,0.6285,7
2026-03-21T17:25:45.312463,3,0.2403,0.2403,0.0755,0.9384,0.6849,0.3175,0.6068,20
2026-03-21T17:25:45.382912,0,1.1885,1.1885,0.0337,2.3986,0.8799,0.1388,-0.8689,69
2026-03-21T17:25:45.382912,1,1.2398,0.0607,1.2398,2.2519,0.7536,0.7499,-0.0744,80
2026-03-21T17:25:45.382912,2,0.1914,0.0157,0.1914,0.9796,0.9785,0.7483,0.6304,9
2026-03-21T17:25:45.382912,3,0.2206,0.2206,0.0698,0.9317,0.6907,0.3145,0.6150,19
2026-03-21T17:25:45.451857,0,1.1925,1.1925,0.0282,2.3976,0.8804,0.1392,-0.8693,69
2026-03-21T17:25:45.451857,1,1.1970,0.0570,1.1970,2.2028,0.7519,0.7497,-0.0577,78
2026-03-21T17:25:45.451857,2,0.1575,0.0108,0.1575,0.9761,0.9713,0.7486,0.6189,8
2026-03-21T17:25:45.451857,3,0.2339,0.2339,0.1192,0.9183,0.7085,0.3168,0.6338,20
2026-03-21T17:25:45.522180,0,1.1050,1.1050,0.0263,2.3976,0.8750,0.1021,-0.8690,65
2026-03-21T17:25:45.522180,1,1.1724,0.0596,1.1724,2.1821,0.7512,0.7495,-0.0497,77
2026-03-21T17:25:45.522180,2,0.1066,0.0081,0.1066,0.9517,0.9702,0.7482,0.6176,6
2026-03-21T17:25:45.522180,3,0.2098,0.2098,0.0814,0.9052,0.7178,0.3209,0.6421,18
2026-03-21T17:25:45.591791,0,1.1236,1.1236,0.0263,2.4002,0.8758,0.1111,-0.8687,66
2026-03-21T17:25:45.591791,1,1.2195,0.0603,1.2195,2.2276,0.7526,0.7497,-0.0660,79
2026-03-21T17:25:45.591791,2,0.1835,0.0056,0.1835,0.9523,0.9933,0.7485,0.6530,9
2026-03-21T17:25:45.591791,3,0.2171,0.2171,0.0741,0.8923,0.7284,0.3141,0.6572,18
2026-03-21T17:25:45.660544,0,1.1274,1.1274,0.0232,2.3986,0.8763,0.1111,-0.8693,66
2026-03-21T17:25:45.660544,1,1.1433,0.0665,1.1433,2.1520,0.7501,0.7490,-0.0414,76
2026-03-21T17:25:45.660544,2,0.1575,0.0107,0.1575,0.9761,0.9670,0.7453,0.6161,8
2026-03-21T17:25:45.660544,3,0.2254,0.2254,0.1161,0.8797,0.7419,0.3138,0.6722,19
2026-03-21T17:25:45.730461,0,1.1899,1.1899,0.0278,2.3957,0.8796,0.1391,-0.8685,69
2026-03-21T17:25:45.730461,1,1.2433,0.0693,1.2433,2.2554,0.7541,0.7504,-0.0749,80
2026-03-21T17:25:45.730461,2,0.1092,0.0104,0.1092,0.9772,0.9556,0.7474,0.5954,6
2026-03-21T17:25:45.730461,3,0.2159,0.2159,0.0849,0.8725,0.7494,0.3110,0.6818,18
2026-03-21T17:25:45.800355,0,1.1945,1.1945,0.0276,2.3992,0.8799,0.1388,-0.8689,69
2026-03-21T17:25:45.800355,1,0.0952,0.0087,0.0952,2.3046,1.0667,0.7669,-0.7414,5
2026-03-21T17:25:45.800355,2,1.1429,0.0651,1.1429,2.1532,0.7504,0.7493,-0.0415,76
2026-03-21T17:25:45.800355,3,0.2384,0.0186,0.2384,0.9814,0.9927,0.7473,0.6534,11
2026-03-21T17:25:45.800355,4,0.2256,0.2256,0.0936,0.8639,0.7623,0.3165,0.6935,18
2026-03-21T17:25:45.869431,0,1.1231,1.1231,0.0201,2.3952,0.8759,0.1113,-0.8688,66
2026-03-21T17:25:45.869431,1,1.1587,0.0717,1.1587,2.1736,0.7507,0.7491,-0.0497,77
2026-03-21T17:25:45.869431,2,0.1393,0.0119,0.1393,0.9790,0.9628,0.7476,0.6068,7
2026-03-21T17:25:45.869431,3,0.2070,0.2070,0.0873,0.8451,0.7753,0.3153,0.7083,17
2026-03-21T17:25:45.939815,0,1.1907,1.1907,0.0294,2.3973,0.8798,0.1389,-0.8688,69
2026-03-21T17:25:45.939815,1,1.1836,0.0708,1.1836,2.2014,0.7511,0.7489,-0.0580,78
2026-03-21T17:25:45.939815,2,0.1364,0.0078,0.1364,0.9755,0.9633,0.7480,0.6070,7
2026-03-21T17:25:45.939815,3,0.1885,0.1885,0.0984,0.8332,0.7881,0.3140,0.7229,16
2026-03-21T17:25:46.009560,0,1.1975,1.1975,0.0544,2.3992,0.8807,0.1482,-0.8682,70
2026-03-21T17:25:46.009560,1,1.1790,0.0807,1.1790,2.2014,0.7516,0.7494,-0.0578,78
2026-03-21T17:25:46.009560,2,0.1150,0.0062,0.1150,0.9547,0.9694,0.7475,0.6172,6
2026-03-21T17:25:46.009560,3,0.2067,0.2067,0.0981,0.8174,0.8054,0.3210,0.7386,16
2026-03-21T17:25:46.079758,0,1.1925,1.1925,0.0249,2.3958,0.8800,0.1391,-0.8690,69
2026-03-21T17:25:46.079758,1,0.0987,0.0050,0.0987,2.3075,1.0661,0.7665,-0.7410,5
2026-03-21T17:25:46.079758,2,1.1502,0.0660,1.1502,2.1789,0.7526,0.7505,-0.0562,76
2026-03-21T17:25:46.079758,3,0.1606,0.0040,0.1606,0.9523,0.9872,0.7498,0.6422,8
2026-03-21T17:25:46.079758,4,0.1912,0.1912,0.0893,0.7990,0.8194,0.3200,0.7544,15
2026-03-21T17:25:46.149042,0,1.1235,1.1235,0.0239,2.3973,0.8762,0.1113,-0.8690,66
2026-03-21T17:25:46.149042,1,1.1992,0.0870,1.1992,2.2041,0.7502,0.7485,-0.0508,79
2026-03-21T17:25:46.149042,2,0.1850,0.0065,0.1850,0.9517,0.9955,0.7502,0.6545,9
2026-03-21T17:25:46.149042,3,0.1729,0.1729,0.0879,0.7852,0.8315,0.3178,0.7684,14
2026-03-21T17:25:46.218239,0,1.1211,1.1211,0.0246,2.3996,0.8761,0.1111,-0.8691,66
2026-03-21T17:25:46.218239,1,1.1898,0.0850,1.1898,2.2034,0.7520,0.7498,-0.0575,78
2026-03-21T17:25:46.218239,2,0.0950,0.0074,0.0950,0.9115,0.9927,0.7488,0.6517,5
2026-03-21T17:25:46.218239,3,0.0496,0.0029,0.0496,0.7896,1.0629,0.7514,0.7517,3
2026-03-21T17:25:46.218239,4,0.1827,0.1827,0.0910,0.7781,0.8446,0.3228,0.7805,14
2026-03-21T17:25:46.288744,0,1.1863,1.1863,0.0371,2.4005,0.8794,0.1390,-0.8684,69
2026-03-21T17:25:46.288744,1,1.1638,0.0459,1.1638,2.2095,0.7552,0.7517,-0.0719,76
2026-03-21T17:25:46.288744,2,0.1173,0.0062,0.1173,0.9338,0.9849,0.7484,0.6402,6
2026-03-21T17:25:46.288744,3,0.1795,0.1795,0.1321,0.7678,0.8576,0.3275,0.7926,14
2026-03-21T17:25:46.357869,0,1.1849,1.1849,0.0595,2.3956,0.8802,0.1479,-0.8677,70
2026-03-21T17:25:46.357869,1,1.1115,0.0872,1.1115,2.1577,0.7519,0.7503,-0.0486,75
2026-03-21T17:25:46.357869,2,0.0895,0.0101,0.0895,0.9326,0.9717,0.7440,0.6250,5
2026-03-21T17:25:46.357869,3,0.1534,0.1534,0.1400,0.7651,0.8646,0.3229,0.8020,13
2026-03-21T17:25:46.427683,0,1.1224,1.1224,0.0235,2.3986,0.8761,0.1113,-0.8690,66
2026-03-21T17:25:46.427683,1,0.0934,0.0210,0.0934,2.3811,1.1231,0.7655,-0.8217,5
2026-03-21T17:25:46.427683,2,1.1131,0.0297,1.1131,2.1539,0.7540,0.7519,-0.0554,74
2026-03-21T17:25:46.427683,3,0.1190,0.0110,0.1190,0.9375,0.9836,0.7474,0.6394,6
2026-03-21T17:25:46.427683,4,0.1547,0.1547,0.0928,0.7532,0.8702,0.3325,0.8041,12
2026-03-21T17:25:46.497913,0,1.1967,1.1967,0.0267,2.3986,0.8805,0.1393,-0.8694,69
2026-03-21T17:25:46.497913,1,1.2192,0.0307,1.2192,2.2567,0.7570,0.7518,-0.0885,78
2026-03-21T17:25:46.497913,2,0.0915,0.0068,0.0915,0.9121,0.9917,0.7481,0.6510,5
2026-03-21T17:25:46.497913,3,0.0488,0.0036,0.0488,0.7903,1.0609,0.7500,0.7503,3
2026-03-21T17:25:46.497913,4,0.1353,0.1353,0.0793,0.7348,0.8826,0.3301,0.8185,11
2026-03-21T17:25:46.566726,0,1.1918,1.1918,0.0270,2.3956,0.8793,0.1389,-0.8683,69
2026-03-21T17:25:46.566726,1,1.1681,0.0227,1.1681,2.2034,0.7550,0.7516,-0.0714,76
2026-03-21T17:25:46.566726,2,0.1353,0.1353,0.1032,0.7196,0.8971,0.3356,0.8319,11
2026-03-21T17:25:46.636917,0,1.1881,1.1881,0.0289,2.3953,0.8791,0.1392,-0.8680,69
2026-03-21T17:25:46.636917,1,1.1454,0.0229,1.1454,2.1802,0.7543,0.7516,-0.0634,75
2026-03-21T17:25:46.636917,2,0.0920,0.0053,0.0920,0.9344,0.9769,0.7480,0.6283,5
2026-03-21T17:25:46.636917,3,0.1320,0.1320,0.0544,0.7033,0.9053,0.3393,0.8393,9
2026-03-21T17:25:46.706660,0,1.1033,1.1033,0.0193,2.3957,0.8755,0.1022,-0.8695,65
2026-03-21T17:25:46.706660,1,1.1346,0.0765,1.1346,2.1775,0.7525,0.7503,-0.0565,76
2026-03-21T17:25:46.706660,2,0.1072,0.1072,0.0419,0.6822,0.9116,0.3342,0.8482,8
2026-03-21T17:25:46.775645,0,1.1943,1.1943,0.0278,2.3986,0.8802,0.1391,-0.8691,69
2026-03-21T17:25:46.775645,1,1.1968,0.0903,1.1968,2.2034,0.7512,0.7495,-0.0505,79
2026-03-21T17:25:46.775645,2,0.1410,0.0135,0.1410,0.9596,0.9757,0.7467,0.6280,7
2026-03-21T17:25:46.775645,3,0.0645,0.0645,0.0626,0.6734,0.9179,0.3212,0.8599,6
2026-03-21T17:25:46.845579,0,1.1954,1.1954,0.0257,2.3973,0.8796,0.1392,-0.8685,69
2026-03-21T17:25:46.845579,1,1.1884,0.0860,1.1884,2.2269,0.7527,0.7497,-0.0664,79
2026-03-21T17:25:46.845579,2,0.0928,0.0045,0.0928,0.9332,0.9779,0.7488,0.6290,5
2026-03-21T17:25:46.915432,0,1.1016,1.1016,0.0260,2.4002,0.8746,0.1021,-0.8687,65
2026-03-21T17:25:46.915432,1,1.1960,0.0829,1.1960,2.2310,0.7531,0.7502,-0.0664,79
2026-03-21T17:25:46.915432,2,0.1373,0.0097,0.1373,0.9565,0.9775,0.7481,0.6292,7
2026-03-21T17:25:46.985566,0,1.0988,1.0988,0.0244,2.3996,0.8749,0.1019,-0.8690,65
2026-03-21T17:25:46.985566,1,0.0664,0.0664,0.0432,2.3851,1.1335,0.7437,-0.8554,5
2026-03-21T17:25:46.985566,2,1.1748,0.0828,1.1748,2.2081,0.7526,0.7504,-0.0583,78
2026-03-21T17:25:46.985566,3,0.1139,0.0098,0.1139,0.9529,0.9699,0.7479,0.6175,6
2026-03-21T17:25:47.054674,0,1.1934,1.1934,0.0269,2.3963,0.8799,0.1392,-0.8689,69
2026-03-21T17:25:47.054674,1,1.2208,0.0794,1.2208,2.2512,0.7537,0.7500,-0.0745,80
2026-03-21T17:25:47.054674,2,0.1367,0.0049,0.1367,0.9511,0.9797,0.7498,0.6305,7
2026-03-21T17:25:47.124466,0,1.0721,1.0721,0.0270,2.4022,0.8740,0.0932,-0.8690,64
2026-03-21T17:25:47.124466,1,0.0897,0.0897,0.0153,2.3846,1.1285,0.7257,-0.8642,5
2026-03-21T17:25:47.124466,2,1.2342,0.0691,1.2342,2.2255,0.7510,0.7487,-0.0584,80
2026-03-21T17:25:47.124466,3,0.1420,0.0078,0.1420,0.9351,0.9920,0.7479,0.6517,7
2026-03-21T17:25:47.194064,0,1.1940,1.1940,0.0300,2.3986,0.8800,0.1392,-0.8690,69
2026-03-21T17:25:47.194064,1,1.1924,0.0690,1.1924,2.1808,0.7502,0.7490,-0.0421,78
2026-03-21T17:25:47.194064,2,0.1119,0.0058,0.1119,0.9529,0.9706,0.7485,0.6179,6
2026-03-21T17:25:47.264327,0,1.0727,1.0727,0.0231,2.3982,0.8739,0.0931,-0.8689,64
2026-03-21T17:25:47.264327,1,0.0925,0.0925,0.0141,2.3887,1.1313,0.7275,-0.8663,5
2026-03-21T17:25:47.264327,2,1.2125,0.0672,1.2125,2.2068,0.7507,0.7490,-0.0503,79
2026-03-21T17:25:47.264327,3,0.1607,0.0059,0.1607,0.9517,0.9865,0.7492,0.6417,8
2026-03-21T17:25:47.332774,0,1.1985,1.1985,0.0227,2.3973,0.8802,0.1394,-0.8691,69
2026-03-21T17:25:47.332774,1,1.1963,0.0550,1.1963,2.1789,0.7517,0.7505,-0.0417,78
2026-03-21T17:25:47.332774,2,0.1143,0.0054,0.1143,0.9547,0.9694,0.7475,0.6172,6
2026-03-21T17:25:47.403618,0,1.1261,1.1261,0.0239,2.3966,0.8758,0.1111,-0.8687,66
2026-03-21T17:25:47.403618,1,1.2488,0.0480,1.2488,2.2041,0.7514,0.7502,-0.0421,80
2026-03-21T17:25:47.403618,2,0.0883,0.0041,0.0883,0.9307,0.9761,0.7474,0.6278,5
2026-03-21T17:25:47.472358,0,1.1958,1.1958,0.0285,2.3986,0.8795,0.1387,-0.8685,69
2026-03-21T17:25:47.472358,1,1.3367,0.0216,1.3367,2.2041,0.7514,0.7513,-0.0101,84
2026-03-21T17:25:47.542472,0,1.1257,1.1257,0.0217,2.3976,0.8758,0.1111,-0.8687,66
2026-03-21T17:25:47.542472,1,0.0457,0.0457,0.0095,2.3804,1.1402,0.7482,-0.8604,3
2026-03-21T17:25:47.542472,2,1.4354,0.0252,1.4354,2.2021,0.7514,0.7511,0.0225,88
2026-03-21T17:25:47.612420,0,1.1843,1.1843,0.0366,2.3992,0.8794,0.1389,-0.8684,69
2026-03-21T17:25:47.612420,1,1.4858,0.0252,1.4858,2.2547,0.7517,0.7517,0.0062,90
2026-03-21T17:25:47.681946,0,1.0546,1.0546,0.0211,2.3973,0.8735,0.0843,-0.8694,63
2026-03-21T17:25:47.681946,1,0.0891,0.0891,0.0161,2.3862,1.1285,0.7257,-0.8642,5
2026-03-21T17:25:47.681946,2,1.3890,0.0273,1.3890,2.1828,0.7514,0.7511,0.0226,86
2026-03-21T17:25:47.750948,0,1.1938,1.1938,0.0307,2.3986,0.8797,0.1390,-0.8687,69
2026-03-21T17:25:47.750948,1,1.3364,0.0252,1.3364,2.1795,0.7507,0.7507,0.0063,84
2026-03-21T17:25:47.821543,0,1.1258,1.1258,0.0300,2.3992,0.8760,0.1113,-0.8690,66
2026-03-21T17:25:47.821543,1,1.3048,0.0217,1.3048,2.1526,0.7506,0.7505,0.0142,83
2026-03-21T17:25:47.890518,0,1.1921,1.1921,0.0576,2.3966,0.8806,0.1482,-0.8681,70
2026-03-21T17:25:47.890518,1,1.4386,0.0253,1.4386,2.2074,0.7512,0.7509,0.0227,88
2026-03-21T17:25:47.960633,0,1.0741,1.0741,0.0253,2.3964,0.8738,0.0932,-0.8688,64
2026-03-21T17:25:47.960633,1,0.0886,0.0886,0.0170,2.3886,1.1275,0.7250,-0.8634,5
2026-03-21T17:25:47.960633,2,1.3878,0.0229,1.3878,2.2282,0.7520,0.7520,-0.0102,86
2026-03-21T17:25:48.029941,0,1.1983,1.1983,0.0252,2.3976,0.8793,0.1387,-0.8683,69
2026-03-21T17:25:48.029941,1,1.3321,0.0224,1.3321,2.1513,0.7515,0.7511,0.0226,84
2026-03-21T17:25:48.098997,0,1.1015,1.1015,0.0204,2.3976,0.8752,0.1021,-0.8692,65
2026-03-21T17:25:48.098997,1,0.0637,0.0637,0.0461,2.3851,1.1331,0.7434,-0.8551,5
2026-03-21T17:25:48.098997,2,1.3597,0.0246,1.3597,2.2021,0.7509,0.7509,-0.0020,85
2026-03-21T17:25:48.169758,0,1.1909,1.1909,0.0275,2.3946,0.8797,0.1391,-0.8686,69
2026-03-21T17:25:48.169758,1,1.3626,0.0252,1.3626,2.1577,0.7516,0.7510,0.0307,85
2026-03-21T17:25:48.238756,0,1.1046,1.1046,0.0242,2.4002,0.8751,0.1019,-0.8692,65
2026-03-21T17:25:48.238756,1,1.2865,0.0236,1.2865,2.1532,0.7511,0.7511,0.0062,82
2026-03-21T17:25:48.308262,0,1.1250,1.1250,0.0256,2.4006,0.8763,0.1111,-0.8692,66
2026-03-21T17:25:48.308262,1,1.4389,0.0255,1.4389,2.2560,0.7520,0.7519,-0.0104,88
2026-03-21T17:25:48.378741,0,1.1237,1.1237,0.0226,2.3986,0.8768,0.1113,-0.8697,66
2026-03-21T17:25:48.378741,1,0.0983,0.0072,0.0983,2.2560,1.0309,0.7657,-0.6903,5
2026-03-21T17:25:48.378741,2,1.3392,0.0205,1.3392,2.1330,0.7517,0.7507,0.0385,84
2026-03-21T17:25:48.447824,0,1.1936,1.1936,0.0590,2.3966,0.8805,0.1479,-0.8679,70
2026-03-21T17:25:48.447824,1,1.3577,0.0296,1.3577,2.2310,0.7521,0.7518,-0.0186,85
2026-03-21T17:25:48.517840,0,1.0984,1.0984,0.0236,2.4015,0.8759,0.1024,-0.8699,65
2026-03-21T17:25:48.517840,1,1.3891,0.0242,1.3891,2.1808,0.7519,0.7516,0.0226,86
2026-03-21T17:25:48.588036,0,1.0500,1.0500,0.0222,2.3992,0.8730,0.0844,-0.8690,63
2026-03-21T17:25:48.588036,1,0.0895,0.0895,0.0156,2.3828,1.1259,0.7240,-0.8622,5
2026-03-21T17:25:48.588036,2,1.4313,0.0252,1.4313,2.2533,0.7517,0.7516,-0.0107,88
2026-03-21T17:25:48.657452,0,1.1237,1.1237,0.0288,2.3992,0.8759,0.1112,-0.8688,66
2026-03-21T17:25:48.657452,1,0.0412,0.0412,0.0133,2.3834,1.1429,0.7499,-0.8625,3
2026-03-21T17:25:48.657452,2,1.3089,0.0192,1.3089,2.1513,0.7512,0.7510,0.0145,83
2026-03-21T17:25:48.728016,0,1.1256,1.1256,0.0214,2.3982,0.8765,0.1113,-0.8694,66
2026-03-21T17:25:48.728016,1,1.3577,0.0273,1.3577,2.2008,0.7509,0.7509,-0.0021,85
2026-03-21T17:25:48.796848,0,1.1284,1.1284,0.0219,2.3986,0.8760,0.1114,-0.8689,66
2026-03-21T17:25:48.796848,1,1.3603,0.0236,1.3603,2.1802,0.7511,0.7510,0.0145,85
2026-03-21T17:25:48.866094,0,1.1932,1.1932,0.0265,2.3966,0.8790,0.1388,-0.8680,69
2026-03-21T17:25:48.866094,1,1.3543,0.0286,1.3543,2.2014,0.7502,0.7502,-0.0022,85
2026-03-21T17:25:48.936420,0,1.1874,1.1874,0.0295,2.3966,0.8789,0.1389,-0.8678,69
2026-03-21T17:25:48.936420,1,1.4069,0.0230,1.4069,2.2028,0.7512,0.7511,0.0145,87
2026-03-21T17:25:49.005434,0,1.1218,1.1218,0.0215,2.3966,0.8758,0.1111,-0.8687,66
2026-03-21T17:25:49.005434,1,0.0949,0.0052,0.0949,2.2764,1.0441,0.7632,-0.7125,5
2026-03-21T17:25:49.005434,2,1.2841,0.0216,1.2841,2.1286,0.7510,0.7507,0.0225,82
2026-03-21T17:25:49.075568,0,1.1261,1.1261,0.0217,2.3943,0.8753,0.1110,-0.8682,66
2026-03-21T17:25:49.075568,1,1.3353,0.0238,1.3353,2.1545,0.7512,0.7509,0.0225,84
2026-03-21T17:25:49.145441,0,1.1223,1.1223,0.0341,2.4015,0.8763,0.1110,-0.8692,66
2026-03-21T17:25:49.145441,1,1.4609,0.0278,1.4609,2.2540,0.7516,0.7516,-0.0024,89
2026-03-21T17:25:49.215228,0,1.0987,1.0987,0.0228,2.3976,0.8751,0.1020,-0.8691,65
2026-03-21T17:25:49.215228,1,1.4049,0.0225,1.4049,2.2008,0.7509,0.7508,0.0145,87
2026-03-21T17:25:49.284650,0,1.1938,1.1938,0.0267,2.3976,0.8797,0.1389,-0.8686,69
2026-03-21T17:25:49.284650,1,1.3858,0.0250,1.3858,2.2289,0.7517,0.7516,-0.0103,86
2026-03-21T17:25:49.354305,0,1.0990,1.0990,0.0254,2.4002,0.8743,0.1021,-0.8683,65
2026-03-21T17:25:49.354305,1,0.0663,0.0663,0.0453,2.3865,1.1345,0.7444,-0.8561,5
2026-03-21T17:25:49.354305,2,1.4075,0.0257,1.4075,2.2526,0.7514,0.7512,-0.0186,87
2026-03-21T17:25:49.423921,0,1.0724,1.0724,0.0270,2.3986,0.8741,0.0928,-0.8691,64
2026-03-21T17:25:49.423921,1,0.0932,0.0932,0.0450,2.3862,1.1298,0.7340,-0.8589,6
2026-03-21T17:25:49.423921,2,1.3851,0.0248,1.3851,2.1789,0.7508,0.7505,0.0228,86
2026-03-21T17:25:49.493427,0,1.1894,1.1894,0.0298,2.3976,0.8798,0.1390,-0.8688,69
2026-03-21T17:25:49.493427,1,1.3865,0.0286,1.3865,2.2269,0.7518,0.7518,-0.0101,86
2026-03-21T17:25:49.563620,0,1.1994,1.1994,0.0531,2.3973,0.8805,0.1481,-0.8680,70
2026-03-21T17:25:49.563620,1,1.4097,0.0220,1.4097,2.2276,0.7513,0.7512,-0.0018,87
2026-03-21T17:25:49.633326,0,1.1015,1.1015,0.0233,2.3996,0.8753,0.1023,-0.8693,65
2026-03-21T17:25:49.633326,1,1.4338,0.0252,1.4338,2.2269,0.7513,0.7513,0.0062,88
2026-03-21T17:25:49.703075,0,1.1907,1.1907,0.0304,2.3953,0.8796,0.1391,-0.8685,69
2026-03-21T17:25:49.703075,1,1.4325,0.0283,1.4325,2.2028,0.7517,0.7513,0.0226,88
2026-03-21T17:25:49.772557,0,1.1271,1.1271,0.0206,2.3963,0.8762,0.1113,-0.8691,66
2026-03-21T17:25:49.772557,1,0.0915,0.0069,0.0915,2.2282,1.0135,0.7645,-0.6653,5
2026-03-21T17:25:49.772557,2,1.2684,0.0240,1.2684,2.1128,0.7510,0.7504,0.0303,81
2026-03-21T17:25:49.843206,0,1.1920,1.1920,0.0302,2.3966,0.8795,0.1389,-0.8684,69
2026-03-21T17:25:49.843206,1,1.3351,0.0246,1.3351,2.1769,0.7511,0.7510,0.0063,84
2026-03-21T17:25:49.912094,0,1.1175,1.1175,0.0259,2.4012,0.8757,0.1112,-0.8686,66
2026-03-21T17:25:49.912094,1,1.3842,0.0224,1.3842,2.2021,0.7515,0.7515,0.0062,86
2026-03-21T17:25:49.980555,0,1.1020,1.1020,0.0222,2.3973,0.8752,0.1020,-0.8693,65
2026-03-21T17:25:49.980555,1,1.3624,0.0256,1.3624,2.2061,0.7512,0.7512,-0.0020,85
2026-03-21T17:25:50.051449,0,1.1207,1.1207,0.0238,2.3973,0.8764,0.1113,-0.8693,66
2026-03-21T17:25:50.051449,1,1.3858,0.0249,1.3858,2.1789,0.7513,0.7510,0.0225,86
2026-03-21T17:25:50.119978,0,1.1947,1.1947,0.0299,2.3992,0.8798,0.1389,-0.8687,69
2026-03-21T17:25:50.119978,1,1.3603,0.0266,1.3603,2.2068,0.7508,0.7508,-0.0022,85
2026-03-21T17:25:50.190275,0,1.1250,1.1250,0.0187,2.3947,0.8762,0.1112,-0.8691,66
2026-03-21T17:25:50.190275,1,0.0458,0.0458,0.0111,2.3834,1.1429,0.7499,-0.8625,3
2026-03-21T17:25:50.190275,2,1.4566,0.0230,1.4566,2.2269,0.7514,0.7512,0.0147,89
2026-03-21T17:25:50.260889,0,1.0975,1.0975,0.0255,2.3982,0.8747,0.1019,-0.8687,65
2026-03-21T17:25:50.260889,1,1.3318,0.0215,1.3318,2.1769,0.7511,0.7511,0.0064,84
2026-03-21T17:25:50.329090,0,1.1221,1.1221,0.0225,2.3982,0.8758,0.1112,-0.8688,66
2026-03-21T17:25:50.329090,1,1.4109,0.0275,1.4109,2.2540,0.7516,0.7514,-0.0184,87
2026-03-21T17:25:50.400047,0,1.1932,1.1932,0.0296,2.3982,0.8795,0.1390,-0.8685,69
2026-03-21T17:25:50.400047,1,1.4096,0.0238,1.4096,2.2041,0.7511,0.7510,0.0142,87
2026-03-21T17:25:50.469412,0,1.1238,1.1238,0.0251,2.3982,0.8756,0.1112,-0.8685,66
2026-03-21T17:25:50.469412,1,0.0439,0.0439,0.0111,2.3842,1.1449,0.7512,-0.8640,3
2026-03-21T17:25:50.469412,2,1.3577,0.0210,1.3577,2.1987,0.7509,0.7509,-0.0018,85
2026-03-21T17:25:50.538208,0,1.1237,1.1237,0.0271,2.4012,0.8763,0.1112,-0.8692,66
2026-03-21T17:25:50.538208,1,1.4845,0.0275,1.4845,2.2526,0.7509,0.7509,0.0064,90
2026-03-21T17:25:50.608510,0,1.0983,1.0983,0.0222,2.3982,0.8754,0.1022,-0.8694,65
2026-03-21T17:25:50.608510,1,0.0666,0.0666,0.0439,2.3859,1.1341,0.7441,-0.8558,5
2026-03-21T17:25:50.608510,2,1.4124,0.0269,1.4124,2.2296,0.7515,0.7515,-0.0021,87
2026-03-21T17:25:50.678977,0,1.1240,1.1240,0.0214,2.3956,0.8760,0.1113,-0.8689,66
2026-03-21T17:25:50.678977,1,0.0437,0.0437,0.0170,2.3857,1.1416,0.7490,-0.8615,3
2026-03-21T17:25:50.678977,2,1.3351,0.0256,1.3351,2.1808,0.7514,0.7514,0.0061,84
2026-03-21T17:25:50.747993,0,1.1956,1.1956,0.0590,2.3973,0.8808,0.1477,-0.8683,70
2026-03-21T17:25:50.747993,1,1.3892,0.0275,1.3892,2.2547,0.7522,0.7517,-0.0267,86
2026-03-21T17:25:50.817863,0,1.1226,1.1226,0.0263,2.3986,0.8754,0.1111,-0.8683,66
2026-03-21T17:25:50.817863,1,0.0391,0.0391,0.0170,2.3834,1.1409,0.7485,-0.8610,3
2026-03-21T17:25:50.817863,2,1.3842,0.0242,1.3842,2.2048,0.7513,0.7513,0.0058,86
2026-03-21T17:25:50.886993,0,1.1234,1.1234,0.0242,2.3976,0.8756,0.1109,-0.8686,66
2026-03-21T17:25:50.886993,1,1.4593,0.0244,1.4593,2.2303,0.7511,0.7509,0.0143,89
2026-03-21T17:25:50.956562,0,1.1994,1.1994,0.0216,2.3956,0.8795,0.1389,-0.8685,69
2026-03-21T17:25:50.956562,1,1.3851,0.0223,1.3851,2.1539,0.7521,0.7510,0.0393,86
2026-03-21T17:25:51.027386,0,1.1188,1.1188,0.0223,2.3986,0.8758,0.1113,-0.8687,66
2026-03-21T17:25:51.027386,1,0.0425,0.0425,0.0117,2.3811,1.1406,0.7484,-0.8607,3
2026-03-21T17:25:51.027386,2,1.4131,0.0246,1.4131,2.2296,0.7519,0.7519,-0.0019,87
2026-03-21T17:25:51.095717,0,1.1197,1.1197,0.0230,2.3992,0.8760,0.1112,-0.8689,66
2026-03-21T17:25:51.095717,1,1.3583,0.0228,1.3583,2.1789,0.7511,0.7510,0.0141,85
2026-03-21T17:25:51.166258,0,1.1206,1.1206,0.0226,2.3976,0.8763,0.1110,-0.8693,66
2026-03-21T17:25:51.166258,1,0.0410,0.0410,0.0140,2.3796,1.1376,0.7464,-0.8585,3
2026-03-21T17:25:51.166258,2,1.3583,0.0215,1.3583,2.2021,0.7513,0.7513,-0.0020,85
2026-03-21T17:25:51.235436,0,1.1288,1.1288,0.0205,2.3982,0.8770,0.1115,-0.8699,66
2026-03-21T17:25:51.235436,1,1.4650,0.0256,1.4650,2.2303,0.7517,0.7516,0.0144,89
2026-03-21T17:25:51.305666,0,1.1881,1.1881,0.0297,2.3976,0.8807,0.1390,-0.8696,69
2026-03-21T17:25:51.305666,1,1.3610,0.0259,1.3610,2.1789,0.7512,0.7511,0.0144,85
2026-03-21T17:25:51.375055,0,1.1987,1.1987,0.0259,2.3982,0.8797,0.1390,-0.8687,69
2026-03-21T17:25:51.375055,1,1.3590,0.0203,1.3590,2.2014,0.7518,0.7518,-0.0018,85
2026-03-21T17:25:51.444073,0,1.1894,1.1894,0.0322,2.3986,0.8795,0.1388,-0.8685,69
2026-03-21T17:25:51.444073,1,1.3643,0.0201,1.3643,2.1539,0.7518,0.7512,0.0309,85
2026-03-21T17:25:51.513845,0,1.1008,1.1008,0.0204,2.3967,0.8753,0.1022,-0.8693,65
2026-03-21T17:25:51.513845,1,1.3637,0.0234,1.3637,2.1795,0.7512,0.7511,0.0145,85
2026-03-21T17:25:51.584254,0,1.1243,1.1243,0.0202,2.3953,0.8761,0.1113,-0.8690,66
2026-03-21T17:25:51.584254,1,1.3866,0.0270,1.3866,2.2554,0.7520,0.7515,-0.0265,86
2026-03-21T17:25:51.654425,0,1.0782,1.0782,0.0240,2.3982,0.8744,0.0930,-0.8695,64
2026-03-21T17:25:51.654425,1,0.0872,0.0872,0.0184,2.3878,1.1301,0.7267,-0.8654,5
2026-03-21T17:25:51.654425,2,1.3107,0.0213,1.3107,2.1552,0.7512,0.7511,0.0145,83
2026-03-21T17:25:51.723251,0,1.1240,1.1240,0.0244,2.3986,0.8762,0.1112,-0.8691,66
2026-03-21T17:25:51.723251,1,1.4375,0.0257,1.4375,2.1775,0.7527,0.7517,0.0394,88
2026-03-21T17:25:51.793827,0,1.1991,1.1991,0.0564,2.3976,0.8809,0.1480,-0.8684,70
2026-03-21T17:25:51.793827,1,1.3872,0.0294,1.3872,2.2303,0.7518,0.7517,-0.0104,86
2026-03-21T17:25:51.863162,0,1.1282,1.1282,0.0220,2.3947,0.8760,0.1111,-0.8689,66
2026-03-21T17:25:51.863162,1,1.3556,0.0253,1.3556,2.1782,0.7512,0.7511,0.0143,85
2026-03-21T17:25:51.863162,2,0.1219,0.1219,0.0423,1.1598,0.4422,0.2317,0.3766,14
2026-03-21T17:25:51.863162,3,0.0702,0.0702,0.0309,0.8593,0.7017,0.2113,0.6691,6
2026-03-21T17:25:51.933213,0,1.1263,1.1263,0.0252,2.3986,0.8760,0.1110,-0.8689,66
2026-03-21T17:25:51.933213,1,0.0457,0.0457,0.0133,2.3834,1.1409,0.7486,-0.8609,3
2026-03-21T17:25:51.933213,2,0.0923,0.0087,0.0923,2.2310,1.0145,0.7653,-0.6660,5
2026-03-21T17:25:51.933213,3,1.3441,0.0215,1.3441,2.1122,0.7529,0.7509,0.0550,84
2026-03-21T17:25:51.933213,4,0.1437,0.1437,0.0664,1.1746,0.4217,0.2180,0.3610,19
2026-03-21T17:25:51.933213,5,0.0749,0.0749,0.0316,0.8989,0.6605,0.1875,0.6333,8
2026-03-21T17:25:52.003390,0,1.1916,1.1916,0.0307,2.3986,0.8796,0.1390,-0.8685,69
2026-03-21T17:25:52.003390,1,1.3872,0.0260,1.3872,2.2282,0.7512,0.7511,-0.0102,86
2026-03-21T17:25:52.003390,2,0.2107,0.2107,0.0884,1.1886,0.4161,0.2161,0.3556,25
2026-03-21T17:25:52.003390,3,0.0688,0.0546,0.0688,0.9078,0.6480,0.1562,0.6289,7
2026-03-21T17:25:52.072864,0,1.1223,1.1223,0.0227,2.3956,0.8757,0.1111,-0.8686,66
2026-03-21T17:25:52.072864,1,1.4096,0.0215,1.4096,2.2048,0.7519,0.7517,0.0148,87
2026-03-21T17:25:52.072864,2,0.2198,0.2198,0.0784,1.1844,0.4129,0.2119,0.3544,28
2026-03-21T17:25:52.072864,3,0.0489,0.0489,0.0303,0.9241,0.6239,0.1348,0.6091,6
2026-03-21T17:25:52.142110,0,1.1932,1.1932,0.0242,2.3944,0.8795,0.1391,-0.8684,69
2026-03-21T17:25:52.142110,1,1.2946,0.0377,1.2946,2.2014,0.7511,0.7509,-0.0178,83
2026-03-21T17:25:52.142110,2,0.2734,0.2734,0.0847,1.1886,0.4182,0.2258,0.3520,33
2026-03-21T17:25:52.142110,3,0.0386,0.0386,0.0246,0.9282,0.6150,0.1277,0.6016,5
2026-03-21T17:25:52.211030,0,1.1246,1.1246,0.0226,2.3986,0.8762,0.1113,-0.8691,66
2026-03-21T17:25:52.211030,1,1.1045,0.1089,1.1045,2.2262,0.7523,0.7459,-0.0983,75
2026-03-21T17:25:52.211030,2,0.3510,0.3510,0.1056,1.1864,0.4386,0.2594,0.3536,39
2026-03-21T17:25:52.211030,3,0.0703,0.0291,0.0703,0.9347,0.6308,0.1414,0.6148,5
2026-03-21T17:25:52.281517,0,1.1901,1.1901,0.0290,2.3976,0.8800,0.1390,-0.8689,69
2026-03-21T17:25:52.281517,1,1.0998,0.4310,1.0998,2.2041,0.6781,0.6781,0.0087,94
2026-03-21T17:25:52.281517,2,0.1380,0.1380,0.0829,1.1787,0.4031,0.1898,0.3557,21
2026-03-21T17:25:52.351700,0,1.1974,1.1974,0.0603,2.3986,0.8805,0.1479,-0.8680,70
2026-03-21T17:25:52.351700,1,1.1203,0.4266,1.1203,2.2282,0.6832,0.6832,-0.0028,94
2026-03-21T17:25:52.351700,2,0.1604,0.1604,0.0980,1.1772,0.4067,0.1918,0.3586,23
2026-03-21T17:25:52.351700,3,0.0583,0.0315,0.0583,0.9241,0.6390,0.1542,0.6201,5
2026-03-21T17:25:52.419643,0,1.1909,1.1909,0.0305,2.3976,0.8794,0.1389,-0.8683,69
2026-03-21T17:25:52.419643,1,1.0843,0.3930,1.0843,2.1545,0.6864,0.6862,0.0173,90
2026-03-21T17:25:52.419643,2,0.1865,0.1865,0.0878,1.1880,0.4048,0.1950,0.3547,24
2026-03-21T17:25:52.490490,0,1.1193,1.1193,0.0229,2.3966,0.8756,0.1109,-0.8685,66
2026-03-21T17:25:52.490490,1,0.0392,0.0392,0.0155,2.3826,1.1412,0.7488,-0.8612,3
2026-03-21T17:25:52.490490,2,1.0925,0.3664,1.0925,2.1545,0.6948,0.6948,0.0097,88
2026-03-21T17:25:52.490490,3,0.1995,0.1995,0.1021,1.2033,0.3971,0.1917,0.3478,24
2026-03-21T17:25:52.490490,4,0.0735,0.0280,0.0735,0.9529,0.6304,0.1520,0.6118,5
2026-03-21T17:25:52.560492,0,1.1932,1.1932,0.0250,2.3966,0.8791,0.1387,-0.8680,69
2026-03-21T17:25:52.560492,1,1.1497,0.3105,1.1497,2.2061,0.7092,0.7090,-0.0185,87
2026-03-21T17:25:52.560492,2,0.1179,0.1179,0.0958,1.2152,0.3748,0.1667,0.3357,20
2026-03-21T17:25:52.560492,3,0.0656,0.0310,0.0656,0.9212,0.6388,0.1432,0.6225,5
2026-03-21T17:25:52.560492,4,0.0400,0.0284,0.0400,0.9810,0.6258,-0.2937,0.5526,5
2026-03-21T17:25:52.629783,0,1.1249,1.1249,0.0225,2.3966,0.8760,0.1111,-0.8689,66
2026-03-21T17:25:52.629783,1,1.0399,0.0737,1.0399,2.2034,0.7599,0.7510,-0.1160,70
2026-03-21T17:25:52.629783,2,0.1535,0.1535,0.0912,1.1633,0.6804,0.5650,0.3791,13
2026-03-21T17:25:52.629783,3,0.1098,0.1098,0.0927,1.2110,0.3703,0.1618,0.3331,21
2026-03-21T17:25:52.629783,4,0.0639,0.0639,0.0552,0.9566,0.5913,0.0415,0.5899,7
2026-03-21T17:25:52.629783,5,0.0900,0.0265,0.0900,0.9836,0.6369,-0.2936,0.5652,6
2026-03-21T17:25:52.700214,0,1.1219,1.1219,0.0178,2.3943,0.8763,0.1113,-0.8692,66
2026-03-21T17:25:52.700214,1,0.0451,0.0451,0.0133,2.3842,1.1422,0.7495,-0.8620,3
2026-03-21T17:25:52.700214,2,0.9855,0.0529,0.9855,2.1539,0.7588,0.7513,-0.1063,67
2026-03-21T17:25:52.700214,3,0.1097,0.1097,0.0585,1.1680,0.7157,0.6140,0.3678,9
2026-03-21T17:25:52.700214,4,0.0937,0.0376,0.0937,0.9215,0.9686,0.7252,0.6420,6
2026-03-21T17:25:52.700214,5,0.1455,0.1455,0.1044,1.2168,0.3652,0.1632,0.3267,24
2026-03-21T17:25:52.700214,6,0.0574,0.0336,0.0574,0.9277,0.6278,0.1193,0.6164,5
2026-03-21T17:25:52.700214,7,0.0634,0.0634,0.0606,1.0629,0.4761,0.0377,0.4746,8
2026-03-21T17:25:52.700214,8,0.0454,0.0258,0.0454,0.9810,0.6286,-0.2949,0.5551,5
2026-03-21T17:25:52.768828,0,1.1995,1.1995,0.0540,2.3996,0.8806,0.1480,-0.8681,70
2026-03-21T17:25:52.768828,1,1.0820,0.1370,1.0820,2.2034,0.7489,0.7442,-0.0832,75
2026-03-21T17:25:52.768828,2,0.2034,0.0829,0.2034,1.0219,0.9425,0.7212,0.6068,13
2026-03-21T17:25:52.768828,3,0.1552,0.1552,0.1143,1.2135,0.3591,0.1519,0.3254,25
2026-03-21T17:25:52.768828,4,0.1561,0.1462,0.1561,1.0882,0.4879,0.0381,0.4864,17
2026-03-21T17:25:52.768828,5,0.0429,0.0274,0.0429,0.9776,0.6328,-0.2969,0.5588,5
2026-03-21T17:25:52.839392,0,1.1274,1.1274,0.0206,2.3966,0.8763,0.1112,-0.8692,66
2026-03-21T17:25:52.839392,1,0.0417,0.0417,0.0193,2.3857,1.1406,0.7483,-0.8607,3
2026-03-21T17:25:52.839392,2,0.0484,0.0070,0.0484,2.3368,1.1066,0.7686,-0.7961,3
2026-03-21T17:25:52.839392,3,1.0656,0.1017,1.0656,2.1775,0.7523,0.7480,-0.0802,73
2026-03-21T17:25:52.839392,4,0.2159,0.0256,0.2159,1.0563,0.9394,0.7437,0.5739,12
2026-03-21T17:25:52.839392,5,0.0976,0.0976,0.0169,0.8702,0.9011,0.6207,0.6533,6
2026-03-21T17:25:52.839392,6,0.1579,0.1579,0.1036,1.2194,0.3583,0.1519,0.3245,25
2026-03-21T17:25:52.839392,7,0.1841,0.1762,0.1841,1.1182,0.4824,0.0149,0.4821,21
2026-03-21T17:25:52.839392,8,0.0448,0.0269,0.0448,0.9724,0.6386,-0.2996,0.5640,5
2026-03-21T17:25:52.909568,0,1.1210,1.1210,0.0210,2.3946,0.8757,0.1111,-0.8687,66
2026-03-21T17:25:52.909568,1,0.0471,0.0471,0.0065,2.3803,1.1406,0.7484,-0.8607,3
2026-03-21T17:25:52.909568,2,1.3583,0.0215,1.3583,2.2048,0.7512,0.7512,-0.0018,85
2026-03-21T17:25:52.909568,3,0.1901,0.1901,0.1166,1.2194,0.3692,0.1679,0.3288,27
2026-03-21T17:25:52.909568,4,0.0618,0.0340,0.0618,0.9235,0.6314,0.1091,0.6219,5
2026-03-21T17:25:52.909568,5,0.1069,0.1069,0.0643,0.9903,0.5572,0.0195,0.5568,11
2026-03-21T17:25:52.909568,6,0.0671,0.0577,0.0671,1.1400,0.4015,-0.0624,0.3966,9
2026-03-21T17:25:52.909568,7,0.0512,0.0272,0.0512,0.9706,0.6390,-0.2998,0.5643,5
2026-03-21T17:25:52.978071,0,1.1270,1.1270,0.0195,2.3946,0.8761,0.1112,-0.8690,66
2026-03-21T17:25:52.978071,1,1.3629,0.0957,1.3629,2.1828,0.7486,0.7477,0.0365,88
2026-03-21T17:25:52.978071,2,0.1696,0.1696,0.1059,1.2166,0.3668,0.1614,0.3294,25
2026-03-21T17:25:52.978071,3,0.1457,0.1457,0.1428,0.9933,0.5853,0.0515,0.5831,14
2026-03-21T17:25:52.978071,4,0.0504,0.0504,0.0365,1.1597,0.3778,-0.0690,0.3715,8
2026-03-21T17:25:52.978071,5,0.0712,0.0313,0.0712,0.9784,0.6355,-0.2931,0.5639,6
2026-03-21T17:25:53.047596,0,1.0978,1.0978,0.0225,2.3966,0.8747,0.1022,-0.8687,65
2026-03-21T17:25:53.047596,1,1.4112,0.0972,1.4112,2.2289,0.7482,0.7479,0.0200,90
2026-03-21T17:25:53.047596,2,0.1577,0.1577,0.0911,1.2088,0.3614,0.1529,0.3274,25
2026-03-21T17:25:53.047596,3,0.0893,0.0893,0.0771,1.0006,0.5576,0.0244,0.5570,10
2026-03-21T17:25:53.047596,4,0.0478,0.0478,0.0377,1.1824,0.3506,-0.0547,0.3463,9
2026-03-21T17:25:53.047596,5,0.0564,0.0326,0.0564,0.9854,0.6246,-0.2881,0.5541,6
2026-03-21T17:25:53.118056,0,1.1932,1.1932,0.0584,2.3996,0.8807,0.1480,-0.8682,70
2026-03-21T17:25:53.118056,1,1.3260,0.0768,1.3260,2.1795,0.7498,0.7495,0.0212,86
2026-03-21T17:25:53.118056,2,0.1539,0.1539,0.0962,1.2145,0.3670,0.1668,0.3269,25
2026-03-21T17:25:53.118056,3,0.0495,0.0358,0.0495,0.9384,0.6182,0.1177,0.6069,5
2026-03-21T17:25:53.118056,4,0.0898,0.0898,0.0747,1.0170,0.5433,0.0327,0.5423,10
2026-03-21T17:25:53.118056,5,0.0768,0.0572,0.0768,1.2063,0.3312,-0.0399,0.3288,11
2026-03-21T17:25:53.118056,6,0.0758,0.0370,0.0758,0.9836,0.6269,-0.2841,0.5588,7
2026-03-21T17:25:53.186922,0,0.9872,0.9872,0.0182,2.3943,0.8709,0.0579,-0.8689,60
2026-03-21T17:25:53.186922,1,0.1802,0.1802,0.0497,2.3895,1.1005,0.6863,-0.8603,10
2026-03-21T17:25:53.186922,2,1.3477,0.0668,1.3477,2.1526,0.7507,0.7501,0.0300,85
2026-03-21T17:25:53.186922,3,0.1561,0.1561,0.0945,1.2119,0.3667,0.1608,0.3295,25
2026-03-21T17:25:53.186922,4,0.1096,0.1096,0.0399,0.9992,0.5421,0.0671,0.5379,11
2026-03-21T17:25:53.186922,5,0.0586,0.0586,0.0377,1.2209,0.3064,-0.0290,0.3051,12
2026-03-21T17:25:53.186922,6,0.1052,0.0437,0.1052,0.9854,0.6270,-0.2790,0.5615,8
2026-03-21T17:25:53.257423,0,1.1885,1.1885,0.0590,2.3966,0.8806,0.1480,-0.8681,70
2026-03-21T17:25:53.257423,1,1.3915,0.0669,1.3915,2.2048,0.7508,0.7506,0.0135,87
2026-03-21T17:25:53.257423,2,0.1561,0.1561,0.1059,1.2137,0.3694,0.1619,0.3321,25
2026-03-21T17:25:53.257423,3,0.0781,0.0781,0.0701,1.0145,0.5394,0.0719,0.5346,8
2026-03-21T17:25:53.257423,4,0.0718,0.0718,0.0559,1.2383,0.2948,-0.0229,0.2939,14
2026-03-21T17:25:53.257423,5,0.0562,0.0443,0.0562,0.9914,0.6119,-0.2775,0.5454,7
2026-03-21T17:25:53.326933,0,1.0979,1.0979,0.0214,2.3956,0.8749,0.1020,-0.8690,65
2026-03-21T17:25:53.326933,1,0.0676,0.0676,0.0416,2.3828,1.1329,0.7433,-0.8549,5
2026-03-21T17:25:53.326933,2,1.3450,0.0655,1.3450,2.2001,0.7508,0.7507,0.0056,86
2026-03-21T17:25:53.326933,3,0.0771,0.0771,0.0134,0.9419,0.7802,0.5224,0.5795,5
2026-03-21T17:25:53.326933,4,0.1506,0.1506,0.1132,1.2112,0.3682,0.1612,0.3311,25
2026-03-21T17:25:53.326933,5,0.0442,0.0442,0.0433,1.0046,0.5369,0.0698,0.5324,6
2026-03-21T17:25:53.326933,6,0.0697,0.0697,0.0342,1.2419,0.2893,-0.0176,0.2887,14
2026-03-21T17:25:53.326933,7,0.0820,0.0459,0.0820,0.9880,0.6205,-0.2763,0.5556,8
2026-03-21T17:25:53.396355,0,1.1957,1.1957,0.0548,2.3982,0.8802,0.1480,-0.8677,70
2026-03-21T17:25:53.396355,1,1.3027,0.0647,1.3027,2.1552,0.7506,0.7503,0.0219,84
2026-03-21T17:25:53.396355,2,0.1577,0.1577,0.0906,1.2137,0.3646,0.1660,0.3246,25
2026-03-21T17:25:53.396355,3,0.0534,0.0514,0.0534,0.9982,0.5543,0.0819,0.5482,6
2026-03-21T17:25:53.396355,4,0.0715,0.0715,0.0554,1.2354,0.2967,-0.0125,0.2964,14
2026-03-21T17:25:53.396355,5,0.0892,0.0480,0.0892,0.9914,0.6160,-0.2743,0.5516,8
2026-03-21T17:25:53.466459,0,1.1896,1.1896,0.0324,2.3966,0.8800,0.1388,-0.8690,69
2026-03-21T17:25:53.466459,1,0.0484,0.0069,0.0484,2.3361,1.1046,0.7672,-0.7947,3
2026-03-21T17:25:53.466459,2,0.0494,0.0056,0.0494,2.2595,1.0509,0.7684,-0.7168,3
2026-03-21T17:25:53.466459,3,1.3251,0.0637,1.3251,2.1769,0.7506,0.7505,0.0140,85
2026-03-21T17:25:53.466459,4,0.1583,0.1583,0.0854,1.2153,0.3629,0.1653,0.3231,25
2026-03-21T17:25:53.466459,5,0.0580,0.0580,0.0428,0.9399,0.6113,0.1150,0.6004,5
2026-03-21T17:25:53.466459,6,0.0717,0.0717,0.0306,1.2306,0.2940,-0.0128,0.2938,14
2026-03-21T17:25:53.466459,7,0.0742,0.0482,0.0742,0.9949,0.6104,-0.2719,0.5465,8
2026-03-21T17:25:53.535919,0,1.1263,1.1263,0.0211,2.3957,0.8767,0.1113,-0.8696,66
2026-03-21T17:25:53.535919,1,0.0417,0.0417,0.0170,2.3834,1.1396,0.7477,-0.8600,3
2026-03-21T17:25:53.535919,2,1.3753,0.0629,1.3753,2.1789,0.7510,0.7507,0.0220,86
2026-03-21T17:25:53.535919,3,0.1635,0.1635,0.0957,1.2169,0.3646,0.1659,0.3246,25
2026-03-21T17:25:53.535919,4,0.0854,0.0545,0.0854,0.9161,0.6391,0.1163,0.6284,6
2026-03-21T17:25:53.535919,5,0.0748,0.0748,0.0595,1.2389,0.2945,-0.0130,0.2942,14
2026-03-21T17:25:53.535919,6,0.0675,0.0504,0.0675,0.9992,0.6098,-0.2717,0.5459,8
2026-03-21T17:25:53.605904,0,1.1234,1.1234,0.0239,2.3982,0.8756,0.1110,-0.8685,66
2026-03-21T17:25:53.605904,1,1.3290,0.0625,1.3290,2.1821,0.7504,0.7503,0.0140,85
2026-03-21T17:25:53.605904,2,0.1635,0.1635,0.0816,1.2143,0.3624,0.1651,0.3226,25
2026-03-21T17:25:53.605904,3,0.0576,0.0526,0.0576,0.9170,0.6357,0.1157,0.6251,6
2026-03-21T17:25:53.605904,4,0.0748,0.0748,0.0552,1.2396,0.2962,-0.0130,0.2959,14
2026-03-21T17:25:53.605904,5,0.0795,0.0476,0.0795,1.0011,0.6075,-0.2706,0.5439,8
2026-03-21T17:25:53.675451,0,1.1969,1.1969,0.0540,2.3966,0.8812,0.1479,-0.8687,70
2026-03-21T17:25:53.675451,1,1.3523,0.0625,1.3523,2.2028,0.7507,0.7507,0.0058,86
2026-03-21T17:25:53.675451,2,0.1579,0.1579,0.0910,1.2219,0.3621,0.1647,0.3225,25
2026-03-21T17:25:53.675451,3,0.0624,0.0624,0.0298,1.2368,0.2924,-0.0099,0.2922,13
2026-03-21T17:25:53.675451,4,0.0675,0.0504,0.0675,0.9992,0.6044,-0.2693,0.5411,8
2026-03-21T17:25:53.744865,0,1.0709,1.0709,0.0272,2.3976,0.8733,0.0928,-0.8684,64
2026-03-21T17:25:53.744865,1,0.0869,0.0869,0.0208,2.3857,1.1267,0.7245,-0.8628,5
2026-03-21T17:25:53.744865,2,1.3726,0.0638,1.3726,2.1789,0.7506,0.7503,0.0219,86
2026-03-21T17:25:53.744865,3,0.1593,0.1593,0.0958,1.2247,0.3606,0.1641,0.3211,25
2026-03-21T17:25:53.744865,4,0.0723,0.0723,0.0690,1.2356,0.2955,-0.0071,0.2954,14
2026-03-21T17:25:53.744865,5,0.0639,0.0519,0.0639,0.9993,0.6029,-0.2686,0.5397,8
2026-03-21T17:25:53.814399,0,1.1940,1.1940,0.0267,2.3953,0.8800,0.1389,-0.8689,69
2026-03-21T17:25:53.814399,1,1.3264,0.0601,1.3264,2.1762,0.7506,0.7505,0.0139,85
2026-03-21T17:25:53.814399,2,0.1590,0.1590,0.0974,1.2205,0.3587,0.1631,0.3194,25
2026-03-21T17:25:53.814399,3,0.0705,0.0705,0.0608,1.2423,0.2937,-0.0071,0.2937,14
2026-03-21T17:25:53.814399,4,0.0702,0.0491,0.0702,1.0001,0.6045,-0.2693,0.5412,8
2026-03-21T17:25:53.884156,0,1.1979,1.1979,0.0544,2.3992,0.8808,0.1480,-0.8683,70
2026-03-21T17:25:53.884156,1,1.3733,0.0611,1.3733,2.1782,0.7508,0.7505,0.0215,86
2026-03-21T17:25:53.884156,2,0.1562,0.1562,0.0893,1.2230,0.3554,0.1618,0.3164,25
2026-03-21T17:25:53.884156,3,0.0607,0.0571,0.0607,0.9300,0.6235,0.1148,0.6128,5
2026-03-21T17:25:53.884156,4,0.0639,0.0639,0.0364,1.2444,0.2904,-0.0100,0.2903,13
2026-03-21T17:25:53.884156,5,0.0751,0.0456,0.0751,1.0096,0.5999,-0.2672,0.5371,8
2026-03-21T17:25:53.954276,0,1.1967,1.1967,0.0237,2.3953,0.8793,0.1386,-0.8683,69
2026-03-21T17:25:53.954276,1,0.0957,0.0027,0.0957,2.2560,1.0323,0.7668,-0.6911,5
2026-03-21T17:25:53.954276,2,1.2761,0.0629,1.2761,2.1286,0.7506,0.7500,0.0296,83
2026-03-21T17:25:53.954276,3,0.1511,0.1511,0.0916,1.2205,0.3558,0.1618,0.3169,25
2026-03-21T17:25:53.954276,4,0.0559,0.0559,0.0359,0.9359,0.6107,0.1148,0.5998,5
2026-03-21T17:25:53.954276,5,0.0851,0.0851,0.0788,1.2374,0.2992,-0.0102,0.2990,15
2026-03-21T17:25:53.954276,6,0.0703,0.0549,0.0703,0.9992,0.6003,-0.2675,0.5374,8
2026-03-21T17:25:54.024136,0,1.0986,1.0986,0.0199,2.3947,0.8747,0.1020,-0.8688,65
2026-03-21T17:25:54.024136,1,0.0702,0.0702,0.0392,2.3819,1.1317,0.7426,-0.8540,5
2026-03-21T17:25:54.024136,2,1.3704,0.0644,1.3704,2.1795,0.7501,0.7498,0.0215,86
2026-03-21T17:25:54.024136,3,0.1553,0.1553,0.0946,1.2274,0.3551,0.1614,0.3163,25
2026-03-21T17:25:54.024136,4,0.0696,0.0696,0.0545,0.9584,0.5994,0.1065,0.5899,6
2026-03-21T17:25:54.024136,5,0.0866,0.0866,0.0810,1.2366,0.3002,-0.0102,0.3000,15
2026-03-21T17:25:54.024136,6,0.0808,0.0442,0.0808,1.0079,0.6008,-0.2676,0.5379,8
2026-03-21T17:25:54.093227,0,1.0999,1.0999,0.0210,2.3974,0.8750,0.1021,-0.8690,65
2026-03-21T17:25:54.093227,1,1.3751,0.0589,1.3751,2.2282,0.7511,0.7511,-0.0024,87
2026-03-21T17:25:54.093227,2,0.0833,0.0833,0.0519,0.9458,0.8218,0.5606,0.6008,5
2026-03-21T17:25:54.093227,3,0.1446,0.1446,0.1100,1.2282,0.3542,0.1607,0.3156,25
2026-03-21T17:25:54.093227,4,0.0689,0.0689,0.0622,0.9632,0.5921,0.1104,0.5817,7
2026-03-21T17:25:54.093227,5,0.0638,0.0638,0.0332,1.2322,0.2934,-0.0101,0.2933,13
2026-03-21T17:25:54.093227,6,0.0681,0.0493,0.0681,1.0044,0.5983,-0.2665,0.5356,8
2026-03-21T17:25:54.163256,0,1.0973,1.0973,0.0216,2.3967,0.8755,0.1023,-0.8695,65
2026-03-21T17:25:54.163256,1,0.0657,0.0657,0.0439,2.3851,1.1335,0.7437,-0.8553,5
2026-03-21T17:25:54.163256,2,1.3771,0.0327,1.3771,2.2289,0.7517,0.7516,-0.0104,86
2026-03-21T17:25:54.163256,3,0.1531,0.1531,0.1057,1.2278,0.3561,0.1617,0.3173,25
2026-03-21T17:25:54.163256,4,0.0738,0.0700,0.0738,0.9758,0.5828,0.1088,0.5726,7
2026-03-21T17:25:54.163256,5,0.0712,0.0712,0.0571,1.2356,0.2947,-0.0073,0.2946,14
2026-03-21T17:25:54.163256,6,0.0789,0.0441,0.0789,1.0087,0.5991,-0.2668,0.5365,8
2026-03-21T17:25:54.232695,0,1.1224,1.1224,0.0207,2.3957,0.8764,0.1116,-0.8693,66
2026-03-21T17:25:54.232695,1,0.0424,0.0424,0.0148,2.3834,1.1412,0.7488,-0.8612,3
2026-03-21T17:25:54.232695,2,1.2530,0.0578,1.2530,2.1054,0.7508,0.7499,0.0379,82
2026-03-21T17:25:54.232695,3,0.1807,0.1807,0.1023,1.2254,0.3570,0.1657,0.3162,26
2026-03-21T17:25:54.232695,4,0.0782,0.0724,0.0782,0.9864,0.5745,0.1053,0.5647,6
2026-03-21T17:25:54.232695,5,0.0743,0.0743,0.0654,1.2319,0.2994,-0.0073,0.2994,14
2026-03-21T17:25:54.232695,6,0.0773,0.0494,0.0773,1.0044,0.5990,-0.2669,0.5363,8
2026-03-21T17:25:54.303071,0,1.1963,1.1963,0.0849,2.3996,0.8811,0.1569,-0.8670,71
2026-03-21T17:25:54.303071,1,1.3244,0.0599,1.3244,2.1775,0.7503,0.7502,0.0136,85
2026-03-21T17:25:54.303071,2,0.1482,0.1482,0.1121,1.2294,0.3562,0.1618,0.3173,25
2026-03-21T17:25:54.303071,3,0.0757,0.0704,0.0757,0.9826,0.5795,0.1081,0.5693,7
2026-03-21T17:25:54.303071,4,0.0742,0.0742,0.0733,1.2319,0.3004,-0.0073,0.3004,14
2026-03-21T17:25:54.303071,5,0.0736,0.0494,0.0736,1.0044,0.6001,-0.2674,0.5373,8
2026-03-21T17:25:54.371719,0,1.0810,1.0810,0.0216,2.3966,0.8744,0.0931,-0.8694,64
2026-03-21T17:25:54.371719,1,0.0846,0.0846,0.0214,2.3878,1.1287,0.7258,-0.8644,5
2026-03-21T17:25:54.371719,2,1.3490,0.0617,1.3490,2.2014,0.7509,0.7509,0.0059,86
2026-03-21T17:25:54.371719,3,0.1535,0.1535,0.1099,1.2320,0.3526,0.1602,0.3141,25
2026-03-21T17:25:54.371719,4,0.0651,0.0651,0.0376,1.2316,0.2968,-0.0101,0.2966,13
2026-03-21T17:25:54.371719,5,0.0735,0.0467,0.0735,1.0070,0.6008,-0.2676,0.5379,8
2026-03-21T17:25:54.442071,0,1.1255,1.1255,0.0219,2.3986,0.8762,0.1111,-0.8691,66
2026-03-21T17:25:54.442071,1,1.4560,0.0634,1.4560,2.2574,0.7512,0.7512,-0.0027,89
2026-03-21T17:25:54.442071,2,0.1522,0.1522,0.1053,1.2265,0.3560,0.1618,0.3171,25
2026-03-21T17:25:54.442071,3,0.0862,0.0704,0.0862,0.9574,0.6096,0.1063,0.6003,7
2026-03-21T17:25:54.442071,4,0.0659,0.0659,0.0366,1.2316,0.2972,-0.0103,0.2970,13
2026-03-21T17:25:54.442071,5,0.0748,0.0470,0.0748,1.0010,0.6054,-0.2696,0.5420,8
2026-03-21T17:25:54.511556,0,1.1268,1.1268,0.0252,2.4005,0.8768,0.1112,-0.8697,66
2026-03-21T17:25:54.511556,1,0.0969,0.0054,0.0969,2.2540,1.0281,0.7636,-0.6884,5
2026-03-21T17:25:54.511556,2,1.2831,0.0574,1.2831,2.1342,0.7511,0.7505,0.0302,83
2026-03-21T17:25:54.511556,3,0.1441,0.1441,0.1122,1.2257,0.3571,0.1621,0.3182,25
2026-03-21T17:25:54.511556,4,0.0572,0.0572,0.0528,0.9369,0.6187,0.1140,0.6081,5
2026-03-21T17:25:54.511556,5,0.0792,0.0792,0.0297,0.9921,0.5474,0.0883,0.5403,4
2026-03-21T17:25:54.511556,6,0.0660,0.0660,0.0426,1.2336,0.2993,-0.0103,0.2991,13
2026-03-21T17:25:54.511556,7,0.0718,0.0478,0.0718,1.0044,0.6026,-0.2685,0.5395,8
2026-03-21T17:25:54.581173,0,1.1934,1.1934,0.0323,2.4002,0.8801,0.1389,-0.8690,69
2026-03-21T17:25:54.581173,1,1.3278,0.0566,1.3278,2.1775,0.7506,0.7505,0.0142,85
2026-03-21T17:25:54.581173,2,0.1869,0.1869,0.1058,1.2279,0.3597,0.1669,0.3187,26
2026-03-21T17:25:54.581173,3,0.0560,0.0560,0.0251,0.9270,0.6153,0.1134,0.6047,5
2026-03-21T17:25:54.581173,4,0.0760,0.0760,0.0603,1.2344,0.3041,-0.0131,0.3039,14
2026-03-21T17:25:54.581173,5,0.0695,0.0500,0.0695,0.9993,0.6026,-0.2685,0.5395,8
2026-03-21T17:25:54.650304,0,1.1921,1.1921,0.0277,2.3986,0.8800,0.1391,-0.8690,69
2026-03-21T17:25:54.650304,1,1.3744,0.0627,1.3744,2.2255,0.7511,0.7511,-0.0026,87
2026-03-21T17:25:54.650304,2,0.1469,0.1469,0.1080,1.2282,0.3576,0.1623,0.3187,25
2026-03-21T17:25:54.650304,3,0.0943,0.0831,0.0943,0.9953,0.5854,0.0976,0.5772,8
2026-03-21T17:25:54.650304,4,0.0657,0.0657,0.0247,1.2253,0.3013,-0.0157,0.3009,13
2026-03-21T17:25:54.650304,5,0.0686,0.0527,0.0686,0.9966,0.6053,-0.2697,0.5418,8
2026-03-21T17:25:54.719787,0,1.1246,1.1246,0.0226,2.3986,0.8758,0.1111,-0.8687,66
2026-03-21T17:25:54.719787,1,1.3814,0.0617,1.3814,2.1815,0.7511,0.7508,0.0220,86
2026-03-21T17:25:54.719787,2,0.1533,0.1533,0.0972,1.2242,0.3557,0.1617,0.3168,25
2026-03-21T17:25:54.719787,3,0.0923,0.0817,0.0923,0.9903,0.5836,0.1018,0.5747,9
2026-03-21T17:25:54.719787,4,0.0682,0.0682,0.0350,1.2236,0.3046,-0.0159,0.3042,13
2026-03-21T17:25:54.719787,5,0.0784,0.0485,0.0784,1.0018,0.6059,-0.2699,0.5425,8
2026-03-21T17:25:54.790885,0,1.1927,1.1927,0.0311,2.3982,0.8792,0.1387,-0.8682,69
2026-03-21T17:25:54.790885,1,1.3992,0.0574,1.3992,2.2034,0.7510,0.7508,0.0137,87
2026-03-21T17:25:54.790885,2,0.1503,0.1503,0.1009,1.2269,0.3558,0.1617,0.3169,25
2026-03-21T17:25:54.790885,3,0.1030,0.0838,0.1030,1.0010,0.5855,0.1021,0.5766,9
2026-03-21T17:25:54.790885,4,0.0823,0.0823,0.0770,1.2249,0.3108,-0.0193,0.3102,14
2026-03-21T17:25:54.790885,5,0.0784,0.0506,0.0784,1.0010,0.6035,-0.2689,0.5403,8
2026-03-21T17:25:54.860712,0,1.1898,1.1898,0.0316,2.3980,0.8800,0.1388,-0.8690,69
2026-03-21T17:25:54.860712,1,1.4042,0.0600,1.4042,2.2540,0.7514,0.7514,-0.0109,88
2026-03-21T17:25:54.860712,2,0.1495,0.1495,0.1088,1.2271,0.3569,0.1620,0.3180,25
2026-03-21T17:25:54.860712,3,0.0710,0.0710,0.0656,0.9624,0.6099,0.1066,0.6005,6
2026-03-21T17:25:54.860712,4,0.0684,0.0684,0.0483,1.2200,0.3089,-0.0159,0.3084,13
2026-03-21T17:25:54.860712,5,0.0685,0.0501,0.0685,0.9984,0.6048,-0.2694,0.5414,8
2026-03-21T17:25:54.930080,0,1.1019,1.1019,0.0241,2.3986,0.8752,0.1021,-0.8692,65
2026-03-21T17:25:54.930080,1,1.3761,0.0601,1.3761,2.1775,0.7504,0.7501,0.0221,86
2026-03-21T17:25:54.930080,2,0.1570,0.1570,0.0976,1.2227,0.3567,0.1621,0.3177,25
2026-03-21T17:25:54.930080,3,0.0968,0.0715,0.0968,0.9971,0.5636,0.0876,0.5568,6
2026-03-21T17:25:54.930080,4,0.0842,0.0842,0.0710,1.2190,0.3215,-0.0196,0.3209,14
2026-03-21T17:25:54.930080,5,0.0686,0.0510,0.0686,0.9976,0.6048,-0.2695,0.5414,8
2026-03-21T17:25:54.999548,0,1.1961,1.1961,0.0591,2.4025,0.8812,0.1483,-0.8686,70
2026-03-21T17:25:54.999548,1,1.3530,0.0619,1.3530,2.2054,0.7508,0.7508,0.0056,86
2026-03-21T17:25:54.999548,2,0.1516,0.1516,0.1064,1.2228,0.3557,0.1617,0.3168,25
2026-03-21T17:25:54.999548,3,0.1029,0.0889,0.1029,1.0092,0.5601,0.0824,0.5540,7
2026-03-21T17:25:54.999548,4,0.0689,0.0689,0.0592,1.2159,0.3161,-0.0161,0.3157,13
2026-03-21T17:25:54.999548,5,0.0575,0.0549,0.0575,0.9975,0.5999,-0.2674,0.5370,8
2026-03-21T17:25:55.069189,0,1.1261,1.1261,0.0173,2.3953,0.8772,0.1114,-0.8701,66
2026-03-21T17:25:55.069189,1,1.4089,0.0657,1.4089,2.2041,0.7513,0.7512,0.0138,87
2026-03-21T17:25:55.069189,2,0.1529,0.1529,0.0938,1.2246,0.3583,0.1629,0.3191,25
2026-03-21T17:25:55.069189,3,0.0716,0.0716,0.0466,0.9971,0.5534,0.0880,0.5463,5
2026-03-21T17:25:55.069189,4,0.0696,0.0696,0.0503,1.2150,0.3141,-0.0162,0.3137,13
2026-03-21T17:25:55.069189,5,0.0637,0.0516,0.0637,1.0018,0.6014,-0.2680,0.5384,8
2026-03-21T17:25:55.138546,0,1.0986,1.0986,0.0187,2.3946,0.8746,0.1022,-0.8686,65
2026-03-21T17:25:55.138546,1,0.0675,0.0675,0.0415,2.3820,1.1317,0.7425,-0.8540,5
2026-03-21T17:25:55.138546,2,0.0979,0.0047,0.0979,2.2813,1.0489,0.7667,-0.7157,5
2026-03-21T17:25:55.138546,3,1.3035,0.0600,1.3035,2.1532,0.7509,0.7506,0.0217,84
2026-03-21T17:25:55.138546,4,0.1473,0.1473,0.1003,1.2244,0.3566,0.1619,0.3177,25
2026-03-21T17:25:55.138546,5,0.0744,0.0744,0.0743,0.9865,0.5631,0.0878,0.5562,6
2026-03-21T17:25:55.138546,6,0.0693,0.0693,0.0529,1.2286,0.3083,-0.0159,0.3079,13
2026-03-21T17:25:55.138546,7,0.0618,0.0523,0.0618,1.0027,0.5980,-0.2665,0.5354,8
2026-03-21T17:25:55.208054,0,1.1259,1.1259,0.0268,2.4002,0.8762,0.1111,-0.8691,66
2026-03-21T17:25:55.208054,1,1.3503,0.0640,1.3503,2.2021,0.7497,0.7497,0.0056,86
2026-03-21T17:25:55.208054,2,0.1537,0.1537,0.0978,1.2247,0.3571,0.1622,0.3182,25
2026-03-21T17:25:55.208054,3,0.0756,0.0756,0.0744,0.9816,0.5668,0.0884,0.5598,6
2026-03-21T17:25:55.208054,4,0.0701,0.0701,0.0397,1.2184,0.3140,-0.0164,0.3136,13
2026-03-21T17:25:55.208054,5,0.0654,0.0521,0.0654,1.0027,0.5985,-0.2667,0.5358,8
2026-03-21T17:25:55.277588,0,1.0770,1.0770,0.0224,2.3966,0.8744,0.0931,-0.8695,64
2026-03-21T17:25:55.277588,1,0.0935,0.0935,0.0417,2.3851,1.1278,0.7328,-0.8574,6
2026-03-21T17:25:55.277588,2,1.3311,0.0542,1.3311,2.1789,0.7503,0.7502,0.0141,85
2026-03-21T17:25:55.277588,3,0.1573,0.1573,0.0967,1.2207,0.3567,0.1622,0.3177,25
2026-03-21T17:25:55.277588,4,0.0755,0.0755,0.0674,0.9816,0.5653,0.0882,0.5583,6
2026-03-21T17:25:55.277588,5,0.0737,0.0737,0.0583,1.2200,0.3129,-0.0165,0.3125,13
2026-03-21T17:25:55.277588,6,0.0606,0.0522,0.0606,1.0061,0.5950,-0.2652,0.5327,8
2026-03-21T17:25:55.348153,0,1.1237,1.1237,0.0252,2.3986,0.8761,0.1112,-0.8690,66
2026-03-21T17:25:55.348153,1,1.3271,0.0570,1.3271,2.1789,0.7506,0.7505,0.0141,85
2026-03-21T17:25:55.348153,2,0.1535,0.1535,0.1076,1.2230,0.3572,0.1622,0.3182,25
2026-03-21T17:25:55.348153,3,0.0767,0.0767,0.0272,0.9835,0.5545,0.0886,0.5474,5
2026-03-21T17:25:55.348153,4,0.0683,0.0683,0.0456,1.2253,0.3081,-0.0158,0.3077,13
2026-03-21T17:25:55.348153,5,0.0643,0.0508,0.0643,1.0070,0.5920,-0.2638,0.5300,8
2026-03-21T17:25:55.416683,0,1.1252,1.1252,0.0192,2.3963,0.8761,0.1110,-0.8691,64
2026-03-21T17:25:55.416683,1,1.3530,0.0595,1.3530,2.2034,0.7509,0.7509,0.0056,86
2026-03-21T17:25:55.416683,2,0.1422,0.1422,0.1024,1.2265,0.3549,0.1612,0.3162,25
2026-03-21T17:25:55.416683,3,0.0729,0.0729,0.0358,0.9932,0.5504,0.0877,0.5433,5
2026-03-21T17:25:55.416683,4,0.0690,0.0690,0.0384,1.2231,0.3075,-0.0159,0.3071,13
2026-03-21T17:25:55.416683,5,0.0590,0.0585,0.0590,1.0063,0.5951,-0.2653,0.5328,8
2026-03-21T17:25:55.487378,0,1.1238,1.1238,0.0202,2.3946,0.8760,0.1111,-0.8689,66
2026-03-21T17:25:55.487378,1,1.3530,0.0611,1.3530,2.2014,0.7508,0.7507,0.0059,86
2026-03-21T17:25:55.487378,2,0.0813,0.0289,0.0813,0.7938,1.0695,0.7426,0.7696,5
2026-03-21T17:25:55.487378,3,0.1508,0.1508,0.1000,1.2231,0.3562,0.1618,0.3173,25
2026-03-21T17:25:55.487378,4,0.1010,0.0740,0.1010,0.9971,0.5787,0.0969,0.5705,8
2026-03-21T17:25:55.487378,5,0.0689,0.0689,0.0383,1.2180,0.3108,-0.0160,0.3104,13
2026-03-21T17:25:55.487378,6,0.0579,0.0535,0.0579,1.0053,0.5939,-0.2647,0.5316,8
2026-03-21T17:25:55.557111,0,1.1265,1.1265,0.0193,2.3973,0.8764,0.1114,-0.8693,66
2026-03-21T17:25:55.557111,1,1.2976,0.0612,1.2976,2.1500,0.7507,0.7504,0.0219,84
2026-03-21T17:25:55.557111,2,0.1530,0.1530,0.0985,1.2274,0.3559,0.1618,0.3170,25
2026-03-21T17:25:55.557111,3,0.0952,0.0735,0.0952,0.9962,0.5730,0.0960,0.5649,8
2026-03-21T17:25:55.557111,4,0.0685,0.0685,0.0527,1.2284,0.3086,-0.0160,0.3081,13
2026-03-21T17:25:55.557111,5,0.0632,0.0507,0.0632,1.0087,0.5939,-0.2646,0.5317,8
2026-03-21T17:25:55.626482,0,1.1881,1.1881,0.0318,2.3982,0.8798,0.1388,-0.8688,69
2026-03-21T17:25:55.626482,1,1.4041,0.0288,1.4041,2.2526,0.7519,0.7517,-0.0187,87
2026-03-21T17:25:55.626482,2,0.1472,0.1472,0.1051,1.2311,0.3552,0.1615,0.3164,25
2026-03-21T17:25:55.626482,3,0.0755,0.0755,0.0722,0.9953,0.5601,0.0873,0.5533,6
2026-03-21T17:25:55.626482,4,0.0682,0.0682,0.0479,1.2246,0.3095,-0.0159,0.3091,13
2026-03-21T17:25:55.626482,5,0.0571,0.0541,0.0571,1.0035,0.5945,-0.2650,0.5322,8
2026-03-21T17:25:55.696357,0,1.1261,1.1261,0.0224,2.3973,0.8753,0.1111,-0.8682,66
2026-03-21T17:25:55.696357,1,1.3578,0.0587,1.3578,2.1565,0.7511,0.7505,0.0304,85
2026-03-21T17:25:55.696357,2,0.1511,0.1511,0.0959,1.2248,0.3566,0.1621,0.3177,25
2026-03-21T17:25:55.696357,3,0.0753,0.0745,0.0753,0.9865,0.5611,0.0874,0.5543,6
2026-03-21T17:25:55.696357,4,0.0694,0.0694,0.0443,1.2220,0.3066,-0.0159,0.3062,13
2026-03-21T17:25:55.696357,5,0.0660,0.0496,0.0660,1.0087,0.5940,-0.2647,0.5318,8
2026-03-21T17:25:55.766309,0,1.1244,1.1244,0.0219,2.3973,0.8758,0.1111,-0.8687,66
2026-03-21T17:25:55.766309,1,1.3938,0.0629,1.3938,2.2456,0.7510,0.7509,-0.0107,88
2026-03-21T17:25:55.766309,2,0.1598,0.1598,0.0997,1.2257,0.3560,0.1618,0.3171,25
2026-03-21T17:25:55.766309,3,0.0763,0.0763,0.0683,0.9943,0.5563,0.0868,0.5495,6
2026-03-21T17:25:55.766309,4,0.0680,0.0680,0.0398,1.2175,0.3095,-0.0160,0.3091,13
2026-03-21T17:25:55.766309,5,0.0746,0.0502,0.0746,1.0063,0.5948,-0.2650,0.5325,8
2026-03-21T17:25:55.836699,0,1.1943,1.1943,0.0288,2.3973,0.8791,0.1387,-0.8681,69
2026-03-21T17:25:55.836699,1,1.3726,0.0561,1.3726,2.1775,0.7507,0.7503,0.0219,86
2026-03-21T17:25:55.836699,2,0.1529,0.1529,0.1003,1.2244,0.3563,0.1620,0.3173,25
2026-03-21T17:25:55.836699,3,0.0991,0.0874,0.0991,1.0251,0.5414,0.0795,0.5355,7
2026-03-21T17:25:55.836699,4,0.0683,0.0683,0.0492,1.2200,0.3095,-0.0159,0.3091,13
2026-03-21T17:25:55.836699,5,0.0670,0.0493,0.0670,1.0079,0.5940,-0.2647,0.5318,8
2026-03-21T17:25:55.947050,0,1.1962,1.1962,0.0295,2.3996,0.8797,0.1390,-0.8687,69
2026-03-21T17:25:55.947050,1,1.4075,0.0607,1.4075,2.2540,0.7511,0.7510,-0.0110,88
2026-03-21T17:25:55.947050,2,0.1558,0.1558,0.0872,1.2219,0.3569,0.1624,0.3179,25
2026-03-21T17:25:55.947050,3,0.0951,0.0916,0.0951,1.0171,0.5488,0.0809,0.5428,7
2026-03-21T17:25:55.947050,4,0.0683,0.0683,0.0369,1.2196,0.3090,-0.0160,0.3086,13
2026-03-21T17:25:55.947050,5,0.0716,0.0478,0.0716,1.0079,0.5963,-0.2657,0.5338,8
2026-03-21T17:25:55.976190,0,1.0992,1.0992,0.0233,2.3956,0.8747,0.1020,-0.8687,65
2026-03-21T17:25:55.976190,1,1.3530,0.0601,1.3530,2.2021,0.7508,0.7508,0.0058,86
2026-03-21T17:25:55.976190,2,0.1470,0.1470,0.1022,1.2244,0.3554,0.1613,0.3167,25
2026-03-21T17:25:55.976190,3,0.0990,0.0892,0.0990,1.0201,0.5447,0.0800,0.5387,7
2026-03-21T17:25:55.976190,4,0.0692,0.0692,0.0482,1.2230,0.3076,-0.0160,0.3071,13
2026-03-21T17:25:55.976190,5,0.0724,0.0467,0.0724,1.0096,0.5960,-0.2656,0.5336,8
2026-03-21T17:25:56.046482,0,1.1919,1.1919,0.0235,2.3951,0.8792,0.1388,-0.8682,69
2026-03-21T17:25:56.046482,1,1.3510,0.0583,1.3510,2.2048,0.7507,0.7507,0.0056,86
2026-03-21T17:25:56.046482,2,0.1534,0.1534,0.1046,1.2257,0.3559,0.1618,0.3170,25
2026-03-21T17:25:56.046482,3,0.0754,0.0754,0.0680,0.9844,0.5636,0.0910,0.5562,7
2026-03-21T17:25:56.046482,4,0.0688,0.0688,0.0453,1.2220,0.3086,-0.0159,0.3082,13
2026-03-21T17:25:56.046482,5,0.0691,0.0510,0.0691,1.0055,0.5935,-0.2644,0.5314,8
2026-03-21T17:25:56.114388,0,1.1950,1.1950,0.0603,2.4015,0.8808,0.1479,-0.8683,70
2026-03-21T17:25:56.114388,1,1.3238,0.0572,1.3238,2.1769,0.7504,0.7503,0.0140,85
2026-03-21T17:25:56.114388,2,0.1531,0.1531,0.1074,1.2295,0.3554,0.1612,0.3167,25
2026-03-21T17:25:56.114388,3,0.1000,0.0895,0.1000,1.0211,0.5442,0.0800,0.5383,7
2026-03-21T17:25:56.114388,4,0.0685,0.0685,0.0457,1.2164,0.3112,-0.0161,0.3107,13
2026-03-21T17:25:56.114388,5,0.0651,0.0501,0.0651,1.0079,0.5950,-0.2651,0.5327,8
2026-03-21T17:25:56.184391,0,1.0712,1.0712,0.0234,2.3986,0.8741,0.0932,-0.8691,64
2026-03-21T17:25:56.184391,1,0.0925,0.0925,0.0501,2.3862,1.1265,0.7319,-0.8564,6
2026-03-21T17:25:56.184391,2,1.4310,0.0641,1.4310,2.2269,0.7513,0.7512,0.0058,88
2026-03-21T17:25:56.184391,3,0.1542,0.1542,0.0986,1.2218,0.3561,0.1619,0.3171,25
2026-03-21T17:25:56.184391,4,0.0787,0.0787,0.0633,0.9864,0.5603,0.0876,0.5534,6
2026-03-21T17:25:56.184391,5,0.0691,0.0691,0.0438,1.2205,0.3082,-0.0159,0.3078,13
2026-03-21T17:25:56.184391,6,0.0669,0.0492,0.0669,1.0087,0.5931,-0.2643,0.5310,8
2026-03-21T17:25:56.253796,0,1.1260,1.1260,0.0231,2.3982,0.8763,0.1114,-0.8692,66
2026-03-21T17:25:56.253796,1,1.3211,0.0553,1.3211,2.1749,0.7503,0.7502,0.0141,85
2026-03-21T17:25:56.253796,2,0.1464,0.1464,0.1013,1.2244,0.3566,0.1621,0.3176,25
2026-03-21T17:25:56.253796,3,0.0970,0.0903,0.0970,1.0161,0.5491,0.0808,0.5431,7
2026-03-21T17:25:56.253796,4,0.0677,0.0677,0.0516,1.2224,0.3081,-0.0157,0.3077,13
2026-03-21T17:25:56.253796,5,0.0763,0.0472,0.0763,1.0061,0.5959,-0.2654,0.5335,8
2026-03-21T17:25:56.323265,0,1.0995,1.0995,0.0221,2.3973,0.8746,0.1022,-0.8686,65
2026-03-21T17:25:56.323265,1,0.0984,0.0040,0.0984,2.2792,1.0441,0.7632,-0.7125,5
2026-03-21T17:25:56.323265,2,1.3080,0.0616,1.3080,2.1565,0.7503,0.7500,0.0218,84
2026-03-21T17:25:56.323265,3,0.1465,0.1465,0.1077,1.2279,0.3565,0.1618,0.3177,25
2026-03-21T17:25:56.323265,4,0.1162,0.0956,0.1162,1.0201,0.5704,0.0953,0.5624,10
2026-03-21T17:25:56.323265,5,0.0682,0.0682,0.0297,1.2220,0.3072,-0.0161,0.3068,13
2026-03-21T17:25:56.323265,6,0.0651,0.0500,0.0651,1.0087,0.5919,-0.2637,0.5299,8
2026-03-21T17:25:56.392925,0,1.1942,1.1942,0.0275,2.3954,0.8797,0.1389,-0.8687,69
2026-03-21T17:25:56.392925,1,1.3503,0.0602,1.3503,2.1974,0.7508,0.7508,0.0058,86
2026-03-21T17:25:56.392925,2,0.1495,0.1495,0.1127,1.2252,0.3567,0.1619,0.3179,25
2026-03-21T17:25:56.392925,3,0.0784,0.0784,0.0339,0.9943,0.5509,0.0881,0.5438,5
2026-03-21T17:25:56.392925,4,0.0676,0.0676,0.0340,1.2156,0.3104,-0.0161,0.3100,13
2026-03-21T17:25:56.392925,5,0.0688,0.0485,0.0688,1.0079,0.5943,-0.2648,0.5320,8
2026-03-21T17:25:56.466876,0,1.1898,1.1898,0.0318,1.4899,0.8798,0.1390,-0.8687,69
2026-03-21T17:25:56.466876,1,1.4546,0.0634,1.4546,1.3457,0.7507,0.7507,-0.0027,89
2026-03-21T17:25:56.466876,2,0.1427,0.1427,0.1022,0.3151,0.3555,0.1615,0.3167,25
2026-03-21T17:25:56.466876,3,0.0764,0.0764,0.0584,0.0712,0.5596,0.0874,0.5527,6
2026-03-21T17:25:56.466876,4,0.0693,0.0693,0.0382,0.3126,0.3104,-0.0162,0.3100,13
2026-03-21T17:25:56.466876,5,0.0680,0.0492,0.0680,0.0970,0.5956,-0.2654,0.5333,8
2026-03-21T17:25:56.533724,0,1.1885,1.1885,0.0317,1.4912,0.8797,0.1390,-0.8686,69
2026-03-21T17:25:56.533724,1,1.4048,0.0589,1.4048,1.2951,0.7507,0.7505,0.0138,87
2026-03-21T17:25:56.533724,2,0.1505,0.1505,0.0917,0.3171,0.3544,0.1609,0.3157,25
2026-03-21T17:25:56.533724,3,0.0754,0.0754,0.0704,0.0752,0.5594,0.0872,0.5526,6
2026-03-21T17:25:56.533724,4,0.0733,0.0733,0.0550,0.3113,0.3115,-0.0164,0.3111,13
2026-03-21T17:25:56.533724,5,0.0677,0.0485,0.0677,0.1030,0.5915,-0.2635,0.5296,8
2026-03-21T17:25:56.601835,0,1.0942,1.0942,0.0234,1.4893,0.8756,0.1022,-0.8696,65
2026-03-21T17:25:56.601835,1,0.0664,0.0664,0.0432,1.4776,1.1333,0.7436,-0.8552,5
2026-03-21T17:25:56.601835,2,1.3570,0.0546,1.3570,1.2978,0.7506,0.7506,0.0058,86
2026-03-21T17:25:56.601835,3,0.1446,0.1446,0.1032,0.3161,0.3552,0.1614,0.3164,25
2026-03-21T17:25:56.601835,4,0.0765,0.0765,0.0309,0.0801,0.5465,0.0873,0.5395,5
2026-03-21T17:25:56.601835,5,0.0740,0.0740,0.0653,0.3166,0.3125,-0.0166,0.3120,13
2026-03-21T17:25:56.601835,6,0.0760,0.0467,0.0760,0.1022,0.5956,-0.2653,0.5333,8
2026-03-21T17:25:56.672703,0,1.1236,1.1236,0.0268,1.4903,0.8755,0.1109,-0.8685,66
2026-03-21T17:25:56.672703,1,1.3748,0.0514,1.3748,1.2679,0.7514,0.7511,0.0221,86
2026-03-21T17:25:56.672703,2,0.1552,0.1552,0.1067,0.3215,0.3564,0.1619,0.3175,25
2026-03-21T17:25:56.672703,3,0.1079,0.0930,0.1079,0.1088,0.5522,0.0813,0.5462,7
2026-03-21T17:25:56.672703,4,0.0732,0.0732,0.0590,0.3153,0.3108,-0.0163,0.3103,13
2026-03-21T17:25:56.672703,5,0.0610,0.0529,0.0610,0.0926,0.5943,-0.2649,0.5320,8
2026-03-21T17:25:56.740678,0,1.1890,1.1890,0.0576,1.4883,0.8803,0.1479,-0.8678,70
2026-03-21T17:25:56.740678,1,1.3795,0.0553,1.3795,1.2712,0.7512,0.7509,0.0223,86
2026-03-21T17:25:56.740678,2,0.1502,0.1502,0.0973,0.3169,0.3556,0.1616,0.3168,25
2026-03-21T17:25:56.740678,3,0.0990,0.0940,0.0990,0.1118,0.5499,0.0811,0.5439,7
2026-03-21T17:25:56.740678,4,0.0740,0.0740,0.0593,0.3107,0.3109,-0.0165,0.3105,13
2026-03-21T17:25:56.740678,5,0.0673,0.0502,0.0673,0.0963,0.5933,-0.2644,0.5311,8
2026-03-21T17:25:56.811183,0,1.1233,1.1233,0.0218,1.4883,0.8763,0.1112,-0.8692,66
2026-03-21T17:25:56.811183,1,1.4303,0.0605,1.4303,1.3192,0.7510,0.7510,0.0056,88
2026-03-21T17:25:56.811183,2,0.1549,0.1549,0.1049,0.3188,0.3551,0.1613,0.3163,25
2026-03-21T17:25:56.811183,3,0.0772,0.0772,0.0683,0.0771,0.5603,0.0874,0.5534,6
2026-03-21T17:25:56.811183,4,0.0726,0.0726,0.0518,0.3121,0.3110,-0.0163,0.3106,13
2026-03-21T17:25:56.811183,5,0.0733,0.0463,0.0733,0.1013,0.5979,-0.2664,0.5353,8
2026-03-21T17:25:56.880986,0,1.1941,1.1941,0.0271,1.4889,0.8797,0.1390,-0.8686,69
2026-03-21T17:25:56.880986,1,1.3297,0.0593,1.3297,1.2705,0.7508,0.7507,0.0138,85
2026-03-21T17:25:56.880986,2,0.1552,0.1552,0.1028,0.3147,0.3566,0.1622,0.3175,25
2026-03-21T17:25:56.880986,3,0.0921,0.0921,0.0518,0.1038,0.5446,0.0810,0.5385,6
2026-03-21T17:25:56.880986,4,0.0595,0.0595,0.0415,0.3108,0.3079,-0.0130,0.3077,12
2026-03-21T17:25:56.880986,5,0.0610,0.0527,0.0610,0.0945,0.5956,-0.2655,0.5332,8
2026-03-21T17:25:56.951137,0,1.1908,1.1908,0.0576,1.4883,0.8805,0.1480,-0.8680,70
2026-03-21T17:25:56.951137,1,0.0964,0.0046,0.0964,1.3709,1.0483,0.7663,-0.7153,5
2026-03-21T17:25:56.951137,2,1.3318,0.0563,1.3318,1.2221,0.7512,0.7502,0.0382,84
2026-03-21T17:25:56.951137,3,0.1572,0.1572,0.0933,0.3178,0.3550,0.1612,0.3163,25
2026-03-21T17:25:56.951137,4,0.1030,0.0489,0.1030,0.1068,0.5498,0.0720,0.5450,6
2026-03-21T17:25:56.951137,5,0.0600,0.0600,0.0330,0.3083,0.3078,-0.0131,0.3075,12
2026-03-21T17:25:56.951137,6,0.0744,0.0505,0.0744,0.0978,0.5954,-0.2653,0.5330,8
2026-03-21T17:25:57.019725,0,1.1264,1.1264,0.0239,1.4893,0.8756,0.1111,-0.8685,66
2026-03-21T17:25:57.019725,1,1.3798,0.0612,1.3798,1.3220,0.7515,0.7515,-0.0025,87
2026-03-21T17:25:57.019725,2,0.1500,0.1500,0.1062,0.3132,0.3565,0.1619,0.3177,25
2026-03-21T17:25:57.019725,3,0.1010,0.0935,0.1010,0.1118,0.5498,0.0810,0.5438,7
2026-03-21T17:25:57.019725,4,0.0603,0.0603,0.0407,0.3111,0.3077,-0.0131,0.3074,12
2026-03-21T17:25:57.019725,5,0.0680,0.0491,0.0680,0.0978,0.5978,-0.2663,0.5352,8
2026-03-21T17:25:57.089230,0,1.1250,1.1250,0.0194,1.4874,0.8760,0.1110,-0.8689,66
2026-03-21T17:25:57.089230,1,0.0452,0.0452,0.0118,1.4773,1.1456,0.7517,-0.8645,3
2026-03-21T17:25:57.089230,2,1.3592,0.0565,1.3592,1.2475,0.7509,0.7503,0.0303,85
2026-03-21T17:25:57.089230,3,0.1517,0.1517,0.0945,0.3151,0.3536,0.1607,0.3150,25
2026-03-21T17:25:57.089230,4,0.0742,0.0742,0.0311,0.0811,0.5491,0.0875,0.5421,5
2026-03-21T17:25:57.089230,5,0.0731,0.0731,0.0580,0.3123,0.3116,-0.0167,0.3112,13
2026-03-21T17:25:57.089230,6,0.0584,0.0543,0.0584,0.0910,0.5969,-0.2661,0.5343,8
2026-03-21T17:25:57.159628,0,1.1900,1.1900,0.0319,1.4893,0.8799,0.1390,-0.8689,69
2026-03-21T17:25:57.159628,1,1.3224,0.0599,1.3224,1.2679,0.7501,0.7500,0.0136,85
2026-03-21T17:25:57.159628,2,0.1482,0.1482,0.1023,0.3191,0.3561,0.1617,0.3172,25
2026-03-21T17:25:57.159628,3,0.1080,0.0881,0.1080,0.1138,0.5489,0.0806,0.5430,7
2026-03-21T17:25:57.159628,4,0.0734,0.0734,0.0566,0.3100,0.3135,-0.0167,0.3130,13
2026-03-21T17:25:57.159628,5,0.0688,0.0485,0.0688,0.0996,0.5960,-0.2655,0.5336,8
2026-03-21T17:25:57.229538,0,1.1003,1.1003,0.0192,1.4881,0.8742,0.1022,-0.8682,65
2026-03-21T17:25:57.229538,1,0.0659,0.0659,0.0446,1.4760,1.1331,0.7434,-0.8550,5
2026-03-21T17:25:57.229538,2,1.3823,0.0538,1.3823,1.2705,0.7504,0.7501,0.0223,86
2026-03-21T17:25:57.229538,3,0.1496,0.1496,0.1059,0.3187,0.3546,0.1611,0.3159,25
2026-03-21T17:25:57.229538,4,0.0931,0.0931,0.0587,0.1128,0.5396,0.0803,0.5336,6
2026-03-21T17:25:57.229538,5,0.0723,0.0723,0.0508,0.3091,0.3114,-0.0165,0.3110,13
2026-03-21T17:25:57.229538,6,0.0728,0.0475,0.0728,0.0952,0.6000,-0.2673,0.5372,8
2026-03-21T17:25:57.299168,0,1.1954,1.1954,0.0549,1.4893,0.8807,0.1479,-0.8682,70
2026-03-21T17:25:57.299168,1,1.4049,0.0612,1.4049,1.3470,0.7510,0.7509,-0.0111,88
2026-03-21T17:25:57.299168,2,0.1891,0.1891,0.1056,0.3204,0.3594,0.1668,0.3184,26
2026-03-21T17:25:57.299168,3,0.0899,0.0899,0.0597,0.1068,0.5399,0.0802,0.5339,6
2026-03-21T17:25:57.299168,4,0.0733,0.0733,0.0528,0.3101,0.3136,-0.0163,0.3132,13
2026-03-21T17:25:57.299168,5,0.0645,0.0508,0.0645,0.0971,0.5959,-0.2655,0.5335,8
2026-03-21T17:25:57.368136,0,1.1274,1.1274,0.0198,1.4883,0.8765,0.1113,-0.8694,66
2026-03-21T17:25:57.368136,1,1.4327,0.0553,1.4327,1.3702,0.7511,0.7509,-0.0191,89
2026-03-21T17:25:57.368136,2,0.1418,0.1418,0.1080,0.3199,0.3550,0.1611,0.3163,25
2026-03-21T17:25:57.368136,3,0.0950,0.0482,0.0950,0.1048,0.5478,0.0716,0.5431,6
2026-03-21T17:25:57.368136,4,0.0695,0.0695,0.0459,0.3163,0.3117,-0.0162,0.3113,13
2026-03-21T17:25:57.368136,5,0.0732,0.0548,0.0732,0.0985,0.5959,-0.2655,0.5335,8
2026-03-21T17:25:57.438650,0,1.1916,1.1916,0.0297,1.4893,0.8792,0.1390,-0.8681,69
2026-03-21T17:25:57.438650,1,1.3245,0.0546,1.3245,1.2673,0.7502,0.7501,0.0138,85
2026-03-21T17:25:57.438650,2,0.1528,0.1528,0.1093,0.3173,0.3564,0.1618,0.3175,25
2026-03-21T17:25:57.438650,3,0.0911,0.0884,0.0911,0.1029,0.5495,0.0806,0.5436,7
2026-03-21T17:25:57.438650,4,0.0689,0.0689,0.0492,0.3146,0.3125,-0.0162,0.3121,13
2026-03-21T17:25:57.438650,5,0.0655,0.0510,0.0655,0.0963,0.5954,-0.2653,0.5330,8
2026-03-21T17:25:57.507565,0,1.1883,1.1883,0.0614,1.4899,0.8799,0.1480,-0.8674,70
2026-03-21T17:25:57.507565,1,1.3284,0.0550,1.3284,1.2705,0.7504,0.7503,0.0141,85
2026-03-21T17:25:57.507565,2,0.1436,0.1436,0.1045,0.3183,0.3546,0.1609,0.3160,25
2026-03-21T17:25:57.507565,3,0.0782,0.0782,0.0633,0.0771,0.5601,0.0875,0.5532,6
2026-03-21T17:25:57.507565,4,0.0678,0.0678,0.0327,0.3081,0.3106,-0.0163,0.3101,13
2026-03-21T17:25:57.507565,5,0.0699,0.0522,0.0699,0.0970,0.5953,-0.2653,0.5329,8
2026-03-21T17:25:57.578026,0,1.1902,1.1902,0.0630,1.4923,0.8806,0.1480,-0.8680,70
2026-03-21T17:25:57.578026,1,1.3297,0.0573,1.3297,1.2719,0.7508,0.7507,0.0139,85
2026-03-21T17:25:57.578026,2,0.1512,0.1512,0.1136,0.3178,0.3551,0.1612,0.3164,25
2026-03-21T17:25:57.578026,3,0.0886,0.0886,0.0537,0.1058,0.5381,0.0798,0.5321,6
2026-03-21T17:25:57.578026,4,0.0696,0.0696,0.0369,0.3103,0.3125,-0.0163,0.3120,13
2026-03-21T17:25:57.578026,5,0.0733,0.0463,0.0733,0.1013,0.5946,-0.2649,0.5324,8
2026-03-21T17:25:57.646866,0,1.1932,1.1932,0.0574,1.4874,0.8799,0.1479,-0.8674,70
2026-03-21T17:25:57.646866,1,1.3271,0.0580,1.3271,1.2705,0.7501,0.7500,0.0136,85
2026-03-21T17:25:57.646866,2,0.1478,0.1478,0.0990,0.3167,0.3543,0.1609,0.3157,25
2026-03-21T17:25:57.646866,3,0.0755,0.0755,0.0335,0.0825,0.5491,0.0876,0.5421,5
2026-03-21T17:25:57.646866,4,0.0693,0.0693,0.0367,0.3131,0.3107,-0.0162,0.3103,13
2026-03-21T17:25:57.646866,5,0.0665,0.0517,0.0665,0.0954,0.5975,-0.2662,0.5349,8
2026-03-21T17:25:57.717362,0,1.1283,1.1283,0.0224,1.4873,0.8756,0.1112,-0.8685,66
2026-03-21T17:25:57.717362,1,0.0457,0.0457,0.0141,1.4773,1.1432,0.7501,-0.8627,3
2026-03-21T17:25:57.717362,2,1.4525,0.0585,1.4525,1.3450,0.7507,0.7507,-0.0029,89
2026-03-21T17:25:57.717362,3,0.1498,0.1498,0.1093,0.3203,0.3534,0.1605,0.3149,25
2026-03-21T17:25:57.717362,4,0.0763,0.0763,0.0206,0.0765,0.5475,0.0875,0.5405,5
2026-03-21T17:25:57.717362,5,0.0688,0.0688,0.0407,0.3140,0.3096,-0.0160,0.3091,13
2026-03-21T17:25:57.717362,6,0.0533,0.0533,0.0316,0.0978,0.5888,-0.2673,0.5246,7
2026-03-21T17:25:57.787238,0,1.0993,1.0993,0.0241,1.4874,0.8743,0.1018,-0.8683,65
2026-03-21T17:25:57.787238,1,0.0958,0.0095,0.0958,1.3963,1.0669,0.7671,-0.7415,5
2026-03-21T17:25:57.787238,2,1.3100,0.0573,1.3100,1.2488,0.7506,0.7502,0.0222,84
2026-03-21T17:25:57.787238,3,0.1514,0.1514,0.1061,0.3161,0.3549,0.1612,0.3162,25
2026-03-21T17:25:57.787238,4,0.0912,0.0912,0.0597,0.1078,0.5406,0.0804,0.5346,6
2026-03-21T17:25:57.787238,5,0.0694,0.0694,0.0433,0.3126,0.3122,-0.0163,0.3117,13
2026-03-21T17:25:57.787238,6,0.0609,0.0525,0.0609,0.0963,0.5950,-0.2652,0.5327,8
2026-03-21T17:25:57.855964,0,1.0986,1.0986,0.0250,1.4899,0.8741,0.1019,-0.8682,65
2026-03-21T17:25:57.855964,1,0.0670,0.0670,0.0430,1.4766,1.1319,0.7426,-0.8542,5
2026-03-21T17:25:57.855964,2,1.4337,0.0590,1.4337,1.3227,0.7515,0.7515,0.0057,88
2026-03-21T17:25:57.855964,3,0.1548,0.1548,0.1049,0.3158,0.3551,0.1615,0.3163,25
2026-03-21T17:25:57.855964,4,0.0773,0.0773,0.0270,0.0791,0.5515,0.0882,0.5444,5
2026-03-21T17:25:57.855964,5,0.0695,0.0695,0.0330,0.3101,0.3106,-0.0163,0.3102,13
2026-03-21T17:25:57.855964,6,0.0663,0.0502,0.0663,0.0952,0.5966,-0.2658,0.5341,8
2026-03-21T17:25:57.926383,0,1.1921,1.1921,0.0562,1.4883,0.8809,0.1482,-0.8683,70
2026-03-21T17:25:57.926383,1,1.3291,0.0192,1.3291,1.2692,0.7506,0.7506,0.0065,84
2026-03-21T17:25:57.926383,2,0.1490,0.1490,0.1081,0.3161,0.3567,0.1619,0.3178,25
2026-03-21T17:25:57.926383,3,0.0776,0.0776,0.0231,0.0712,0.5539,0.0886,0.5468,5
2026-03-21T17:25:57.926383,4,0.0710,0.0710,0.0402,0.3103,0.3138,-0.0166,0.3134,13
2026-03-21T17:25:57.926383,5,0.0599,0.0531,0.0599,0.0980,0.5940,-0.2647,0.5318,8
2026-03-21T17:25:57.996070,0,1.0970,1.0970,0.0231,1.4899,0.8748,0.1021,-0.8688,65
2026-03-21T17:25:57.996070,1,1.3570,0.0580,1.3570,1.2945,0.7506,0.7506,0.0060,86
2026-03-21T17:25:57.996070,2,0.1476,0.1476,0.1019,0.3167,0.3559,0.1616,0.3171,25
2026-03-21T17:25:57.996070,3,0.0797,0.0797,0.0221,0.0742,0.5547,0.0888,0.5476,5
2026-03-21T17:25:57.996070,4,0.0704,0.0704,0.0395,0.3126,0.3124,-0.0165,0.3120,13
2026-03-21T17:25:57.996070,5,0.0606,0.0521,0.0606,0.0987,0.5964,-0.2658,0.5339,8
2026-03-21T17:25:58.065231,0,1.1927,1.1927,0.0593,1.4893,0.8811,0.1482,-0.8686,70
2026-03-21T17:25:58.065231,1,1.4068,0.0546,1.4068,1.2958,0.7508,0.7506,0.0141,87
2026-03-21T17:25:58.065231,2,0.1499,0.1499,0.1061,0.3151,0.3567,0.1620,0.3178,25
2026-03-21T17:25:58.065231,3,0.0789,0.0789,0.0314,0.0785,0.5539,0.0887,0.5468,5
2026-03-21T17:25:58.065231,4,0.0708,0.0708,0.0389,0.3103,0.3128,-0.0165,0.3123,13
2026-03-21T17:25:58.065231,5,0.0654,0.0507,0.0654,0.0944,0.5968,-0.2659,0.5342,8
2026-03-21T17:25:58.135274,0,1.1936,1.1936,0.0286,1.4889,0.8797,0.1389,-0.8687,69
2026-03-21T17:25:58.135274,1,1.4082,0.0521,1.4082,1.3457,0.7517,0.7516,-0.0109,88
2026-03-21T17:25:58.135274,2,0.1849,0.1849,0.1067,0.3157,0.3594,0.1667,0.3184,26
2026-03-21T17:25:58.135274,3,0.0788,0.0788,0.0294,0.0825,0.5497,0.0880,0.5426,5
2026-03-21T17:25:58.135274,4,0.0722,0.0722,0.0491,0.3093,0.3093,-0.0163,0.3089,13
2026-03-21T17:25:58.135274,5,0.0634,0.0526,0.0634,0.0970,0.5955,-0.2654,0.5331,8
2026-03-21T17:25:58.205078,0,1.1255,1.1255,0.0248,1.4909,0.8764,0.1111,-0.8693,66
2026-03-21T17:25:58.205078,1,1.4048,0.0622,1.4048,1.3450,0.7509,0.7508,-0.0108,88
2026-03-21T17:25:58.205078,2,0.1831,0.1831,0.1020,0.3138,0.3589,0.1666,0.3179,26
2026-03-21T17:25:58.205078,3,0.1069,0.0924,0.1069,0.1078,0.5536,0.0816,0.5476,7
2026-03-21T17:25:58.205078,4,0.0688,0.0688,0.0389,0.3161,0.3114,-0.0164,0.3110,13
2026-03-21T17:25:58.205078,5,0.0572,0.0550,0.0572,0.0963,0.5929,-0.2643,0.5307,8
2026-03-21T17:25:58.274182,0,1.0497,1.0497,0.0223,1.4899,0.8740,0.0844,-0.8699,63
2026-03-21T17:25:58.274182,1,0.1112,0.1112,0.0477,1.4776,1.1205,0.7206,-0.8580,7
2026-03-21T17:25:58.274182,2,1.4303,0.0597,1.4303,1.3199,0.7509,0.7509,0.0056,88
2026-03-21T17:25:58.274182,3,0.1497,0.1497,0.0971,0.3148,0.3563,0.1619,0.3173,25
2026-03-21T17:25:58.274182,4,0.1000,0.0928,0.1000,0.1058,0.5532,0.0815,0.5472,7
2026-03-21T17:25:58.274182,5,0.0689,0.0689,0.0386,0.3100,0.3104,-0.0161,0.3100,13
2026-03-21T17:25:58.274182,6,0.0572,0.0544,0.0572,0.0935,0.5970,-0.2661,0.5344,8
2026-03-21T17:25:58.344350,0,1.1896,1.1896,0.0319,1.4893,0.8802,0.1391,-0.8691,69
2026-03-21T17:25:58.344350,1,1.4532,0.0570,1.4532,1.3422,0.7512,0.7512,-0.0025,89
2026-03-21T17:25:58.344350,2,0.1502,0.1502,0.0981,0.3177,0.3550,0.1613,0.3163,25
2026-03-21T17:25:58.344350,3,0.1090,0.0932,0.1090,0.1138,0.5502,0.0811,0.5442,7
2026-03-21T17:25:58.344350,4,0.0689,0.0689,0.0389,0.3143,0.3092,-0.0161,0.3088,13
2026-03-21T17:25:58.344350,5,0.0627,0.0520,0.0627,0.0935,0.5959,-0.2656,0.5334,8
2026-03-21T17:25:58.413633,0,1.1034,1.1034,0.0224,1.4893,0.8750,0.1021,-0.8691,65
2026-03-21T17:25:58.413633,1,0.0653,0.0653,0.0447,1.4783,1.1355,0.7450,-0.8569,5
2026-03-21T17:25:58.413633,2,1.3304,0.0543,1.3304,1.2712,0.7507,0.7506,0.0141,85
2026-03-21T17:25:58.413633,3,0.1566,0.1566,0.0868,0.3161,0.3556,0.1616,0.3168,25
2026-03-21T17:25:58.413633,4,0.0776,0.0771,0.0776,0.0785,0.5594,0.0873,0.5526,6
2026-03-21T17:25:58.413633,5,0.0692,0.0692,0.0397,0.3121,0.3079,-0.0160,0.3075,13
2026-03-21T17:25:58.413633,6,0.0652,0.0502,0.0652,0.0987,0.5949,-0.2651,0.5326,8
2026-03-21T17:25:58.483010,0,1.1956,1.1956,0.0541,1.4870,0.8806,0.1479,-0.8681,70
2026-03-21T17:25:58.483010,1,1.3558,0.0592,1.3558,1.2469,0.7510,0.7504,0.0302,85
2026-03-21T17:25:58.483010,2,0.1524,0.1524,0.1028,0.3167,0.3561,0.1619,0.3172,25
2026-03-21T17:25:58.483010,3,0.0905,0.0905,0.0557,0.1048,0.5416,0.0805,0.5356,6
2026-03-21T17:25:58.483010,4,0.0685,0.0685,0.0412,0.3126,0.3071,-0.0160,0.3067,13
2026-03-21T17:25:58.483010,5,0.0609,0.0546,0.0609,0.0954,0.5973,-0.2662,0.5347,8
2026-03-21T17:25:58.554041,0,1.1941,1.1941,0.0281,1.4899,0.8801,0.1390,-0.8690,69
2026-03-21T17:25:58.554041,1,1.3291,0.0583,1.3291,1.2699,0.7502,0.7501,0.0138,85
2026-03-21T17:25:58.554041,2,0.1503,0.1503,0.0949,0.3126,0.3564,0.1620,0.3174,25
2026-03-21T17:25:58.554041,3,0.1070,0.0930,0.1070,0.1108,0.5508,0.0811,0.5448,7
2026-03-21T17:25:58.554041,4,0.0677,0.0677,0.0347,0.3140,0.3059,-0.0160,0.3054,13
2026-03-21T17:25:58.554041,5,0.0633,0.0510,0.0633,0.0987,0.5961,-0.2656,0.5337,8
2026-03-21T17:25:58.622229,0,1.1277,1.1277,0.0211,1.4873,0.8758,0.1111,-0.8687,66
2026-03-21T17:25:58.622229,1,0.0458,0.0458,0.0095,1.4736,1.1422,0.7495,-0.8620,3
2026-03-21T17:25:58.622229,2,1.3760,0.0541,1.3760,1.2705,0.7512,0.7508,0.0221,86
2026-03-21T17:25:58.622229,3,0.1536,0.1536,0.0997,0.3155,0.3552,0.1614,0.3164,25
2026-03-21T17:25:58.622229,4,0.0847,0.0847,0.0509,0.1048,0.5359,0.0792,0.5301,6
2026-03-21T17:25:58.622229,5,0.0686,0.0686,0.0377,0.3131,0.3079,-0.0160,0.3074,13
2026-03-21T17:25:58.622229,6,0.0660,0.0497,0.0660,0.0996,0.5931,-0.2643,0.5310,8
2026-03-21T17:25:58.692237,0,1.1009,1.1009,0.0179,1.4883,0.8750,0.1023,-0.8690,65
2026-03-21T17:25:58.692237,1,1.3570,0.0634,1.3570,1.2985,0.7504,0.7504,0.0053,86
2026-03-21T17:25:58.692237,2,0.1559,0.1559,0.0962,0.3159,0.3546,0.1612,0.3158,25
2026-03-21T17:25:58.692237,3,0.0941,0.0890,0.0941,0.1068,0.5485,0.0806,0.5426,7
2026-03-21T17:25:58.692237,4,0.0832,0.0832,0.0770,0.3126,0.3127,-0.0195,0.3121,14
2026-03-21T17:25:58.692237,5,0.0659,0.0495,0.0659,0.1013,0.5935,-0.2645,0.5313,8
2026-03-21T17:25:58.762973,0,1.1280,1.1280,0.0197,1.4899,0.8762,0.1115,-0.8691,66
2026-03-21T17:25:58.762973,1,0.0497,0.0497,0.0073,1.4736,1.1422,0.7495,-0.8619,3
2026-03-21T17:25:58.762973,2,1.3791,0.0573,1.3791,1.3192,0.7511,0.7511,-0.0021,87
2026-03-21T17:25:58.762973,3,0.1541,0.1541,0.0971,0.3148,0.3550,0.1613,0.3162,25
2026-03-21T17:25:58.762973,4,0.0675,0.0675,0.0366,0.3169,0.3060,-0.0160,0.3056,13
2026-03-21T17:25:58.762973,5,0.0650,0.0499,0.0650,0.1013,0.5925,-0.2640,0.5304,8
2026-03-21T17:25:58.831835,0,1.1266,1.1266,0.0228,1.4899,0.8761,0.1112,-0.8690,66
2026-03-21T17:25:58.831835,1,1.4055,0.0600,1.4055,1.3457,0.7509,0.7508,-0.0110,88
2026-03-21T17:25:58.831835,2,0.1497,0.1497,0.1161,0.3251,0.3556,0.1615,0.3169,25
2026-03-21T17:25:58.831835,3,0.0762,0.0762,0.0673,0.0771,0.5569,0.0869,0.5501,6
2026-03-21T17:25:58.831835,4,0.0826,0.0826,0.0773,0.3150,0.3118,-0.0197,0.3112,14
2026-03-21T17:25:58.831835,5,0.0680,0.0505,0.0680,0.0978,0.5951,-0.2652,0.5328,8
2026-03-21T17:25:58.902454,0,1.1872,1.1872,0.0299,1.4865,0.8789,0.1386,-0.8679,69
2026-03-21T17:25:58.902454,1,1.4266,0.0534,1.4266,1.3681,0.7517,0.7515,-0.0189,89
2026-03-21T17:25:58.902454,2,0.1474,0.1474,0.1114,0.3204,0.3540,0.1609,0.3154,25
2026-03-21T17:25:58.902454,3,0.0786,0.0786,0.0290,0.0771,0.5515,0.0883,0.5444,5
2026-03-21T17:25:58.902454,4,0.0686,0.0686,0.0397,0.3141,0.3060,-0.0159,0.3056,13
2026-03-21T17:25:58.902454,5,0.0662,0.0528,0.0662,0.0998,0.5928,-0.2642,0.5307,8
2026-03-21T17:25:58.971160,0,1.1273,1.1273,0.0234,1.4890,0.8758,0.1111,-0.8687,66
2026-03-21T17:25:58.971160,1,1.4504,0.0592,1.4504,1.3443,0.7517,0.7517,-0.0028,89
2026-03-21T17:25:58.971160,2,0.1478,0.1478,0.1032,0.3161,0.3567,0.1619,0.3178,25
2026-03-21T17:25:58.971160,3,0.0776,0.0776,0.0727,0.0736,0.5628,0.0878,0.5559,6
2026-03-21T17:25:58.971160,4,0.0600,0.0600,0.0316,0.3100,0.3065,-0.0131,0.3062,12
2026-03-21T17:25:58.971160,5,0.0660,0.0499,0.0660,0.0996,0.5949,-0.2651,0.5326,8
2026-03-21T17:25:59.041326,0,1.0724,1.0724,0.0248,1.4909,0.8742,0.0932,-0.8692,64
2026-03-21T17:25:59.041326,1,0.0888,0.0888,0.0185,1.4758,1.1261,0.7242,-0.8623,5
2026-03-21T17:25:59.041326,2,1.3577,0.0583,1.3577,1.2991,0.7513,0.7513,0.0057,86
2026-03-21T17:25:59.041326,3,0.1516,0.1516,0.0974,0.3151,0.3552,0.1613,0.3165,25
2026-03-21T17:25:59.041326,4,0.0764,0.0764,0.0290,0.0771,0.5521,0.0881,0.5451,5
2026-03-21T17:25:59.041326,5,0.0735,0.0735,0.0583,0.3107,0.3097,-0.0164,0.3093,13
2026-03-21T17:25:59.041326,6,0.0564,0.0564,0.0515,0.0961,0.5923,-0.2640,0.5302,8
2026-03-21T17:25:59.111385,0,1.1233,1.1233,0.0211,1.4880,0.8761,0.1112,-0.8690,66
2026-03-21T17:25:59.111385,1,1.3331,0.0544,1.3331,1.2719,0.7512,0.7511,0.0139,85
2026-03-21T17:25:59.111385,2,0.1494,0.1494,0.1120,0.3191,0.3559,0.1616,0.3171,25
2026-03-21T17:25:59.111385,3,0.0785,0.0785,0.0693,0.0702,0.5644,0.0882,0.5575,6
2026-03-21T17:25:59.111385,4,0.0602,0.0602,0.0247,0.3121,0.3059,-0.0132,0.3057,12
2026-03-21T17:25:59.111385,5,0.0613,0.0613,0.0486,0.1024,0.5882,-0.2623,0.5264,8
2026-03-21T17:25:59.180918,0,1.1929,1.1929,0.0569,1.4876,0.8802,0.1477,-0.8677,70
2026-03-21T17:25:59.180918,1,1.3794,0.0618,1.3794,1.2719,0.7510,0.7507,0.0221,86
2026-03-21T17:25:59.180918,2,0.1536,0.1536,0.0956,0.3162,0.3543,0.1610,0.3156,25
2026-03-21T17:25:59.180918,3,0.0752,0.0752,0.0324,0.0805,0.5499,0.0878,0.5429,5
2026-03-21T17:25:59.180918,4,0.0722,0.0696,0.0722,0.3140,0.3119,-0.0103,0.3118,13
2026-03-21T17:25:59.180918,5,0.1009,0.0540,0.1009,0.0987,0.5968,-0.2610,0.5367,9
2026-03-21T17:25:59.250080,0,1.1887,1.1887,0.0301,1.4889,0.8799,0.1388,-0.8689,69
2026-03-21T17:25:59.250080,1,1.4081,0.0636,1.4081,1.3443,0.7507,0.7507,-0.0109,88
2026-03-21T17:25:59.250080,2,0.1518,0.1518,0.1058,0.3196,0.3563,0.1620,0.3174,25
2026-03-21T17:25:59.250080,3,0.0782,0.0782,0.0403,0.0894,0.5497,0.0880,0.5427,5
2026-03-21T17:25:59.250080,4,0.0802,0.0698,0.0802,0.3150,0.3111,-0.0101,0.3109,13
2026-03-21T17:25:59.250080,5,0.1053,0.0542,0.1053,0.0985,0.5979,-0.2614,0.5378,9
2026-03-21T17:25:59.320373,0,1.0782,1.0782,0.0227,1.4903,0.8738,0.0933,-0.8688,64
2026-03-21T17:25:59.320373,1,0.0929,0.0929,0.0491,1.4791,1.1285,0.7332,-0.8579,6
2026-03-21T17:25:59.320373,2,1.4303,0.0556,1.4303,1.3199,0.7513,0.7513,0.0054,88
2026-03-21T17:25:59.320373,3,0.1532,0.1532,0.0966,0.3143,0.3548,0.1613,0.3160,25
2026-03-21T17:25:59.320373,4,0.0782,0.0782,0.0294,0.0805,0.5483,0.0877,0.5413,5
2026-03-21T17:25:59.320373,5,0.0838,0.0687,0.0838,0.3226,0.3091,-0.0099,0.3089,13
2026-03-21T17:25:59.320373,6,0.0566,0.0566,0.0494,0.1004,0.5888,-0.2625,0.5270,8
2026-03-21T17:25:59.389300,0,1.0735,1.0735,0.0226,1.4903,0.8747,0.0931,-0.8697,64
2026-03-21T17:25:59.389300,1,0.0909,0.0909,0.0155,1.4758,1.1279,0.7253,-0.8637,5
2026-03-21T17:25:59.389300,2,1.4061,0.0529,1.4061,1.3443,0.7506,0.7505,-0.0108,88
2026-03-21T17:25:59.389300,3,0.1539,0.1539,0.1088,0.3188,0.3553,0.1614,0.3166,25
2026-03-21T17:25:59.389300,4,0.0732,0.0732,0.0319,0.0811,0.5502,0.0876,0.5431,5
2026-03-21T17:25:59.389300,5,0.0602,0.0602,0.0257,0.3111,0.3046,-0.0132,0.3043,12
2026-03-21T17:25:59.389300,6,0.0952,0.0559,0.0952,0.0996,0.5965,-0.2608,0.5365,9
2026-03-21T17:25:59.459024,0,1.1948,1.1948,0.1092,1.4893,0.8813,0.1651,-0.8656,72
2026-03-21T17:25:59.459024,1,1.3291,0.0479,1.3291,1.2699,0.7511,0.7510,0.0141,85
2026-03-21T17:25:59.459024,2,0.1505,0.1505,0.0981,0.3120,0.3569,0.1623,0.3179,25
2026-03-21T17:25:59.459024,3,0.0754,0.0754,0.0389,0.0781,0.5537,0.0883,0.5467,5
2026-03-21T17:25:59.459024,4,0.0815,0.0815,0.0748,0.3206,0.3110,-0.0135,0.3108,14
2026-03-21T17:25:59.459024,5,0.0886,0.0521,0.0886,0.1022,0.5955,-0.2605,0.5355,9
2026-03-21T17:25:59.528562,0,1.1941,1.1941,0.0564,1.4893,0.8802,0.1478,-0.8677,70
2026-03-21T17:25:59.528562,1,1.2994,0.0497,1.2994,1.2417,0.7508,0.7504,0.0221,84
2026-03-21T17:25:59.528562,2,0.1437,0.1437,0.1086,0.3157,0.3553,0.1613,0.3166,25
2026-03-21T17:25:59.528562,3,0.0805,0.0805,0.0290,0.0771,0.5539,0.0888,0.5468,5
2026-03-21T17:25:59.528562,4,0.0801,0.0801,0.0589,0.3116,0.3124,-0.0135,0.3121,14
2026-03-21T17:25:59.528562,5,0.0789,0.0573,0.0789,0.0952,0.5961,-0.2608,0.5360,9
2026-03-21T17:25:59.598187,0,1.1901,1.1901,0.0304,1.4892,0.8799,0.1391,-0.8688,69
2026-03-21T17:25:59.598187,1,1.4014,0.0567,1.4014,1.2931,0.7506,0.7505,0.0139,87
2026-03-21T17:25:59.598187,2,0.1549,0.1549,0.1106,0.3196,0.3553,0.1614,0.3166,25
2026-03-21T17:25:59.598187,3,0.0775,0.0775,0.0310,0.0761,0.5515,0.0882,0.5445,5
2026-03-21T17:25:59.598187,4,0.0704,0.0704,0.0485,0.3186,0.3095,-0.0164,0.3091,13
2026-03-21T17:25:59.598187,5,0.0734,0.0620,0.0734,0.0963,0.5977,-0.2616,0.5374,9
2026-03-21T17:25:59.668686,0,1.1051,1.1051,0.0254,1.4922,0.8757,0.1022,-0.8697,65
2026-03-21T17:25:59.668686,1,0.0660,0.0660,0.0484,1.4791,1.1357,0.7451,-0.8570,5
2026-03-21T17:25:59.668686,2,1.3590,0.0538,1.3590,1.2965,0.7509,0.7508,0.0059,86
2026-03-21T17:25:59.668686,3,0.1489,0.1489,0.1018,0.3117,0.3578,0.1625,0.3188,25
2026-03-21T17:25:59.668686,4,0.0788,0.0788,0.0300,0.0732,0.5583,0.0893,0.5511,5
2026-03-21T17:25:59.668686,5,0.0770,0.0770,0.0589,0.3107,0.3095,-0.0132,0.3092,14
2026-03-21T17:25:59.668686,6,0.0746,0.0604,0.0746,0.0919,0.5996,-0.2624,0.5391,9
2026-03-21T17:25:59.737588,0,1.1245,1.1245,0.0246,1.4899,0.8754,0.1110,-0.8683,66
2026-03-21T17:25:59.737588,1,1.3818,0.0573,1.3818,1.3213,0.7517,0.7517,-0.0022,87
2026-03-21T17:25:59.737588,2,0.1484,0.1484,0.0981,0.3177,0.3541,0.1609,0.3154,25
2026-03-21T17:25:59.737588,3,0.0802,0.0802,0.0240,0.0751,0.5559,0.0891,0.5488,5
2026-03-21T17:25:59.737588,4,0.0781,0.0781,0.0775,0.3173,0.3116,-0.0131,0.3113,14
2026-03-21T17:25:59.737588,5,0.0735,0.0640,0.0735,0.0945,0.5959,-0.2609,0.5358,9
2026-03-21T17:25:59.806862,0,1.1225,1.1225,0.0215,1.4883,0.8759,0.1112,-0.8689,66
2026-03-21T17:25:59.806862,1,0.0411,0.0411,0.0155,1.4743,1.1402,0.7481,-0.8605,3
2026-03-21T17:25:59.806862,2,1.4254,0.0559,1.4254,1.3206,0.7506,0.7506,0.0056,88
2026-03-21T17:25:59.806862,3,0.1479,0.1479,0.1070,0.3179,0.3560,0.1618,0.3171,25
2026-03-21T17:25:59.806862,4,0.0767,0.0767,0.0280,0.0771,0.5509,0.0880,0.5439,5
2026-03-21T17:25:59.806862,5,0.0782,0.0774,0.0782,0.3170,0.3094,-0.0129,0.3091,14
2026-03-21T17:25:59.806862,6,0.0814,0.0576,0.0814,0.0932,0.5986,-0.2619,0.5383,9
2026-03-21T17:25:59.877403,0,1.0974,1.0974,0.0206,1.4893,0.8755,0.1023,-0.8695,65
2026-03-21T17:25:59.877403,1,1.3278,0.0583,1.3278,1.2679,0.7512,0.7511,0.0139,85
2026-03-21T17:25:59.877403,2,0.1902,0.1902,0.0946,0.3162,0.3593,0.1668,0.3183,26
2026-03-21T17:25:59.877403,3,0.0757,0.0757,0.0707,0.0775,0.5583,0.0870,0.5514,6
2026-03-21T17:25:59.877403,4,0.0699,0.0699,0.0415,0.3136,0.3079,-0.0161,0.3074,13
2026-03-21T17:25:59.877403,5,0.0758,0.0575,0.0758,0.0996,0.5978,-0.2616,0.5376,9
2026-03-21T17:25:59.946783,0,1.1216,1.1216,0.0235,1.4912,0.8759,0.1113,-0.8688,66
2026-03-21T17:25:59.946783,1,1.3550,0.0546,1.3550,1.2971,0.7509,0.7508,0.0057,86
2026-03-21T17:25:59.946783,2,0.1548,0.1548,0.1053,0.3152,0.3564,0.1620,0.3174,25
2026-03-21T17:25:59.946783,3,0.0857,0.0857,0.0549,0.1058,0.5391,0.0798,0.5332,6
2026-03-21T17:25:59.946783,4,0.0678,0.0678,0.0399,0.3183,0.3067,-0.0160,0.3063,13
2026-03-21T17:25:59.946783,5,0.0834,0.0567,0.0834,0.0970,0.6002,-0.2626,0.5397,9
2026-03-21T17:26:00.016995,0,1.1245,1.1245,0.0245,1.4919,0.8759,0.1113,-0.8688,66
2026-03-21T17:26:00.016995,1,0.0444,0.0444,0.0094,1.4705,1.1379,0.7466,-0.8587,3
2026-03-21T17:26:00.016995,2,1.3160,0.0603,1.3160,1.2501,0.7516,0.7513,0.0217,84
2026-03-21T17:26:00.016995,3,0.1553,0.1553,0.1036,0.3213,0.3553,0.1616,0.3165,25
2026-03-21T17:26:00.016995,4,0.0711,0.0711,0.0357,0.0908,0.5444,0.0866,0.5374,5
2026-03-21T17:26:00.016995,5,0.0689,0.0689,0.0396,0.3186,0.3062,-0.0161,0.3057,13
2026-03-21T17:26:00.016995,6,0.0926,0.0539,0.0926,0.0970,0.6015,-0.2630,0.5409,9
2026-03-21T17:26:00.086428,0,1.1927,1.1927,0.0280,1.4883,0.8800,0.1389,-0.8689,69
2026-03-21T17:26:00.086428,1,1.4050,0.0568,1.4050,1.3484,0.7516,0.7515,-0.0110,88
2026-03-21T17:26:00.086428,2,0.1484,0.1484,0.1042,0.3219,0.3545,0.1609,0.3159,25
2026-03-21T17:26:00.086428,3,0.0778,0.0778,0.0255,0.0726,0.5525,0.0884,0.5454,5
2026-03-21T17:26:00.086428,4,0.0684,0.0684,0.0353,0.3136,0.3065,-0.0160,0.3061,13
2026-03-21T17:26:00.086428,5,0.0841,0.0585,0.0841,0.0884,0.6030,-0.2638,0.5423,9
