timestamp,object_id,length_m,width_m,depth_m,height_above_baseline_m,distance_m,centroid_x,centroid_y,point_count
2026-03-21T17:10:47.649763,0,1.1246,1.1246,0.0235,0.8823,0.8766,0.1110,-0.8695,66
2026-03-21T17:10:47.649763,1,1.3563,0.0204,1.3563,0.6593,0.7513,0.7511,0.0143,85
2026-03-21T17:10:47.649763,2,0.0440,0.0440,0.0406,0.0000,0.6198,-0.0003,0.6198,5
2026-03-21T17:10:47.719853,0,1.1265,1.1265,0.0215,0.8830,0.8770,0.1114,-0.8699,66
2026-03-21T17:10:47.719853,1,0.0687,0.0435,0.0687,0.8679,1.1317,0.7571,-0.8411,5
2026-03-21T17:10:47.719853,2,1.3318,0.0222,1.3318,0.6620,0.7514,0.7514,0.0060,84
2026-03-21T17:10:47.719853,3,0.0439,0.0439,0.0407,0.0000,0.6170,-0.0002,0.6170,5
2026-03-21T17:10:47.788176,0,1.1956,1.1956,0.0551,0.8800,0.8804,0.1477,-0.8679,70
2026-03-21T17:10:47.788176,1,1.4069,0.0255,1.4069,0.7377,0.7512,0.7510,-0.0188,87
2026-03-21T17:10:47.788176,2,0.0572,0.0572,0.0552,0.0000,0.6244,0.0056,0.6244,6
2026-03-21T17:10:47.857062,0,1.1272,1.1272,0.0216,0.8814,0.8766,0.1114,-0.8695,66
2026-03-21T17:10:47.857062,1,1.4120,0.0232,1.4120,0.6646,0.7522,0.7516,0.0305,87
2026-03-21T17:10:47.857062,2,0.0467,0.0442,0.0467,0.0000,0.6164,-0.0002,0.6164,5
2026-03-21T17:10:47.926847,0,1.1029,1.1029,0.0234,0.8803,0.8755,0.1022,-0.8696,65
2026-03-21T17:10:47.926847,1,0.0646,0.0646,0.0455,0.8720,1.1369,0.7459,-0.8579,5
2026-03-21T17:10:47.926847,2,1.3557,0.0244,1.3557,0.6885,0.7516,0.7516,-0.0022,85
2026-03-21T17:10:47.926847,3,0.0570,0.0570,0.0542,0.0000,0.6240,0.0056,0.6240,6
2026-03-21T17:10:47.996778,0,1.1006,1.1006,0.0242,0.8820,0.8756,0.1024,-0.8695,65
2026-03-21T17:10:47.996778,1,0.0630,0.0630,0.0469,0.8696,1.1327,0.7432,-0.8548,5
2026-03-21T17:10:47.996778,2,1.3364,0.0244,1.3364,0.6626,0.7502,0.7502,0.0062,84
2026-03-21T17:10:47.996778,3,0.0569,0.0569,0.0522,0.0000,0.6210,0.0055,0.6210,6
2026-03-21T17:10:48.066745,0,1.1240,1.1240,0.0228,0.8813,0.8763,0.1116,-0.8692,66
2026-03-21T17:10:48.066745,1,0.0418,0.0418,0.0163,0.8679,1.1412,0.7488,-0.8612,3
2026-03-21T17:10:48.066745,2,1.4136,0.0255,1.4136,0.7391,0.7519,0.7516,-0.0188,87
2026-03-21T17:10:48.066745,3,0.0482,0.0447,0.0482,0.0000,0.6172,0.0111,0.6171,5
2026-03-21T17:10:48.135994,0,1.1949,1.1949,0.0273,0.8811,0.8801,0.1389,-0.8691,69
2026-03-21T17:10:48.135994,1,1.3367,0.0249,1.3367,0.6872,0.7516,0.7515,-0.0102,84
2026-03-21T17:10:48.135994,2,0.0562,0.0449,0.0562,0.0000,0.6186,0.0112,0.6185,5
2026-03-21T17:10:48.205432,0,1.1255,1.1255,0.0246,0.8833,0.8764,0.1115,-0.8692,66
2026-03-21T17:10:48.205432,1,1.4351,0.0222,1.4351,0.6633,0.7518,0.7508,0.0395,88
2026-03-21T17:10:48.205432,2,0.0512,0.0449,0.0512,0.0000,0.6190,0.0112,0.6189,5
2026-03-21T17:10:48.275147,0,1.1282,1.1282,0.0261,3.1145,0.8765,0.1114,-0.8693,66
2026-03-21T17:10:48.275147,1,1.4361,0.0298,1.4361,2.9700,0.7516,0.7516,-0.0106,88
2026-03-21T17:10:48.275147,2,0.0512,0.0447,0.0512,1.6292,0.6158,0.0111,0.6157,5
2026-03-21T17:10:48.344727,0,1.0778,1.0778,0.0223,3.1122,0.8742,0.0933,-0.8692,64
2026-03-21T17:10:48.344727,1,0.0909,0.0909,0.0148,3.0981,1.1285,0.7257,-0.8642,5
2026-03-21T17:10:48.344727,2,1.4567,0.0305,1.4567,2.9665,0.7509,0.7509,-0.0023,89
2026-03-21T17:10:48.344727,3,0.0467,0.0439,0.0467,1.6302,0.6130,-0.0002,0.6130,5
2026-03-21T17:10:48.413776,0,1.0964,1.0964,0.0191,3.1105,0.8755,0.1022,-0.8695,65
2026-03-21T17:10:48.413776,1,1.3848,0.0240,1.3848,2.9200,0.7510,0.7510,0.0062,86
2026-03-21T17:10:48.483813,0,1.1998,1.1998,0.0255,3.1125,0.8808,0.1390,-0.8697,69
2026-03-21T17:10:48.483813,1,1.4008,0.0249,1.4008,2.9367,0.7505,0.7505,-0.0022,87
2026-03-21T17:10:48.553798,0,1.1912,1.1912,0.0278,3.1096,0.8798,0.1387,-0.8688,69
2026-03-21T17:10:48.553798,1,1.3586,0.0240,1.3586,2.8684,0.7514,0.7508,0.0306,85
2026-03-21T17:10:48.553798,2,0.0532,0.0450,0.0532,1.6272,0.6162,0.0111,0.6161,5
2026-03-21T17:10:48.622910,0,1.1024,1.1024,0.0171,3.1112,0.8760,0.1024,-0.8700,65
2026-03-21T17:10:48.622910,1,1.3831,0.0291,1.3831,2.9415,0.7513,0.7512,-0.0102,86
2026-03-21T17:10:48.622910,2,0.0451,0.0444,0.0451,1.6292,0.6156,0.0111,0.6155,5
2026-03-21T17:10:48.693194,0,1.1921,1.1921,0.0284,3.1131,0.8800,0.1391,-0.8689,69
2026-03-21T17:10:48.693194,1,1.3366,0.0219,1.3366,2.8691,0.7510,0.7507,0.0225,84
2026-03-21T17:10:48.693194,2,0.0581,0.0453,0.0581,1.6262,0.6204,0.0113,0.6203,5
2026-03-21T17:10:48.763079,0,1.0996,1.0996,0.0275,3.1135,0.8747,0.1020,-0.8687,65
2026-03-21T17:10:48.763079,1,1.4110,0.0261,1.4110,2.9180,0.7513,0.7512,0.0143,87
2026-03-21T17:10:48.763079,2,0.0512,0.0447,0.0512,1.6282,0.6182,0.0112,0.6181,5
2026-03-21T17:10:48.832242,0,1.0999,1.0999,0.0288,3.1135,0.8749,0.1022,-0.8689,65
2026-03-21T17:10:48.832242,1,0.0657,0.0657,0.0452,3.0996,1.1343,0.7442,-0.8560,5
2026-03-21T17:10:48.832242,2,1.4061,0.0237,1.4061,2.9658,0.7516,0.7513,-0.0187,87
2026-03-21T17:10:48.902493,0,1.0981,1.0981,0.0236,3.1145,0.8750,0.1023,-0.8690,65
2026-03-21T17:10:48.902493,1,1.3889,0.0266,1.3889,2.9207,0.7499,0.7498,0.0059,86
2026-03-21T17:10:48.902493,2,0.0612,0.0451,0.0612,1.6302,0.6196,0.0113,0.6195,5
2026-03-21T17:10:48.971158,0,1.1960,1.1960,0.0295,3.1143,0.8802,0.1392,-0.8691,69
2026-03-21T17:10:48.971158,1,1.3629,0.0272,1.3629,2.9449,0.7511,0.7509,-0.0183,85
2026-03-21T17:10:48.971158,2,0.0573,0.0573,0.0572,1.6262,0.6247,0.0056,0.6247,6
2026-03-21T17:10:49.041118,0,1.1916,1.1916,0.0328,3.1131,0.8795,0.1390,-0.8684,69
2026-03-21T17:10:49.041118,1,1.3379,0.0214,1.3379,2.8704,0.7513,0.7510,0.0221,84
2026-03-21T17:10:49.111344,0,1.1212,1.1212,0.0208,3.1105,0.8766,0.1112,-0.8695,66
2026-03-21T17:10:49.111344,1,1.4354,0.0278,1.4354,2.9686,0.7509,0.7508,-0.0108,88
2026-03-21T17:10:49.180644,0,1.1918,1.1918,0.0311,3.1122,0.8795,0.1389,-0.8685,69
2026-03-21T17:10:49.180644,1,1.3637,0.0211,1.3637,2.9173,0.7518,0.7518,-0.0017,85
2026-03-21T17:10:49.180644,2,0.0569,0.0569,0.0521,1.6302,0.6217,0.0055,0.6217,6
2026-03-21T17:10:49.250415,0,1.1260,1.1260,0.0176,3.1085,0.8761,0.1108,-0.8690,64
2026-03-21T17:10:49.250415,1,1.4082,0.0224,1.4082,2.9180,0.7513,0.7512,0.0143,87
2026-03-21T17:10:49.250415,2,0.0472,0.0446,0.0472,1.6292,0.6150,0.0110,0.6149,5
2026-03-21T17:10:49.320284,0,1.1281,1.1281,0.0213,3.1093,0.8769,0.1113,-0.8699,66
2026-03-21T17:10:49.320284,1,1.4104,0.0286,1.4104,2.9435,0.7511,0.7511,-0.0022,87
2026-03-21T17:10:49.320284,2,0.0571,0.0571,0.0542,1.6282,0.6225,0.0055,0.6225,6
2026-03-21T17:10:49.389862,0,1.1896,1.1896,0.0276,3.1102,0.8796,0.1389,-0.8686,69
2026-03-21T17:10:49.389862,1,1.4095,0.0241,1.4095,2.9679,0.7513,0.7511,-0.0186,87
2026-03-21T17:10:49.389862,2,0.0445,0.0445,0.0422,1.6252,0.6160,0.0111,0.6159,5
2026-03-21T17:10:49.459618,0,1.1255,1.1255,0.0193,3.1102,0.8760,0.1115,-0.8688,66
2026-03-21T17:10:49.459618,1,1.4110,0.0251,1.4110,2.9187,0.7512,0.7511,0.0144,87
2026-03-21T17:10:49.459618,2,0.0592,0.0447,0.0592,1.6352,0.6150,0.0112,0.6149,5
2026-03-21T17:10:49.528909,0,1.1934,1.1934,0.0283,3.1116,0.8802,0.1389,-0.8692,69
2026-03-21T17:10:49.528909,1,1.4104,0.0296,1.4104,2.9462,0.7514,0.7514,-0.0027,87
2026-03-21T17:10:49.528909,2,0.0571,0.0571,0.0521,1.6242,0.6254,0.0055,0.6254,6
2026-03-21T17:10:49.599202,0,1.1965,1.1965,0.0284,3.1131,0.8797,0.1389,-0.8687,69
2026-03-21T17:10:49.599202,1,1.4076,0.0299,1.4076,2.9428,0.7515,0.7515,-0.0024,87
2026-03-21T17:10:49.599202,2,0.0486,0.0441,0.0486,1.6252,0.6164,-0.0003,0.6164,5
2026-03-21T17:10:49.669119,0,1.1925,1.1925,0.0297,3.1115,0.8797,0.1393,-0.8686,69
2026-03-21T17:10:49.669119,1,1.4068,0.0275,1.4068,2.9672,0.7514,0.7511,-0.0185,87
2026-03-21T17:10:49.669119,2,0.0462,0.0445,0.0462,1.6292,0.6160,0.0111,0.6159,5
2026-03-21T17:10:49.737801,0,1.1200,1.1200,0.0223,3.1115,0.8765,0.1116,-0.8694,66
2026-03-21T17:10:49.737801,1,0.0384,0.0384,0.0177,3.0966,1.1396,0.7477,-0.8600,3
2026-03-21T17:10:49.737801,2,1.4327,0.0235,1.4327,2.9910,0.7518,0.7513,-0.0266,88
2026-03-21T17:10:49.737801,3,0.0439,0.0439,0.0322,1.6262,0.6134,0.0109,0.6133,5
2026-03-21T17:10:49.808094,0,1.1257,1.1257,0.0232,3.1131,0.8768,0.1119,-0.8696,66
2026-03-21T17:10:49.808094,1,0.0353,0.0353,0.0208,3.1018,1.1456,0.7516,-0.8645,3
2026-03-21T17:10:49.808094,2,1.4110,0.0253,1.4110,2.9903,0.7524,0.7516,-0.0350,87
2026-03-21T17:10:49.808094,3,0.0440,0.0440,0.0392,1.6302,0.6142,0.0110,0.6141,5
2026-03-21T17:10:49.877418,0,1.1271,1.1271,0.0202,3.1110,0.8765,0.1114,-0.8694,66
2026-03-21T17:10:49.877418,1,0.0378,0.0378,0.0230,3.1018,1.1422,0.7494,-0.8620,3
2026-03-21T17:10:49.877418,2,1.4117,0.0279,1.4117,2.9442,0.7511,0.7511,-0.0023,87
2026-03-21T17:10:49.877418,3,0.0462,0.0448,0.0462,1.6242,0.6194,0.0111,0.6193,5
2026-03-21T17:10:49.946898,0,1.1925,1.1925,0.0254,3.1087,0.8794,0.1389,-0.8684,69
2026-03-21T17:10:49.946898,1,1.3583,0.0239,1.3583,2.8928,0.7512,0.7510,0.0144,85
2026-03-21T17:10:49.946898,2,0.0531,0.0449,0.0531,1.6302,0.6166,0.0111,0.6165,5
2026-03-21T17:10:50.016266,0,1.1921,1.1921,0.0302,3.1135,0.8798,0.1389,-0.8688,69
2026-03-21T17:10:50.016266,1,1.4858,0.0232,1.4858,2.9686,0.7518,0.7518,0.0063,90
2026-03-21T17:10:50.016266,2,0.0522,0.0449,0.0522,1.6292,0.6164,0.0111,0.6163,5
2026-03-21T17:10:50.085660,0,1.1190,1.1190,0.0206,3.1102,0.8763,0.1113,-0.8692,66
2026-03-21T17:10:50.085660,1,0.0657,0.0461,0.0657,3.0950,1.1299,0.7559,-0.8398,5
2026-03-21T17:10:50.085660,2,1.3844,0.0245,1.3844,2.8921,0.7508,0.7504,0.0226,86
2026-03-21T17:10:50.085660,3,0.0462,0.0445,0.0462,1.6282,0.6154,0.0111,0.6153,5
2026-03-21T17:10:50.154175,0,1.1248,1.1248,0.0219,3.1125,0.8771,0.1113,-0.8700,66
2026-03-21T17:10:50.154175,1,0.0391,0.0391,0.0178,3.0981,1.1412,0.7488,-0.8612,3
2026-03-21T17:10:50.154175,2,1.3353,0.0216,1.3353,2.8684,0.7505,0.7501,0.0225,84
2026-03-21T17:10:50.154175,3,0.0567,0.0567,0.0477,1.6232,0.6224,0.0054,0.6224,6
2026-03-21T17:10:50.225285,0,1.1932,1.1932,0.0290,3.1115,0.8798,0.1391,-0.8688,69
2026-03-21T17:10:50.225285,1,1.4083,0.0278,1.4083,2.9160,0.7511,0.7510,0.0142,87
2026-03-21T17:10:50.225285,2,0.0572,0.0572,0.0531,1.6252,0.6242,0.0055,0.6242,6
2026-03-21T17:10:50.294160,0,1.0981,1.0981,0.0244,3.1122,0.8750,0.1020,-0.8691,65
2026-03-21T17:10:50.294160,1,1.4102,0.0289,1.4102,2.9672,0.7515,0.7513,-0.0189,87
2026-03-21T17:10:50.294160,2,0.0521,0.0445,0.0521,1.6332,0.6144,0.0111,0.6143,5
2026-03-21T17:10:50.364240,0,1.1954,1.1954,0.0245,3.1115,0.8803,0.1393,-0.8692,69
2026-03-21T17:10:50.364240,1,1.4609,0.0286,1.4609,2.9693,0.7508,0.7508,-0.0024,89
2026-03-21T17:10:50.364240,2,0.0572,0.0449,0.0572,1.6322,0.6170,0.0111,0.6169,5
2026-03-21T17:10:50.434097,0,1.1962,1.1962,0.0289,3.1129,0.8809,0.1390,-0.8699,69
2026-03-21T17:10:50.434097,1,1.4345,0.0287,1.4345,2.9200,0.7511,0.7507,0.0224,88
2026-03-21T17:10:50.434097,2,0.0471,0.0449,0.0471,1.6242,0.6182,0.0111,0.6181,5
2026-03-21T17:10:50.503416,0,1.1963,1.1963,0.0579,3.1145,0.8809,0.1481,-0.8684,70
2026-03-21T17:10:50.503416,1,1.3583,0.0273,1.3583,2.9180,0.7508,0.7508,-0.0022,85
2026-03-21T17:10:50.503416,2,0.0542,0.0445,0.0542,1.6332,0.6132,0.0111,0.6131,5
2026-03-21T17:10:50.572532,0,1.1238,1.1238,0.0198,3.1105,0.8757,0.1112,-0.8686,66
2026-03-21T17:10:50.572532,1,1.4374,0.0212,1.4374,2.9173,0.7516,0.7512,0.0232,88
2026-03-21T17:10:50.572532,2,0.0442,0.0442,0.0302,1.6202,0.6168,0.0110,0.6167,5
2026-03-21T17:10:50.642772,0,1.1258,1.1258,0.0217,3.1125,0.8768,0.1115,-0.8697,66
2026-03-21T17:10:50.642772,1,1.4353,0.0211,1.4353,2.9180,0.7518,0.7515,0.0230,88
2026-03-21T17:10:50.642772,2,0.0443,0.0443,0.0415,1.6275,0.6122,0.0110,0.6121,5
2026-03-21T17:10:50.712423,0,1.1252,1.1252,0.0274,3.1131,0.8762,0.1114,-0.8691,66
2026-03-21T17:10:50.712423,1,1.4643,0.0260,1.4643,2.9686,0.7514,0.7514,-0.0021,89
2026-03-21T17:10:50.712423,2,0.0492,0.0447,0.0492,1.6272,0.6170,0.0111,0.6169,5
2026-03-21T17:10:50.782526,0,1.1227,1.1227,0.0235,3.1131,0.8762,0.1114,-0.8691,66
2026-03-21T17:10:50.782526,1,1.3366,0.0227,1.3366,2.8691,0.7507,0.7503,0.0224,84
2026-03-21T17:10:50.782526,2,0.0442,0.0442,0.0372,1.6262,0.6144,0.0110,0.6143,5
2026-03-21T17:10:50.851263,0,1.1258,1.1258,0.0228,3.1115,0.8764,0.1112,-0.8694,66
2026-03-21T17:10:50.851263,1,1.3088,0.0213,1.3088,2.8684,0.7510,0.7509,0.0144,83
2026-03-21T17:10:50.851263,2,0.0512,0.0447,0.0512,1.6292,0.6164,0.0111,0.6163,5
2026-03-21T17:10:50.922299,0,1.1934,1.1934,0.0279,3.1097,0.8799,0.1392,-0.8689,69
2026-03-21T17:10:50.922299,1,1.4135,0.0236,1.4135,2.8704,0.7525,0.7510,0.0475,87
2026-03-21T17:10:50.922299,2,0.0444,0.0444,0.0362,1.6232,0.6162,0.0110,0.6161,5
2026-03-21T17:10:50.990818,0,1.1002,1.1002,0.0244,3.1122,0.8751,0.1023,-0.8690,65
2026-03-21T17:10:50.990818,1,1.4643,0.0272,1.4643,2.9707,0.7521,0.7521,-0.0023,89
2026-03-21T17:10:50.990818,2,0.0512,0.0445,0.0512,1.6312,0.6160,0.0111,0.6159,5
2026-03-21T17:10:51.060647,0,1.1957,1.1957,0.0522,3.1095,0.8806,0.1480,-0.8680,70
2026-03-21T17:10:51.060647,1,1.4070,0.0228,1.4070,2.9394,0.7514,0.7514,-0.0019,87
2026-03-21T17:10:51.060647,2,0.0565,0.0565,0.0460,1.6265,0.6192,0.0054,0.6192,6
2026-03-21T17:10:51.131424,0,1.1250,1.1250,0.0235,3.1125,0.8768,0.1112,-0.8697,66
2026-03-21T17:10:51.131424,1,1.3624,0.0249,1.3624,2.9173,0.7513,0.7513,-0.0021,85
2026-03-21T17:10:51.131424,2,0.0444,0.0444,0.0412,1.6252,0.6160,0.0110,0.6159,5
2026-03-21T17:10:51.200485,0,1.1916,1.1916,0.0263,3.1096,0.8806,0.1393,-0.8695,69
2026-03-21T17:10:51.200485,1,1.3609,0.0238,1.3609,2.8954,0.7512,0.7511,0.0142,85
2026-03-21T17:10:51.200485,2,0.0576,0.0565,0.0576,1.6292,0.6220,0.0053,0.6220,6
2026-03-21T17:10:51.269799,0,1.0774,1.0774,0.0200,3.1106,0.8747,0.0935,-0.8697,64
2026-03-21T17:10:51.269799,1,0.0877,0.0877,0.0175,3.0993,1.1287,0.7258,-0.8643,5
2026-03-21T17:10:51.269799,2,1.4601,0.0263,1.4601,2.9442,0.7509,0.7508,0.0147,89
2026-03-21T17:10:51.269799,3,0.0442,0.0442,0.0392,1.6272,0.6144,0.0110,0.6143,5
2026-03-21T17:10:51.339730,0,1.1233,1.1233,0.0252,3.1141,0.8764,0.1111,-0.8693,66
2026-03-21T17:10:51.339730,1,1.3385,0.0244,1.3385,2.8710,0.7516,0.7512,0.0224,84
2026-03-21T17:10:51.339730,2,0.0447,0.0447,0.0442,1.6232,0.6178,0.0111,0.6177,5
2026-03-21T17:10:51.409782,0,1.1963,1.1963,0.0251,3.1106,0.8800,0.1390,-0.8690,69
2026-03-21T17:10:51.409782,1,1.3794,0.0259,1.3794,2.9194,0.7508,0.7508,0.0060,86
2026-03-21T17:10:51.409782,2,0.0452,0.0446,0.0452,1.6252,0.6168,0.0111,0.6167,5
2026-03-21T17:10:51.478792,0,1.1250,1.1250,0.0240,3.1141,0.8767,0.1116,-0.8696,66
2026-03-21T17:10:51.478792,1,1.3352,0.0237,1.3352,2.8697,0.7508,0.7505,0.0225,84
2026-03-21T17:10:51.478792,2,0.0482,0.0447,0.0482,1.6262,0.6166,0.0111,0.6165,5
2026-03-21T17:10:51.549490,0,1.1920,1.1920,0.0616,3.1116,0.8810,0.1479,-0.8685,70
2026-03-21T17:10:51.549490,1,1.4636,0.0286,1.4636,2.9449,0.7509,0.7508,0.0147,89
2026-03-21T17:10:51.549490,2,0.0571,0.0571,0.0502,1.6252,0.6235,0.0055,0.6235,6
2026-03-21T17:10:51.618501,0,1.0991,1.0991,0.0259,3.1125,0.8756,0.1020,-0.8697,65
2026-03-21T17:10:51.618501,1,1.3872,0.0253,1.3872,2.9442,0.7511,0.7511,-0.0104,86
2026-03-21T17:10:51.618501,2,0.0436,0.0436,0.0226,1.6232,0.6168,-0.0001,0.6168,5
2026-03-21T17:10:51.687537,0,1.1251,1.1251,0.0231,3.1106,0.8759,0.1112,-0.8688,66
2026-03-21T17:10:51.687537,1,1.3340,0.0216,1.3340,2.8672,0.7510,0.7507,0.0223,84
2026-03-21T17:10:51.687537,2,0.0620,0.0563,0.0620,1.6445,0.6131,-0.0052,0.6130,6
2026-03-21T17:10:51.757919,0,1.1936,1.1936,0.0285,3.1125,0.8795,0.1387,-0.8685,69
2026-03-21T17:10:51.757919,1,1.3595,0.0249,1.3595,2.8967,0.7516,0.7515,0.0141,85
2026-03-21T17:10:51.757919,2,0.0642,0.0642,0.0429,1.7121,0.5341,-0.0416,0.5324,8
2026-03-21T17:10:51.827228,0,1.1211,1.1211,0.0171,3.1080,0.8766,0.1114,-0.8695,66
2026-03-21T17:10:51.827228,1,1.3347,0.0259,1.3347,2.9173,0.7514,0.7513,-0.0101,84
2026-03-21T17:10:51.827228,2,0.0930,0.0527,0.0930,1.7237,0.5686,-0.0961,0.5604,6
2026-03-21T17:10:51.897537,0,1.1948,1.1948,0.0596,3.1125,0.8813,0.1483,-0.8688,70
2026-03-21T17:10:51.897537,1,1.4372,0.0230,1.4372,2.9428,0.7512,0.7511,0.0064,88
2026-03-21T17:10:51.967029,0,1.1931,1.1931,0.0315,3.1125,0.8802,0.1393,-0.8691,69
2026-03-21T17:10:51.967029,1,1.3563,0.0234,1.3563,2.9160,0.7508,0.7508,-0.0020,85
2026-03-21T17:10:52.036757,0,1.1221,1.1221,0.0238,3.1116,0.8767,0.1115,-0.8696,66
2026-03-21T17:10:52.036757,1,1.3863,0.0243,1.3863,2.8947,0.7516,0.7512,0.0226,86
2026-03-21T17:10:52.105875,0,1.1959,1.1959,0.0551,3.1117,0.8802,0.1477,-0.8677,70
2026-03-21T17:10:52.105875,1,1.3563,0.0270,1.3563,2.8901,0.7508,0.7506,0.0144,85
2026-03-21T17:10:52.175313,0,1.0752,1.0752,0.0203,3.1112,0.8747,0.0934,-0.8698,64
2026-03-21T17:10:52.175313,1,0.0918,0.0918,0.0131,3.1001,1.1297,0.7265,-0.8651,5
2026-03-21T17:10:52.175313,2,1.3889,0.0263,1.3889,2.9207,0.7510,0.7510,0.0061,86
2026-03-21T17:10:52.245960,0,1.1248,1.1248,0.0257,3.1122,0.8762,0.1113,-0.8691,66
2026-03-21T17:10:52.245960,1,1.4331,0.0266,1.4331,2.9415,0.7509,0.7509,0.0062,88
2026-03-21T17:10:52.315745,0,1.1934,1.1934,0.0267,3.1115,0.8796,0.1391,-0.8686,69
2026-03-21T17:10:52.315745,1,1.3869,0.0256,1.3869,2.9167,0.7512,0.7511,0.0060,86
2026-03-21T17:10:52.384885,0,1.1950,1.1950,0.0276,3.1131,0.8796,0.1392,-0.8685,69
2026-03-21T17:10:52.384885,1,1.4115,0.0210,1.4115,2.8921,0.7519,0.7512,0.0312,87
2026-03-21T17:10:52.455250,0,1.0982,1.0982,0.0216,3.1116,0.8746,0.1020,-0.8686,65
2026-03-21T17:10:52.455250,1,0.0670,0.0670,0.0445,3.0996,1.1343,0.7442,-0.8559,5
2026-03-21T17:10:52.455250,2,1.2630,0.0242,1.2630,2.8928,0.7509,0.7507,-0.0180,81
2026-03-21T17:10:52.455250,3,0.0945,0.0057,0.0945,1.5787,1.0239,0.7484,0.6987,5
2026-03-21T17:10:52.524574,0,1.0973,1.0973,0.0210,3.1112,0.8756,0.1021,-0.8696,65
2026-03-21T17:10:52.524574,1,1.4310,0.0269,1.4310,2.9422,0.7515,0.7515,0.0059,88
2026-03-21T17:10:52.594685,0,1.1985,1.1985,0.0265,3.1135,0.8803,0.1391,-0.8692,69
2026-03-21T17:10:52.594685,1,0.1222,0.0044,0.1222,2.9938,1.0379,0.7647,-0.7018,6
2026-03-21T17:10:52.594685,2,1.2866,0.0217,1.2866,2.8463,0.7509,0.7506,0.0220,82
2026-03-21T17:10:52.664558,0,1.1274,1.1274,0.0245,3.1151,0.8767,0.1113,-0.8696,66
2026-03-21T17:10:52.664558,1,1.3878,0.0235,1.3878,2.8941,0.7511,0.7507,0.0222,86
2026-03-21T17:10:52.733543,0,1.0733,1.0733,0.0213,3.1112,0.8743,0.0933,-0.8693,64
2026-03-21T17:10:52.733543,1,0.0892,0.0892,0.0161,3.1009,1.1301,0.7267,-0.8654,5
2026-03-21T17:10:52.733543,2,1.3596,0.0206,1.3596,2.8928,0.7511,0.7510,0.0144,85
2026-03-21T17:10:52.802906,0,1.1891,1.1891,0.0354,3.1135,0.8799,0.1391,-0.8688,69
2026-03-21T17:10:52.802906,1,0.0957,0.0056,0.0957,2.9693,1.0321,0.7666,-0.6910,5
2026-03-21T17:10:52.802906,2,1.3667,0.0218,1.3667,2.8488,0.7521,0.7506,0.0471,85
2026-03-21T17:10:52.872523,0,1.1271,1.1271,0.0213,3.1097,0.8767,0.1115,-0.8696,66
2026-03-21T17:10:52.872523,1,1.4387,0.0218,1.4387,2.8941,0.7521,0.7511,0.0397,88
2026-03-21T17:10:52.941764,0,1.1257,1.1257,0.0212,3.1122,0.8767,0.1113,-0.8696,66
2026-03-21T17:10:52.941764,1,1.4352,0.0242,1.4352,2.9187,0.7510,0.7507,0.0226,88
2026-03-21T17:10:53.011811,0,1.1954,1.1954,0.0271,3.1141,0.8805,0.1393,-0.8694,69
2026-03-21T17:10:53.011811,1,1.4114,0.0226,1.4114,2.8934,0.7515,0.7508,0.0307,87
2026-03-21T17:10:53.082510,0,1.1226,1.1226,0.0173,3.1082,0.8758,0.1113,-0.8687,66
2026-03-21T17:10:53.082510,1,0.0929,0.0074,0.0929,2.9903,1.0463,0.7649,-0.7139,5
2026-03-21T17:10:53.082510,2,1.2813,0.0180,1.2813,2.8633,0.7502,0.7502,0.0064,82
2026-03-21T17:10:53.151219,0,1.0983,1.0983,0.0224,3.1131,0.8754,0.1023,-0.8694,65
2026-03-21T17:10:53.151219,1,1.4629,0.0247,1.4629,2.9442,0.7513,0.7511,0.0145,89
2026-03-21T17:10:53.221182,0,1.1974,1.1974,0.0267,3.1115,0.8804,0.1391,-0.8694,69
2026-03-21T17:10:53.221182,1,1.3837,0.0248,1.3837,2.8928,0.7506,0.7503,0.0224,86
2026-03-21T17:10:53.290624,0,1.1237,1.1237,0.0224,3.1115,0.8759,0.1114,-0.8688,66
2026-03-21T17:10:53.290624,1,0.0924,0.0082,0.0924,2.9917,1.0487,0.7666,-0.7156,5
2026-03-21T17:10:53.290624,2,1.3344,0.0248,1.3344,2.8717,0.7514,0.7511,0.0223,84
2026-03-21T17:10:53.360486,0,1.1941,1.1941,0.0281,3.1122,0.8795,0.1391,-0.8685,69
2026-03-21T17:10:53.360486,1,1.3583,0.0228,1.3583,2.8921,0.7509,0.7508,0.0142,85
2026-03-21T17:10:53.430499,0,1.1029,1.1029,0.0243,3.1151,0.8754,0.1022,-0.8694,65
2026-03-21T17:10:53.430499,1,1.3570,0.0230,1.3570,2.8908,0.7509,0.7508,0.0143,85
2026-03-21T17:10:53.499407,0,1.1241,1.1241,0.0210,3.1125,0.8764,0.1116,-0.8693,66
2026-03-21T17:10:53.499407,1,1.3817,0.0232,1.3817,2.9387,0.7510,0.7509,-0.0103,86
2026-03-21T17:10:53.570015,0,1.1243,1.1243,0.0263,3.1135,0.8762,0.1113,-0.8691,66
2026-03-21T17:10:53.570015,1,0.0748,0.0428,0.0748,3.1041,1.1333,0.7581,-0.8424,5
2026-03-21T17:10:53.570015,2,1.3863,0.0216,1.3863,2.9160,0.7511,0.7511,0.0062,86
2026-03-21T17:10:53.639761,0,1.1233,1.1233,0.0207,3.1095,0.8761,0.1113,-0.8690,66
2026-03-21T17:10:53.639761,1,1.3601,0.0201,1.3601,2.8672,0.7519,0.7512,0.0307,85
2026-03-21T17:10:53.709044,0,1.1929,1.1929,0.0297,3.1115,0.8801,0.1391,-0.8691,69
2026-03-21T17:10:53.709044,1,1.3582,0.0283,1.3582,2.9422,0.7515,0.7512,-0.0184,85
2026-03-21T17:10:53.779626,0,1.1905,1.1905,0.0339,3.1135,0.8804,0.1390,-0.8694,69
2026-03-21T17:10:53.779626,1,1.4103,0.0253,1.4103,2.9700,0.7520,0.7518,-0.0188,87
2026-03-21T17:10:53.848673,0,1.1970,1.1970,0.0249,3.1115,0.8803,0.1392,-0.8692,69
2026-03-21T17:10:53.848673,1,1.3630,0.0241,1.3630,2.8947,0.7511,0.7510,0.0141,85
2026-03-21T17:10:53.918462,0,1.1932,1.1932,0.0602,3.1102,0.8811,0.1483,-0.8686,70
2026-03-21T17:10:53.918462,1,1.3340,0.0208,1.3340,2.8678,0.7508,0.7505,0.0225,84
2026-03-21T17:10:53.918462,2,0.0978,0.0106,0.0978,1.5001,1.0809,0.7504,0.7779,5
2026-03-21T17:10:53.918462,3,0.0430,0.0430,0.0269,1.6733,0.5788,-0.0808,0.5732,5
2026-03-21T17:10:53.988075,0,1.1947,1.1947,0.0258,3.1105,0.8803,0.1391,-0.8693,69
2026-03-21T17:10:53.988075,1,1.4351,0.0265,1.4351,2.9422,0.7514,0.7513,0.0061,88
2026-03-21T17:10:53.988075,2,0.0708,0.0473,0.0708,1.6518,0.6019,-0.0571,0.5992,6
2026-03-21T17:10:54.057450,0,1.1021,1.1021,0.0199,3.1097,0.8753,0.1020,-0.8694,65
2026-03-21T17:10:54.057450,1,1.4116,0.0259,1.4116,2.9194,0.7521,0.7519,0.0142,87
2026-03-21T17:10:54.057450,2,0.0431,0.0431,0.0291,1.6226,0.6188,-0.0431,0.6173,5
2026-03-21T17:10:54.127395,0,1.1919,1.1919,0.0589,3.1125,0.8809,0.1484,-0.8683,70
2026-03-21T17:10:54.127395,1,1.3876,0.0220,1.3876,2.9180,0.7513,0.7512,0.0062,86
2026-03-21T17:10:54.127395,2,0.0448,0.0448,0.0328,1.6060,0.6358,-0.0332,0.6349,5
2026-03-21T17:10:54.197085,0,1.1907,1.1907,0.0363,3.1151,0.8806,0.1393,-0.8695,69
2026-03-21T17:10:54.197085,1,1.3610,0.0242,1.3610,2.9187,0.7509,0.7509,-0.0018,85
2026-03-21T17:10:54.266113,0,1.0515,1.0515,0.0229,3.1122,0.8733,0.0841,-0.8692,63
2026-03-21T17:10:54.266113,1,0.0936,0.0936,0.0433,3.1013,1.1305,0.7345,-0.8594,6
2026-03-21T17:10:54.266113,2,1.3154,0.0276,1.3154,2.8960,0.7504,0.7504,-0.0021,83
2026-03-21T17:10:54.266113,3,0.0585,0.0437,0.0585,1.6047,0.6440,-0.0220,0.6436,5
2026-03-21T17:10:54.335623,0,1.1016,1.1016,0.0236,3.1125,0.8756,0.1023,-0.8696,65
2026-03-21T17:10:54.335623,1,1.3869,0.0268,1.3869,2.9194,0.7512,0.7512,0.0061,86
2026-03-21T17:10:54.335623,2,0.0615,0.0430,0.0615,1.6147,0.6380,-0.0218,0.6376,5
2026-03-21T17:10:54.405171,0,1.1225,1.1225,0.0172,3.1090,0.8766,0.1114,-0.8695,66
2026-03-21T17:10:54.405171,1,1.4130,0.0258,1.4130,2.9207,0.7512,0.7511,0.0142,87
2026-03-21T17:10:54.405171,2,0.0465,0.0430,0.0465,1.6157,0.6328,-0.0217,0.6324,5
2026-03-21T17:10:54.475546,0,1.0517,1.0517,0.0218,3.1112,0.8736,0.0844,-0.8695,63
2026-03-21T17:10:54.475546,1,1.3906,0.0256,1.3906,2.9449,0.7518,0.7517,-0.0103,86
2026-03-21T17:10:54.475546,2,0.0446,0.0446,0.0384,1.6065,0.6386,-0.0221,0.6382,5
2026-03-21T17:10:54.545198,0,1.1233,1.1233,0.0187,3.1105,0.8764,0.1111,-0.8694,66
2026-03-21T17:10:54.545198,1,1.4560,0.0252,1.4560,2.9672,0.7517,0.7517,-0.0023,89
2026-03-21T17:10:54.545198,2,0.0452,0.0452,0.0299,1.6070,0.6384,-0.0222,0.6380,5
2026-03-21T17:10:54.614644,0,1.1914,1.1914,0.0296,3.1122,0.8799,0.1389,-0.8689,69
2026-03-21T17:10:54.614644,1,1.3827,0.0224,1.3827,2.8633,0.7515,0.7505,0.0393,86
2026-03-21T17:10:54.614644,2,0.0495,0.0432,0.0495,1.6117,0.6362,-0.0218,0.6358,5
2026-03-21T17:10:54.685400,0,1.1229,1.1229,0.0215,3.1131,0.8762,0.1113,-0.8691,66
2026-03-21T17:10:54.685400,1,1.3081,0.0224,1.3081,2.8684,0.7499,0.7497,0.0144,83
2026-03-21T17:10:54.754748,0,1.1265,1.1265,0.0229,3.1122,0.8765,0.1114,-0.8694,66
2026-03-21T17:10:54.754748,1,0.0673,0.0474,0.0673,3.0981,1.1295,0.7556,-0.8395,5
2026-03-21T17:10:54.754748,2,1.3304,0.0273,1.3304,2.8915,0.7507,0.7507,0.0060,84
2026-03-21T17:10:54.754748,3,0.0464,0.0464,0.0273,1.5980,0.6420,-0.0337,0.6411,5
2026-03-21T17:10:54.824452,0,1.1952,1.1952,0.0238,3.1115,0.8807,0.1392,-0.8696,69
2026-03-21T17:10:54.824452,1,0.0958,0.0054,0.0958,2.9931,1.0491,0.7669,-0.7159,5
2026-03-21T17:10:54.824452,2,1.3134,0.0189,1.3134,2.8684,0.7512,0.7511,0.0145,83
2026-03-21T17:10:54.824452,3,0.0595,0.0437,0.0595,1.6047,0.6442,-0.0220,0.6438,5
2026-03-21T17:10:54.894427,0,1.0733,1.0733,0.0245,3.1125,0.8738,0.0934,-0.8688,64
2026-03-21T17:10:54.894427,1,0.0917,0.0917,0.0130,3.0977,1.1285,0.7257,-0.8642,5
2026-03-21T17:10:54.894427,2,1.3852,0.0320,1.3852,2.9422,0.7512,0.7511,-0.0102,86
2026-03-21T17:10:54.894427,3,0.0439,0.0439,0.0395,1.6027,0.6404,-0.0220,0.6400,5
2026-03-21T17:10:54.963258,0,1.1927,1.1927,0.0309,3.1135,0.8797,0.1387,-0.8687,69
2026-03-21T17:10:54.963258,1,1.4831,0.0276,1.4831,2.9658,0.7510,0.7510,0.0059,90
2026-03-21T17:10:54.963258,2,0.0585,0.0436,0.0585,1.6067,0.6440,-0.0220,0.6436,5
2026-03-21T17:10:55.032939,0,1.1253,1.1253,0.0253,3.1115,0.8759,0.1113,-0.8688,66
2026-03-21T17:10:55.032939,1,1.4061,0.0252,1.4061,2.8882,0.7513,0.7507,0.0309,87
2026-03-21T17:10:55.032939,2,0.0765,0.0432,0.0765,1.6127,0.6464,-0.0220,0.6460,5
2026-03-21T17:10:55.102806,0,1.0733,1.0733,0.0232,3.1125,0.8743,0.0933,-0.8693,64
2026-03-21T17:10:55.102806,1,1.4104,0.0234,1.4104,2.9167,0.7511,0.7509,0.0145,87
2026-03-21T17:10:55.102806,2,0.0469,0.0469,0.0420,1.6067,0.6406,-0.0336,0.6397,5
2026-03-21T17:10:55.171969,0,1.1961,1.1961,0.0223,3.1086,0.8802,0.1393,-0.8691,69
2026-03-21T17:10:55.171969,1,1.3340,0.0248,1.3340,2.9160,0.7502,0.7501,-0.0101,84
2026-03-21T17:10:55.171969,2,0.0452,0.0452,0.0328,1.6060,0.6412,-0.0335,0.6403,5
2026-03-21T17:10:55.242435,0,1.1245,1.1245,0.0192,3.1112,0.8764,0.1113,-0.8693,66
2026-03-21T17:10:55.242435,1,1.4337,0.0309,1.4337,2.9435,0.7505,0.7505,0.0061,88
2026-03-21T17:10:55.242435,2,0.0448,0.0448,0.0298,1.6020,0.6398,-0.0334,0.6389,5
2026-03-21T17:10:55.312597,0,1.1244,1.1244,0.0207,3.1116,0.8762,0.1111,-0.8691,66
2026-03-21T17:10:55.312597,1,1.4049,0.0258,1.4049,2.9422,0.7516,0.7516,-0.0024,87
2026-03-21T17:10:55.312597,2,0.0459,0.0459,0.0258,1.5960,0.6464,-0.0338,0.6455,5
2026-03-21T17:10:55.381045,0,1.1203,1.1203,0.0209,3.1115,0.8770,0.1116,-0.8698,66
2026-03-21T17:10:55.381045,1,1.4083,0.0261,1.4083,2.9415,0.7513,0.7513,-0.0020,87
2026-03-21T17:10:55.381045,2,0.0467,0.0467,0.0299,1.5965,0.6446,-0.0339,0.6437,5
2026-03-21T17:10:55.452023,0,1.1923,1.1923,0.0304,3.1145,0.8802,0.1395,-0.8690,69
2026-03-21T17:10:55.452023,1,1.3570,0.0239,1.3570,2.9147,0.7505,0.7505,-0.0017,85
2026-03-21T17:10:55.452023,2,0.0665,0.0437,0.0665,1.6057,0.6480,-0.0221,0.6476,5
2026-03-21T17:10:55.521435,0,1.0775,1.0775,0.0248,3.1135,0.8753,0.0936,-0.8703,64
2026-03-21T17:10:55.521435,1,0.0619,0.0619,0.0489,3.1004,1.1337,0.7438,-0.8555,5
2026-03-21T17:10:55.521435,2,1.4354,0.0282,1.4354,2.9665,0.7511,0.7510,-0.0102,88
2026-03-21T17:10:55.521435,3,0.0575,0.0439,0.0575,1.6027,0.6488,-0.0222,0.6484,5
2026-03-21T17:10:55.590716,0,1.1910,1.1910,0.0280,3.1105,0.8800,0.1390,-0.8690,69
2026-03-21T17:10:55.590716,1,1.4124,0.0269,1.4124,2.9449,0.7516,0.7516,-0.0025,87
2026-03-21T17:10:55.590716,2,0.0665,0.0591,0.0665,1.6067,0.6550,-0.0284,0.6544,6
2026-03-21T17:10:55.660171,0,1.1282,1.1282,0.0219,3.1122,0.8766,0.1111,-0.8695,66
2026-03-21T17:10:55.660171,1,0.0478,0.0478,0.0118,3.0996,1.1442,0.7508,-0.8634,3
2026-03-21T17:10:55.660171,2,1.3830,0.0235,1.3830,2.8921,0.7512,0.7509,0.0225,86
2026-03-21T17:10:55.730628,0,1.1240,1.1240,0.0200,3.1102,0.8763,0.1112,-0.8692,66
2026-03-21T17:10:55.730628,1,0.0398,0.0398,0.0193,3.0988,1.1406,0.7483,-0.8607,3
2026-03-21T17:10:55.730628,2,1.3669,0.0264,1.3669,2.8980,0.7517,0.7516,0.0141,85
2026-03-21T17:10:55.730628,3,0.0795,0.0434,0.0795,1.6097,0.6504,-0.0221,0.6500,5
2026-03-21T17:10:55.799820,0,1.1952,1.1952,0.0247,3.1095,0.8802,0.1389,-0.8692,69
2026-03-21T17:10:55.799820,1,1.3610,0.0287,1.3610,2.9462,0.7514,0.7511,-0.0187,85
2026-03-21T17:10:55.799820,2,0.0490,0.0473,0.0490,1.6087,0.6454,-0.0339,0.6445,5
2026-03-21T17:10:55.869363,0,1.1958,1.1958,0.0568,3.1105,0.8813,0.1480,-0.8688,70
2026-03-21T17:10:55.869363,1,1.4587,0.0314,1.4587,2.9422,0.7512,0.7511,0.0143,89
2026-03-21T17:10:55.939756,0,1.1932,1.1932,0.0592,3.1122,0.8809,0.1480,-0.8684,70
2026-03-21T17:10:55.939756,1,1.4130,0.0255,1.4130,2.9707,0.7524,0.7521,-0.0190,87
2026-03-21T17:10:55.939756,2,0.0510,0.0474,0.0510,1.6097,0.6430,-0.0338,0.6421,5
2026-03-21T17:10:56.009351,0,1.1270,1.1270,0.0266,3.1135,0.8771,0.1115,-0.8700,66
2026-03-21T17:10:56.009351,1,1.3318,0.0198,1.3318,2.8901,0.7516,0.7516,0.0062,84
2026-03-21T17:10:56.009351,2,0.0815,0.0435,0.0815,1.6087,0.6502,-0.0220,0.6498,5
2026-03-21T17:10:56.079100,0,1.1961,1.1961,0.0578,3.1151,0.8814,0.1483,-0.8688,70
2026-03-21T17:10:56.079100,1,1.4083,0.0277,1.4083,2.9415,0.7515,0.7515,-0.0019,87
2026-03-21T17:10:56.148419,0,1.1250,1.1250,0.0235,3.1125,0.8766,0.1116,-0.8695,66
2026-03-21T17:10:56.148419,1,0.0419,0.0419,0.0163,3.1018,1.1462,0.7521,-0.8650,3
2026-03-21T17:10:56.148419,2,1.3828,0.0258,1.3828,2.9180,0.7509,0.7509,0.0062,86
2026-03-21T17:10:56.148419,3,0.0605,0.0594,0.0605,1.5987,0.6550,-0.0284,0.6544,6
2026-03-21T17:10:56.218612,0,1.1907,1.1907,0.0312,3.1115,0.8798,0.1391,-0.8688,69
2026-03-21T17:10:56.218612,1,1.3823,0.0214,1.3823,2.8672,0.7518,0.7508,0.0391,86
2026-03-21T17:10:56.218612,2,0.0805,0.0434,0.0805,1.6097,0.6492,-0.0220,0.6488,5
2026-03-21T17:10:56.287351,0,1.1271,1.1271,0.0216,3.1115,0.8762,0.1114,-0.8691,66
2026-03-21T17:10:56.287351,1,1.3865,0.0285,1.3865,2.9428,0.7517,0.7516,-0.0104,86
2026-03-21T17:10:56.287351,2,0.0745,0.0437,0.0745,1.6047,0.6490,-0.0221,0.6486,5
2026-03-21T17:10:56.357205,0,1.0733,1.0733,0.0229,3.1141,0.8742,0.0933,-0.8692,64
2026-03-21T17:10:56.357205,1,0.0903,0.0903,0.0468,3.0990,1.1272,0.7323,-0.8569,6
2026-03-21T17:10:56.357205,2,1.3825,0.0260,1.3825,2.9415,0.7518,0.7517,-0.0102,86
2026-03-21T17:10:56.427259,0,1.0983,1.0983,0.0187,3.1106,0.8748,0.1023,-0.8688,65
2026-03-21T17:10:56.427259,1,1.3115,0.0217,1.3115,2.8672,0.7506,0.7505,0.0144,83
2026-03-21T17:10:56.427259,2,0.0665,0.0439,0.0665,1.6027,0.6504,-0.0222,0.6500,5
2026-03-21T17:10:56.497085,0,1.1016,1.1016,0.0230,3.1105,0.8753,0.1023,-0.8693,65
2026-03-21T17:10:56.497085,1,1.3617,0.0267,1.3617,2.9187,0.7510,0.7510,-0.0023,85
2026-03-21T17:10:56.497085,2,0.0725,0.0437,0.0725,1.6047,0.6498,-0.0221,0.6494,5
2026-03-21T17:10:56.566320,0,1.1272,1.1272,0.0253,3.1115,0.8768,0.1116,-0.8696,66
2026-03-21T17:10:56.566320,1,1.3869,0.0308,1.3869,2.9200,0.7511,0.7510,0.0060,86
2026-03-21T17:10:56.566320,2,0.0755,0.0437,0.0755,1.6057,0.6522,-0.0222,0.6518,5
2026-03-21T17:10:56.637429,0,0.9649,0.9649,0.0246,3.1145,0.8718,0.0496,-0.8704,59
2026-03-21T17:10:56.637429,1,0.1324,0.1324,0.0134,3.1049,1.0731,0.6314,-0.8677,7
2026-03-21T17:10:56.637429,2,1.4300,0.0297,1.4300,2.9686,0.7513,0.7512,-0.0109,88
2026-03-21T17:10:56.637429,3,0.0735,0.0437,0.0735,1.6057,0.6506,-0.0221,0.6502,5
2026-03-21T17:10:56.706133,0,1.1297,1.1297,0.0184,3.1102,0.8773,0.1114,-0.8702,66
2026-03-21T17:10:56.706133,1,1.3367,0.0201,1.3367,2.8678,0.7506,0.7502,0.0222,84
2026-03-21T17:10:56.706133,2,0.0715,0.0437,0.0715,1.6047,0.6500,-0.0221,0.6496,5
2026-03-21T17:10:56.775340,0,1.1927,1.1927,0.0309,3.1135,0.8798,0.1389,-0.8688,69
2026-03-21T17:10:56.775340,1,1.3345,0.0224,1.3345,2.8697,0.7507,0.7503,0.0223,84
2026-03-21T17:10:56.845404,0,1.1225,1.1225,0.0276,3.1151,0.8761,0.1113,-0.8690,66
2026-03-21T17:10:56.845404,1,1.3822,0.0231,1.3822,2.9167,0.7508,0.7508,0.0060,86
2026-03-21T17:10:56.914081,0,1.0989,1.0989,0.0245,3.1112,0.8746,0.1022,-0.8686,65
2026-03-21T17:10:56.914081,1,1.3324,0.0235,1.3324,2.8915,0.7504,0.7504,0.0062,84
2026-03-21T17:10:56.914081,2,0.0755,0.0589,0.0755,1.6097,0.6519,-0.0282,0.6513,6
2026-03-21T17:10:56.984108,0,1.1226,1.1226,0.0212,3.1122,0.8764,0.1116,-0.8692,66
2026-03-21T17:10:56.984108,1,0.0463,0.0463,0.0178,3.1018,1.1426,0.7497,-0.8622,3
2026-03-21T17:10:56.984108,2,1.2841,0.0244,1.2841,2.8425,0.7513,0.7510,0.0225,82
2026-03-21T17:10:56.984108,3,0.0595,0.0439,0.0595,1.6027,0.6458,-0.0221,0.6454,5
2026-03-21T17:10:57.054027,0,1.1965,1.1965,0.0294,3.1141,0.8799,0.1392,-0.8688,69
2026-03-21T17:10:57.054027,1,1.4345,0.0263,1.4345,2.9415,0.7510,0.7510,0.0062,88
2026-03-21T17:10:57.054027,2,0.0575,0.0434,0.0575,1.6097,0.6406,-0.0219,0.6402,5
2026-03-21T17:10:57.123830,0,1.1976,1.1976,0.0227,3.1112,0.8803,0.1391,-0.8692,69
2026-03-21T17:10:57.123830,1,1.3127,0.0204,1.3127,2.8691,0.7508,0.7506,0.0142,83
2026-03-21T17:10:57.123830,2,0.0665,0.0429,0.0665,1.6166,0.6356,-0.0217,0.6352,5
2026-03-21T17:10:57.193478,0,1.1969,1.1969,0.0283,3.1116,0.8797,0.1388,-0.8687,69
2026-03-21T17:10:57.193478,1,1.3596,0.0258,1.3596,2.8928,0.7515,0.7513,0.0141,85
2026-03-21T17:10:57.263232,0,1.1927,1.1927,0.0593,3.1115,0.8806,0.1479,-0.8681,70
2026-03-21T17:10:57.263232,1,1.3346,0.0241,1.3346,2.8684,0.7506,0.7502,0.0222,84
2026-03-21T17:10:57.263232,2,0.0875,0.0580,0.0875,1.6206,0.6475,-0.0278,0.6469,6
2026-03-21T17:10:57.333356,0,1.1019,1.1019,0.0239,3.1112,0.8751,0.1019,-0.8691,65
2026-03-21T17:10:57.333356,1,1.3810,0.0248,1.3810,2.8915,0.7511,0.7508,0.0224,86
2026-03-21T17:10:57.333356,2,0.0665,0.0434,0.0665,1.6097,0.6418,-0.0219,0.6414,5
2026-03-21T17:10:57.402320,0,1.1027,1.1027,0.0245,3.1145,0.8752,0.1022,-0.8692,65
2026-03-21T17:10:57.402320,1,0.0683,0.0683,0.0445,3.1004,1.1337,0.7439,-0.8555,5
2026-03-21T17:10:57.402320,2,1.3852,0.0254,1.3852,2.9428,0.7508,0.7507,-0.0104,86
2026-03-21T17:10:57.402320,3,0.0675,0.0428,0.0675,1.6186,0.6390,-0.0218,0.6386,5
2026-03-21T17:10:57.471757,0,1.1206,1.1206,0.0236,3.1125,0.8762,0.1114,-0.8691,66
2026-03-21T17:10:57.471757,1,1.4351,0.0265,1.4351,2.9442,0.7509,0.7508,0.0063,88
2026-03-21T17:10:57.471757,2,0.0645,0.0435,0.0645,1.6087,0.6412,-0.0219,0.6408,5
2026-03-21T17:10:57.541825,0,1.0993,1.0993,0.0216,3.1125,0.8752,0.1023,-0.8692,65
2026-03-21T17:10:57.541825,1,1.4900,0.0271,1.4900,2.9707,0.7517,0.7517,0.0060,90
2026-03-21T17:10:57.541825,2,0.0645,0.0432,0.0645,1.6127,0.6432,-0.0220,0.6428,5
2026-03-21T17:10:57.611073,0,1.1890,1.1890,0.0279,3.1082,0.8794,0.1390,-0.8684,69
2026-03-21T17:10:57.611073,1,1.4150,0.0319,1.4150,2.9227,0.7510,0.7508,0.0143,87
2026-03-21T17:10:57.611073,2,0.0665,0.0431,0.0665,1.6137,0.6400,-0.0219,0.6396,5
2026-03-21T17:10:57.681353,0,1.1218,1.1218,0.0183,3.1092,0.8759,0.1116,-0.8688,66
2026-03-21T17:10:57.681353,1,0.0385,0.0385,0.0163,3.0973,1.1406,0.7483,-0.8607,3
2026-03-21T17:10:57.681353,2,1.4123,0.0273,1.4123,2.9707,0.7516,0.7514,-0.0190,87
2026-03-21T17:10:57.681353,3,0.0705,0.0431,0.0705,1.6137,0.6428,-0.0219,0.6424,5
2026-03-21T17:10:57.750588,0,1.1890,1.1890,0.0312,3.1116,0.8806,0.1392,-0.8696,69
2026-03-21T17:10:57.750588,1,1.3838,0.0192,1.3838,2.8908,0.7505,0.7502,0.0229,86
2026-03-21T17:10:57.750588,2,0.0625,0.0431,0.0625,1.6137,0.6398,-0.0219,0.6394,5
2026-03-21T17:10:57.819832,0,1.1892,1.1892,0.0311,3.1107,0.8799,0.1388,-0.8688,69
2026-03-21T17:10:57.819832,1,1.4102,0.0257,1.4102,2.8908,0.7516,0.7510,0.0310,87
2026-03-21T17:10:57.819832,2,0.0625,0.0434,0.0625,1.6097,0.6432,-0.0220,0.6428,5
2026-03-21T17:10:57.889463,0,1.1890,1.1890,0.0294,3.1112,0.8800,0.1389,-0.8689,69
2026-03-21T17:10:57.889463,1,1.3597,0.0235,1.3597,2.8901,0.7504,0.7503,0.0142,85
2026-03-21T17:10:57.889463,2,0.0635,0.0434,0.0635,1.6097,0.6410,-0.0219,0.6406,5
2026-03-21T17:10:57.959677,0,1.1222,1.1222,0.0215,3.1105,0.8759,0.1113,-0.8688,66
2026-03-21T17:10:57.959677,1,1.4076,0.0269,1.4076,2.9167,0.7509,0.7507,0.0143,87
2026-03-21T17:10:57.959677,2,0.0735,0.0433,0.0735,1.6107,0.6458,-0.0220,0.6454,5
2026-03-21T17:10:58.029422,0,1.1253,1.1253,0.0237,3.1135,0.8760,0.1113,-0.8689,66
2026-03-21T17:10:58.029422,1,1.4096,0.0278,1.4096,2.9686,0.7519,0.7516,-0.0190,87
2026-03-21T17:10:58.029422,2,0.0498,0.0015,0.0498,1.5297,1.0442,0.7510,0.7255,3
2026-03-21T17:10:58.029422,3,0.0705,0.0432,0.0705,1.6117,0.6446,-0.0220,0.6442,5
2026-03-21T17:10:58.099149,0,1.1213,1.1213,0.0199,3.1105,0.8764,0.1114,-0.8693,66
2026-03-21T17:10:58.099149,1,1.4055,0.0216,1.4055,2.9160,0.7508,0.7507,0.0141,87
2026-03-21T17:10:58.099149,2,0.0715,0.0430,0.0715,1.6147,0.6426,-0.0219,0.6422,5
2026-03-21T17:10:58.169013,0,1.1907,1.1907,0.0284,3.1102,0.8798,0.1390,-0.8687,69
2026-03-21T17:10:58.169013,1,1.3108,0.0263,1.3108,2.8678,0.7509,0.7508,0.0141,83
2026-03-21T17:10:58.169013,2,0.0635,0.0432,0.0635,1.6117,0.6442,-0.0220,0.6438,5
2026-03-21T17:10:58.239182,0,1.1049,1.1049,0.0258,3.1145,0.8752,0.1024,-0.8692,65
2026-03-21T17:10:58.239182,1,1.4812,0.0287,1.4812,2.9896,0.7513,0.7512,-0.0104,90
2026-03-21T17:10:58.239182,2,0.0485,0.0432,0.0485,1.6127,0.6386,-0.0219,0.6382,5
2026-03-21T17:10:58.309684,0,1.1228,1.1228,0.0240,3.1122,0.8767,0.1114,-0.8696,66
2026-03-21T17:10:58.309684,1,1.3876,0.0280,1.3876,2.8967,0.7513,0.7510,0.0225,86
2026-03-21T17:10:58.309684,2,0.0545,0.0437,0.0545,1.6047,0.6430,-0.0220,0.6426,5
2026-03-21T17:10:58.378820,0,1.1909,1.1909,0.0321,3.1131,0.8800,0.1389,-0.8690,69
2026-03-21T17:10:58.378820,1,1.4609,0.0304,1.4609,2.9700,0.7520,0.7520,-0.0025,89
2026-03-21T17:10:58.378820,2,0.0565,0.0434,0.0565,1.6097,0.6426,-0.0220,0.6422,5
2026-03-21T17:10:58.448441,0,1.1265,1.1265,0.0203,3.1122,0.8763,0.1114,-0.8692,66
2026-03-21T17:10:58.448441,1,1.3387,0.0235,1.3387,2.8691,0.7517,0.7514,0.0226,84
2026-03-21T17:10:58.448441,2,0.0645,0.0434,0.0645,1.6097,0.6438,-0.0220,0.6434,5
2026-03-21T17:10:58.518311,0,0.9627,0.9627,0.0227,3.1116,0.8711,0.0495,-0.8697,59
2026-03-21T17:10:58.518311,1,0.1318,0.1318,0.0106,3.1057,1.0745,0.6322,-0.8688,7
2026-03-21T17:10:58.518311,2,1.3602,0.0275,1.3602,2.9422,0.7512,0.7510,-0.0184,85
2026-03-21T17:10:58.518311,3,0.0635,0.0437,0.0635,1.6047,0.6466,-0.0221,0.6462,5
2026-03-21T17:10:58.587035,0,1.1254,1.1254,0.0197,3.1112,0.8766,0.1114,-0.8695,66
2026-03-21T17:10:58.587035,1,1.3630,0.0217,1.3630,2.8928,0.7504,0.7503,0.0144,85
2026-03-21T17:10:58.587035,2,0.0590,0.0590,0.0545,1.6037,0.6500,-0.0282,0.6494,6
2026-03-21T17:10:58.657399,0,1.1927,1.1927,0.0314,3.1125,0.8799,0.1391,-0.8688,69
2026-03-21T17:10:58.657399,1,0.0960,0.0080,0.0960,3.0207,1.0679,0.7678,-0.7422,5
2026-03-21T17:10:58.657399,2,1.3826,0.0217,1.3826,2.8882,0.7513,0.7510,0.0228,86
2026-03-21T17:10:58.657399,3,0.0455,0.0083,0.0455,1.4792,1.0762,0.7475,0.7743,3
2026-03-21T17:10:58.657399,4,0.0575,0.0435,0.0575,1.6077,0.6440,-0.0220,0.6436,5
2026-03-21T17:10:58.726655,0,1.1251,1.1251,0.0266,3.1115,0.8761,0.1113,-0.8690,66
2026-03-21T17:10:58.726655,1,1.4089,0.0255,1.4089,2.9173,0.7513,0.7512,0.0143,87
2026-03-21T17:10:58.726655,2,0.0565,0.0437,0.0565,1.6047,0.6426,-0.0220,0.6422,5
2026-03-21T17:10:58.796296,0,1.0789,1.0789,0.0221,3.1105,0.8739,0.0934,-0.8689,64
2026-03-21T17:10:58.796296,1,0.0948,0.0948,0.0402,3.0982,1.1285,0.7332,-0.8579,6
2026-03-21T17:10:58.796296,2,1.3570,0.0237,1.3570,2.8901,0.7506,0.7505,0.0143,85
2026-03-21T17:10:58.796296,3,0.0474,0.0056,0.0474,1.5042,1.0612,0.7503,0.7505,3
2026-03-21T17:10:58.796296,4,0.0655,0.0435,0.0655,1.6077,0.6442,-0.0220,0.6438,5
2026-03-21T17:10:58.866523,0,1.1969,1.1969,0.0253,3.1116,0.8796,0.1389,-0.8686,69
2026-03-21T17:10:58.866523,1,1.4559,0.0290,1.4559,2.9415,0.7509,0.7508,0.0143,89
2026-03-21T17:10:58.866523,2,0.0585,0.0432,0.0585,1.6117,0.6414,-0.0219,0.6410,5
2026-03-21T17:10:58.936031,0,1.1883,1.1883,0.0316,3.1112,0.8801,0.1391,-0.8690,69
2026-03-21T17:10:58.936031,1,1.2858,0.0227,1.2858,2.8691,0.7510,0.7510,0.0062,82
2026-03-21T17:10:58.936031,2,0.0535,0.0438,0.0535,1.6037,0.6436,-0.0221,0.6432,5
2026-03-21T17:10:59.006226,0,1.1952,1.1952,0.0304,3.1151,0.8803,0.1392,-0.8692,69
2026-03-21T17:10:59.006226,1,1.3583,0.0240,1.3583,2.9194,0.7511,0.7511,-0.0018,85
2026-03-21T17:10:59.006226,2,0.0595,0.0436,0.0595,1.6067,0.6428,-0.0220,0.6424,5
2026-03-21T17:10:59.076218,0,1.1970,1.1970,0.0509,3.1097,0.8812,0.1481,-0.8687,70
2026-03-21T17:10:59.076218,1,1.3081,0.0206,1.3081,2.8684,0.7509,0.7507,0.0139,83
2026-03-21T17:10:59.076218,2,0.0595,0.0586,0.0595,1.6047,0.6485,-0.0281,0.6479,6
2026-03-21T17:10:59.145528,0,1.1257,1.1257,0.0253,3.1135,0.8759,0.1113,-0.8688,66
2026-03-21T17:10:59.145528,1,1.4049,0.0273,1.4049,2.9394,0.7512,0.7512,-0.0022,87
2026-03-21T17:10:59.145528,2,0.0635,0.0437,0.0635,1.6057,0.6472,-0.0221,0.6468,5
2026-03-21T17:10:59.215378,0,1.1979,1.1979,0.0571,3.1145,0.8810,0.1479,-0.8685,70
2026-03-21T17:10:59.215378,1,1.4362,0.0260,1.4362,2.9952,0.7521,0.7516,-0.0276,88
2026-03-21T17:10:59.215378,2,0.0745,0.0433,0.0745,1.6107,0.6434,-0.0219,0.6430,5
2026-03-21T17:10:59.284537,0,1.1296,1.1296,0.0225,3.1141,0.8763,0.1115,-0.8692,66
2026-03-21T17:10:59.284537,1,1.3561,0.0262,1.3561,2.8652,0.7512,0.7506,0.0307,85
2026-03-21T17:10:59.284537,2,0.0575,0.0435,0.0575,1.6087,0.6416,-0.0219,0.6412,5
2026-03-21T17:10:59.354316,0,1.0987,1.0987,0.0271,3.1141,0.8754,0.1023,-0.8694,65
2026-03-21T17:10:59.354316,1,1.3859,0.0210,1.3859,2.8665,0.7516,0.7506,0.0392,86
2026-03-21T17:10:59.354316,2,0.0665,0.0435,0.0665,1.6087,0.6438,-0.0219,0.6434,5
2026-03-21T17:10:59.424479,0,1.1957,1.1957,0.0513,3.1086,0.8807,0.1481,-0.8682,70
2026-03-21T17:10:59.424479,1,1.4109,0.0271,1.4109,2.9679,0.7511,0.7508,-0.0187,87
2026-03-21T17:10:59.424479,2,0.0491,0.0036,0.0491,1.5304,1.0436,0.7505,0.7251,3
2026-03-21T17:10:59.424479,3,0.0735,0.0433,0.0735,1.6107,0.6436,-0.0219,0.6432,5
2026-03-21T17:10:59.494382,0,1.1251,1.1251,0.0204,3.1112,0.8764,0.1112,-0.8693,66
2026-03-21T17:10:59.494382,1,1.4137,0.0249,1.4137,2.9207,0.7516,0.7514,0.0142,87
2026-03-21T17:10:59.563401,0,1.1228,1.1228,0.0254,3.1145,0.8767,0.1111,-0.8696,66
2026-03-21T17:10:59.563401,1,1.4123,0.0346,1.4123,2.9693,0.7518,0.7516,-0.0190,87
2026-03-21T17:10:59.563401,2,0.0735,0.0580,0.0735,1.6117,0.6474,-0.0279,0.6468,6
2026-03-21T17:10:59.632645,0,1.1200,1.1200,0.0243,3.1145,0.8759,0.1102,-0.8689,64
2026-03-21T17:10:59.632645,1,1.3836,0.0224,1.3836,2.8934,0.7508,0.7505,0.0224,86
2026-03-21T17:10:59.632645,2,0.0815,0.0430,0.0815,1.6147,0.6462,-0.0219,0.6458,5
2026-03-21T17:10:59.702545,0,1.1246,1.1246,0.0200,3.1112,0.8767,0.1113,-0.8696,66
2026-03-21T17:10:59.702545,1,1.3843,0.0212,1.3843,2.8941,0.7510,0.7506,0.0226,86
2026-03-21T17:10:59.702545,2,0.0468,0.0468,0.0420,1.6077,0.6404,-0.0336,0.6395,5
2026-03-21T17:10:59.772924,0,1.0737,1.0737,0.0254,3.1141,0.8744,0.0932,-0.8695,64
2026-03-21T17:10:59.772924,1,1.3657,0.0241,1.3657,2.8947,0.7512,0.7511,0.0145,85
2026-03-21T17:10:59.772924,2,0.0453,0.0453,0.0318,1.6070,0.6390,-0.0334,0.6381,5
2026-03-21T17:10:59.842176,0,1.1976,1.1976,0.0280,3.1135,0.8797,0.1391,-0.8687,69
2026-03-21T17:10:59.842176,1,1.3549,0.0206,1.3549,2.8921,0.7511,0.7509,0.0146,85
2026-03-21T17:10:59.842176,2,0.0460,0.0460,0.0304,1.6050,0.6400,-0.0335,0.6391,5
2026-03-21T17:10:59.912581,0,1.1856,1.1856,0.0340,3.1106,0.8805,0.1392,-0.8694,69
2026-03-21T17:10:59.912581,1,1.3590,0.0263,1.3590,2.9187,0.7505,0.7505,-0.0020,85
2026-03-21T17:10:59.912581,2,0.0475,0.0475,0.0453,1.6030,0.6450,-0.0339,0.6441,5
2026-03-21T17:11:00.003487,0,1.1925,1.1925,0.0252,3.1085,0.8800,0.1392,-0.8689,69
2026-03-21T17:11:00.003487,1,1.3358,0.0210,1.3358,2.8934,0.7512,0.7512,0.0062,84
2026-03-21T17:11:00.003487,2,0.0480,0.0469,0.0480,1.6127,0.6400,-0.0336,0.6391,5
2026-03-21T17:11:00.057950,0,1.1961,1.1961,0.0578,3.1115,0.8808,0.1481,-0.8683,70
2026-03-21T17:11:00.057950,1,1.4573,0.0282,1.4573,2.9422,0.7513,0.7512,0.0145,89
2026-03-21T17:11:00.057950,2,0.0470,0.0470,0.0323,1.5940,0.6494,-0.0341,0.6485,5
2026-03-21T17:11:00.123640,0,1.1988,1.1988,0.0818,3.1125,0.8817,0.1567,-0.8677,71
2026-03-21T17:11:00.123640,1,1.4042,0.0248,1.4042,2.9387,0.7516,0.7516,-0.0020,87
2026-03-21T17:11:00.123640,2,0.0759,0.0580,0.0759,1.6030,0.6544,-0.0282,0.6538,6
2026-03-21T17:11:00.192781,0,1.1954,1.1954,0.0257,3.1112,0.8801,0.1388,-0.8691,69
2026-03-21T17:11:00.192781,1,1.4069,0.0319,1.4069,2.9686,0.7522,0.7519,-0.0190,87
2026-03-21T17:11:00.192781,2,0.0465,0.0465,0.0383,1.6070,0.6414,-0.0337,0.6405,5
2026-03-21T17:11:00.266917,0,1.1265,1.1265,0.0272,3.1115,0.8763,0.1114,-0.8692,66
2026-03-21T17:11:00.266917,1,1.4117,0.0250,1.4117,2.9422,0.7515,0.7515,-0.0021,87
2026-03-21T17:11:00.266917,2,0.0470,0.0470,0.0370,1.5997,0.6462,-0.0339,0.6453,5
2026-03-21T17:11:00.332385,0,1.1258,1.1258,0.0237,3.1145,0.8764,0.1114,-0.8693,66
2026-03-21T17:11:00.332385,1,1.4586,0.0308,1.4586,2.9456,0.7521,0.7520,0.0146,89
2026-03-21T17:11:00.332385,2,0.0539,0.0474,0.0539,1.6127,0.6436,-0.0338,0.6427,5
2026-03-21T17:11:00.402939,0,1.1229,1.1229,0.0234,3.1145,0.8763,0.1114,-0.8692,66
2026-03-21T17:11:00.402939,1,1.3809,0.0272,1.3809,2.9140,0.7517,0.7517,0.0064,86
2026-03-21T17:11:00.469939,0,1.1918,1.1918,0.0290,3.1115,0.8798,0.1392,-0.8687,69
2026-03-21T17:11:00.469939,1,1.3358,0.0223,1.3358,2.8928,0.7510,0.7510,0.0062,84
2026-03-21T17:11:00.469939,2,0.0469,0.0469,0.0343,1.5980,0.6478,-0.0340,0.6469,5
2026-03-21T17:11:00.543849,0,1.1932,1.1932,0.0275,3.1115,0.8799,0.1391,-0.8688,69
2026-03-21T17:11:00.543849,1,1.3382,0.0341,1.3382,2.9435,0.7517,0.7512,-0.0266,84
2026-03-21T17:11:00.543849,2,0.0470,0.0470,0.0403,1.6010,0.6502,-0.0341,0.6493,5
2026-03-21T17:11:00.618321,0,1.1246,1.1246,0.0245,3.1145,0.8765,0.1113,-0.8694,66
2026-03-21T17:11:00.618321,1,1.3378,0.0228,1.3378,2.8928,0.7506,0.7506,0.0060,84
2026-03-21T17:11:00.618321,2,0.0463,0.0463,0.0250,1.5947,0.6482,-0.0339,0.6473,5
2026-03-21T17:11:00.684162,0,1.1941,1.1941,0.0614,3.1122,0.8805,0.1480,-0.8679,70
2026-03-21T17:11:00.684162,1,1.3850,0.0210,1.3850,2.8941,0.7520,0.7517,0.0226,86
2026-03-21T17:11:00.684162,2,0.0464,0.0464,0.0343,1.6030,0.6452,-0.0338,0.6443,5
2026-03-21T17:11:00.751703,0,1.1976,1.1976,0.0237,3.1107,0.8801,0.1393,-0.8690,69
2026-03-21T17:11:00.751703,1,1.3644,0.0270,1.3644,2.9207,0.7510,0.7510,-0.0020,85
2026-03-21T17:11:00.751703,2,0.0466,0.0466,0.0363,1.6030,0.6450,-0.0338,0.6441,5
2026-03-21T17:11:00.819518,0,1.1194,1.1194,0.0199,3.1112,0.8762,0.1114,-0.8691,66
2026-03-21T17:11:00.819518,1,1.4588,0.0281,1.4588,2.9658,0.7507,0.7507,-0.0021,89
2026-03-21T17:11:00.819518,2,0.0466,0.0466,0.0333,1.6000,0.6472,-0.0339,0.6463,5
2026-03-21T17:11:00.888010,0,1.1198,1.1198,0.0186,3.1102,0.8761,0.1115,-0.8690,66
2026-03-21T17:11:00.888010,1,1.3597,0.0224,1.3597,2.9173,0.7507,0.7507,-0.0016,85
2026-03-21T17:11:00.888010,2,0.0455,0.0455,0.0255,1.5937,0.6470,-0.0338,0.6461,5
2026-03-21T17:11:00.958910,0,1.1229,1.1229,0.0217,3.1115,0.8758,0.1111,-0.8687,66
2026-03-21T17:11:00.958910,1,1.3797,0.0267,1.3797,2.9381,0.7511,0.7511,-0.0105,86
2026-03-21T17:11:00.958910,2,0.0456,0.0456,0.0214,1.5957,0.6444,-0.0337,0.6435,5
2026-03-21T17:11:01.026118,0,1.1237,1.1237,0.0221,3.1102,0.8766,0.1115,-0.8695,66
2026-03-21T17:11:01.026118,1,1.4114,0.0217,1.4114,2.8928,0.7518,0.7511,0.0313,87
2026-03-21T17:11:01.026118,2,0.0461,0.0461,0.0344,1.6027,0.6454,-0.0337,0.6445,5
2026-03-21T17:11:01.102357,0,1.1930,1.1930,0.0570,0.3187,0.8811,0.1479,-0.8686,70
2026-03-21T17:11:01.102357,1,1.3845,0.0253,1.3845,0.1487,0.7512,0.7512,-0.0103,86
2026-03-21T17:11:01.102357,2,0.0461,0.0461,0.0254,0.0000,0.6440,-0.0337,0.6431,5
2026-03-21T17:11:01.167976,0,1.1949,1.1949,0.0316,0.3207,0.8803,0.1390,-0.8692,69
2026-03-21T17:11:01.167976,1,1.4354,0.0269,1.4354,0.1737,0.7517,0.7516,-0.0104,88
2026-03-21T17:11:01.167976,2,0.0471,0.0471,0.0383,0.0000,0.6444,-0.0339,0.6435,5
2026-03-21T17:11:01.235357,0,1.1228,1.1228,0.0207,0.3172,0.8767,0.1115,-0.8695,66
2026-03-21T17:11:01.235357,1,0.0417,0.0417,0.0185,0.3054,1.1402,0.7481,-0.8605,3
2026-03-21T17:11:01.235357,2,1.4076,0.0234,1.4076,0.1480,0.7511,0.7511,-0.0020,87
2026-03-21T17:11:01.235357,3,0.0465,0.0465,0.0330,0.0000,0.6452,-0.0338,0.6443,5
2026-03-21T17:11:01.305598,0,1.0764,1.0764,0.0188,0.3152,0.8740,0.0933,-0.8691,64
2026-03-21T17:11:01.305598,1,1.3822,0.0231,1.3822,0.1000,0.7512,0.7509,0.0225,86
2026-03-21T17:11:01.305598,2,0.0469,0.0469,0.0390,0.0000,0.6474,-0.0339,0.6465,5
2026-03-21T17:11:01.374635,0,1.1291,1.1291,0.0217,0.3181,0.8765,0.1113,-0.8694,66
2026-03-21T17:11:01.374635,1,1.3818,0.0308,1.3818,0.1473,0.7511,0.7510,-0.0107,86
2026-03-21T17:11:01.374635,2,0.0469,0.0469,0.0303,0.0000,0.6472,-0.0340,0.6463,5
2026-03-21T17:11:01.444791,0,1.1027,1.1027,0.0219,0.3180,0.8751,0.1023,-0.8691,65
2026-03-21T17:11:01.444791,1,0.0710,0.0434,0.0710,0.3061,1.1301,0.7560,-0.8400,5
2026-03-21T17:11:01.444791,2,1.4096,0.0266,1.4096,0.1252,0.7513,0.7512,0.0143,87
2026-03-21T17:11:01.444791,3,0.0477,0.0477,0.0460,0.0000,0.6480,-0.0340,0.6471,5
2026-03-21T17:11:01.514196,0,1.0788,1.0788,0.0251,0.3197,0.8747,0.0936,-0.8697,64
2026-03-21T17:11:01.514196,1,0.0904,0.0904,0.0444,0.3082,1.1293,0.7337,-0.8585,6
2026-03-21T17:11:01.514196,2,1.4380,0.0230,1.4380,0.1259,0.7513,0.7509,0.0227,88
2026-03-21T17:11:01.514196,3,0.0685,0.0438,0.0685,0.0000,0.6490,-0.0221,0.6486,5
2026-03-21T17:11:01.583934,0,1.1023,1.1023,0.0233,0.3170,0.8750,0.1023,-0.8690,65
2026-03-21T17:11:01.583934,1,0.0673,0.0673,0.0461,0.3063,1.1351,0.7448,-0.8566,5
2026-03-21T17:11:01.583934,2,1.3864,0.0232,1.3864,0.1006,0.7507,0.7503,0.0227,86
2026-03-21T17:11:01.583934,3,0.0549,0.0478,0.0549,0.0000,0.6468,-0.0340,0.6459,5
2026-03-21T17:11:01.653124,0,1.1887,1.1887,0.0330,0.3191,0.8800,0.1391,-0.8690,69
2026-03-21T17:11:01.653124,1,1.4306,0.0280,1.4306,0.1730,0.7514,0.7514,-0.0106,88
2026-03-21T17:11:01.653124,2,0.0469,0.0469,0.0360,0.0000,0.6452,-0.0339,0.6443,5
2026-03-21T17:11:01.722937,0,1.1901,1.1901,0.0344,0.3220,0.8801,0.1391,-0.8691,69
2026-03-21T17:11:01.722937,1,1.3062,0.0268,1.3062,0.0987,0.7508,0.7508,-0.0020,83
2026-03-21T17:11:01.722937,2,0.0468,0.0468,0.0313,0.0000,0.6496,-0.0341,0.6487,5
2026-03-21T17:11:01.792960,0,1.1914,1.1914,0.0296,0.3172,0.8799,0.1390,-0.8688,69
2026-03-21T17:11:01.792960,1,1.2884,0.0226,1.2884,0.0750,0.7505,0.7505,0.0063,82
2026-03-21T17:11:01.862168,0,1.0996,1.0996,0.0246,0.3191,0.8754,0.1022,-0.8694,65
2026-03-21T17:11:01.862168,1,1.4283,0.0296,1.4283,0.1432,0.7506,0.7506,0.0062,88
2026-03-21T17:11:01.932230,0,1.0747,1.0747,0.0210,0.3178,0.8747,0.0934,-0.8697,64
2026-03-21T17:11:01.932230,1,0.0897,0.0897,0.0153,0.3051,1.1273,0.7249,-0.8633,5
2026-03-21T17:11:01.932230,2,1.3878,0.0232,1.3878,0.1006,0.7504,0.7501,0.0228,86
2026-03-21T17:11:01.932230,3,0.0795,0.0436,0.0795,0.0000,0.6514,-0.0221,0.6510,5
2026-03-21T17:11:02.001977,0,1.1894,1.1894,0.0302,0.3171,0.8797,0.1389,-0.8686,67
2026-03-21T17:11:02.001977,1,1.3338,0.0254,1.3338,0.0980,0.7502,0.7502,0.0064,84
2026-03-21T17:11:02.071473,0,1.1945,1.1945,0.0622,0.3202,0.8804,0.1481,-0.8679,70
2026-03-21T17:11:02.071473,1,1.3590,0.0238,1.3590,0.1232,0.7504,0.7504,-0.0020,85
2026-03-21T17:11:02.140753,0,1.1218,1.1218,0.0204,0.3181,0.8760,0.1115,-0.8689,66
2026-03-21T17:11:02.140753,1,1.4110,0.0235,1.4110,0.1246,0.7512,0.7511,0.0145,87
2026-03-21T17:11:02.211007,0,1.1903,1.1903,0.0283,0.3181,0.8797,0.1388,-0.8687,69
2026-03-21T17:11:02.211007,1,1.3364,0.0219,1.3364,0.1000,0.7505,0.7505,0.0061,84
2026-03-21T17:11:02.280395,0,1.1218,1.1218,0.0216,0.3161,0.8761,0.1112,-0.8690,66
2026-03-21T17:11:02.280395,1,0.0397,0.0397,0.0230,0.3084,1.1412,0.7488,-0.8612,3
2026-03-21T17:11:02.280395,2,1.3582,0.0209,1.3582,0.1000,0.7510,0.7509,0.0144,85
2026-03-21T17:11:02.280395,3,0.0539,0.0476,0.0539,0.0000,0.6468,-0.0339,0.6459,5
2026-03-21T17:11:02.350524,0,1.1941,1.1941,0.0271,0.3177,0.8802,0.1393,-0.8691,69
2026-03-21T17:11:02.350524,1,1.3864,0.0222,1.3864,0.1000,0.7515,0.7511,0.0225,86
2026-03-21T17:11:02.420930,0,1.1947,1.1947,0.0257,0.3170,0.8799,0.1391,-0.8689,69
2026-03-21T17:11:02.420930,1,1.3850,0.0296,1.3850,0.1000,0.7516,0.7512,0.0223,86
2026-03-21T17:11:02.420930,2,0.0795,0.0437,0.0795,0.0000,0.6526,-0.0221,0.6522,5
2026-03-21T17:11:02.489837,0,1.0981,1.0981,0.0235,0.3181,0.8752,0.1020,-0.8692,65
2026-03-21T17:11:02.489837,1,0.0645,0.0645,0.0467,0.3032,1.1309,0.7420,-0.8534,5
2026-03-21T17:11:02.489837,2,1.4823,0.0286,1.4823,0.1730,0.7510,0.7510,0.0057,90
2026-03-21T17:11:02.560177,0,1.1899,1.1899,0.0287,0.3171,0.8801,0.1391,-0.8691,69
2026-03-21T17:11:02.560177,1,1.3331,0.0209,1.3331,0.0993,0.7506,0.7506,0.0064,84
2026-03-21T17:11:02.560177,2,0.0765,0.0436,0.0765,0.0000,0.6502,-0.0221,0.6498,5
2026-03-21T17:11:02.629499,0,1.1272,1.1272,0.0201,0.3158,0.8765,0.1115,-0.8694,66
2026-03-21T17:11:02.629499,1,1.4574,0.0263,1.4574,0.1730,0.7512,0.7512,-0.0022,89
2026-03-21T17:11:02.629499,2,0.0585,0.0443,0.0585,0.0000,0.6536,-0.0224,0.6532,5
2026-03-21T17:11:02.699269,0,1.1302,1.1302,0.0218,0.3191,0.8760,0.1111,-0.8689,66
2026-03-21T17:11:02.699269,1,1.3596,0.0232,1.3596,0.1006,0.7505,0.7504,0.0139,85
2026-03-21T17:11:02.699269,2,0.0745,0.0437,0.0745,0.0000,0.6520,-0.0222,0.6516,5
2026-03-21T17:11:02.768615,0,1.1026,1.1026,0.0243,0.3210,0.8757,0.1023,-0.8697,65
2026-03-21T17:11:02.768615,1,1.3617,0.0292,1.3617,0.1266,0.7507,0.7507,-0.0021,85
2026-03-21T17:11:02.768615,2,0.0725,0.0440,0.0725,0.0000,0.6556,-0.0223,0.6552,5
2026-03-21T17:11:02.838528,0,1.0779,1.0779,0.0202,0.3177,0.8745,0.0933,-0.8696,64
2026-03-21T17:11:02.838528,1,0.0903,0.0903,0.0157,0.3048,1.1265,0.7244,-0.8626,5
2026-03-21T17:11:02.838528,2,0.0965,0.0039,0.0965,0.2011,1.0491,0.7669,-0.7159,5
2026-03-21T17:11:02.838528,3,1.3114,0.0231,1.3114,0.0769,0.7503,0.7502,0.0141,83
2026-03-21T17:11:02.838528,4,0.0497,0.0007,0.0497,0.0000,1.0389,0.7472,0.7218,3
2026-03-21T17:11:02.838528,5,0.0775,0.0600,0.0775,0.0000,0.6625,-0.0286,0.6619,6
2026-03-21T17:11:02.908481,0,1.1228,1.1228,0.0217,0.3181,0.8764,0.1111,-0.8693,66
2026-03-21T17:11:02.908481,1,1.3848,0.0309,1.3848,0.1286,0.7507,0.7507,0.0055,86
2026-03-21T17:11:02.908481,2,0.0785,0.0598,0.0785,0.0000,0.6627,-0.0286,0.6621,6
2026-03-21T17:11:02.978532,0,1.1019,1.1019,0.0246,0.3180,0.8754,0.1020,-0.8694,65
2026-03-21T17:11:02.978532,1,1.3852,0.0272,1.3852,0.1487,0.7515,0.7514,-0.0105,86
2026-03-21T17:11:02.978532,2,0.0666,0.0444,0.0666,0.0000,0.6558,-0.0224,0.6554,5
2026-03-21T17:11:03.047596,0,1.1927,1.1927,0.0267,0.3157,0.8799,0.1392,-0.8688,69
2026-03-21T17:11:03.047596,1,1.3351,0.0256,1.3351,0.0993,0.7508,0.7508,0.0062,84
2026-03-21T17:11:03.047596,2,0.0655,0.0440,0.0655,0.0000,0.6536,-0.0223,0.6532,5
2026-03-21T17:11:03.117250,0,1.0997,1.0997,0.0246,0.3207,0.8751,0.1022,-0.8691,65
2026-03-21T17:11:03.117250,1,1.4340,0.0311,1.4340,0.1219,0.7511,0.7508,0.0226,88
2026-03-21T17:11:03.117250,2,0.0605,0.0439,0.0605,0.0000,0.6524,-0.0223,0.6520,5
2026-03-21T17:11:03.187363,0,1.1251,1.1251,0.0210,0.3177,0.8767,0.1113,-0.8696,66
2026-03-21T17:11:03.187363,1,0.0984,0.0073,0.0984,0.2004,1.0455,0.7642,-0.7134,5
2026-03-21T17:11:03.187363,2,1.3837,0.0211,1.3837,0.0737,0.7517,0.7507,0.0392,86
2026-03-21T17:11:03.187363,3,0.0565,0.0444,0.0565,0.0000,0.6550,-0.0224,0.6546,5
2026-03-21T17:11:03.257293,0,1.1226,1.1226,0.0220,0.3210,0.8768,0.1115,-0.8697,66
2026-03-21T17:11:03.257293,1,0.0398,0.0398,0.0148,0.3031,1.1416,0.7490,-0.8615,3
2026-03-21T17:11:03.257293,2,0.0982,0.0130,0.0982,0.1535,1.0161,0.7664,-0.6671,5
2026-03-21T17:11:03.257293,3,1.2829,0.0234,1.2829,0.0308,0.7508,0.7499,0.0379,82
2026-03-21T17:11:03.257293,4,0.0725,0.0442,0.0725,0.0000,0.6574,-0.0224,0.6570,5
2026-03-21T17:11:03.325842,0,1.1927,1.1927,0.0285,0.3191,0.8799,0.1389,-0.8689,69
2026-03-21T17:11:03.325842,1,1.3582,0.0281,1.3582,0.1019,0.7512,0.7511,0.0138,85
2026-03-21T17:11:03.325842,2,0.0775,0.0597,0.0775,0.0000,0.6644,-0.0287,0.6637,6
2026-03-21T17:11:03.396751,0,1.1244,1.1244,0.0242,0.3197,0.8762,0.1112,-0.8691,66
2026-03-21T17:11:03.396751,1,1.3095,0.0210,1.3095,0.0743,0.7501,0.7499,0.0142,83
2026-03-21T17:11:03.396751,2,0.0755,0.0444,0.0755,0.0000,0.6610,-0.0225,0.6606,5
2026-03-21T17:11:03.466148,0,1.1977,1.1977,0.1092,0.3180,0.8817,0.1655,-0.8660,72
2026-03-21T17:11:03.466148,1,1.3828,0.0241,1.3828,0.1239,0.7504,0.7504,0.0061,86
2026-03-21T17:11:03.466148,2,0.0735,0.0437,0.0735,0.0000,0.6564,-0.0223,0.6560,5
2026-03-21T17:11:03.535652,0,1.0982,1.0982,0.0209,0.3171,0.8758,0.1026,-0.8698,65
2026-03-21T17:11:03.535652,1,1.3856,0.0205,1.3856,0.1239,0.7514,0.7513,0.0065,86
2026-03-21T17:11:03.535652,2,0.0605,0.0442,0.0605,0.0000,0.6550,-0.0224,0.6546,5
2026-03-21T17:11:03.605277,0,1.1218,1.1218,0.0219,0.3190,0.8765,0.1114,-0.8694,66
2026-03-21T17:11:03.605277,1,1.3095,0.0264,1.3095,0.0993,0.7505,0.7505,-0.0019,83
2026-03-21T17:11:03.605277,2,0.0605,0.0597,0.0605,0.0000,0.6595,-0.0286,0.6589,6
2026-03-21T17:11:03.675321,0,1.1195,1.1195,0.0254,0.3207,0.8769,0.1113,-0.8698,66
2026-03-21T17:11:03.675321,1,1.3603,0.0223,1.3603,0.1006,0.7509,0.7508,0.0144,85
2026-03-21T17:11:03.675321,2,0.0645,0.0597,0.0645,0.0000,0.6619,-0.0286,0.6612,6
2026-03-21T17:11:03.744229,0,1.1260,1.1260,0.0213,0.3161,0.8753,0.1106,-0.8682,64
2026-03-21T17:11:03.744229,1,1.4096,0.0254,1.4096,0.1239,0.7511,0.7510,0.0144,87
2026-03-21T17:11:03.744229,2,0.0695,0.0443,0.0695,0.0000,0.6584,-0.0225,0.6580,5
2026-03-21T17:11:03.814487,0,1.1242,1.1242,0.0223,0.3181,0.8768,0.1113,-0.8697,66
2026-03-21T17:11:03.814487,1,1.3588,0.0212,1.3588,0.0730,0.7511,0.7504,0.0308,85
2026-03-21T17:11:03.814487,2,0.0490,0.0055,0.0490,0.0000,1.0742,0.7461,0.7729,3
2026-03-21T17:11:03.814487,3,0.0686,0.0445,0.0686,0.0000,0.6604,-0.0225,0.6600,5
2026-03-21T17:11:03.884119,0,1.1961,1.1961,0.0292,0.3220,0.8801,0.1392,-0.8690,69
2026-03-21T17:11:03.884119,1,1.3811,0.0244,1.3811,0.1460,0.7510,0.7509,-0.0103,86
2026-03-21T17:11:03.884119,2,0.0715,0.0439,0.0715,0.0000,0.6562,-0.0224,0.6558,5
2026-03-21T17:11:03.953945,0,1.1927,1.1927,0.0296,0.3187,0.8796,0.1390,-0.8686,69
2026-03-21T17:11:03.953945,1,1.3849,0.0248,1.3849,0.1219,0.7507,0.7506,0.0062,86
2026-03-21T17:11:03.953945,2,0.0675,0.0441,0.0675,0.0000,0.6552,-0.0224,0.6548,5
2026-03-21T17:11:04.023545,0,1.1927,1.1927,0.0276,0.3182,0.8798,0.1391,-0.8687,69
2026-03-21T17:11:04.023545,1,1.3082,0.0223,1.3082,0.0724,0.7508,0.7507,0.0145,83
2026-03-21T17:11:04.023545,2,0.0765,0.0600,0.0765,0.0000,0.6610,-0.0286,0.6604,6
2026-03-21T17:11:04.092446,0,1.1003,1.1003,0.0188,0.3171,0.8749,0.1019,-0.8690,63
2026-03-21T17:11:04.092446,1,1.3648,0.0264,1.3648,0.1487,0.7511,0.7509,-0.0182,85
2026-03-21T17:11:04.092446,2,0.0625,0.0442,0.0625,0.0000,0.6550,-0.0224,0.6546,5
2026-03-21T17:11:04.162753,0,1.0725,1.0725,0.0237,0.3191,0.8742,0.0933,-0.8692,64
2026-03-21T17:11:04.162753,1,0.0935,0.0197,0.0935,0.3031,1.1217,0.7646,-0.8207,5
2026-03-21T17:11:04.162753,2,1.4846,0.0210,1.4846,0.1480,0.7516,0.7512,0.0232,90
2026-03-21T17:11:04.162753,3,0.0539,0.0444,0.0539,0.0000,0.6508,-0.0223,0.6504,5
2026-03-21T17:11:04.232287,0,1.0993,1.0993,0.0208,0.3170,0.8753,0.1024,-0.8693,65
2026-03-21T17:11:04.232287,1,1.3610,0.0244,1.3610,0.0993,0.7506,0.7505,0.0145,85
2026-03-21T17:11:04.232287,2,0.0635,0.0439,0.0635,0.0000,0.6524,-0.0223,0.6520,5
2026-03-21T17:11:04.302576,0,1.1209,1.1209,0.0243,0.3177,0.8759,0.1111,-0.8689,66
2026-03-21T17:11:04.302576,1,1.3849,0.0244,1.3849,0.1246,0.7512,0.7512,0.0060,86
2026-03-21T17:11:04.371621,0,1.0961,1.0961,0.0219,0.3167,0.8751,0.1020,-0.8691,65
2026-03-21T17:11:04.371621,1,0.0680,0.0680,0.0440,0.3071,1.1375,0.7463,-0.8584,5
2026-03-21T17:11:04.371621,2,1.3542,0.0260,1.3542,0.0987,0.7507,0.7506,0.0141,85
2026-03-21T17:11:04.371621,3,0.0755,0.0438,0.0755,0.0000,0.6534,-0.0222,0.6530,5
2026-03-21T17:11:04.441744,0,1.0982,1.0982,0.0216,0.3181,0.8757,0.1025,-0.8697,65
2026-03-21T17:11:04.441744,1,0.0617,0.0617,0.0489,0.3069,1.1331,0.7434,-0.8551,5
2026-03-21T17:11:04.441744,2,1.3650,0.0237,1.3650,0.1019,0.7505,0.7504,0.0144,85
2026-03-21T17:11:04.510930,0,1.1908,1.1908,0.0297,0.3210,0.8803,0.1394,-0.8692,69
2026-03-21T17:11:04.510930,1,1.3341,0.0238,1.3341,0.1246,0.7501,0.7500,-0.0100,84
2026-03-21T17:11:04.510930,2,0.0480,0.0477,0.0480,0.0000,0.6486,-0.0341,0.6477,5
2026-03-21T17:11:04.580696,0,1.1241,1.1241,0.0261,0.3210,0.8766,0.1113,-0.8695,66
2026-03-21T17:11:04.580696,1,0.0405,0.0405,0.0140,0.3039,1.1416,0.7490,-0.8615,3
2026-03-21T17:11:04.580696,2,1.3858,0.0236,1.3858,0.0987,0.7510,0.7507,0.0226,86
2026-03-21T17:11:04.580696,3,0.0725,0.0590,0.0725,0.0000,0.6584,-0.0284,0.6578,6
2026-03-21T17:11:04.650224,0,1.1278,1.1278,0.0215,0.3171,0.8761,0.1113,-0.8690,66
2026-03-21T17:11:04.650224,1,1.4289,0.0253,1.4289,0.1494,0.7517,0.7517,0.0060,88
2026-03-21T17:11:04.650224,2,0.0656,0.0589,0.0656,0.0000,0.6600,-0.0285,0.6594,6
2026-03-21T17:11:04.720640,0,1.1981,1.1981,0.0545,0.3191,0.8811,0.1480,-0.8686,70
2026-03-21T17:11:04.720640,1,1.4049,0.0293,1.4049,0.1460,0.7508,0.7508,-0.0024,87
2026-03-21T17:11:04.720640,2,0.0462,0.0462,0.0278,0.0000,0.6524,-0.0341,0.6515,5
2026-03-21T17:11:04.789176,0,1.1909,1.1909,0.0346,0.3207,0.8802,0.1391,-0.8691,69
2026-03-21T17:11:04.789176,1,1.3583,0.0274,1.3583,0.0980,0.7512,0.7511,0.0142,85
2026-03-21T17:11:04.789176,2,0.0458,0.0458,0.0288,0.0000,0.6490,-0.0339,0.6481,5
2026-03-21T17:11:04.859788,0,1.1950,1.1950,0.0260,0.3180,0.8802,0.1390,-0.8691,69
2026-03-21T17:11:04.859788,1,1.3612,0.0255,1.3612,0.0775,0.7518,0.7512,0.0300,85
2026-03-21T17:11:04.859788,2,0.0474,0.0474,0.0393,0.0000,0.6548,-0.0343,0.6539,5
2026-03-21T17:11:04.928977,0,1.1985,1.1985,0.0291,0.3226,0.8803,0.1386,-0.8694,69
2026-03-21T17:11:04.928977,1,1.4366,0.0291,1.4366,0.1266,0.7512,0.7508,0.0221,88
2026-03-21T17:11:04.928977,2,0.0666,0.0592,0.0666,0.0000,0.6637,-0.0287,0.6631,6
2026-03-21T17:11:04.999495,0,1.1283,1.1283,0.0220,0.3187,0.8764,0.1112,-0.8693,66
2026-03-21T17:11:04.999495,1,0.0979,0.0039,0.0979,0.2025,1.0505,0.7679,-0.7169,5
2026-03-21T17:11:04.999495,2,1.3392,0.0260,1.3392,0.0782,0.7514,0.7510,0.0221,84
2026-03-21T17:11:04.999495,3,0.0474,0.0474,0.0370,0.0000,0.6530,-0.0342,0.6521,5
2026-03-21T17:11:05.068208,0,1.1206,1.1206,0.0273,0.3201,0.8763,0.1114,-0.8692,66
2026-03-21T17:11:05.068208,1,1.3801,0.0235,1.3801,0.1239,0.7506,0.7506,0.0061,86
2026-03-21T17:11:05.068208,2,0.0489,0.0477,0.0489,0.0000,0.6502,-0.0341,0.6493,5
2026-03-21T17:11:05.138736,0,1.1226,1.1226,0.0197,0.3181,0.8768,0.1117,-0.8696,66
2026-03-21T17:11:05.138736,1,0.0993,0.0074,0.0993,0.2514,1.0811,0.7640,-0.7649,5
2026-03-21T17:11:05.138736,2,1.3863,0.0279,1.3863,0.1232,0.7505,0.7504,0.0066,86
2026-03-21T17:11:05.138736,3,0.0539,0.0481,0.0539,0.0000,0.6510,-0.0342,0.6501,5
2026-03-21T17:11:05.208368,0,1.1961,1.1961,0.0253,0.3181,0.8802,0.1393,-0.8691,69
2026-03-21T17:11:05.208368,1,0.0944,0.0074,0.0944,0.1990,1.0483,0.7663,-0.7153,5
2026-03-21T17:11:05.208368,2,1.3865,0.0232,1.3865,0.0743,0.7518,0.7508,0.0389,86
2026-03-21T17:11:05.208368,3,0.0452,0.0452,0.0264,0.0000,0.6468,-0.0337,0.6459,5
2026-03-21T17:11:05.278229,0,1.1015,1.1015,0.0221,0.3157,0.8749,0.1021,-0.8689,65
2026-03-21T17:11:05.278229,1,0.0644,0.0644,0.0454,0.3063,1.1327,0.7432,-0.8548,5
2026-03-21T17:11:05.278229,2,1.3842,0.0294,1.3842,0.1252,0.7505,0.7505,0.0058,86
2026-03-21T17:11:05.278229,3,0.0453,0.0429,0.0453,0.0000,0.6414,-0.0332,0.6405,5
2026-03-21T17:11:05.347231,0,1.1026,1.1026,0.0212,0.3177,0.8749,0.1023,-0.8689,65
2026-03-21T17:11:05.347231,1,1.3502,0.0266,1.3502,0.1446,0.7514,0.7511,-0.0183,85
2026-03-21T17:11:05.347231,2,0.0583,0.0422,0.0583,0.0000,0.6430,-0.0332,0.6421,5
2026-03-21T17:11:05.416443,0,1.1890,1.1890,0.0330,0.3198,0.8803,0.1392,-0.8692,69
2026-03-21T17:11:05.416443,1,1.3358,0.0247,1.3358,0.0987,0.7503,0.7503,0.0061,84
2026-03-21T17:11:05.416443,2,0.0583,0.0423,0.0583,0.0000,0.6448,-0.0333,0.6439,5
2026-03-21T17:11:05.486433,0,1.1241,1.1241,0.0229,0.3191,0.8760,0.1113,-0.8689,66
2026-03-21T17:11:05.486433,1,1.4094,0.0214,1.4094,0.0980,0.7509,0.7503,0.0312,87
2026-03-21T17:11:05.486433,2,0.0451,0.0451,0.0378,0.0000,0.6508,-0.0339,0.6499,5
2026-03-21T17:11:05.556171,0,1.1261,1.1261,0.0209,0.3190,0.8763,0.1112,-0.8692,66
2026-03-21T17:11:05.556171,1,1.4103,0.0248,1.4103,0.1246,0.7511,0.7510,0.0140,87
2026-03-21T17:11:05.556171,2,0.0455,0.0455,0.0328,0.0000,0.6468,-0.0337,0.6459,5
2026-03-21T17:11:05.626856,0,1.0998,1.0998,0.0256,0.3177,0.8751,0.1021,-0.8691,65
2026-03-21T17:11:05.626856,1,0.0678,0.0678,0.0417,0.3055,1.1339,0.7440,-0.8556,5
2026-03-21T17:11:05.626856,2,1.4348,0.0256,1.4348,0.1758,0.7513,0.7513,-0.0106,88
2026-03-21T17:11:05.626856,3,0.0470,0.0470,0.0330,0.0000,0.6534,-0.0342,0.6525,5
2026-03-21T17:11:05.695036,0,1.1969,1.1969,0.0233,0.3160,0.8802,0.1390,-0.8692,69
2026-03-21T17:11:05.695036,1,0.0950,0.0032,0.0950,0.1751,1.0307,0.7656,-0.6901,5
2026-03-21T17:11:05.695036,2,1.2872,0.0212,1.2872,0.0534,0.7506,0.7503,0.0220,82
2026-03-21T17:11:05.695036,3,0.0465,0.0465,0.0273,0.0000,0.6508,-0.0341,0.6499,5
2026-03-21T17:11:05.765226,0,1.1918,1.1918,0.0635,0.3200,0.8809,0.1479,-0.8684,70
2026-03-21T17:11:05.765226,1,1.3321,0.0223,1.3321,0.1225,0.7510,0.7509,-0.0100,84
2026-03-21T17:11:05.765226,2,0.0452,0.0452,0.0248,0.0000,0.6504,-0.0339,0.6495,5
2026-03-21T17:11:05.835579,0,1.0988,1.0988,0.0234,0.3190,0.8756,0.1025,-0.8696,65
2026-03-21T17:11:05.835579,1,1.3174,0.0255,1.3174,0.0769,0.7511,0.7509,0.0142,83
2026-03-21T17:11:05.835579,2,0.0452,0.0452,0.0285,0.0000,0.6488,-0.0338,0.6479,5
2026-03-21T17:11:05.904034,0,1.1922,1.1922,0.0336,0.3197,0.8802,0.1391,-0.8691,69
2026-03-21T17:11:05.904034,1,1.3859,0.0277,1.3859,0.1528,0.7513,0.7512,-0.0103,86
2026-03-21T17:11:05.904034,2,0.0452,0.0452,0.0338,0.0000,0.6478,-0.0338,0.6469,5
2026-03-21T17:11:05.974713,0,1.1890,1.1890,0.0317,0.3201,0.8800,0.1391,-0.8689,69
2026-03-21T17:11:05.974713,1,1.4128,0.0229,1.4128,0.1000,0.7516,0.7510,0.0307,87
2026-03-21T17:11:05.974713,2,0.0444,0.0444,0.0394,0.0000,0.6478,-0.0336,0.6469,5
2026-03-21T17:11:06.044467,0,1.1002,1.1002,0.0216,0.3181,0.8754,0.1022,-0.8694,65
2026-03-21T17:11:06.044467,1,0.0862,0.0067,0.0862,0.1219,0.9967,0.7632,-0.6410,5
2026-03-21T17:11:06.044467,2,1.2461,0.0234,1.2461,0.0096,0.7507,0.7497,0.0378,80
2026-03-21T17:11:06.044467,3,0.0454,0.0454,0.0275,0.0000,0.6480,-0.0338,0.6471,5
2026-03-21T17:11:06.113595,0,1.0741,1.0741,0.0210,0.3181,0.8742,0.0934,-0.8692,64
2026-03-21T17:11:06.113595,1,0.0936,0.0936,0.0107,0.3027,1.1273,0.7250,-0.8632,5
2026-03-21T17:11:06.113595,2,1.3835,0.0282,1.3835,0.1225,0.7510,0.7510,0.0060,86
2026-03-21T17:11:06.113595,3,0.0431,0.0431,0.0393,0.0000,0.6422,-0.0333,0.6413,5
2026-03-21T17:11:06.183803,0,1.1952,1.1952,0.0247,0.3160,0.8799,0.1392,-0.8688,69
2026-03-21T17:11:06.183803,1,1.3828,0.0288,1.3828,0.1246,0.7510,0.7510,0.0057,86
2026-03-21T17:11:06.183803,2,0.0449,0.0449,0.0288,0.0000,0.6460,-0.0337,0.6451,5
2026-03-21T17:11:06.253793,0,1.1918,1.1918,0.0276,0.3167,0.8802,0.1392,-0.8691,69
2026-03-21T17:11:06.253793,1,1.3590,0.0218,1.3590,0.1246,0.7505,0.7505,-0.0019,85
2026-03-21T17:11:06.253793,2,0.0445,0.0445,0.0358,0.0000,0.6440,-0.0335,0.6431,5
2026-03-21T17:11:06.322830,0,1.1246,1.1246,0.0212,0.3170,0.8765,0.1113,-0.8694,66
2026-03-21T17:11:06.322830,1,0.0392,0.0392,0.0200,0.3076,1.1432,0.7501,-0.8627,3
2026-03-21T17:11:06.322830,2,1.3063,0.0208,1.3063,0.0692,0.7510,0.7508,0.0143,83
2026-03-21T17:11:06.322830,3,0.0533,0.0427,0.0533,0.0000,0.6448,-0.0333,0.6439,5
2026-03-21T17:11:06.392672,0,1.1209,1.1209,0.0211,0.3175,0.8761,0.1114,-0.8690,66
2026-03-21T17:11:06.392672,1,1.4607,0.0312,1.4607,0.2011,0.7518,0.7516,-0.0192,89
2026-03-21T17:11:06.392672,2,0.0443,0.0433,0.0443,0.0000,0.6448,-0.0334,0.6439,5
2026-03-21T17:11:06.462239,0,1.1966,1.1966,0.0551,0.3190,0.8815,0.1481,-0.8690,70
2026-03-21T17:11:06.462239,1,1.4586,0.0244,1.4586,0.1514,0.7509,0.7507,0.0144,89
2026-03-21T17:11:06.462239,2,0.0454,0.0454,0.0295,0.0000,0.6492,-0.0339,0.6483,5
2026-03-21T17:11:06.531434,0,1.1958,1.1958,0.0300,0.3191,0.8803,0.1394,-0.8692,69
2026-03-21T17:11:06.531434,1,1.3305,0.0236,1.3305,0.0973,0.7511,0.7511,0.0062,84
2026-03-21T17:11:06.531434,2,0.0461,0.0461,0.0238,0.0000,0.6514,-0.0341,0.6505,5
2026-03-21T17:11:06.600985,0,1.1954,1.1954,0.0584,0.3200,0.8813,0.1480,-0.8688,70
2026-03-21T17:11:06.600985,1,1.3346,0.0227,1.3346,0.0743,0.7509,0.7506,0.0224,84
2026-03-21T17:11:06.600985,2,0.0460,0.0460,0.0298,0.0000,0.6532,-0.0341,0.6523,5
2026-03-21T17:11:06.671266,0,1.1473,1.1473,0.0245,0.3207,0.8776,0.1204,-0.8693,67
2026-03-21T17:11:06.671266,1,1.3347,0.0253,1.3347,0.1232,0.7509,0.7508,-0.0101,84
2026-03-21T17:11:06.671266,2,0.0463,0.0463,0.0308,0.0000,0.6540,-0.0342,0.6531,5
2026-03-21T17:11:06.740805,0,1.0991,1.0991,0.0195,0.3177,0.8755,0.1022,-0.8695,65
2026-03-21T17:11:06.740805,1,1.4131,0.0242,1.4131,0.1514,0.7511,0.7511,-0.0023,87
2026-03-21T17:11:06.740805,2,0.0469,0.0469,0.0298,0.0000,0.6572,-0.0344,0.6563,5
2026-03-21T17:11:06.810905,0,1.1228,1.1228,0.0223,0.3177,0.8766,0.1113,-0.8695,66
2026-03-21T17:11:06.810905,1,1.4324,0.0246,1.4324,0.1473,0.7509,0.7509,0.0061,88
2026-03-21T17:11:06.810905,2,0.0466,0.0466,0.0298,0.0000,0.6552,-0.0343,0.6543,5
2026-03-21T17:11:06.880616,0,1.1968,1.1968,0.0605,0.3200,0.8813,0.1482,-0.8687,70
2026-03-21T17:11:06.880616,1,1.4035,0.0230,1.4035,0.1199,0.7519,0.7517,0.0145,87
2026-03-21T17:11:06.880616,2,0.0467,0.0467,0.0308,0.0000,0.6568,-0.0344,0.6559,5
2026-03-21T17:11:06.951407,0,1.0971,1.0971,0.0220,0.3160,0.8749,0.1020,-0.8689,65
2026-03-21T17:11:06.951407,1,1.3549,0.0276,1.3549,0.0980,0.7511,0.7510,0.0143,85
2026-03-21T17:11:06.951407,2,0.0468,0.0468,0.0318,0.0000,0.6540,-0.0342,0.6531,5
2026-03-21T17:11:07.020346,0,1.1953,1.1953,0.0579,0.3181,0.8808,0.1480,-0.8683,70
2026-03-21T17:11:07.020346,1,1.4331,0.0251,1.4331,0.1487,0.7509,0.7509,0.0062,88
2026-03-21T17:11:07.020346,2,0.0467,0.0467,0.0253,0.0000,0.6534,-0.0342,0.6525,5
2026-03-21T17:11:07.090040,0,1.1221,1.1221,0.0222,0.3171,0.8767,0.1113,-0.8696,66
2026-03-21T17:11:07.090040,1,0.0404,0.0404,0.0192,0.3046,1.1392,0.7475,-0.8597,3
2026-03-21T17:11:07.090040,2,1.4394,0.0248,1.4394,0.1266,0.7518,0.7515,0.0227,88
2026-03-21T17:11:07.090040,3,0.0471,0.0471,0.0333,0.0000,0.6542,-0.0343,0.6533,5
2026-03-21T17:11:07.159881,0,1.1258,1.1258,0.0263,0.3191,0.8767,0.1113,-0.8696,66
2026-03-21T17:11:07.159881,1,1.3854,0.0207,1.3854,0.0711,0.7519,0.7509,0.0390,86
2026-03-21T17:11:07.159881,2,0.0473,0.0473,0.0293,0.0000,0.6586,-0.0345,0.6577,5
2026-03-21T17:11:07.229682,0,1.1929,1.1929,0.0317,0.3200,0.8801,0.1391,-0.8690,69
2026-03-21T17:11:07.229682,1,1.4601,0.0282,1.4601,0.1487,0.7516,0.7515,0.0143,89
2026-03-21T17:11:07.229682,2,0.0466,0.0466,0.0285,0.0000,0.6532,-0.0342,0.6523,5
2026-03-21T17:11:07.298327,0,1.1250,1.1250,0.0206,0.3180,0.8761,0.1113,-0.8689,66
2026-03-21T17:11:07.298327,1,1.3882,0.0250,1.3882,0.1266,0.7515,0.7515,0.0062,86
2026-03-21T17:11:07.298327,2,0.0559,0.0476,0.0559,0.0000,0.6514,-0.0341,0.6505,5
2026-03-21T17:11:07.368719,0,1.1211,1.1211,0.0192,0.3167,0.8766,0.1116,-0.8694,66
2026-03-21T17:11:07.368719,1,0.0378,0.0378,0.0170,0.3031,1.1402,0.7481,-0.8605,3
2026-03-21T17:11:07.368719,2,1.3838,0.0266,1.3838,0.1494,0.7513,0.7512,-0.0103,86
2026-03-21T17:11:07.368719,3,0.0480,0.0480,0.0450,0.0000,0.6564,-0.0344,0.6555,5
2026-03-21T17:11:07.438312,0,1.1952,1.1952,0.0238,0.3181,0.8803,0.1395,-0.8692,69
2026-03-21T17:11:07.438312,1,1.4103,0.0234,1.4103,0.1239,0.7511,0.7510,0.0147,87
2026-03-21T17:11:07.438312,2,0.0625,0.0444,0.0625,0.0000,0.6576,-0.0224,0.6572,5
2026-03-21T17:11:07.508212,0,1.1943,1.1943,0.0248,0.3161,0.8802,0.1393,-0.8691,69
2026-03-21T17:11:07.508212,1,1.3839,0.0230,1.3839,0.0960,0.7509,0.7505,0.0226,86
2026-03-21T17:11:07.508212,2,0.0595,0.0441,0.0595,0.0000,0.6560,-0.0224,0.6556,5
2026-03-21T17:11:07.576818,0,1.1907,1.1907,0.0277,0.3160,0.8801,0.1393,-0.8690,69
2026-03-21T17:11:07.576818,1,1.3844,0.0214,1.3844,0.0993,0.7507,0.7503,0.0225,86
2026-03-21T17:11:07.646748,0,1.1920,1.1920,0.0292,0.3175,0.8804,0.1391,-0.8693,69
2026-03-21T17:11:07.646748,1,1.4396,0.0297,1.4396,0.1779,0.7510,0.7509,-0.0106,88
2026-03-21T17:11:07.646748,2,0.0473,0.0473,0.0343,0.0000,0.6550,-0.0343,0.6541,5
2026-03-21T17:11:07.717054,0,1.1274,1.1274,0.0202,0.3187,0.8770,0.1114,-0.8699,66
2026-03-21T17:11:07.717054,1,1.3795,0.0252,1.3795,0.1205,0.7509,0.7509,0.0061,86
2026-03-21T17:11:07.717054,2,0.0462,0.0462,0.0328,0.0000,0.6524,-0.0341,0.6515,5
2026-03-21T17:11:07.785954,0,1.1952,1.1952,0.0252,0.3180,0.8803,0.1391,-0.8693,69
2026-03-21T17:11:07.785954,1,1.3877,0.0262,1.3877,0.1019,0.7514,0.7511,0.0224,86
2026-03-21T17:11:07.785954,2,0.0458,0.0458,0.0378,0.0000,0.6554,-0.0342,0.6545,5
2026-03-21T17:11:07.856938,0,1.1226,1.1226,0.0195,0.3177,0.8764,0.1116,-0.8693,66
2026-03-21T17:11:07.856938,1,1.5124,0.0321,1.5124,0.1758,0.7513,0.7512,0.0143,91
2026-03-21T17:11:07.856938,2,0.0467,0.0467,0.0223,0.0000,0.6558,-0.0344,0.6549,5
2026-03-21T17:11:07.926267,0,1.1234,1.1234,0.0245,0.3200,0.8763,0.1111,-0.8692,66
2026-03-21T17:11:07.926267,1,1.4102,0.0325,1.4102,0.1744,0.7515,0.7513,-0.0187,87
2026-03-21T17:11:07.926267,2,0.0480,0.0480,0.0340,0.0000,0.6560,-0.0345,0.6551,5
2026-03-21T17:11:07.995892,0,1.2003,1.2003,0.0248,0.3180,0.8800,0.1391,-0.8689,69
2026-03-21T17:11:07.995892,1,1.4061,0.0273,1.4061,0.1259,0.7508,0.7507,0.0143,87
2026-03-21T17:11:07.995892,2,0.0869,0.0588,0.0869,0.0000,0.6647,-0.0285,0.6641,6
2026-03-21T17:11:08.065973,0,1.1952,1.1952,0.0568,0.3207,0.8805,0.1481,-0.8679,70
2026-03-21T17:11:08.065973,1,1.3351,0.0239,1.3351,0.0993,0.7508,0.7508,0.0059,84
2026-03-21T17:11:08.065973,2,0.0473,0.0473,0.0263,0.0000,0.6574,-0.0345,0.6565,5
2026-03-21T17:11:08.134550,0,1.1285,1.1285,0.0219,0.3151,0.8762,0.1111,-0.8691,66
2026-03-21T17:11:08.134550,1,1.3858,0.0226,1.3858,0.0987,0.7511,0.7507,0.0225,86
2026-03-21T17:11:08.134550,2,0.0467,0.0467,0.0248,0.0000,0.6554,-0.0343,0.6545,5
2026-03-21T17:11:08.204542,0,1.1901,1.1901,0.0301,0.3177,0.8797,0.1390,-0.8687,69
2026-03-21T17:11:08.204542,1,1.4069,0.0281,1.4069,0.1239,0.7506,0.7504,0.0143,87
2026-03-21T17:11:08.204542,2,0.0458,0.0458,0.0238,0.0000,0.6540,-0.0342,0.6531,5
2026-03-21T17:11:08.275118,0,1.1271,1.1271,0.0234,0.3171,0.8762,0.1115,-0.8691,66
2026-03-21T17:11:08.275118,1,0.0895,0.0071,0.0895,0.1466,1.0109,0.7626,-0.6636,5
2026-03-21T17:11:08.275118,2,1.2607,0.0254,1.2607,0.0296,0.7513,0.7507,0.0298,81
2026-03-21T17:11:08.275118,3,0.0460,0.0460,0.0318,0.0000,0.6514,-0.0340,0.6505,5
2026-03-21T17:11:08.344676,0,1.0972,1.0972,0.0227,0.3170,0.8746,0.1026,-0.8685,65
2026-03-21T17:11:08.344676,1,1.3114,0.0224,1.3114,0.0756,0.7507,0.7505,0.0144,83
2026-03-21T17:11:08.344676,2,0.0499,0.0464,0.0499,0.0000,0.6220,-0.0435,0.6205,5
2026-03-21T17:11:08.414033,0,1.1010,1.1010,0.0223,0.3187,0.8754,0.1022,-0.8694,65
2026-03-21T17:11:08.414033,1,1.3597,0.0201,1.3597,0.1239,0.7513,0.7513,-0.0019,85
2026-03-21T17:11:08.414033,2,0.0564,0.0564,0.0510,0.0000,0.5707,-0.0848,0.5644,6
2026-03-21T17:11:08.484124,0,1.1945,1.1945,0.0271,0.3207,0.8801,0.1389,-0.8690,69
2026-03-21T17:11:08.484124,1,1.4070,0.0257,1.4070,0.1480,0.7511,0.7511,-0.0023,87
2026-03-21T17:11:08.484124,2,0.0584,0.0584,0.0452,0.0000,0.5325,-0.0927,0.5244,7
2026-03-21T17:11:08.552831,0,1.1876,1.1876,0.0337,0.3191,0.8801,0.1391,-0.8690,69
2026-03-21T17:11:08.552831,1,1.3869,0.0270,1.3869,0.1259,0.7513,0.7513,0.0060,86
2026-03-21T17:11:08.622921,0,1.1212,1.1212,0.0240,0.3167,0.8761,0.1113,-0.8690,66
2026-03-21T17:11:08.622921,1,1.3597,0.0189,1.3597,0.0973,0.7515,0.7514,0.0145,85
2026-03-21T17:11:08.692588,0,1.0997,1.0997,0.0233,0.3200,0.8757,0.1023,-0.8697,65
2026-03-21T17:11:08.692588,1,1.3822,0.0252,1.3822,0.1000,0.7508,0.7504,0.0223,86
2026-03-21T17:11:08.761591,0,1.1899,1.1899,0.0304,0.3187,0.8806,0.1394,-0.8695,69
2026-03-21T17:11:08.761591,1,1.3790,0.0258,1.3790,0.1682,0.7517,0.7512,-0.0264,86
2026-03-21T17:11:08.831116,0,1.2001,1.2001,0.0596,0.3220,0.8814,0.1483,-0.8689,70
2026-03-21T17:11:08.831116,1,1.2858,0.0226,1.2858,0.0743,0.7509,0.7508,0.0062,82
2026-03-21T17:11:08.901193,0,1.1248,1.1248,0.0213,0.3187,0.8764,0.1113,-0.8693,66
2026-03-21T17:11:08.901193,1,1.3563,0.0268,1.3563,0.1212,0.7507,0.7507,-0.0021,85
2026-03-21T17:11:08.970598,0,1.0979,1.0979,0.0309,0.3197,0.8754,0.1021,-0.8695,65
2026-03-21T17:11:08.970598,1,1.3838,0.0318,1.3838,0.1487,0.7504,0.7503,-0.0105,86
2026-03-21T17:11:08.970598,2,0.0909,0.0702,0.0909,0.0000,0.4851,-0.0823,0.4780,9
2026-03-21T17:11:09.040682,0,1.1294,1.1294,0.0247,0.3210,0.8767,0.1112,-0.8697,66
2026-03-21T17:11:09.040682,1,1.3550,0.0239,1.3550,0.1219,0.7505,0.7505,-0.0024,85
2026-03-21T17:11:09.040682,2,0.0535,0.0515,0.0535,0.0000,0.4665,-0.0855,0.4585,6
2026-03-21T17:11:09.110362,0,1.1920,1.1920,0.0304,0.3187,0.8801,0.1390,-0.8691,69
2026-03-21T17:11:09.110362,1,1.3851,0.0244,1.3851,0.0993,0.7509,0.7506,0.0223,86
2026-03-21T17:11:09.110362,2,0.0404,0.0404,0.0266,0.0000,0.4643,-0.0606,0.4603,6
2026-03-21T17:11:09.180963,0,1.1019,1.1019,0.0241,0.3207,0.8755,0.1021,-0.8695,65
2026-03-21T17:11:09.180963,1,1.4630,0.0296,1.4630,0.1772,0.7515,0.7515,-0.0022,89
2026-03-21T17:11:09.180963,2,0.0506,0.0506,0.0377,0.0000,0.4723,-0.0493,0.4697,7
2026-03-21T17:11:09.249874,0,1.1987,1.1987,0.0549,0.3151,0.8810,0.1479,-0.8685,70
2026-03-21T17:11:09.249874,1,1.3597,0.0251,1.3597,0.1246,0.7506,0.7506,-0.0018,85
2026-03-21T17:11:09.249874,2,0.0692,0.0457,0.0692,0.0000,0.4768,-0.0410,0.4751,7
2026-03-21T17:11:09.319993,0,1.1283,1.1283,0.0216,0.3181,0.8767,0.1114,-0.8696,66
2026-03-21T17:11:09.319993,1,0.0710,0.0503,0.0710,0.3069,1.1329,0.7579,-0.8420,5
2026-03-21T17:11:09.319993,2,1.2842,0.0268,1.2842,0.1000,0.7510,0.7509,-0.0101,82
2026-03-21T17:11:09.319993,3,0.0878,0.0108,0.0878,0.0000,1.0239,0.7485,0.6987,5
2026-03-21T17:11:09.319993,4,0.0540,0.0540,0.0505,0.0000,0.4731,-0.0414,0.4713,7
2026-03-21T17:11:09.389822,0,1.1959,1.1959,0.0585,0.3187,0.8812,0.1484,-0.8686,70
2026-03-21T17:11:09.389822,1,1.4048,0.0252,1.4048,0.1225,0.7514,0.7512,0.0142,87
2026-03-21T17:11:09.389822,2,0.0519,0.0519,0.0334,0.0000,0.4724,-0.0330,0.4713,7
2026-03-21T17:11:09.459943,0,1.1914,1.1914,0.0565,0.3167,0.8810,0.1481,-0.8685,70
2026-03-21T17:11:09.459943,1,1.3657,0.0228,1.3657,0.1252,0.7513,0.7513,-0.0017,85
2026-03-21T17:11:09.459943,2,0.0526,0.0481,0.0526,0.0000,0.4681,-0.0241,0.4675,7
2026-03-21T17:11:09.528576,0,1.1920,1.1920,0.0284,0.3167,0.8801,0.1390,-0.8691,69
2026-03-21T17:11:09.528576,1,1.3597,0.0221,1.3597,0.0980,0.7510,0.7508,0.0144,85
2026-03-21T17:11:09.528576,2,0.0530,0.0530,0.0529,0.0000,0.4684,-0.0247,0.4678,7
2026-03-21T17:11:09.599294,0,1.1936,1.1936,0.0266,0.3187,0.8801,0.1393,-0.8690,69
2026-03-21T17:11:09.599294,1,1.3603,0.0259,1.3603,0.0993,0.7511,0.7510,0.0144,85
2026-03-21T17:11:09.599294,2,0.0502,0.0502,0.0390,0.0000,0.4726,-0.0163,0.4723,7
2026-03-21T17:11:09.667268,0,1.1430,1.1430,0.0264,0.3210,0.8770,0.1203,-0.8687,67
2026-03-21T17:11:09.667268,1,1.3845,0.0236,1.3845,0.1501,0.7515,0.7515,-0.0103,86
2026-03-21T17:11:09.667268,2,0.0392,0.0392,0.0250,0.0000,0.4596,-0.0118,0.4595,6
2026-03-21T17:11:09.737662,0,1.1932,1.1932,0.0566,0.3190,0.8815,0.1482,-0.8689,70
2026-03-21T17:11:09.737662,1,1.4083,0.0229,1.4083,0.1225,0.7505,0.7504,0.0145,87
2026-03-21T17:11:09.737662,2,0.0508,0.0504,0.0508,0.0000,0.4714,-0.0078,0.4714,7
2026-03-21T17:11:09.807664,0,1.1288,1.1288,0.0205,0.3160,0.8764,0.1114,-0.8693,66
2026-03-21T17:11:09.807664,1,1.3899,0.0252,1.3899,0.1514,0.7513,0.7512,-0.0102,86
2026-03-21T17:11:09.807664,2,0.0511,0.0511,0.0300,0.0000,0.4734,-0.0082,0.4733,7
2026-03-21T17:11:09.876585,0,1.1265,1.1265,0.0182,0.3157,0.8764,0.1115,-0.8693,66
2026-03-21T17:11:09.876585,1,1.3851,0.0213,1.3851,0.0737,0.7515,0.7505,0.0391,86
2026-03-21T17:11:09.876585,2,0.0515,0.0515,0.0351,0.0000,0.4711,-0.0084,0.4711,7
2026-03-21T17:11:09.947139,0,1.0951,1.0951,0.0256,0.3197,0.8751,0.1022,-0.8691,65
2026-03-21T17:11:09.947139,1,1.4358,0.0256,1.4358,0.1494,0.7516,0.7516,0.0059,88
2026-03-21T17:11:09.947139,2,0.0522,0.0522,0.0428,0.0000,0.4731,-0.0083,0.4731,7
2026-03-21T17:11:10.016423,0,1.0981,1.0981,0.0187,0.3167,0.8753,0.1024,-0.8693,65
2026-03-21T17:11:10.016423,1,0.0739,0.0430,0.0739,0.3069,1.1311,0.7566,-0.8407,5
2026-03-21T17:11:10.016423,2,1.2573,0.0244,1.2573,0.0478,0.7510,0.7508,0.0142,81
2026-03-21T17:11:10.016423,3,0.0512,0.0512,0.0358,0.0000,0.4734,-0.0081,0.4733,7
2026-03-21T17:11:10.086382,0,1.1287,1.1287,0.0185,0.3151,0.8760,0.1113,-0.8689,66
2026-03-21T17:11:10.086382,1,0.0463,0.0463,0.0170,0.3054,1.1392,0.7475,-0.8597,3
2026-03-21T17:11:10.086382,2,1.3865,0.0275,1.3865,0.0743,0.7513,0.7503,0.0388,86
2026-03-21T17:11:10.086382,3,0.0515,0.0515,0.0328,0.0000,0.4730,-0.0082,0.4729,7
2026-03-21T17:11:10.156130,0,1.1934,1.1934,0.0297,0.3210,0.8800,0.1390,-0.8689,69
2026-03-21T17:11:10.156130,1,1.3590,0.0287,1.3590,0.1259,0.7503,0.7503,-0.0023,85
2026-03-21T17:11:10.156130,2,0.0490,0.0072,0.0490,0.0000,1.0422,0.7496,0.7241,3
2026-03-21T17:11:10.156130,3,0.0506,0.0506,0.0503,0.0000,0.4731,-0.0079,0.4731,7
2026-03-21T17:11:10.225868,0,1.1002,1.1002,0.0261,0.3197,0.8750,0.1022,-0.8690,65
2026-03-21T17:11:10.225868,1,0.0601,0.0601,0.0507,0.3102,1.1345,0.7443,-0.8562,5
2026-03-21T17:11:10.225868,2,1.3351,0.0286,1.3351,0.1013,0.7505,0.7505,0.0058,84
2026-03-21T17:11:10.225868,3,0.0588,0.0508,0.0588,0.0000,0.4767,-0.0079,0.4766,7
2026-03-21T17:11:10.295930,0,1.0735,1.0735,0.0187,0.3161,0.8745,0.0934,-0.8695,64
2026-03-21T17:11:10.295930,1,0.0911,0.0911,0.0139,0.3067,1.1291,0.7261,-0.8646,5
2026-03-21T17:11:10.295930,2,1.3590,0.0265,1.3590,0.1514,0.7519,0.7517,-0.0186,85
2026-03-21T17:11:10.295930,3,0.0407,0.0407,0.0161,0.0000,0.4698,-0.0121,0.4696,6
2026-03-21T17:11:10.365429,0,1.1425,1.1425,0.0243,0.3161,0.8775,0.1203,-0.8692,67
2026-03-21T17:11:10.365429,1,1.4049,0.0250,1.4049,0.1426,0.7512,0.7512,-0.0021,87
2026-03-21T17:11:10.365429,2,0.0409,0.0409,0.0136,0.0000,0.4691,-0.0122,0.4690,6
2026-03-21T17:11:10.435086,0,1.1272,1.1272,0.0194,0.3167,0.8766,0.1112,-0.8695,66
2026-03-21T17:11:10.435086,1,1.3102,0.0257,1.3102,0.1006,0.7510,0.7510,-0.0019,83
2026-03-21T17:11:10.435086,2,0.0413,0.0413,0.0102,0.0000,0.4723,-0.0123,0.4721,6
2026-03-21T17:11:10.504969,0,1.1213,1.1213,0.0261,0.3230,0.8764,0.1113,-0.8693,66
2026-03-21T17:11:10.504969,1,1.4372,0.0272,1.4372,0.1507,0.7514,0.7514,0.0062,88
2026-03-21T17:11:10.504969,2,0.0407,0.0407,0.0280,0.0000,0.4700,-0.0121,0.4698,6
2026-03-21T17:11:10.574308,0,1.1974,1.1974,0.0279,0.3207,0.8798,0.1392,-0.8688,69
2026-03-21T17:11:10.574308,1,0.0935,0.0101,0.0935,0.1501,1.0127,0.7639,-0.6648,5
2026-03-21T17:11:10.574308,2,1.3172,0.0222,1.3172,0.0314,0.7515,0.7501,0.0466,83
2026-03-21T17:11:10.574308,3,0.0409,0.0409,0.0231,0.0000,0.4726,-0.0122,0.4725,6
2026-03-21T17:11:10.643015,0,1.1241,1.1241,0.0187,0.3170,0.8763,0.1113,-0.8692,66
2026-03-21T17:11:10.643015,1,1.4359,0.0250,1.4359,0.1480,0.7515,0.7515,0.0063,88
2026-03-21T17:11:10.643015,2,0.0537,0.0537,0.0453,0.0000,0.4804,-0.0170,0.4801,7
2026-03-21T17:11:10.714395,0,1.1216,1.1216,0.0239,0.3197,0.8767,0.1113,-0.8696,66
2026-03-21T17:11:10.714395,1,0.0437,0.0437,0.0148,0.3039,1.1406,0.7484,-0.8607,3
2026-03-21T17:11:10.714395,2,1.3617,0.0234,1.3617,0.1252,0.7509,0.7509,-0.0021,85
2026-03-21T17:11:10.714395,3,0.0975,0.0098,0.0975,0.0000,1.0601,0.7492,0.7500,5
2026-03-21T17:11:10.714395,4,0.0681,0.0540,0.0681,0.0000,0.4793,-0.0168,0.4790,7
2026-03-21T17:11:10.782453,0,1.1464,1.1464,0.0266,0.3207,0.8776,0.1205,-0.8693,67
2026-03-21T17:11:10.782453,1,1.3842,0.0263,1.3842,0.1239,0.7510,0.7509,0.0058,86
2026-03-21T17:11:10.782453,2,0.0538,0.0538,0.0482,0.0000,0.4814,-0.0170,0.4811,7
2026-03-21T17:11:10.853323,0,1.1251,1.1251,0.0236,0.3201,0.8765,0.1112,-0.8694,66
2026-03-21T17:11:10.853323,1,0.0457,0.0457,0.0148,0.3046,1.1406,0.7484,-0.8607,3
2026-03-21T17:11:10.853323,2,1.3582,0.0215,1.3582,0.0718,0.7507,0.7501,0.0308,85
2026-03-21T17:11:10.853323,3,0.0538,0.0538,0.0532,0.0000,0.4813,-0.0170,0.4810,7
2026-03-21T17:11:10.922978,0,1.1963,1.1963,0.0257,0.3177,0.8800,0.1389,-0.8690,69
2026-03-21T17:11:10.922978,1,1.3338,0.0232,1.3338,0.0973,0.7508,0.7507,0.0063,84
2026-03-21T17:11:10.922978,2,0.0538,0.0538,0.0473,0.0000,0.4824,-0.0171,0.4821,7
2026-03-21T17:11:10.992205,0,1.1949,1.1949,0.0284,0.3190,0.8803,0.1391,-0.8693,69
2026-03-21T17:11:10.992205,1,1.3835,0.0250,1.3835,0.1232,0.7505,0.7504,0.0061,86
2026-03-21T17:11:10.992205,2,0.0544,0.0544,0.0516,0.0000,0.4854,-0.0172,0.4851,7
2026-03-21T17:11:11.061612,0,1.1943,1.1943,0.0294,0.3207,0.8808,0.1392,-0.8697,69
2026-03-21T17:11:11.061612,1,1.3636,0.0213,1.3636,0.1013,0.7518,0.7517,0.0143,85
2026-03-21T17:11:11.061612,2,0.0397,0.0397,0.0390,0.0000,0.4705,-0.0120,0.4703,6
2026-03-21T17:11:11.132128,0,1.1936,1.1936,0.0611,0.3191,0.8812,0.1480,-0.8687,70
2026-03-21T17:11:11.132128,1,1.4632,0.0264,1.4632,0.1266,0.7521,0.7514,0.0308,89
2026-03-21T17:11:11.132128,2,0.0530,0.0530,0.0512,0.0000,0.4786,-0.0167,0.4783,7
2026-03-21T17:11:11.201594,0,1.1233,1.1233,0.0190,0.3157,0.8762,0.1114,-0.8691,66
2026-03-21T17:11:11.201594,1,1.3603,0.0262,1.3603,0.0987,0.7513,0.7511,0.0143,85
2026-03-21T17:11:11.201594,2,0.0407,0.0407,0.0201,0.0000,0.4710,-0.0121,0.4708,6
2026-03-21T17:11:11.271264,0,1.1219,1.1219,0.0230,0.3200,0.8766,0.1113,-0.8695,66
2026-03-21T17:11:11.271264,1,1.3612,0.0260,1.3612,0.0775,0.7518,0.7512,0.0303,85
2026-03-21T17:11:11.271264,2,0.0409,0.0409,0.0231,0.0000,0.4751,-0.0122,0.4750,6
2026-03-21T17:11:11.340836,0,1.1854,1.1854,0.0332,0.3171,0.8799,0.1390,-0.8689,69
2026-03-21T17:11:11.340836,1,1.3637,0.0254,1.3637,0.1000,0.7515,0.7513,0.0145,85
2026-03-21T17:11:11.340836,2,0.0411,0.0411,0.0141,0.0000,0.4725,-0.0123,0.4723,6
2026-03-21T17:11:11.410312,0,1.1261,1.1261,0.0272,0.3230,0.8770,0.1112,-0.8699,66
2026-03-21T17:11:11.410312,1,1.3377,0.0262,1.3377,0.1026,0.7517,0.7517,0.0061,84
2026-03-21T17:11:11.410312,2,0.0410,0.0410,0.0091,0.0000,0.4713,-0.0123,0.4711,6
2026-03-21T17:11:11.487166,0,1.1947,1.1947,0.0615,0.3181,0.8813,0.1481,-0.8687,70
2026-03-21T17:11:11.487166,1,1.3141,0.0195,1.3141,0.0756,0.7507,0.7505,0.0146,83
2026-03-21T17:11:11.487166,2,0.0408,0.0408,0.0131,0.0000,0.4711,-0.0122,0.4710,6
2026-03-21T17:11:11.549570,0,1.1246,1.1246,0.0220,0.3187,0.8773,0.1112,-0.8702,66
2026-03-21T17:11:11.549570,1,1.4107,0.0222,1.4107,0.0993,0.7518,0.7512,0.0310,87
2026-03-21T17:11:11.549570,2,0.0415,0.0415,0.0102,0.0000,0.4728,-0.0123,0.4726,6
2026-03-21T17:11:11.620064,0,1.1240,1.1240,0.0217,0.3172,0.8767,0.1112,-0.8696,66
2026-03-21T17:11:11.620064,1,1.3108,0.0222,1.3108,0.1000,0.7512,0.7512,-0.0020,83
2026-03-21T17:11:11.620064,2,0.0510,0.0510,0.0510,0.0000,0.4793,-0.0080,0.4792,7
2026-03-21T17:11:11.689112,0,1.1285,1.1285,0.0187,0.3152,0.8765,0.1107,-0.8694,64
2026-03-21T17:11:11.689112,1,1.3856,0.0257,1.3856,0.1225,0.7517,0.7517,0.0060,86
2026-03-21T17:11:11.689112,2,0.0509,0.0509,0.0407,0.0000,0.4771,-0.0081,0.4771,7
2026-03-21T17:11:11.758492,0,1.1934,1.1934,0.0259,0.3143,0.8801,0.1388,-0.8690,69
2026-03-21T17:11:11.758492,1,1.3361,0.0317,1.3361,0.1252,0.7516,0.7515,-0.0102,84
2026-03-21T17:11:11.758492,2,0.0502,0.0502,0.0298,0.0000,0.4756,-0.0081,0.4755,7
2026-03-21T17:11:11.828381,0,1.1251,1.1251,0.0196,0.3160,0.8761,0.1116,-0.8690,66
2026-03-21T17:11:11.828381,1,1.3802,0.0272,1.3802,0.0993,0.7509,0.7506,0.0224,86
2026-03-21T17:11:11.828381,2,0.0503,0.0503,0.0308,0.0000,0.4731,-0.0081,0.4731,7
2026-03-21T17:11:11.898034,0,1.1950,1.1950,0.0260,0.3181,0.8801,0.1392,-0.8690,69
2026-03-21T17:11:11.898034,1,1.3557,0.0268,1.3557,0.1239,0.7506,0.7506,-0.0021,85
2026-03-21T17:11:11.898034,2,0.0523,0.0523,0.0358,0.0000,0.4780,-0.0084,0.4779,7
2026-03-21T17:11:11.967732,0,1.1250,1.1250,0.0216,0.3171,0.8767,0.1113,-0.8696,66
2026-03-21T17:11:11.967732,1,1.3603,0.0214,1.3603,0.0993,0.7510,0.7508,0.0144,85
2026-03-21T17:11:11.967732,2,0.0516,0.0516,0.0329,0.0000,0.4756,-0.0083,0.4755,7
2026-03-21T17:11:12.038099,0,1.1298,1.1298,0.0223,0.3181,0.8763,0.1112,-0.8692,66
2026-03-21T17:11:12.038099,1,1.4352,0.0241,1.4352,0.1252,0.7510,0.7507,0.0225,88
2026-03-21T17:11:12.038099,2,0.0510,0.0510,0.0230,0.0000,0.4726,-0.0082,0.4725,7
2026-03-21T17:11:12.106977,0,1.1892,1.1892,0.0319,0.3180,0.8800,0.1392,-0.8689,69
2026-03-21T17:11:12.106977,1,1.4402,0.0278,1.4402,0.2011,0.7518,0.7513,-0.0272,88
2026-03-21T17:11:12.106977,2,0.0520,0.0520,0.0429,0.0000,0.4747,-0.0083,0.4746,7
2026-03-21T17:11:12.177222,0,1.1958,1.1958,0.0568,0.3177,0.8804,0.1478,-0.8679,70
2026-03-21T17:11:12.177222,1,1.5131,0.0316,1.5131,0.1758,0.7512,0.7511,0.0147,91
2026-03-21T17:11:12.177222,2,0.0517,0.0517,0.0310,0.0000,0.4758,-0.0083,0.4758,7
2026-03-21T17:11:12.246390,0,1.1923,1.1923,0.0275,0.3180,0.8798,0.1390,-0.8688,69
2026-03-21T17:11:12.246390,1,1.4095,0.0266,1.4095,0.1272,0.7516,0.7515,0.0142,87
2026-03-21T17:11:12.246390,2,0.0505,0.0505,0.0373,0.0000,0.4731,-0.0080,0.4731,7
2026-03-21T17:11:12.316802,0,1.1994,1.1994,0.0203,0.3153,0.8801,0.1388,-0.8691,69
2026-03-21T17:11:12.316802,1,1.3879,0.0249,1.3879,0.1501,0.7518,0.7517,-0.0105,86
2026-03-21T17:11:12.316802,2,0.0498,0.0498,0.0258,0.0000,0.4736,-0.0081,0.4735,7
2026-03-21T17:11:12.387225,0,1.1217,1.1217,0.0238,0.3201,0.8766,0.1111,-0.8695,66
2026-03-21T17:11:12.387225,1,1.3823,0.0190,1.3823,0.0987,0.7512,0.7509,0.0225,86
2026-03-21T17:11:12.387225,2,0.0500,0.0500,0.0488,0.0000,0.4710,-0.0079,0.4709,7
2026-03-21T17:11:12.456031,0,1.0974,1.0974,0.0269,0.3197,0.8750,0.1022,-0.8690,65
2026-03-21T17:11:12.456031,1,0.0677,0.0677,0.0422,0.3046,1.1339,0.7440,-0.8556,5
2026-03-21T17:11:12.456031,2,1.3367,0.0239,1.3367,0.1266,0.7514,0.7513,-0.0103,84
2026-03-21T17:11:12.456031,3,0.0504,0.0504,0.0390,0.0000,0.4717,-0.0081,0.4716,7
2026-03-21T17:11:12.526115,0,1.1936,1.1936,0.0280,0.3170,0.8794,0.1389,-0.8684,69
2026-03-21T17:11:12.526115,1,1.2891,0.0263,1.2891,0.0769,0.7510,0.7510,0.0061,82
2026-03-21T17:11:12.526115,2,0.0514,0.0514,0.0370,0.0000,0.4734,-0.0082,0.4733,7
2026-03-21T17:11:12.596258,0,1.1278,1.1278,0.0297,0.3200,0.8764,0.1112,-0.8693,66
2026-03-21T17:11:12.596258,1,1.4050,0.0238,1.4050,0.1000,0.7513,0.7506,0.0306,87
2026-03-21T17:11:12.596258,2,0.0515,0.0515,0.0271,0.0000,0.4757,-0.0083,0.4756,7
2026-03-21T17:11:12.664799,0,1.1916,1.1916,0.0293,0.3191,0.8798,0.1390,-0.8688,69
2026-03-21T17:11:12.664799,1,1.3371,0.0225,1.3371,0.0993,0.7510,0.7510,0.0061,84
2026-03-21T17:11:12.664799,2,0.0515,0.0515,0.0308,0.0000,0.4721,-0.0083,0.4721,7
2026-03-21T17:11:12.734397,0,1.1262,1.1262,0.0179,0.3161,0.8769,0.1114,-0.8698,66
2026-03-21T17:11:12.734397,1,0.0405,0.0405,0.0186,0.3084,1.1449,0.7512,-0.8640,3
2026-03-21T17:11:12.734397,2,1.4602,0.0257,1.4602,0.1723,0.7515,0.7514,-0.0022,89
2026-03-21T17:11:12.734397,3,0.0517,0.0517,0.0421,0.0000,0.4710,-0.0083,0.4709,7
2026-03-21T17:11:12.805109,0,1.1927,1.1927,0.0632,0.3226,0.8814,0.1484,-0.8688,70
2026-03-21T17:11:12.805109,1,1.3358,0.0207,1.3358,0.0980,0.7506,0.7505,0.0066,84
2026-03-21T17:11:12.805109,2,0.0524,0.0524,0.0480,0.0000,0.4731,-0.0084,0.4731,7
2026-03-21T17:11:12.873751,0,1.1037,1.1037,0.0217,0.3177,0.8746,0.1022,-0.8686,65
2026-03-21T17:11:12.873751,1,1.3865,0.0244,1.3865,0.0993,0.7510,0.7506,0.0227,86
2026-03-21T17:11:12.873751,2,0.0518,0.0518,0.0500,0.0000,0.4723,-0.0084,0.4722,7
2026-03-21T17:11:12.943844,0,1.1950,1.1950,0.0270,0.3190,0.8803,0.1393,-0.8692,69
2026-03-21T17:11:12.943844,1,1.4327,0.0260,1.4327,0.1744,0.7519,0.7518,-0.0102,88
2026-03-21T17:11:12.943844,2,0.0524,0.0524,0.0428,0.0000,0.4750,-0.0085,0.4749,7
2026-03-21T17:11:13.013366,0,1.1282,1.1282,0.0242,0.3207,0.8768,0.1117,-0.8697,66
2026-03-21T17:11:13.013366,1,1.4090,0.0227,1.4090,0.1232,0.7512,0.7510,0.0145,87
2026-03-21T17:11:13.013366,2,0.0409,0.0409,0.0240,0.0000,0.4671,-0.0038,0.4671,6
2026-03-21T17:11:13.082785,0,1.0953,1.0953,0.0243,0.3171,0.8753,0.1024,-0.8693,65
2026-03-21T17:11:13.082785,1,1.4082,0.0227,1.4082,0.1252,0.7514,0.7513,0.0143,87
2026-03-21T17:11:13.082785,2,0.0519,0.0519,0.0378,0.0000,0.4731,-0.0084,0.4731,7
2026-03-21T17:11:13.152635,0,1.1282,1.1282,0.0205,0.3170,0.8763,0.1112,-0.8692,66
2026-03-21T17:11:13.152635,1,1.3624,0.0248,1.3624,0.1266,0.7510,0.7510,-0.0020,85
2026-03-21T17:11:13.152635,2,0.0514,0.0514,0.0338,0.0000,0.4704,-0.0082,0.4703,7
2026-03-21T17:11:13.222852,0,1.1941,1.1941,0.0275,0.3181,0.8804,0.1392,-0.8694,69
2026-03-21T17:11:13.222852,1,1.3848,0.0257,1.3848,0.1266,0.7517,0.7517,0.0060,86
2026-03-21T17:11:13.222852,2,0.0518,0.0518,0.0358,0.0000,0.4734,-0.0084,0.4733,7
2026-03-21T17:11:13.291564,0,1.1974,1.1974,0.0578,0.3187,0.8810,0.1479,-0.8685,70
2026-03-21T17:11:13.291564,1,1.3563,0.0268,1.3563,0.1205,0.7510,0.7510,-0.0019,85
2026-03-21T17:11:13.291564,2,0.0512,0.0512,0.0290,0.0000,0.4716,-0.0082,0.4715,7
2026-03-21T17:11:13.362150,0,1.1910,1.1910,0.0299,0.3190,0.8797,0.1391,-0.8687,69
2026-03-21T17:11:13.362150,1,1.4872,0.0252,1.4872,0.1765,0.7516,0.7516,0.0060,90
2026-03-21T17:11:13.362150,2,0.0512,0.0512,0.0288,0.0000,0.4741,-0.0083,0.4741,7
2026-03-21T17:11:13.433375,0,1.1278,1.1278,0.0181,0.8794,0.8766,0.1114,-0.8695,66
2026-03-21T17:11:13.433375,1,0.0419,0.0419,0.0125,0.8672,1.1426,0.7497,-0.8622,3
2026-03-21T17:11:13.433375,2,1.4109,0.0325,1.4109,0.7384,0.7514,0.7511,-0.0187,87
2026-03-21T17:11:13.433375,3,0.0514,0.0514,0.0331,0.0000,0.4704,-0.0082,0.4703,7
2026-03-21T17:11:13.501494,0,1.1221,1.1221,0.0264,0.8853,0.8767,0.1114,-0.8696,66
2026-03-21T17:11:13.501494,1,1.3583,0.0194,1.3583,0.6620,0.7508,0.7507,0.0143,85
2026-03-21T17:11:13.501494,2,0.0511,0.0511,0.0311,0.0000,0.4723,-0.0083,0.4722,7
2026-03-21T17:11:13.571308,0,1.0296,1.0296,0.0190,0.8813,0.8733,0.0755,-0.8701,62
2026-03-21T17:11:13.571308,1,0.1328,0.1328,0.0214,0.8745,1.1166,0.7034,-0.8672,7
2026-03-21T17:11:13.571308,2,1.3113,0.0242,1.3113,0.6409,0.7512,0.7511,0.0143,83
2026-03-21T17:11:13.571308,3,0.0484,0.0022,0.0484,0.0000,1.0409,0.7486,0.7232,3
2026-03-21T17:11:13.571308,4,0.0517,0.0517,0.0401,0.0000,0.4713,-0.0083,0.4712,7
2026-03-21T17:11:13.640907,0,1.0973,1.0973,0.0250,0.8824,0.8757,0.1021,-0.8697,65
2026-03-21T17:11:13.640907,1,0.0699,0.0699,0.0395,0.8696,1.1349,0.7447,-0.8564,5
2026-03-21T17:11:13.640907,2,1.3872,0.0238,1.3872,0.7127,0.7517,0.7516,-0.0103,86
2026-03-21T17:11:13.640907,3,0.0518,0.0518,0.0359,0.0000,0.4720,-0.0082,0.4719,7
2026-03-21T17:11:13.710876,0,1.1978,1.1978,0.0235,0.8781,0.8799,0.1390,-0.8688,69
2026-03-21T17:11:13.710876,1,1.4608,0.0295,1.4608,0.7127,0.7519,0.7517,0.0142,89
2026-03-21T17:11:13.710876,2,0.0512,0.0512,0.0391,0.0000,0.4691,-0.0083,0.4691,7
2026-03-21T17:11:13.779985,0,1.1289,1.1289,0.0215,0.8830,0.8765,0.1111,-0.8694,66
2026-03-21T17:11:13.779985,1,1.4299,0.0242,1.4299,0.7322,0.7518,0.7517,-0.0104,88
2026-03-21T17:11:13.779985,2,0.0479,0.0105,0.0479,0.0000,1.0582,0.7482,0.7484,3
2026-03-21T17:11:13.779985,3,0.0518,0.0518,0.0391,0.0000,0.4726,-0.0084,0.4725,7
2026-03-21T17:11:13.850489,0,1.1905,1.1905,0.0316,0.8840,0.8800,0.1391,-0.8690,69
2026-03-21T17:11:13.850489,1,1.3364,0.0263,1.3364,0.6659,0.7510,0.7510,0.0059,84
2026-03-21T17:11:13.850489,2,0.0516,0.0516,0.0421,0.0000,0.4697,-0.0083,0.4696,7
2026-03-21T17:11:13.919089,0,1.1958,1.1958,0.0571,0.8806,0.8816,0.1480,-0.8691,70
2026-03-21T17:11:13.919089,1,1.4354,0.0256,1.4354,0.7391,0.7520,0.7519,-0.0104,88
2026-03-21T17:11:13.919089,2,0.0513,0.0513,0.0439,0.0000,0.4661,-0.0083,0.4661,7
2026-03-21T17:11:13.988496,0,1.1911,1.1911,0.0318,0.8820,0.8797,0.1390,-0.8686,69
2026-03-21T17:11:13.988496,1,1.3822,0.0272,1.3822,0.6852,0.7511,0.7511,0.0061,86
2026-03-21T17:11:13.988496,2,0.0604,0.0518,0.0604,0.0000,0.4653,-0.0082,0.4652,7
2026-03-21T17:11:14.058745,0,1.1234,1.1234,0.0297,3.1150,0.8759,0.1112,-0.8689,66
2026-03-21T17:11:14.058745,1,1.3557,0.0242,1.3557,2.9159,0.7509,0.7509,-0.0020,85
2026-03-21T17:11:14.058745,2,0.0518,0.0518,0.0461,1.7790,0.4704,-0.0083,0.4703,7
2026-03-21T17:11:14.128763,0,1.1923,1.1923,0.0281,3.1112,0.8798,0.1393,-0.8687,69
2026-03-21T17:11:14.128763,1,1.4299,0.0271,1.4299,2.9656,0.7520,0.7520,-0.0106,88
2026-03-21T17:11:14.128763,2,0.0508,0.0508,0.0360,1.7700,0.4721,-0.0081,0.4721,7
2026-03-21T17:11:14.197748,0,1.1934,1.1934,0.0289,3.1127,0.8799,0.1391,-0.8689,69
2026-03-21T17:11:14.197748,1,1.3359,0.0214,1.3359,2.8703,0.7516,0.7513,0.0224,84
2026-03-21T17:11:14.197748,2,0.0397,0.0397,0.0110,1.7788,0.4575,-0.0119,0.4573,6
2026-03-21T17:11:14.268305,0,1.1011,1.1011,0.0194,3.1101,0.8752,0.1023,-0.8692,65
2026-03-21T17:11:14.268305,1,0.0679,0.0679,0.0453,3.0987,1.1335,0.7437,-0.8553,5
2026-03-21T17:11:14.268305,2,1.3630,0.0263,1.3630,2.9206,0.7509,0.7509,-0.0021,85
2026-03-21T17:11:14.268305,3,0.0402,0.0402,0.0200,1.7777,0.4586,-0.0119,0.4585,6
2026-03-21T17:11:14.337538,0,1.1925,1.1925,0.0297,3.1120,0.8806,0.1390,-0.8695,69
2026-03-21T17:11:14.337538,1,1.4107,0.0235,1.4107,2.8940,0.7513,0.7507,0.0309,87
2026-03-21T17:11:14.337538,2,0.0396,0.0396,0.0230,1.7818,0.4583,-0.0118,0.4581,6
2026-03-21T17:11:14.407087,0,1.1912,1.1912,0.0283,3.1121,0.8803,0.1390,-0.8693,69
2026-03-21T17:11:14.407087,1,1.3076,0.0205,1.3076,2.8658,0.7509,0.7508,0.0145,83
2026-03-21T17:11:14.407087,2,0.0399,0.0399,0.0285,1.7803,0.4596,-0.0118,0.4595,6
2026-03-21T17:11:14.477210,0,1.1007,1.1007,0.0225,3.1105,0.8746,0.1018,-0.8686,65
2026-03-21T17:11:14.477210,1,1.3379,0.0224,1.3379,2.8715,0.7512,0.7509,0.0223,84
2026-03-21T17:11:14.477210,2,0.0602,0.0528,0.0602,1.7818,0.4673,-0.0166,0.4670,7
2026-03-21T17:11:14.546958,0,1.1265,1.1265,0.0201,3.1127,0.8767,0.1114,-0.8696,66
2026-03-21T17:11:14.546958,1,1.3557,0.0236,1.3557,2.9165,0.7513,0.7513,-0.0020,85
2026-03-21T17:11:14.546958,2,0.0396,0.0396,0.0190,1.7818,0.4576,-0.0118,0.4575,6
2026-03-21T17:11:14.616544,0,1.1243,1.1243,0.0232,3.1130,0.8760,0.1115,-0.8688,66
2026-03-21T17:11:14.616544,1,1.3327,0.0240,1.3327,2.8664,0.7505,0.7502,0.0225,84
2026-03-21T17:11:14.616544,2,0.0398,0.0398,0.0210,1.7798,0.4581,-0.0118,0.4580,6
2026-03-21T17:11:14.686795,0,1.0988,1.0988,0.0244,3.1137,0.8757,0.1021,-0.8698,65
2026-03-21T17:11:14.686795,1,0.0645,0.0645,0.0454,3.1011,1.1331,0.7434,-0.8551,5
2026-03-21T17:11:14.686795,2,1.3862,0.0228,1.3862,2.9206,0.7512,0.7512,0.0062,86
2026-03-21T17:11:14.686795,3,0.0396,0.0396,0.0280,1.7847,0.4558,-0.0117,0.4556,6
2026-03-21T17:11:14.756730,0,1.2005,1.2005,0.0230,3.1111,0.8802,0.1392,-0.8691,69
2026-03-21T17:11:14.756730,1,1.3542,0.0246,1.3542,2.8926,0.7508,0.7506,0.0139,85
2026-03-21T17:11:14.756730,2,0.0453,0.0105,0.0453,1.5034,1.0636,0.7519,0.7522,3
2026-03-21T17:11:14.756730,3,0.0394,0.0394,0.0220,1.7838,0.4545,-0.0117,0.4543,6
2026-03-21T17:11:14.824885,0,1.1943,1.1943,0.0269,3.1107,0.8800,0.1391,-0.8689,69
2026-03-21T17:11:14.824885,1,1.3594,0.0222,1.3594,2.8683,0.7519,0.7513,0.0307,85
2026-03-21T17:11:14.824885,2,0.0509,0.0509,0.0352,1.7798,0.4634,-0.0162,0.4631,7
2026-03-21T17:11:14.895249,0,1.1951,1.1951,0.0269,3.1107,0.8803,0.1389,-0.8693,69
2026-03-21T17:11:14.895249,1,1.4602,0.0329,1.4602,2.9705,0.7519,0.7519,-0.0024,89
2026-03-21T17:11:14.895249,2,0.0491,0.0491,0.0372,1.7790,0.4626,-0.0160,0.4623,7
2026-03-21T17:11:14.964597,0,1.1887,1.1887,0.0326,3.1127,0.8805,0.1393,-0.8694,69
2026-03-21T17:11:14.964597,1,1.3610,0.0243,1.3610,2.9206,0.7511,0.7511,-0.0021,85
2026-03-21T17:11:14.964597,2,0.0579,0.0517,0.0579,1.7963,0.4606,-0.0242,0.4599,7
2026-03-21T17:11:15.035071,0,1.0772,1.0772,0.0243,3.1130,0.8740,0.0933,-0.8690,64
2026-03-21T17:11:15.035071,1,0.0924,0.0924,0.0483,3.1003,1.1280,0.7328,-0.8575,6
2026-03-21T17:11:15.035071,2,1.4349,0.0302,1.4349,2.9951,0.7518,0.7513,-0.0272,88
2026-03-21T17:11:15.035071,3,0.0397,0.0397,0.0225,1.7823,0.4585,-0.0279,0.4576,6
2026-03-21T17:11:15.103772,0,1.1248,1.1248,0.0203,3.1111,0.8762,0.1117,-0.8691,66
2026-03-21T17:11:15.103772,1,1.3557,0.0233,1.3557,2.9139,0.7510,0.7510,-0.0019,85
2026-03-21T17:11:15.103772,2,0.0469,0.0469,0.0406,1.7794,0.4619,-0.0319,0.4608,7
2026-03-21T17:11:15.173623,0,1.1248,1.1248,0.0223,3.1117,0.8765,0.1113,-0.8694,66
2026-03-21T17:11:15.173623,1,1.3588,0.0228,1.3588,2.8670,0.7515,0.7508,0.0308,85
2026-03-21T17:11:15.173623,2,0.0463,0.0462,0.0463,1.7840,0.4593,-0.0317,0.4582,7
2026-03-21T17:11:15.242701,0,1.1281,1.1281,0.0219,3.1111,0.8770,0.1113,-0.8699,66
2026-03-21T17:11:15.242701,1,1.3381,0.0217,1.3381,2.8677,0.7509,0.7506,0.0226,84
2026-03-21T17:11:15.242701,2,0.0466,0.0466,0.0323,1.7830,0.4554,-0.0316,0.4543,7
2026-03-21T17:11:15.312692,0,1.1195,1.1195,0.0213,3.1115,0.8759,0.1112,-0.8688,66
2026-03-21T17:11:15.312692,1,0.0386,0.0386,0.0163,3.0994,1.1429,0.7499,-0.8625,3
2026-03-21T17:11:15.312692,2,1.2839,0.0207,1.2839,2.8683,0.7508,0.7508,0.0064,82
2026-03-21T17:11:15.312692,3,0.0460,0.0460,0.0393,1.7870,0.4524,-0.0313,0.4514,7
2026-03-21T17:11:15.382126,0,1.1983,1.1983,0.0264,3.1147,0.8805,0.1394,-0.8694,69
2026-03-21T17:11:15.382126,1,1.4123,0.0247,1.4123,2.9705,0.7515,0.7513,-0.0186,87
2026-03-21T17:11:15.382126,2,0.0463,0.0463,0.0330,1.7927,0.4507,-0.0313,0.4496,7
2026-03-21T17:11:15.452454,0,1.1941,1.1941,0.0255,3.1130,0.8801,0.1393,-0.8690,69
2026-03-21T17:11:15.452454,1,1.3318,0.0233,1.3318,2.8926,0.7502,0.7502,0.0061,84
2026-03-21T17:11:15.452454,2,0.0491,0.0491,0.0272,1.7943,0.4466,-0.0314,0.4455,7
2026-03-21T17:11:15.522078,0,1.0973,1.0973,0.0234,3.1117,0.8749,0.1023,-0.8689,65
2026-03-21T17:11:15.522078,1,0.0662,0.0662,0.0467,3.1009,1.1325,0.7430,-0.8546,5
2026-03-21T17:11:15.522078,2,1.3857,0.0218,1.3857,2.8946,0.7513,0.7510,0.0225,86
2026-03-21T17:11:15.522078,3,0.0447,0.0447,0.0333,1.8050,0.4372,-0.0226,0.4366,7
2026-03-21T17:11:15.592239,0,1.1918,1.1918,0.0289,3.1120,0.8802,0.1391,-0.8691,69
2026-03-21T17:11:15.592239,1,1.3147,0.0218,1.3147,2.8709,0.7510,0.7509,0.0143,83
2026-03-21T17:11:15.592239,2,0.0455,0.0455,0.0126,1.8003,0.4353,-0.0227,0.4347,7
2026-03-21T17:11:15.661795,0,1.0997,1.0997,0.0179,3.1111,0.8755,0.1023,-0.8695,65
2026-03-21T17:11:15.661795,1,1.4090,0.0231,1.4090,2.9427,0.7515,0.7515,-0.0023,87
2026-03-21T17:11:15.661795,2,0.0485,0.0485,0.0347,1.8039,0.4373,-0.0231,0.4367,7
2026-03-21T17:11:15.731613,0,1.1945,1.1945,0.0254,3.1130,0.8802,0.1388,-0.8692,69
2026-03-21T17:11:15.731613,1,1.3557,0.0315,1.3557,2.9185,0.7509,0.7509,-0.0024,85
2026-03-21T17:11:15.731613,2,0.0455,0.0455,0.0256,1.8043,0.4357,-0.0227,0.4351,7
2026-03-21T17:11:15.801343,0,1.1976,1.1976,0.0266,3.1127,0.8796,0.1390,-0.8686,69
2026-03-21T17:11:15.801343,1,1.3669,0.0264,1.3669,2.9468,0.7515,0.7513,-0.0186,85
2026-03-21T17:11:15.801343,2,0.0454,0.0454,0.0166,1.8003,0.4360,-0.0228,0.4354,7
2026-03-21T17:11:15.870544,0,1.1044,1.1044,0.0242,3.1110,0.8753,0.1022,-0.8693,65
2026-03-21T17:11:15.870544,1,1.3082,0.0243,1.3082,2.8953,0.7511,0.7511,-0.0021,83
2026-03-21T17:11:15.870544,2,0.0463,0.0463,0.0216,1.8043,0.4372,-0.0229,0.4366,7
2026-03-21T17:11:15.940813,0,1.1965,1.1965,0.0588,3.1137,0.8813,0.1479,-0.8688,70
2026-03-21T17:11:15.940813,1,0.1394,0.0075,0.1394,2.9691,1.0138,0.7644,-0.6660,7
2026-03-21T17:11:15.940813,2,1.2473,0.0209,1.2473,2.8042,0.7515,0.7505,0.0380,80
2026-03-21T17:11:15.940813,3,0.0480,0.0480,0.0236,1.7977,0.4407,-0.0232,0.4401,7
2026-03-21T17:11:16.010086,0,1.1947,1.1947,0.0244,3.1097,0.8800,0.1390,-0.8690,69
2026-03-21T17:11:16.010086,1,1.4137,0.0256,1.4137,2.9206,0.7509,0.7508,0.0144,87
2026-03-21T17:11:16.010086,2,0.0454,0.0454,0.0134,1.8037,0.4332,-0.0227,0.4326,7
2026-03-21T17:11:16.079505,0,1.1265,1.1265,0.0226,3.1112,0.8765,0.1115,-0.8693,66
2026-03-21T17:11:16.079505,1,1.3633,0.0224,1.3633,2.8715,0.7507,0.7501,0.0305,85
2026-03-21T17:11:16.079505,2,0.0456,0.0456,0.0181,1.7997,0.4363,-0.0228,0.4357,7
2026-03-21T17:11:16.148815,0,1.0993,1.0993,0.0240,3.1120,0.8755,0.1022,-0.8695,65
2026-03-21T17:11:16.148815,1,1.4588,0.0289,1.4588,2.9712,0.7513,0.7513,-0.0020,89
2026-03-21T17:11:16.148815,2,0.0461,0.0461,0.0150,1.8027,0.4377,-0.0228,0.4371,7
2026-03-21T17:11:16.218894,0,1.1905,1.1905,0.0286,3.1102,0.8798,0.1392,-0.8687,69
2026-03-21T17:11:16.218894,1,1.4826,0.0248,1.4826,2.9922,0.7518,0.7518,-0.0106,90
2026-03-21T17:11:16.218894,2,0.0482,0.0482,0.0285,1.8007,0.4403,-0.0232,0.4397,7
2026-03-21T17:11:16.288707,0,1.0981,1.0981,0.0200,3.1117,0.8755,0.1023,-0.8695,65
2026-03-21T17:11:16.288707,1,1.3838,0.0256,1.3838,2.9434,0.7506,0.7506,-0.0103,86
2026-03-21T17:11:16.288707,2,0.0600,0.0587,0.0600,1.8057,0.4468,-0.0194,0.4463,8
2026-03-21T17:11:16.358482,0,1.0976,1.0976,0.0222,3.1137,0.8759,0.1023,-0.8699,65
2026-03-21T17:11:16.358482,1,1.3347,0.0225,1.3347,2.9159,0.7513,0.7513,-0.0102,84
2026-03-21T17:11:16.358482,2,0.0462,0.0462,0.0312,1.8039,0.4382,-0.0151,0.4379,7
2026-03-21T17:11:16.427547,0,1.0977,1.0977,0.0273,3.1150,0.8758,0.1020,-0.8698,65
2026-03-21T17:11:16.427547,1,1.3621,0.0193,1.3621,2.8696,0.7519,0.7513,0.0308,85
2026-03-21T17:11:16.427547,2,0.0471,0.0471,0.0240,1.7957,0.4440,-0.0154,0.4437,7
2026-03-21T17:11:16.498281,0,1.1252,1.1252,0.0243,3.1130,0.8761,0.1113,-0.8690,66
2026-03-21T17:11:16.498281,1,1.4116,0.0250,1.4116,2.9691,0.7519,0.7517,-0.0188,87
2026-03-21T17:11:16.498281,2,0.0471,0.0471,0.0340,1.7888,0.4512,-0.0155,0.4509,7
2026-03-21T17:11:16.567876,0,1.1009,1.1009,0.0235,3.1130,0.8760,0.1021,-0.8700,65
2026-03-21T17:11:16.567876,1,0.0672,0.0672,0.0453,3.0987,1.1319,0.7427,-0.8541,5
2026-03-21T17:11:16.567876,2,1.3602,0.0278,1.3602,2.8953,0.7514,0.7512,0.0143,85
2026-03-21T17:11:16.567876,3,0.0566,0.0473,0.0566,1.7894,0.4559,-0.0155,0.4556,7
2026-03-21T17:11:16.637695,0,1.1961,1.1961,0.0253,3.1121,0.8795,0.1388,-0.8685,69
2026-03-21T17:11:16.637695,1,1.3852,0.0282,1.3852,2.9434,0.7518,0.7517,-0.0105,86
2026-03-21T17:11:16.637695,2,0.0636,0.0475,0.0636,1.7884,0.4583,-0.0155,0.4580,7
2026-03-21T17:11:16.707182,0,1.1976,1.1976,0.0276,3.1137,0.8802,0.1391,-0.8692,69
2026-03-21T17:11:16.707182,1,1.3338,0.0271,1.3338,2.8926,0.7511,0.7511,0.0061,84
2026-03-21T17:11:16.707182,2,0.0476,0.0476,0.0416,1.7844,0.4553,-0.0156,0.4550,7
2026-03-21T17:11:16.777013,0,1.1050,1.1050,0.0242,3.1147,0.8757,0.1024,-0.8697,65
2026-03-21T17:11:16.777013,1,1.3371,0.0263,1.3371,2.8959,0.7505,0.7505,0.0062,84
2026-03-21T17:11:16.777013,2,0.0478,0.0478,0.0290,1.7817,0.4577,-0.0158,0.4574,7
2026-03-21T17:11:16.847414,0,1.1237,1.1237,0.0248,3.1131,0.8762,0.1111,-0.8691,66
2026-03-21T17:11:16.847414,1,1.4298,0.0251,1.4298,2.9152,0.7505,0.7501,0.0226,88
2026-03-21T17:11:16.847414,2,0.0479,0.0479,0.0250,1.7807,0.4566,-0.0158,0.4563,7
2026-03-21T17:11:16.915864,0,1.1952,1.1952,0.0277,3.1130,0.8805,0.1392,-0.8694,69
2026-03-21T17:11:16.915864,1,1.4613,0.0264,1.4613,2.9929,0.7523,0.7521,-0.0187,89
2026-03-21T17:11:16.915864,2,0.0492,0.0492,0.0292,1.7869,0.4551,-0.0158,0.4549,7
2026-03-21T17:11:16.985998,0,1.1221,1.1221,0.0227,3.1110,0.8760,0.1116,-0.8689,66
2026-03-21T17:11:16.985998,1,1.4111,0.0220,1.4111,2.9172,0.7511,0.7509,0.0145,87
2026-03-21T17:11:16.985998,2,0.0498,0.0498,0.0293,1.7858,0.4590,-0.0160,0.4587,7
2026-03-21T17:11:17.055086,0,1.1929,1.1929,0.0294,3.1117,0.8800,0.1392,-0.8689,69
2026-03-21T17:11:17.055086,1,1.4104,0.0247,1.4104,2.9427,0.7515,0.7515,-0.0021,87
2026-03-21T17:11:17.055086,2,0.0472,0.0472,0.0326,1.7864,0.4530,-0.0156,0.4527,7
2026-03-21T17:11:17.125371,0,1.1228,1.1228,0.0262,3.1147,0.8760,0.1111,-0.8689,66
2026-03-21T17:11:17.125371,1,0.0966,0.0081,0.0966,2.9958,1.0477,0.7658,-0.7149,5
2026-03-21T17:11:17.125371,2,1.3320,0.0255,1.3320,2.8677,0.7510,0.7507,0.0222,84
2026-03-21T17:11:17.125371,3,0.0478,0.0478,0.0292,1.7859,0.4554,-0.0157,0.4552,7
2026-03-21T17:11:17.194615,0,1.0991,1.0991,0.0274,3.1150,0.8756,0.1021,-0.8697,65
2026-03-21T17:11:17.194615,1,0.0659,0.0659,0.0490,3.0995,1.1327,0.7432,-0.8548,5
2026-03-21T17:11:17.194615,2,1.4781,0.0250,1.4781,2.9670,0.7514,0.7514,0.0059,90
2026-03-21T17:11:17.194615,3,0.0479,0.0479,0.0345,1.7863,0.4557,-0.0157,0.4554,7
2026-03-21T17:11:17.264532,0,1.1907,1.1907,0.0278,3.1101,0.8796,0.1391,-0.8685,69
2026-03-21T17:11:17.264532,1,1.3844,0.0254,1.3844,2.9400,0.7504,0.7503,-0.0100,86
2026-03-21T17:11:17.264532,2,0.0477,0.0477,0.0305,1.7863,0.4547,-0.0157,0.4544,7
2026-03-21T17:11:17.334056,0,1.1278,1.1278,0.0199,3.1112,0.8769,0.1112,-0.8698,66
2026-03-21T17:11:17.334056,1,1.4097,0.0269,1.4097,2.9440,0.7513,0.7513,-0.0022,87
2026-03-21T17:11:17.334056,2,0.0478,0.0478,0.0285,1.7853,0.4543,-0.0157,0.4540,7
2026-03-21T17:11:17.403868,0,1.1010,1.1010,0.0235,3.1120,0.8757,0.1023,-0.8697,65
2026-03-21T17:11:17.403868,1,0.0664,0.0664,0.0432,3.1003,1.1347,0.7445,-0.8563,5
2026-03-21T17:11:17.403868,2,1.4354,0.0231,1.4354,2.8913,0.7519,0.7509,0.0393,88
2026-03-21T17:11:17.403868,3,0.0472,0.0472,0.0335,1.7893,0.4556,-0.0157,0.4553,7
2026-03-21T17:11:17.474344,0,1.0772,1.0772,0.0232,3.1127,0.8746,0.0934,-0.8695,64
2026-03-21T17:11:17.474344,1,0.0858,0.0858,0.0199,3.1014,1.1289,0.7259,-0.8645,5
2026-03-21T17:11:17.474344,2,1.3790,0.0183,1.3790,2.8900,0.7517,0.7513,0.0228,86
2026-03-21T17:11:17.474344,3,0.0496,0.0496,0.0250,1.7818,0.4593,-0.0160,0.4590,7
2026-03-21T17:11:17.543395,0,1.1896,1.1896,0.0285,3.1100,0.8795,0.1387,-0.8685,69
2026-03-21T17:11:17.543395,1,1.3608,0.0203,1.3608,2.8683,0.7517,0.7511,0.0309,85
2026-03-21T17:11:17.543395,2,0.0486,0.0486,0.0269,1.7837,0.4559,-0.0159,0.4556,7
2026-03-21T17:11:17.612937,0,1.1932,1.1932,0.0275,3.1120,0.8796,0.1391,-0.8685,69
2026-03-21T17:11:17.612937,1,1.3147,0.0217,1.3147,2.8703,0.7509,0.7507,0.0141,83
2026-03-21T17:11:17.612937,2,0.0485,0.0485,0.0412,1.7810,0.4594,-0.0157,0.4592,7
2026-03-21T17:11:17.682898,0,1.1013,1.1013,0.0206,3.1110,0.8754,0.1023,-0.8694,65
2026-03-21T17:11:17.682898,1,0.0684,0.0684,0.0410,3.0995,1.1355,0.7450,-0.8568,5
2026-03-21T17:11:17.682898,2,0.0957,0.0076,0.0957,2.9922,1.0473,0.7656,-0.7146,5
2026-03-21T17:11:17.682898,3,1.3626,0.0231,1.3626,2.8722,0.7509,0.7503,0.0305,85
2026-03-21T17:11:17.682898,4,0.0478,0.0478,0.0446,1.7824,0.4590,-0.0157,0.4587,7
2026-03-21T17:11:17.753046,0,1.1921,1.1921,0.0289,0.8820,0.8801,0.1393,-0.8690,69
2026-03-21T17:11:17.753046,1,0.0930,0.0062,0.0930,0.7370,1.0313,0.7660,-0.6905,5
2026-03-21T17:11:17.753046,2,1.2904,0.0201,1.2904,0.5941,0.7509,0.7499,0.0382,82
2026-03-21T17:11:17.753046,3,0.0510,0.0484,0.0510,0.0000,0.4609,-0.0157,0.4606,7
2026-03-21T17:11:17.822536,0,1.1225,1.1225,0.0222,0.8800,0.8760,0.1111,-0.8690,66
2026-03-21T17:11:17.822536,1,1.3340,0.0214,1.3340,0.6370,0.7511,0.7508,0.0224,84
2026-03-21T17:11:17.822536,2,0.0666,0.0480,0.0666,0.0000,0.4613,-0.0155,0.4610,7
2026-03-21T17:11:17.891388,0,1.1932,1.1932,0.0250,0.8803,0.8805,0.1393,-0.8694,69
2026-03-21T17:11:17.891388,1,1.4058,0.0257,1.4058,0.6620,0.7515,0.7509,0.0308,87
2026-03-21T17:11:17.891388,2,0.0625,0.0476,0.0625,0.0000,0.4594,-0.0155,0.4592,7
2026-03-21T17:11:17.962199,0,1.1938,1.1938,0.0262,0.8808,0.8799,0.1392,-0.8689,69
2026-03-21T17:11:17.962199,1,1.3882,0.0256,1.3882,0.6905,0.7517,0.7517,0.0058,86
2026-03-21T17:11:17.962199,2,0.0532,0.0484,0.0532,0.0000,0.4577,-0.0156,0.4574,7
2026-03-21T17:11:18.031126,0,1.1954,1.1954,0.0600,0.8850,0.8812,0.1480,-0.8687,70
2026-03-21T17:11:18.031126,1,1.4614,0.0265,1.4614,0.7147,0.7508,0.7507,0.0146,89
2026-03-21T17:11:18.031126,2,0.0478,0.0478,0.0446,0.0000,0.4581,-0.0156,0.4579,7
2026-03-21T17:11:18.100460,0,1.1947,1.1947,0.0268,0.8814,0.8804,0.1393,-0.8693,69
2026-03-21T17:11:18.100460,1,1.4107,0.0220,1.4107,0.6633,0.7508,0.7501,0.0314,87
2026-03-21T17:11:18.100460,2,0.0486,0.0486,0.0430,0.0000,0.4571,-0.0157,0.4569,7
2026-03-21T17:11:18.171155,0,1.1929,1.1929,0.0283,0.8814,0.8801,0.1394,-0.8690,69
2026-03-21T17:11:18.171155,1,0.0957,0.0057,0.0957,0.7623,1.0469,0.7653,-0.7144,5
2026-03-21T17:11:18.171155,2,1.3095,0.0232,1.3095,0.6370,0.7507,0.7506,0.0146,83
2026-03-21T17:11:18.171155,3,0.0472,0.0472,0.0446,0.0000,0.4564,-0.0156,0.4562,7
2026-03-21T17:11:18.239973,0,1.1949,1.1949,0.0294,0.8833,0.8799,0.1391,-0.8688,69
2026-03-21T17:11:18.239973,1,1.3889,0.0264,1.3889,0.6885,0.7512,0.7512,0.0063,86
2026-03-21T17:11:18.239973,2,0.0582,0.0476,0.0582,0.0000,0.4554,-0.0154,0.4552,7
2026-03-21T17:11:18.309304,0,1.1905,1.1905,0.0305,0.8814,0.8809,0.1393,-0.8698,69
2026-03-21T17:11:18.309304,1,1.3095,0.0238,1.3095,0.6370,0.7503,0.7501,0.0145,83
2026-03-21T17:11:18.309304,2,0.0540,0.0518,0.0540,0.0000,0.4574,-0.0241,0.4568,7
2026-03-21T17:11:18.379163,0,1.1965,1.1965,0.0249,3.1109,0.8798,0.1394,-0.8687,69
2026-03-21T17:11:18.379163,1,1.3597,0.0244,1.3597,2.9157,0.7516,0.7516,-0.0020,85
2026-03-21T17:11:18.379163,2,0.0377,0.0377,0.0266,1.7985,0.4458,-0.0192,0.4454,6
2026-03-21T17:11:18.448446,0,1.1002,1.1002,0.0245,3.1148,0.8755,0.1022,-0.8695,65
2026-03-21T17:11:18.448446,1,1.3021,0.0244,1.3021,2.8675,0.7507,0.7506,0.0144,83
2026-03-21T17:11:18.448446,2,0.0489,0.0489,0.0290,1.7935,0.4477,-0.0235,0.4471,7
2026-03-21T17:11:18.518558,0,1.0059,1.0059,0.0238,3.1119,0.8714,0.0667,-0.8689,61
2026-03-21T17:11:18.518558,1,0.1618,0.1618,0.0139,3.1006,1.1064,0.6897,-0.8651,8
2026-03-21T17:11:18.518558,2,1.3387,0.0268,1.3387,2.8688,0.7514,0.7511,0.0223,84
2026-03-21T17:11:18.518558,3,0.0457,0.0457,0.0334,1.7953,0.4439,-0.0230,0.4433,7
2026-03-21T17:11:18.588951,0,1.1053,1.1053,0.0254,3.1132,0.8759,0.1021,-0.8699,65
2026-03-21T17:11:18.588951,1,1.4117,0.0286,1.4117,2.9453,0.7518,0.7518,-0.0024,87
2026-03-21T17:11:18.588951,2,0.0459,0.0459,0.0213,1.7951,0.4413,-0.0230,0.4407,7
2026-03-21T17:11:18.658143,0,1.1921,1.1921,0.0292,3.1122,0.8799,0.1389,-0.8689,69
2026-03-21T17:11:18.658143,1,1.4368,0.0251,1.4368,2.9683,0.7516,0.7515,-0.0105,88
2026-03-21T17:11:18.658143,2,0.0492,0.0492,0.0315,1.7929,0.4466,-0.0235,0.4460,7
2026-03-21T17:11:18.727727,0,1.1209,1.1209,0.0207,3.1113,0.8767,0.1111,-0.8696,66
2026-03-21T17:11:18.727727,1,1.4097,0.0243,1.4097,2.9432,0.7512,0.7512,-0.0023,87
2026-03-21T17:11:18.727727,2,0.0500,0.0499,0.0500,1.8055,0.4433,-0.0234,0.4427,7
2026-03-21T17:11:18.798004,0,1.1256,1.1256,0.0199,3.1103,0.8765,0.1116,-0.8693,66
2026-03-21T17:11:18.798004,1,1.3555,0.0252,1.3555,2.8945,0.7500,0.7499,0.0141,85
2026-03-21T17:11:18.798004,2,0.0786,0.0595,0.0786,1.8025,0.4536,-0.0195,0.4532,8
2026-03-21T17:11:18.866495,0,1.1227,1.1227,0.0212,3.1126,0.8767,0.1112,-0.8696,66
2026-03-21T17:11:18.866495,1,1.4070,0.0255,1.4070,2.9419,0.7516,0.7516,-0.0024,87
2026-03-21T17:11:18.866495,2,0.0666,0.0594,0.0666,1.8005,0.4515,-0.0195,0.4511,8
2026-03-21T17:11:18.936693,0,1.0775,1.0775,0.0232,3.1129,0.8742,0.0933,-0.8692,64
2026-03-21T17:11:18.936693,1,0.0897,0.0897,0.0186,3.1016,1.1287,0.7258,-0.8643,5
2026-03-21T17:11:18.936693,2,1.3338,0.0267,1.3338,2.8912,0.7504,0.7503,0.0061,84
2026-03-21T17:11:18.936693,3,0.0486,0.0457,0.0486,1.8025,0.4409,-0.0150,0.4406,7
2026-03-21T17:11:19.006223,0,1.1228,1.1228,0.0236,3.1142,0.8759,0.1116,-0.8687,66
2026-03-21T17:11:19.006223,1,1.4110,0.0282,1.4110,2.9711,0.7518,0.7516,-0.0185,87
2026-03-21T17:11:19.006223,2,0.0565,0.0455,0.0565,1.8055,0.4426,-0.0150,0.4423,7
2026-03-21T17:11:19.075748,0,1.0993,1.0993,0.0243,3.1122,0.8760,0.1025,-0.8700,65
2026-03-21T17:11:19.075748,1,0.0640,0.0640,0.0476,3.1003,1.1353,0.7449,-0.8567,5
2026-03-21T17:11:19.075748,2,1.3337,0.0261,1.3337,2.8931,0.7506,0.7505,0.0059,84
2026-03-21T17:11:19.075748,3,0.0470,0.0463,0.0470,1.8009,0.4449,-0.0151,0.4446,7
2026-03-21T17:11:19.145978,0,1.1022,1.1022,0.0231,3.1109,0.8748,0.1023,-0.8688,65
2026-03-21T17:11:19.145978,1,0.0627,0.0627,0.0479,3.1042,1.1351,0.7447,-0.8566,5
2026-03-21T17:11:19.145978,2,1.4115,0.0280,1.4115,2.9676,0.7512,0.7509,-0.0187,87
2026-03-21T17:11:19.145978,3,0.0462,0.0462,0.0315,1.7995,0.4417,-0.0152,0.4415,7
2026-03-21T17:11:19.215550,0,1.1917,1.1917,0.0268,3.1112,0.8803,0.1392,-0.8692,69
2026-03-21T17:11:19.215550,1,1.3858,0.0192,1.3858,2.8918,0.7519,0.7515,0.0231,86
2026-03-21T17:11:19.215550,2,0.0516,0.0457,0.0516,1.8025,0.4447,-0.0151,0.4445,7
2026-03-21T17:11:19.285305,0,1.1238,1.1238,0.0202,3.1103,0.8760,0.1112,-0.8690,66
2026-03-21T17:11:19.285305,1,1.3849,0.0291,1.3849,2.9184,0.7507,0.7506,0.0058,86
2026-03-21T17:11:19.285305,2,0.0375,0.0375,0.0156,1.8015,0.4390,-0.0190,0.4386,6
2026-03-21T17:11:19.355587,0,1.0989,1.0989,0.0216,3.1112,0.8750,0.1020,-0.8690,65
2026-03-21T17:11:19.355587,1,1.3102,0.0212,1.3102,2.8925,0.7511,0.7511,-0.0022,83
2026-03-21T17:11:19.355587,2,0.0376,0.0376,0.0266,1.8005,0.4411,-0.0191,0.4407,6
2026-03-21T17:11:19.424204,0,1.1907,1.1907,0.0353,3.1138,0.8802,0.1389,-0.8691,69
2026-03-21T17:11:19.424204,1,1.3331,0.0263,1.3331,2.8931,0.7506,0.7506,0.0060,84
2026-03-21T17:11:19.424204,2,0.0505,0.0505,0.0440,1.7935,0.4520,-0.0238,0.4514,7
2026-03-21T17:11:19.494118,0,1.1229,1.1229,0.0251,3.1129,0.8760,0.1113,-0.8689,66
2026-03-21T17:11:19.494118,1,1.3610,0.0258,1.3610,2.9171,0.7514,0.7513,-0.0020,85
2026-03-21T17:11:19.494118,2,0.0498,0.0043,0.0498,1.5308,1.0436,0.7505,0.7251,3
2026-03-21T17:11:19.494118,3,0.0510,0.0505,0.0510,1.8005,0.4497,-0.0237,0.4491,7
2026-03-21T17:11:19.563730,0,1.1258,1.1258,0.0179,3.1103,0.8762,0.1114,-0.8691,66
2026-03-21T17:11:19.563730,1,0.0465,0.0465,0.0073,3.0955,1.1439,0.7506,-0.8632,3
2026-03-21T17:11:19.563730,2,1.2212,0.0251,1.2212,2.8938,0.7523,0.7515,-0.0330,79
2026-03-21T17:11:19.563730,3,0.1376,0.0054,0.1376,1.6444,0.9934,0.7490,0.6525,7
2026-03-21T17:11:19.563730,4,0.0383,0.0383,0.0177,1.7925,0.4446,-0.0193,0.4442,6
2026-03-21T17:11:19.634360,0,1.1934,1.1934,0.0294,3.1109,0.8801,0.1391,-0.8691,69
2026-03-21T17:11:19.634360,1,1.3623,0.0307,1.3623,2.9466,0.7517,0.7515,-0.0185,85
2026-03-21T17:11:19.634360,2,0.0580,0.0513,0.0580,1.7995,0.4540,-0.0238,0.4534,7
2026-03-21T17:11:19.704184,0,1.1974,1.1974,0.0263,3.1132,0.8797,0.1391,-0.8687,69
2026-03-21T17:11:19.704184,1,1.4313,0.0270,1.4313,2.9676,0.7508,0.7507,-0.0104,88
2026-03-21T17:11:19.704184,2,0.0510,0.0510,0.0510,1.7955,0.4561,-0.0239,0.4555,7
2026-03-21T17:11:19.773432,0,1.1227,1.1227,0.0230,3.1129,0.8769,0.1115,-0.8698,66
2026-03-21T17:11:19.773432,1,1.3354,0.0230,1.3354,2.8669,0.7508,0.7505,0.0223,84
2026-03-21T17:11:19.773432,2,0.0515,0.0515,0.0459,1.7855,0.4577,-0.0242,0.4571,7
2026-03-21T17:11:19.842898,0,1.1212,1.1212,0.0195,3.1102,0.8761,0.1113,-0.8691,66
2026-03-21T17:11:19.842898,1,0.0378,0.0378,0.0200,3.0985,1.1409,0.7485,-0.8610,3
2026-03-21T17:11:19.842898,2,1.3358,0.0238,1.3358,2.8918,0.7507,0.7507,0.0063,84
2026-03-21T17:11:19.842898,3,0.0502,0.0502,0.0315,1.7840,0.4559,-0.0239,0.4552,7
2026-03-21T17:11:19.913057,0,1.1930,1.1930,0.0590,3.1138,0.8807,0.1480,-0.8681,70
2026-03-21T17:11:19.913057,1,1.4351,0.0280,1.4351,2.9446,0.7512,0.7512,0.0057,88
2026-03-21T17:11:19.913057,2,0.0493,0.0493,0.0290,1.7895,0.4519,-0.0237,0.4512,7
2026-03-21T17:11:19.981955,0,1.1905,1.1905,0.0319,3.1112,0.8800,0.1389,-0.8690,69
2026-03-21T17:11:19.981955,1,1.4096,0.0247,1.4096,2.9171,0.7511,0.7510,0.0140,87
2026-03-21T17:11:19.981955,2,0.0488,0.0488,0.0266,1.7895,0.4503,-0.0236,0.4497,7
2026-03-21T17:11:20.052629,0,1.1265,1.1265,0.0188,3.1093,0.8762,0.1112,-0.8692,66
2026-03-21T17:11:20.052629,1,0.0392,0.0392,0.0155,3.0963,1.1399,0.7479,-0.8602,3
2026-03-21T17:11:20.052629,2,1.3392,0.0204,1.3392,2.8466,0.7512,0.7502,0.0388,84
2026-03-21T17:11:20.052629,3,0.0489,0.0489,0.0297,1.7925,0.4521,-0.0236,0.4515,7
2026-03-21T17:11:20.122984,0,1.1015,1.1015,0.0203,3.1112,0.8754,0.1022,-0.8694,65
2026-03-21T17:11:20.122984,1,0.0666,0.0666,0.0439,3.0995,1.1351,0.7448,-0.8565,5
2026-03-21T17:11:20.122984,2,1.3885,0.0237,1.3885,2.8938,0.7515,0.7511,0.0225,86
2026-03-21T17:11:20.122984,3,0.0491,0.0491,0.0235,1.7859,0.4540,-0.0238,0.4534,7
2026-03-21T17:11:20.190866,0,1.1961,1.1961,0.0600,3.1112,0.8807,0.1480,-0.8681,70
2026-03-21T17:11:20.190866,1,1.3855,0.0265,1.3855,2.9191,0.7512,0.7512,0.0062,86
2026-03-21T17:11:20.190866,2,0.0498,0.0498,0.0424,1.7989,0.4519,-0.0237,0.4512,7
2026-03-21T17:11:20.261393,0,1.1251,1.1251,0.0221,3.1103,0.8763,0.1112,-0.8693,66
2026-03-21T17:11:20.261393,1,1.3858,0.0228,1.3858,2.8669,0.7514,0.7504,0.0392,86
2026-03-21T17:11:20.261393,2,0.0495,0.0495,0.0297,1.7881,0.4514,-0.0237,0.4508,7
2026-03-21T17:11:20.330975,0,1.1925,1.1925,0.0287,3.1102,0.8801,0.1389,-0.8691,69
2026-03-21T17:11:20.330975,1,1.3095,0.0233,1.3095,2.8669,0.7507,0.7506,0.0141,83
2026-03-21T17:11:20.330975,2,0.0486,0.0486,0.0203,1.7871,0.4503,-0.0236,0.4497,7
2026-03-21T17:11:20.401131,0,1.1969,1.1969,0.0287,3.1132,0.8795,0.1390,-0.8684,69
2026-03-21T17:11:20.401131,1,1.3862,0.0281,1.3862,2.9191,0.7508,0.7507,0.0058,86
2026-03-21T17:11:20.401131,2,0.0490,0.0490,0.0271,1.7889,0.4536,-0.0237,0.4530,7
2026-03-21T17:11:20.470632,0,1.1945,1.1945,0.0290,3.1142,0.8792,0.1389,-0.8682,69
2026-03-21T17:11:20.470632,1,1.3850,0.0212,1.3850,2.8931,0.7509,0.7506,0.0226,86
2026-03-21T17:11:20.470632,2,0.0500,0.0500,0.0300,1.7845,0.4557,-0.0239,0.4551,7
2026-03-21T17:11:20.539365,0,1.1012,1.1012,0.0253,3.1158,0.8760,0.1023,-0.8700,65
2026-03-21T17:11:20.539365,1,0.0676,0.0676,0.0422,3.0970,1.1325,0.7431,-0.8546,5
2026-03-21T17:11:20.539365,2,1.3577,0.0259,1.3577,2.9144,0.7511,0.7511,-0.0020,85
2026-03-21T17:11:20.539365,3,0.0490,0.0490,0.0197,1.7831,0.4539,-0.0238,0.4532,7
2026-03-21T17:11:20.610016,0,1.1002,1.1002,0.0183,3.1099,0.8758,0.1024,-0.8698,65
2026-03-21T17:11:20.610016,1,0.0653,0.0653,0.0461,3.0987,1.1329,0.7433,-0.8549,5
2026-03-21T17:11:20.610016,2,1.3590,0.0270,1.3590,2.8918,0.7510,0.7509,0.0146,85
2026-03-21T17:11:20.610016,3,0.0500,0.0500,0.0335,1.7879,0.4564,-0.0240,0.4558,7
2026-03-21T17:11:20.679448,0,1.0489,1.0489,0.0196,3.1083,0.8740,0.0843,-0.8699,63
2026-03-21T17:11:20.679448,1,0.1157,0.1157,0.0516,3.1028,1.1220,0.7217,-0.8592,7
2026-03-21T17:11:20.679448,2,1.3321,0.0216,1.3321,2.9144,0.7508,0.7507,-0.0101,84
2026-03-21T17:11:20.679448,3,0.0470,0.0470,0.0136,1.7825,0.4534,-0.0236,0.4528,7
2026-03-21T17:11:20.748981,0,1.1910,1.1910,0.0319,3.1142,0.8797,0.1388,-0.8687,69
2026-03-21T17:11:20.748981,1,1.3294,0.0220,1.3294,2.8637,0.7510,0.7507,0.0226,84
2026-03-21T17:11:20.748981,2,0.0499,0.0499,0.0285,1.7840,0.4566,-0.0240,0.4559,7
2026-03-21T17:11:20.818740,0,1.1988,1.1988,0.0529,3.1099,0.8813,0.1479,-0.8688,70
2026-03-21T17:11:20.818740,1,1.3118,0.0264,1.3118,2.8453,0.7513,0.7507,0.0301,83
2026-03-21T17:11:20.818740,2,0.0484,0.0484,0.0377,1.7876,0.4557,-0.0237,0.4551,7
2026-03-21T17:11:20.888592,0,1.1919,1.1919,0.0281,3.1119,0.8805,0.1391,-0.8694,69
2026-03-21T17:11:20.888592,1,1.3838,0.0249,1.3838,2.8912,0.7511,0.7507,0.0224,86
2026-03-21T17:11:20.888592,2,0.0465,0.0465,0.0461,1.7939,0.4504,-0.0233,0.4498,7
2026-03-21T17:11:20.958319,0,1.1934,1.1934,0.0288,3.1103,0.8797,0.1390,-0.8686,69
2026-03-21T17:11:20.958319,1,1.3852,0.0274,1.3852,2.9439,0.7515,0.7514,-0.0105,86
2026-03-21T17:11:20.958319,2,0.0524,0.0464,0.0524,1.7883,0.4541,-0.0234,0.4535,7
2026-03-21T17:11:21.028337,0,1.1271,1.1271,0.0242,3.1129,0.8760,0.1114,-0.8688,66
2026-03-21T17:11:21.028337,1,1.3842,0.0215,1.3842,2.8951,0.7520,0.7517,0.0225,86
2026-03-21T17:11:21.028337,2,0.0470,0.0470,0.0401,1.7869,0.4536,-0.0234,0.4530,7
2026-03-21T17:11:21.097778,0,1.0937,1.0937,0.0271,3.1102,0.8752,0.1022,-0.8692,65
2026-03-21T17:11:21.097778,1,0.0637,0.0637,0.0461,3.0995,1.1341,0.7441,-0.8558,5
2026-03-21T17:11:21.097778,2,1.4559,0.0219,1.4559,2.9426,0.7514,0.7512,0.0144,89
2026-03-21T17:11:21.097778,3,0.0457,0.0457,0.0414,1.7953,0.4493,-0.0232,0.4487,7
2026-03-21T17:11:21.167185,0,1.1871,1.1871,0.0347,3.1103,0.8787,0.1389,-0.8676,69
2026-03-21T17:11:21.167185,1,0.0971,0.0043,0.0971,2.9935,1.0463,0.7648,-0.7140,5
2026-03-21T17:11:21.167185,2,1.3365,0.0229,1.3365,2.8707,0.7512,0.7509,0.0223,84
2026-03-21T17:11:21.167185,3,0.0471,0.0471,0.0411,1.7899,0.4509,-0.0233,0.4503,7
2026-03-21T17:11:21.237394,0,1.1960,1.1960,0.0605,3.1138,0.8813,0.1480,-0.8688,70
2026-03-21T17:11:21.237394,1,1.4602,0.0293,1.4602,2.9676,0.7515,0.7515,-0.0026,89
2026-03-21T17:11:21.237394,2,0.0461,0.0461,0.0364,1.7913,0.4509,-0.0233,0.4503,7
2026-03-21T17:11:21.306343,0,1.1928,1.1928,0.0250,3.1103,0.8800,0.1391,-0.8690,69
2026-03-21T17:11:21.306343,1,1.4866,0.0290,1.4866,2.9676,0.7514,0.7514,0.0061,90
2026-03-21T17:11:21.306343,2,0.0467,0.0466,0.0467,1.7965,0.4486,-0.0232,0.4480,7
2026-03-21T17:11:21.376213,0,1.0754,1.0754,0.0231,3.1109,0.8748,0.0936,-0.8698,64
2026-03-21T17:11:21.376213,1,0.0866,0.0866,0.0192,3.1014,1.1309,0.7272,-0.8660,5
2026-03-21T17:11:21.376213,2,1.3602,0.0335,1.3602,2.9419,0.7516,0.7514,-0.0184,85
2026-03-21T17:11:21.376213,3,0.0486,0.0486,0.0217,1.7866,0.4516,-0.0236,0.4510,7
2026-03-21T17:11:21.446316,0,0.9627,0.9627,0.0285,3.1102,0.8703,0.0494,-0.8689,59
2026-03-21T17:11:21.446316,1,0.2032,0.2032,0.0222,3.1045,1.0920,0.6662,-0.8652,10
2026-03-21T17:11:21.446316,2,1.4099,0.0254,1.4099,2.8938,0.7521,0.7515,0.0307,87
2026-03-21T17:11:21.446316,3,0.0501,0.0501,0.0404,1.7939,0.4520,-0.0237,0.4514,7
2026-03-21T17:11:21.515235,0,1.1941,1.1941,0.0230,3.1082,0.8803,0.1391,-0.8692,69
2026-03-21T17:11:21.515235,1,1.4382,0.0266,1.4382,2.9690,0.7521,0.7520,-0.0106,88
2026-03-21T17:11:21.515235,2,0.0488,0.0488,0.0336,1.7925,0.4523,-0.0236,0.4517,7
2026-03-21T17:11:21.585350,0,1.1977,1.1977,0.0571,3.1148,0.8798,0.1479,-0.8673,70
2026-03-21T17:11:21.585350,1,1.3548,0.0236,1.3548,2.8931,0.7506,0.7505,0.0139,85
2026-03-21T17:11:21.585350,2,0.0461,0.0461,0.0401,1.7949,0.4480,-0.0232,0.4474,7
2026-03-21T17:11:21.654262,0,1.0974,1.0974,0.0252,3.1102,0.8743,0.1023,-0.8683,65
2026-03-21T17:11:21.654262,1,0.0983,0.0034,0.0983,2.9697,1.0319,0.7664,-0.6909,5
2026-03-21T17:11:21.654262,2,1.3379,0.0249,1.3379,2.8453,0.7515,0.7505,0.0386,84
2026-03-21T17:11:21.654262,3,0.0460,0.0460,0.0374,1.7923,0.4482,-0.0231,0.4476,7
2026-03-21T17:11:21.724553,0,1.1228,1.1228,0.0211,3.1099,0.8757,0.1112,-0.8686,66
2026-03-21T17:11:21.724553,1,1.3849,0.0253,1.3849,2.9184,0.7508,0.7508,0.0058,86
2026-03-21T17:11:21.724553,2,0.0464,0.0455,0.0464,1.7972,0.4513,-0.0233,0.4507,7
2026-03-21T17:11:21.794278,0,1.1963,1.1963,0.0257,3.1109,0.8804,0.1391,-0.8694,69
2026-03-21T17:11:21.794278,1,1.3364,0.0276,1.3364,2.8938,0.7506,0.7505,0.0059,84
2026-03-21T17:11:21.794278,2,0.0544,0.0460,0.0544,1.7923,0.4530,-0.0233,0.4524,7
2026-03-21T17:11:21.863622,0,1.1248,1.1248,0.0205,3.1119,0.8770,0.1115,-0.8699,66
2026-03-21T17:11:21.863622,1,0.0417,0.0417,0.0178,3.0978,1.1399,0.7479,-0.8602,3
2026-03-21T17:11:21.863622,2,1.4111,0.0283,1.4111,2.9439,0.7513,0.7513,-0.0025,87
2026-03-21T17:11:21.863622,3,0.0463,0.0463,0.0424,1.7893,0.4540,-0.0234,0.4534,7
2026-03-21T17:11:21.933218,0,1.1255,1.1255,0.0226,3.1114,0.8760,0.1113,-0.8689,66
2026-03-21T17:11:21.933218,1,1.4354,0.0267,1.4354,2.9655,0.7505,0.7504,-0.0104,88
2026-03-21T17:11:21.933218,2,0.0464,0.0464,0.0364,1.7883,0.4527,-0.0234,0.4521,7
2026-03-21T17:11:22.002926,0,1.0961,1.0961,0.0262,3.1138,0.8752,0.1026,-0.8692,65
2026-03-21T17:11:22.002926,1,1.3553,0.0279,1.3553,2.8669,0.7516,0.7510,0.0307,85
2026-03-21T17:11:22.002926,2,0.0465,0.0465,0.0431,1.7889,0.4524,-0.0233,0.4518,7
2026-03-21T17:11:22.072949,0,1.0686,1.0686,0.0219,3.1119,0.8743,0.0935,-0.8693,64
2026-03-21T17:11:22.072949,1,0.0863,0.0863,0.0189,3.0967,1.1255,0.7237,-0.8619,5
2026-03-21T17:11:22.072949,2,1.3774,0.0227,1.3774,2.9144,0.7507,0.7507,0.0062,86
2026-03-21T17:11:22.072949,3,0.0463,0.0463,0.0406,1.7905,0.4479,-0.0232,0.4473,7
2026-03-21T17:11:22.142037,0,1.1943,1.1943,0.0262,3.1092,0.8796,0.1390,-0.8685,69
2026-03-21T17:11:22.142037,1,1.3360,0.0226,1.3360,2.8675,0.7512,0.7509,0.0223,84
2026-03-21T17:11:22.142037,2,0.0524,0.0462,0.0524,1.7903,0.4529,-0.0233,0.4523,7
2026-03-21T17:11:22.211896,0,1.1006,1.1006,0.0181,3.1089,0.8753,0.1022,-0.8693,65
2026-03-21T17:11:22.211896,1,0.0640,0.0640,0.0469,3.1010,1.1357,0.7451,-0.8570,5
2026-03-21T17:11:22.211896,2,1.3600,0.0212,1.3600,2.8688,0.7515,0.7509,0.0309,85
2026-03-21T17:11:22.211896,3,0.0474,0.0461,0.0474,1.7913,0.4513,-0.0233,0.4507,7
2026-03-21T17:11:22.281594,0,1.1265,1.1265,0.0240,3.1119,0.8765,0.1115,-0.8694,66
2026-03-21T17:11:22.281594,1,0.0418,0.0418,0.0125,3.0948,1.1406,0.7483,-0.8607,3
2026-03-21T17:11:22.281594,2,1.3862,0.0308,1.3862,2.9184,0.7508,0.7507,0.0065,86
2026-03-21T17:11:22.281594,3,0.0462,0.0462,0.0444,1.7903,0.4527,-0.0233,0.4521,7
2026-03-21T17:11:22.351345,0,1.1253,1.1253,0.0238,3.1129,0.8760,0.1111,-0.8690,66
2026-03-21T17:11:22.351345,1,1.3838,0.0251,1.3838,2.9405,0.7516,0.7516,-0.0105,86
2026-03-21T17:11:22.351345,2,0.0574,0.0462,0.0574,1.7903,0.4541,-0.0233,0.4535,7
2026-03-21T17:11:22.421323,0,1.1932,1.1932,0.0285,3.1122,0.8807,0.1392,-0.8696,69
2026-03-21T17:11:22.421323,1,1.3049,0.0267,1.3049,2.8649,0.7508,0.7507,0.0142,83
2026-03-21T17:11:22.421323,2,0.0594,0.0461,0.0594,1.7913,0.4550,-0.0233,0.4544,7
2026-03-21T17:11:22.491116,0,1.1241,1.1241,0.0231,3.1119,0.8762,0.1112,-0.8691,66
2026-03-21T17:11:22.491116,1,1.3604,0.0210,1.3604,2.8912,0.7508,0.7506,0.0144,85
2026-03-21T17:11:22.491116,2,0.0506,0.0465,0.0506,1.7905,0.4534,-0.0234,0.4528,7
2026-03-21T17:11:22.561034,0,1.1927,1.1927,0.0305,3.1112,0.8798,0.1392,-0.8687,69
2026-03-21T17:11:22.561034,1,1.3870,0.0230,1.3870,2.8694,0.7523,0.7513,0.0388,86
2026-03-21T17:11:22.561034,2,0.0564,0.0453,0.0564,1.7992,0.4517,-0.0232,0.4511,7
2026-03-21T17:11:22.630308,0,1.1185,1.1185,0.0274,3.1142,0.8767,0.1112,-0.8696,66
2026-03-21T17:11:22.630308,1,0.0411,0.0411,0.0193,3.1016,1.1439,0.7505,-0.8632,3
2026-03-21T17:11:22.630308,2,1.3367,0.0213,1.3367,2.8682,0.7510,0.7507,0.0226,84
2026-03-21T17:11:22.630308,3,0.0544,0.0464,0.0544,1.7883,0.4546,-0.0234,0.4540,7
2026-03-21T17:11:22.699903,0,1.1278,1.1278,0.0232,3.1112,0.8767,0.1112,-0.8696,66
2026-03-21T17:11:22.699903,1,1.3836,0.0232,1.3836,2.8938,0.7507,0.7503,0.0223,86
2026-03-21T17:11:22.699903,2,0.0376,0.0376,0.0223,1.7963,0.4486,-0.0272,0.4478,6
2026-03-21T17:11:22.770030,0,1.1006,1.1006,0.0230,3.1109,0.8754,0.1021,-0.8694,65
2026-03-21T17:11:22.770030,1,0.0658,0.0658,0.0440,3.1003,1.1351,0.7448,-0.8565,5
2026-03-21T17:11:22.770030,2,1.3346,0.0219,1.3346,2.8688,0.7511,0.7508,0.0224,84
2026-03-21T17:11:22.770030,3,0.0381,0.0381,0.0173,1.7913,0.4493,-0.0273,0.4485,6
2026-03-21T17:11:22.839114,0,1.1938,1.1938,0.0309,3.1138,0.8798,0.1390,-0.8688,69
2026-03-21T17:11:22.839114,1,1.3825,0.0268,1.3825,2.9426,0.7509,0.7508,-0.0106,86
2026-03-21T17:11:22.839114,2,0.0947,0.0099,0.0947,1.5281,1.0591,0.7485,0.7492,5
2026-03-21T17:11:22.839114,3,0.0379,0.0379,0.0181,1.7943,0.4475,-0.0272,0.4466,6
2026-03-21T17:11:22.909676,0,1.1292,1.1292,0.0228,3.1112,0.8761,0.1114,-0.8690,66
2026-03-21T17:11:22.909676,1,1.4097,0.0268,1.4097,2.9391,0.7516,0.7516,-0.0021,87
2026-03-21T17:11:22.909676,2,0.0388,0.0388,0.0094,1.7853,0.4500,-0.0274,0.4491,6
2026-03-21T17:11:22.978761,0,1.1290,1.1290,0.0237,3.1132,0.8770,0.1112,-0.8700,66
2026-03-21T17:11:22.978761,1,1.3610,0.0287,1.3610,2.9197,0.7510,0.7510,-0.0022,85
2026-03-21T17:11:22.978761,2,0.0383,0.0383,0.0184,1.7893,0.4486,-0.0273,0.4478,6
2026-03-21T17:11:23.049230,0,1.1965,1.1965,0.0277,3.1122,0.8804,0.1389,-0.8694,69
2026-03-21T17:11:23.049230,1,1.3583,0.0259,1.3583,2.9164,0.7507,0.7507,-0.0022,85
2026-03-21T17:11:23.049230,2,0.0484,0.0465,0.0484,1.7873,0.4553,-0.0235,0.4547,7
2026-03-21T17:11:23.117927,0,1.2021,1.2021,0.0540,3.1132,0.8812,0.1482,-0.8686,70
2026-03-21T17:11:23.117927,1,1.4365,0.0254,1.4365,2.9439,0.7513,0.7513,0.0062,88
2026-03-21T17:11:23.117927,2,0.0376,0.0376,0.0253,1.7963,0.4498,-0.0273,0.4490,6
2026-03-21T17:11:23.187819,0,1.1241,1.1241,0.0243,3.1122,0.8765,0.1111,-0.8695,66
2026-03-21T17:11:23.187819,1,0.0438,0.0438,0.0118,3.0963,1.1422,0.7495,-0.8620,3
2026-03-21T17:11:23.187819,2,1.4381,0.0252,1.4381,2.9921,0.7519,0.7514,-0.0272,88
2026-03-21T17:11:23.187819,3,0.0373,0.0373,0.0233,1.7992,0.4475,-0.0271,0.4466,6
2026-03-21T17:11:23.258512,0,1.1323,1.1323,0.0221,3.1102,0.8765,0.1112,-0.8694,66
2026-03-21T17:11:23.258512,1,0.0425,0.0425,0.0140,3.0978,1.1429,0.7499,-0.8625,3
2026-03-21T17:11:23.258512,2,1.3360,0.0246,1.3360,2.8682,0.7511,0.7508,0.0224,84
2026-03-21T17:11:23.258512,3,0.0381,0.0381,0.0133,1.7923,0.4473,-0.0272,0.4465,6
2026-03-21T17:11:23.327725,0,1.1197,1.1197,0.0246,3.1132,0.8761,0.1113,-0.8690,66
2026-03-21T17:11:23.327725,1,1.3344,0.0261,1.3344,2.8958,0.7510,0.7510,0.0061,84
2026-03-21T17:11:23.327725,2,0.0376,0.0376,0.0233,1.7963,0.4488,-0.0272,0.4480,6
2026-03-21T17:11:23.396877,0,1.1932,1.1932,0.0266,3.1119,0.8801,0.1394,-0.8690,69
2026-03-21T17:11:23.396877,1,1.4076,0.0240,1.4076,2.9171,0.7506,0.7504,0.0143,87
2026-03-21T17:11:23.396877,2,0.0375,0.0375,0.0303,1.7963,0.4505,-0.0273,0.4496,6
2026-03-21T17:11:23.467503,0,1.1889,1.1889,0.0337,3.1122,0.8800,0.1390,-0.8689,69
2026-03-21T17:11:23.467503,1,1.4354,0.0285,1.4354,2.9683,0.7514,0.7513,-0.0107,88
2026-03-21T17:11:23.467503,2,0.0384,0.0384,0.0216,1.7885,0.4511,-0.0273,0.4503,6
2026-03-21T17:11:23.536806,0,1.1270,1.1270,0.0234,3.1142,0.8771,0.1117,-0.8699,66
2026-03-21T17:11:23.536806,1,1.4593,0.0256,1.4593,2.9942,0.7524,0.7521,-0.0192,89
2026-03-21T17:11:23.536806,2,0.0383,0.0383,0.0194,1.7893,0.4500,-0.0274,0.4491,6
2026-03-21T17:11:23.606205,0,1.1878,1.1878,0.0326,3.1119,0.8800,0.1392,-0.8689,69
2026-03-21T17:11:23.606205,1,1.4076,0.0274,1.4076,2.9432,0.7508,0.7508,-0.0023,87
2026-03-21T17:11:23.606205,2,0.0744,0.0464,0.0744,1.7883,0.4607,-0.0235,0.4601,7
2026-03-21T17:11:23.676946,0,1.0720,1.0720,0.0246,3.1122,0.8748,0.0933,-0.8698,64
2026-03-21T17:11:23.676946,1,0.0958,0.0051,0.0958,2.9935,1.0477,0.7658,-0.7149,5
2026-03-21T17:11:23.676946,2,1.3134,0.0221,1.3134,2.8694,0.7509,0.7508,0.0143,83
2026-03-21T17:11:23.676946,3,0.0517,0.0517,0.0489,1.7905,0.4574,-0.0320,0.4563,7
2026-03-21T17:11:23.745001,0,1.0701,1.0701,0.0255,3.1142,0.8737,0.0931,-0.8687,64
2026-03-21T17:11:23.745001,1,0.0876,0.0876,0.0177,3.0970,1.1261,0.7241,-0.8623,5
2026-03-21T17:11:23.745001,2,1.4086,0.0245,1.4086,2.8931,0.7510,0.7503,0.0308,87
2026-03-21T17:11:23.745001,3,0.0506,0.0506,0.0301,1.7806,0.4590,-0.0321,0.4579,7
2026-03-21T17:11:23.815046,0,1.1905,1.1905,0.0349,3.1142,0.8800,0.1391,-0.8690,69
2026-03-21T17:11:23.815046,1,1.4103,0.0224,1.4103,2.9171,0.7515,0.7513,0.0142,87
2026-03-21T17:11:23.815046,2,0.0511,0.0511,0.0401,1.7866,0.4587,-0.0321,0.4576,7
2026-03-21T17:11:23.885696,0,1.1223,1.1223,0.0185,3.1082,0.8766,0.1116,-0.8695,66
2026-03-21T17:11:23.885696,1,1.3849,0.0231,1.3849,2.9171,0.7512,0.7511,0.0063,86
2026-03-21T17:11:23.885696,2,0.0377,0.0377,0.0253,1.7953,0.4446,-0.0270,0.4438,6
2026-03-21T17:11:23.954159,0,1.0785,1.0785,0.0222,3.1109,0.8744,0.0935,-0.8694,64
2026-03-21T17:11:23.954159,1,0.0865,0.0865,0.0191,3.0998,1.1289,0.7259,-0.8645,5
2026-03-21T17:11:23.954159,2,1.3374,0.0247,1.3374,2.9171,0.7510,0.7509,-0.0103,84
2026-03-21T17:11:23.954159,3,0.0518,0.0518,0.0450,1.7866,0.4569,-0.0321,0.4557,7
2026-03-21T17:11:24.023617,0,1.1934,1.1934,0.0263,3.1093,0.8805,0.1390,-0.8694,69
2026-03-21T17:11:24.023617,1,1.3654,0.0231,1.3654,2.8707,0.7513,0.7507,0.0304,85
2026-03-21T17:11:24.023617,2,0.0503,0.0503,0.0341,1.7885,0.4529,-0.0317,0.4517,7
2026-03-21T17:11:24.094651,0,1.1240,1.1240,0.0228,3.1094,0.8762,0.1112,-0.8692,66
2026-03-21T17:11:24.094651,1,0.0451,0.0451,0.0140,3.0978,1.1416,0.7490,-0.8615,3
2026-03-21T17:11:24.094651,2,1.3852,0.0249,1.3852,2.9426,0.7515,0.7514,-0.0104,86
2026-03-21T17:11:24.094651,3,0.0492,0.0492,0.0266,1.7899,0.4510,-0.0315,0.4499,7
2026-03-21T17:11:24.164773,0,1.0773,1.0773,0.0283,3.1162,0.8743,0.0930,-0.8694,64
2026-03-21T17:11:24.164773,1,0.0889,0.0889,0.0200,3.1008,1.1277,0.7252,-0.8636,5
2026-03-21T17:11:24.164773,2,1.3331,0.0232,1.3331,2.8918,0.7501,0.7501,0.0063,84
2026-03-21T17:11:24.164773,3,0.0537,0.0507,0.0537,1.8062,0.4494,-0.0314,0.4483,7
2026-03-21T17:11:24.234693,0,1.1972,1.1972,0.0245,3.1112,0.8800,0.1390,-0.8690,69
2026-03-21T17:11:24.234693,1,1.3354,0.0223,1.3354,2.8669,0.7513,0.7509,0.0226,84
2026-03-21T17:11:24.234693,2,0.0380,0.0380,0.0163,1.7933,0.4450,-0.0270,0.4441,6
2026-03-21T17:11:24.303347,0,1.1910,1.1910,0.0290,3.1113,0.8800,0.1391,-0.8689,69
2026-03-21T17:11:24.303347,1,0.0990,0.0047,0.0990,2.9697,1.0297,0.7648,-0.6894,5
2026-03-21T17:11:24.303347,2,1.2642,0.0233,1.2642,2.8472,0.7510,0.7509,0.0143,81
2026-03-21T17:11:24.303347,3,0.0510,0.0510,0.0510,1.8005,0.4510,-0.0316,0.4499,7
2026-03-21T17:11:24.372754,0,1.1261,1.1261,0.0273,3.1123,0.8764,0.1112,-0.8693,66
2026-03-21T17:11:24.372754,1,1.3550,0.0278,1.3550,2.9151,0.7507,0.7507,-0.0023,85
2026-03-21T17:11:24.372754,2,0.0499,0.0499,0.0325,1.7899,0.4537,-0.0317,0.4526,7
2026-03-21T17:11:24.442695,0,1.0998,1.0998,0.0250,3.1132,0.8758,0.1020,-0.8698,65
2026-03-21T17:11:24.442695,1,0.0705,0.0705,0.0423,3.0964,1.1325,0.7431,-0.8546,5
2026-03-21T17:11:24.442695,2,1.3617,0.0263,1.3617,2.8918,0.7512,0.7510,0.0145,85
2026-03-21T17:11:24.442695,3,0.0375,0.0375,0.0213,1.7982,0.4425,-0.0268,0.4417,6
2026-03-21T17:11:24.512081,0,1.1934,1.1934,0.0283,3.1113,0.8797,0.1389,-0.8687,69
2026-03-21T17:11:24.512081,1,1.3337,0.0242,1.3337,2.8938,0.7510,0.7510,0.0060,84
2026-03-21T17:11:24.512081,2,0.0459,0.0459,0.0336,1.7965,0.4444,-0.0230,0.4438,7
2026-03-21T17:11:24.581251,0,1.1971,1.1971,0.0275,3.1112,0.8797,0.1389,-0.8687,69
2026-03-21T17:11:24.581251,1,1.4103,0.0255,1.4103,2.9191,0.7514,0.7513,0.0142,87
2026-03-21T17:11:24.581251,2,0.0464,0.0464,0.0317,1.7935,0.4463,-0.0231,0.4457,7
2026-03-21T17:11:24.651372,0,1.1248,1.1248,0.0215,3.1102,0.8763,0.1112,-0.8692,66
2026-03-21T17:11:24.651372,1,1.4073,0.0255,1.4073,2.8675,0.7523,0.7509,0.0472,87
2026-03-21T17:11:24.651372,2,0.0461,0.0461,0.0186,1.7975,0.4407,-0.0230,0.4401,7
2026-03-21T17:11:24.720635,0,1.1246,1.1246,0.0242,3.1162,0.8763,0.1115,-0.8692,66
2026-03-21T17:11:24.720635,1,1.3114,0.0249,1.3114,2.8688,0.7503,0.7501,0.0143,83
2026-03-21T17:11:24.720635,2,0.0482,0.0482,0.0247,1.7961,0.4440,-0.0234,0.4434,7
2026-03-21T17:11:24.790714,0,1.1878,1.1878,0.0324,3.1102,0.8804,0.1393,-0.8693,69
2026-03-21T17:11:24.790714,1,1.4115,0.0219,1.4115,2.8912,0.7510,0.7504,0.0312,87
2026-03-21T17:11:24.790714,2,0.0705,0.0458,0.0705,1.8055,0.4463,-0.0150,0.4460,7
2026-03-21T17:11:24.860261,0,1.1947,1.1947,0.0590,3.1102,0.8809,0.1481,-0.8684,70
2026-03-21T17:11:24.860261,1,1.4299,0.0240,1.4299,2.9662,0.7515,0.7514,-0.0103,88
2026-03-21T17:11:24.860261,2,0.0503,0.0503,0.0404,1.7919,0.4476,-0.0238,0.4469,7
2026-03-21T17:11:24.930037,0,1.1231,1.1231,0.0231,3.1122,0.8764,0.1114,-0.8693,66
2026-03-21T17:11:24.930037,1,1.3354,0.0311,1.3354,2.9171,0.7511,0.7510,-0.0100,84
2026-03-21T17:11:24.930037,2,0.0498,0.0498,0.0330,1.7895,0.4486,-0.0237,0.4480,7
2026-03-21T17:11:24.999754,0,1.1261,1.1261,0.0225,3.1119,0.8764,0.1112,-0.8694,66
2026-03-21T17:11:24.999754,1,1.3855,0.0253,1.3855,2.9184,0.7509,0.7509,0.0062,86
2026-03-21T17:11:24.999754,2,0.0509,0.0509,0.0476,1.7931,0.4493,-0.0239,0.4487,7
2026-03-21T17:11:25.069080,0,1.1963,1.1963,0.0260,3.1112,0.8800,0.1391,-0.8690,69
2026-03-21T17:11:25.069080,1,1.3115,0.0209,1.3115,2.8675,0.7511,0.7509,0.0145,83
2026-03-21T17:11:25.069080,2,0.0639,0.0510,0.0639,1.8085,0.4453,-0.0235,0.4447,7
2026-03-21T17:11:25.138669,0,1.1251,1.1251,0.0276,3.1148,0.8761,0.1111,-0.8691,66
2026-03-21T17:11:25.138669,1,1.3634,0.0218,1.3634,2.8694,0.7515,0.7509,0.0306,85
2026-03-21T17:11:25.138669,2,0.0377,0.0377,0.0223,1.8021,0.4371,-0.0189,0.4367,6
2026-03-21T17:11:25.208820,0,1.1268,1.1268,0.0213,3.1103,0.8767,0.1113,-0.8697,66
2026-03-21T17:11:25.208820,1,1.4327,0.0229,1.4327,2.9137,0.7517,0.7513,0.0228,88
2026-03-21T17:11:25.208820,2,0.0382,0.0382,0.0246,1.7975,0.4421,-0.0191,0.4417,6
2026-03-21T17:11:25.278333,0,1.0988,1.0988,0.0191,3.1109,0.8759,0.1023,-0.8699,65
2026-03-21T17:11:25.278333,1,1.3603,0.0232,1.3603,2.9171,0.7512,0.7512,-0.0023,85
2026-03-21T17:11:25.278333,2,0.0509,0.0509,0.0509,1.7965,0.4501,-0.0238,0.4495,7
2026-03-21T17:11:25.348157,0,1.0988,1.0988,0.0244,3.1112,0.8751,0.1022,-0.8691,65
2026-03-21T17:11:25.348157,1,0.0659,0.0659,0.0490,3.0987,1.1327,0.7432,-0.8548,5
2026-03-21T17:11:25.348157,2,1.4104,0.0287,1.4104,2.9432,0.7508,0.7508,-0.0021,87
2026-03-21T17:11:25.348157,3,0.0491,0.0491,0.0316,1.7855,0.4569,-0.0239,0.4562,7
2026-03-21T17:11:25.417300,0,1.1280,1.1280,0.0196,3.1102,0.8762,0.1115,-0.8691,66
2026-03-21T17:11:25.417300,1,1.3831,0.0240,1.3831,2.8912,0.7511,0.7508,0.0225,86
2026-03-21T17:11:25.417300,2,0.0494,0.0494,0.0351,1.7850,0.4571,-0.0239,0.4565,7
2026-03-21T17:11:25.487224,0,1.1270,1.1270,0.0189,3.1102,0.8769,0.1114,-0.8698,66
2026-03-21T17:11:25.487224,1,0.0451,0.0451,0.0095,3.0948,1.1416,0.7490,-0.8615,3
2026-03-21T17:11:25.487224,2,1.4615,0.0233,1.4615,2.9439,0.7518,0.7517,0.0146,89
2026-03-21T17:11:25.487224,3,0.0482,0.0482,0.0393,1.7851,0.4571,-0.0238,0.4565,7
2026-03-21T17:11:25.556723,0,1.1243,1.1243,0.0230,3.1099,0.8759,0.1115,-0.8687,66
2026-03-21T17:11:25.556723,1,1.3121,0.0221,1.3121,2.8675,0.7511,0.7510,0.0144,83
2026-03-21T17:11:25.556723,2,0.0472,0.0472,0.0436,1.7865,0.4554,-0.0235,0.4548,7
2026-03-21T17:11:25.626184,0,1.1949,1.1949,0.0265,3.1102,0.8798,0.1390,-0.8688,69
2026-03-21T17:11:25.626184,1,1.4115,0.0232,1.4115,2.9676,0.7516,0.7514,-0.0186,87
2026-03-21T17:11:25.626184,2,0.0494,0.0461,0.0494,1.7913,0.4537,-0.0233,0.4531,7
2026-03-21T17:11:25.696287,0,1.1943,1.1943,0.0588,3.1122,0.8806,0.1481,-0.8681,70
2026-03-21T17:11:25.696287,1,1.4131,0.0278,1.4131,2.9446,0.7513,0.7513,-0.0020,87
2026-03-21T17:11:25.696287,2,0.0483,0.0483,0.0373,1.7851,0.4561,-0.0237,0.4555,7
2026-03-21T17:11:25.765616,0,1.1886,1.1886,0.0292,3.1122,0.8795,0.1391,-0.8684,69
2026-03-21T17:11:25.765616,1,1.3344,0.0246,1.3344,2.8945,0.7511,0.7511,0.0059,84
2026-03-21T17:11:25.765616,2,0.0491,0.0491,0.0245,1.7869,0.4523,-0.0237,0.4517,7
2026-03-21T17:11:25.835331,0,1.1297,1.1297,0.0214,3.1113,0.8763,0.1114,-0.8692,66
2026-03-21T17:11:25.835331,1,0.0352,0.0352,0.0200,3.0986,1.1416,0.7490,-0.8615,3
2026-03-21T17:11:25.835331,2,1.3637,0.0250,1.3637,2.9204,0.7510,0.7510,-0.0019,85
2026-03-21T17:11:25.835331,3,0.0485,0.0485,0.0246,1.7885,0.4519,-0.0237,0.4512,7
2026-03-21T17:11:25.905400,0,1.1226,1.1226,0.0217,3.1129,0.8763,0.1115,-0.8691,66
2026-03-21T17:11:25.905400,1,1.3883,0.0260,1.3883,2.9191,0.7512,0.7511,0.0063,86
2026-03-21T17:11:25.905400,2,0.0497,0.0497,0.0347,1.7921,0.4507,-0.0238,0.4501,7
2026-03-21T17:11:25.974628,0,1.0992,1.0992,0.0227,3.1132,0.8758,0.1023,-0.8698,65
2026-03-21T17:11:25.974628,1,1.2852,0.0197,1.2852,2.8682,0.7503,0.7503,0.0064,82
2026-03-21T17:11:25.974628,2,0.0494,0.0494,0.0325,1.7919,0.4500,-0.0236,0.4494,7
2026-03-21T17:11:26.044700,0,1.1903,1.1903,0.0312,3.1112,0.8804,0.1390,-0.8694,69
2026-03-21T17:11:26.044700,1,1.3624,0.0208,1.3624,2.8925,0.7516,0.7515,0.0145,85
2026-03-21T17:11:26.044700,2,0.0509,0.0509,0.0454,1.7909,0.4533,-0.0240,0.4527,7
2026-03-21T17:11:26.114782,0,1.1221,1.1221,0.0220,3.1110,0.8758,0.1112,-0.8687,66
2026-03-21T17:11:26.114782,1,0.0451,0.0451,0.0095,3.0933,1.1396,0.7477,-0.8599,3
2026-03-21T17:11:26.114782,2,1.3338,0.0197,1.3338,2.8918,0.7511,0.7511,0.0064,84
2026-03-21T17:11:26.114782,3,0.0513,0.0513,0.0486,1.7901,0.4520,-0.0239,0.4514,7
2026-03-21T17:11:26.183990,0,1.1958,1.1958,0.0247,3.1099,0.8798,0.1390,-0.8688,69
2026-03-21T17:11:26.183990,1,1.3642,0.0266,1.3642,2.8964,0.7515,0.7513,0.0140,85
2026-03-21T17:11:26.183990,2,0.0499,0.0499,0.0295,1.7850,0.4537,-0.0239,0.4531,7
2026-03-21T17:11:26.254284,0,1.1255,1.1255,0.0232,3.1113,0.8761,0.1110,-0.8691,66
2026-03-21T17:11:26.254284,1,1.3364,0.0264,1.3364,2.8720,0.7510,0.7507,0.0220,84
2026-03-21T17:11:26.254284,2,0.0495,0.0495,0.0325,1.7909,0.4506,-0.0237,0.4500,7
2026-03-21T17:11:26.324064,0,1.0705,1.0705,0.0226,3.1123,0.8741,0.0933,-0.8691,64
2026-03-21T17:11:26.324064,1,0.0905,0.0905,0.0146,3.0998,1.1283,0.7256,-0.8640,5
2026-03-21T17:11:26.324064,2,1.4609,0.0280,1.4609,2.9697,0.7516,0.7516,-0.0026,89
2026-03-21T17:11:26.324064,3,0.0495,0.0495,0.0325,1.7909,0.4521,-0.0237,0.4515,7
2026-03-21T17:11:26.393621,0,1.1889,1.1889,0.0352,3.1123,0.8807,0.1395,-0.8696,69
2026-03-21T17:11:26.393621,1,1.4334,0.0275,1.4334,2.9914,0.7515,0.7510,-0.0268,88
2026-03-21T17:11:26.393621,2,0.0510,0.0508,0.0510,1.7975,0.4533,-0.0238,0.4527,7
2026-03-21T17:11:26.462487,0,1.0752,1.0752,0.0205,3.1109,0.8743,0.0935,-0.8692,64
2026-03-21T17:11:26.462487,1,0.0906,0.0906,0.0488,3.1014,1.1297,0.7339,-0.8588,6
2026-03-21T17:11:26.462487,2,1.4338,0.0236,1.4338,2.9412,0.7503,0.7503,0.0063,88
2026-03-21T17:11:26.462487,3,0.0489,0.0489,0.0217,1.7836,0.4543,-0.0238,0.4537,7
2026-03-21T17:11:26.532905,0,1.1280,1.1280,0.0208,3.1132,0.8772,0.1118,-0.8701,66
2026-03-21T17:11:26.532905,1,1.3890,0.0264,1.3890,2.9171,0.7508,0.7508,0.0066,86
2026-03-21T17:11:26.532905,2,0.0471,0.0471,0.0261,1.7859,0.4533,-0.0235,0.4527,7
2026-03-21T17:11:26.602030,0,1.1044,1.1044,0.0203,3.1119,0.8752,0.1022,-0.8692,65
2026-03-21T17:11:26.602030,1,1.3571,0.0225,1.3571,2.8879,0.7501,0.7500,0.0148,85
2026-03-21T17:11:26.602030,2,0.0465,0.0465,0.0456,1.7885,0.4530,-0.0234,0.4524,7
2026-03-21T17:11:26.672490,0,1.0779,1.0779,0.0241,3.1120,0.8750,0.0936,-0.8700,64
2026-03-21T17:11:26.672490,1,0.0846,0.0846,0.0214,3.1014,1.1313,0.7274,-0.8664,5
2026-03-21T17:11:26.672490,2,1.3829,0.0212,1.3829,2.9157,0.7505,0.7504,0.0067,86
2026-03-21T17:11:26.672490,3,0.0469,0.0469,0.0431,1.7879,0.4534,-0.0234,0.4528,7
2026-03-21T17:11:26.741362,0,1.1207,1.1207,0.0180,3.1103,0.8767,0.1115,-0.8696,66
2026-03-21T17:11:26.741362,1,1.4096,0.0208,1.4096,2.8669,0.7520,0.7505,0.0478,87
2026-03-21T17:11:26.741362,2,0.0534,0.0464,0.0534,1.7883,0.4557,-0.0234,0.4551,7
2026-03-21T17:11:26.811348,0,1.1967,1.1967,0.0266,3.1119,0.8804,0.1392,-0.8693,69
2026-03-21T17:11:26.811348,1,0.0991,0.0033,0.0991,2.9935,1.0469,0.7652,-0.7144,5
2026-03-21T17:11:26.811348,2,1.3858,0.0231,1.3858,2.8669,0.7520,0.7510,0.0393,86
2026-03-21T17:11:26.811348,3,0.0522,0.0522,0.0507,1.7903,0.4557,-0.0320,0.4546,7
2026-03-21T17:11:26.880445,0,1.1956,1.1956,0.0283,3.1113,0.8796,0.1391,-0.8685,69
2026-03-21T17:11:26.880445,1,1.4366,0.0245,1.4366,2.8931,0.7520,0.7510,0.0394,88
2026-03-21T17:11:26.880445,2,0.0519,0.0519,0.0450,1.7856,0.4580,-0.0321,0.4569,7
2026-03-21T17:11:26.951736,0,1.1249,1.1249,0.0208,3.1104,0.8773,0.1112,-0.8703,66
2026-03-21T17:11:26.951736,1,1.3384,0.0231,1.3384,2.8951,0.7511,0.7511,0.0060,84
2026-03-21T17:11:26.951736,2,0.0516,0.0516,0.0390,1.7825,0.4594,-0.0323,0.4583,7
2026-03-21T17:11:27.020816,0,1.1004,1.1004,0.0206,3.1102,0.8756,0.1020,-0.8697,65
2026-03-21T17:11:27.020816,1,1.3384,0.0250,1.3384,2.8945,0.7504,0.7504,0.0063,84
2026-03-21T17:11:27.020816,2,0.0522,0.0522,0.0430,1.7816,0.4609,-0.0323,0.4597,7
2026-03-21T17:11:27.090995,0,1.1930,1.1930,0.0605,3.1132,0.8800,0.1481,-0.8675,70
2026-03-21T17:11:27.090995,1,1.4063,0.0263,1.4063,2.9405,0.7508,0.7508,-0.0022,87
2026-03-21T17:11:27.090995,2,0.0379,0.0379,0.0253,1.7923,0.4471,-0.0271,0.4463,6
2026-03-21T17:11:27.160898,0,1.1282,1.1282,0.0234,3.1138,0.8773,0.1115,-0.8702,66
2026-03-21T17:11:27.160898,1,1.3844,0.0249,1.3844,2.8912,0.7506,0.7502,0.0228,86
2026-03-21T17:11:27.160898,2,0.0379,0.0379,0.0233,1.7933,0.4458,-0.0270,0.4450,6
2026-03-21T17:11:27.231031,0,1.1257,1.1257,0.0236,3.1132,0.8762,0.1112,-0.8692,66
2026-03-21T17:11:27.231031,1,1.4097,0.0261,1.4097,2.9412,0.7514,0.7514,-0.0022,87
2026-03-21T17:11:27.231031,2,0.0376,0.0376,0.0173,1.7972,0.4435,-0.0269,0.4427,6
2026-03-21T17:11:27.299236,0,1.1255,1.1255,0.0227,3.1122,0.8763,0.1113,-0.8692,66
2026-03-21T17:11:27.299236,1,1.4076,0.0231,1.4076,2.9412,0.7507,0.7507,-0.0020,87
2026-03-21T17:11:27.299236,2,0.0498,0.0498,0.0341,1.7935,0.4476,-0.0314,0.4465,7
2026-03-21T17:11:27.370005,0,1.0273,1.0273,0.0184,3.1082,0.8725,0.0758,-0.8692,62
2026-03-21T17:11:27.370005,1,0.0447,0.0447,0.0036,3.0987,1.0862,0.6538,-0.8674,3
2026-03-21T17:11:27.370005,2,1.3865,0.0281,1.3865,2.9405,0.7509,0.7508,-0.0103,86
2026-03-21T17:11:27.370005,3,0.0512,0.0512,0.0431,1.7915,0.4520,-0.0318,0.4509,7
2026-03-21T17:11:27.439628,0,1.1235,1.1235,0.0205,3.1092,0.8764,0.1113,-0.8693,66
2026-03-21T17:11:27.439628,1,1.3346,0.0235,1.3346,2.8675,0.7509,0.7505,0.0224,84
2026-03-21T17:11:27.439628,2,0.0583,0.0530,0.0583,1.7929,0.4523,-0.0320,0.4512,7
2026-03-21T17:11:27.508750,0,1.1992,1.1992,0.0224,3.1099,0.8802,0.1392,-0.8691,69
2026-03-21T17:11:27.508750,1,1.4602,0.0298,1.4602,2.9690,0.7513,0.7513,-0.0023,89
2026-03-21T17:11:27.508750,2,0.0461,0.0461,0.0281,1.7939,0.4457,-0.0232,0.4451,7
2026-03-21T17:11:27.578664,0,1.1244,1.1244,0.0233,3.1132,0.8768,0.1114,-0.8697,66
2026-03-21T17:11:27.578664,1,1.3590,0.0213,1.3590,2.8912,0.7509,0.7508,0.0146,85
2026-03-21T17:11:27.578664,2,0.0466,0.0466,0.0321,1.7939,0.4477,-0.0232,0.4471,7
2026-03-21T17:11:27.647613,0,1.1907,1.1907,0.0284,3.1099,0.8804,0.1391,-0.8694,69
2026-03-21T17:11:27.647613,1,1.3872,0.0230,1.3872,2.9419,0.7521,0.7520,-0.0102,86
2026-03-21T17:11:27.647613,2,0.0472,0.0472,0.0471,1.7869,0.4563,-0.0236,0.4557,7
2026-03-21T17:11:27.718494,0,1.1916,1.1916,0.0287,3.1103,0.8804,0.1392,-0.8694,69
2026-03-21T17:11:27.718494,1,1.3364,0.0239,1.3364,2.8945,0.7518,0.7517,0.0061,84
2026-03-21T17:11:27.718494,2,0.0470,0.0470,0.0465,1.7823,0.4593,-0.0237,0.4587,7
2026-03-21T17:11:27.788277,0,1.0799,1.0799,0.0313,3.1158,0.8743,0.0931,-0.8693,64
2026-03-21T17:11:27.788277,1,0.0854,0.0854,0.0208,3.1038,1.1311,0.7273,-0.8662,5
2026-03-21T17:11:27.788277,2,1.3331,0.0213,1.3331,2.8918,0.7511,0.7511,0.0061,84
2026-03-21T17:11:27.788277,3,0.0501,0.0501,0.0316,1.7745,0.4653,-0.0243,0.4646,7
2026-03-21T17:11:27.857465,0,1.0962,1.0962,0.0205,3.1109,0.8753,0.1024,-0.8693,65
2026-03-21T17:11:27.857465,1,0.0676,0.0676,0.0416,3.0964,1.1317,0.7426,-0.8540,5
2026-03-21T17:11:27.857465,2,1.3108,0.0240,1.3108,2.8682,0.7511,0.7510,0.0141,83
2026-03-21T17:11:27.857465,3,0.0510,0.0510,0.0339,1.7785,0.4633,-0.0244,0.4626,7
2026-03-21T17:11:27.927558,0,1.1952,1.1952,0.0248,3.1093,0.8803,0.1391,-0.8693,69
2026-03-21T17:11:27.927558,1,1.3877,0.0254,1.3877,2.8958,0.7512,0.7508,0.0226,86
2026-03-21T17:11:27.927558,2,0.0390,0.0390,0.0247,1.7846,0.4536,-0.0196,0.4532,6
2026-03-21T17:11:27.996665,0,1.1274,1.1274,0.0246,3.1119,0.8765,0.1113,-0.8694,66
2026-03-21T17:11:27.996665,1,1.4346,0.0251,1.4346,2.9171,0.7516,0.7512,0.0224,88
2026-03-21T17:11:27.996665,2,0.0388,0.0388,0.0223,1.7881,0.4503,-0.0195,0.4499,6
2026-03-21T17:11:28.066637,0,1.0765,1.0765,0.0227,3.1131,0.8748,0.0933,-0.8699,64
2026-03-21T17:11:28.066637,1,0.0858,0.0858,0.0230,3.1031,1.1301,0.7267,-0.8654,5
2026-03-21T17:11:28.066637,2,1.3612,0.0255,1.3612,2.8422,0.7519,0.7504,0.0474,85
2026-03-21T17:11:28.066637,3,0.0389,0.0389,0.0207,1.7856,0.4531,-0.0196,0.4527,6
2026-03-21T17:11:28.136338,0,1.0985,1.0985,0.0208,3.1132,0.8754,0.1024,-0.8694,65
2026-03-21T17:11:28.136338,1,0.0645,0.0645,0.0454,3.1003,1.1327,0.7432,-0.8547,5
2026-03-21T17:11:28.136338,2,1.3330,0.0239,1.3330,2.8945,0.7503,0.7503,0.0060,84
2026-03-21T17:11:28.136338,3,0.0391,0.0391,0.0126,1.7826,0.4541,-0.0197,0.4537,6
2026-03-21T17:11:28.206192,0,1.1234,1.1234,0.0211,3.1102,0.8768,0.1113,-0.8697,66
2026-03-21T17:11:28.206192,1,1.3815,0.0262,1.3815,2.9164,0.7504,0.7504,0.0062,86
2026-03-21T17:11:28.206192,2,0.0395,0.0395,0.0131,1.7800,0.4551,-0.0198,0.4547,6
2026-03-21T17:11:28.275438,0,1.1954,1.1954,0.0257,3.1109,0.8795,0.1392,-0.8685,69
2026-03-21T17:11:28.275438,1,1.3829,0.0224,1.3829,2.9157,0.7507,0.7507,0.0063,86
2026-03-21T17:11:28.275438,2,0.0572,0.0482,0.0572,1.7821,0.4607,-0.0156,0.4604,7
2026-03-21T17:11:28.344891,0,1.0967,1.0967,0.0239,3.1122,0.8750,0.1024,-0.8690,65
2026-03-21T17:11:28.344891,1,0.1205,0.0045,0.1205,2.9690,1.0234,0.7659,-0.6787,6
2026-03-21T17:11:28.344891,2,1.2654,0.0200,1.2654,2.8221,0.7505,0.7499,0.0306,81
2026-03-21T17:11:28.344891,3,0.0492,0.0037,0.0492,1.5281,1.0439,0.7508,0.7253,3
2026-03-21T17:11:28.344891,4,0.0622,0.0481,0.0622,1.7881,0.4594,-0.0156,0.4592,7
2026-03-21T17:11:28.414723,0,1.1218,1.1218,0.0231,3.1109,0.8756,0.1112,-0.8685,66
2026-03-21T17:11:28.414723,1,1.3824,0.0317,1.3824,2.9405,0.7511,0.7510,-0.0104,86
2026-03-21T17:11:28.414723,2,0.0394,0.0394,0.0181,1.7810,0.4561,-0.0198,0.4557,6
2026-03-21T17:11:28.483996,0,1.1002,1.1002,0.0206,3.1102,0.8752,0.1024,-0.8692,65
2026-03-21T17:11:28.483996,1,1.4587,0.0254,1.4587,2.9432,0.7515,0.7514,0.0143,89
2026-03-21T17:11:28.483996,2,0.0392,0.0392,0.0141,1.7816,0.4573,-0.0199,0.4569,6
2026-03-21T17:11:28.553837,0,1.1958,1.1958,0.0843,3.1112,0.8813,0.1567,-0.8672,71
2026-03-21T17:11:28.553837,1,1.4103,0.0233,1.4103,2.9171,0.7516,0.7514,0.0144,87
2026-03-21T17:11:28.553837,2,0.0390,0.0390,0.0287,1.7846,0.4580,-0.0197,0.4575,6
2026-03-21T17:11:28.622860,0,1.1017,1.1017,0.0215,3.1109,0.8757,0.1026,-0.8697,65
2026-03-21T17:11:28.622860,1,1.3530,0.0234,1.3530,2.9117,0.7511,0.7511,-0.0021,85
2026-03-21T17:11:28.622860,2,0.0525,0.0525,0.0500,1.7806,0.4641,-0.0245,0.4635,7
2026-03-21T17:11:28.692660,0,1.1009,1.1009,0.0195,3.1082,0.8749,0.1022,-0.8689,65
2026-03-21T17:11:28.692660,1,1.3371,0.0231,1.3371,2.8931,0.7509,0.7509,0.0059,84
2026-03-21T17:11:28.692660,2,0.0529,0.0529,0.0493,1.7760,0.4684,-0.0247,0.4678,7
2026-03-21T17:11:28.762902,0,1.1199,1.1199,0.0219,3.1122,0.8763,0.1110,-0.8693,66
2026-03-21T17:11:28.762902,1,1.3583,0.0209,1.3583,2.8912,0.7511,0.7510,0.0142,85
2026-03-21T17:11:28.762902,2,0.0514,0.0514,0.0480,1.7885,0.4653,-0.0243,0.4646,7
2026-03-21T17:11:28.832195,0,1.0769,1.0769,0.0207,3.1123,0.8748,0.0935,-0.8698,64
2026-03-21T17:11:28.832195,1,0.0844,0.0844,0.0212,3.0983,1.1267,0.7245,-0.8628,5
2026-03-21T17:11:28.832195,2,0.0952,0.0054,0.0952,2.9942,1.0503,0.7678,-0.7167,5
2026-03-21T17:11:28.832195,3,1.3184,0.0217,1.3184,2.8485,0.7515,0.7508,0.0304,83
2026-03-21T17:11:28.832195,4,0.0526,0.0526,0.0459,1.7755,0.4681,-0.0247,0.4675,7
2026-03-21T17:11:28.901855,0,1.1943,1.1943,0.0616,3.1142,0.8806,0.1478,-0.8681,70
2026-03-21T17:11:28.901855,1,1.3121,0.0257,1.3121,2.8951,0.7502,0.7502,-0.0018,83
2026-03-21T17:11:28.901855,2,0.0983,0.0047,0.0983,1.5527,1.0435,0.7502,0.7253,5
2026-03-21T17:11:28.901855,3,0.0514,0.0514,0.0339,1.7745,0.4676,-0.0246,0.4669,7
2026-03-21T17:11:28.971874,0,1.0724,1.0724,0.0244,3.1123,0.8746,0.0933,-0.8696,64
2026-03-21T17:11:28.971874,1,0.0923,0.0923,0.0133,3.0985,1.1281,0.7255,-0.8638,5
2026-03-21T17:11:28.971874,2,1.4090,0.0209,1.4090,2.9151,0.7513,0.7512,0.0147,87
2026-03-21T17:11:28.971874,3,0.0515,0.0515,0.0424,1.7820,0.4650,-0.0244,0.4644,7
2026-03-21T17:11:29.041420,0,1.1179,1.1179,0.0225,3.1112,0.8763,0.1112,-0.8692,66
2026-03-21T17:11:29.041420,1,1.4365,0.0258,1.4365,2.9204,0.7514,0.7510,0.0225,88
2026-03-21T17:11:29.041420,2,0.0504,0.0504,0.0261,1.7719,0.4670,-0.0245,0.4664,7
2026-03-21T17:11:29.111085,0,1.1028,1.1028,0.0246,3.1132,0.8753,0.1021,-0.8693,65
2026-03-21T17:11:29.111085,1,0.0692,0.0692,0.0403,3.1003,1.1375,0.7464,-0.8583,5
2026-03-21T17:11:29.111085,2,0.0978,0.0028,0.0978,2.9935,1.0471,0.7654,-0.7145,5
2026-03-21T17:11:29.111085,3,1.3134,0.0215,1.3134,2.8694,0.7512,0.7510,0.0143,83
2026-03-21T17:11:29.111085,4,0.0506,0.0506,0.0357,1.7776,0.4666,-0.0243,0.4659,7
2026-03-21T17:11:29.180842,0,1.1945,1.1945,0.0280,3.1132,0.8796,0.1390,-0.8686,69
2026-03-21T17:11:29.180842,1,0.0985,0.0032,0.0985,2.9950,1.0481,0.7661,-0.7152,5
2026-03-21T17:11:29.180842,2,1.3081,0.0207,1.3081,2.8675,0.7512,0.7510,0.0143,83
2026-03-21T17:11:29.180842,3,0.0507,0.0507,0.0330,1.7805,0.4643,-0.0244,0.4636,7
2026-03-21T17:11:29.250765,0,1.1019,1.1019,0.0199,3.1099,0.8752,0.1024,-0.8692,65
2026-03-21T17:11:29.250765,1,0.0651,0.0651,0.0453,3.1009,1.1349,0.7446,-0.8564,5
2026-03-21T17:11:29.250765,2,1.4657,0.0293,1.4657,2.9446,0.7512,0.7510,0.0144,89
2026-03-21T17:11:29.250765,3,0.0509,0.0509,0.0344,1.7800,0.4629,-0.0243,0.4622,7
2026-03-21T17:11:29.319711,0,1.1934,1.1934,0.0535,3.1083,0.8807,0.1479,-0.8682,70
2026-03-21T17:11:29.319711,1,1.3822,0.0252,1.3822,2.9144,0.7514,0.7514,0.0062,86
2026-03-21T17:11:29.319711,2,0.0475,0.0469,0.0475,1.7833,0.4597,-0.0237,0.4591,7
2026-03-21T17:11:29.390407,0,1.1278,1.1278,0.0217,3.1099,0.8766,0.1114,-0.8695,66
2026-03-21T17:11:29.390407,1,0.0438,0.0438,0.0133,3.0978,1.1429,0.7499,-0.8625,3
2026-03-21T17:11:29.390407,2,1.3832,0.0276,1.3832,2.9432,0.7514,0.7513,-0.0102,86
2026-03-21T17:11:29.390407,3,0.0478,0.0478,0.0411,1.7790,0.4620,-0.0239,0.4614,7
2026-03-21T17:11:29.459265,0,1.1205,1.1205,0.0260,3.1153,0.8765,0.1115,-0.8694,66
2026-03-21T17:11:29.459265,1,1.3353,0.0232,1.3353,2.8688,0.7512,0.7509,0.0223,84
2026-03-21T17:11:29.459265,2,0.0464,0.0464,0.0424,1.7883,0.4563,-0.0235,0.4557,7
2026-03-21T17:11:29.529303,0,1.1876,1.1876,0.0299,3.1099,0.8799,0.1390,-0.8688,69
2026-03-21T17:11:29.529303,1,1.4366,0.0221,1.4366,2.8931,0.7518,0.7508,0.0394,88
2026-03-21T17:11:29.529303,2,0.0478,0.0478,0.0397,1.7826,0.4583,-0.0237,0.4577,7
2026-03-21T17:11:29.598356,0,1.1272,1.1272,0.0222,3.1129,0.8767,0.1112,-0.8696,66
2026-03-21T17:11:29.598356,1,0.0411,0.0411,0.0185,3.0985,1.1406,0.7483,-0.8607,3
2026-03-21T17:11:29.598356,2,1.4131,0.0236,1.4131,2.9446,0.7509,0.7509,-0.0022,87
2026-03-21T17:11:29.598356,3,0.0482,0.0482,0.0337,1.7796,0.4589,-0.0238,0.4582,7
2026-03-21T17:11:29.668974,0,1.1941,1.1941,0.0247,3.1084,0.8797,0.1392,-0.8686,69
2026-03-21T17:11:29.668974,1,0.0965,0.0039,0.0965,2.9935,1.0473,0.7655,-0.7147,5
2026-03-21T17:11:29.668974,2,1.3634,0.0230,1.3634,2.8694,0.7516,0.7509,0.0305,85
2026-03-21T17:11:29.668974,3,0.0467,0.0467,0.0464,1.7853,0.4580,-0.0237,0.4574,7
2026-03-21T17:11:29.738091,0,1.2004,1.2004,0.1107,3.1113,0.8812,0.1651,-0.8656,72
2026-03-21T17:11:29.738091,1,1.3370,0.0256,1.3370,2.8958,0.7508,0.7508,0.0060,84
2026-03-21T17:11:29.738091,2,0.0604,0.0467,0.0604,1.7853,0.4583,-0.0235,0.4577,7
2026-03-21T17:11:29.807986,0,1.1956,1.1956,0.0243,3.1073,0.8797,0.1388,-0.8687,69
2026-03-21T17:11:29.807986,1,1.3855,0.0251,1.3855,2.9191,0.7513,0.7513,0.0058,86
2026-03-21T17:11:29.807986,2,0.0533,0.0475,0.0533,1.7951,0.4541,-0.0235,0.4535,7
2026-03-21T17:11:29.877884,0,1.1281,1.1281,0.0213,3.1103,0.8766,0.1111,-0.8695,66
2026-03-21T17:11:29.877884,1,0.0966,0.0171,0.0966,3.1000,1.1251,0.7669,-0.8232,5
2026-03-21T17:11:29.877884,2,1.3331,0.0250,1.3331,2.8931,0.7507,0.7506,0.0061,84
2026-03-21T17:11:29.877884,3,0.0471,0.0471,0.0297,1.7895,0.4532,-0.0235,0.4525,7
2026-03-21T17:11:29.947007,0,1.1257,1.1257,0.0210,3.1109,0.8762,0.1114,-0.8691,66
2026-03-21T17:11:29.947007,1,1.3871,0.0235,1.3871,2.9405,0.7505,0.7504,-0.0101,86
2026-03-21T17:11:29.947007,2,0.0467,0.0467,0.0371,1.7919,0.4523,-0.0235,0.4517,7
2026-03-21T17:11:30.017195,0,1.0984,1.0984,0.0236,3.1132,0.8750,0.1025,-0.8690,65
2026-03-21T17:11:30.017195,1,0.0671,0.0671,0.0424,3.0987,1.1341,0.7441,-0.8558,5
2026-03-21T17:11:30.017195,2,1.3885,0.0320,1.3885,2.9439,0.7506,0.7506,-0.0103,86
2026-03-21T17:11:30.017195,3,0.0503,0.0503,0.0350,1.7865,0.4574,-0.0241,0.4568,7
2026-03-21T17:11:30.087142,0,1.0786,1.0786,0.0289,3.1138,0.8738,0.0932,-0.8688,64
2026-03-21T17:11:30.087142,1,0.0896,0.0896,0.0164,3.0979,1.1273,0.7249,-0.8633,5
2026-03-21T17:11:30.087142,2,1.4106,0.0251,1.4106,2.8945,0.7507,0.7501,0.0307,87
2026-03-21T17:11:30.087142,3,0.0504,0.0504,0.0334,1.7840,0.4586,-0.0241,0.4579,7
2026-03-21T17:11:30.156618,0,1.1233,1.1233,0.0233,3.1119,0.8762,0.1114,-0.8691,66
2026-03-21T17:11:30.156618,1,1.3577,0.0262,1.3577,2.9204,0.7509,0.7509,-0.0021,85
2026-03-21T17:11:30.156618,2,0.0482,0.0482,0.0171,1.7830,0.4537,-0.0237,0.4531,7
2026-03-21T17:11:30.226525,0,1.1207,1.1207,0.0224,3.1122,0.8764,0.1116,-0.8692,66
2026-03-21T17:11:30.226525,1,1.3305,0.0196,1.3305,2.8872,0.7502,0.7502,0.0063,84
2026-03-21T17:11:30.226525,2,0.0511,0.0511,0.0374,1.7810,0.4596,-0.0242,0.4589,7
2026-03-21T17:11:30.295678,0,1.1970,1.1970,0.0239,3.1129,0.8798,0.1395,-0.8686,69
2026-03-21T17:11:30.295678,1,1.3341,0.0257,1.3341,2.8656,0.7506,0.7502,0.0226,84
2026-03-21T17:11:30.295678,2,0.0510,0.0510,0.0424,1.7869,0.4581,-0.0241,0.4575,7
2026-03-21T17:11:30.365684,0,1.1926,1.1926,0.0269,3.1129,0.8793,0.1390,-0.8682,69
2026-03-21T17:11:30.365684,1,1.3644,0.0228,1.3644,2.9184,0.7511,0.7511,-0.0019,85
2026-03-21T17:11:30.365684,2,0.0609,0.0511,0.0609,1.8045,0.4550,-0.0238,0.4544,7
2026-03-21T17:11:30.435385,0,1.0996,1.0996,0.0210,3.1102,0.8755,0.1019,-0.8695,65
2026-03-21T17:11:30.435385,1,1.3527,0.0233,1.3527,2.8643,0.7510,0.7504,0.0305,85
2026-03-21T17:11:30.435385,2,0.0502,0.0502,0.0301,1.7826,0.4563,-0.0240,0.4557,7
2026-03-21T17:11:30.505714,0,1.1961,1.1961,0.0239,3.1099,0.8798,0.1391,-0.8687,69
2026-03-21T17:11:30.505714,1,1.3877,0.0240,1.3877,2.8951,0.7516,0.7513,0.0222,86
2026-03-21T17:11:30.505714,2,0.0513,0.0513,0.0469,1.7885,0.4567,-0.0242,0.4561,7
2026-03-21T17:11:30.575423,0,1.1214,1.1214,0.0244,3.1103,0.8758,0.1112,-0.8687,66
2026-03-21T17:11:30.575423,1,1.3622,0.0261,1.3622,2.8951,0.7507,0.7506,0.0140,85
2026-03-21T17:11:30.575423,2,0.0514,0.0514,0.0404,1.7810,0.4607,-0.0243,0.4601,7
2026-03-21T17:11:30.645177,0,1.1221,1.1221,0.0239,3.1128,0.8767,0.1112,-0.8697,66
2026-03-21T17:11:30.645177,1,0.0928,0.0204,0.0928,3.0955,1.1245,0.7665,-0.8227,5
2026-03-21T17:11:30.645177,2,1.3318,0.0255,1.3318,2.8905,0.7510,0.7510,0.0062,84
2026-03-21T17:11:30.645177,3,0.0669,0.0518,0.0669,1.8035,0.4554,-0.0239,0.4548,7
2026-03-21T17:11:30.714795,0,1.1035,1.1035,0.0238,3.1132,0.8758,0.1023,-0.8698,65
2026-03-21T17:11:30.714795,1,1.5125,0.0260,1.5125,2.9928,0.7520,0.7520,-0.0022,91
2026-03-21T17:11:30.714795,2,0.0387,0.0387,0.0117,1.7876,0.4486,-0.0195,0.4482,6
2026-03-21T17:11:30.784955,0,1.1252,1.1252,0.0232,3.1102,0.8764,0.1113,-0.8693,66
2026-03-21T17:11:30.784955,1,1.3829,0.0242,1.3829,2.9137,0.7515,0.7514,0.0064,86
2026-03-21T17:11:30.784955,2,0.0626,0.0470,0.0626,1.7925,0.4537,-0.0153,0.4535,7
2026-03-21T17:11:30.854783,0,1.1242,1.1242,0.0262,3.1138,0.8764,0.1113,-0.8693,66
2026-03-21T17:11:30.854783,1,1.4111,0.0226,1.4111,2.9157,0.7511,0.7509,0.0142,87
2026-03-21T17:11:30.854783,2,0.0386,0.0386,0.0127,1.7885,0.4481,-0.0194,0.4477,6
2026-03-21T17:11:30.923732,0,1.1937,1.1937,0.0237,3.1119,0.8801,0.1391,-0.8690,69
2026-03-21T17:11:30.923732,1,1.3391,0.0225,1.3391,2.8931,0.7514,0.7514,0.0061,84
2026-03-21T17:11:30.923732,2,0.0636,0.0470,0.0636,1.7925,0.4543,-0.0153,0.4540,7
2026-03-21T17:11:30.993843,0,1.1209,1.1209,0.0224,3.1112,0.8762,0.1114,-0.8691,66
2026-03-21T17:11:30.993843,1,1.3133,0.0251,1.3133,2.8714,0.7508,0.7507,0.0144,83
2026-03-21T17:11:30.993843,2,0.0512,0.0512,0.0419,1.7845,0.4570,-0.0241,0.4564,7
2026-03-21T17:11:31.063303,0,1.1965,1.1965,0.0593,3.1112,0.8813,0.1483,-0.8687,70
2026-03-21T17:11:31.063303,1,1.4089,0.0296,1.4089,2.9676,0.7512,0.7510,-0.0188,87
2026-03-21T17:11:31.063303,2,0.0560,0.0517,0.0560,1.7935,0.4567,-0.0241,0.4561,7
2026-03-21T17:11:31.133187,0,1.1243,1.1243,0.0224,3.1119,0.8762,0.1111,-0.8691,66
2026-03-21T17:11:31.133187,1,0.0457,0.0457,0.0088,3.0940,1.1409,0.7486,-0.8609,3
2026-03-21T17:11:31.133187,2,1.3851,0.0210,1.3851,2.8912,0.7511,0.7507,0.0227,86
2026-03-21T17:11:31.133187,3,0.0380,0.0380,0.0217,1.7955,0.4440,-0.0192,0.4436,6
2026-03-21T17:11:31.202914,0,1.1278,1.1278,0.0252,3.1148,0.8761,0.1112,-0.8690,66
2026-03-21T17:11:31.202914,1,0.0384,0.0384,0.0215,3.0978,1.1382,0.7468,-0.8590,3
2026-03-21T17:11:31.202914,2,1.3530,0.0254,1.3530,2.8885,0.7507,0.7506,0.0141,85
2026-03-21T17:11:31.202914,3,0.0517,0.0517,0.0474,1.7850,0.4564,-0.0242,0.4558,7
2026-03-21T17:11:31.272417,0,1.0728,1.0728,0.0273,3.1129,0.8740,0.0933,-0.8690,64
2026-03-21T17:11:31.272417,1,0.0899,0.0899,0.0154,3.1006,1.1291,0.7261,-0.8646,5
2026-03-21T17:11:31.272417,2,1.3581,0.0252,1.3581,2.8669,0.7515,0.7509,0.0307,85
2026-03-21T17:11:31.272417,3,0.0388,0.0388,0.0137,1.7866,0.4496,-0.0195,0.4492,6
2026-03-21T17:11:31.341668,0,1.1268,1.1268,0.0210,3.1109,0.8766,0.1114,-0.8695,66
2026-03-21T17:11:31.341668,1,1.3378,0.0210,1.3378,2.8931,0.7512,0.7512,0.0063,84
2026-03-21T17:11:31.341668,2,0.0389,0.0389,0.0123,1.7895,0.4466,-0.0194,0.4462,6
2026-03-21T17:11:31.411090,0,1.1920,1.1920,0.0328,3.1129,0.8799,0.1388,-0.8689,69
2026-03-21T17:11:31.411090,1,1.4344,0.0262,1.4344,2.9439,0.7516,0.7516,0.0063,88
2026-03-21T17:11:31.411090,2,0.0383,0.0383,0.0184,1.7925,0.4483,-0.0194,0.4479,6
2026-03-21T17:11:31.481292,0,1.1247,1.1247,0.0234,3.1112,0.8762,0.1115,-0.8691,66
2026-03-21T17:11:31.481292,1,0.0489,0.0489,0.0095,3.0940,1.1386,0.7471,-0.8592,3
2026-03-21T17:11:31.481292,2,1.3831,0.0263,1.3831,2.9419,0.7510,0.7509,-0.0103,86
2026-03-21T17:11:31.481292,3,0.0706,0.0478,0.0706,1.7866,0.4583,-0.0154,0.4580,7
2026-03-21T17:11:31.551076,0,1.1912,1.1912,0.0619,3.1138,0.8806,0.1482,-0.8680,70
2026-03-21T17:11:31.551076,1,1.3095,0.0237,1.3095,2.8669,0.7509,0.7508,0.0140,83
2026-03-21T17:11:31.551076,2,0.0391,0.0391,0.0156,1.7865,0.4495,-0.0195,0.4490,6
2026-03-21T17:11:31.620751,0,1.1269,1.1269,0.0235,3.1132,0.8758,0.1113,-0.8687,66
2026-03-21T17:11:31.620751,1,0.0681,0.0481,0.0681,3.0993,1.1325,0.7576,-0.8417,5
2026-03-21T17:11:31.620751,2,1.4846,0.0239,1.4846,2.9412,0.7516,0.7512,0.0228,90
2026-03-21T17:11:31.620751,3,0.0390,0.0390,0.0161,1.7889,0.4490,-0.0195,0.4485,6
2026-03-21T17:11:31.690005,0,1.1006,1.1006,0.0188,3.1093,0.8755,0.1024,-0.8695,65
2026-03-21T17:11:31.690005,1,1.3616,0.0258,1.3616,2.9432,0.7514,0.7512,-0.0183,85
2026-03-21T17:11:31.690005,2,0.0517,0.0517,0.0396,1.7771,0.4619,-0.0244,0.4612,7
2026-03-21T17:11:31.760835,0,1.0308,1.0308,0.0295,3.1142,0.8728,0.0756,-0.8695,62
2026-03-21T17:11:31.760835,1,0.0483,0.0483,0.0041,3.1004,1.0872,0.6544,-0.8682,3
2026-03-21T17:11:31.760835,2,1.4083,0.0247,1.4083,2.9412,0.7515,0.7515,-0.0019,87
2026-03-21T17:11:31.760835,3,0.0513,0.0513,0.0334,1.7750,0.4656,-0.0245,0.4649,7
2026-03-21T17:11:31.829897,0,1.1962,1.1962,0.1099,3.1112,0.8815,0.1651,-0.8658,72
2026-03-21T17:11:31.829897,1,1.3391,0.0263,1.3391,2.8945,0.7513,0.7513,0.0062,84
2026-03-21T17:11:31.829897,2,0.0510,0.0510,0.0300,1.7745,0.4654,-0.0244,0.4648,7
2026-03-21T17:11:31.899591,0,1.1934,1.1934,0.0293,3.1123,0.8802,0.1390,-0.8692,69
2026-03-21T17:11:31.899591,1,1.3357,0.0239,1.3357,2.8945,0.7511,0.7510,0.0062,84
2026-03-21T17:11:31.899591,2,0.0503,0.0503,0.0466,1.7855,0.4646,-0.0242,0.4639,7
2026-03-21T17:11:31.968915,0,1.1930,1.1930,0.0571,3.1112,0.8807,0.1483,-0.8681,70
2026-03-21T17:11:31.968915,1,1.4103,0.0279,1.4103,2.9184,0.7512,0.7510,0.0142,87
2026-03-21T17:11:31.968915,2,0.0772,0.0597,0.0772,1.7831,0.4676,-0.0199,0.4672,8
2026-03-21T17:11:32.038170,0,1.1969,1.1969,0.0644,3.1119,0.8810,0.1480,-0.8685,70
2026-03-21T17:11:32.038170,1,1.3386,0.0210,1.3386,2.8694,0.7510,0.7507,0.0224,84
2026-03-21T17:11:32.038170,2,0.0534,0.0521,0.0534,1.7879,0.4560,-0.0242,0.4554,7
2026-03-21T17:11:32.107801,0,1.0997,1.0997,0.0222,3.1123,0.8748,0.1021,-0.8689,65
2026-03-21T17:11:32.107801,1,1.4056,0.0287,1.4056,2.9385,0.7504,0.7504,-0.0023,87
2026-03-21T17:11:32.107801,2,0.0502,0.0502,0.0371,1.7895,0.4510,-0.0238,0.4504,7
2026-03-21T17:11:32.178536,0,1.1208,1.1208,0.0221,3.1102,0.8762,0.1114,-0.8691,66
2026-03-21T17:11:32.178536,1,0.0949,0.0182,0.0949,3.0955,1.1209,0.7640,-0.8201,5
2026-03-21T17:11:32.178536,2,1.3829,0.0297,1.3829,2.9151,0.7512,0.7512,0.0061,86
2026-03-21T17:11:32.178536,3,0.0600,0.0509,0.0600,1.8055,0.4510,-0.0236,0.4504,7
2026-03-21T17:11:32.247338,0,1.1916,1.1916,0.0641,3.1138,0.8811,0.1481,-0.8686,70
2026-03-21T17:11:32.247338,1,1.3610,0.0233,1.3610,2.9191,0.7508,0.7508,-0.0018,85
2026-03-21T17:11:32.247338,2,0.0380,0.0380,0.0297,1.7955,0.4461,-0.0193,0.4457,6
2026-03-21T17:11:32.317769,0,1.1242,1.1242,0.0219,3.1087,0.8763,0.1115,-0.8692,66
2026-03-21T17:11:32.317769,1,0.0431,0.0431,0.0163,3.0993,1.1426,0.7497,-0.8622,3
2026-03-21T17:11:32.317769,2,1.3894,0.0214,1.3894,2.8669,0.7519,0.7508,0.0391,86
2026-03-21T17:11:32.317769,3,0.0590,0.0476,0.0590,1.7879,0.4563,-0.0154,0.4560,7
2026-03-21T17:11:32.386237,0,1.1241,1.1241,0.0204,3.1102,0.8754,0.1114,-0.8683,66
2026-03-21T17:11:32.386237,1,1.3876,0.0274,1.3876,2.9191,0.7508,0.7508,0.0061,86
2026-03-21T17:11:32.386237,2,0.0387,0.0387,0.0137,1.7876,0.4478,-0.0194,0.4474,6
2026-03-21T17:11:32.455857,0,1.1232,1.1232,0.0212,3.1132,0.8765,0.1113,-0.8694,66
2026-03-21T17:11:32.455857,1,1.4156,0.0275,1.4156,2.9697,0.7517,0.7515,-0.0189,87
2026-03-21T17:11:32.455857,2,0.0383,0.0383,0.0173,1.7941,0.4446,-0.0194,0.4442,6
2026-03-21T17:11:32.526427,0,1.1258,1.1258,0.0216,3.1122,0.8764,0.1115,-0.8693,66
2026-03-21T17:11:32.526427,1,1.3351,0.0235,1.3351,2.8925,0.7509,0.7509,0.0064,84
2026-03-21T17:11:32.526427,2,0.0390,0.0390,0.0181,1.7889,0.4486,-0.0195,0.4482,6
2026-03-21T17:11:32.595741,0,1.1949,1.1949,0.0265,3.1102,0.8802,0.1391,-0.8691,69
2026-03-21T17:11:32.595741,1,1.3811,0.0295,1.3811,2.9405,0.7512,0.7512,-0.0103,86
2026-03-21T17:11:32.595741,2,0.0596,0.0470,0.0596,1.7915,0.4534,-0.0153,0.4532,7
2026-03-21T17:11:32.665312,0,1.1917,1.1917,0.0277,3.1122,0.8802,0.1392,-0.8692,69
2026-03-21T17:11:32.665312,1,1.3595,0.0228,1.3595,2.8945,0.7509,0.7508,0.0144,85
2026-03-21T17:11:32.665312,2,0.0510,0.0473,0.0510,1.7889,0.4531,-0.0154,0.4529,7
2026-03-21T17:11:32.735673,0,1.1038,1.1038,0.0205,3.1113,0.8754,0.1023,-0.8694,65
2026-03-21T17:11:32.735673,1,0.0676,0.0676,0.0468,3.1016,1.1337,0.7438,-0.8555,5
2026-03-21T17:11:32.735673,2,1.3892,0.0297,1.3892,2.9460,0.7514,0.7513,-0.0105,86
2026-03-21T17:11:32.735673,3,0.0379,0.0379,0.0217,1.7965,0.4451,-0.0193,0.4447,6
2026-03-21T17:11:32.804514,0,1.1961,1.1961,0.0289,3.1148,0.8799,0.1391,-0.8689,69
2026-03-21T17:11:32.804514,1,1.3856,0.0246,1.3856,2.9171,0.7509,0.7508,0.0061,86
2026-03-21T17:11:32.804514,2,0.0626,0.0467,0.0626,1.7955,0.4526,-0.0153,0.4523,7
2026-03-21T17:11:32.874336,0,1.0992,1.0992,0.0202,3.1103,0.8753,0.1021,-0.8693,65
2026-03-21T17:11:32.874336,1,1.4282,0.0290,1.4282,2.9398,0.7517,0.7516,0.0062,88
2026-03-21T17:11:32.874336,2,0.0386,0.0386,0.0130,1.7909,0.4460,-0.0194,0.4455,6
2026-03-21T17:11:32.944328,0,1.1250,1.1250,0.0219,3.1122,0.8767,0.1112,-0.8696,66
2026-03-21T17:11:32.944328,1,1.3608,0.0284,1.3608,2.8669,0.7509,0.7503,0.0308,85
2026-03-21T17:11:32.944328,2,0.0381,0.0381,0.0237,1.7945,0.4453,-0.0192,0.4449,6
2026-03-21T17:11:33.013101,0,1.1885,1.1885,0.0328,3.1129,0.8800,0.1392,-0.8690,69
2026-03-21T17:11:33.013101,1,1.4553,0.0261,1.4553,2.9648,0.7510,0.7510,-0.0023,89
2026-03-21T17:11:33.013101,2,0.0517,0.0517,0.0486,1.7861,0.4560,-0.0241,0.4554,7
2026-03-21T17:11:33.083805,0,1.1230,1.1230,0.0252,3.1122,0.8760,0.1111,-0.8689,66
2026-03-21T17:11:33.083805,1,0.0465,0.0465,0.0103,3.0985,1.1452,0.7514,-0.8642,3
2026-03-21T17:11:33.083805,2,1.4096,0.0241,1.4096,2.9184,0.7520,0.7519,0.0142,87
2026-03-21T17:11:33.083805,3,0.0501,0.0501,0.0355,1.7889,0.4550,-0.0239,0.4544,7
2026-03-21T17:11:33.153392,0,1.0966,1.0966,0.0221,3.1138,0.8755,0.1023,-0.8695,65
2026-03-21T17:11:33.153392,1,0.0690,0.0690,0.0401,3.0964,1.1317,0.7426,-0.8540,5
2026-03-21T17:11:33.153392,2,1.3644,0.0284,1.3644,2.9191,0.7509,0.7509,-0.0021,85
2026-03-21T17:11:33.153392,3,0.0501,0.0501,0.0336,1.7871,0.4537,-0.0238,0.4531,7
2026-03-21T17:11:33.223182,0,1.1203,1.1203,0.0269,3.1132,0.8770,0.1116,-0.8699,66
2026-03-21T17:11:33.223182,1,1.4110,0.0228,1.4110,2.8669,0.7521,0.7506,0.0477,87
2026-03-21T17:11:33.223182,2,0.0499,0.0499,0.0377,1.7931,0.4523,-0.0238,0.4517,7
2026-03-21T17:11:33.292744,0,1.1892,1.1892,0.0305,3.1112,0.8802,0.1392,-0.8692,69
2026-03-21T17:11:33.292744,1,1.3589,0.0266,1.3589,2.8938,0.7506,0.7505,0.0140,85
2026-03-21T17:11:33.292744,2,0.0501,0.0501,0.0306,1.7841,0.4571,-0.0240,0.4565,7
2026-03-21T17:11:33.362353,0,1.1984,1.1984,0.0539,3.1123,0.8812,0.1480,-0.8687,70
2026-03-21T17:11:33.362353,1,1.4143,0.0286,1.4143,2.9711,0.7519,0.7517,-0.0187,87
2026-03-21T17:11:33.362353,2,0.0487,0.0487,0.0277,1.7866,0.4554,-0.0237,0.4548,7
2026-03-21T17:11:33.432785,0,1.1976,1.1976,0.0255,3.1122,0.8805,0.1391,-0.8695,69
2026-03-21T17:11:33.432785,1,1.3583,0.0268,1.3583,2.9164,0.7505,0.7505,-0.0021,85
2026-03-21T17:11:33.432785,2,0.0489,0.0489,0.0286,1.7875,0.4541,-0.0237,0.4535,7
2026-03-21T17:11:33.503198,0,1.1907,1.1907,0.0337,3.1122,0.8802,0.1390,-0.8692,69
2026-03-21T17:11:33.503198,1,1.3587,0.0249,1.3587,2.8675,0.7514,0.7508,0.0306,85
2026-03-21T17:11:33.503198,2,0.0494,0.0459,0.0494,1.7933,0.4510,-0.0232,0.4504,7
2026-03-21T17:11:33.571471,0,1.1927,1.1927,0.0311,3.1119,0.8801,0.1391,-0.8691,69
2026-03-21T17:11:33.571471,1,1.4372,0.0325,1.4372,2.9419,0.7519,0.7519,0.0062,88
2026-03-21T17:11:33.571471,2,0.0383,0.0383,0.0151,1.7913,0.4468,-0.0272,0.4460,6
2026-03-21T17:11:33.640806,0,1.1267,1.1267,0.0187,3.1102,0.8762,0.1115,-0.8691,66
2026-03-21T17:11:33.640806,1,1.3569,0.0223,1.3569,2.8912,0.7509,0.7507,0.0144,85
2026-03-21T17:11:33.640806,2,0.0384,0.0384,0.0250,1.7919,0.4483,-0.0272,0.4475,6
2026-03-21T17:11:33.711335,0,1.0718,1.0718,0.0228,3.1109,0.8746,0.0934,-0.8696,64
2026-03-21T17:11:33.711335,1,0.0885,0.0885,0.0168,3.0998,1.1289,0.7259,-0.8645,5
2026-03-21T17:11:33.711335,2,1.4136,0.0239,1.4136,2.8925,0.7516,0.7510,0.0309,87
2026-03-21T17:11:33.711335,3,0.0386,0.0386,0.0114,1.7873,0.4470,-0.0272,0.4461,6
2026-03-21T17:11:33.781158,0,1.0994,1.0994,0.0212,3.1099,0.8758,0.1024,-0.8698,65
2026-03-21T17:11:33.781158,1,1.3849,0.0246,1.3849,2.9171,0.7513,0.7513,0.0061,86
2026-03-21T17:11:33.781158,2,0.0544,0.0459,0.0544,1.7933,0.4490,-0.0231,0.4484,7
2026-03-21T17:11:33.912790,0,1.1006,1.1006,0.0202,3.1089,0.8756,0.1023,-0.8697,65
2026-03-21T17:11:33.912790,1,1.4365,0.0255,1.4365,2.9432,0.7510,0.7510,0.0062,88
2026-03-21T17:11:33.912790,2,0.0379,0.0379,0.0128,1.7963,0.4420,-0.0269,0.4412,6
2026-03-21T17:11:33.964014,0,1.1938,1.1938,0.0292,3.1122,0.8801,0.1391,-0.8690,69
2026-03-21T17:11:33.964014,1,1.3384,0.0210,1.3384,2.8931,0.7512,0.7512,0.0065,84
2026-03-21T17:11:33.964014,2,0.0494,0.0458,0.0494,1.7943,0.4467,-0.0230,0.4461,7
2026-03-21T17:11:33.993117,0,1.1953,1.1953,0.0559,3.1092,0.8807,0.1479,-0.8682,70
2026-03-21T17:11:33.993117,1,1.3845,0.0310,1.3845,2.9432,0.7519,0.7518,-0.0105,86
2026-03-21T17:11:33.993117,2,0.0584,0.0455,0.0584,1.7972,0.4477,-0.0230,0.4471,7
2026-03-21T17:11:34.062081,0,1.1278,1.1278,0.0226,3.1123,0.8765,0.1113,-0.8694,66
2026-03-21T17:11:34.062081,1,1.3639,0.0285,1.3639,2.9690,0.7522,0.7514,-0.0350,85
2026-03-21T17:11:34.062081,2,0.0481,0.0461,0.0481,1.7949,0.4470,-0.0231,0.4464,7
2026-03-21T17:11:34.172355,0,1.1269,1.1269,0.0221,3.1109,0.8761,0.1113,-0.8690,66
2026-03-21T17:11:34.172355,1,1.4379,0.0325,1.4379,2.9217,0.7513,0.7510,0.0226,88
2026-03-21T17:11:34.172355,2,0.0614,0.0452,0.0614,1.8002,0.4489,-0.0230,0.4483,7
2026-03-21T17:11:34.214848,0,1.1000,1.1000,0.0226,3.1122,0.8756,0.1022,-0.8697,65
2026-03-21T17:11:34.214848,1,1.3856,0.0263,1.3856,2.9177,0.7511,0.7511,0.0062,86
2026-03-21T17:11:34.214848,2,0.0460,0.0460,0.0407,1.7975,0.4434,-0.0229,0.4428,7
2026-03-21T17:11:34.269569,0,1.0997,1.0997,0.0197,3.1079,0.8750,0.1022,-0.8690,65
2026-03-21T17:11:34.269569,1,0.0664,0.0664,0.0432,3.0995,1.1345,0.7444,-0.8561,5
2026-03-21T17:11:34.269569,2,1.3377,0.0235,1.3377,2.8951,0.7513,0.7512,0.0060,84
2026-03-21T17:11:34.269569,3,0.0461,0.0461,0.0441,1.7969,0.4464,-0.0231,0.4458,7
2026-03-21T17:11:34.339051,0,1.1958,1.1958,0.0270,3.1122,0.8788,0.1389,-0.8678,69
2026-03-21T17:11:34.339051,1,1.3550,0.0220,1.3550,2.9117,0.7510,0.7510,-0.0021,85
2026-03-21T17:11:34.339051,2,0.0463,0.0463,0.0311,1.7919,0.4472,-0.0232,0.4466,7
2026-03-21T17:11:34.408545,0,1.1235,1.1235,0.0255,3.1148,0.8774,0.1116,-0.8703,66
2026-03-21T17:11:34.408545,1,0.1439,0.0141,0.1439,2.9942,1.0295,0.7643,-0.6897,7
2026-03-21T17:11:34.408545,2,1.3148,0.0237,1.3148,2.8215,0.7517,0.7502,0.0466,83
2026-03-21T17:11:34.408545,3,0.0466,0.0466,0.0211,1.7899,0.4453,-0.0232,0.4447,7
2026-03-21T17:11:34.477685,0,1.1254,1.1254,0.0204,3.1083,0.8763,0.1114,-0.8692,66
2026-03-21T17:11:34.477685,1,1.4602,0.0272,1.4602,2.9669,0.7513,0.7513,-0.0025,89
2026-03-21T17:11:34.477685,2,0.0463,0.0463,0.0341,1.7939,0.4459,-0.0231,0.4453,7
2026-03-21T17:11:34.548997,0,1.1934,1.1934,0.0294,3.1109,0.8799,0.1389,-0.8689,69
2026-03-21T17:11:34.548997,1,1.4116,0.0330,1.4116,2.9697,0.7520,0.7517,-0.0187,87
2026-03-21T17:11:34.548997,2,0.0467,0.0467,0.0246,1.7915,0.4459,-0.0232,0.4453,7
2026-03-21T17:11:34.618387,0,1.1963,1.1963,0.0271,3.1138,0.8795,0.1392,-0.8685,69
2026-03-21T17:11:34.618387,1,1.3353,0.0261,1.3353,2.8688,0.7513,0.7510,0.0223,84
2026-03-21T17:11:34.618387,2,0.0464,0.0464,0.0251,1.7909,0.4474,-0.0232,0.4468,7
2026-03-21T17:11:34.689526,0,1.1221,1.1221,0.0189,3.1083,0.8759,0.1111,-0.8689,66
2026-03-21T17:11:34.689526,1,0.0898,0.0107,0.0898,2.9151,0.9943,0.7613,-0.6395,5
2026-03-21T17:11:34.689526,2,1.2686,0.0233,1.2686,2.8028,0.7512,0.7498,0.0460,81
2026-03-21T17:11:34.689526,3,0.0461,0.0461,0.0281,1.7929,0.4462,-0.0232,0.4456,7
2026-03-21T17:11:34.762511,0,1.1237,1.1237,0.0240,3.1138,0.8767,0.1115,-0.8696,66
2026-03-21T17:11:34.762511,1,0.0412,0.0412,0.0133,3.0978,1.1442,0.7507,-0.8635,3
2026-03-21T17:11:34.762511,2,1.3318,0.0231,1.3318,2.8905,0.7507,0.7507,0.0063,84
2026-03-21T17:11:34.762511,3,0.0468,0.0468,0.0393,1.7961,0.4467,-0.0232,0.4461,7
2026-03-21T17:11:34.832085,0,1.1972,1.1972,0.0536,3.1099,0.8806,0.1480,-0.8681,70
2026-03-21T17:11:34.832085,1,1.3818,0.0279,1.3818,2.9907,0.7523,0.7510,-0.0433,86
2026-03-21T17:11:34.832085,2,0.0981,0.0060,0.0981,1.5547,1.0397,0.7475,0.7227,5
2026-03-21T17:11:34.832085,3,0.0458,0.0458,0.0294,1.7943,0.4462,-0.0232,0.4456,7
2026-03-21T17:11:34.895380,0,1.1925,1.1925,0.0268,3.1113,0.8804,0.1393,-0.8693,69
2026-03-21T17:11:34.895380,1,1.3878,0.0232,1.3878,2.9426,0.7516,0.7516,-0.0102,86
2026-03-21T17:11:34.895380,2,0.0461,0.0461,0.0283,1.7921,0.4449,-0.0231,0.4443,7
2026-03-21T17:11:34.967816,0,1.0966,1.0966,0.0223,3.1103,0.8754,0.1021,-0.8694,65
2026-03-21T17:11:34.967816,1,1.3603,0.0265,1.3603,2.9164,0.7512,0.7512,-0.0021,85
2026-03-21T17:11:34.967816,2,0.0463,0.0463,0.0291,1.7969,0.4426,-0.0230,0.4420,7
2026-03-21T17:11:35.035507,0,1.1257,1.1257,0.0262,3.1138,0.8763,0.1110,-0.8692,66
2026-03-21T17:11:35.035507,1,0.0471,0.0471,0.0081,3.0963,1.1439,0.7506,-0.8632,3
2026-03-21T17:11:35.035507,2,1.4137,0.0256,1.4137,2.9191,0.7513,0.7511,0.0143,87
2026-03-21T17:11:35.035507,3,0.0461,0.0461,0.0457,1.7965,0.4472,-0.0230,0.4466,7
2026-03-21T17:11:35.106737,0,1.1046,1.1046,0.0233,3.1109,0.8752,0.1022,-0.8692,65
2026-03-21T17:11:35.106737,1,1.3617,0.0248,1.3617,2.9197,0.7509,0.7509,-0.0024,85
2026-03-21T17:11:35.106737,2,0.0467,0.0467,0.0291,1.7909,0.4479,-0.0233,0.4473,7
2026-03-21T17:11:35.174671,0,1.1949,1.1949,0.0315,3.1123,0.8800,0.1389,-0.8690,69
2026-03-21T17:11:35.174671,1,1.3590,0.0266,1.3590,2.9197,0.7509,0.7509,-0.0024,85
2026-03-21T17:11:35.174671,2,0.0460,0.0460,0.0346,1.7925,0.4470,-0.0231,0.4464,7
2026-03-21T17:11:35.243740,0,1.0785,1.0785,0.0215,3.1103,0.8747,0.0932,-0.8697,64
2026-03-21T17:11:35.243740,1,0.0961,0.0961,0.0446,3.0979,1.1267,0.7320,-0.8565,6
2026-03-21T17:11:35.243740,2,1.4621,0.0307,1.4621,2.9446,0.7510,0.7509,0.0140,89
2026-03-21T17:11:35.243740,3,0.0466,0.0466,0.0383,1.7951,0.4452,-0.0231,0.4446,7
2026-03-21T17:11:35.313136,0,1.1938,1.1938,0.0289,3.1119,0.8798,0.1391,-0.8687,69
2026-03-21T17:11:35.313136,1,1.3391,0.0210,1.3391,2.8931,0.7514,0.7514,0.0061,84
2026-03-21T17:11:35.313136,2,0.0458,0.0458,0.0351,1.7979,0.4440,-0.0230,0.4434,7
2026-03-21T17:11:35.383842,0,1.1248,1.1248,0.0244,3.1132,0.8764,0.1114,-0.8692,66
2026-03-21T17:11:35.383842,1,0.0438,0.0438,0.0163,3.1008,1.1442,0.7508,-0.8635,3
2026-03-21T17:11:35.383842,2,1.4110,0.0243,1.4110,2.9171,0.7507,0.7505,0.0145,87
2026-03-21T17:11:35.383842,3,0.0467,0.0467,0.0271,1.7939,0.4457,-0.0232,0.4451,7
2026-03-21T17:11:35.453848,0,1.1914,1.1914,0.0628,3.1132,0.8811,0.1483,-0.8686,70
2026-03-21T17:11:35.453848,1,1.3844,0.0261,1.3844,2.9391,0.7508,0.7508,-0.0100,86
2026-03-21T17:11:35.453848,2,0.0483,0.0483,0.0216,1.7895,0.4487,-0.0235,0.4481,7
2026-03-21T17:11:35.522633,0,1.0999,1.0999,0.0176,3.1090,0.8754,0.1024,-0.8694,65
2026-03-21T17:11:35.522633,1,1.4097,0.0233,1.4097,2.9157,0.7509,0.7508,0.0149,87
2026-03-21T17:11:35.522633,2,0.0468,0.0468,0.0281,1.7919,0.4463,-0.0232,0.4457,7
2026-03-21T17:11:35.596381,0,1.1250,1.1250,0.0257,3.1152,0.8767,0.1113,-0.8696,66
2026-03-21T17:11:35.596381,1,1.3351,0.0214,1.3351,2.8918,0.7504,0.7504,0.0063,84
2026-03-21T17:11:35.596381,2,0.0475,0.0475,0.0281,1.7939,0.4454,-0.0233,0.4448,7
2026-03-21T17:11:35.661875,0,1.1010,1.1010,0.0213,3.1129,0.8753,0.1024,-0.8693,65
2026-03-21T17:11:35.661875,1,1.4320,0.0244,1.4320,2.9662,0.7519,0.7518,-0.0105,88
2026-03-21T17:11:35.661875,2,0.0461,0.0461,0.0306,1.7955,0.4436,-0.0230,0.4430,7
2026-03-21T17:11:35.731812,0,1.1990,1.1990,0.0527,3.1119,0.8806,0.1481,-0.8681,70
2026-03-21T17:11:35.731812,1,1.4623,0.0274,1.4623,2.9676,0.7518,0.7518,-0.0022,89
2026-03-21T17:11:35.731812,2,0.0460,0.0460,0.0301,1.7959,0.4447,-0.0230,0.4441,7
2026-03-21T17:11:35.801585,0,1.1031,1.1031,0.0247,3.1138,0.8759,0.1025,-0.8699,65
2026-03-21T17:11:35.801585,1,0.0649,0.0649,0.0452,3.0978,1.1323,0.7429,-0.8545,5
2026-03-21T17:11:35.801585,2,1.3338,0.0224,1.3338,2.8701,0.7510,0.7507,0.0225,84
2026-03-21T17:11:35.801585,3,0.0458,0.0458,0.0351,1.7949,0.4450,-0.0230,0.4444,7
2026-03-21T17:11:35.870485,0,1.1927,1.1927,0.0594,3.1113,0.8807,0.1477,-0.8683,70
2026-03-21T17:11:35.870485,1,1.4341,0.0273,1.4341,2.9683,0.7519,0.7518,-0.0106,88
2026-03-21T17:11:35.870485,2,0.0448,0.0448,0.0344,1.8032,0.4417,-0.0228,0.4411,7
2026-03-21T17:11:35.941137,0,1.1256,1.1256,0.0218,3.1123,0.8761,0.1112,-0.8691,66
2026-03-21T17:11:35.941137,1,1.3284,0.0258,1.3284,2.8938,0.7507,0.7507,0.0058,84
2026-03-21T17:11:35.941137,2,0.0462,0.0462,0.0216,1.7915,0.4457,-0.0232,0.4451,7
2026-03-21T17:11:36.009837,0,1.1931,1.1931,0.0590,3.1109,0.8807,0.1476,-0.8682,70
2026-03-21T17:11:36.009837,1,1.4358,0.0254,1.4358,2.9439,0.7518,0.7517,0.0061,88
2026-03-21T17:11:36.009837,2,0.0466,0.0466,0.0251,1.7919,0.4453,-0.0232,0.4447,7
2026-03-21T17:11:36.080615,0,1.1236,1.1236,0.0207,3.1122,0.8768,0.1114,-0.8697,66
2026-03-21T17:11:36.080615,1,0.0432,0.0432,0.0110,3.0955,1.1416,0.7490,-0.8615,3
2026-03-21T17:11:36.080615,2,1.3358,0.0220,1.3358,2.8925,0.7512,0.7512,0.0060,84
2026-03-21T17:11:36.080615,3,0.0462,0.0462,0.0266,1.7935,0.4454,-0.0231,0.4448,7
2026-03-21T17:11:36.149747,0,1.1983,1.1983,0.0564,3.1142,0.8806,0.1477,-0.8681,70
2026-03-21T17:11:36.149747,1,1.3630,0.0256,1.3630,2.9197,0.7513,0.7513,-0.0023,85
2026-03-21T17:11:36.149747,2,0.0471,0.0471,0.0261,1.7929,0.4476,-0.0234,0.4470,7
2026-03-21T17:11:36.219686,0,1.1253,1.1253,0.0254,3.1132,0.8768,0.1113,-0.8697,66
2026-03-21T17:11:36.219686,1,0.0432,0.0432,0.0111,3.0970,1.1436,0.7503,-0.8630,3
2026-03-21T17:11:36.219686,2,1.3366,0.0252,1.3366,2.8688,0.7513,0.7509,0.0224,84
2026-03-21T17:11:36.219686,3,0.0472,0.0472,0.0171,1.7909,0.4457,-0.0233,0.4451,7
2026-03-21T17:11:36.290340,0,1.0746,1.0746,0.0248,3.1129,0.8750,0.0935,-0.8700,64
2026-03-21T17:11:36.290340,1,0.0870,0.0870,0.0182,3.0983,1.1283,0.7255,-0.8640,5
2026-03-21T17:11:36.290340,2,1.3384,0.0243,1.3384,2.8925,0.7503,0.7503,0.0063,84
2026-03-21T17:11:36.290340,3,0.0491,0.0491,0.0350,1.7975,0.4487,-0.0236,0.4481,7
2026-03-21T17:11:36.358523,0,1.1223,1.1223,0.0290,3.1148,0.8766,0.1114,-0.8695,66
2026-03-21T17:11:36.358523,1,0.0746,0.0413,0.0746,3.1000,1.1299,0.7558,-0.8398,5
2026-03-21T17:11:36.358523,2,1.4341,0.0267,1.4341,2.9137,0.7519,0.7516,0.0231,88
2026-03-21T17:11:36.358523,3,0.0502,0.0502,0.0374,1.7899,0.4510,-0.0237,0.4504,7
2026-03-21T17:11:36.429133,0,1.1945,1.1945,0.0589,3.1123,0.8815,0.1488,-0.8689,68
2026-03-21T17:11:36.429133,1,1.4123,0.0241,1.4123,2.9191,0.7515,0.7514,0.0146,87
2026-03-21T17:11:36.429133,2,0.0488,0.0488,0.0245,1.7899,0.4517,-0.0237,0.4511,7
2026-03-21T17:11:36.498966,0,1.1980,1.1980,0.0554,3.1102,0.8813,0.1480,-0.8688,70
2026-03-21T17:11:36.498966,1,1.3810,0.0240,1.3810,2.8905,0.7516,0.7513,0.0226,86
2026-03-21T17:11:36.498966,2,0.0470,0.0470,0.0273,1.7891,0.4489,-0.0234,0.4483,7
2026-03-21T17:11:36.568513,0,1.1229,1.1229,0.0198,3.1102,0.8765,0.1113,-0.8694,66
2026-03-21T17:11:36.568513,1,1.3357,0.0230,1.3357,2.8938,0.7514,0.7514,0.0061,84
2026-03-21T17:11:36.568513,2,0.0492,0.0492,0.0295,1.7909,0.4503,-0.0236,0.4497,7
2026-03-21T17:11:36.638386,0,1.1232,1.1232,0.0223,3.1113,0.8762,0.1114,-0.8691,66
2026-03-21T17:11:36.638386,1,0.0392,0.0392,0.0155,3.0978,1.1426,0.7496,-0.8622,3
2026-03-21T17:11:36.638386,2,0.0926,0.0093,0.0926,2.9405,1.0113,0.7629,-0.6639,5
2026-03-21T17:11:36.638386,3,1.2410,0.0194,1.2410,2.8240,0.7505,0.7501,0.0225,80
2026-03-21T17:11:36.638386,4,0.0497,0.0497,0.0345,1.7919,0.4494,-0.0237,0.4488,7
2026-03-21T17:11:36.707687,0,1.1261,1.1261,0.0244,3.1119,0.8772,0.1116,-0.8701,66
2026-03-21T17:11:36.707687,1,1.3883,0.0210,1.3883,2.9177,0.7510,0.7510,0.0066,86
2026-03-21T17:11:36.707687,2,0.0497,0.0497,0.0355,1.7929,0.4516,-0.0237,0.4510,7
2026-03-21T17:11:36.776750,0,1.1881,1.1881,0.0353,3.1138,0.8803,0.1393,-0.8692,69
2026-03-21T17:11:36.776750,1,0.0937,0.0067,0.0937,2.9914,1.0467,0.7651,-0.7142,5
2026-03-21T17:11:36.776750,2,1.3628,0.0200,1.3628,2.8688,0.7511,0.7504,0.0308,85
2026-03-21T17:11:36.776750,3,0.0494,0.0494,0.0325,1.7919,0.4509,-0.0237,0.4502,7
2026-03-21T17:11:36.847249,0,1.1958,1.1958,0.0301,3.1138,0.8805,0.1392,-0.8694,69
2026-03-21T17:11:36.847249,1,1.3865,0.0239,1.3865,2.9426,0.7513,0.7513,-0.0102,86
2026-03-21T17:11:36.847249,2,0.0494,0.0494,0.0365,1.7959,0.4506,-0.0237,0.4500,7
2026-03-21T17:11:36.916045,0,1.1976,1.1976,0.0589,3.1123,0.8812,0.1481,-0.8687,70
2026-03-21T17:11:36.916045,1,1.3862,0.0262,1.3862,2.9184,0.7514,0.7513,0.0060,86
2026-03-21T17:11:36.916045,2,0.0470,0.0470,0.0211,1.7869,0.4489,-0.0234,0.4483,7
2026-03-21T17:11:36.985663,0,1.2007,1.2007,0.0480,3.1094,0.8809,0.1480,-0.8684,70
2026-03-21T17:11:36.985663,1,1.4076,0.0251,1.4076,2.9398,0.7515,0.7515,-0.0023,87
2026-03-21T17:11:36.985663,2,0.0471,0.0471,0.0306,1.7905,0.4499,-0.0234,0.4493,7
2026-03-21T17:11:37.056163,0,1.1932,1.1932,0.0306,3.1129,0.8809,0.1393,-0.8698,69
2026-03-21T17:11:37.056163,1,1.3557,0.0272,1.3557,2.9151,0.7516,0.7516,-0.0020,85
2026-03-21T17:11:37.056163,2,0.0487,0.0487,0.0267,1.7895,0.4527,-0.0236,0.4521,7
2026-03-21T17:11:37.125241,0,1.0718,1.0718,0.0215,3.1102,0.8744,0.0931,-0.8694,64
2026-03-21T17:11:37.125241,1,0.0818,0.0818,0.0243,3.1006,1.1271,0.7247,-0.8631,5
2026-03-21T17:11:37.125241,2,1.3872,0.0265,1.3872,2.9439,0.7514,0.7514,-0.0102,86
2026-03-21T17:11:37.125241,3,0.0477,0.0477,0.0206,1.7905,0.4493,-0.0235,0.4487,7
2026-03-21T17:11:37.195429,0,1.1009,1.1009,0.0227,3.1123,0.8758,0.1021,-0.8698,65
2026-03-21T17:11:37.195429,1,0.0658,0.0658,0.0439,3.0995,1.1355,0.7450,-0.8569,5
2026-03-21T17:11:37.195429,2,1.3617,0.0200,1.3617,2.8925,0.7513,0.7512,0.0143,85
2026-03-21T17:11:37.195429,3,0.0680,0.0588,0.0680,1.7909,0.4582,-0.0197,0.4578,8
2026-03-21T17:11:37.265731,0,1.1423,1.1423,0.0212,3.1082,0.8765,0.1202,-0.8682,67
2026-03-21T17:11:37.265731,1,0.0988,0.0087,0.0988,2.9683,1.0283,0.7637,-0.6885,5
2026-03-21T17:11:37.265731,2,1.2868,0.0242,1.2868,2.8197,0.7514,0.7504,0.0386,82
2026-03-21T17:11:37.265731,3,0.0492,0.0492,0.0330,1.7945,0.4497,-0.0237,0.4491,7
2026-03-21T17:11:37.334790,0,1.1971,1.1971,0.0281,3.1119,0.8795,0.1390,-0.8684,69
2026-03-21T17:11:37.334790,1,1.4135,0.0223,1.4135,2.8938,0.7513,0.7507,0.0308,87
2026-03-21T17:11:37.334790,2,0.0467,0.0467,0.0186,1.7875,0.4479,-0.0233,0.4473,7
2026-03-21T17:11:37.405083,0,1.1883,1.1883,0.0299,3.1122,0.8799,0.1394,-0.8688,69
2026-03-21T17:11:37.405083,1,1.3590,0.0233,1.3590,2.9184,0.7514,0.7514,-0.0018,85
2026-03-21T17:11:37.405083,2,0.0497,0.0497,0.0300,1.7875,0.4527,-0.0238,0.4521,7
2026-03-21T17:11:37.474343,0,1.1237,1.1237,0.0237,3.1152,0.8766,0.1115,-0.8695,66
2026-03-21T17:11:37.474343,1,1.4042,0.0287,1.4042,2.9405,0.7513,0.7513,-0.0022,87
2026-03-21T17:11:37.474343,2,0.0472,0.0472,0.0251,1.7939,0.4486,-0.0234,0.4480,7
2026-03-21T17:11:37.543810,0,1.1239,1.1239,0.0251,3.1142,0.8760,0.1112,-0.8689,66
2026-03-21T17:11:37.543810,1,1.3883,0.0208,1.3883,2.8435,0.7523,0.7502,0.0559,86
2026-03-21T17:11:37.543810,2,0.0485,0.0485,0.0181,1.7865,0.4506,-0.0236,0.4500,7
2026-03-21T17:11:37.613818,0,1.1949,1.1949,0.0281,3.1119,0.8802,0.1390,-0.8691,69
2026-03-21T17:11:37.613818,1,1.4090,0.0274,1.4090,2.9164,0.7512,0.7511,0.0144,87
2026-03-21T17:11:37.613818,2,0.0472,0.0472,0.0191,1.7939,0.4463,-0.0233,0.4457,7
2026-03-21T17:11:37.683353,0,1.0753,1.0753,0.0210,3.1087,0.8749,0.0932,-0.8699,64
2026-03-21T17:11:37.683353,1,0.0879,0.0879,0.0176,3.1006,1.1291,0.7261,-0.8646,5
2026-03-21T17:11:37.683353,2,1.3379,0.0222,1.3379,2.8701,0.7512,0.7508,0.0221,84
2026-03-21T17:11:37.683353,3,0.0457,0.0457,0.0291,1.7989,0.4414,-0.0229,0.4408,7
2026-03-21T17:11:37.752845,0,1.0716,1.0716,0.0215,3.1112,0.8744,0.0934,-0.8694,64
2026-03-21T17:11:37.752845,1,0.0923,0.0923,0.0420,3.0990,1.1268,0.7321,-0.8566,6
2026-03-21T17:11:37.752845,2,1.3365,0.0199,1.3365,2.8701,0.7509,0.7506,0.0224,84
2026-03-21T17:11:37.752845,3,0.0464,0.0464,0.0226,1.7905,0.4467,-0.0232,0.4461,7
2026-03-21T17:11:37.822665,0,1.1009,1.1009,0.0205,3.1123,0.8760,0.1024,-0.8700,65
2026-03-21T17:11:37.822665,1,1.3374,0.0235,1.3374,2.8675,0.7509,0.7505,0.0226,84
2026-03-21T17:11:37.822665,2,0.0465,0.0465,0.0261,1.7919,0.4472,-0.0233,0.4465,7
2026-03-21T17:11:37.892080,0,1.1020,1.1020,0.0209,3.1102,0.8747,0.1022,-0.8687,65
2026-03-21T17:11:37.892080,1,1.4131,0.0263,1.4131,2.9446,0.7513,0.7513,-0.0021,87
2026-03-21T17:11:37.892080,2,0.0487,0.0487,0.0260,1.7925,0.4484,-0.0235,0.4478,7
2026-03-21T17:11:37.961862,0,1.1890,1.1890,0.0298,3.1113,0.8799,0.1391,-0.8689,69
2026-03-21T17:11:37.961862,1,1.3351,0.0223,1.3351,2.8945,0.7510,0.7509,0.0063,84
2026-03-21T17:11:37.961862,2,0.0465,0.0465,0.0203,1.7911,0.4446,-0.0231,0.4440,7
2026-03-21T17:11:38.031818,0,1.1868,1.1868,0.0332,3.1132,0.8803,0.1389,-0.8693,69
2026-03-21T17:11:38.031818,1,1.3810,0.0242,1.3810,2.8912,0.7515,0.7512,0.0223,86
2026-03-21T17:11:38.031818,2,0.0488,0.0488,0.0235,1.7889,0.4484,-0.0236,0.4478,7
2026-03-21T17:11:38.101181,0,1.1963,1.1963,0.0260,3.1112,0.8802,0.1391,-0.8691,69
2026-03-21T17:11:38.101181,1,1.4345,0.0246,1.4345,2.9184,0.7508,0.7505,0.0227,88
2026-03-21T17:11:38.101181,2,0.0484,0.0484,0.0225,1.7919,0.4484,-0.0235,0.4478,7
2026-03-21T17:11:38.170890,0,1.1233,1.1233,0.0270,3.1129,0.8763,0.1112,-0.8692,66
2026-03-21T17:11:38.170890,1,1.4117,0.0251,1.4117,2.9184,0.7506,0.7505,0.0141,87
2026-03-21T17:11:38.170890,2,0.0485,0.0485,0.0205,1.7889,0.4477,-0.0235,0.4471,7
2026-03-21T17:11:38.240439,0,1.0536,1.0536,0.0220,3.1123,0.8738,0.0846,-0.8697,63
2026-03-21T17:11:38.240439,1,0.0937,0.0937,0.0118,3.0993,1.1303,0.7269,-0.8655,5
2026-03-21T17:11:38.240439,2,1.3590,0.0238,1.3590,2.8912,0.7512,0.7510,0.0143,85
2026-03-21T17:11:38.240439,3,0.0500,0.0500,0.0380,1.7925,0.4491,-0.0237,0.4485,7
2026-03-21T17:11:38.310848,0,1.1994,1.1994,0.0553,3.1109,0.8811,0.1482,-0.8685,70
2026-03-21T17:11:38.310848,1,1.3613,0.0277,1.3613,2.8694,0.7510,0.7504,0.0305,85
2026-03-21T17:11:38.310848,2,0.0495,0.0495,0.0365,1.7949,0.4484,-0.0236,0.4478,7
2026-03-21T17:11:38.382305,0,1.1974,1.1974,0.0259,3.1119,0.8798,0.1389,-0.8688,69
2026-03-21T17:11:38.382305,1,1.3331,0.0263,1.3331,2.8925,0.7513,0.7512,0.0058,84
2026-03-21T17:11:38.382305,2,0.0487,0.0487,0.0285,1.7949,0.4489,-0.0235,0.4482,7
2026-03-21T17:11:38.449997,0,1.0978,1.0978,0.0205,3.1103,0.8755,0.1022,-0.8696,65
2026-03-21T17:11:38.449997,1,0.0705,0.0705,0.0416,3.0972,1.1351,0.7448,-0.8565,5
2026-03-21T17:11:38.449997,2,1.4340,0.0251,1.4340,2.9669,0.7514,0.7513,-0.0107,88
2026-03-21T17:11:38.449997,3,0.0498,0.0498,0.0317,1.7881,0.4504,-0.0237,0.4498,7
2026-03-21T17:11:38.528256,0,1.1248,1.1248,0.0242,3.1119,0.8761,0.1113,-0.8690,66
2026-03-21T17:11:38.528256,1,1.3891,0.0224,1.3891,2.8945,0.7515,0.7511,0.0224,86
2026-03-21T17:11:38.528256,2,0.0493,0.0493,0.0340,1.7945,0.4466,-0.0236,0.4460,7
2026-03-21T17:11:38.597378,0,1.1250,1.1250,0.0248,3.1132,0.8767,0.1116,-0.8696,66
2026-03-21T17:11:38.597378,1,1.3358,0.0203,1.3358,2.8918,0.7503,0.7503,0.0066,84
2026-03-21T17:11:38.597378,2,0.0503,0.0503,0.0404,1.7919,0.4504,-0.0238,0.4498,7
2026-03-21T17:11:38.659739,0,1.1275,1.1275,0.0268,3.1142,0.8762,0.1115,-0.8691,66
2026-03-21T17:11:38.659739,1,1.2852,0.0181,1.2852,2.8656,0.7502,0.7502,0.0063,82
2026-03-21T17:11:38.659739,2,0.0520,0.0498,0.0520,1.8085,0.4430,-0.0233,0.4424,7
2026-03-21T17:11:38.744731,0,1.1205,1.1205,0.0200,3.1113,0.8765,0.1115,-0.8694,66
2026-03-21T17:11:38.744731,1,0.0385,0.0385,0.0170,3.0963,1.1402,0.7481,-0.8605,3
2026-03-21T17:11:38.744731,2,1.4879,0.0301,1.4879,2.9690,0.7514,0.7514,0.0063,90
2026-03-21T17:11:38.744731,3,0.0498,0.0498,0.0365,1.7929,0.4490,-0.0236,0.4484,7
2026-03-21T17:11:38.800996,0,1.1231,1.1231,0.0236,3.1142,0.8768,0.1113,-0.8697,66
2026-03-21T17:11:38.800996,1,1.4365,0.0242,1.4365,2.9412,0.7515,0.7515,0.0064,88
2026-03-21T17:11:38.800996,2,0.0499,0.0499,0.0347,1.7901,0.4499,-0.0237,0.4492,7
2026-03-21T17:11:38.867507,0,1.0761,1.0761,0.0220,3.1119,0.8749,0.0933,-0.8699,64
2026-03-21T17:11:38.867507,1,0.0917,0.0917,0.0429,3.1006,1.1288,0.7334,-0.8582,6
2026-03-21T17:11:38.867507,2,1.4122,0.0277,1.4122,2.9683,0.7520,0.7518,-0.0186,87
2026-03-21T17:11:38.867507,3,0.0500,0.0500,0.0420,1.7965,0.4483,-0.0237,0.4477,7
2026-03-21T17:11:38.938588,0,1.1948,1.1948,0.0238,3.1113,0.8800,0.1393,-0.8689,69
2026-03-21T17:11:38.938588,1,1.3832,0.0231,1.3832,2.9432,0.7517,0.7517,-0.0102,86
2026-03-21T17:11:38.938588,2,0.0501,0.0501,0.0454,1.7989,0.4481,-0.0237,0.4475,7
2026-03-21T17:11:39.009384,0,1.0770,1.0770,0.0235,3.1129,0.8745,0.0933,-0.8695,64
2026-03-21T17:11:39.009384,1,0.0877,0.0877,0.0175,3.0990,1.1287,0.7258,-0.8643,5
2026-03-21T17:11:39.009384,2,1.4076,0.0248,1.4076,2.9405,0.7514,0.7514,-0.0023,87
2026-03-21T17:11:39.009384,3,0.0507,0.0507,0.0440,1.7915,0.4513,-0.0238,0.4507,7
2026-03-21T17:11:39.077765,0,1.0984,1.0984,0.0240,3.1109,0.8750,0.1021,-0.8690,65
2026-03-21T17:11:39.077765,1,0.0697,0.0697,0.0394,3.0972,1.1333,0.7436,-0.8552,5
2026-03-21T17:11:39.077765,2,1.4580,0.0256,1.4580,2.9426,0.7520,0.7518,0.0143,89
2026-03-21T17:11:39.077765,3,0.0504,0.0504,0.0436,1.7941,0.4486,-0.0238,0.4479,7
2026-03-21T17:11:39.148082,0,1.1969,1.1969,0.0576,3.1132,0.8809,0.1483,-0.8683,70
2026-03-21T17:11:39.148082,1,1.2932,0.0250,1.2932,2.8951,0.7512,0.7511,-0.0097,82
2026-03-21T17:11:39.148082,2,0.0500,0.0500,0.0335,1.7879,0.4490,-0.0237,0.4484,7
2026-03-21T17:11:39.220739,0,1.1943,1.1943,0.0587,3.1142,0.8805,0.1481,-0.8680,70
2026-03-21T17:11:39.220739,1,1.3862,0.0216,1.3862,2.9177,0.7513,0.7513,0.0062,86
2026-03-21T17:11:39.220739,2,0.0502,0.0502,0.0400,1.7925,0.4490,-0.0237,0.4484,7
2026-03-21T17:11:39.287836,0,1.1017,1.1017,0.0235,3.1113,0.8756,0.1021,-0.8696,65
2026-03-21T17:11:39.287836,1,0.0987,0.0033,0.0987,2.9978,1.0517,0.7688,-0.7177,5
2026-03-21T17:11:39.287836,2,1.3372,0.0232,1.3372,2.8707,0.7511,0.7508,0.0222,84
2026-03-21T17:11:39.287836,3,0.0610,0.0507,0.0610,1.8085,0.4457,-0.0234,0.4451,7
2026-03-21T17:11:39.357569,0,1.1912,1.1912,0.0602,3.1129,0.8817,0.1483,-0.8691,70
2026-03-21T17:11:39.357569,1,1.3841,0.0269,1.3841,2.9197,0.7518,0.7518,0.0058,86
2026-03-21T17:11:39.357569,2,0.0504,0.0504,0.0414,1.7919,0.4511,-0.0239,0.4505,7
2026-03-21T17:11:39.425984,0,1.1026,1.1026,0.0197,3.1102,0.8751,0.1024,-0.8691,65
2026-03-21T17:11:39.425984,1,0.0669,0.0669,0.0445,3.0986,1.1317,0.7425,-0.8540,5
2026-03-21T17:11:39.425984,2,1.4601,0.0305,1.4601,2.9419,0.7512,0.7510,0.0144,89
2026-03-21T17:11:39.425984,3,0.0534,0.0512,0.0534,1.7959,0.4491,-0.0238,0.4485,7
2026-03-21T17:11:39.495324,0,1.1967,1.1967,0.0590,3.1138,0.8809,0.1479,-0.8684,70
2026-03-21T17:11:39.495324,1,1.4087,0.0225,1.4087,2.8918,0.7516,0.7510,0.0308,87
2026-03-21T17:11:39.495324,2,0.0726,0.0466,0.0726,1.7975,0.4503,-0.0151,0.4500,7
2026-03-21T17:11:39.565092,0,1.1206,1.1206,0.0257,3.1112,0.8762,0.1112,-0.8691,66
2026-03-21T17:11:39.565092,1,1.3404,0.0239,1.3404,2.8945,0.7510,0.7510,0.0063,84
2026-03-21T17:11:39.565092,2,0.0505,0.0505,0.0420,1.7915,0.4479,-0.0238,0.4472,7
2026-03-21T17:11:39.634454,0,1.1260,1.1260,0.0222,3.1103,0.8762,0.1112,-0.8691,66
2026-03-21T17:11:39.634454,1,1.2878,0.0236,1.2878,2.8694,0.7506,0.7506,0.0062,82
2026-03-21T17:11:39.634454,2,0.0514,0.0506,0.0514,1.7999,0.4480,-0.0236,0.4474,7
2026-03-21T17:11:39.704434,0,1.0997,1.0997,0.0255,3.1138,0.8750,0.1022,-0.8690,65
2026-03-21T17:11:39.704434,1,1.4102,0.0284,1.4102,2.9683,0.7512,0.7510,-0.0187,87
2026-03-21T17:11:39.704434,2,0.0509,0.0509,0.0504,1.7959,0.4463,-0.0237,0.4457,7
2026-03-21T17:11:39.775686,0,1.1917,1.1917,0.0268,3.1112,0.8797,0.1392,-0.8686,69
2026-03-21T17:11:39.775686,1,1.3187,0.0278,1.3187,2.8977,0.7507,0.7507,-0.0020,83
2026-03-21T17:11:39.775686,2,0.0506,0.0506,0.0396,1.7881,0.4513,-0.0239,0.4507,7
2026-03-21T17:11:39.844034,0,1.1020,1.1020,0.0195,3.1112,0.8747,0.1021,-0.8687,65
2026-03-21T17:11:39.844034,1,1.3871,0.0229,1.3871,2.8938,0.7515,0.7512,0.0228,86
2026-03-21T17:11:39.844034,2,0.0508,0.0508,0.0454,1.7919,0.4493,-0.0239,0.4487,7
2026-03-21T17:11:39.913814,0,1.1945,1.1945,0.0291,3.1129,0.8799,0.1393,-0.8688,69
2026-03-21T17:11:39.913814,1,1.4306,0.0310,1.4306,2.9641,0.7508,0.7507,-0.0107,88
2026-03-21T17:11:39.913814,2,0.0510,0.0510,0.0484,1.7929,0.4496,-0.0239,0.4489,7
2026-03-21T17:11:39.981903,0,1.0970,1.0970,0.0218,3.1092,0.8747,0.1021,-0.8687,65
2026-03-21T17:11:39.981903,1,1.4076,0.0267,1.4076,2.9164,0.7507,0.7505,0.0144,87
2026-03-21T17:11:39.981903,2,0.0376,0.0376,0.0226,1.8005,0.4405,-0.0190,0.4401,6
2026-03-21T17:11:40.052919,0,1.1916,1.1916,0.0259,3.1089,0.8790,0.1390,-0.8680,69
2026-03-21T17:11:40.052919,1,1.4567,0.0278,1.4567,2.9398,0.7515,0.7513,0.0146,89
2026-03-21T17:11:40.052919,2,0.0524,0.0513,0.0524,1.7939,0.4499,-0.0239,0.4492,7
2026-03-21T17:11:40.122164,0,1.1031,1.1031,0.0195,3.1102,0.8754,0.1024,-0.8694,65
2026-03-21T17:11:40.122164,1,1.3596,0.0200,1.3596,2.8918,0.7512,0.7511,0.0142,85
2026-03-21T17:11:40.122164,2,0.0507,0.0507,0.0496,1.7971,0.4487,-0.0238,0.4481,7
2026-03-21T17:11:40.191468,0,1.1909,1.1909,0.0331,3.1109,0.8799,0.1392,-0.8688,69
2026-03-21T17:11:40.191468,1,1.3827,0.0264,1.3827,2.9683,0.7521,0.7517,-0.0268,86
2026-03-21T17:11:40.191468,2,0.0630,0.0592,0.0630,1.7919,0.4557,-0.0197,0.4553,8
2026-03-21T17:11:40.264062,0,1.1958,1.1958,0.0286,3.1109,0.8806,0.1390,-0.8696,69
2026-03-21T17:11:40.264062,1,1.4358,0.0253,1.4358,2.9439,0.7516,0.7516,0.0061,88
2026-03-21T17:11:40.264062,2,0.0389,0.0389,0.0055,1.7909,0.4421,-0.0193,0.4417,6
2026-03-21T17:11:40.331192,0,1.1914,1.1914,0.0600,3.1119,0.8812,0.1481,-0.8687,70
2026-03-21T17:11:40.331192,1,1.4331,0.0228,1.4331,2.9419,0.7506,0.7506,0.0062,88
2026-03-21T17:11:40.331192,2,0.0466,0.0466,0.0142,1.7921,0.4430,-0.0154,0.4427,7
2026-03-21T17:11:40.400764,0,1.1943,1.1943,0.0249,3.1109,0.8797,0.1390,-0.8686,69
2026-03-21T17:11:40.400764,1,1.3563,0.0215,1.3563,2.8912,0.7507,0.7506,0.0141,85
2026-03-21T17:11:40.400764,2,0.0613,0.0600,0.0613,1.7959,0.4514,-0.0201,0.4509,8
2026-03-21T17:11:40.470892,0,1.1186,1.1186,0.0216,3.1112,0.8762,0.1113,-0.8691,66
2026-03-21T17:11:40.470892,1,0.0418,0.0418,0.0163,3.0985,1.1422,0.7494,-0.8620,3
2026-03-21T17:11:40.470892,2,1.3394,0.0312,1.3394,2.9191,0.7512,0.7512,-0.0103,84
2026-03-21T17:11:40.470892,3,0.0590,0.0590,0.0506,1.7951,0.4508,-0.0200,0.4503,8
2026-03-21T17:11:40.539469,0,1.1912,1.1912,0.0309,3.1138,0.8804,0.1393,-0.8693,69
2026-03-21T17:11:40.539469,1,1.3824,0.0280,1.3824,2.9398,0.7515,0.7514,-0.0103,86
2026-03-21T17:11:40.539469,2,0.0459,0.0459,0.0306,1.7975,0.4444,-0.0153,0.4442,7
2026-03-21T17:11:40.610060,0,1.0930,1.0930,0.0232,3.1112,0.8756,0.1022,-0.8696,65
2026-03-21T17:11:40.610060,1,1.4130,0.0274,1.4130,2.9197,0.7514,0.7512,0.0143,87
2026-03-21T17:11:40.610060,2,0.0592,0.0592,0.0464,1.7929,0.4528,-0.0199,0.4523,8
2026-03-21T17:11:40.679257,0,1.1255,1.1255,0.0222,3.1109,0.8766,0.1113,-0.8695,66
2026-03-21T17:11:40.679257,1,1.4076,0.0259,1.4076,2.9391,0.7512,0.7512,-0.0023,87
2026-03-21T17:11:40.679257,2,0.0596,0.0596,0.0554,1.7969,0.4516,-0.0199,0.4512,8
2026-03-21T17:11:40.748752,0,1.1926,1.1926,0.0254,3.1114,0.8794,0.1390,-0.8684,69
2026-03-21T17:11:40.748752,1,1.2877,0.0262,1.2877,2.8701,0.7498,0.7498,0.0057,82
2026-03-21T17:11:40.748752,2,0.0605,0.0469,0.0605,1.7955,0.4473,-0.0152,0.4470,7
2026-03-21T17:11:40.818970,0,1.1981,1.1981,0.0541,3.1119,0.8816,0.1481,-0.8690,70
2026-03-21T17:11:40.818970,1,1.3340,0.0230,1.3340,2.9144,0.7515,0.7514,-0.0101,84
2026-03-21T17:11:40.818970,2,0.0506,0.0466,0.0506,1.7945,0.4474,-0.0152,0.4472,7
2026-03-21T17:11:40.887872,0,1.1253,1.1253,0.0218,3.1109,0.8769,0.1112,-0.8698,66
2026-03-21T17:11:40.887872,1,1.3351,0.0198,1.3351,2.8912,0.7508,0.7508,0.0063,84
2026-03-21T17:11:40.887872,2,0.0526,0.0465,0.0526,1.7955,0.4480,-0.0152,0.4477,7
2026-03-21T17:11:40.958025,0,1.1223,1.1223,0.0255,3.1158,0.8765,0.1115,-0.8693,66
2026-03-21T17:11:40.958025,1,1.4151,0.0312,1.4151,2.9466,0.7512,0.7512,-0.0021,87
2026-03-21T17:11:40.958025,2,0.0496,0.0464,0.0496,1.7955,0.4467,-0.0152,0.4465,7
2026-03-21T17:11:41.031499,0,1.2005,1.2005,0.0564,3.1112,0.8808,0.1481,-0.8683,70
2026-03-21T17:11:41.031499,1,1.3147,0.0214,1.3147,2.8945,0.7507,0.7507,-0.0016,83
2026-03-21T17:11:41.031499,2,0.0590,0.0469,0.0590,1.7969,0.4477,-0.0152,0.4475,7
2026-03-21T17:11:41.097707,0,1.1934,1.1934,0.0327,3.1142,0.8803,0.1393,-0.8692,69
2026-03-21T17:11:41.097707,1,1.3069,0.0200,1.3069,2.8643,0.7503,0.7502,0.0144,83
2026-03-21T17:11:41.097707,2,0.0540,0.0465,0.0540,1.7969,0.4449,-0.0151,0.4446,7
2026-03-21T17:11:41.167922,0,1.1238,1.1238,0.0210,3.1083,0.8765,0.1112,-0.8694,66
2026-03-21T17:11:41.167922,1,1.4131,0.0227,1.4131,2.9164,0.7511,0.7509,0.0146,87
2026-03-21T17:11:41.167922,2,0.0572,0.0471,0.0572,1.7941,0.4487,-0.0152,0.4485,7
2026-03-21T17:11:41.236951,0,1.1218,1.1218,0.0279,3.1142,0.8765,0.1115,-0.8693,66
2026-03-21T17:11:41.236951,1,0.0418,0.0418,0.0148,3.0970,1.1416,0.7490,-0.8615,3
2026-03-21T17:11:41.236951,2,1.3108,0.0215,1.3108,2.8662,0.7510,0.7509,0.0142,83
2026-03-21T17:11:41.236951,3,0.0486,0.0463,0.0486,1.7965,0.4473,-0.0152,0.4470,7
2026-03-21T17:11:41.306393,0,1.1273,1.1273,0.0235,3.1129,0.8762,0.1113,-0.8691,66
2026-03-21T17:11:41.306393,1,1.3113,0.0201,1.3113,2.8428,0.7510,0.7504,0.0305,83
2026-03-21T17:11:41.306393,2,0.0622,0.0473,0.0622,1.7951,0.4514,-0.0153,0.4512,7
2026-03-21T17:11:41.376862,0,1.1916,1.1916,0.0299,3.1099,0.8798,0.1390,-0.8688,69
2026-03-21T17:11:41.376862,1,1.3543,0.0219,1.3543,2.8892,0.7510,0.7509,0.0143,85
2026-03-21T17:11:41.376862,2,0.0546,0.0467,0.0546,1.7935,0.4516,-0.0153,0.4513,7
2026-03-21T17:11:41.446019,0,1.1241,1.1241,0.0261,3.1142,0.8766,0.1112,-0.8695,66
2026-03-21T17:11:41.446019,1,0.0978,0.0032,0.0978,2.9942,1.0477,0.7658,-0.7149,5
2026-03-21T17:11:41.446019,2,1.4126,0.0259,1.4126,2.8720,0.7526,0.7511,0.0474,87
2026-03-21T17:11:41.446019,3,0.0385,0.0385,0.0137,1.7895,0.4465,-0.0194,0.4460,6
2026-03-21T17:11:41.515727,0,1.1929,1.1929,0.0262,3.1092,0.8800,0.1389,-0.8689,69
2026-03-21T17:11:41.515727,1,1.3597,0.0275,1.3597,2.8912,0.7506,0.7505,0.0144,85
2026-03-21T17:11:41.515727,2,0.0392,0.0392,0.0211,1.7869,0.4513,-0.0195,0.4509,6
2026-03-21T17:11:41.584939,0,1.0982,1.0982,0.0216,3.1132,0.8751,0.1022,-0.8692,65
2026-03-21T17:11:41.584939,1,0.0677,0.0677,0.0416,3.0972,1.1337,0.7439,-0.8555,5
2026-03-21T17:11:41.584939,2,1.3340,0.0249,1.3340,2.8675,0.7505,0.7501,0.0226,84
2026-03-21T17:11:41.584939,3,0.0521,0.0521,0.0395,1.7741,0.4660,-0.0246,0.4653,7
2026-03-21T17:11:41.655170,0,1.2001,1.2001,0.0533,3.1103,0.8806,0.1479,-0.8681,70
2026-03-21T17:11:41.655170,1,1.3147,0.0237,1.3147,2.8925,0.7502,0.7502,-0.0017,83
2026-03-21T17:11:41.655170,2,0.0516,0.0516,0.0416,1.7785,0.4684,-0.0245,0.4678,7
2026-03-21T17:11:41.725421,0,1.1978,1.1978,0.0218,3.1093,0.8807,0.1391,-0.8696,69
2026-03-21T17:11:41.725421,1,1.3870,0.0248,1.3870,2.8694,0.7521,0.7511,0.0391,86
2026-03-21T17:11:41.725421,2,0.0505,0.0505,0.0421,1.7700,0.4746,-0.0247,0.4739,7
2026-03-21T17:11:41.795171,0,1.1253,1.1253,0.0194,3.1093,0.8765,0.1113,-0.8694,66
2026-03-21T17:11:41.795171,1,1.3334,0.0298,1.3334,2.9164,0.7515,0.7515,-0.0104,84
2026-03-21T17:11:41.795171,2,0.0526,0.0505,0.0526,1.7665,0.4780,-0.0247,0.4773,7
2026-03-21T17:11:41.864794,0,1.1913,1.1913,0.0324,3.1102,0.8800,0.1391,-0.8689,69
2026-03-21T17:11:41.864794,1,1.3570,0.0255,1.3570,2.9177,0.7510,0.7510,-0.0020,85
2026-03-21T17:11:41.864794,2,0.0516,0.0516,0.0471,1.7620,0.4811,-0.0250,0.4805,7
2026-03-21T17:11:41.934408,0,1.1275,1.1275,0.0220,3.1119,0.8765,0.1115,-0.8694,66
2026-03-21T17:11:41.934408,1,1.4109,0.0257,1.4109,2.9690,0.7510,0.7507,-0.0187,87
2026-03-21T17:11:41.934408,2,0.0576,0.0521,0.0576,1.7665,0.4830,-0.0251,0.4823,7
2026-03-21T17:11:42.003671,0,1.1029,1.1029,0.0228,3.1132,0.8757,0.1024,-0.8697,65
2026-03-21T17:11:42.003671,1,1.4893,0.0275,1.4893,2.9711,0.7514,0.7513,0.0061,90
2026-03-21T17:11:42.003671,2,0.0518,0.0518,0.0386,1.7605,0.4810,-0.0251,0.4803,7
2026-03-21T17:11:42.073710,0,1.1921,1.1921,0.0282,3.1112,0.8807,0.1392,-0.8696,69
2026-03-21T17:11:42.073710,1,1.3848,0.0241,1.3848,2.9191,0.7512,0.7512,0.0062,86
2026-03-21T17:11:42.073710,2,0.0515,0.0515,0.0388,1.7597,0.4820,-0.0250,0.4813,7
2026-03-21T17:11:42.142522,0,1.1024,1.1024,0.0189,3.1102,0.8754,0.1023,-0.8694,65
2026-03-21T17:11:42.142522,1,1.3843,0.0223,1.3843,2.8938,0.7511,0.7507,0.0228,86
2026-03-21T17:11:42.142522,2,0.0491,0.0103,0.0491,1.4817,1.0776,0.7484,0.7753,3
2026-03-21T17:11:42.142522,3,0.0537,0.0537,0.0499,1.7686,0.4794,-0.0252,0.4788,7
2026-03-21T17:11:42.212113,0,1.1901,1.1901,0.0301,3.1109,0.8799,0.1390,-0.8689,69
2026-03-21T17:11:42.212113,1,1.3804,0.0244,1.3804,2.9391,0.7516,0.7515,-0.0102,86
2026-03-21T17:11:42.212113,2,0.0409,0.0409,0.0098,1.7626,0.4730,-0.0206,0.4725,6
2026-03-21T17:11:42.281948,0,1.0987,1.0987,0.0224,3.1132,0.8752,0.1021,-0.8692,65
2026-03-21T17:11:42.281948,1,0.0652,0.0652,0.0448,3.1010,1.1351,0.7448,-0.8566,5
2026-03-21T17:11:42.281948,2,1.4114,0.0221,1.4114,2.8931,0.7517,0.7511,0.0309,87
2026-03-21T17:11:42.281948,3,0.0518,0.0518,0.0432,1.7631,0.4790,-0.0166,0.4787,7
2026-03-21T17:11:42.351654,0,1.1246,1.1246,0.0192,3.1089,0.8765,0.1115,-0.8694,66
2026-03-21T17:11:42.351654,1,0.0386,0.0386,0.0163,3.0986,1.1419,0.7492,-0.8617,3
2026-03-21T17:11:42.351654,2,1.4100,0.0246,1.4100,2.8925,0.7520,0.7514,0.0308,87
2026-03-21T17:11:42.351654,3,0.0527,0.0527,0.0400,1.7649,0.4797,-0.0167,0.4794,7
2026-03-21T17:11:42.420671,0,1.1995,1.1995,0.0271,3.1116,0.8797,0.1387,-0.8687,69
2026-03-21T17:11:42.420671,1,1.4115,0.0227,1.4115,2.8918,0.7512,0.7506,0.0310,87
2026-03-21T17:11:42.420671,2,0.0521,0.0521,0.0352,1.7661,0.4767,-0.0166,0.4764,7
2026-03-21T17:11:42.491216,0,1.1223,1.1223,0.0231,3.1123,0.8763,0.1112,-0.8693,66
2026-03-21T17:11:42.491216,1,1.4143,0.0280,1.4143,2.9697,0.7519,0.7517,-0.0187,87
2026-03-21T17:11:42.491216,2,0.0519,0.0519,0.0420,1.7639,0.4784,-0.0165,0.4781,7
2026-03-21T17:11:42.560696,0,1.1250,1.1250,0.0253,3.1129,0.8765,0.1111,-0.8694,66
2026-03-21T17:11:42.560696,1,1.2868,0.0241,1.2868,2.8938,0.7510,0.7509,-0.0099,82
2026-03-21T17:11:42.560696,2,0.0946,0.0036,0.0946,1.5771,1.0257,0.7498,0.6999,5
2026-03-21T17:11:42.560696,3,0.0570,0.0504,0.0570,1.7710,0.4751,-0.0163,0.4749,7
2026-03-21T17:11:42.630041,0,1.1938,1.1938,0.0299,3.1129,0.8801,0.1387,-0.8691,69
2026-03-21T17:11:42.630041,1,1.3603,0.0299,1.3603,2.9439,0.7516,0.7514,-0.0187,85
2026-03-21T17:11:42.630041,2,0.0404,0.0404,0.0176,1.7725,0.4651,-0.0202,0.4647,6
2026-03-21T17:11:42.700910,0,1.0745,1.0745,0.0231,3.1112,0.8744,0.0933,-0.8694,64
2026-03-21T17:11:42.700910,1,1.3856,0.0277,1.3856,2.8945,0.7504,0.7501,0.0225,86
2026-03-21T17:11:42.700910,2,0.0520,0.0520,0.0442,1.7651,0.4780,-0.0166,0.4777,7
2026-03-21T17:11:42.770045,0,1.1963,1.1963,0.0540,3.1103,0.8804,0.1479,-0.8679,70
2026-03-21T17:11:42.770045,1,1.4830,0.0226,1.4830,2.9662,0.7512,0.7512,0.0061,90
2026-03-21T17:11:42.770045,2,0.0407,0.0407,0.0200,1.7699,0.4666,-0.0121,0.4665,6
2026-03-21T17:11:42.839328,0,1.1945,1.1945,0.0266,3.1119,0.8805,0.1395,-0.8694,69
2026-03-21T17:11:42.839328,1,1.3831,0.0225,1.3831,2.8905,0.7502,0.7499,0.0227,86
2026-03-21T17:11:42.839328,2,0.0396,0.0396,0.0260,1.7820,0.4613,-0.0119,0.4611,6
2026-03-21T17:11:42.909296,0,1.1241,1.1241,0.0197,3.1092,0.8765,0.1114,-0.8694,66
2026-03-21T17:11:42.909296,1,0.0352,0.0352,0.0207,3.0985,1.1416,0.7490,-0.8615,3
2026-03-21T17:11:42.909296,2,1.3089,0.0201,1.3089,2.8643,0.7505,0.7504,0.0146,83
2026-03-21T17:11:42.909296,3,0.0398,0.0398,0.0300,1.7800,0.4628,-0.0119,0.4626,6
2026-03-21T17:11:42.979243,0,1.1912,1.1912,0.0579,3.1113,0.8806,0.1481,-0.8680,70
2026-03-21T17:11:42.979243,1,1.4625,0.0257,1.4625,2.8945,0.7522,0.7507,0.0479,89
2026-03-21T17:11:42.979243,2,0.0399,0.0399,0.0146,1.7765,0.4591,-0.0119,0.4590,6
2026-03-21T17:11:43.049173,0,1.1956,1.1956,0.0615,3.1142,0.8809,0.1480,-0.8683,70
2026-03-21T17:11:43.049173,1,1.3583,0.0294,1.3583,2.8918,0.7512,0.7510,0.0145,85
2026-03-21T17:11:43.049173,2,0.0400,0.0400,0.0172,1.7771,0.4601,-0.0119,0.4600,6
2026-03-21T17:11:43.118957,0,1.1017,1.1017,0.0190,3.1093,0.8751,0.1024,-0.8691,65
2026-03-21T17:11:43.118957,1,0.0676,0.0676,0.0519,3.1016,1.1307,0.7419,-0.8533,5
2026-03-21T17:11:43.118957,2,1.4347,0.0245,1.4347,2.9151,0.7508,0.7505,0.0227,88
2026-03-21T17:11:43.118957,3,0.0396,0.0396,0.0200,1.7810,0.4591,-0.0119,0.4590,6
2026-03-21T17:11:43.188364,0,1.1932,1.1932,0.0265,3.1103,0.8805,0.1393,-0.8694,69
2026-03-21T17:11:43.188364,1,1.3823,0.0202,1.3823,2.8918,0.7506,0.7502,0.0226,86
2026-03-21T17:11:43.188364,2,0.0403,0.0403,0.0130,1.7799,0.4576,-0.0119,0.4575,6
2026-03-21T17:11:43.257362,0,1.1883,1.1883,0.0280,3.1103,0.8801,0.1394,-0.8690,69
2026-03-21T17:11:43.257362,1,1.3597,0.0261,1.3597,2.9184,0.7502,0.7502,-0.0016,85
2026-03-21T17:11:43.257362,2,0.0396,0.0396,0.0220,1.7810,0.4581,-0.0118,0.4580,6
2026-03-21T17:11:43.327597,0,1.1208,1.1208,0.0210,3.1082,0.8761,0.1110,-0.8690,66
2026-03-21T17:11:43.327597,1,1.3885,0.0255,1.3885,2.8938,0.7515,0.7512,0.0224,86
2026-03-21T17:11:43.327597,2,0.0395,0.0395,0.0330,1.7850,0.4621,-0.0118,0.4620,6
2026-03-21T17:11:43.397956,0,1.1968,1.1968,0.0531,3.1109,0.8801,0.1479,-0.8676,70
2026-03-21T17:11:43.397956,1,1.3331,0.0269,1.3331,2.8905,0.7511,0.7510,0.0060,84
2026-03-21T17:11:43.397956,2,0.0402,0.0402,0.0260,1.7750,0.4648,-0.0120,0.4646,6
2026-03-21T17:11:43.467575,0,1.0550,1.0550,0.0219,3.1119,0.8732,0.0842,-0.8691,63
2026-03-21T17:11:43.467575,1,0.0929,0.0929,0.0115,3.0967,1.1279,0.7253,-0.8637,5
2026-03-21T17:11:43.467575,2,1.4076,0.0272,1.4076,2.9690,0.7523,0.7520,-0.0190,87
2026-03-21T17:11:43.467575,3,0.0399,0.0399,0.0210,1.7770,0.4648,-0.0120,0.4646,6
2026-03-21T17:11:43.537112,0,1.1237,1.1237,0.0224,3.1122,0.8772,0.1112,-0.8701,66
2026-03-21T17:11:43.537112,1,1.3863,0.0261,1.3863,2.9157,0.7505,0.7505,0.0063,86
2026-03-21T17:11:43.537112,2,0.0398,0.0398,0.0200,1.7780,0.4608,-0.0119,0.4606,6
2026-03-21T17:11:43.606490,0,1.1941,1.1941,0.0250,3.1102,0.8801,0.1391,-0.8690,69
2026-03-21T17:11:43.606490,1,1.3858,0.0276,1.3858,2.9385,0.7516,0.7515,-0.0100,86
2026-03-21T17:11:43.606490,2,0.0976,0.0099,0.0976,1.5281,1.0615,0.7502,0.7510,5
2026-03-21T17:11:43.606490,3,0.0399,0.0399,0.0260,1.7790,0.4643,-0.0120,0.4641,6
2026-03-21T17:11:43.676198,0,1.1009,1.1009,0.0226,3.1122,0.8751,0.1022,-0.8691,65
2026-03-21T17:11:43.676198,1,1.4340,0.0256,1.4340,2.9676,0.7508,0.7507,-0.0106,88
2026-03-21T17:11:43.676198,2,0.0400,0.0400,0.0260,1.7770,0.4623,-0.0119,0.4621,6
2026-03-21T17:11:43.746179,0,1.0739,1.0739,0.0211,3.1132,0.8743,0.0933,-0.8693,64
2026-03-21T17:11:43.746179,1,0.0652,0.0652,0.0482,3.0979,1.1317,0.7425,-0.8540,5
2026-03-21T17:11:43.746179,2,1.3588,0.0201,1.3588,2.8669,0.7514,0.7508,0.0308,85
2026-03-21T17:11:43.746179,3,0.0399,0.0399,0.0310,1.7790,0.4636,-0.0119,0.4635,6
2026-03-21T17:11:43.815498,0,1.1179,1.1179,0.0259,3.1122,0.8764,0.1111,-0.8693,66
2026-03-21T17:11:43.815498,1,1.3347,0.0192,1.3347,2.8662,0.7519,0.7516,0.0224,84
2026-03-21T17:11:43.815498,2,0.0403,0.0403,0.0140,1.7720,0.4638,-0.0120,0.4636,6
2026-03-21T17:11:43.884675,0,1.0990,1.0990,0.0245,3.1129,0.8752,0.1023,-0.8693,65
2026-03-21T17:11:43.884675,1,1.3650,0.0265,1.3650,2.8951,0.7507,0.7505,0.0142,85
2026-03-21T17:11:43.884675,2,0.0400,0.0400,0.0230,1.7770,0.4630,-0.0120,0.4628,6
2026-03-21T17:11:43.954987,0,1.1948,1.1948,0.0646,3.1158,0.8810,0.1479,-0.8685,70
2026-03-21T17:11:43.954987,1,1.3115,0.0233,1.3115,2.8675,0.7501,0.7500,0.0143,83
2026-03-21T17:11:43.954987,2,0.0401,0.0401,0.0160,1.7740,0.4631,-0.0120,0.4630,6
2026-03-21T17:11:44.026432,0,1.1909,1.1909,0.0304,3.1112,0.8803,0.1391,-0.8693,69
2026-03-21T17:11:44.026432,1,1.3629,0.0256,1.3629,2.8971,0.7510,0.7509,0.0141,85
2026-03-21T17:11:44.026432,2,0.0404,0.0404,0.0140,1.7739,0.4635,-0.0121,0.4633,6
2026-03-21T17:11:44.093244,0,1.1003,1.1003,0.0216,3.1113,0.8755,0.1024,-0.8695,65
2026-03-21T17:11:44.093244,1,1.3360,0.0235,1.3360,2.9164,0.7507,0.7507,-0.0101,84
2026-03-21T17:11:44.093244,2,0.0402,0.0402,0.0240,1.7749,0.4635,-0.0120,0.4633,6
2026-03-21T17:11:44.164132,0,1.1939,1.1939,0.0563,3.1119,0.8810,0.1481,-0.8685,70
2026-03-21T17:11:44.164132,1,1.4358,0.0251,1.4358,2.9426,0.7516,0.7516,0.0059,88
2026-03-21T17:11:44.164132,2,0.0509,0.0509,0.0392,1.7711,0.4700,-0.0163,0.4697,7
2026-03-21T17:11:44.233985,0,1.1219,1.1219,0.0200,3.1102,0.8761,0.1112,-0.8690,66
2026-03-21T17:11:44.233985,1,1.3845,0.0282,1.3845,2.9432,0.7510,0.7509,-0.0108,86
2026-03-21T17:11:44.233985,2,0.0400,0.0400,0.0177,1.7726,0.4643,-0.0201,0.4639,6
2026-03-21T17:11:44.303176,0,1.2008,1.2008,0.0531,3.1109,0.8809,0.1480,-0.8684,70
2026-03-21T17:11:44.303176,1,1.3088,0.0249,1.3088,2.8931,0.7510,0.7510,-0.0021,83
2026-03-21T17:11:44.303176,2,0.0640,0.0496,0.0640,1.7740,0.4718,-0.0159,0.4716,7
2026-03-21T17:11:44.373128,0,1.1967,1.1967,0.0260,3.1113,0.8798,0.1390,-0.8687,69
2026-03-21T17:11:44.373128,1,1.4123,0.0277,1.4123,2.9697,0.7521,0.7519,-0.0190,87
2026-03-21T17:11:44.373128,2,0.0518,0.0518,0.0367,1.7725,0.4708,-0.0165,0.4706,7
2026-03-21T17:11:44.442893,0,1.1945,1.1945,0.0304,3.1126,0.8797,0.1389,-0.8686,69
2026-03-21T17:11:44.442893,1,1.3851,0.0219,1.3851,2.8925,0.7508,0.7505,0.0227,86
2026-03-21T17:11:44.442893,2,0.0526,0.0526,0.0454,1.7701,0.4718,-0.0167,0.4716,7
2026-03-21T17:11:44.511582,0,1.1867,1.1867,0.0338,3.1109,0.8799,0.1390,-0.8688,69
2026-03-21T17:11:44.511582,1,1.3616,0.0238,1.3616,2.8951,0.7506,0.7504,0.0144,85
2026-03-21T17:11:44.511582,2,0.0526,0.0526,0.0447,1.7715,0.4743,-0.0167,0.4740,7
2026-03-21T17:11:44.582832,0,1.1261,1.1261,0.0271,3.1158,0.8761,0.1111,-0.8690,66
2026-03-21T17:11:44.582832,1,1.3366,0.0209,1.3366,2.8688,0.7513,0.7510,0.0224,84
2026-03-21T17:11:44.582832,2,0.0519,0.0519,0.0370,1.7679,0.4750,-0.0165,0.4747,7
2026-03-21T17:11:44.651851,0,1.1233,1.1233,0.0256,3.1122,0.8768,0.1108,-0.8697,66
2026-03-21T17:11:44.651851,1,1.3637,0.0262,1.3637,2.8925,0.7507,0.7506,0.0141,85
2026-03-21T17:11:44.651851,2,0.0506,0.0506,0.0470,1.7659,0.4756,-0.0163,0.4753,7
2026-03-21T17:11:44.721616,0,1.1925,1.1925,0.0571,3.1097,0.8808,0.1480,-0.8683,70
2026-03-21T17:11:44.721616,1,1.3102,0.0231,1.3102,2.8905,0.7507,0.7507,-0.0018,83
2026-03-21T17:11:44.721616,2,0.0981,0.0043,0.0981,1.5554,1.0409,0.7484,0.7235,5
2026-03-21T17:11:44.721616,3,0.0515,0.0515,0.0466,1.7695,0.4751,-0.0164,0.4748,7
2026-03-21T17:11:44.791244,0,1.1261,1.1261,0.0220,3.1123,0.8761,0.1112,-0.8690,64
2026-03-21T17:11:44.791244,1,1.4365,0.0243,1.4365,2.9432,0.7508,0.7508,0.0062,88
2026-03-21T17:11:44.791244,2,0.0405,0.0405,0.0118,1.7666,0.4678,-0.0203,0.4673,6
2026-03-21T17:11:44.861062,0,1.1008,1.1008,0.0222,3.1109,0.8751,0.1025,-0.8691,65
2026-03-21T17:11:44.861062,1,0.0684,0.0684,0.0423,3.0993,1.1345,0.7444,-0.8561,5
2026-03-21T17:11:44.861062,2,1.3617,0.0240,1.3617,2.9171,0.7511,0.7511,-0.0019,85
2026-03-21T17:11:44.861062,3,0.0398,0.0398,0.0227,1.7746,0.4675,-0.0202,0.4670,6
2026-03-21T17:11:44.930899,0,1.1259,1.1259,0.0226,3.1129,0.8765,0.1115,-0.8694,66
2026-03-21T17:11:44.930899,1,0.0411,0.0411,0.0132,3.0947,1.1399,0.7479,-0.8602,3
2026-03-21T17:11:44.930899,2,1.4097,0.0271,1.4097,2.9426,0.7512,0.7512,-0.0023,87
2026-03-21T17:11:44.930899,3,0.0401,0.0401,0.0081,1.7716,0.4636,-0.0202,0.4632,6
2026-03-21T17:11:45.000413,0,1.0093,1.0093,0.0228,3.1113,0.8721,0.0667,-0.8695,61
2026-03-21T17:11:45.000413,1,1.3610,0.0241,1.3610,2.9171,0.7508,0.7508,-0.0019,85
2026-03-21T17:11:45.000413,2,0.0666,0.0485,0.0666,1.7786,0.4690,-0.0158,0.4687,7
2026-03-21T17:11:45.070089,0,1.1965,1.1965,0.0294,3.1138,0.8801,0.1389,-0.8691,69
2026-03-21T17:11:45.070089,1,1.4111,0.0255,1.4111,2.9446,0.7519,0.7519,-0.0024,87
2026-03-21T17:11:45.070089,2,0.0401,0.0401,0.0098,1.7719,0.4631,-0.0202,0.4627,6
2026-03-21T17:11:45.139386,0,1.0743,1.0743,0.0256,3.1123,0.8737,0.0931,-0.8688,64
2026-03-21T17:11:45.139386,1,0.0917,0.0917,0.0130,3.0975,1.1269,0.7247,-0.8629,5
2026-03-21T17:11:45.139386,2,1.4622,0.0265,1.4622,2.9439,0.7517,0.7516,0.0144,89
2026-03-21T17:11:45.139386,3,0.0397,0.0397,0.0157,1.7756,0.4610,-0.0200,0.4605,6
2026-03-21T17:11:45.209090,0,1.1244,1.1244,0.0199,3.1113,0.8768,0.1116,-0.8697,66
2026-03-21T17:11:45.209090,1,1.3855,0.0282,1.3855,2.9184,0.7503,0.7503,0.0061,86
2026-03-21T17:11:45.209090,2,0.0535,0.0486,0.0535,1.7765,0.4643,-0.0158,0.4640,7
2026-03-21T17:11:45.278879,0,1.1887,1.1887,0.0300,3.1093,0.8805,0.1392,-0.8695,69
2026-03-21T17:11:45.278879,1,1.3367,0.0241,1.3367,2.9405,0.7514,0.7509,-0.0261,84
2026-03-21T17:11:45.278879,2,0.0514,0.0514,0.0407,1.7805,0.4653,-0.0163,0.4650,7
2026-03-21T17:11:45.348373,0,1.1934,1.1934,0.0267,3.1112,0.8799,0.1392,-0.8688,69
2026-03-21T17:11:45.348373,1,1.3603,0.0226,1.3603,2.9164,0.7512,0.7512,-0.0018,85
2026-03-21T17:11:45.348373,2,0.0522,0.0522,0.0417,1.7735,0.4714,-0.0165,0.4711,7
2026-03-21T17:11:45.417799,0,1.1900,1.1900,0.0335,3.1113,0.8804,0.1392,-0.8693,69
2026-03-21T17:11:45.417799,1,1.3590,0.0225,1.3590,2.8912,0.7510,0.7509,0.0143,85
2026-03-21T17:11:45.417799,2,0.0521,0.0521,0.0422,1.7739,0.4693,-0.0165,0.4690,7
2026-03-21T17:11:45.488186,0,1.1981,1.1981,0.0554,3.1132,0.8814,0.1482,-0.8689,70
2026-03-21T17:11:45.488186,1,1.3597,0.0235,1.3597,2.9177,0.7517,0.7517,-0.0020,85
2026-03-21T17:11:45.488186,2,0.0526,0.0526,0.0464,1.7721,0.4714,-0.0166,0.4711,7
2026-03-21T17:11:45.557899,0,1.1252,1.1252,0.0281,3.1158,0.8761,0.1112,-0.8690,66
2026-03-21T17:11:45.557899,1,0.0385,0.0385,0.0200,3.0993,1.1416,0.7490,-0.8615,3
2026-03-21T17:11:45.557899,2,1.3361,0.0229,1.3361,2.9177,0.7513,0.7512,-0.0102,84
2026-03-21T17:11:45.557899,3,0.0521,0.0521,0.0397,1.7715,0.4713,-0.0166,0.4710,7
2026-03-21T17:11:45.627132,0,1.0731,1.0731,0.0233,3.1119,0.8746,0.0930,-0.8696,64
2026-03-21T17:11:45.627132,1,0.0890,0.0890,0.0160,3.0983,1.1259,0.7240,-0.8622,5
2026-03-21T17:11:45.627132,2,1.4392,0.0265,1.4392,2.9460,0.7514,0.7514,0.0060,88
2026-03-21T17:11:45.627132,3,0.0525,0.0492,0.0525,1.7735,0.4676,-0.0159,0.4673,7
2026-03-21T17:11:45.697036,0,1.1896,1.1896,0.0305,3.1112,0.8800,0.1391,-0.8690,69
2026-03-21T17:11:45.697036,1,1.4088,0.0268,1.4088,2.9655,0.7517,0.7514,-0.0187,87
2026-03-21T17:11:45.697036,2,0.0401,0.0401,0.0108,1.7716,0.4623,-0.0201,0.4619,6
2026-03-21T17:11:45.766395,0,1.1257,1.1257,0.0197,3.1085,0.8766,0.1113,-0.8695,66
2026-03-21T17:11:45.766395,1,0.0431,0.0431,0.0110,3.0940,1.1399,0.7479,-0.8602,3
2026-03-21T17:11:45.766395,2,1.4359,0.0263,1.4359,2.9191,0.7515,0.7512,0.0224,88
2026-03-21T17:11:45.766395,3,0.0393,0.0393,0.0287,1.7806,0.4608,-0.0199,0.4604,6
2026-03-21T17:11:45.836501,0,1.1961,1.1961,0.0547,3.1102,0.8810,0.1482,-0.8685,70
2026-03-21T17:11:45.836501,1,1.4844,0.0271,1.4844,2.9683,0.7518,0.7518,0.0060,90
2026-03-21T17:11:45.836501,2,0.0393,0.0393,0.0277,1.7806,0.4600,-0.0199,0.4595,6
2026-03-21T17:11:45.906614,0,1.1908,1.1908,0.0568,3.1102,0.8801,0.1480,-0.8676,70
2026-03-21T17:11:45.906614,1,1.3590,0.0244,1.3590,2.9184,0.7512,0.7512,-0.0019,85
2026-03-21T17:11:45.906614,2,0.0392,0.0392,0.0197,1.7816,0.4590,-0.0199,0.4585,6
2026-03-21T17:11:45.975191,0,1.1986,1.1986,0.0520,3.1112,0.8810,0.1481,-0.8685,70
2026-03-21T17:11:45.975191,1,0.0992,0.0040,0.0992,2.9957,1.0479,0.7660,-0.7151,5
2026-03-21T17:11:45.975191,2,1.3332,0.0208,1.3332,2.8682,0.7519,0.7515,0.0224,84
2026-03-21T17:11:45.975191,3,0.0399,0.0399,0.0187,1.7736,0.4651,-0.0202,0.4647,6
2026-03-21T17:11:46.045231,0,1.1256,1.1256,0.0240,3.1119,0.8764,0.1111,-0.8693,66
2026-03-21T17:11:46.045231,1,0.0445,0.0445,0.0111,3.0985,1.1456,0.7516,-0.8645,3
2026-03-21T17:11:46.045231,2,1.3550,0.0243,1.3550,2.8899,0.7509,0.7507,0.0143,85
2026-03-21T17:11:46.045231,3,0.0404,0.0404,0.0147,1.7676,0.4706,-0.0204,0.4702,6
2026-03-21T17:11:46.115308,0,1.1967,1.1967,0.0246,3.1113,0.8804,0.1394,-0.8693,69
2026-03-21T17:11:46.115308,1,0.0972,0.0040,0.0972,2.9942,1.0487,0.7666,-0.7156,5
2026-03-21T17:11:46.115308,2,1.3614,0.0212,1.3614,2.8688,0.7515,0.7508,0.0310,85
2026-03-21T17:11:46.115308,3,0.0566,0.0527,0.0566,1.7585,0.4881,-0.0168,0.4878,7
2026-03-21T17:11:46.184452,0,1.1910,1.1910,0.0288,3.1110,0.8800,0.1391,-0.8689,69
2026-03-21T17:11:46.184452,1,1.4083,0.0251,1.4083,2.9412,0.7510,0.7510,-0.0020,87
2026-03-21T17:11:46.184452,2,0.0442,0.0442,0.0237,1.7485,0.4889,-0.0214,0.4885,6
2026-03-21T17:11:46.254765,0,1.0988,1.0988,0.0226,3.1122,0.8757,0.1024,-0.8697,65
2026-03-21T17:11:46.254765,1,1.3617,0.0218,1.3617,2.9171,0.7514,0.7514,-0.0020,85
2026-03-21T17:11:46.254765,2,0.0586,0.0552,0.0586,1.7465,0.5021,-0.0174,0.5018,7
2026-03-21T17:11:46.324277,0,1.1245,1.1245,0.0239,3.1103,0.8757,0.1113,-0.8686,66
2026-03-21T17:11:46.324277,1,1.3610,0.0215,1.3610,2.8925,0.7507,0.7506,0.0143,85
2026-03-21T17:11:46.324277,2,0.0541,0.0420,0.0541,1.7600,0.4898,-0.0124,0.4896,6
2026-03-21T17:11:46.393901,0,1.1282,1.1282,0.0209,3.1122,0.8767,0.1117,-0.8696,66
2026-03-21T17:11:46.393901,1,1.3784,0.0260,1.3784,2.9371,0.7508,0.7508,-0.0099,86
2026-03-21T17:11:46.393901,2,0.0511,0.0419,0.0511,1.7600,0.4868,-0.0123,0.4866,6
2026-03-21T17:11:46.463476,0,1.1916,1.1916,0.0338,3.1138,0.8806,0.1395,-0.8695,69
2026-03-21T17:11:46.463476,1,1.4118,0.0263,1.4118,2.9157,0.7514,0.7512,0.0146,87
2026-03-21T17:11:46.463476,2,0.0710,0.0539,0.0710,1.7740,0.4897,-0.0168,0.4894,7
2026-03-21T17:11:46.533380,0,1.1883,1.1883,0.0354,3.1132,0.8801,0.1391,-0.8690,69
2026-03-21T17:11:46.533380,1,1.4311,0.0248,1.4311,2.9157,0.7505,0.7501,0.0228,88
2026-03-21T17:11:46.533380,2,0.0602,0.0524,0.0602,1.7592,0.4864,-0.0166,0.4861,7
2026-03-21T17:11:46.603393,0,1.1927,1.1927,0.0265,3.1103,0.8802,0.1392,-0.8691,69
2026-03-21T17:11:46.603393,1,1.3603,0.0231,1.3603,2.8931,0.7514,0.7512,0.0142,85
2026-03-21T17:11:46.603393,2,0.0526,0.0526,0.0510,1.7619,0.4827,-0.0167,0.4824,7
2026-03-21T17:11:46.672699,0,1.0995,1.0995,0.0253,3.1142,0.8757,0.1024,-0.8697,65
2026-03-21T17:11:46.672699,1,1.3896,0.0255,1.3896,2.9204,0.7512,0.7512,0.0060,86
2026-03-21T17:11:46.672699,2,0.0515,0.0515,0.0500,1.7669,0.4763,-0.0165,0.4760,7
2026-03-21T17:11:46.742421,0,1.1969,1.1969,0.0262,3.1122,0.8801,0.1390,-0.8691,69
2026-03-21T17:11:46.742421,1,1.4368,0.0285,1.4368,2.9935,0.7520,0.7516,-0.0271,88
2026-03-21T17:11:46.742421,2,0.0510,0.0510,0.0500,1.7669,0.4760,-0.0164,0.4757,7
2026-03-21T17:11:46.812228,0,1.1945,1.1945,0.0570,3.1119,0.8809,0.1479,-0.8684,70
2026-03-21T17:11:46.812228,1,1.3824,0.0205,1.3824,2.8912,0.7507,0.7503,0.0227,86
2026-03-21T17:11:46.812228,2,0.0687,0.0497,0.0687,1.7676,0.4783,-0.0161,0.4780,7
2026-03-21T17:11:46.881931,0,1.1931,1.1931,0.0331,3.1138,0.8801,0.1390,-0.8691,69
2026-03-21T17:11:46.881931,1,1.3570,0.0255,1.3570,2.9171,0.7514,0.7514,-0.0024,85
2026-03-21T17:11:46.881931,2,0.0687,0.0489,0.0687,1.7756,0.4748,-0.0160,0.4746,7
2026-03-21T17:11:46.951430,0,1.1881,1.1881,0.0327,3.1112,0.8801,0.1391,-0.8690,69
2026-03-21T17:11:46.951430,1,1.4102,0.0275,1.4102,2.9683,0.7517,0.7515,-0.0187,87
2026-03-21T17:11:46.951430,2,0.0560,0.0512,0.0560,1.7639,0.4780,-0.0164,0.4777,7
2026-03-21T17:11:47.020818,0,1.1938,1.1938,0.0292,3.1122,0.8804,0.1392,-0.8694,69
2026-03-21T17:11:47.020818,1,1.4111,0.0252,1.4111,2.9426,0.7514,0.7514,-0.0019,87
2026-03-21T17:11:47.020818,2,0.0526,0.0514,0.0526,1.7635,0.4786,-0.0164,0.4783,7
2026-03-21T17:11:47.091280,0,1.1223,1.1223,0.0206,3.1112,0.8763,0.1112,-0.8692,66
2026-03-21T17:11:47.091280,1,1.3610,0.0233,1.3610,2.9191,0.7515,0.7515,-0.0019,85
2026-03-21T17:11:47.091280,2,0.0515,0.0515,0.0450,1.7690,0.4753,-0.0164,0.4750,7
2026-03-21T17:11:47.160525,0,1.1907,1.1907,0.0307,3.1122,0.8796,0.1390,-0.8686,69
2026-03-21T17:11:47.160525,1,1.3630,0.0214,1.3630,2.8931,0.7510,0.7509,0.0145,85
2026-03-21T17:11:47.160525,2,0.0520,0.0517,0.0520,1.7869,0.4708,-0.0163,0.4706,7
2026-03-21T17:11:47.230632,0,1.0722,1.0722,0.0196,3.1103,0.8740,0.0933,-0.8690,64
2026-03-21T17:11:47.230632,1,0.0846,0.0846,0.0214,3.1014,1.1287,0.7258,-0.8643,5
2026-03-21T17:11:47.230632,2,1.3337,0.0208,1.3337,2.8931,0.7506,0.7506,0.0063,84
2026-03-21T17:11:47.230632,3,0.0560,0.0511,0.0560,1.7739,0.4771,-0.0164,0.4768,7
2026-03-21T17:11:47.300116,0,1.1905,1.1905,0.0336,3.1129,0.8801,0.1394,-0.8690,69
2026-03-21T17:11:47.300116,1,1.3557,0.0196,1.3557,2.9124,0.7506,0.7506,-0.0015,85
2026-03-21T17:11:47.300116,2,0.0546,0.0498,0.0546,1.7715,0.4730,-0.0162,0.4727,7
