timestamp,object_id,length,width,depth,height_above_baseline,distance,centroid_x,centroid_y,point_count
2026-03-21T04:21:48.676351,0,0.1939,0.1939,0.0642,0.7902,0.8146,-0.3188,-0.7496,15
2026-03-21T04:21:48.676351,1,0.1249,0.1249,0.0491,1.0291,1.0047,-0.0269,-1.0043,8
2026-03-21T04:21:48.676351,2,0.3502,0.3502,0.0651,1.2912,1.3378,0.4480,-1.2606,16
2026-03-21T04:21:48.676351,3,0.2183,0.2183,0.0665,0.0000,1.1408,-0.0288,1.1405,12
2026-03-21T04:21:48.676351,4,0.2722,0.2722,0.0639,0.0000,1.0457,-0.3154,0.9970,16
2026-03-21T04:21:48.743948,0,0.1990,0.1990,0.0623,0.7882,0.8147,-0.3188,-0.7497,15
2026-03-21T04:21:48.743948,1,0.1075,0.1075,0.0521,1.0321,1.0068,-0.0358,-1.0062,7
2026-03-21T04:21:48.743948,2,0.3207,0.3207,0.0719,1.3026,1.3326,0.4128,-1.2671,15
2026-03-21T04:21:48.743948,3,0.2346,0.2346,0.0828,0.0000,1.1364,-0.0384,1.1358,13
2026-03-21T04:21:48.743948,4,0.2698,0.2698,0.0705,0.0000,1.0461,-0.3154,0.9974,16
2026-03-21T04:21:48.814611,0,0.1933,0.1933,0.0657,0.7880,0.8153,-0.3190,-0.7503,15
2026-03-21T04:21:48.814611,1,0.1072,0.1072,0.0521,1.0291,1.0065,-0.0357,-1.0059,7
2026-03-21T04:21:48.814611,2,0.3001,0.3001,0.0561,1.2957,1.3292,0.4004,-1.2674,14
2026-03-21T04:21:48.814611,3,0.2346,0.2346,0.0770,0.0000,1.1394,-0.0386,1.1388,13
2026-03-21T04:21:48.814611,4,0.2680,0.2680,0.0720,0.0000,1.0443,-0.3148,0.9957,16
2026-03-21T04:21:48.884051,0,0.1938,0.1938,0.0691,0.7959,0.8156,-0.3191,-0.7506,15
2026-03-21T04:21:48.884051,1,0.1278,0.1278,0.0792,1.0522,1.0116,-0.0451,-1.0106,8
2026-03-21T04:21:48.884051,2,0.2528,0.2528,0.0495,1.2921,1.3276,0.3998,-1.2660,12
2026-03-21T04:21:48.884051,3,0.2348,0.2348,0.0781,0.0000,1.1373,-0.0385,1.1366,13
2026-03-21T04:21:48.884051,4,0.2709,0.2709,0.0615,0.0000,1.0440,-0.3149,0.9954,16
2026-03-21T04:21:48.953744,0,0.1963,0.1963,0.0622,0.7873,0.8151,-0.3189,-0.7501,15
2026-03-21T04:21:48.953744,1,0.1249,0.1249,0.0531,1.0311,1.0026,-0.0269,-1.0022,8
2026-03-21T04:21:48.953744,2,0.3972,0.3972,0.0820,1.2951,1.3412,0.4716,-1.2555,18
2026-03-21T04:21:48.953744,3,0.2359,0.2359,0.0739,0.0000,1.1391,-0.0386,1.1384,13
2026-03-21T04:21:48.953744,4,0.2858,0.2858,0.0863,0.0000,1.0464,-0.3067,1.0005,17
2026-03-21T04:21:49.023052,0,0.1979,0.1979,0.0707,0.7921,0.8141,-0.3186,-0.7492,15
2026-03-21T04:21:49.023052,1,0.1449,0.1449,0.0712,1.0482,1.0079,-0.0361,-1.0072,9
2026-03-21T04:21:49.023052,2,0.3505,0.3505,0.0652,1.2921,1.3368,0.4476,-1.2597,16
2026-03-21T04:21:49.023052,3,0.2346,0.2346,0.0800,0.0000,1.1377,-0.0385,1.1371,13
2026-03-21T04:21:49.023052,4,0.2699,0.2699,0.0643,0.0000,1.0447,-0.3150,0.9960,16
2026-03-21T04:21:49.092718,0,0.1966,0.1966,0.0653,0.7930,0.8169,-0.3197,-0.7518,15
2026-03-21T04:21:49.092718,1,0.1249,0.1249,0.0501,1.0301,1.0051,-0.0269,-1.0047,8
2026-03-21T04:21:49.092718,2,0.3242,0.3242,0.0583,1.3009,1.3284,0.3892,-1.2701,15
2026-03-21T04:21:49.092718,3,0.2352,0.2352,0.0771,0.0000,1.1395,-0.0386,1.1388,13
2026-03-21T04:21:49.092718,4,0.2719,0.2719,0.0545,0.0000,1.0442,-0.3150,0.9956,16
2026-03-21T04:21:49.162152,0,0.2038,0.2038,0.0947,0.8143,0.8159,-0.3125,-0.7537,16
2026-03-21T04:21:49.162152,1,0.1274,0.1274,0.0732,1.0492,1.0117,-0.0451,-1.0107,8
2026-03-21T04:21:49.162152,2,0.3505,0.3505,0.0608,1.2957,1.3322,0.4239,-1.2629,16
2026-03-21T04:21:49.162152,3,0.2354,0.2354,0.0819,0.0000,1.1366,-0.0383,1.1359,13
2026-03-21T04:21:49.162152,4,0.2695,0.2695,0.0632,0.0000,1.0449,-0.3151,0.9963,16
2026-03-21T04:21:49.232598,0,0.2030,0.2030,0.0930,0.8172,0.8162,-0.3125,-0.7540,16
2026-03-21T04:21:49.232598,1,0.1073,0.1073,0.0521,1.0311,1.0061,-0.0358,-1.0055,7
2026-03-21T04:21:49.232598,2,0.4213,0.4213,0.0840,1.2997,1.3403,0.4604,-1.2587,19
2026-03-21T04:21:49.232598,3,0.2344,0.2344,0.0861,0.0000,1.1388,-0.0384,1.1382,13
2026-03-21T04:21:49.232598,4,0.2834,0.2834,0.0960,0.0000,1.0472,-0.3067,1.0013,17
2026-03-21T04:21:49.302380,0,0.1814,0.1814,0.0560,0.0000,0.8146,-0.3253,-0.7468,14
2026-03-21T04:21:49.302380,1,0.1246,0.1246,0.0472,0.0000,1.0046,-0.0269,-1.0042,8
2026-03-21T04:21:49.302380,2,0.3763,0.3763,0.0685,0.0236,1.3388,0.4596,-1.2575,17
2026-03-21T04:21:49.302380,3,0.2353,0.2353,0.0809,0.0000,1.1374,-0.0385,1.1368,13
2026-03-21T04:21:49.302380,4,0.2710,0.2710,0.0723,0.0000,1.0439,-0.3148,0.9953,16
2026-03-21T04:21:49.371508,0,0.2100,0.2100,0.1192,0.0000,0.8191,-0.3066,-0.7595,17
2026-03-21T04:21:49.371508,1,0.1069,0.1069,0.0481,0.0000,1.0054,-0.0357,-1.0048,7
2026-03-21T04:21:49.371508,2,0.3017,0.3017,0.0524,0.0262,1.3305,0.4009,-1.2686,14
2026-03-21T04:21:49.371508,3,0.2343,0.2343,0.0820,0.0000,1.1371,-0.0384,1.1365,13
2026-03-21T04:21:49.371508,4,0.2705,0.2705,0.0698,0.0000,1.0439,-0.3148,0.9953,16
2026-03-21T04:21:49.440922,0,0.2006,0.2006,0.0574,0.0000,0.8158,-0.3193,-0.7507,15
2026-03-21T04:21:49.440922,1,0.1072,0.1072,0.0561,0.0000,1.0047,-0.0357,-1.0040,7
2026-03-21T04:21:49.440922,2,0.2523,0.2523,0.0503,0.0216,1.3282,0.4000,-1.2665,12
2026-03-21T04:21:49.440922,3,0.2352,0.2352,0.0729,0.0000,1.1366,-0.0384,1.1360,13
2026-03-21T04:21:49.440922,4,0.2858,0.2858,0.0863,0.0000,1.0464,-0.3065,1.0005,17
2026-03-21T04:21:49.510323,0,0.1913,0.1913,0.0699,0.0000,0.8158,-0.3191,-0.7508,15
2026-03-21T04:21:49.510323,1,0.1273,0.1273,0.0732,0.0000,1.0099,-0.0450,-1.0089,8
2026-03-21T04:21:49.510323,2,0.2780,0.2780,0.0547,0.0195,1.3342,0.4352,-1.2613,13
2026-03-21T04:21:49.510323,3,0.2348,0.2348,0.0760,0.0000,1.1376,-0.0385,1.1370,13
2026-03-21T04:21:49.510323,4,0.2730,0.2730,0.0574,0.0000,1.0460,-0.3154,0.9973,16
2026-03-21T04:21:49.580456,0,0.1950,0.1950,0.0641,0.0000,0.8155,-0.3191,-0.7504,15
2026-03-21T04:21:49.580456,1,0.1068,0.1068,0.0501,0.0000,1.0041,-0.0356,-1.0035,7
2026-03-21T04:21:49.580456,2,0.3501,0.3501,0.0628,0.0282,1.3332,0.4243,-1.2639,16
2026-03-21T04:21:49.580456,3,0.2353,0.2353,0.0769,0.0000,1.1380,-0.0384,1.1373,13
2026-03-21T04:21:49.580456,4,0.2694,0.2694,0.0673,0.0000,1.0441,-0.3147,0.9955,16
2026-03-21T04:21:49.649835,0,0.1970,0.1970,0.0620,0.0000,0.8170,-0.3197,-0.7518,15
2026-03-21T04:21:49.649835,1,0.1276,0.1276,0.0752,0.0000,1.0124,-0.0451,-1.0114,8
2026-03-21T04:21:49.649835,2,0.4224,0.4224,0.0757,0.0304,1.3360,0.4367,-1.2625,19
2026-03-21T04:21:49.649835,3,0.2341,0.2341,0.0780,0.0000,1.1363,-0.0385,1.1357,13
2026-03-21T04:21:49.649835,4,0.2681,0.2681,0.0731,0.0000,1.0461,-0.3153,0.9975,16
2026-03-21T04:21:49.719433,0,0.2004,0.2004,0.0660,0.0000,0.8163,-0.3195,-0.7512,15
2026-03-21T04:21:49.719433,1,0.1270,0.1270,0.0722,0.0000,1.0101,-0.0450,-1.0091,8
2026-03-21T04:21:49.719433,2,0.4008,0.4008,0.0717,0.0196,1.3418,0.4719,-1.2561,18
2026-03-21T04:21:49.719433,3,0.2335,0.2335,0.0890,0.0000,1.1364,-0.0382,1.1358,13
2026-03-21T04:21:49.719433,4,0.2703,0.2703,0.0665,0.0000,1.0452,-0.3152,0.9966,16
2026-03-21T04:21:49.789582,0,0.1968,0.1968,0.0603,0.0000,0.8164,-0.3196,-0.7513,15
2026-03-21T04:21:49.789582,1,0.1253,0.1253,0.0611,0.0000,1.0039,-0.0269,-1.0036,8
2026-03-21T04:21:49.789582,2,0.3505,0.3505,0.0652,0.0226,1.3376,0.4478,-1.2605,16
2026-03-21T04:21:49.789582,3,0.2353,0.2353,0.0751,0.0000,1.1386,-0.0385,1.1379,13
2026-03-21T04:21:49.789582,4,0.2843,0.2843,0.0900,0.0000,1.0477,-0.3069,1.0017,17
2026-03-21T04:21:49.858831,0,0.1950,0.1950,0.0614,0.0000,0.8153,-0.3190,-0.7503,15
2026-03-21T04:21:49.858831,1,0.1269,0.1269,0.0674,0.0000,1.0106,-0.0450,-1.0096,8
2026-03-21T04:21:49.858831,2,0.3763,0.3763,0.0685,0.0236,1.3394,0.4598,-1.2580,17
2026-03-21T04:21:49.858831,3,0.2341,0.2341,0.0818,0.0000,1.1363,-0.0384,1.1357,13
2026-03-21T04:21:49.858831,4,0.2711,0.2711,0.0647,0.0000,1.0469,-0.3157,0.9982,16
2026-03-21T04:21:49.928726,0,0.1948,0.1948,0.0612,0.0000,0.8145,-0.3188,-0.7495,15
2026-03-21T04:21:49.928726,1,0.1075,0.1075,0.0601,0.0000,1.0057,-0.0357,-1.0050,7
2026-03-21T04:21:49.928726,2,0.3743,0.3743,0.0681,0.0282,1.3358,0.4365,-1.2625,17
2026-03-21T04:21:49.928726,3,0.2350,0.2350,0.0789,0.0000,1.1377,-0.0384,1.1371,13
2026-03-21T04:21:49.928726,4,0.2858,0.2858,0.0843,0.0000,1.0440,-0.3059,0.9981,17
2026-03-21T04:21:49.998610,0,0.1977,0.1977,0.0594,0.0000,0.8163,-0.3195,-0.7512,15
2026-03-21T04:21:49.998610,1,0.1074,0.1074,0.0571,0.0000,1.0044,-0.0357,-1.0038,7
2026-03-21T04:21:49.998610,2,0.3756,0.3756,0.0703,0.0245,1.3391,0.4596,-1.2578,17
2026-03-21T04:21:49.998610,3,0.2188,0.2188,0.0448,0.0000,1.1418,-0.0291,1.1414,12
2026-03-21T04:21:49.998610,4,0.2869,0.2869,0.0839,0.0000,1.0450,-0.3062,0.9991,17
2026-03-21T04:21:50.067770,0,0.1967,0.1967,0.0615,0.0000,0.8158,-0.3192,-0.7508,15
2026-03-21T04:21:50.067770,1,0.1273,0.1273,0.0752,0.0000,1.0116,-0.0451,-1.0106,8
2026-03-21T04:21:50.067770,2,0.3256,0.3256,0.0567,0.0252,1.3307,0.4122,-1.2653,15
2026-03-21T04:21:50.067770,3,0.2345,0.2345,0.0790,0.0000,1.1380,-0.0384,1.1373,13
2026-03-21T04:21:50.067770,4,0.2666,0.2666,0.0726,0.0000,1.0455,-0.3152,0.9968,16
2026-03-21T04:21:50.138153,0,0.1945,0.1945,0.0614,0.0000,0.8164,-0.3194,-0.7514,15
2026-03-21T04:21:50.138153,1,0.1248,0.1248,0.0531,0.0000,1.0037,-0.0269,-1.0033,8
2026-03-21T04:21:50.138153,2,0.3507,0.3507,0.0653,0.0236,1.3372,0.4478,-1.2600,16
2026-03-21T04:21:50.138153,3,0.2351,0.2351,0.0790,0.0000,1.1370,-0.0384,1.1363,13
2026-03-21T04:21:50.138153,4,0.2688,0.2688,0.0738,0.0000,1.0450,-0.3150,0.9964,16
2026-03-21T04:21:50.207377,0,0.2017,0.2017,0.0661,0.0000,0.8191,-0.3206,-0.7537,15
2026-03-21T04:21:50.207377,1,0.1275,0.1275,0.0782,0.0000,1.0112,-0.0451,-1.0102,8
2026-03-21T04:21:50.207377,2,0.2548,0.2548,0.0480,0.0245,1.3305,0.4006,-1.2687,12
2026-03-21T04:21:50.207377,3,0.1210,0.1210,0.0268,0.0000,1.3786,0.6154,-1.2336,6
2026-03-21T04:21:50.207377,4,0.2348,0.2348,0.0769,0.0000,1.1356,-0.0384,1.1349,13
2026-03-21T04:21:50.207377,5,0.2875,0.2875,0.0868,0.0000,1.0467,-0.3066,1.0007,17
2026-03-21T04:21:50.277258,0,0.1962,0.1962,0.0661,0.0000,0.8171,-0.3197,-0.7520,15
2026-03-21T04:21:50.277258,1,0.1251,0.1251,0.0540,0.0000,1.0046,-0.0270,-1.0042,8
2026-03-21T04:21:50.277258,2,0.3760,0.3760,0.0684,0.0226,1.3388,0.4595,-1.2574,17
2026-03-21T04:21:50.277258,3,0.2337,0.2337,0.0790,0.0000,1.1359,-0.0384,1.1352,13
2026-03-21T04:21:50.277258,4,0.2857,0.2857,0.0853,0.0000,1.0466,-0.3066,1.0007,17
2026-03-21T04:21:50.347208,0,0.1931,0.1931,0.0653,0.0000,0.8164,-0.3194,-0.7514,15
2026-03-21T04:21:50.347208,1,0.1276,0.1276,0.0732,0.0000,1.0123,-0.0451,-1.0113,8
2026-03-21T04:21:50.347208,2,0.3512,0.3512,0.0633,0.0216,1.3378,0.4479,-1.2606,16
2026-03-21T04:21:50.347208,3,0.2178,0.2178,0.0577,0.0000,1.1412,-0.0289,1.1408,12
2026-03-21T04:21:50.347208,4,0.2870,0.2870,0.0819,0.0000,1.0444,-0.3060,0.9986,17
2026-03-21T04:21:50.417221,0,0.1986,0.1986,0.0601,0.0000,0.8147,-0.3189,-0.7497,15
2026-03-21T04:21:50.417221,1,0.1247,0.1247,0.0481,0.0000,1.0047,-0.0269,-1.0043,8
2026-03-21T04:21:50.417221,2,0.0525,0.0485,0.0525,0.0000,0.1137,-0.0019,-0.1137,5
2026-03-21T04:21:50.417221,3,0.3966,0.3966,0.0786,0.0301,1.3372,0.4481,-1.2599,18
2026-03-21T04:21:50.417221,4,0.2337,0.2337,0.0861,0.0000,1.1364,-0.0383,1.1358,13
2026-03-21T04:21:50.417221,5,0.2867,0.2867,0.0857,0.0000,1.0457,-0.3064,0.9998,17
2026-03-21T04:21:50.486471,0,0.1936,0.1936,0.0698,0.0000,0.8156,-0.3189,-0.7506,15
2026-03-21T04:21:50.486471,1,0.1075,0.1075,0.0551,0.0000,1.0052,-0.0357,-1.0046,7
2026-03-21T04:21:50.486471,2,0.2781,0.2781,0.0542,0.0245,1.3308,0.4120,-1.2655,13
2026-03-21T04:21:50.486471,3,0.0945,0.0945,0.0269,0.0000,1.3830,0.6280,-1.2322,5
2026-03-21T04:21:50.486471,4,0.2179,0.2179,0.0605,0.0000,1.1404,-0.0289,1.1401,12
2026-03-21T04:21:50.486471,5,0.2724,0.2724,0.0589,0.0000,1.0446,-0.3151,0.9959,16
2026-03-21T04:21:50.556146,0,0.1940,0.1940,0.0718,0.0000,0.8160,-0.3193,-0.7509,15
2026-03-21T04:21:50.556146,1,0.1069,0.1069,0.0501,0.0000,1.0052,-0.0357,-1.0046,7
2026-03-21T04:21:50.556146,2,0.3474,0.3474,0.0682,0.0282,1.3325,0.4240,-1.2632,16
2026-03-21T04:21:50.556146,3,0.2170,0.2170,0.0727,0.0000,1.1407,-0.0288,1.1403,12
2026-03-21T04:21:50.556146,4,0.2711,0.2711,0.0616,0.0000,1.0461,-0.3154,0.9974,16
2026-03-21T04:21:50.625527,0,0.2003,0.2003,0.0591,0.0000,0.8157,-0.3193,-0.7505,15
2026-03-21T04:21:50.625527,1,0.1073,0.1073,0.0551,0.0000,1.0055,-0.0357,-1.0049,7
2026-03-21T04:21:50.625527,2,0.3266,0.3266,0.0600,0.0236,1.3351,0.4358,-1.2619,15
2026-03-21T04:21:50.625527,3,0.2353,0.2353,0.0809,0.0000,1.1362,-0.0383,1.1355,13
2026-03-21T04:21:50.625527,4,0.2710,0.2710,0.0639,0.0000,1.0443,-0.3149,0.9957,16
2026-03-21T04:21:50.695249,0,0.1985,0.1985,0.0632,0.0000,0.8163,-0.3196,-0.7512,15
2026-03-21T04:21:50.695249,1,0.1454,0.1454,0.0752,0.0000,1.0105,-0.0363,-1.0099,9
2026-03-21T04:21:50.695249,2,0.3740,0.3740,0.0680,0.0272,1.3365,0.4366,-1.2632,17
2026-03-21T04:21:50.695249,3,0.2184,0.2184,0.0595,0.0000,1.1413,-0.0289,1.1409,12
2026-03-21T04:21:50.695249,4,0.2711,0.2711,0.0616,0.0000,1.0454,-0.3152,0.9967,16
2026-03-21T04:21:50.765316,0,0.1984,0.1984,0.0633,0.0000,0.8164,-0.3194,-0.7513,15
2026-03-21T04:21:50.765316,1,0.1452,0.1452,0.0722,0.0000,1.0111,-0.0362,-1.0104,9
2026-03-21T04:21:50.765316,2,0.3728,0.3728,0.0649,0.0294,1.3315,0.4128,-1.2659,17
2026-03-21T04:21:50.765316,3,0.2345,0.2345,0.0821,0.0000,1.1388,-0.0385,1.1381,13
2026-03-21T04:21:50.765316,4,0.2711,0.2711,0.0616,0.0000,1.0443,-0.3149,0.9958,16
2026-03-21T04:21:50.834379,0,0.2015,0.2015,0.0604,0.0000,0.8159,-0.3193,-0.7508,15
2026-03-21T04:21:50.834379,1,0.1449,0.1449,0.0702,0.0000,1.0103,-0.0362,-1.0097,9
2026-03-21T04:21:50.834379,2,0.3012,0.3012,0.0578,0.0236,1.3340,0.4242,-1.2647,14
2026-03-21T04:21:50.834379,3,0.2350,0.2350,0.0789,0.0000,1.1366,-0.0384,1.1359,13
2026-03-21T04:21:50.834379,4,0.2866,0.2866,0.0925,0.0000,1.0447,-0.3060,0.9988,17
2026-03-21T04:21:50.904512,0,0.1951,0.1951,0.0686,0.0000,0.8141,-0.3185,-0.7492,15
2026-03-21T04:21:50.904512,1,0.1074,0.1074,0.0531,0.0000,1.0055,-0.0357,-1.0049,7
2026-03-21T04:21:50.904512,2,0.3231,0.3231,0.0594,0.0304,1.3283,0.3892,-1.2700,15
2026-03-21T04:21:50.904512,3,0.2176,0.2176,0.0644,0.0000,1.1419,-0.0289,1.1416,12
2026-03-21T04:21:50.904512,4,0.2713,0.2713,0.0641,0.0000,1.0465,-0.3156,0.9977,16
2026-03-21T04:21:50.973772,0,0.2010,0.2010,0.1006,0.0000,0.8156,-0.3123,-0.7535,16
2026-03-21T04:21:50.973772,1,0.1251,0.1251,0.0541,0.0000,1.0029,-0.0269,-1.0026,8
2026-03-21T04:21:50.973772,2,0.3995,0.3995,0.0701,0.0252,1.3379,0.4484,-1.2605,18
2026-03-21T04:21:50.973772,3,0.2337,0.2337,0.0870,0.0000,1.1360,-0.0382,1.1354,13
2026-03-21T04:21:50.973772,4,0.2718,0.2718,0.0608,0.0000,1.0448,-0.3151,0.9961,16
2026-03-21T04:21:51.043634,0,0.2000,0.2000,0.0650,0.0000,0.8142,-0.3187,-0.7492,15
2026-03-21T04:21:51.043634,1,0.1449,0.1449,0.0702,0.0000,1.0081,-0.0361,-1.0074,9
2026-03-21T04:21:51.043634,2,0.3491,0.3491,0.0624,0.0242,1.3324,0.4240,-1.2631,16
2026-03-21T04:21:51.043634,3,0.2356,0.2356,0.0762,0.0000,1.1406,-0.0386,1.1400,13
2026-03-21T04:21:51.043634,4,0.2683,0.2683,0.0690,0.0000,1.0426,-0.3144,0.9941,16
2026-03-21T04:21:51.113251,0,0.1999,0.1999,0.0573,0.0000,0.8147,-0.3189,-0.7497,15
2026-03-21T04:21:51.113251,1,0.1449,0.1449,0.0702,0.0000,1.0097,-0.0362,-1.0091,9
2026-03-21T04:21:51.113251,2,0.3029,0.3029,0.0476,0.0223,1.3306,0.4010,-1.2688,14
2026-03-21T04:21:51.113251,3,0.2350,0.2350,0.0881,0.0000,1.1388,-0.0384,1.1381,13
2026-03-21T04:21:51.113251,4,0.2844,0.2844,0.0880,0.0000,1.0450,-0.3062,0.9991,17
2026-03-21T04:21:51.183302,0,0.1964,0.1964,0.0678,0.0000,0.8153,-0.3191,-0.7503,15
2026-03-21T04:21:51.183302,1,0.1265,0.1265,0.0713,0.0000,1.0099,-0.0449,-1.0089,8
2026-03-21T04:21:51.183302,2,0.3265,0.3265,0.0573,0.0284,1.3326,0.4128,-1.2670,15
2026-03-21T04:21:51.183302,3,0.2182,0.2182,0.0548,0.0000,1.1413,-0.0290,1.1409,12
2026-03-21T04:21:51.183302,4,0.2712,0.2712,0.0626,0.0000,1.0457,-0.3154,0.9970,16
2026-03-21T04:21:51.252362,0,0.1945,0.1945,0.0651,0.0000,0.8171,-0.3197,-0.7520,15
2026-03-21T04:21:51.252362,1,0.1245,0.1245,0.0461,0.0000,1.0044,-0.0269,-1.0041,8
2026-03-21T04:21:51.252362,2,0.3009,0.3009,0.0567,0.0262,1.3293,0.4005,-1.2675,14
2026-03-21T04:21:51.252362,3,0.2344,0.2344,0.0858,0.0000,1.1374,-0.0384,1.1368,13
2026-03-21T04:21:51.252362,4,0.2711,0.2711,0.0619,0.0000,1.0453,-0.3152,0.9966,16
2026-03-21T04:21:51.322282,0,0.1943,0.1943,0.0691,0.0000,0.8158,-0.3192,-0.7508,15
2026-03-21T04:21:51.322282,1,0.1071,0.1071,0.0501,0.0000,1.0048,-0.0357,-1.0042,7
2026-03-21T04:21:51.322282,2,0.3770,0.3770,0.0666,0.0226,1.3398,0.4599,-1.2584,17
2026-03-21T04:21:51.322282,3,0.2346,0.2346,0.0781,0.0000,1.1370,-0.0384,1.1363,13
2026-03-21T04:21:51.322282,4,0.2691,0.2691,0.0672,0.0000,1.0464,-0.3155,0.9977,16
2026-03-21T04:21:51.392271,0,0.1980,0.1980,0.0622,0.0000,0.8146,-0.3188,-0.7496,15
2026-03-21T04:21:51.392271,1,0.1278,0.1278,0.0772,0.0000,1.0128,-0.0451,-1.0118,8
2026-03-21T04:21:51.392271,2,0.2795,0.2795,0.0459,0.0196,1.3315,0.4122,-1.2661,13
2026-03-21T04:21:51.392271,3,0.0940,0.0940,0.0277,0.0000,1.3804,0.6268,-1.2299,5
2026-03-21T04:21:51.392271,4,0.2353,0.2353,0.0809,0.0000,1.1390,-0.0385,1.1383,13
2026-03-21T04:21:51.392271,5,0.2673,0.2673,0.0728,0.0000,1.0445,-0.3148,0.9960,16
2026-03-21T04:21:51.461467,0,0.1910,0.1910,0.0655,0.0000,0.8142,-0.3185,-0.7493,15
2026-03-21T04:21:51.461467,1,0.1074,0.1074,0.0561,0.0000,1.0048,-0.0357,-1.0042,7
2026-03-21T04:21:51.461467,2,0.3703,0.3703,0.0714,0.0314,1.3315,0.4127,-1.2659,17
2026-03-21T04:21:51.461467,3,0.2343,0.2343,0.0831,0.0000,1.1359,-0.0384,1.1352,13
2026-03-21T04:21:51.461467,4,0.2689,0.2689,0.0682,0.0000,1.0448,-0.3150,0.9962,16
2026-03-21T04:21:51.530453,0,0.1942,0.1942,0.0632,0.0000,0.8150,-0.3190,-0.7500,15
2026-03-21T04:21:51.530453,1,0.1247,0.1247,0.0511,0.0000,1.0022,-0.0269,-1.0018,8
2026-03-21T04:21:51.530453,2,0.3033,0.3033,0.0513,0.0196,1.3318,0.4237,-1.2626,14
2026-03-21T04:21:51.530453,3,0.2355,0.2355,0.0779,0.0000,1.1373,-0.0385,1.1367,13
2026-03-21T04:21:51.530453,4,0.2851,0.2851,0.0872,0.0000,1.0458,-0.3064,0.9999,17
2026-03-21T04:21:51.599799,0,0.1947,0.1947,0.0687,0.0000,0.8142,-0.3186,-0.7493,15
2026-03-21T04:21:51.599799,1,0.1073,0.1073,0.0631,0.0000,1.0025,-0.0357,-1.0019,7
2026-03-21T04:21:51.599799,2,0.4211,0.4211,0.0757,0.0282,1.3347,0.4364,-1.2613,19
2026-03-21T04:21:51.599799,3,0.2347,0.2347,0.0868,0.0000,1.1363,-0.0384,1.1357,13
2026-03-21T04:21:51.599799,4,0.2708,0.2708,0.0649,0.0000,1.0442,-0.3149,0.9955,16
2026-03-21T04:21:51.670228,0,0.1949,0.1949,0.0688,0.0000,0.8155,-0.3191,-0.7505,15
2026-03-21T04:21:51.670228,1,0.1247,0.1247,0.0511,0.0000,1.0032,-0.0268,-1.0028,8
2026-03-21T04:21:51.670228,2,0.3995,0.3995,0.0701,0.0252,1.3380,0.4484,-1.2607,18
2026-03-21T04:21:51.670228,3,0.2344,0.2344,0.0761,0.0000,1.1364,-0.0384,1.1358,13
2026-03-21T04:21:51.670228,4,0.2865,0.2865,0.0866,0.0000,1.0458,-0.3064,1.0000,17
2026-03-21T04:21:51.738876,0,0.1944,0.1944,0.0651,0.0000,0.8152,-0.3190,-0.7502,15
2026-03-21T04:21:51.738876,1,0.0631,0.0631,0.0450,0.0000,0.1528,-0.0109,-0.1524,5
2026-03-21T04:21:51.738876,2,0.1273,0.1273,0.0694,0.0000,1.0107,-0.0450,-1.0097,8
2026-03-21T04:21:51.738876,3,0.3493,0.3493,0.0625,0.0252,1.3329,0.4242,-1.2636,16
2026-03-21T04:21:51.738876,4,0.0465,0.0465,0.0157,0.0000,1.3865,0.6510,-1.2242,3
2026-03-21T04:21:51.738876,5,0.2357,0.2357,0.0769,0.0000,1.1370,-0.0385,1.1364,13
2026-03-21T04:21:51.738876,6,0.2680,0.2680,0.0720,0.0000,1.0457,-0.3152,0.9971,16
2026-03-21T04:21:51.809466,0,0.2018,0.2018,0.0610,0.0000,0.8176,-0.3201,-0.7524,15
2026-03-21T04:21:51.809466,1,0.1072,0.1072,0.0551,0.0000,1.0045,-0.0357,-1.0039,7
2026-03-21T04:21:51.809466,2,0.2997,0.2997,0.0580,0.0282,1.3286,0.4002,-1.2668,14
2026-03-21T04:21:51.809466,3,0.1963,0.1963,0.0666,0.0000,1.1374,-0.0389,1.1368,11
2026-03-21T04:21:51.809466,4,0.2701,0.2701,0.0694,0.0000,1.0430,-0.3145,0.9945,16
2026-03-21T04:21:51.878633,0,0.1977,0.1977,0.0639,0.0000,0.8150,-0.3190,-0.7500,15
2026-03-21T04:21:51.878633,1,0.1273,0.1273,0.0702,0.0000,1.0114,-0.0451,-1.0104,8
2026-03-21T04:21:51.878633,2,0.3481,0.3481,0.0717,0.0255,1.3373,0.4477,-1.2602,16
2026-03-21T04:21:51.878633,3,0.2346,0.2346,0.0798,0.0000,1.1371,-0.0384,1.1365,13
2026-03-21T04:21:51.878633,4,0.2699,0.2699,0.0654,0.0000,1.0440,-0.3148,0.9954,16
2026-03-21T04:21:51.948392,0,0.1962,0.1962,0.0640,0.0000,0.8176,-0.3200,-0.7524,15
2026-03-21T04:21:51.948392,1,0.1247,0.1247,0.0491,0.0000,1.0031,-0.0269,-1.0027,8
2026-03-21T04:21:51.948392,2,0.2528,0.2528,0.0505,0.0245,1.3292,0.4003,-1.2676,12
2026-03-21T04:21:51.948392,3,0.2346,0.2346,0.0848,0.0000,1.1367,-0.0383,1.1361,13
2026-03-21T04:21:51.948392,4,0.2866,0.2866,0.0859,0.0000,1.0472,-0.3069,1.0012,17
2026-03-21T04:21:52.018134,0,0.1959,0.1959,0.0640,0.0000,0.8166,-0.3196,-0.7514,15
2026-03-21T04:21:52.018134,1,0.1073,0.1073,0.0541,0.0000,1.0055,-0.0357,-1.0049,7
2026-03-21T04:21:52.018134,2,0.3279,0.3279,0.0557,0.0196,1.3357,0.4360,-1.2626,15
2026-03-21T04:21:52.018134,3,0.2355,0.2355,0.0829,0.0000,1.1372,-0.0384,1.1365,13
2026-03-21T04:21:52.018134,4,0.2717,0.2717,0.0586,0.0000,1.0438,-0.3147,0.9953,16
2026-03-21T04:21:52.087659,0,0.1920,0.1920,0.0687,0.0000,0.8166,-0.3194,-0.7515,15
2026-03-21T04:21:52.087659,1,0.1074,0.1074,0.0581,0.0000,1.0048,-0.0357,-1.0042,7
2026-03-21T04:21:52.087659,2,0.3742,0.3742,0.0730,0.0245,1.3384,0.4593,-1.2571,17
2026-03-21T04:21:52.087659,3,0.2350,0.2350,0.0818,0.0000,1.1373,-0.0385,1.1367,13
2026-03-21T04:21:52.087659,4,0.2864,0.2864,0.0844,0.0000,1.0470,-0.3067,1.0011,17
2026-03-21T04:21:52.157032,0,0.2009,0.2009,0.0545,0.0000,0.8162,-0.3195,-0.7510,15
2026-03-21T04:21:52.157032,1,0.1449,0.1449,0.0684,0.0000,1.0090,-0.0361,-1.0083,9
2026-03-21T04:21:52.157032,2,0.3982,0.3982,0.0738,0.0272,1.3373,0.4481,-1.2600,18
2026-03-21T04:21:52.157032,3,0.2356,0.2356,0.0702,0.0000,1.1374,-0.0386,1.1368,13
2026-03-21T04:21:52.157032,4,0.2870,0.2870,0.0837,0.0000,1.0461,-0.3065,1.0002,17
2026-03-21T04:21:52.227649,0,0.1932,0.1932,0.0652,0.0000,0.8145,-0.3186,-0.7495,15
2026-03-21T04:21:52.227649,1,0.1274,0.1274,0.0752,0.0000,1.0113,-0.0451,-1.0103,8
2026-03-21T04:21:52.227649,2,0.3987,0.3987,0.0740,0.0291,1.3376,0.4483,-1.2602,18
2026-03-21T04:21:52.227649,3,0.2351,0.2351,0.0779,0.0000,1.1380,-0.0385,1.1373,13
2026-03-21T04:21:52.227649,4,0.2704,0.2704,0.0645,0.0000,1.0458,-0.3154,0.9971,16
2026-03-21T04:21:52.297533,0,0.1972,0.1972,0.0694,0.0000,0.8146,-0.3187,-0.7497,15
2026-03-21T04:21:52.297533,1,0.1256,0.1256,0.0580,0.0000,1.0064,-0.0270,-1.0061,8
2026-03-21T04:21:52.297533,2,0.3242,0.3242,0.0626,0.0301,1.3293,0.4117,-1.2639,15
2026-03-21T04:21:52.297533,3,0.2347,0.2347,0.0800,0.0000,1.1386,-0.0384,1.1379,13
2026-03-21T04:21:52.297533,4,0.2853,0.2853,0.0886,0.0000,1.0457,-0.3063,0.9999,17
2026-03-21T04:21:52.368154,0,0.2010,0.2010,0.0640,0.0000,0.8152,-0.3190,-0.7502,15
2026-03-21T04:21:52.368154,1,0.0491,0.0491,0.0415,0.0000,0.1328,-0.0085,-0.1325,5
2026-03-21T04:21:52.368154,2,0.1244,0.1244,0.0541,0.0000,1.0008,-0.0268,-1.0005,8
2026-03-21T04:21:52.368154,3,0.3748,0.3748,0.0700,0.0216,1.3395,0.4598,-1.2581,17
2026-03-21T04:21:52.368154,4,0.2355,0.2355,0.0712,0.0000,1.1375,-0.0386,1.1368,13
2026-03-21T04:21:52.368154,5,0.2667,0.2667,0.0747,0.0000,1.0464,-0.3155,0.9977,16
2026-03-21T04:21:52.437297,0,0.1862,0.1862,0.0540,0.0000,0.8145,-0.3254,-0.7466,14
2026-03-21T04:21:52.437297,1,0.1073,0.1073,0.0551,0.0000,1.0044,-0.0357,-1.0038,7
2026-03-21T04:21:52.437297,2,0.3981,0.3981,0.0728,0.0252,1.3367,0.4479,-1.2594,18
2026-03-21T04:21:52.437297,3,0.2357,0.2357,0.0722,0.0000,1.1375,-0.0385,1.1368,13
2026-03-21T04:21:52.437297,4,0.2678,0.2678,0.0730,0.0000,1.0452,-0.3152,0.9966,16
2026-03-21T04:21:52.506585,0,0.1964,0.1964,0.0675,0.0000,0.8141,-0.3185,-0.7492,15
2026-03-21T04:21:52.506585,1,0.1069,0.1069,0.0441,0.0000,1.0062,-0.0357,-1.0056,7
2026-03-21T04:21:52.506585,2,0.3525,0.3525,0.0605,0.0205,1.3367,0.4476,-1.2595,16
2026-03-21T04:21:52.506585,3,0.2346,0.2346,0.0798,0.0000,1.1392,-0.0385,1.1385,13
2026-03-21T04:21:52.506585,4,0.2841,0.2841,0.0900,0.0000,1.0463,-0.3064,1.0004,17
2026-03-21T04:21:52.576055,0,0.2060,0.2060,0.0938,0.0000,0.8166,-0.3127,-0.7543,16
2026-03-21T04:21:52.576055,1,0.1069,0.1069,0.0541,0.0000,1.0030,-0.0356,-1.0023,7
2026-03-21T04:21:52.576055,2,0.3765,0.3765,0.0664,0.0206,1.3405,0.4601,-1.2590,17
2026-03-21T04:21:52.576055,3,0.2353,0.2353,0.0791,0.0000,1.1386,-0.0385,1.1379,13
2026-03-21T04:21:52.576055,4,0.2694,0.2694,0.0673,0.0000,1.0445,-0.3150,0.9959,16
2026-03-21T04:21:52.645764,0,0.1908,0.1908,0.0648,0.0000,0.8127,-0.3179,-0.7479,15
2026-03-21T04:21:52.645764,1,0.1074,0.1074,0.0571,0.0000,1.0051,-0.0357,-1.0045,7
2026-03-21T04:21:52.645764,2,0.3233,0.3233,0.0623,0.0262,1.3305,0.4121,-1.2651,15
2026-03-21T04:21:52.645764,3,0.2357,0.2357,0.0739,0.0000,1.1382,-0.0385,1.1375,13
2026-03-21T04:21:52.645764,4,0.2699,0.2699,0.0654,0.0000,1.0460,-0.3153,0.9973,16
2026-03-21T04:21:52.715391,0,0.1970,0.1970,0.0649,0.0000,0.8135,-0.3183,-0.7487,15
2026-03-21T04:21:52.715391,1,0.1066,0.1066,0.0471,0.0000,1.0040,-0.0356,-1.0033,7
2026-03-21T04:21:52.715391,2,0.3069,0.3069,0.0490,0.0156,1.3372,0.4475,-1.2601,14
2026-03-21T04:21:52.715391,3,0.2342,0.2342,0.0811,0.0000,1.1382,-0.0385,1.1375,13
2026-03-21T04:21:52.715391,4,0.2716,0.2716,0.0630,0.0000,1.0459,-0.3154,0.9972,16
2026-03-21T04:21:52.784986,0,0.1889,0.1889,0.0672,0.0000,0.8097,-0.3167,-0.7452,15
2026-03-21T04:21:52.784986,1,0.1240,0.1240,0.0431,0.0000,1.0016,-0.0269,-1.0012,8
2026-03-21T04:21:52.784986,2,0.3983,0.3983,0.0718,0.0242,1.3376,0.4483,-1.2603,18
2026-03-21T04:21:52.784986,3,0.2346,0.2346,0.0811,0.0000,1.1357,-0.0383,1.1351,13
2026-03-21T04:21:52.784986,4,0.2714,0.2714,0.0679,0.0000,1.0454,-0.3152,0.9968,16
2026-03-21T04:21:52.854467,0,0.1867,0.1867,0.0695,0.0000,0.8089,-0.3164,-0.7444,15
2026-03-21T04:21:52.854467,1,0.1441,0.1441,0.0633,0.0000,1.0061,-0.0360,-1.0054,9
2026-03-21T04:21:52.854467,2,0.3946,0.3946,0.0799,0.0262,1.3369,0.4480,-1.2596,18
2026-03-21T04:21:52.854467,3,0.2349,0.2349,0.0808,0.0000,1.1376,-0.0385,1.1370,13
2026-03-21T04:21:52.854467,4,0.2730,0.2730,0.0674,0.0000,1.0486,-0.3162,0.9998,16
2026-03-21T04:21:52.923946,0,0.1961,0.1961,0.0962,0.0000,0.8083,-0.3095,-0.7467,16
2026-03-21T04:21:52.923946,1,0.1444,0.1444,0.0663,0.0000,1.0076,-0.0360,-1.0070,9
2026-03-21T04:21:52.923946,2,0.3500,0.3500,0.0617,0.0262,1.3333,0.4244,-1.2639,16
2026-03-21T04:21:52.923946,3,0.2166,0.2166,0.0694,0.0000,1.1375,-0.0287,1.1372,12
2026-03-21T04:21:52.923946,4,0.2805,0.2805,0.0914,0.0000,1.0361,-0.3033,0.9907,17
2026-03-21T04:21:52.923946,5,0.0626,0.0524,0.0626,0.0000,0.3811,-0.1795,0.3361,5
2026-03-21T04:21:52.994328,0,0.1465,0.1465,0.1073,0.0000,0.7863,-0.3130,-0.7214,14
2026-03-21T04:21:52.994328,1,0.1075,0.1075,0.0651,0.0000,1.0070,-0.0359,-1.0063,7
2026-03-21T04:21:52.994328,2,0.3993,0.3993,0.0711,0.0262,1.3378,0.4484,-1.2604,18
2026-03-21T04:21:52.994328,3,0.1399,0.1399,0.0468,0.0000,1.1442,0.0107,1.1442,8
2026-03-21T04:21:52.994328,4,0.3291,0.3291,0.1504,0.0000,1.0012,-0.2588,0.9672,21
2026-03-21T04:21:53.062690,0,0.1797,0.1797,0.1044,0.0000,0.8622,-0.3440,-0.7907,14
2026-03-21T04:21:53.062690,1,0.3993,0.3993,0.0693,0.0226,1.3380,0.4486,-1.2606,18
2026-03-21T04:21:53.062690,2,0.1784,0.1784,0.0716,0.0000,1.1448,-0.0089,1.1447,10
2026-03-21T04:21:53.062690,3,0.0995,0.0995,0.0581,0.0000,1.0224,-0.1771,1.0069,7
2026-03-21T04:21:53.062690,4,0.0732,0.0160,0.0732,0.0000,0.0708,-0.0277,0.0651,13
2026-03-21T04:21:53.132813,0,0.1946,0.1946,0.0782,0.0000,0.8313,-0.3251,-0.7651,15
2026-03-21T04:21:53.132813,1,0.2727,0.2727,0.0605,0.0272,1.3261,0.3882,-1.2680,13
2026-03-21T04:21:53.132813,2,0.0951,0.0951,0.0230,0.0000,1.3706,0.6010,-1.2318,5
2026-03-21T04:21:53.132813,3,0.1413,0.1413,0.0330,0.0000,1.1534,-0.0096,1.1534,8
2026-03-21T04:21:53.132813,4,0.1175,0.0108,0.1175,0.0000,0.0728,-0.0219,0.0694,21
2026-03-21T04:21:53.202485,0,0.1695,0.1695,0.0943,0.0000,0.7898,-0.3083,-0.7272,15
2026-03-21T04:21:53.202485,1,0.1615,0.1615,0.0662,0.0000,1.0044,-0.0095,-1.0044,10
2026-03-21T04:21:53.202485,2,0.3936,0.3936,0.0749,0.0242,1.3241,0.4215,-1.2552,18
2026-03-21T04:21:53.202485,3,0.0474,0.0474,0.0145,0.0000,1.3802,0.6692,-1.2071,3
2026-03-21T04:21:53.202485,4,0.1654,0.0110,0.1654,0.0000,0.0807,-0.0192,0.0784,26
2026-03-21T04:21:53.272376,0,0.3941,0.3941,0.0931,0.0000,1.3245,0.5511,-1.2044,18
2026-03-21T04:21:53.272376,1,0.1371,0.0233,0.1371,0.0000,0.0807,-0.0153,0.0792,31
2026-03-21T04:21:53.342775,0,0.1032,0.1032,0.0236,0.0000,1.0525,-0.2994,-1.0090,6
2026-03-21T04:21:53.342775,1,0.0727,0.0727,0.0046,0.0000,1.0281,-0.1076,-1.0224,5
2026-03-21T04:21:53.342775,2,0.1412,0.1412,0.1121,0.0000,0.9359,0.1531,-0.9233,10
2026-03-21T04:21:53.342775,3,0.3885,0.3885,0.1119,0.0000,1.3312,0.5959,-1.1904,18
2026-03-21T04:21:53.342775,4,0.1152,0.0211,0.1152,0.0000,0.0734,-0.0161,0.0716,29
2026-03-21T04:21:53.413520,0,0.1312,0.1292,0.1312,0.0000,0.5939,-0.2208,-0.5513,17
2026-03-21T04:21:53.413520,1,0.3181,0.3181,0.0965,0.0000,0.6997,0.0344,-0.6989,26
2026-03-21T04:21:53.413520,2,0.3855,0.3855,0.1617,0.0000,1.3147,0.5774,-1.1812,19
2026-03-21T04:21:53.413520,3,0.0847,0.0205,0.0847,0.0000,0.0693,-0.0159,0.0675,29
2026-03-21T04:21:53.483216,0,0.0861,0.0238,0.0861,0.0000,0.8120,-0.3297,-0.7420,5
2026-03-21T04:21:53.483216,1,0.1453,0.1453,0.0193,0.0000,1.0365,-0.0542,-1.0351,9
2026-03-21T04:21:53.483216,2,0.1880,0.1880,0.0733,0.0000,0.9338,0.2255,-0.9061,13
2026-03-21T04:21:53.483216,3,0.3399,0.3399,0.1174,0.0000,1.3426,0.6830,-1.1560,16
2026-03-21T04:21:53.483216,4,0.0806,0.0215,0.0806,0.0000,0.0652,-0.0132,0.0639,31
2026-03-21T04:21:53.552535,0,0.0934,0.0934,0.0468,0.0000,1.0950,-0.0664,-1.0930,6
2026-03-21T04:21:53.552535,1,0.0633,0.0633,0.0519,0.0000,0.9847,0.1707,-0.9698,5
2026-03-21T04:21:53.552535,2,0.3197,0.3197,0.1007,0.0000,1.3549,0.5948,-1.2173,15
2026-03-21T04:21:53.552535,3,0.1194,0.0232,0.1194,0.0000,0.0714,-0.0140,0.0700,31
2026-03-21T04:21:53.621267,0,0.0940,0.0940,0.0453,0.0000,1.1033,-0.0670,-1.1013,6
2026-03-21T04:21:53.621267,1,0.0689,0.0689,0.0396,0.0000,1.0121,0.0527,-1.0107,5
2026-03-21T04:21:53.621267,2,0.1572,0.1572,0.0292,0.0000,0.9964,0.2162,-0.9727,10
2026-03-21T04:21:53.621267,3,0.2919,0.2919,0.1044,0.0000,1.3499,0.6030,-1.2078,14
2026-03-21T04:21:53.621267,4,0.0929,0.0178,0.0929,0.0000,0.0690,-0.0153,0.0673,29
2026-03-21T04:21:53.691302,0,0.1032,0.1032,0.0397,0.0000,0.9878,0.0513,-0.9865,7
2026-03-21T04:21:53.691302,1,0.0634,0.0634,0.0362,0.0000,1.0029,0.2254,-0.9772,5
2026-03-21T04:21:53.691302,2,0.4110,0.4110,0.1347,0.0087,1.3535,0.5949,-1.2157,19
2026-03-21T04:21:53.691302,3,0.1102,0.0216,0.1102,0.0000,0.0795,-0.0184,0.0773,28
2026-03-21T04:21:53.760818,0,0.1555,0.1555,0.0530,0.0000,0.9800,0.0252,-0.9796,10
2026-03-21T04:21:53.760818,1,0.4365,0.4365,0.1288,0.0423,1.3553,0.5200,-1.2516,20
2026-03-21T04:21:53.760818,2,0.1450,0.0193,0.1450,0.0000,0.0863,-0.0229,0.0832,24
2026-03-21T04:21:53.828903,0,0.1153,0.1153,0.0222,0.0000,1.1605,-0.3879,-1.0937,6
2026-03-21T04:21:53.828903,1,0.2066,0.2066,0.0609,0.0000,0.9712,0.0500,-0.9699,13
2026-03-21T04:21:53.828903,2,0.3904,0.3904,0.1111,0.0529,1.3532,0.4746,-1.2672,18
2026-03-21T04:21:53.828903,3,0.1517,0.0145,0.1517,0.0000,0.0846,-0.0252,0.0808,21
2026-03-21T04:21:53.899180,0,0.1728,0.1728,0.0687,0.0000,0.9811,-0.0011,-0.9811,11
2026-03-21T04:21:53.899180,1,0.3967,0.3967,0.1033,0.0713,1.3569,0.4312,-1.2866,18
2026-03-21T04:21:53.899180,2,0.1369,0.0231,0.1369,0.0000,0.0841,-0.0268,0.0797,19
2026-03-21T04:21:53.968600,0,0.0893,0.0893,0.0265,0.0000,1.0250,-0.0087,-1.0250,6
2026-03-21T04:21:53.968600,1,0.0922,0.0723,0.0922,0.0000,0.7565,0.2140,-0.7256,8
2026-03-21T04:21:53.968600,2,0.0913,0.0913,0.0319,0.0072,1.3802,0.5614,-1.2608,5
2026-03-21T04:21:53.968600,3,0.1091,0.0241,0.1091,0.0000,0.0753,-0.0276,0.0701,15
2026-03-21T04:21:54.038398,0,0.1566,0.1566,0.0577,0.0000,0.9862,-0.0269,-0.9858,10
2026-03-21T04:21:54.038398,1,0.0937,0.0937,0.0209,0.0855,1.3746,0.2858,-1.3446,5
2026-03-21T04:21:54.038398,2,0.1387,0.1387,0.0442,0.0362,1.3827,0.5182,-1.2820,7
2026-03-21T04:21:54.038398,3,0.0521,0.0121,0.0521,0.0000,0.0727,-0.0273,0.0673,15
2026-03-21T04:21:54.107893,0,0.0959,0.0959,0.0426,0.0000,1.1960,-0.3793,-1.1342,6
2026-03-21T04:21:54.107893,1,0.1419,0.1419,0.0544,0.0000,0.9890,-0.0526,-0.9876,9
2026-03-21T04:21:54.107893,2,0.0793,0.0483,0.0793,0.0000,0.6744,0.1683,-0.6530,6
2026-03-21T04:21:54.107893,3,0.1176,0.1176,0.0334,0.0438,1.3955,0.5116,-1.2984,6
2026-03-21T04:21:54.107893,4,0.0996,0.0061,0.0996,0.0000,1.4280,1.4277,0.0249,5
2026-03-21T04:21:54.107893,5,0.0947,0.0947,0.0135,0.0000,1.0938,-0.1994,1.0755,6
2026-03-21T04:21:54.107893,6,0.0886,0.0226,0.0886,0.0000,0.0765,-0.0287,0.0709,14
2026-03-21T04:21:54.177797,0,0.1254,0.1254,0.0377,0.0000,1.0126,-0.0624,-1.0106,8
2026-03-21T04:21:54.177797,1,0.2839,0.2839,0.0650,0.0841,1.3807,0.4041,-1.3202,13
2026-03-21T04:21:54.177797,2,0.9184,0.0705,0.9184,0.0000,1.2651,1.2644,0.0421,41
2026-03-21T04:21:54.177797,3,0.0479,0.0082,0.0479,0.0000,1.3502,1.2334,0.5492,3
2026-03-21T04:21:54.177797,4,0.1266,0.0299,0.1266,0.0000,0.0818,-0.0305,0.0759,14
2026-03-21T04:21:54.247853,0,0.1269,0.1269,0.0425,0.0000,1.0227,-0.0630,-1.0207,8
2026-03-21T04:21:54.247853,1,0.0641,0.0481,0.0641,0.0000,0.1085,0.0086,-0.1082,6
2026-03-21T04:21:54.247853,2,0.2350,0.2350,0.0572,0.0783,1.3815,0.4042,-1.3211,11
2026-03-21T04:21:54.247853,3,1.0896,0.1205,1.0896,0.0000,1.1988,1.1882,0.1586,50
2026-03-21T04:21:54.247853,4,0.1095,0.0273,0.1095,0.0000,0.0777,-0.0290,0.0721,14
2026-03-21T04:21:54.318238,0,0.1097,0.1097,0.0466,0.0000,1.0282,-0.0722,-1.0257,7
2026-03-21T04:21:54.318238,1,0.1620,0.1620,0.0500,0.0692,1.3821,0.4387,-1.3107,8
2026-03-21T04:21:54.318238,2,0.0876,0.0439,0.0876,0.0000,1.3886,1.1233,-0.8164,5
2026-03-21T04:21:54.318238,3,1.1813,0.0974,1.1813,0.0000,1.0663,1.0638,0.0733,59
2026-03-21T04:21:54.318238,4,0.0494,0.0053,0.0494,0.0000,1.2452,1.0199,0.7143,3
2026-03-21T04:21:54.318238,5,0.0906,0.0234,0.0906,0.0000,0.0691,-0.0269,0.0636,13
2026-03-21T04:21:54.388080,0,0.1069,0.1069,0.0372,0.0000,1.0098,-0.0531,-1.0084,7
2026-03-21T04:21:54.388080,1,0.0848,0.0262,0.0848,0.0000,0.5882,0.1317,-0.5733,5
2026-03-21T04:21:54.388080,2,1.3056,0.0626,1.3056,0.0000,0.9494,0.9485,0.0411,70
2026-03-21T04:21:54.388080,3,0.0779,0.0145,0.0779,0.0000,0.0713,-0.0260,0.0664,15
2026-03-21T04:21:54.458623,0,0.0900,0.0900,0.0295,0.0000,1.0077,-0.0619,-1.0058,6
2026-03-21T04:21:54.458623,1,0.0678,0.0404,0.0678,0.0000,0.4731,0.1095,-0.4603,5
2026-03-21T04:21:54.458623,2,0.1406,0.0189,0.1406,0.0000,1.1489,0.8923,-0.7237,7
2026-03-21T04:21:54.458623,3,1.2487,0.0340,1.2487,0.0000,0.9052,0.9052,-0.0061,70
2026-03-21T04:21:54.458623,4,0.0598,0.0131,0.0598,0.0000,0.0708,-0.0226,0.0671,21
2026-03-21T04:21:54.528843,0,0.0526,0.0341,0.0526,0.0000,0.3401,0.0595,-0.3349,5
2026-03-21T04:21:54.528843,1,0.0927,0.0577,0.0927,0.0000,0.5833,0.1877,-0.5522,7
2026-03-21T04:21:54.528843,2,1.3777,0.1579,1.3777,0.0000,0.9523,0.9436,-0.1289,74
2026-03-21T04:21:54.528843,3,0.0797,0.0307,0.0797,0.0000,0.0663,-0.0128,0.0650,33
2026-03-21T04:21:54.597798,0,0.0851,0.0550,0.0851,0.0000,0.4973,0.0604,-0.4936,7
2026-03-21T04:21:54.597798,1,1.5038,0.1629,1.5038,0.0000,0.8965,0.8904,-0.1046,82
2026-03-21T04:21:54.597798,2,0.0724,0.0325,0.0724,0.0000,0.0642,-0.0126,0.0629,33
2026-03-21T04:21:54.666602,0,0.0799,0.0568,0.0799,0.0000,0.5208,0.0542,-0.5180,7
2026-03-21T04:21:54.666602,1,0.0941,0.0239,0.0941,0.0000,1.1572,0.7740,-0.8603,5
2026-03-21T04:21:54.666602,2,1.3745,0.1546,1.3745,0.0000,0.8698,0.8642,-0.0992,78
2026-03-21T04:21:54.666602,3,0.0713,0.0284,0.0713,0.0000,0.0638,-0.0122,0.0627,33
2026-03-21T04:21:54.734884,0,0.0950,0.0476,0.0950,0.0000,0.4364,0.0605,-0.4322,7
2026-03-21T04:21:54.734884,1,0.0881,0.0141,0.0881,0.0000,0.5492,0.1691,-0.5226,5
2026-03-21T04:21:54.734884,2,1.4279,0.0613,1.4279,0.0000,0.7839,0.7837,-0.0183,86
2026-03-21T04:21:54.734884,3,0.0952,0.0265,0.0952,0.0000,0.0659,-0.0136,0.0644,31
2026-03-21T04:21:54.804417,0,0.0616,0.0462,0.0616,0.0000,0.4143,0.0830,-0.4059,6
2026-03-21T04:21:54.804417,1,0.1258,0.0505,0.1258,0.0000,0.4946,0.1726,-0.4635,7
2026-03-21T04:21:54.804417,2,1.5238,0.0601,1.5238,0.0000,0.7000,0.6998,0.0154,96
2026-03-21T04:21:54.804417,3,0.0912,0.0223,0.0912,0.0000,0.0644,-0.0147,0.0627,29
2026-03-21T04:21:54.875571,0,0.0807,0.0574,0.0807,0.0000,0.3734,0.0816,-0.3644,8
2026-03-21T04:21:54.875571,1,0.1018,0.0201,0.1018,0.0000,0.3943,0.1687,-0.3564,8
2026-03-21T04:21:54.875571,2,1.3881,0.0979,1.3881,0.0000,0.6411,0.6404,0.0302,95
2026-03-21T04:21:54.875571,3,0.0926,0.0134,0.0926,0.0000,0.0648,-0.0161,0.0628,27
2026-03-21T04:21:54.944387,0,0.0722,0.0722,0.0614,0.0000,1.0481,-0.0177,-1.0479,5
2026-03-21T04:21:54.944387,1,0.0845,0.0482,0.0845,0.0000,0.3221,0.0648,-0.3155,8
2026-03-21T04:21:54.944387,2,0.2349,0.0474,0.2349,0.0000,0.3809,0.1473,-0.3513,16
2026-03-21T04:21:54.944387,3,1.4683,0.1175,1.4683,0.0000,0.6018,0.6000,0.0472,102
2026-03-21T04:21:54.944387,4,0.0806,0.0179,0.0806,0.0000,0.0652,-0.0167,0.0630,27
2026-03-21T04:21:55.013861,0,0.0205,0.0123,0.0205,0.0000,0.0830,-0.0195,-0.0806,6
2026-03-21T04:21:55.013861,1,0.1222,0.1222,0.0107,0.1322,1.3965,0.0365,-1.3961,6
2026-03-21T04:21:55.013861,2,0.0614,0.0367,0.0614,0.0000,0.4096,0.0747,-0.4028,6
2026-03-21T04:21:55.013861,3,0.1431,0.0128,0.1431,0.0000,0.3423,0.1399,-0.3124,10
2026-03-21T04:21:55.013861,4,1.4342,0.1480,1.4342,0.0000,0.5685,0.5660,0.0527,104
2026-03-21T04:21:55.013861,5,0.0909,0.0187,0.0909,0.0000,0.0763,-0.0192,0.0739,27
2026-03-21T04:21:55.084879,0,0.0449,0.0281,0.0449,0.0000,0.0802,-0.0132,-0.0791,9
2026-03-21T04:21:55.084879,1,0.0958,0.0166,0.0958,0.0000,0.3643,0.1474,-0.3332,7
2026-03-21T04:21:55.084879,2,1.4594,0.1922,1.4594,0.0000,0.5461,0.5423,0.0636,107
2026-03-21T04:21:55.084879,3,0.0872,0.0134,0.0872,0.0000,0.0702,-0.0196,0.0674,24
2026-03-21T04:21:55.154292,0,0.0442,0.0125,0.0442,0.0000,0.0854,-0.0154,-0.0840,10
2026-03-21T04:21:55.154292,1,0.2177,0.2177,0.0397,0.1396,1.3919,0.0360,-1.3915,10
2026-03-21T04:21:55.154292,2,0.1105,0.0295,0.1105,0.0000,0.3906,0.1455,-0.3625,7
2026-03-21T04:21:55.154292,3,1.3261,0.1686,1.3261,0.0000,0.5310,0.5254,0.0769,103
2026-03-21T04:21:55.154292,4,0.0740,0.0132,0.0740,0.0000,0.0722,-0.0221,0.0688,22
2026-03-21T04:21:55.225075,0,0.0490,0.0417,0.0490,0.0000,0.0879,-0.0089,-0.0874,11
2026-03-21T04:21:55.225075,1,0.1943,0.1943,0.0263,0.1355,1.3911,0.0240,-1.3909,9
2026-03-21T04:21:55.225075,2,0.0950,0.0116,0.0950,0.0000,0.3382,0.1203,-0.3161,7
2026-03-21T04:21:55.225075,3,1.3749,0.1345,1.3749,0.0000,0.5184,0.5172,0.0361,106
2026-03-21T04:21:55.225075,4,0.0775,0.0139,0.0775,0.0000,0.0732,-0.0215,0.0700,23
2026-03-21T04:21:55.294924,0,0.0492,0.0367,0.0492,0.0000,0.0845,-0.0111,-0.0838,11
2026-03-21T04:21:55.294924,1,0.1211,0.1211,0.0108,0.1254,1.3889,0.0122,-1.3888,6
2026-03-21T04:21:55.294924,2,0.1404,0.0426,0.1404,0.0000,0.2568,0.0986,-0.2371,13
2026-03-21T04:21:55.294924,3,1.3680,0.0883,1.3680,0.0000,0.5028,0.5004,0.0491,107
2026-03-21T04:21:55.294924,4,0.0811,0.0098,0.0811,0.0000,0.0745,-0.0228,0.0710,22
2026-03-21T04:21:55.364359,0,0.0428,0.0125,0.0428,0.0000,0.0917,-0.0181,-0.0899,8
2026-03-21T04:21:55.364359,1,0.0975,0.0975,0.0084,0.1250,1.3912,-0.0486,-1.3903,5
2026-03-21T04:21:55.364359,2,0.0571,0.0487,0.0571,0.0000,0.6500,0.0456,-0.6484,5
2026-03-21T04:21:55.364359,3,0.3624,0.1723,0.3624,0.0000,0.1595,0.1402,-0.0761,94
2026-03-21T04:21:55.364359,4,0.5812,0.0569,0.5812,0.0000,0.6167,0.4717,0.3972,39
2026-03-21T04:21:55.364359,5,0.0863,0.0116,0.0863,0.0000,0.0711,-0.0207,0.0680,23
2026-03-21T04:21:55.433280,0,0.0420,0.0107,0.0420,0.0000,0.0885,-0.0175,-0.0868,8
2026-03-21T04:21:55.433280,1,0.0988,0.0988,0.0097,0.1297,1.4000,-0.1222,-1.3946,5
2026-03-21T04:21:55.433280,2,0.4589,0.1197,0.4589,0.0000,0.1108,0.1033,-0.0401,117
2026-03-21T04:21:55.433280,3,0.2809,0.0093,0.2809,0.0000,0.7203,0.4828,0.5345,16
2026-03-21T04:21:55.433280,4,0.0970,0.0143,0.0970,0.0000,0.0722,-0.0217,0.0689,22
2026-03-21T04:21:55.502488,0,0.0495,0.0103,0.0495,0.0000,0.0920,-0.0172,-0.0904,9
2026-03-21T04:21:55.502488,1,0.5229,0.0987,0.5229,0.0000,0.0903,0.0881,-0.0199,133
2026-03-21T04:21:55.502488,2,0.0744,0.0118,0.0744,0.0000,0.0702,-0.0218,0.0667,21
2026-03-21T04:21:55.571071,0,0.0252,0.0109,0.0252,0.0000,0.0872,-0.0157,-0.0857,8
2026-03-21T04:21:55.571071,1,0.1218,0.1218,0.0102,0.1234,1.3897,-0.0607,-1.3884,6
2026-03-21T04:21:55.571071,2,0.4741,0.0592,0.4741,0.0000,0.0754,0.0743,-0.0128,142
2026-03-21T04:21:55.571071,3,0.0733,0.0133,0.0733,0.0000,0.0672,-0.0217,0.0636,20
2026-03-21T04:21:55.642001,0,0.0249,0.0095,0.0249,0.0000,0.0868,-0.0157,-0.0854,8
2026-03-21T04:21:55.642001,1,0.2186,0.2186,0.0109,0.1221,1.3852,-0.0123,-1.3851,10
2026-03-21T04:21:55.642001,2,0.4821,0.0333,0.4821,0.0000,0.0634,0.0627,-0.0094,152
2026-03-21T04:21:55.642001,3,0.0880,0.0133,0.0880,0.0000,0.0692,-0.0223,0.0655,20
2026-03-21T04:21:55.710830,0,0.0277,0.0092,0.0277,0.0000,0.0885,-0.0166,-0.0869,9
2026-03-21T04:21:55.710830,1,0.2433,0.2433,0.0139,0.1241,1.3866,-0.0002,-1.3866,11
2026-03-21T04:21:55.710830,2,0.4199,0.0355,0.4199,0.0000,0.0558,0.0545,-0.0123,155
2026-03-21T04:21:55.710830,3,0.1259,0.0313,0.1259,0.0000,0.0677,-0.0236,0.0634,16
2026-03-21T04:21:55.780102,0,0.5130,0.0970,0.5130,0.0000,0.0497,0.0492,-0.0074,169
2026-03-21T04:21:55.780102,1,0.2425,0.2425,0.0239,0.1281,1.3878,-0.0003,-1.3878,11
2026-03-21T04:21:55.780102,2,0.0838,0.0188,0.0838,0.0000,0.0650,-0.0245,0.0602,14
2026-03-21T04:21:55.850803,0,0.4969,0.0889,0.4969,0.0000,0.0444,0.0442,-0.0049,173
2026-03-21T04:21:55.850803,1,0.1932,0.1932,0.0250,0.1282,1.3888,0.0241,-1.3886,9
2026-03-21T04:21:55.850803,2,0.0750,0.0750,0.0029,0.0000,1.0703,-0.1119,1.0644,5
2026-03-21T04:21:55.850803,3,0.1090,0.0282,0.1090,0.0000,0.0690,-0.0254,0.0641,14
2026-03-21T04:21:55.920582,0,0.4400,0.1175,0.4400,0.0000,0.0348,0.0348,0.0006,188
2026-03-21T04:21:55.920582,1,0.1950,0.1950,0.0103,0.1305,1.3946,0.0242,-1.3944,9
2026-03-21T04:21:55.920582,2,0.0945,0.0945,0.0041,0.0000,1.0684,-0.1396,1.0592,6
2026-03-21T04:21:55.990880,0,0.3903,0.1145,0.3903,0.0000,0.0312,0.0300,0.0087,185
2026-03-21T04:21:55.990880,1,0.2180,0.2180,0.0215,0.1296,1.3929,0.0606,-1.3916,10
2026-03-21T04:21:55.990880,2,0.0741,0.0741,0.0083,0.0000,1.0649,-0.1482,1.0545,5
2026-03-21T04:21:56.059973,0,0.3759,0.1073,0.3759,0.0000,0.0301,0.0296,0.0055,189
2026-03-21T04:21:56.059973,1,0.1712,0.1712,0.0190,0.1385,1.3976,0.0120,-1.3976,8
2026-03-21T04:21:56.059973,2,0.0758,0.0758,0.0111,0.0000,1.0685,-0.1488,1.0581,5
2026-03-21T04:21:56.131075,0,0.4070,0.1126,0.4070,0.0000,0.0293,0.0292,0.0025,193
2026-03-21T04:21:56.131075,1,0.1711,0.1711,0.0155,0.1375,1.3989,0.0120,-1.3988,8
2026-03-21T04:21:56.131075,2,0.0758,0.0758,0.0054,0.0000,1.0673,-0.1487,1.0569,5
2026-03-21T04:21:56.200302,0,0.4683,0.0981,0.4683,0.0000,0.0285,0.0285,0.0020,198
2026-03-21T04:21:56.200302,1,0.0970,0.0970,0.0045,0.1226,1.3912,0.0486,-1.3903,5
2026-03-21T04:21:56.200302,2,0.0748,0.0748,0.0061,0.0000,1.0705,-0.1490,1.0600,5
2026-03-21T04:21:56.270423,0,0.4159,0.0850,0.4159,0.0000,0.0279,0.0277,0.0036,196
2026-03-21T04:21:56.270423,1,0.2174,0.2174,0.0301,0.1332,1.3921,0.0606,-1.3908,10
2026-03-21T04:21:56.339779,0,0.3490,0.0836,0.3490,0.0000,0.0276,0.0276,0.0007,191
2026-03-21T04:21:56.339779,1,0.2423,0.2423,0.0291,0.1320,1.3904,0.0240,-1.3902,11
2026-03-21T04:21:56.409662,0,0.2959,0.0779,0.2959,0.0000,0.0277,0.0277,-0.0009,184
2026-03-21T04:21:56.409662,1,0.0975,0.0975,0.0059,0.1265,1.3936,-0.0487,-1.3927,5
2026-03-21T04:21:56.409662,2,0.0660,0.0660,0.0302,0.0000,0.7810,0.0570,-0.7790,5
2026-03-21T04:21:56.478416,0,0.2465,0.0753,0.2465,0.0000,0.0278,0.0277,-0.0029,188
2026-03-21T04:21:56.478416,1,0.0980,0.0980,0.0106,0.1342,1.4008,-0.0734,-1.3989,5
2026-03-21T04:21:56.548259,0,0.3009,0.0752,0.3009,0.0000,0.0278,0.0276,-0.0038,188
2026-03-21T04:21:56.548259,1,0.0873,0.0544,0.0873,0.0000,0.4848,0.0231,-0.4842,6
2026-03-21T04:21:56.616371,0,0.2882,0.0828,0.2882,0.0000,0.0286,0.0282,-0.0047,184
2026-03-21T04:21:56.616371,1,0.0984,0.0984,0.0092,0.1307,1.3994,-0.0977,-1.3960,5
2026-03-21T04:21:56.616371,2,0.0568,0.0415,0.0568,0.0000,0.5908,0.0203,-0.5905,5
2026-03-21T04:21:56.685925,0,0.1798,0.1798,0.1147,0.0000,0.1242,0.0510,-0.1132,46
2026-03-21T04:21:56.685925,1,0.1949,0.1949,0.0166,0.1301,1.3913,-0.0246,-1.3910,9
2026-03-21T04:21:56.685925,2,1.1524,0.1586,1.1524,0.0000,0.4304,0.4232,0.0786,102
2026-03-21T04:21:56.685925,3,0.0754,0.0213,0.0754,0.0000,0.0649,-0.0260,0.0594,12
2026-03-21T04:21:56.755954,0,0.0401,0.0401,0.0232,0.0000,0.0883,-0.0078,-0.0880,13
2026-03-21T04:21:56.755954,1,0.2929,0.2929,0.0222,0.1351,1.3941,-0.0004,-1.3941,13
2026-03-21T04:21:56.755954,2,0.0970,0.0970,0.0180,0.1077,1.4104,0.3413,-1.3685,5
2026-03-21T04:21:56.755954,3,1.3162,0.1218,1.3162,0.0000,0.4543,0.4527,0.0379,111
2026-03-21T04:21:56.755954,4,0.1717,0.1717,0.0227,0.0000,1.0624,-0.1577,1.0506,10
2026-03-21T04:21:56.755954,5,0.0993,0.0292,0.0993,0.0000,0.0628,-0.0252,0.0575,11
2026-03-21T04:21:56.826167,0,0.0788,0.0465,0.0788,0.0000,0.0906,-0.0050,-0.0905,14
2026-03-21T04:21:56.826167,1,0.2184,0.2184,0.0277,0.1355,1.3925,0.0362,-1.3921,10
2026-03-21T04:21:56.826167,2,0.1211,0.1211,0.0241,0.1087,1.4095,0.3530,-1.3646,6
2026-03-21T04:21:56.826167,3,1.2772,0.1393,1.2772,0.0000,0.4418,0.4394,0.0466,109
2026-03-21T04:21:56.826167,4,0.1239,0.0357,0.1239,0.0000,0.0770,-0.0291,0.0713,13
2026-03-21T04:21:56.896452,0,0.0335,0.0312,0.0335,0.0000,0.0875,-0.0141,-0.0863,10
2026-03-21T04:21:56.896452,1,0.2181,0.2181,0.0257,0.1325,1.3925,0.0363,-1.3921,10
2026-03-21T04:21:56.896452,2,0.0968,0.0968,0.0205,0.0995,1.4156,0.3903,-1.3607,5
2026-03-21T04:21:56.896452,3,1.3113,0.1391,1.3113,0.0000,0.4399,0.4385,0.0352,111
2026-03-21T04:21:56.896452,4,0.0521,0.0156,0.0521,0.0000,0.0564,-0.0237,0.0512,10
2026-03-21T04:21:56.966136,0,0.0341,0.0170,0.0341,0.0000,0.0864,-0.0175,-0.0846,8
2026-03-21T04:21:56.966136,1,0.2197,0.2197,0.0144,0.1335,1.3944,0.0364,-1.3940,10
2026-03-21T04:21:56.966136,2,0.0978,0.0978,0.0194,0.0982,1.4194,0.4151,-1.3573,5
2026-03-21T04:21:56.966136,3,1.3087,0.1294,1.3087,0.0000,0.4383,0.4369,0.0350,111
2026-03-21T04:21:56.966136,4,0.0815,0.0252,0.0815,0.0000,0.0625,-0.0255,0.0571,11
2026-03-21T04:21:57.034957,0,0.0784,0.0452,0.0784,0.0000,0.0904,-0.0049,-0.0903,12
2026-03-21T04:21:57.034957,1,0.1936,0.1936,0.0254,0.1332,1.3921,0.0484,-1.3913,9
2026-03-21T04:21:57.034957,2,0.0942,0.0942,0.0297,0.1145,1.4100,0.3411,-1.3681,5
2026-03-21T04:21:57.034957,3,1.3576,0.1274,1.3576,0.0000,0.4380,0.4374,0.0221,113
2026-03-21T04:21:57.034957,4,0.0313,0.0091,0.0313,0.0000,0.0508,-0.0215,0.0461,10
2026-03-21T04:21:57.105748,0,0.0674,0.0498,0.0674,0.0000,0.0900,-0.0087,-0.0896,13
2026-03-21T04:21:57.105748,1,0.1707,0.1707,0.0149,0.1325,1.3951,0.0120,-1.3951,8
2026-03-21T04:21:57.105748,2,1.3019,0.1255,1.3019,0.0000,0.4373,0.4360,0.0347,111
2026-03-21T04:21:57.105748,3,0.1306,0.0365,0.1306,0.0000,0.0762,-0.0278,0.0710,14
2026-03-21T04:21:57.174944,0,0.0430,0.0430,0.0328,0.0000,0.0905,-0.0092,-0.0900,12
2026-03-21T04:21:57.174944,1,0.2198,0.2198,0.0185,0.1350,1.3942,0.0120,-1.3942,10
2026-03-21T04:21:57.174944,2,1.3085,0.1279,1.3085,0.0000,0.4366,0.4360,0.0241,111
2026-03-21T04:21:57.174944,3,0.0500,0.0166,0.0500,0.0000,0.0540,-0.0221,0.0493,11
2026-03-21T04:21:57.244658,0,0.0460,0.0460,0.0449,0.0000,0.0865,-0.0065,-0.0862,14
2026-03-21T04:21:57.244658,1,0.1709,0.1709,0.0155,0.1340,1.3951,-0.0124,-1.3951,8
2026-03-21T04:21:57.244658,2,0.0941,0.0941,0.0307,0.1175,1.4150,0.3423,-1.3730,5
2026-03-21T04:21:57.244658,3,1.2871,0.1103,1.2871,0.0000,0.4355,0.4342,0.0339,110
2026-03-21T04:21:57.244658,4,0.0771,0.0148,0.0771,0.0000,0.0713,-0.0243,0.0671,18
2026-03-21T04:21:57.315130,0,0.0630,0.0443,0.0630,0.0000,0.0905,-0.0052,-0.0904,14
2026-03-21T04:21:57.315130,1,0.2189,0.2189,0.0145,0.1275,1.3903,-0.0123,-1.3903,10
2026-03-21T04:21:57.315130,2,1.2786,0.0954,1.2786,0.0000,0.4349,0.4349,0.0043,110
2026-03-21T04:21:57.315130,3,0.0789,0.0133,0.0789,0.0000,0.0721,-0.0231,0.0683,20
2026-03-21T04:21:57.384684,0,0.0617,0.0617,0.0458,0.0000,0.0926,0.0140,-0.0915,25
2026-03-21T04:21:57.384684,1,0.1455,0.1455,0.0054,0.1196,1.3866,-0.0242,-1.3864,7
2026-03-21T04:21:57.384684,2,1.3090,0.0742,1.3090,0.0000,0.4340,0.4339,0.0079,111
2026-03-21T04:21:57.384684,3,0.0655,0.0140,0.0655,0.0000,0.0626,-0.0211,0.0589,19
2026-03-21T04:21:57.453333,0,0.0790,0.0790,0.0716,0.0000,0.0829,0.0185,-0.0808,39
2026-03-21T04:21:57.453333,1,0.0584,0.0584,0.0553,0.0000,0.6535,-0.0169,-0.6533,6
2026-03-21T04:21:57.453333,2,1.1987,0.0695,1.1987,0.0000,0.4306,0.4301,0.0193,106
2026-03-21T04:21:57.453333,3,0.0717,0.0186,0.0717,0.0000,0.0617,-0.0198,0.0584,21
2026-03-21T04:21:57.522608,0,0.0756,0.0756,0.0583,0.0000,0.0938,0.0162,-0.0924,33
2026-03-21T04:21:57.522608,1,0.1944,0.1944,0.0109,0.1201,1.3885,-0.0729,-1.3866,9
2026-03-21T04:21:57.522608,2,1.2556,0.1279,1.2556,0.0000,0.4145,0.4143,-0.0107,108
2026-03-21T04:21:57.522608,3,0.0828,0.0827,0.0828,0.0000,0.1416,0.0628,0.1269,18
2026-03-21T04:21:57.522608,4,0.0702,0.0157,0.0702,0.0000,0.0717,-0.0232,0.0678,20
2026-03-21T04:21:57.592410,0,0.4093,0.1118,0.4093,0.0000,0.0348,0.0348,0.0010,193
2026-03-21T04:21:57.592410,1,0.2196,0.2196,0.0096,0.1300,1.3941,-0.0123,-1.3941,10
2026-03-21T04:21:57.592410,2,0.1377,0.1377,0.0174,0.0000,1.1318,-0.1674,1.1194,8
2026-03-21T04:21:57.663439,0,0.4263,0.1009,0.4263,0.0000,0.0302,0.0299,0.0044,193
2026-03-21T04:21:57.663439,1,0.2188,0.2188,0.0257,0.1366,1.3970,0.0363,-1.3966,10
2026-03-21T04:21:57.663439,2,0.0757,0.0757,0.0288,0.0000,1.1281,-0.1569,1.1171,5
2026-03-21T04:21:57.733533,0,0.3691,0.1098,0.3691,0.0000,0.0296,0.0292,0.0048,193
2026-03-21T04:21:57.733533,1,0.1216,0.1216,0.0133,0.1334,1.3974,0.0609,-1.3961,6
2026-03-21T04:21:57.733533,2,0.0955,0.0955,0.0325,0.0000,1.1307,-0.1670,1.1183,6
2026-03-21T04:21:57.803606,0,0.3843,0.1040,0.3843,0.0000,0.0300,0.0300,0.0003,196
2026-03-21T04:21:57.803606,1,0.2436,0.2436,0.0331,0.1420,1.3983,0.0240,-1.3981,11
2026-03-21T04:21:57.803606,2,0.1162,0.1162,0.0304,0.0000,1.1252,-0.1565,1.1142,7
2026-03-21T04:21:57.872938,0,0.4320,0.1008,0.4320,0.0000,0.0319,0.0319,0.0012,194
2026-03-21T04:21:57.872938,1,0.1710,0.1710,0.0170,0.1375,1.3984,-0.0124,-1.3983,8
2026-03-21T04:21:57.872938,2,0.0954,0.0954,0.0277,0.0000,1.1197,-0.1461,1.1101,6
2026-03-21T04:21:57.941599,0,0.3047,0.1109,0.3047,0.0000,0.0404,0.0404,0.0006,190
2026-03-21T04:21:57.941599,1,0.1953,0.1953,0.0130,0.1345,1.3972,0.0243,-1.3970,9
2026-03-21T04:21:58.011108,0,0.2919,0.1688,0.2919,0.0000,0.0724,0.0724,0.0016,183
2026-03-21T04:21:58.011108,1,0.1715,0.1715,0.0160,0.1395,1.3999,0.0121,-1.3998,8
2026-03-21T04:21:58.081555,0,0.1076,0.0839,0.1076,0.0000,0.1055,0.0121,-0.1048,17
2026-03-21T04:21:58.081555,1,0.1958,0.1958,0.0145,0.1356,1.3977,0.0488,-1.3968,9
2026-03-21T04:21:58.081555,2,1.1859,0.2484,1.1859,0.0000,0.4086,0.4086,0.0017,100
2026-03-21T04:21:58.081555,3,0.0726,0.0481,0.0726,0.0000,0.2378,0.2247,0.0776,5
2026-03-21T04:21:58.081555,4,0.1438,0.1438,0.1404,0.0000,0.1005,0.0215,0.0982,37
2026-03-21T04:21:58.150164,0,0.0911,0.0757,0.0911,0.0000,0.1027,0.0111,-0.1021,19
2026-03-21T04:21:58.150164,1,0.1465,0.1465,0.0114,0.1326,1.3953,0.0243,-1.3951,7
2026-03-21T04:21:58.150164,2,1.3087,0.1563,1.3087,0.0000,0.4237,0.4219,0.0391,111
2026-03-21T04:21:58.150164,3,0.0999,0.0121,0.0999,0.0000,0.0700,-0.0219,0.0665,20
2026-03-21T04:21:58.220784,0,0.0847,0.0727,0.0847,0.0000,0.0945,0.0119,-0.0938,22
2026-03-21T04:21:58.220784,1,0.1943,0.1943,0.0219,0.1310,1.3921,-0.0002,-1.3921,9
2026-03-21T04:21:58.220784,2,1.2537,0.1221,1.2537,0.0000,0.4227,0.4226,0.0107,109
2026-03-21T04:21:58.220784,3,0.0920,0.0145,0.0920,0.0000,0.0709,-0.0220,0.0673,21
2026-03-21T04:21:58.288983,0,0.0837,0.0623,0.0837,0.0000,0.0956,0.0103,-0.0950,25
2026-03-21T04:21:58.288983,1,0.1953,0.1953,0.0218,0.1371,1.3940,-0.0489,-1.3932,9
2026-03-21T04:21:58.288983,2,1.2282,0.0958,1.2282,0.0000,0.4232,0.4227,0.0204,108
2026-03-21T04:21:58.288983,3,0.0662,0.0121,0.0662,0.0000,0.0681,-0.0216,0.0646,21
2026-03-21T04:21:58.358049,0,0.0873,0.0873,0.0656,0.0000,0.0964,0.0069,-0.0962,21
2026-03-21T04:21:58.358049,1,0.1954,0.1954,0.0129,0.1281,1.3924,-0.0489,-1.3915,9
2026-03-21T04:21:58.358049,2,1.2788,0.1081,1.2788,0.0000,0.4227,0.4221,0.0215,110
2026-03-21T04:21:58.358049,3,0.0778,0.0217,0.0778,0.0000,0.0704,-0.0211,0.0672,22
2026-03-21T04:21:58.428717,0,0.0586,0.0586,0.0462,0.0000,0.0919,0.0108,-0.0913,24
2026-03-21T04:21:58.428717,1,0.1951,0.1951,0.0147,0.1271,1.3914,-0.0488,-1.3905,9
2026-03-21T04:21:58.428717,2,1.2865,0.1010,1.2865,0.0000,0.4254,0.4248,0.0228,110
2026-03-21T04:21:58.428717,3,0.1023,0.0162,0.1023,0.0000,0.0663,-0.0206,0.0630,21
2026-03-21T04:21:58.499205,0,0.0620,0.0620,0.0448,0.0000,0.0840,0.0082,-0.0836,27
2026-03-21T04:21:58.499205,1,0.1712,0.1712,0.0133,0.1278,1.3923,-0.0609,-1.3909,8
2026-03-21T04:21:58.499205,2,1.2768,0.0858,1.2768,0.0000,0.4251,0.4249,0.0138,110
2026-03-21T04:21:58.499205,3,0.0777,0.0162,0.0777,0.0000,0.0692,-0.0224,0.0655,20
2026-03-21T04:21:58.568999,0,0.0882,0.0594,0.0882,0.0000,0.0927,0.0080,-0.0924,23
2026-03-21T04:21:58.568999,1,0.1459,0.1459,0.0060,0.1222,1.3903,-0.0486,-1.3894,7
2026-03-21T04:21:58.568999,2,1.2798,0.0828,1.2798,0.0000,0.4248,0.4247,0.0032,110
2026-03-21T04:21:58.568999,3,0.0676,0.0122,0.0676,0.0000,0.0700,-0.0219,0.0665,21
2026-03-21T04:21:58.639099,0,0.0633,0.0633,0.0416,0.0000,0.0906,0.0086,-0.0902,22
2026-03-21T04:21:58.639099,1,0.1954,0.1954,0.0097,0.1261,1.3926,-0.0732,-1.3907,9
2026-03-21T04:21:58.639099,2,1.2985,0.0904,1.2985,0.0000,0.4245,0.4243,0.0093,111
2026-03-21T04:21:58.639099,3,0.0783,0.0112,0.0783,0.0000,0.0690,-0.0221,0.0654,20
2026-03-21T04:21:58.708252,0,0.0590,0.0590,0.0579,0.0000,0.0858,0.0086,-0.0854,26
2026-03-21T04:21:58.708252,1,0.1464,0.1464,0.0113,0.1245,1.3916,-0.0730,-1.3897,7
2026-03-21T04:21:58.708252,2,1.2831,0.0961,1.2831,0.0000,0.4251,0.4250,-0.0077,110
2026-03-21T04:21:58.708252,3,0.0719,0.0151,0.0719,0.0000,0.0659,-0.0217,0.0622,19
2026-03-21T04:21:58.778409,0,0.0993,0.0628,0.0993,0.0000,0.0933,0.0093,-0.0928,22
2026-03-21T04:21:58.778409,1,0.1705,0.1705,0.0145,0.1238,1.3909,-0.0609,-1.3896,8
2026-03-21T04:21:58.778409,2,1.2806,0.0986,1.2806,0.0000,0.4243,0.4242,-0.0075,110
2026-03-21T04:21:58.778409,3,0.0721,0.0138,0.0721,0.0000,0.0681,-0.0212,0.0647,21
2026-03-21T04:21:58.847987,0,0.0951,0.0630,0.0951,0.0000,0.0924,0.0028,-0.0923,19
2026-03-21T04:21:58.847987,1,0.1954,0.1954,0.0257,0.1270,1.3907,-0.0732,-1.3888,9
2026-03-21T04:21:58.847987,2,1.3251,0.0920,1.3251,0.0000,0.4263,0.4263,-0.0057,112
2026-03-21T04:21:58.847987,3,0.0696,0.0140,0.0696,0.0000,0.0687,-0.0228,0.0648,19
2026-03-21T04:21:58.916984,0,0.0964,0.0767,0.0964,0.0000,0.0870,0.0058,-0.0868,22
2026-03-21T04:21:58.916984,1,0.1711,0.1711,0.0137,0.1248,1.3903,-0.0851,-1.3877,8
2026-03-21T04:21:58.916984,2,1.3008,0.1002,1.3008,0.0000,0.4243,0.4243,0.0006,111
2026-03-21T04:21:58.916984,3,0.0525,0.0081,0.0525,0.0000,0.0617,-0.0208,0.0581,19
2026-03-21T04:21:58.986221,0,0.0756,0.0517,0.0756,0.0000,0.0836,0.0000,-0.0836,17
2026-03-21T04:21:58.986221,1,0.1712,0.1712,0.0115,0.1250,1.3913,-0.0852,-1.3886,8
2026-03-21T04:21:58.986221,2,1.3210,0.0966,1.3210,0.0000,0.4249,0.4249,-0.0061,112
2026-03-21T04:21:58.986221,3,0.0684,0.0117,0.0684,0.0000,0.0665,-0.0217,0.0629,20
2026-03-21T04:21:59.056567,0,0.0669,0.0604,0.0669,0.0000,0.0934,0.0028,-0.0933,18
2026-03-21T04:21:59.056567,1,0.1955,0.1955,0.0217,0.1270,1.3906,-0.0731,-1.3887,9
2026-03-21T04:21:59.056567,2,1.3025,0.0914,1.3025,0.0000,0.4244,0.4244,-0.0007,111
2026-03-21T04:21:59.056567,3,0.0729,0.0153,0.0729,0.0000,0.0626,-0.0207,0.0591,19
2026-03-21T04:21:59.125684,0,0.0524,0.0518,0.0524,0.0000,0.0851,0.0025,-0.0851,18
2026-03-21T04:21:59.125684,1,0.1709,0.1709,0.0082,0.1238,1.3919,-0.0852,-1.3893,8
2026-03-21T04:21:59.125684,2,1.3276,0.0997,1.3276,0.0000,0.4249,0.4248,-0.0066,112
2026-03-21T04:21:59.125684,3,0.0711,0.0146,0.0711,0.0000,0.0684,-0.0213,0.0650,21
2026-03-21T04:21:59.195668,0,0.0935,0.0859,0.0935,0.0000,0.0910,0.0072,-0.0907,23
2026-03-21T04:21:59.195668,1,0.1703,0.1703,0.0205,0.1228,1.3871,-0.0608,-1.3858,8
2026-03-21T04:21:59.195668,2,1.2736,0.0846,1.2736,0.0000,0.4242,0.4238,-0.0184,110
2026-03-21T04:21:59.195668,3,0.0795,0.0170,0.0795,0.0000,0.0670,-0.0216,0.0635,20
2026-03-21T04:21:59.264769,0,0.0531,0.0531,0.0391,0.0000,0.0829,0.0020,-0.0829,22
2026-03-21T04:21:59.264769,1,0.1219,0.1219,0.0101,0.1241,1.3892,-0.0607,-1.3879,6
2026-03-21T04:21:59.264769,2,1.3243,0.0938,1.3243,0.0000,0.4252,0.4251,-0.0059,112
2026-03-21T04:21:59.264769,3,0.0710,0.0110,0.0710,0.0000,0.0671,-0.0218,0.0635,20
2026-03-21T04:21:59.334396,0,0.0770,0.0508,0.0770,0.0000,0.0850,0.0056,-0.0848,24
2026-03-21T04:21:59.334396,1,0.1212,0.1212,0.0055,0.1201,1.3879,-0.0606,-1.3866,6
2026-03-21T04:21:59.334396,2,1.2535,0.0922,1.2535,0.0000,0.4249,0.4247,0.0115,109
2026-03-21T04:21:59.334396,3,0.0864,0.0123,0.0864,0.0000,0.0663,-0.0211,0.0628,20
2026-03-21T04:21:59.405356,0,0.0797,0.0584,0.0797,0.0000,0.0905,0.0074,-0.0902,22
2026-03-21T04:21:59.405356,1,0.1950,0.1950,0.0205,0.1258,1.3895,-0.0731,-1.3876,9
2026-03-21T04:21:59.405356,2,1.3041,0.1042,1.3041,0.0000,0.4253,0.4253,-0.0010,111
2026-03-21T04:21:59.405356,3,0.0634,0.0135,0.0634,0.0000,0.0639,-0.0212,0.0603,19
2026-03-21T04:21:59.474578,0,0.0565,0.0565,0.0369,0.0000,0.0841,0.0045,-0.0840,20
2026-03-21T04:21:59.474578,1,0.1212,0.1212,0.0073,0.1175,1.3862,-0.0606,-1.3849,6
2026-03-21T04:21:59.474578,2,1.3311,0.0899,1.3311,0.0000,0.4250,0.4249,0.0062,112
2026-03-21T04:21:59.474578,3,0.0934,0.0128,0.0934,0.0000,0.0708,-0.0219,0.0674,21
2026-03-21T04:21:59.545515,0,0.0730,0.0557,0.0730,0.0000,0.0858,0.0043,-0.0857,22
2026-03-21T04:21:59.545515,1,0.1464,0.1464,0.0113,0.1238,1.3902,-0.0729,-1.3882,7
2026-03-21T04:21:59.545515,2,1.3056,0.0883,1.3056,0.0000,0.4260,0.4259,-0.0106,111
2026-03-21T04:21:59.545515,3,0.0686,0.0117,0.0686,0.0000,0.0688,-0.0215,0.0653,21
2026-03-21T04:21:59.614660,0,0.0657,0.0657,0.0469,0.0000,0.0852,0.0020,-0.0852,19
2026-03-21T04:21:59.614660,1,0.1219,0.1219,0.0117,0.1241,1.3887,-0.0607,-1.3874,6
2026-03-21T04:21:59.614660,2,1.3023,0.1003,1.3023,0.0000,0.4240,0.4238,-0.0101,111
2026-03-21T04:21:59.614660,3,0.0748,0.0157,0.0748,0.0000,0.0686,-0.0214,0.0652,21
2026-03-21T04:21:59.684815,0,0.0900,0.0625,0.0900,0.0000,0.0838,0.0052,-0.0836,22
2026-03-21T04:21:59.684815,1,0.1712,0.1712,0.0165,0.1250,1.3916,-0.0852,-1.3890,8
2026-03-21T04:21:59.684815,2,1.3016,0.0873,1.3016,0.0000,0.4247,0.4247,-0.0002,111
2026-03-21T04:21:59.684815,3,0.0645,0.0130,0.0645,0.0000,0.0656,-0.0213,0.0621,20
2026-03-21T04:21:59.754513,0,0.1276,0.0528,0.1276,0.0000,0.0854,-0.0004,-0.0854,18
2026-03-21T04:21:59.754513,1,0.1708,0.1708,0.0175,0.1268,1.3901,-0.0609,-1.3888,8
2026-03-21T04:21:59.754513,2,1.3268,0.1000,1.3268,0.0000,0.4264,0.4263,-0.0067,112
2026-03-21T04:21:59.754513,3,0.0391,0.0391,0.0174,0.0000,0.1955,0.0837,0.1766,5
2026-03-21T04:21:59.754513,4,0.1010,0.0105,0.1010,0.0000,0.0707,-0.0221,0.0671,20
2026-03-21T04:21:59.823204,0,0.0981,0.0522,0.0981,0.0000,0.0902,-0.0010,-0.0902,16
2026-03-21T04:21:59.823204,1,0.1713,0.1713,0.0109,0.1260,1.3918,-0.0852,-1.3892,8
2026-03-21T04:21:59.823204,2,1.2744,0.0860,1.2744,0.0000,0.4264,0.4264,0.0071,110
2026-03-21T04:21:59.823204,3,0.0842,0.0120,0.0842,0.0000,0.0699,-0.0231,0.0660,19
2026-03-21T04:21:59.892608,0,0.0870,0.0509,0.0870,0.0000,0.0847,0.0018,-0.0847,17
2026-03-21T04:21:59.892608,1,0.1461,0.1461,0.0078,0.1212,1.3896,-0.0729,-1.3877,7
2026-03-21T04:21:59.892608,2,1.3272,0.1148,1.3272,0.0000,0.4265,0.4262,-0.0143,112
2026-03-21T04:21:59.892608,3,0.0670,0.0135,0.0670,0.0000,0.0676,-0.0222,0.0639,19
2026-03-21T04:21:59.962854,0,0.2887,0.1393,0.2887,0.0000,0.0569,0.0568,-0.0006,187
2026-03-21T04:21:59.962854,1,0.1470,0.1470,0.0094,0.1250,1.3939,-0.0974,-1.3905,7
2026-03-21T04:22:00.031555,0,0.2949,0.1172,0.2949,0.0000,0.0425,0.0424,-0.0014,190
2026-03-21T04:22:00.031555,1,0.1215,0.1215,0.0052,0.1192,1.3892,-0.0849,-1.3866,6
2026-03-21T04:22:00.101594,0,0.3313,0.0815,0.3313,0.0000,0.0256,0.0253,0.0039,197
2026-03-21T04:22:00.101594,1,0.1463,0.1463,0.0102,0.1228,1.3884,-0.0728,-1.3865,7
2026-03-21T04:22:00.171590,0,0.3775,0.0815,0.3775,0.0000,0.0263,0.0261,0.0031,197
2026-03-21T04:22:00.171590,1,0.0970,0.0970,0.0096,0.1202,1.3860,-0.0484,-1.3851,5
2026-03-21T04:22:00.241435,0,0.3269,0.0763,0.3269,0.0000,0.0262,0.0259,0.0040,196
2026-03-21T04:22:00.241435,1,0.1459,0.1459,0.0041,0.1211,1.3894,-0.0486,-1.3886,7
2026-03-21T04:22:00.310979,0,0.3424,0.0757,0.3424,0.0000,0.0266,0.0264,0.0035,193
2026-03-21T04:22:00.310979,1,0.1462,0.1462,0.0127,0.1251,1.3884,-0.0486,-1.3876,7
2026-03-21T04:22:00.380291,0,0.3686,0.0754,0.3686,0.0000,0.0261,0.0260,0.0024,196
2026-03-21T04:22:00.380291,1,0.1713,0.1713,0.0145,0.1297,1.3931,-0.0610,-1.3918,8
2026-03-21T04:22:00.450905,0,0.3315,0.0753,0.3315,0.0000,0.0263,0.0261,0.0036,197
2026-03-21T04:22:00.450905,1,0.1696,0.1696,0.0159,0.1225,1.3864,-0.0365,-1.3859,8
2026-03-21T04:22:00.520297,0,0.3322,0.0782,0.3322,0.0000,0.0268,0.0264,0.0046,196
2026-03-21T04:22:00.520297,1,0.1462,0.1462,0.0098,0.1260,1.3910,-0.0487,-1.3902,7
2026-03-21T04:22:00.591064,0,0.3364,0.0772,0.3364,0.0000,0.0268,0.0265,0.0042,197
2026-03-21T04:22:00.591064,1,0.1710,0.1710,0.0125,0.1278,1.3921,-0.0610,-1.3908,8
2026-03-21T04:22:00.660609,0,0.3186,0.0798,0.3186,0.0000,0.0260,0.0258,0.0030,196
2026-03-21T04:22:00.660609,1,0.2199,0.2199,0.0323,0.1319,1.3916,-0.0612,-1.3902,10
2026-03-21T04:22:00.730117,0,0.3459,0.0771,0.3459,0.0000,0.0267,0.0263,0.0045,195
2026-03-21T04:22:00.730117,1,0.1957,0.1957,0.0097,0.1270,1.3938,-0.0732,-1.3919,9
2026-03-21T04:22:00.799522,0,0.3530,0.0758,0.3530,0.0000,0.0266,0.0258,0.0062,197
2026-03-21T04:22:00.799522,1,0.1704,0.1704,0.0126,0.1230,1.3891,-0.0608,-1.3878,8
2026-03-21T04:22:00.868459,0,0.3478,0.0765,0.3478,0.0000,0.0261,0.0257,0.0044,197
2026-03-21T04:22:00.868459,1,0.1710,0.1710,0.0135,0.1268,1.3913,-0.0609,-1.3899,8
2026-03-21T04:22:00.937779,0,0.3538,0.0767,0.3538,0.0000,0.0276,0.0270,0.0054,194
2026-03-21T04:22:00.937779,1,0.1708,0.1708,0.0089,0.1271,1.3924,-0.0609,-1.3911,8
2026-03-21T04:22:01.007767,0,0.3577,0.0787,0.3577,0.0000,0.0265,0.0262,0.0037,197
2026-03-21T04:22:01.007767,1,0.1711,0.1711,0.0105,0.1278,1.3925,-0.0609,-1.3912,8
2026-03-21T04:22:01.078092,0,0.3369,0.0791,0.3369,0.0000,0.0259,0.0256,0.0038,199
2026-03-21T04:22:01.078092,1,0.1459,0.1459,0.0039,0.1214,1.3903,-0.0486,-1.3894,7
2026-03-21T04:22:01.146777,0,0.3918,0.0751,0.3918,0.0000,0.0270,0.0265,0.0051,196
2026-03-21T04:22:01.146777,1,0.1212,0.1212,0.0062,0.1214,1.3882,-0.0363,-1.3877,6
2026-03-21T04:22:01.216941,0,0.3077,0.0778,0.3077,0.0000,0.0254,0.0252,0.0032,198
2026-03-21T04:22:01.216941,1,0.1463,0.1463,0.0116,0.1280,1.3933,-0.0487,-1.3924,7
2026-03-21T04:22:01.286637,0,0.3347,0.0795,0.3347,0.0000,0.0266,0.0262,0.0047,196
2026-03-21T04:22:01.286637,1,0.1214,0.1214,0.0047,0.1212,1.3887,-0.0364,-1.3882,6
2026-03-21T04:22:01.356659,0,0.3735,0.0765,0.3735,0.0000,0.0262,0.0260,0.0036,198
2026-03-21T04:22:01.356659,1,0.1710,0.1710,0.0092,0.1268,1.3933,-0.0609,-1.3919,8
2026-03-21T04:22:01.425984,0,0.3326,0.0747,0.3326,0.0000,0.0261,0.0258,0.0039,196
2026-03-21T04:22:01.425984,1,0.1708,0.1708,0.0099,0.1271,1.3924,-0.0609,-1.3911,8
2026-03-21T04:22:01.496436,0,0.2643,0.0772,0.2643,0.0000,0.0258,0.0256,0.0034,193
2026-03-21T04:22:01.496436,1,0.1456,0.1456,0.0139,0.1201,1.3873,-0.0486,-1.3864,7
2026-03-21T04:22:01.565703,0,0.2528,0.0746,0.2528,0.0000,0.0257,0.0256,-0.0013,193
2026-03-21T04:22:01.565703,1,0.1952,0.1952,0.0165,0.1268,1.3914,-0.0731,-1.3894,9
2026-03-21T04:22:01.636265,0,0.2597,0.0891,0.2597,0.0000,0.0294,0.0294,-0.0015,191
2026-03-21T04:22:01.636265,1,0.1711,0.1711,0.0155,0.1287,1.3920,-0.0610,-1.3907,8
2026-03-21T04:22:01.705164,0,0.2866,0.1205,0.2866,0.0000,0.0427,0.0426,0.0027,188
2026-03-21T04:22:01.705164,1,0.1958,0.1958,0.0107,0.1280,1.3938,-0.0732,-1.3919,9
2026-03-21T04:22:01.775405,0,0.3008,0.2123,0.3008,0.0000,0.0757,0.0753,0.0082,182
2026-03-21T04:22:01.775405,1,0.1707,0.1707,0.0085,0.1248,1.3930,-0.0609,-1.3917,8
2026-03-21T04:22:01.844842,0,0.0931,0.0931,0.0626,0.0000,0.0911,0.0136,-0.0901,31
2026-03-21T04:22:01.844842,1,0.1948,0.1948,0.0175,0.1261,1.3897,-0.0488,-1.3888,9
2026-03-21T04:22:01.844842,2,1.2962,0.1189,1.2962,0.0000,0.4193,0.4190,0.0139,110
2026-03-21T04:22:01.844842,3,0.0878,0.0637,0.0878,0.0000,0.1886,0.0836,0.1690,7
2026-03-21T04:22:01.844842,4,0.0800,0.0158,0.0800,0.0000,0.0689,-0.0213,0.0655,21
2026-03-21T04:22:01.914094,0,0.0820,0.0452,0.0820,0.0000,0.0874,0.0004,-0.0874,17
2026-03-21T04:22:01.914094,1,0.1710,0.1710,0.0135,0.1278,1.3924,-0.0610,-1.3911,8
2026-03-21T04:22:01.914094,2,1.3425,0.0673,1.3425,0.0000,0.4299,0.4296,-0.0151,113
2026-03-21T04:22:01.914094,3,0.0825,0.0155,0.0825,0.0000,0.0684,-0.0215,0.0650,21
2026-03-21T04:22:01.982966,0,0.0520,0.0393,0.0520,0.0000,0.0946,-0.0072,-0.0943,12
2026-03-21T04:22:01.982966,1,0.1707,0.1707,0.0095,0.1248,1.3911,-0.0609,-1.3898,8
2026-03-21T04:22:01.982966,2,1.3112,0.0522,1.3112,0.0000,0.4350,0.4348,0.0139,112
2026-03-21T04:22:01.982966,3,0.0759,0.0150,0.0759,0.0000,0.0680,-0.0219,0.0644,20
2026-03-21T04:22:02.052902,0,0.0578,0.0523,0.0578,0.0000,0.0896,-0.0053,-0.0895,14
2026-03-21T04:22:02.052902,1,0.1952,0.1952,0.0131,0.1278,1.3910,-0.0488,-1.3902,9
2026-03-21T04:22:02.052902,2,1.2617,0.0529,1.2617,0.0000,0.4363,0.4363,0.0001,110
2026-03-21T04:22:02.052902,3,0.0868,0.0120,0.0868,0.0000,0.0698,-0.0214,0.0664,21
2026-03-21T04:22:02.122790,0,0.0633,0.0565,0.0633,0.0000,0.1007,0.0013,-0.1007,14
2026-03-21T04:22:02.122790,1,0.1952,0.1952,0.0185,0.1301,1.3938,-0.0490,-1.3929,9
2026-03-21T04:22:02.122790,2,1.3397,0.0521,1.3397,0.0000,0.4396,0.4392,0.0197,113
2026-03-21T04:22:02.122790,3,0.1134,0.0125,0.1134,0.0000,0.0677,-0.0213,0.0643,20
2026-03-21T04:22:02.192780,0,0.0507,0.0433,0.0507,0.0000,0.0832,-0.0014,-0.0832,12
2026-03-21T04:22:02.192780,1,0.1711,0.1711,0.0149,0.1291,1.3930,-0.0610,-1.3917,8
2026-03-21T04:22:02.192780,2,1.2636,0.0418,1.2636,0.0000,0.4392,0.4391,-0.0074,110
2026-03-21T04:22:02.192780,3,0.0824,0.0117,0.0824,0.0000,0.0664,-0.0213,0.0629,20
2026-03-21T04:22:02.261817,0,0.0918,0.0560,0.0918,0.0000,0.0978,-0.0003,-0.0978,17
2026-03-21T04:22:02.261817,1,0.1458,0.1458,0.0139,0.1221,1.3880,-0.0486,-1.3872,7
2026-03-21T04:22:02.261817,2,1.3095,0.0348,1.3095,0.0000,0.4385,0.4384,-0.0051,112
2026-03-21T04:22:02.261817,3,0.0828,0.0150,0.0828,0.0000,0.0688,-0.0213,0.0654,21
2026-03-21T04:22:02.331609,0,0.0956,0.0654,0.0956,0.0000,0.1037,0.0003,-0.1037,17
2026-03-21T04:22:02.331609,1,0.1467,0.1467,0.0083,0.1258,1.3919,-0.0730,-1.3899,7
2026-03-21T04:22:02.331609,2,1.3112,0.0338,1.3112,0.0000,0.4386,0.4386,-0.0054,112
2026-03-21T04:22:02.331609,3,0.0826,0.0152,0.0826,0.0000,0.0654,-0.0215,0.0617,19
2026-03-21T04:22:02.401888,0,0.0818,0.0450,0.0818,0.0000,0.0984,-0.0032,-0.0983,14
2026-03-21T04:22:02.401888,1,0.1957,0.1957,0.0195,0.1287,1.3929,-0.0733,-1.3910,9
2026-03-21T04:22:02.401888,2,1.3120,0.0358,1.3120,0.0000,0.4393,0.4393,-0.0052,112
2026-03-21T04:22:02.401888,3,0.1059,0.0124,0.1059,0.0000,0.0718,-0.0214,0.0686,22
2026-03-21T04:22:02.470714,0,0.0986,0.0648,0.0986,0.0000,0.1041,0.0009,-0.1041,17
2026-03-21T04:22:02.470714,1,0.0976,0.0976,0.0091,0.1266,1.3958,-0.0974,-1.3924,5
2026-03-21T04:22:02.470714,2,1.3880,0.0404,1.3880,0.0000,0.4390,0.4390,0.0007,115
2026-03-21T04:22:02.470714,3,0.0587,0.0124,0.0587,0.0000,0.0665,-0.0215,0.0629,20
2026-03-21T04:22:02.541245,0,0.0427,0.0427,0.0387,0.0000,0.0872,-0.0064,-0.0869,14
2026-03-21T04:22:02.541245,1,0.1703,0.1703,0.0149,0.1251,1.3899,-0.0609,-1.3886,8
2026-03-21T04:22:02.541245,2,1.2848,0.0340,1.2848,0.0000,0.4395,0.4393,0.0127,111
2026-03-21T04:22:02.541245,3,0.0657,0.0098,0.0657,0.0000,0.0642,-0.0211,0.0606,19
2026-03-21T04:22:02.611610,0,0.0845,0.0581,0.0845,0.0000,0.0948,-0.0029,-0.0947,16
2026-03-21T04:22:02.611610,1,0.1217,0.1217,0.0084,0.1264,1.3920,-0.0607,-1.3907,6
2026-03-21T04:22:02.611610,2,1.3157,0.0293,1.3157,0.0000,0.4395,0.4391,-0.0179,112
2026-03-21T04:22:02.611610,3,0.0472,0.0064,0.0472,0.0000,0.8089,0.4522,0.6707,3
2026-03-21T04:22:02.611610,4,0.0777,0.0138,0.0777,0.0000,0.0675,-0.0217,0.0639,20
2026-03-21T04:22:02.681236,0,0.1025,0.0582,0.1025,0.0000,0.0996,0.0006,-0.0996,17
2026-03-21T04:22:02.681236,1,0.1713,0.1713,0.0195,0.1307,1.3921,-0.0610,-1.3908,8
2026-03-21T04:22:02.681236,2,1.2628,0.0355,1.2628,0.0000,0.4382,0.4382,0.0059,110
2026-03-21T04:22:02.681236,3,0.0671,0.0155,0.0671,0.0000,0.0670,-0.0216,0.0634,20
2026-03-21T04:22:02.750981,0,0.1108,0.0609,0.1108,0.0000,0.1019,-0.0003,-0.1019,16
2026-03-21T04:22:02.750981,1,0.1461,0.1461,0.0149,0.1251,1.3887,-0.0486,-1.3879,7
2026-03-21T04:22:02.750981,2,1.3112,0.0313,1.3112,0.0000,0.4393,0.4392,-0.0056,112
2026-03-21T04:22:02.750981,3,0.0843,0.0125,0.0843,0.0000,0.0677,-0.0217,0.0641,20
2026-03-21T04:22:02.820800,0,0.0765,0.0453,0.0765,0.0000,0.0892,-0.0035,-0.0892,14
2026-03-21T04:22:02.820800,1,0.1716,0.1716,0.0127,0.1280,1.3939,-0.0854,-1.3913,8
2026-03-21T04:22:02.820800,2,1.2844,0.0337,1.2844,0.0000,0.4397,0.4397,0.0017,111
2026-03-21T04:22:02.820800,3,0.0794,0.0127,0.0794,0.0000,0.0696,-0.0219,0.0660,20
2026-03-21T04:22:02.889684,0,0.0778,0.0497,0.0778,0.0000,0.0963,-0.0000,-0.0963,14
2026-03-21T04:22:02.889684,1,0.1215,0.1215,0.0078,0.1212,1.3894,-0.0607,-1.3881,6
2026-03-21T04:22:02.889684,2,1.3145,0.0397,1.3145,0.0000,0.4391,0.4389,-0.0148,112
2026-03-21T04:22:02.889684,3,0.0852,0.0146,0.0852,0.0000,0.0678,-0.0215,0.0644,20
2026-03-21T04:22:02.959351,0,0.1163,0.0567,0.1163,0.0000,0.1022,0.0004,-0.1022,16
2026-03-21T04:22:02.959351,1,0.1471,0.1471,0.0150,0.1271,1.3939,-0.0974,-1.3905,7
2026-03-21T04:22:02.959351,2,1.3337,0.0447,1.3337,0.0000,0.4396,0.4395,-0.0074,113
2026-03-21T04:22:02.959351,3,0.0773,0.0155,0.0773,0.0000,0.0666,-0.0220,0.0629,19
2026-03-21T04:22:03.028955,0,0.0729,0.0425,0.0729,0.0000,0.0902,-0.0036,-0.0902,14
2026-03-21T04:22:03.028955,1,0.1713,0.1713,0.0144,0.1260,1.3919,-0.0853,-1.3893,8
2026-03-21T04:22:03.028955,2,1.3315,0.0480,1.3315,0.0000,0.4391,0.4386,-0.0203,113
2026-03-21T04:22:03.028955,3,0.0702,0.0120,0.0702,0.0000,0.0678,-0.0217,0.0642,20
2026-03-21T04:22:03.098609,0,0.0675,0.0560,0.0675,0.0000,0.1055,0.0006,-0.1055,14
2026-03-21T04:22:03.098609,1,0.1468,0.1468,0.0123,0.1268,1.3913,-0.0730,-1.3894,7
2026-03-21T04:22:03.098609,2,1.3608,0.0445,1.3608,0.0000,0.4398,0.4398,-0.0020,114
2026-03-21T04:22:03.098609,3,0.0850,0.0161,0.0850,0.0000,0.0688,-0.0220,0.0652,20
2026-03-21T04:22:03.167197,0,0.1294,0.0638,0.1294,0.0000,0.1175,0.0058,-0.1173,16
2026-03-21T04:22:03.167197,1,0.1465,0.1465,0.0052,0.1248,1.3934,-0.0730,-1.3915,7
2026-03-21T04:22:03.167197,2,1.3339,0.0446,1.3339,0.0000,0.4390,0.4390,0.0032,113
2026-03-21T04:22:03.167197,3,0.0809,0.0160,0.0809,0.0000,0.0696,-0.0209,0.0664,22
2026-03-21T04:22:03.237899,0,0.1323,0.0611,0.1323,0.0000,0.1137,0.0008,-0.1137,16
2026-03-21T04:22:03.237899,1,0.1465,0.1465,0.0073,0.1248,1.3927,-0.0731,-1.3908,7
2026-03-21T04:22:03.237899,2,1.2399,0.0376,1.2399,0.0000,0.4392,0.4390,0.0136,109
2026-03-21T04:22:03.237899,3,0.0925,0.0091,0.0925,0.0000,0.0666,-0.0204,0.0634,21
2026-03-21T04:22:03.307704,0,0.1221,0.0622,0.1221,0.0000,0.1069,0.0003,-0.1069,17
2026-03-21T04:22:03.307704,1,0.1716,0.1716,0.0115,0.1280,1.3951,-0.0854,-1.3925,8
2026-03-21T04:22:03.307704,2,1.3048,0.0391,1.3048,0.0000,0.4392,0.4391,0.0083,112
2026-03-21T04:22:03.307704,3,0.0774,0.0114,0.0774,0.0000,0.0651,-0.0200,0.0619,21
2026-03-21T04:22:03.376160,0,0.1223,0.0574,0.1223,0.0000,0.1162,0.0024,-0.1162,16
2026-03-21T04:22:03.376160,1,0.1461,0.1461,0.0129,0.1261,1.3927,-0.0730,-1.3908,7
2026-03-21T04:22:03.376160,2,1.2869,0.0396,1.2869,0.0000,0.4401,0.4399,-0.0102,111
2026-03-21T04:22:03.376160,3,0.0692,0.0138,0.0692,0.0000,0.0603,-0.0198,0.0569,19
2026-03-21T04:22:03.447043,0,0.0802,0.0560,0.0802,0.0000,0.0985,-0.0010,-0.0985,16
2026-03-21T04:22:03.447043,1,0.1465,0.1465,0.0059,0.1260,1.3943,-0.0731,-1.3924,7
2026-03-21T04:22:03.447043,2,1.3381,0.0402,1.3381,0.0000,0.4393,0.4391,-0.0108,113
2026-03-21T04:22:03.447043,3,0.0909,0.0143,0.0909,0.0000,0.0652,-0.0206,0.0618,20
2026-03-21T04:22:03.516742,0,0.0889,0.0543,0.0889,0.0000,0.1015,0.0017,-0.1015,14
2026-03-21T04:22:03.516742,1,0.1717,0.1717,0.0143,0.1297,1.3956,-0.0855,-1.3930,8
2026-03-21T04:22:03.516742,2,1.3306,0.0413,1.3306,0.0000,0.4392,0.4392,0.0015,113
2026-03-21T04:22:03.516742,3,0.0778,0.0130,0.0778,0.0000,0.0695,-0.0215,0.0661,21
2026-03-21T04:22:03.586925,0,0.0567,0.0483,0.0567,0.0000,0.0969,-0.0026,-0.0968,14
2026-03-21T04:22:03.586925,1,0.1469,0.1469,0.0099,0.1281,1.3944,-0.0732,-1.3925,7
2026-03-21T04:22:03.586925,2,1.3087,0.0370,1.3087,0.0000,0.4393,0.4392,-0.0043,112
2026-03-21T04:22:03.586925,3,0.0770,0.0107,0.0770,0.0000,0.0670,-0.0216,0.0634,20
2026-03-21T04:22:03.656635,0,0.1144,0.0600,0.1144,0.0000,0.1032,-0.0005,-0.1032,17
2026-03-21T04:22:03.656635,1,0.0973,0.0973,0.0124,0.1306,1.3936,-0.0730,-1.3917,5
2026-03-21T04:22:03.656635,2,1.3364,0.0350,1.3364,0.0000,0.4394,0.4393,-0.0101,113
2026-03-21T04:22:03.656635,3,0.0742,0.0153,0.0742,0.0000,0.0680,-0.0211,0.0647,21
2026-03-21T04:22:03.727055,0,0.1099,0.0659,0.1099,0.0000,0.1139,0.0008,-0.1139,15
2026-03-21T04:22:03.727055,1,0.1213,0.1213,0.0162,0.1234,1.3866,-0.0364,-1.3861,6
2026-03-21T04:22:03.727055,2,1.2700,0.0348,1.2700,0.0000,0.4388,0.4388,-0.0043,110
2026-03-21T04:22:03.727055,3,0.0661,0.0132,0.0661,0.0000,0.0684,-0.0221,0.0647,20
2026-03-21T04:22:03.796552,0,0.1147,0.0688,0.1147,0.0000,0.1057,-0.0005,-0.1057,16
2026-03-21T04:22:03.796552,1,0.1216,0.1216,0.0026,0.1211,1.3904,-0.0607,-1.3891,6
2026-03-21T04:22:03.796552,2,1.3390,0.0374,1.3390,0.0000,0.4399,0.4397,-0.0105,113
2026-03-21T04:22:03.796552,3,0.0781,0.0167,0.0781,0.0000,0.0692,-0.0216,0.0657,21
2026-03-21T04:22:03.866151,0,0.0935,0.0561,0.0935,0.0000,0.1017,0.0005,-0.1017,15
2026-03-21T04:22:03.866151,1,0.1219,0.1219,0.0107,0.1241,1.3905,-0.0608,-1.3892,6
2026-03-21T04:22:03.866151,2,1.2836,0.0355,1.2836,0.0000,0.4390,0.4389,-0.0102,111
2026-03-21T04:22:03.866151,3,0.0932,0.0147,0.0932,0.0000,0.0701,-0.0197,0.0673,24
2026-03-21T04:22:03.935778,0,0.0759,0.0513,0.0759,0.0000,0.1073,-0.0006,-0.1073,14
2026-03-21T04:22:03.935778,1,0.1707,0.1707,0.0205,0.1258,1.3895,-0.0609,-1.3882,8
2026-03-21T04:22:03.935778,2,1.2811,0.0382,1.2811,0.0000,0.4393,0.4392,-0.0100,111
2026-03-21T04:22:04.004950,0,0.1154,0.0592,0.1154,0.0000,0.1017,-0.0015,-0.1017,14
2026-03-21T04:22:04.004950,1,0.1713,0.1713,0.0105,0.1287,1.3959,-0.0855,-1.3933,8
2026-03-21T04:22:04.004950,2,1.3610,0.0350,1.3610,0.0000,0.4394,0.4391,-0.0169,114
2026-03-21T04:22:04.073792,0,0.0844,0.0485,0.0844,0.0000,0.1029,-0.0044,-0.1028,13
2026-03-21T04:22:04.073792,1,0.1705,0.1705,0.0159,0.1261,1.3906,-0.0609,-1.3893,8
2026-03-21T04:22:04.073792,2,1.3112,0.0318,1.3112,0.0000,0.4395,0.4394,-0.0055,112
2026-03-21T04:22:04.142951,0,0.1429,0.0490,0.1429,0.0000,0.1162,-0.0032,-0.1162,14
2026-03-21T04:22:04.142951,1,0.1461,0.1461,0.0159,0.1251,1.3890,-0.0487,-1.3882,7
2026-03-21T04:22:04.142951,2,1.2902,0.0336,1.2902,0.0000,0.4397,0.4397,0.0007,111
2026-03-21T04:22:04.212947,0,0.0554,0.0361,0.0554,0.0000,0.0831,-0.0092,-0.0826,13
2026-03-21T04:22:04.212947,1,0.1469,0.1469,0.0092,0.1278,1.3946,-0.0731,-1.3927,7
2026-03-21T04:22:04.212947,2,0.0775,0.0293,0.0775,0.0000,0.4295,0.0372,-0.4279,5
2026-03-21T04:22:04.212947,3,1.3381,0.0350,1.3381,0.0000,0.4406,0.4405,0.0022,113
2026-03-21T04:22:04.283386,0,0.0390,0.0390,0.0315,0.0000,0.0833,-0.0071,-0.0830,13
2026-03-21T04:22:04.283386,1,0.1467,0.1467,0.0076,0.1271,1.3943,-0.0731,-1.3924,7
2026-03-21T04:22:04.283386,2,1.2665,0.0408,1.2665,0.0000,0.4404,0.4396,-0.0265,110
2026-03-21T04:22:04.351792,0,0.0404,0.0404,0.0374,0.0000,0.0880,-0.0075,-0.0877,13
2026-03-21T04:22:04.351792,1,0.0976,0.0976,0.0125,0.1285,1.3950,-0.0973,-1.3916,5
2026-03-21T04:22:04.351792,2,1.3445,0.0482,1.3445,0.0000,0.4407,0.4403,-0.0191,113
2026-03-21T04:22:04.421532,0,0.0460,0.0414,0.0460,0.0000,0.0900,-0.0069,-0.0897,13
2026-03-21T04:22:04.421532,1,0.0972,0.0972,0.0067,0.1212,1.3890,-0.0727,-1.3871,5
2026-03-21T04:22:04.421532,2,1.3670,0.0521,1.3670,0.0000,0.4403,0.4402,-0.0114,114
2026-03-21T04:22:04.491547,0,0.0404,0.0404,0.0247,0.0000,0.0878,-0.0113,-0.0871,11
2026-03-21T04:22:04.491547,1,0.1222,0.1222,0.0052,0.1238,1.3927,-0.0851,-1.3901,6
2026-03-21T04:22:04.491547,2,1.3592,0.0527,1.3592,0.0000,0.4413,0.4412,-0.0100,114
2026-03-21T04:22:04.561722,0,0.0481,0.0481,0.0430,0.0000,0.0864,-0.0086,-0.0860,13
2026-03-21T04:22:04.561722,1,0.1212,0.1212,0.0149,0.1231,1.3886,-0.0849,-1.3860,6
2026-03-21T04:22:04.561722,2,1.3160,0.0581,1.3160,0.0000,0.4412,0.4411,-0.0086,112
2026-03-21T04:22:04.632399,0,0.0571,0.0444,0.0571,0.0000,0.0896,-0.0068,-0.0893,12
2026-03-21T04:22:04.632399,1,0.0976,0.0976,0.0062,0.1178,1.3884,-0.0970,-1.3850,5
2026-03-21T04:22:04.632399,2,0.0425,0.0218,0.0425,0.0000,0.3339,0.0231,-0.3331,5
2026-03-21T04:22:04.632399,3,1.3652,0.0675,1.3652,0.0000,0.4409,0.4398,-0.0313,114
2026-03-21T04:22:04.701974,0,0.0389,0.0378,0.0389,0.0000,0.0841,-0.0069,-0.0838,13
2026-03-21T04:22:04.701974,1,0.0978,0.0978,0.0072,0.1228,1.3924,-0.0972,-1.3890,5
2026-03-21T04:22:04.701974,2,0.0399,0.0226,0.0399,0.0000,0.3649,0.0253,-0.3640,5
2026-03-21T04:22:04.701974,3,1.3375,0.0621,1.3375,0.0000,0.4402,0.4395,-0.0248,113
2026-03-21T04:22:04.771743,0,0.0442,0.0420,0.0442,0.0000,0.0912,-0.0120,-0.0905,10
2026-03-21T04:22:04.771743,1,0.1223,0.1223,0.0085,0.1215,1.3909,-0.1092,-1.3866,6
2026-03-21T04:22:04.771743,2,0.0426,0.0265,0.0426,0.0000,0.3807,0.0265,-0.3798,5
2026-03-21T04:22:04.771743,3,1.3151,0.0604,1.3151,0.0000,0.4411,0.4400,-0.0316,112
2026-03-21T04:22:04.841616,0,0.0422,0.0396,0.0422,0.0000,0.0886,-0.0075,-0.0882,12
2026-03-21T04:22:04.841616,1,0.1223,0.1223,0.0125,0.1228,1.3897,-0.0850,-1.3871,6
2026-03-21T04:22:04.841616,2,1.3178,0.0605,1.3178,0.0000,0.4414,0.4402,-0.0330,112
2026-03-21T04:22:04.911534,0,0.0345,0.0345,0.0272,0.0000,0.0904,-0.0079,-0.0901,11
2026-03-21T04:22:04.911534,1,0.0981,0.0981,0.0066,0.1258,1.3946,-0.0974,-1.3912,5
2026-03-21T04:22:04.911534,2,1.3201,0.0630,1.3201,0.0000,0.4417,0.4405,-0.0321,112
2026-03-21T04:22:04.980113,0,0.0358,0.0358,0.0310,0.0000,0.0882,-0.0098,-0.0877,12
2026-03-21T04:22:04.980113,1,0.0531,0.0249,0.0531,0.0000,0.3649,0.0252,-0.3640,5
2026-03-21T04:22:04.980113,2,1.2681,0.0630,1.2681,0.0000,0.4411,0.4410,-0.0074,110
2026-03-21T04:22:05.050772,0,0.0565,0.0491,0.0565,0.0000,0.0949,-0.0096,-0.0944,12
2026-03-21T04:22:05.050772,1,0.0422,0.0221,0.0422,0.0000,0.3377,0.0234,-0.3369,5
2026-03-21T04:22:05.050772,2,1.2652,0.0645,1.2652,0.0000,0.4409,0.4405,-0.0190,110
2026-03-21T04:22:05.119263,0,0.0698,0.0384,0.0698,0.0000,0.0893,-0.0058,-0.0891,12
2026-03-21T04:22:05.119263,1,0.0977,0.0977,0.0059,0.1225,1.3926,-0.0972,-1.3892,5
2026-03-21T04:22:05.119263,2,0.0623,0.0164,0.0623,0.0000,0.3027,0.0207,-0.3020,5
2026-03-21T04:22:05.119263,3,1.2878,0.0659,1.2878,0.0000,0.4406,0.4399,-0.0236,111
2026-03-21T04:22:05.188950,0,0.0439,0.0439,0.0323,0.0000,0.0859,-0.0064,-0.0857,12
2026-03-21T04:22:05.188950,1,0.0980,0.0980,0.0112,0.1208,1.3882,-0.0970,-1.3848,5
2026-03-21T04:22:05.188950,2,1.2887,0.0687,1.2887,0.0000,0.4407,0.4393,-0.0352,111
2026-03-21T04:22:05.188950,3,0.0392,0.0149,0.0392,0.0000,0.1094,-0.0511,0.0967,5
2026-03-21T04:22:05.258775,0,0.0559,0.0375,0.0559,0.0000,0.0902,-0.0106,-0.0895,12
2026-03-21T04:22:05.258775,1,1.2646,0.0739,1.2646,0.0000,0.4406,0.4396,-0.0287,110
2026-03-21T04:22:05.258775,2,0.0274,0.0079,0.0274,0.0000,0.1088,-0.0509,0.0961,5
2026-03-21T04:22:05.327835,0,0.0363,0.0363,0.0314,0.0000,0.0891,-0.0105,-0.0885,9
2026-03-21T04:22:05.327835,1,0.0980,0.0980,0.0057,0.1235,1.3960,-0.1217,-1.3907,5
2026-03-21T04:22:05.327835,2,0.0850,0.0124,0.0850,0.0000,0.2707,0.0182,-0.2701,5
2026-03-21T04:22:05.327835,3,1.3109,0.0719,1.3109,0.0000,0.4410,0.4400,-0.0292,112
2026-03-21T04:22:05.327835,4,0.0307,0.0082,0.0307,0.0000,0.1026,-0.0479,0.0907,5
2026-03-21T04:22:05.398275,0,0.0396,0.0392,0.0396,0.0000,0.0894,-0.0113,-0.0887,11
2026-03-21T04:22:05.398275,1,0.0978,0.0978,0.0061,0.1221,1.3918,-0.0972,-1.3884,5
2026-03-21T04:22:05.398275,2,0.0483,0.0175,0.0483,0.0000,0.2987,0.0204,-0.2980,5
2026-03-21T04:22:05.398275,3,1.2404,0.0625,1.2404,0.0000,0.4402,0.4395,-0.0241,109
2026-03-21T04:22:05.398275,4,0.0339,0.0138,0.0339,0.0000,0.1052,-0.0492,0.0929,5
2026-03-21T04:22:05.467466,0,0.0631,0.0405,0.0631,0.0000,0.0922,-0.0053,-0.0921,11
2026-03-21T04:22:05.467466,1,0.1218,0.1218,0.0159,0.1181,1.3859,-0.0848,-1.3833,6
2026-03-21T04:22:05.467466,2,1.3138,0.0696,1.3138,0.0000,0.4408,0.4405,-0.0180,112
2026-03-21T04:22:05.467466,3,0.0273,0.0125,0.0273,0.0000,0.1030,-0.0482,0.0910,5
2026-03-21T04:22:05.536572,0,0.0748,0.0466,0.0748,0.0000,0.0984,-0.0073,-0.0981,12
2026-03-21T04:22:05.536572,1,0.0975,0.0975,0.0057,0.1198,1.3904,-0.0970,-1.3870,5
2026-03-21T04:22:05.536572,2,0.0828,0.0157,0.0828,0.0000,0.2925,0.0197,-0.2918,5
2026-03-21T04:22:05.536572,3,1.3088,0.0669,1.3088,0.0000,0.4411,0.4407,-0.0186,112
2026-03-21T04:22:05.536572,4,0.0202,0.0071,0.0202,0.0000,0.1044,-0.0489,0.0922,5
2026-03-21T04:22:05.606640,0,0.0426,0.0426,0.0350,0.0000,0.0905,-0.0111,-0.0898,11
2026-03-21T04:22:05.606640,1,0.0722,0.0158,0.0722,0.0000,0.2945,0.0199,-0.2938,5
2026-03-21T04:22:05.606640,2,1.3138,0.0665,1.3138,0.0000,0.4410,0.4406,-0.0186,112
2026-03-21T04:22:05.606640,3,0.0175,0.0097,0.0175,0.0000,0.0963,-0.0444,0.0854,6
2026-03-21T04:22:05.677401,0,0.0368,0.0368,0.0333,0.0000,0.0886,-0.0104,-0.0880,10
2026-03-21T04:22:05.677401,1,0.0978,0.0978,0.0067,0.1218,1.3908,-0.0971,-1.3874,5
2026-03-21T04:22:05.677401,2,1.3342,0.0628,1.3342,0.0000,0.4413,0.4411,-0.0130,113
2026-03-21T04:22:05.677401,3,0.0362,0.0106,0.0362,0.0000,0.1068,-0.0499,0.0944,5
2026-03-21T04:22:05.747090,0,0.0578,0.0407,0.0578,0.0000,0.0897,-0.0083,-0.0893,12
2026-03-21T04:22:05.747090,1,0.0977,0.0977,0.0052,0.1198,1.3896,-0.0970,-1.3862,5
2026-03-21T04:22:05.747090,2,0.0754,0.0101,0.0754,0.0000,0.2477,0.0210,-0.2468,5
2026-03-21T04:22:05.747090,3,1.3098,0.0663,1.3098,0.0000,0.4404,0.4400,-0.0192,112
2026-03-21T04:22:05.747090,4,0.0559,0.0249,0.0559,0.0000,0.0970,-0.0452,0.0858,5
2026-03-21T04:22:05.817475,0,0.0363,0.0363,0.0283,0.0000,0.0808,-0.0096,-0.0802,10
2026-03-21T04:22:05.817475,1,0.0975,0.0975,0.0074,0.1206,1.3910,-0.0971,-1.3876,5
2026-03-21T04:22:05.817475,2,1.2879,0.0617,1.2879,0.0000,0.4407,0.4400,-0.0246,111
2026-03-21T04:22:05.817475,3,0.0203,0.0066,0.0203,0.0000,0.1056,-0.0494,0.0933,5
2026-03-21T04:22:05.886828,0,0.0453,0.0382,0.0453,0.0000,0.0854,-0.0098,-0.0849,11
2026-03-21T04:22:05.886828,1,0.0979,0.0979,0.0045,0.1241,1.3948,-0.0974,-1.3914,5
2026-03-21T04:22:05.886828,2,0.0821,0.0133,0.0821,0.0000,0.2631,0.0177,-0.2625,5
2026-03-21T04:22:05.886828,3,1.3161,0.0700,1.3161,0.0000,0.4408,0.4404,-0.0180,112
2026-03-21T04:22:05.886828,4,0.0488,0.0234,0.0488,0.0000,0.1008,-0.0470,0.0891,5
2026-03-21T04:22:05.956821,0,0.0567,0.0406,0.0567,0.0000,0.0940,-0.0071,-0.0937,13
2026-03-21T04:22:05.956821,1,1.2622,0.0667,1.2622,0.0000,0.4402,0.4401,-0.0064,110
2026-03-21T04:22:05.956821,2,0.0374,0.0127,0.0374,0.0000,0.0938,-0.0430,0.0833,6
2026-03-21T04:22:06.025997,0,0.0731,0.0470,0.0731,0.0000,0.0907,-0.0069,-0.0905,11
2026-03-21T04:22:06.025997,1,0.1222,0.1222,0.0089,0.1195,1.3902,-0.1092,-1.3859,6
2026-03-21T04:22:06.025997,2,1.3633,0.0719,1.3633,0.0000,0.4407,0.4404,-0.0173,114
2026-03-21T04:22:06.025997,3,0.0199,0.0079,0.0199,0.0000,0.0980,-0.0459,0.0866,5
2026-03-21T04:22:06.094264,0,0.0477,0.0420,0.0477,0.0000,0.0915,-0.0113,-0.0908,10
2026-03-21T04:22:06.094264,1,0.1225,0.1225,0.0084,0.1210,1.3904,-0.1092,-1.3861,6
2026-03-21T04:22:06.094264,2,0.0840,0.0125,0.0840,0.0000,0.2585,0.0174,-0.2579,5
2026-03-21T04:22:06.094264,3,1.3126,0.0706,1.3126,0.0000,0.4400,0.4390,-0.0292,112
2026-03-21T04:22:06.094264,4,0.0343,0.0121,0.0343,0.0000,0.0978,-0.0457,0.0864,5
2026-03-21T04:22:06.165116,0,0.0705,0.0435,0.0705,0.0000,0.0920,-0.0063,-0.0918,12
2026-03-21T04:22:06.165116,1,0.1229,0.1229,0.0164,0.1230,1.3914,-0.1094,-1.3871,6
2026-03-21T04:22:06.165116,2,0.0711,0.0135,0.0711,0.0000,0.2639,0.0178,-0.2633,5
2026-03-21T04:22:06.165116,3,1.3133,0.0742,1.3133,0.0000,0.4404,0.4395,-0.0289,112
2026-03-21T04:22:06.165116,4,0.0326,0.0133,0.0326,0.0000,0.1030,-0.0482,0.0910,5
2026-03-21T04:22:06.233984,0,0.0879,0.0430,0.0879,0.0000,0.0871,-0.0072,-0.0868,13
2026-03-21T04:22:06.233984,1,0.0787,0.0153,0.0787,0.0000,0.2699,0.0182,-0.2693,5
2026-03-21T04:22:06.233984,2,1.2889,0.0743,1.2889,0.0000,0.4398,0.4392,-0.0224,111
2026-03-21T04:22:06.233984,3,0.0301,0.0126,0.0301,0.0000,0.1058,-0.0495,0.0935,5
2026-03-21T04:22:06.304227,0,0.0432,0.0432,0.0334,0.0000,0.0873,-0.0094,-0.0867,12
2026-03-21T04:22:06.304227,1,1.3352,0.0878,1.3352,0.0000,0.4406,0.4393,-0.0332,113
2026-03-21T04:22:06.304227,2,0.0543,0.0214,0.0543,0.0000,0.0981,-0.0449,0.0873,6
2026-03-21T04:22:06.373558,0,0.0406,0.0406,0.0403,0.0000,0.0943,-0.0089,-0.0939,12
2026-03-21T04:22:06.373558,1,0.0711,0.0134,0.0711,0.0000,0.2687,0.0182,-0.2681,5
2026-03-21T04:22:06.373558,2,1.3068,0.0865,1.3068,0.0000,0.4396,0.4388,-0.0263,112
2026-03-21T04:22:06.373558,3,0.0345,0.0138,0.0345,0.0000,0.0960,-0.0442,0.0852,6
2026-03-21T04:22:06.443188,0,0.0490,0.0376,0.0490,0.0000,0.0899,-0.0068,-0.0897,13
2026-03-21T04:22:06.443188,1,1.2548,0.0792,1.2548,0.0000,0.4394,0.4391,-0.0157,110
2026-03-21T04:22:06.443188,2,0.0492,0.0202,0.0492,0.0000,0.0968,-0.0443,0.0861,6
2026-03-21T04:22:06.512949,0,0.0592,0.0402,0.0592,0.0000,0.0966,-0.0077,-0.0963,13
2026-03-21T04:22:06.512949,1,1.3140,0.0774,1.3140,0.0000,0.4399,0.4396,-0.0159,112
2026-03-21T04:22:06.512949,2,0.0341,0.0130,0.0341,0.0000,0.0981,-0.0451,0.0871,6
2026-03-21T04:22:06.582961,0,0.0437,0.0437,0.0333,0.0000,0.0853,-0.0089,-0.0848,11
2026-03-21T04:22:06.582961,1,0.0978,0.0978,0.0077,0.1198,1.3920,-0.1214,-1.3867,5
2026-03-21T04:22:06.582961,2,1.3563,0.0789,1.3563,0.0000,0.4398,0.4389,-0.0286,114
2026-03-21T04:22:06.582961,3,0.0603,0.0227,0.0603,0.0000,0.0948,-0.0433,0.0843,6
2026-03-21T04:22:06.653428,0,0.0479,0.0436,0.0479,0.0000,0.0898,-0.0101,-0.0892,11
2026-03-21T04:22:06.653428,1,0.0801,0.0101,0.0801,0.0000,0.2315,0.0195,-0.2307,5
2026-03-21T04:22:06.653428,2,1.3591,0.0717,1.3591,0.0000,0.4401,0.4398,-0.0175,114
2026-03-21T04:22:06.653428,3,0.0421,0.0121,0.0421,0.0000,0.0991,-0.0455,0.0881,6
2026-03-21T04:22:06.722765,0,0.0793,0.0413,0.0793,0.0000,0.1001,-0.0038,-0.1000,14
2026-03-21T04:22:06.722765,1,0.0979,0.0979,0.0072,0.1218,1.3918,-0.0972,-1.3884,5
2026-03-21T04:22:06.722765,2,1.3081,0.0635,1.3081,0.0000,0.4398,0.4387,-0.0307,112
2026-03-21T04:22:06.722765,3,0.0329,0.0170,0.0329,0.0000,0.0838,-0.0392,0.0741,5
2026-03-21T04:22:06.792876,0,0.1279,0.0476,0.1279,0.0000,0.1136,-0.0022,-0.1135,15
2026-03-21T04:22:06.792876,1,0.0882,0.0074,0.0882,0.0000,0.7772,0.4227,-0.6521,5
2026-03-21T04:22:06.792876,2,1.2230,0.0678,1.2230,0.0000,0.4394,0.4394,0.0037,108
2026-03-21T04:22:06.792876,3,0.0331,0.0125,0.0331,0.0000,0.1063,-0.0490,0.0943,6
2026-03-21T04:22:06.862784,0,0.0438,0.0438,0.0367,0.0000,0.0939,-0.0052,-0.0937,12
2026-03-21T04:22:06.862784,1,0.0870,0.0079,0.0870,0.0000,0.2073,0.0173,-0.2066,5
2026-03-21T04:22:06.862784,2,1.3394,0.0583,1.3394,0.0000,0.4399,0.4396,-0.0143,113
2026-03-21T04:22:06.862784,3,0.0487,0.0211,0.0487,0.0000,0.0975,-0.0447,0.0866,6
2026-03-21T04:22:06.932577,0,0.1293,0.0489,0.1293,0.0000,0.1201,0.0000,-0.1201,13
2026-03-21T04:22:06.932577,1,0.1469,0.1469,0.0175,0.1228,1.3903,-0.0973,-1.3869,7
2026-03-21T04:22:06.932577,2,1.3368,0.0605,1.3368,0.0000,0.4406,0.4398,-0.0259,113
2026-03-21T04:22:06.932577,3,0.0221,0.0090,0.0221,0.0000,0.0970,-0.0447,0.0860,6
2026-03-21T04:22:07.001239,0,0.0818,0.0468,0.0818,0.0000,0.1059,-0.0050,-0.1058,14
2026-03-21T04:22:07.001239,1,0.0982,0.0982,0.0102,0.1248,1.3926,-0.0973,-1.3892,5
2026-03-21T04:22:07.001239,2,1.3118,0.0711,1.3118,0.0000,0.4410,0.4400,-0.0294,112
2026-03-21T04:22:07.001239,3,0.0284,0.0091,0.0284,0.0000,0.1021,-0.0470,0.0907,6
2026-03-21T04:22:07.070591,0,0.1767,0.0502,0.1767,0.0000,0.1303,-0.0009,-0.1303,17
2026-03-21T04:22:07.070591,1,1.3595,0.0782,1.3595,0.0000,0.4398,0.4389,-0.0287,114
2026-03-21T04:22:07.070591,2,0.0253,0.0067,0.0253,0.0000,0.0974,-0.0456,0.0860,5
2026-03-21T04:22:07.139978,0,0.1552,0.0497,0.1552,0.0000,0.1232,-0.0017,-0.1232,16
2026-03-21T04:22:07.139978,1,1.3600,0.0742,1.3600,0.0000,0.4405,0.4395,-0.0293,114
2026-03-21T04:22:07.139978,2,0.0232,0.0136,0.0232,0.0000,0.1026,-0.0481,0.0906,5
2026-03-21T04:22:07.209792,0,0.1405,0.0449,0.1405,0.0000,0.1151,-0.0013,-0.1151,15
2026-03-21T04:22:07.209792,1,0.0975,0.0975,0.0045,0.1236,1.3944,-0.0973,-1.3910,5
2026-03-21T04:22:07.209792,2,1.2809,0.0591,1.2809,0.0000,0.4385,0.4382,-0.0141,111
2026-03-21T04:22:07.209792,3,0.0151,0.0121,0.0151,0.0000,0.1028,-0.0483,0.0907,5
2026-03-21T04:22:07.279395,0,0.1214,0.0412,0.1214,0.0000,0.1029,-0.0032,-0.1028,14
2026-03-21T04:22:07.279395,1,0.1221,0.1221,0.0054,0.1236,1.3932,-0.0852,-1.3906,6
2026-03-21T04:22:07.279395,2,1.3045,0.0474,1.3045,0.0000,0.4392,0.4385,-0.0245,112
2026-03-21T04:22:07.279395,3,0.0148,0.0116,0.0148,0.0000,0.0988,-0.0464,0.0872,5
2026-03-21T04:22:07.348358,0,0.0921,0.0449,0.0921,0.0000,0.1038,-0.0071,-0.1036,11
2026-03-21T04:22:07.348358,1,0.1217,0.1217,0.0049,0.1225,1.3914,-0.0607,-1.3901,6
2026-03-21T04:22:07.348358,2,1.3087,0.0373,1.3087,0.0000,0.4396,0.4395,-0.0042,112
2026-03-21T04:22:07.348358,3,0.0489,0.0188,0.0489,0.0000,0.0950,-0.0442,0.0840,5
2026-03-21T04:22:07.418204,0,0.1237,0.0551,0.1237,0.0000,0.1125,-0.0008,-0.1125,15
2026-03-21T04:22:07.418204,1,0.1463,0.1463,0.0174,0.1286,1.3924,-0.0488,-1.3916,7
2026-03-21T04:22:07.418204,2,1.3079,0.0336,1.3079,0.0000,0.4406,0.4406,0.0058,112
2026-03-21T04:22:07.489072,0,0.0594,0.0437,0.0594,0.0000,0.0963,-0.0095,-0.0958,10
2026-03-21T04:22:07.489072,1,0.1464,0.1464,0.0089,0.1271,1.3926,-0.0487,-1.3917,7
2026-03-21T04:22:07.489072,2,1.2877,0.0340,1.2877,0.0000,0.4399,0.4398,0.0096,111
2026-03-21T04:22:07.558732,0,0.0389,0.0375,0.0389,0.0000,0.0816,-0.0102,-0.0810,11
2026-03-21T04:22:07.558732,1,0.1465,0.1465,0.0087,0.1271,1.3941,-0.0488,-1.3933,7
2026-03-21T04:22:07.558732,2,1.3381,0.0423,1.3381,0.0000,0.4408,0.4408,-0.0034,113
2026-03-21T04:22:07.629492,0,0.0447,0.0433,0.0447,0.0000,0.0915,-0.0062,-0.0913,14
2026-03-21T04:22:07.629492,1,0.1948,0.1948,0.0124,0.1320,1.3937,-0.0244,-1.3935,9
2026-03-21T04:22:07.629492,2,1.3422,0.0373,1.3422,0.0000,0.4407,0.4406,0.0095,113
2026-03-21T04:22:07.699084,0,0.0498,0.0498,0.0400,0.0000,0.0932,-0.0076,-0.0929,15
2026-03-21T04:22:07.699084,1,0.2682,0.2682,0.0099,0.1280,1.3935,-0.0122,-1.3935,12
2026-03-21T04:22:07.699084,2,1.3397,0.0338,1.3397,0.0000,0.4407,0.4406,0.0097,113
2026-03-21T04:22:07.699084,3,0.2435,0.2435,0.1273,0.0000,1.1235,-0.1448,1.1141,14
2026-03-21T04:22:07.769211,0,0.0462,0.0462,0.0394,0.0000,0.0873,-0.0064,-0.0871,14
2026-03-21T04:22:07.769211,1,0.2688,0.2688,0.0115,0.1316,1.3965,-0.0123,-1.3964,12
2026-03-21T04:22:07.769211,2,1.3856,0.0339,1.3856,0.0000,0.4406,0.4404,-0.0129,115
2026-03-21T04:22:07.769211,3,0.4617,0.4617,0.0720,0.0000,1.0693,-0.0358,1.0687,25
2026-03-21T04:22:07.838619,0,0.0432,0.0428,0.0432,0.0000,0.0880,-0.0061,-0.0878,14
2026-03-21T04:22:07.838619,1,0.2192,0.2192,0.0142,0.1302,1.3951,-0.0123,-1.3951,10
2026-03-21T04:22:07.838619,2,1.2602,0.0352,1.2602,0.0000,0.4392,0.4392,-0.0052,110
2026-03-21T04:22:07.838619,3,0.3494,0.3494,0.0386,0.0000,1.0929,0.2858,1.0549,19
2026-03-21T04:22:07.838619,4,0.2799,0.2799,0.0109,0.0000,1.0592,-0.1208,1.0523,16
2026-03-21T04:22:07.907743,0,0.0408,0.0408,0.0378,0.0000,0.0844,-0.0040,-0.0843,15
2026-03-21T04:22:07.907743,1,0.2441,0.2441,0.0134,0.1336,1.3958,0.0000,-1.3958,11
2026-03-21T04:22:07.907743,2,1.3659,0.0380,1.3659,0.0000,0.4395,0.4395,-0.0044,114
2026-03-21T04:22:07.907743,3,0.3571,0.3571,0.0406,0.0000,1.0923,0.2857,1.0542,19
2026-03-21T04:22:07.907743,4,0.2620,0.2620,0.0191,0.0000,1.0593,-0.1116,1.0534,15
2026-03-21T04:22:07.976940,0,0.0389,0.0389,0.0365,0.0000,0.0867,-0.0062,-0.0865,14
2026-03-21T04:22:07.976940,1,0.2688,0.2688,0.0128,0.1340,1.3959,-0.0122,-1.3958,12
2026-03-21T04:22:07.976940,2,1.3314,0.0399,1.3314,0.0000,0.4401,0.4401,0.0025,113
2026-03-21T04:22:07.976940,3,0.3362,0.3362,0.0193,0.0000,1.0940,0.2950,1.0535,18
2026-03-21T04:22:07.976940,4,0.2809,0.2809,0.0327,0.0000,1.0568,-0.1024,1.0518,16
2026-03-21T04:22:08.046403,0,0.0388,0.0388,0.0291,0.0000,0.0867,-0.0081,-0.0863,13
2026-03-21T04:22:08.046403,1,0.2448,0.2448,0.0153,0.1335,1.3951,-0.0243,-1.3949,11
2026-03-21T04:22:08.046403,2,1.3152,0.0408,1.3152,0.0000,0.4393,0.4391,-0.0151,112
2026-03-21T04:22:08.046403,3,0.3375,0.3375,0.0261,0.0000,1.0897,0.2939,1.0494,18
2026-03-21T04:22:08.046403,4,0.3027,0.3027,0.0439,0.0000,1.0582,-0.1121,1.0523,17
2026-03-21T04:22:08.114953,0,0.0515,0.0461,0.0515,0.0000,0.0887,-0.0062,-0.0885,14
2026-03-21T04:22:08.114953,1,0.2691,0.2691,0.0139,0.1360,1.3984,-0.0122,-1.3983,12
2026-03-21T04:22:08.114953,2,1.3600,0.0355,1.3600,0.0000,0.4395,0.4395,-0.0040,114
2026-03-21T04:22:08.114953,3,0.3152,0.3152,0.0212,0.0000,1.0956,0.3041,1.0526,17
2026-03-21T04:22:08.114953,4,0.2620,0.2620,0.0147,0.0000,1.0594,-0.1115,1.0535,15
2026-03-21T04:22:08.185566,0,0.0427,0.0427,0.0366,0.0000,0.0854,-0.0038,-0.0853,14
2026-03-21T04:22:08.185566,1,0.2433,0.2433,0.0149,0.1350,1.3970,0.0001,-1.3970,11
2026-03-21T04:22:08.185566,2,1.2587,0.0315,1.2587,0.0000,0.4392,0.4392,0.0063,110
2026-03-21T04:22:08.185566,3,0.3268,0.3268,0.0379,0.0000,1.0934,0.2945,1.0530,18
2026-03-21T04:22:08.185566,4,0.3043,0.3043,0.0325,0.0000,1.0609,-0.1307,1.0528,17
2026-03-21T04:22:08.255031,0,0.0442,0.0435,0.0442,0.0000,0.0886,-0.0056,-0.0884,13
2026-03-21T04:22:08.255031,1,0.2439,0.2439,0.0129,0.1310,1.3963,-0.0000,-1.3963,11
2026-03-21T04:22:08.255031,2,1.3080,0.0373,1.3080,0.0000,0.4398,0.4395,0.0157,112
2026-03-21T04:22:08.255031,3,0.3527,0.3527,0.0350,0.0000,1.0906,0.2667,1.0575,19
2026-03-21T04:22:08.255031,4,0.2635,0.2635,0.0128,0.0000,1.0597,-0.1301,1.0517,15
2026-03-21T04:22:08.324875,0,0.0452,0.0451,0.0452,0.0000,0.0914,-0.0034,-0.0913,16
2026-03-21T04:22:08.324875,1,0.2188,0.2188,0.0170,0.1300,1.3947,-0.0123,-1.3947,10
2026-03-21T04:22:08.324875,2,1.3147,0.0327,1.3147,0.0000,0.4403,0.4401,0.0159,112
2026-03-21T04:22:08.324875,3,0.5968,0.5968,0.0743,0.0000,1.0580,0.0300,1.0576,32
2026-03-21T04:22:08.394993,0,0.0512,0.0420,0.0512,0.0000,0.0920,-0.0056,-0.0918,13
2026-03-21T04:22:08.394993,1,0.2681,0.2681,0.0209,0.1360,1.3960,-0.0123,-1.3959,12
2026-03-21T04:22:08.394993,2,1.2836,0.0417,1.2836,0.0000,0.4393,0.4393,-0.0035,111
2026-03-21T04:22:08.394993,3,0.4590,0.4590,0.0692,0.0000,1.0656,-0.0549,1.0642,25
2026-03-21T04:22:08.464321,0,0.0412,0.0412,0.0308,0.0000,0.0855,-0.0043,-0.0853,14
2026-03-21T04:22:08.464321,1,0.2192,0.2192,0.0106,0.1300,1.3941,0.0122,-1.3941,10
2026-03-21T04:22:08.464321,2,1.3094,0.0423,1.3094,0.0000,0.4396,0.4396,0.0020,112
2026-03-21T04:22:08.464321,3,0.1393,0.1393,0.0715,0.0000,1.0939,0.1056,1.0888,8
2026-03-21T04:22:08.464321,4,0.3235,0.3235,0.0238,0.0000,1.0619,-0.1396,1.0527,18
2026-03-21T04:22:08.534168,0,0.0445,0.0443,0.0445,0.0000,0.0897,-0.0038,-0.0896,13
2026-03-21T04:22:08.534168,1,0.2930,0.2930,0.0132,0.1310,1.3958,-0.0001,-1.3958,13
2026-03-21T04:22:08.534168,2,1.3370,0.0427,1.3370,0.0000,0.4396,0.4396,0.0072,113
2026-03-21T04:22:08.534168,3,0.4610,0.4610,0.0626,0.0000,1.0629,-0.0739,1.0603,25
2026-03-21T04:22:08.603452,0,0.0383,0.0383,0.0381,0.0000,0.0889,-0.0083,-0.0886,11
2026-03-21T04:22:08.603452,1,0.2447,0.2447,0.0106,0.1321,1.3964,0.0001,-1.3964,11
2026-03-21T04:22:08.603452,2,1.3073,0.0405,1.3073,0.0000,0.4397,0.4390,0.0246,112
2026-03-21T04:22:08.603452,3,0.5813,0.5813,0.0932,0.0000,1.0595,-0.0165,1.0594,31
2026-03-21T04:22:08.674151,0,0.0512,0.0400,0.0512,0.0000,0.0858,-0.0067,-0.0855,13
2026-03-21T04:22:08.674151,1,0.2691,0.2691,0.0096,0.1321,1.3960,0.0122,-1.3959,12
2026-03-21T04:22:08.674151,2,1.3061,0.0475,1.3061,0.0000,0.4404,0.4404,0.0010,112
2026-03-21T04:22:08.674151,3,0.3581,0.3581,0.0663,0.0000,1.0967,0.2503,1.0677,19
2026-03-21T04:22:08.674151,4,0.3032,0.3032,0.0194,0.0000,1.0599,-0.1487,1.0494,17
2026-03-21T04:22:08.743182,0,0.0513,0.0362,0.0513,0.0000,0.0836,-0.0059,-0.0834,14
2026-03-21T04:22:08.743182,1,0.1711,0.1711,0.0163,0.1315,1.3951,-0.0367,-1.3947,8
2026-03-21T04:22:08.743182,2,1.2910,0.0464,1.2910,0.0000,0.4396,0.4396,-0.0035,111
2026-03-21T04:22:08.743182,3,0.3487,0.3487,0.0423,0.0000,1.0942,0.2676,1.0610,19
2026-03-21T04:22:08.743182,4,0.2625,0.2625,0.0127,0.0000,1.0604,-0.1300,1.0524,15
2026-03-21T04:22:08.814118,0,0.0378,0.0378,0.0169,0.0000,0.0873,-0.0041,-0.0872,12
2026-03-21T04:22:08.814118,1,0.2692,0.2692,0.0126,0.1337,1.3964,-0.0123,-1.3963,12
2026-03-21T04:22:08.814118,2,1.3922,0.0337,1.3922,0.0000,0.4400,0.4400,-0.0016,115
2026-03-21T04:22:08.814118,3,0.3393,0.3393,0.0184,0.0000,1.0932,0.2764,1.0576,18
2026-03-21T04:22:08.814118,4,0.2813,0.2813,0.0348,0.0000,1.0565,-0.1208,1.0496,16
2026-03-21T04:22:08.882820,0,0.0516,0.0429,0.0516,0.0000,0.0909,-0.0066,-0.0906,16
2026-03-21T04:22:08.882820,1,0.2195,0.2195,0.0180,0.1331,1.3954,-0.0124,-1.3954,10
2026-03-21T04:22:08.882820,2,1.3323,0.0372,1.3323,0.0000,0.4391,0.4391,-0.0015,113
2026-03-21T04:22:08.882820,3,0.3362,0.3362,0.0279,0.0000,1.0909,0.2757,1.0555,18
2026-03-21T04:22:08.882820,4,0.2809,0.2809,0.0435,0.0000,1.0563,-0.1208,1.0493,16
2026-03-21T04:22:08.952897,0,0.0411,0.0411,0.0367,0.0000,0.0864,-0.0076,-0.0861,14
2026-03-21T04:22:08.952897,1,0.2445,0.2445,0.0216,0.1357,1.3967,-0.0246,-1.3965,11
2026-03-21T04:22:08.952897,2,1.3137,0.0314,1.3137,0.0000,0.4389,0.4389,0.0045,112
2026-03-21T04:22:08.952897,3,0.3163,0.3163,0.0131,0.0000,1.0945,0.2855,1.0566,17
2026-03-21T04:22:08.952897,4,0.2620,0.2620,0.0113,0.0000,1.0578,-0.1296,1.0498,15
2026-03-21T04:22:09.022006,0,0.0439,0.0419,0.0439,0.0000,0.0872,-0.0037,-0.0871,14
2026-03-21T04:22:09.022006,1,0.2205,0.2205,0.0101,0.1325,1.3983,-0.0122,-1.3983,10
2026-03-21T04:22:09.022006,2,1.3103,0.0347,1.3103,0.0000,0.4393,0.4393,0.0031,112
2026-03-21T04:22:09.022006,3,0.3315,0.3315,0.0273,0.0000,1.0922,0.2758,1.0568,18
2026-03-21T04:22:09.022006,4,0.2777,0.2777,0.0209,0.0000,1.0586,-0.1390,1.0495,16
2026-03-21T04:22:09.091436,0,0.0442,0.0442,0.0261,0.0000,0.0860,-0.0056,-0.0858,13
2026-03-21T04:22:09.091436,1,0.2940,0.2940,0.0125,0.1351,1.3987,-0.0000,-1.3987,13
2026-03-21T04:22:09.091436,2,1.3633,0.0430,1.3633,0.0000,0.4398,0.4398,0.0014,114
2026-03-21T04:22:09.091436,3,0.3254,0.3254,0.0399,0.0000,1.0940,0.2761,1.0585,18
2026-03-21T04:22:09.091436,4,0.3029,0.3029,0.0174,0.0000,1.0584,-0.1485,1.0479,17
2026-03-21T04:22:09.160913,0,0.0394,0.0394,0.0355,0.0000,0.0879,-0.0028,-0.0879,13
2026-03-21T04:22:09.160913,1,0.2194,0.2194,0.0139,0.1330,1.3974,0.0122,-1.3974,10
2026-03-21T04:22:09.160913,2,1.4116,0.0448,1.4116,0.0000,0.4401,0.4401,-0.0002,116
2026-03-21T04:22:09.160913,3,0.2970,0.2970,0.0180,0.0000,1.0971,0.2767,1.0617,16
2026-03-21T04:22:09.160913,4,0.2628,0.2628,0.0117,0.0000,1.0590,-0.1482,1.0486,15
2026-03-21T04:22:09.230528,0,0.0430,0.0430,0.0349,0.0000,0.0866,-0.0038,-0.0865,14
2026-03-21T04:22:09.230528,1,0.2450,0.2450,0.0114,0.1365,1.4017,-0.0001,-1.4017,11
2026-03-21T04:22:09.230528,2,1.2645,0.0504,1.2645,0.0000,0.4400,0.4399,0.0092,110
2026-03-21T04:22:09.230528,3,0.2618,0.2618,0.0283,0.0000,1.1008,0.2774,1.0653,14
2026-03-21T04:22:09.230528,4,0.0575,0.0297,0.0575,0.0000,0.3770,0.0291,0.3759,6
2026-03-21T04:22:09.230528,5,0.3036,0.3036,0.0191,0.0000,1.0564,-0.1667,1.0432,17
2026-03-21T04:22:09.299891,0,0.0414,0.0414,0.0359,0.0000,0.0870,-0.0028,-0.0869,13
2026-03-21T04:22:09.299891,1,0.2215,0.2215,0.0116,0.1401,1.4048,-0.0124,-1.4048,10
2026-03-21T04:22:09.299891,2,1.2840,0.0622,1.2840,0.0000,0.4408,0.4407,0.0124,111
2026-03-21T04:22:09.299891,3,0.2385,0.2385,0.0257,0.0000,1.1056,0.2876,1.0676,13
2026-03-21T04:22:09.299891,4,0.0589,0.0331,0.0589,0.0000,0.3257,0.0281,0.3244,7
2026-03-21T04:22:09.299891,5,0.1901,0.1901,0.0158,0.0000,1.0629,-0.2217,1.0396,11
2026-03-21T04:22:09.370382,0,0.0495,0.0495,0.0359,0.0000,0.0887,-0.0047,-0.0886,15
2026-03-21T04:22:09.370382,1,0.1477,0.1477,0.0048,0.1400,1.4067,0.0246,-1.4065,7
2026-03-21T04:22:09.370382,2,1.3405,0.0712,1.3405,0.0000,0.4412,0.4406,0.0232,113
2026-03-21T04:22:09.370382,3,0.2543,0.2543,0.0238,0.0000,1.1071,0.2786,1.0715,14
2026-03-21T04:22:09.370382,4,0.0599,0.0271,0.0599,0.0000,0.3288,0.0255,0.3279,6
2026-03-21T04:22:09.370382,5,0.1894,0.1894,0.0164,0.0000,1.0653,-0.2221,1.0419,11
2026-03-21T04:22:09.440138,0,0.0452,0.0452,0.0234,0.0000,0.0890,-0.0046,-0.0889,13
2026-03-21T04:22:09.440138,1,0.1971,0.1971,0.0055,0.1400,1.4071,-0.0000,-1.4071,9
2026-03-21T04:22:09.440138,2,1.3705,0.0605,1.3705,0.0000,0.4417,0.4413,0.0190,114
2026-03-21T04:22:09.440138,3,0.2393,0.2393,0.0154,0.0000,1.1047,0.2873,1.0667,13
2026-03-21T04:22:09.440138,4,0.0304,0.0257,0.0304,0.0000,0.3172,0.0302,0.3158,6
2026-03-21T04:22:09.440138,5,0.1713,0.1713,0.0116,0.0000,1.0634,-0.2125,1.0419,10
2026-03-21T04:22:09.509557,0,0.0413,0.0413,0.0358,0.0000,0.0848,-0.0040,-0.0847,12
2026-03-21T04:22:09.509557,1,0.2211,0.2211,0.0128,0.1425,1.4083,0.0369,-1.4078,10
2026-03-21T04:22:09.509557,2,1.2635,0.0562,1.2635,0.0000,0.4410,0.4409,0.0082,110
2026-03-21T04:22:09.509557,3,0.1970,0.1970,0.0273,0.0000,1.1130,0.3077,1.0696,11
2026-03-21T04:22:09.509557,4,0.0804,0.0275,0.0804,0.0000,0.2685,0.0297,0.2669,8
2026-03-21T04:22:09.509557,5,0.0669,0.0529,0.0669,0.0000,0.7894,-0.0408,0.7883,5
2026-03-21T04:22:09.509557,6,0.1524,0.1524,0.0103,0.0000,1.0645,-0.2218,1.0411,9
2026-03-21T04:22:09.580023,0,0.0497,0.0452,0.0497,0.0000,0.0886,-0.0076,-0.0882,12
2026-03-21T04:22:09.580023,1,0.2204,0.2204,0.0183,0.1440,1.4051,0.0368,-1.4046,10
2026-03-21T04:22:09.580023,2,1.2836,0.0614,1.2836,0.0000,0.4401,0.4399,0.0133,111
2026-03-21T04:22:09.580023,3,0.2555,0.2555,0.0226,0.0000,1.1031,0.2777,1.0676,14
2026-03-21T04:22:09.580023,4,0.0690,0.0282,0.0690,0.0000,0.3463,0.0268,0.3453,6
2026-03-21T04:22:09.580023,5,0.2637,0.2637,0.0332,0.0000,1.0521,-0.1660,1.0389,15
2026-03-21T04:22:09.648797,0,0.0462,0.0413,0.0462,0.0000,0.0846,-0.0041,-0.0845,13
2026-03-21T04:22:09.648797,1,0.2225,0.2225,0.0146,0.1460,1.4089,-0.0124,-1.4089,10
2026-03-21T04:22:09.648797,2,1.3370,0.0607,1.3370,0.0000,0.4413,0.4411,0.0133,113
2026-03-21T04:22:09.648797,3,0.2034,0.2034,0.0223,0.0000,1.1137,0.3081,1.0702,11
2026-03-21T04:22:09.648797,4,0.0802,0.0261,0.0802,0.0000,0.2725,0.0302,0.2709,8
2026-03-21T04:22:09.648797,5,0.1534,0.1534,0.0142,0.0000,1.0660,-0.2221,1.0426,9
2026-03-21T04:22:09.719984,0,0.0446,0.0446,0.0432,0.0000,0.0849,-0.0055,-0.0848,14
2026-03-21T04:22:09.719984,1,0.1967,0.1967,0.0100,0.1422,1.4075,0.0492,-1.4066,9
2026-03-21T04:22:09.719984,2,1.2858,0.0567,1.2858,0.0000,0.4401,0.4394,0.0247,111
2026-03-21T04:22:09.719984,3,0.2759,0.2759,0.0242,0.0000,1.0993,0.2677,1.0662,15
2026-03-21T04:22:09.719984,4,0.0332,0.0267,0.0332,0.0000,0.4029,0.0279,0.4019,5
2026-03-21T04:22:09.719984,5,0.2597,0.2597,0.0151,0.0000,1.0554,-0.1660,1.0422,15
2026-03-21T04:22:09.789412,0,0.0406,0.0406,0.0241,0.0000,0.0879,-0.0031,-0.0879,11
2026-03-21T04:22:09.789412,1,0.2448,0.2448,0.0105,0.1352,1.4009,0.0245,-1.4006,11
2026-03-21T04:22:09.789412,2,1.3179,0.0598,1.3179,0.0000,0.4396,0.4395,0.0090,112
2026-03-21T04:22:09.789412,3,0.3285,0.3285,0.0380,0.0000,1.0915,0.2574,1.0607,18
2026-03-21T04:22:09.789412,4,0.2794,0.2794,0.0179,0.0000,1.0599,-0.1575,1.0481,16
2026-03-21T04:22:09.859074,0,0.0407,0.0407,0.0357,0.0000,0.0904,-0.0036,-0.0903,13
2026-03-21T04:22:09.859074,1,0.1948,0.1948,0.0125,0.1306,1.3975,-0.0001,-1.3975,9
2026-03-21T04:22:09.859074,2,1.3385,0.0519,1.3385,0.0000,0.4398,0.4397,0.0051,113
2026-03-21T04:22:09.859074,3,0.3329,0.3329,0.0203,0.0000,1.0908,0.2571,1.0601,18
2026-03-21T04:22:09.859074,4,0.2620,0.2620,0.0101,0.0000,1.0572,-0.1479,1.0468,15
2026-03-21T04:22:09.927977,0,0.0562,0.0437,0.0562,0.0000,0.0920,-0.0070,-0.0917,14
2026-03-21T04:22:09.927977,1,0.1965,0.1965,0.0093,0.1355,1.4004,-0.0245,-1.4001,9
2026-03-21T04:22:09.927977,2,1.3384,0.0482,1.3384,0.0000,0.4395,0.4395,0.0051,113
2026-03-21T04:22:09.927977,3,0.3332,0.3332,0.0313,0.0000,1.0907,0.2570,1.0600,18
2026-03-21T04:22:09.927977,4,0.2607,0.2607,0.0115,0.0000,1.0575,-0.1481,1.0471,15
2026-03-21T04:22:09.997825,0,0.0394,0.0394,0.0298,0.0000,0.0854,-0.0031,-0.0853,14
2026-03-21T04:22:09.997825,1,0.2207,0.2207,0.0079,0.1341,1.4002,-0.0123,-1.4002,10
2026-03-21T04:22:09.997825,2,1.3389,0.0486,1.3389,0.0000,0.4411,0.4410,-0.0063,113
2026-03-21T04:22:09.997825,3,0.2739,0.2739,0.0226,0.0000,1.0984,0.2860,1.0605,15
2026-03-21T04:22:09.997825,4,0.0359,0.0281,0.0359,0.0000,0.4111,0.0357,0.4095,5
2026-03-21T04:22:09.997825,5,0.2620,0.2620,0.0136,0.0000,1.0572,-0.1480,1.0468,15
2026-03-21T04:22:10.067395,0,0.0473,0.0466,0.0473,0.0000,0.0892,-0.0037,-0.0891,15
2026-03-21T04:22:10.067395,1,0.1966,0.1966,0.0070,0.1395,1.4056,-0.0247,-1.4054,9
2026-03-21T04:22:10.067395,2,1.2833,0.0519,1.2833,0.0000,0.4398,0.4390,0.0271,111
2026-03-21T04:22:10.067395,3,0.1711,0.1711,0.0432,0.0000,1.1169,0.3365,1.0650,10
2026-03-21T04:22:10.067395,4,0.0640,0.0250,0.0640,0.0000,0.2289,0.0311,0.2267,9
2026-03-21T04:22:10.067395,5,0.0753,0.0753,0.0590,0.0000,0.6903,-0.0360,0.6893,7
2026-03-21T04:22:10.067395,6,0.1338,0.1338,0.0025,0.0000,1.0681,-0.2316,1.0427,8
2026-03-21T04:22:10.136253,0,0.0623,0.0372,0.0623,0.0000,0.0732,-0.0064,-0.0729,11
2026-03-21T04:22:10.136253,1,1.3273,0.1351,1.3273,0.0000,0.4412,0.4394,0.0401,116
2026-03-21T04:22:10.136253,2,0.0426,0.0426,0.0125,0.0000,0.7056,0.3039,0.6368,4
2026-03-21T04:22:10.136253,3,0.3026,0.1356,0.3026,0.0000,0.2219,0.0118,0.2215,33
2026-03-21T04:22:10.136253,4,0.1154,0.1154,0.0124,0.0000,1.0833,-0.2624,1.0511,7
2026-03-21T04:22:10.205811,0,0.0446,0.0379,0.0446,0.0000,0.0868,-0.0031,-0.0867,12
2026-03-21T04:22:10.205811,1,1.3605,0.2067,1.3605,0.0000,0.4403,0.4353,0.0664,121
2026-03-21T04:22:10.205811,2,0.1601,0.0546,0.1601,0.0000,0.1569,0.0307,0.1539,20
2026-03-21T04:22:10.205811,3,0.1173,0.0858,0.1173,0.0000,0.3820,-0.0250,0.3812,12
2026-03-21T04:22:10.205811,4,0.1166,0.1166,0.0066,0.0000,1.0821,-0.2621,1.0498,7
2026-03-21T04:22:10.275850,0,0.0447,0.0387,0.0447,0.0000,0.0809,-0.0065,-0.0806,10
2026-03-21T04:22:10.275850,1,1.2818,0.1170,1.2818,0.0000,0.4415,0.4409,0.0218,113
2026-03-21T04:22:10.275850,2,0.0658,0.0658,0.0280,0.0000,0.6640,0.3121,0.5861,5
2026-03-21T04:22:10.275850,3,0.2610,0.1200,0.2610,0.0000,0.2018,0.0136,0.2013,35
2026-03-21T04:22:10.275850,4,0.1152,0.1152,0.0162,0.0000,1.0898,-0.2639,1.0573,7
2026-03-21T04:22:10.345918,0,0.0400,0.0400,0.0301,0.0000,0.0836,-0.0045,-0.0835,12
2026-03-21T04:22:10.345918,1,1.2217,0.1993,1.2217,0.0000,0.4392,0.4375,0.0389,115
2026-03-21T04:22:10.345918,2,0.2515,0.1284,0.2515,0.0000,0.1896,0.0153,0.1889,37
2026-03-21T04:22:10.345918,3,0.0984,0.0984,0.0172,0.0000,1.0898,-0.2546,1.0597,6
2026-03-21T04:22:10.416008,0,0.0523,0.0307,0.0523,0.0000,0.0742,-0.0054,-0.0740,9
2026-03-21T04:22:10.416008,1,1.3742,0.0598,1.3742,0.0000,0.4435,0.4430,0.0205,114
2026-03-21T04:22:10.416008,2,0.0751,0.0751,0.0571,0.0000,0.8783,0.4057,0.7790,6
2026-03-21T04:22:10.416008,3,0.0833,0.0493,0.0833,0.0000,0.1531,0.0367,0.1486,15
2026-03-21T04:22:10.416008,4,0.0844,0.0652,0.0844,0.0000,0.4331,-0.0157,0.4328,9
2026-03-21T04:22:10.416008,5,0.1334,0.1334,0.0177,0.0000,1.0703,-0.2321,1.0448,8
2026-03-21T04:22:10.485867,0,0.0392,0.0369,0.0392,0.0000,0.0874,-0.0072,-0.0871,13
2026-03-21T04:22:10.485867,1,0.2222,0.2222,0.0123,0.1510,1.4151,0.0371,-1.4146,10
2026-03-21T04:22:10.485867,2,1.3682,0.0481,1.3682,0.0000,0.4410,0.4410,0.0005,114
2026-03-21T04:22:10.485867,3,0.1087,0.0277,0.1087,0.0000,0.1739,0.0353,0.1703,13
2026-03-21T04:22:10.485867,4,0.0893,0.0654,0.0893,0.0000,0.4654,-0.0085,0.4653,9
2026-03-21T04:22:10.485867,5,0.1144,0.1144,0.0112,0.0000,1.0723,-0.2233,1.0488,7
2026-03-21T04:22:10.555307,0,0.0716,0.0353,0.0716,0.0000,0.0595,-0.0022,-0.0594,12
2026-03-21T04:22:10.555307,1,1.4318,0.0880,1.4318,0.0000,0.4426,0.4415,0.0309,119
2026-03-21T04:22:10.555307,2,0.1284,0.0399,0.1284,0.0000,0.1426,0.0362,0.1379,18
2026-03-21T04:22:10.555307,3,0.1568,0.0787,0.1568,0.0000,0.3670,-0.0084,0.3669,13
2026-03-21T04:22:10.555307,4,0.1392,0.1392,0.0245,0.0000,1.0778,-0.2338,1.0521,8
2026-03-21T04:22:10.624523,0,0.0610,0.0340,0.0610,0.0000,0.0705,-0.0065,-0.0702,11
2026-03-21T04:22:10.624523,1,1.3328,0.0485,1.3328,0.0000,0.4411,0.4410,0.0059,113
2026-03-21T04:22:10.624523,2,0.1120,0.0386,0.1120,0.0000,0.1616,0.0353,0.1577,15
2026-03-21T04:22:10.624523,3,0.1058,0.0722,0.1058,0.0000,0.4460,-0.0126,0.4458,10
2026-03-21T04:22:10.624523,4,0.1153,0.1153,0.0136,0.0000,1.0662,-0.2220,1.0428,7
2026-03-21T04:22:10.694280,0,0.0465,0.0407,0.0465,0.0000,0.0829,-0.0074,-0.0826,12
2026-03-21T04:22:10.694280,1,1.3140,0.0521,1.3140,0.0000,0.4411,0.4406,0.0215,112
2026-03-21T04:22:10.694280,2,0.1076,0.0230,0.1076,0.0000,0.1584,0.0329,0.1549,14
2026-03-21T04:22:10.694280,3,0.0943,0.0791,0.0943,0.0000,0.4589,-0.0245,0.4582,9
2026-03-21T04:22:10.694280,4,0.1620,0.1620,0.0353,0.0000,1.0711,-0.2417,1.0435,9
2026-03-21T04:22:10.764623,0,0.0349,0.0349,0.0210,0.0000,0.0826,-0.0090,-0.0821,11
2026-03-21T04:22:10.764623,1,1.3160,0.0571,1.3160,0.0000,0.4417,0.4417,0.0073,112
2026-03-21T04:22:10.764623,2,0.1045,0.0209,0.1045,0.0000,0.1544,0.0322,0.1510,14
2026-03-21T04:22:10.764623,3,0.0982,0.0728,0.0982,0.0000,0.4406,-0.0200,0.4402,10
2026-03-21T04:22:10.764623,4,0.1154,0.1154,0.0127,0.0000,1.0702,-0.2411,1.0427,7
2026-03-21T04:22:10.834238,0,0.0378,0.0378,0.0328,0.0000,0.0791,-0.0060,-0.0789,14
2026-03-21T04:22:10.834238,1,1.2664,0.0639,1.2664,0.0000,0.4419,0.4414,0.0192,110
2026-03-21T04:22:10.834238,2,0.0901,0.0308,0.0901,0.0000,0.1519,0.0320,0.1485,14
2026-03-21T04:22:10.834238,3,0.0866,0.0727,0.0866,0.0000,0.4357,-0.0198,0.4353,10
2026-03-21T04:22:10.834238,4,0.1158,0.1158,0.0105,0.0000,1.0696,-0.2409,1.0421,7
2026-03-21T04:22:10.904275,0,0.0417,0.0399,0.0417,0.0000,0.0852,-0.0042,-0.0850,13
2026-03-21T04:22:10.904275,1,1.3706,0.0637,1.3706,0.0000,0.4426,0.4422,0.0186,114
2026-03-21T04:22:10.904275,2,0.0910,0.0411,0.0910,0.0000,0.1503,0.0331,0.1466,15
2026-03-21T04:22:10.904275,3,0.0651,0.0651,0.0619,0.0000,0.3923,-0.0206,0.3918,9
2026-03-21T04:22:10.904275,4,0.1165,0.1165,0.0132,0.0000,1.0686,-0.2408,1.0412,7
2026-03-21T04:22:10.973426,0,0.0585,0.0324,0.0585,0.0000,0.0615,-0.0075,-0.0610,10
2026-03-21T04:22:10.973426,1,1.3992,0.1303,1.3992,0.0000,0.4446,0.4411,0.0554,118
2026-03-21T04:22:10.973426,2,0.1227,0.0353,0.1227,0.0000,0.1398,0.0332,0.1358,18
2026-03-21T04:22:10.973426,3,0.1336,0.0771,0.1336,0.0000,0.3580,-0.0144,0.3577,13
2026-03-21T04:22:10.973426,4,0.1170,0.1170,0.0114,0.0000,1.0751,-0.2422,1.0474,7
2026-03-21T04:22:11.043825,0,0.0927,0.0363,0.0927,0.0000,0.0665,-0.0017,-0.0665,13
2026-03-21T04:22:11.043825,1,1.3871,0.1264,1.3871,0.0000,0.4456,0.4429,0.0490,117
2026-03-21T04:22:11.043825,2,0.1263,0.0472,0.1263,0.0000,0.1370,0.0337,0.1328,19
2026-03-21T04:22:11.043825,3,0.1069,0.0734,0.1069,0.0000,0.3348,-0.0129,0.3346,13
2026-03-21T04:22:11.043825,4,0.1127,0.1127,0.0254,0.0000,1.0792,-0.2429,1.0515,7
2026-03-21T04:22:11.112416,0,0.0702,0.0311,0.0702,0.0000,0.0688,-0.0021,-0.0687,11
2026-03-21T04:22:11.112416,1,1.2530,0.0584,1.2530,0.0000,0.4449,0.4435,0.0358,109
2026-03-21T04:22:11.112416,2,0.1715,0.0315,0.1715,0.0000,0.1518,0.0319,0.1484,20
2026-03-21T04:22:11.112416,3,0.0701,0.0701,0.0657,0.0000,0.3466,-0.0159,0.3462,12
2026-03-21T04:22:11.112416,4,0.1137,0.1137,0.0274,0.0000,1.0782,-0.2427,1.0505,7
2026-03-21T04:22:11.182436,0,0.0664,0.0293,0.0664,0.0000,0.0581,-0.0029,-0.0580,10
2026-03-21T04:22:11.182436,1,1.2770,0.0607,1.2770,0.0000,0.4458,0.4448,0.0300,110
2026-03-21T04:22:11.182436,2,0.0888,0.0248,0.0888,0.0000,0.1317,0.0327,0.1276,17
2026-03-21T04:22:11.182436,3,0.1742,0.0889,0.1742,0.0000,0.3245,-0.0115,0.3243,16
2026-03-21T04:22:11.182436,4,0.1275,0.1275,0.0398,0.0000,1.0805,-0.2524,1.0506,8
2026-03-21T04:22:11.251923,0,0.0788,0.0412,0.0788,0.0000,0.0692,-0.0036,-0.0691,11
2026-03-21T04:22:11.251923,1,1.3042,0.0678,1.3042,0.0000,0.4463,0.4462,0.0109,111
2026-03-21T04:22:11.251923,2,0.1092,0.0287,0.1092,0.0000,0.1407,0.0325,0.1369,17
2026-03-21T04:22:11.251923,3,0.1603,0.0867,0.1603,0.0000,0.3523,-0.0177,0.3519,14
2026-03-21T04:22:11.251923,4,0.1326,0.1326,0.0123,0.0000,1.0758,-0.2514,1.0460,8
2026-03-21T04:22:11.321551,0,0.0432,0.0432,0.0410,0.0000,0.0821,-0.0068,-0.0819,13
2026-03-21T04:22:11.321551,1,1.2814,0.0677,1.2814,0.0000,0.4463,0.4454,0.0283,110
2026-03-21T04:22:11.321551,2,0.0751,0.0751,0.0707,0.0000,0.9156,0.3942,0.8264,6
2026-03-21T04:22:11.321551,3,0.1343,0.0266,0.1343,0.0000,0.1488,0.0311,0.1455,17
2026-03-21T04:22:11.321551,4,0.1554,0.0845,0.1554,0.0000,0.3529,-0.0177,0.3525,14
2026-03-21T04:22:11.321551,5,0.1401,0.1401,0.0199,0.0000,1.0806,-0.2711,1.0461,8
2026-03-21T04:22:11.391248,0,0.0518,0.0404,0.0518,0.0000,0.0770,-0.0069,-0.0767,13
2026-03-21T04:22:11.391248,1,1.2992,0.0812,1.2992,0.0000,0.4454,0.4442,0.0321,111
2026-03-21T04:22:11.391248,2,0.1782,0.0465,0.1782,0.0000,0.1577,0.0301,0.1548,20
2026-03-21T04:22:11.391248,3,0.1116,0.0870,0.1116,0.0000,0.3561,-0.0264,0.3552,13
2026-03-21T04:22:11.391248,4,0.1138,0.1138,0.0215,0.0000,1.0762,-0.2606,1.0442,7
2026-03-21T04:22:11.460019,0,0.0982,0.0487,0.0982,0.0000,0.0729,-0.0026,-0.0729,10
2026-03-21T04:22:11.460019,1,1.4181,0.1243,1.4181,0.0000,0.4458,0.4424,0.0548,117
2026-03-21T04:22:11.460019,2,0.1300,0.0324,0.1300,0.0000,0.1368,0.0284,0.1338,19
2026-03-21T04:22:11.460019,3,0.1323,0.0836,0.1323,0.0000,0.3346,-0.0222,0.3339,14
2026-03-21T04:22:11.460019,4,0.1428,0.1428,0.0256,0.0000,1.0835,-0.2901,1.0439,8
2026-03-21T04:22:11.530896,0,0.0814,0.0379,0.0814,0.0000,0.0633,-0.0046,-0.0632,12
2026-03-21T04:22:11.530896,1,1.3211,0.0932,1.3211,0.0000,0.4443,0.4428,0.0364,112
2026-03-21T04:22:11.530896,2,0.0827,0.0317,0.0827,0.0000,0.1327,0.0300,0.1292,16
2026-03-21T04:22:11.530896,3,0.1435,0.0867,0.1435,0.0000,0.3707,-0.0279,0.3697,13
2026-03-21T04:22:11.530896,4,0.1437,0.1437,0.0312,0.0000,1.0803,-0.2893,1.0408,8
2026-03-21T04:22:11.600170,0,0.0467,0.0442,0.0467,0.0000,0.0766,-0.0057,-0.0764,13
2026-03-21T04:22:11.600170,1,1.3440,0.0985,1.3440,0.0000,0.4433,0.4430,0.0176,113
2026-03-21T04:22:11.600170,2,0.0568,0.0568,0.0463,0.0000,0.8959,0.3786,0.8120,5
2026-03-21T04:22:11.600170,3,0.0849,0.0277,0.0849,0.0000,0.1472,0.0296,0.1441,15
2026-03-21T04:22:11.600170,4,0.0880,0.0707,0.0880,0.0000,0.3833,-0.0273,0.3823,11
2026-03-21T04:22:11.600170,5,0.1385,0.1385,0.0134,0.0000,1.0759,-0.2880,1.0366,8
2026-03-21T04:22:11.670404,0,0.0373,0.0373,0.0323,0.0000,0.0838,-0.0138,-0.0827,10
2026-03-21T04:22:11.670404,1,1.2710,0.0900,1.2710,0.0000,0.4430,0.4423,0.0245,110
2026-03-21T04:22:11.670404,2,0.0771,0.0771,0.0650,0.0000,0.9401,0.3749,0.8621,6
2026-03-21T04:22:11.670404,3,0.0693,0.0274,0.0693,0.0000,0.1512,0.0295,0.1483,14
2026-03-21T04:22:11.670404,4,0.0716,0.0588,0.0716,0.0000,0.4343,-0.0346,0.4329,8
2026-03-21T04:22:11.670404,5,0.1347,0.1347,0.0153,0.0000,1.0673,-0.2676,1.0332,8
2026-03-21T04:22:11.740555,0,0.0396,0.0396,0.0246,0.0000,0.0885,-0.0069,-0.0882,13
2026-03-21T04:22:11.740555,1,0.1243,0.1243,0.0045,0.1565,1.4244,0.0373,-1.4239,6
2026-03-21T04:22:11.740555,2,1.3486,0.0743,1.3486,0.0000,0.4433,0.4428,0.0221,113
2026-03-21T04:22:11.740555,3,0.0687,0.0284,0.0687,0.0000,0.1941,0.0297,0.1918,11
2026-03-21T04:22:11.740555,4,0.0630,0.0630,0.0527,0.0000,0.5784,-0.0303,0.5776,7
2026-03-21T04:22:11.740555,5,0.1344,0.1344,0.0183,0.0000,1.0661,-0.2493,1.0366,8
2026-03-21T04:22:11.810256,0,0.0470,0.0470,0.0339,0.0000,0.0872,-0.0054,-0.0870,14
2026-03-21T04:22:11.810256,1,0.1986,0.1986,0.0104,0.1540,1.4203,0.0249,-1.4201,9
2026-03-21T04:22:11.810256,2,1.2690,0.0620,1.2690,0.0000,0.4417,0.4416,0.0073,110
2026-03-21T04:22:11.810256,3,0.1259,0.1259,0.0194,0.0000,1.1133,0.3446,1.0586,7
2026-03-21T04:22:11.810256,4,0.1041,0.0286,0.1041,0.0000,0.2014,0.0305,0.1991,11
2026-03-21T04:22:11.810256,5,0.0682,0.0682,0.0658,0.0000,0.6242,-0.0326,0.6233,7
2026-03-21T04:22:11.810256,6,0.1356,0.1356,0.0150,0.0000,1.0613,-0.2301,1.0360,8
2026-03-21T04:22:11.879446,0,0.0421,0.0421,0.0273,0.0000,0.0861,-0.0061,-0.0859,14
2026-03-21T04:22:11.879446,1,0.2229,0.2229,0.0126,0.1542,1.4193,0.0372,-1.4188,10
2026-03-21T04:22:11.879446,2,1.3666,0.0612,1.3666,0.0000,0.4407,0.4407,0.0071,114
2026-03-21T04:22:11.879446,3,0.0747,0.0345,0.0747,0.0000,0.1995,0.0325,0.1969,12
2026-03-21T04:22:11.879446,4,0.0668,0.0659,0.0668,0.0000,0.6043,-0.0315,0.6035,7
2026-03-21T04:22:11.879446,5,0.1362,0.1362,0.0219,0.0000,1.0618,-0.2303,1.0365,8
2026-03-21T04:22:11.948970,0,0.0496,0.0470,0.0496,0.0000,0.0886,-0.0053,-0.0885,13
2026-03-21T04:22:11.948970,1,0.1491,0.1491,0.0100,0.1585,1.4221,0.0249,-1.4219,7
2026-03-21T04:22:11.948970,2,1.3842,0.0628,1.3842,0.0000,0.4406,0.4404,0.0126,115
2026-03-21T04:22:11.948970,3,0.0767,0.0350,0.0767,0.0000,0.1865,0.0335,0.1834,12
2026-03-21T04:22:11.948970,4,0.0620,0.0620,0.0451,0.0000,0.5661,-0.0296,0.5653,7
2026-03-21T04:22:11.948970,5,0.1149,0.1149,0.0132,0.0000,1.0661,-0.2401,1.0387,7
2026-03-21T04:22:12.018644,0,0.0414,0.0414,0.0332,0.0000,0.0848,-0.0070,-0.0845,12
2026-03-21T04:22:12.018644,1,0.0996,0.0996,0.0102,0.1604,1.4264,-0.0000,-1.4264,5
2026-03-21T04:22:12.018644,2,1.3158,0.0662,1.3158,0.0000,0.4413,0.4413,0.0057,112
2026-03-21T04:22:12.018644,3,0.0575,0.0575,0.0525,0.0000,0.9061,0.3972,0.8144,5
2026-03-21T04:22:12.018644,4,0.0875,0.0481,0.0875,0.0000,0.1546,0.0326,0.1512,16
2026-03-21T04:22:12.018644,5,0.1206,0.0787,0.1206,0.0000,0.4090,-0.0223,0.4084,11
2026-03-21T04:22:12.018644,6,0.1341,0.1341,0.0096,0.0000,1.0689,-0.2499,1.0393,8
2026-03-21T04:22:12.087459,0,0.0619,0.0435,0.0619,0.0000,0.0782,-0.0079,-0.0778,12
2026-03-21T04:22:12.087459,1,1.3864,0.1507,1.3864,0.0000,0.4433,0.4403,0.0517,118
2026-03-21T04:22:12.087459,2,0.1404,0.0421,0.1404,0.0000,0.1491,0.0310,0.1458,19
2026-03-21T04:22:12.087459,3,0.1123,0.0799,0.1123,0.0000,0.3530,-0.0200,0.3524,13
2026-03-21T04:22:12.087459,4,0.1156,0.1156,0.0105,0.0000,1.0772,-0.2609,1.0451,7
2026-03-21T04:22:12.156942,0,0.0377,0.0377,0.0326,0.0000,0.0809,-0.0035,-0.0808,12
2026-03-21T04:22:12.156942,1,1.2943,0.1406,1.2943,0.0000,0.4435,0.4428,0.0251,114
2026-03-21T04:22:12.156942,2,0.2458,0.1178,0.2458,0.0000,0.1952,0.0115,0.1948,36
2026-03-21T04:22:12.156942,3,0.0994,0.0994,0.0174,0.0000,1.0850,-0.2719,1.0504,6
2026-03-21T04:22:12.227238,0,0.0510,0.0386,0.0510,0.0000,0.0843,-0.0050,-0.0841,14
2026-03-21T04:22:12.227238,1,1.2582,0.1348,1.2582,0.0000,0.4450,0.4443,0.0245,112
2026-03-21T04:22:12.227238,2,0.0468,0.0468,0.0144,0.0000,0.6504,0.3106,0.5714,4
2026-03-21T04:22:12.227238,3,0.2187,0.1244,0.2187,0.0000,0.1899,0.0134,0.1894,37
2026-03-21T04:22:12.227238,4,0.0964,0.0964,0.0201,0.0000,1.0898,-0.2730,1.0551,6
2026-03-21T04:22:12.296856,0,0.0522,0.0383,0.0522,0.0000,0.0811,-0.0073,-0.0807,11
2026-03-21T04:22:12.296856,1,1.2913,0.1409,1.2913,0.0000,0.4449,0.4437,0.0316,113
2026-03-21T04:22:12.296856,2,0.2542,0.1113,0.2542,0.0000,0.1950,0.0113,0.1946,36
2026-03-21T04:22:12.296856,3,0.0982,0.0982,0.0201,0.0000,1.0868,-0.2724,1.0522,6
2026-03-21T04:22:12.367143,0,0.0429,0.0429,0.0391,0.0000,0.0874,-0.0046,-0.0872,11
2026-03-21T04:22:12.367143,1,1.2741,0.1328,1.2741,0.0000,0.4448,0.4426,0.0445,113
2026-03-21T04:22:12.367143,2,0.2491,0.1020,0.2491,0.0000,0.2035,0.0125,0.2031,34
2026-03-21T04:22:12.367143,3,0.1398,0.1398,0.0219,0.0000,1.0910,-0.2737,1.0561,8
2026-03-21T04:22:12.436334,0,0.0507,0.0390,0.0507,0.0000,0.0777,-0.0040,-0.0776,14
2026-03-21T04:22:12.436334,1,1.2747,0.1405,1.2747,0.0000,0.4443,0.4421,0.0445,113
2026-03-21T04:22:12.436334,2,0.0477,0.0477,0.0142,0.0000,0.6924,0.3091,0.6195,4
2026-03-21T04:22:12.436334,3,0.2984,0.1203,0.2984,0.0000,0.2090,0.0104,0.2087,35
2026-03-21T04:22:12.436334,4,0.1402,0.1402,0.0287,0.0000,1.0896,-0.2733,1.0548,8
2026-03-21T04:22:12.506402,0,0.0396,0.0396,0.0320,0.0000,0.0850,-0.0056,-0.0848,11
2026-03-21T04:22:12.506402,1,1.3003,0.1380,1.3003,0.0000,0.4446,0.4417,0.0513,114
2026-03-21T04:22:12.506402,2,0.2587,0.1085,0.2587,0.0000,0.2147,0.0118,0.2144,33
2026-03-21T04:22:12.506402,3,0.1170,0.1170,0.0182,0.0000,1.0801,-0.2616,1.0479,7
2026-03-21T04:22:12.575813,0,0.0491,0.0324,0.0491,0.0000,0.0786,-0.0044,-0.0785,11
2026-03-21T04:22:12.575813,1,1.3478,0.0708,1.3478,0.0000,0.4454,0.4448,0.0226,113
2026-03-21T04:22:12.575813,2,0.0805,0.0805,0.0548,0.0000,0.8473,0.3916,0.7514,6
2026-03-21T04:22:12.575813,3,0.1013,0.0280,0.1013,0.0000,0.1431,0.0321,0.1395,16
2026-03-21T04:22:12.575813,4,0.1603,0.0862,0.1603,0.0000,0.3571,-0.0179,0.3567,14
2026-03-21T04:22:12.575813,5,0.1620,0.1620,0.0279,0.0000,1.0787,-0.2617,1.0465,9
2026-03-21T04:22:12.645831,0,0.0450,0.0409,0.0450,0.0000,0.0861,-0.0101,-0.0855,12
2026-03-21T04:22:12.645831,1,1.3216,0.0731,1.3216,0.0000,0.4448,0.4445,0.0163,112
2026-03-21T04:22:12.645831,2,0.0790,0.0790,0.0672,0.0000,0.9383,0.3892,0.8537,6
2026-03-21T04:22:12.645831,3,0.0883,0.0261,0.0883,0.0000,0.1561,0.0317,0.1529,13
2026-03-21T04:22:12.645831,4,0.0938,0.0758,0.0938,0.0000,0.4049,-0.0219,0.4043,11
2026-03-21T04:22:12.645831,5,0.1165,0.1165,0.0141,0.0000,1.0693,-0.2590,1.0375,7
2026-03-21T04:22:12.716124,0,0.0556,0.0355,0.0556,0.0000,0.0748,-0.0107,-0.0741,13
2026-03-21T04:22:12.716124,1,1.3768,0.0715,1.3768,0.0000,0.4445,0.4442,0.0176,114
2026-03-21T04:22:12.716124,2,0.0800,0.0404,0.0800,0.0000,0.1785,0.0337,0.1753,13
2026-03-21T04:22:12.716124,3,0.0702,0.0702,0.0588,0.0000,0.4708,-0.0285,0.4699,8
2026-03-21T04:22:12.716124,4,0.1325,0.1325,0.0132,0.0000,1.0674,-0.2496,1.0378,8
2026-03-21T04:22:12.786049,0,0.0526,0.0525,0.0526,0.0000,0.0876,-0.0037,-0.0875,17
2026-03-21T04:22:12.786049,1,0.1493,0.1493,0.0089,0.1594,1.4241,0.0000,-1.4241,7
2026-03-21T04:22:12.786049,2,1.3445,0.0619,1.3445,0.0000,0.4435,0.4428,0.0249,113
2026-03-21T04:22:12.786049,3,0.1463,0.1463,0.0214,0.0000,1.1137,0.3356,1.0620,8
2026-03-21T04:22:12.786049,4,0.0769,0.0275,0.0769,0.0000,0.2141,0.0310,0.2119,10
2026-03-21T04:22:12.786049,5,0.0623,0.0552,0.0623,0.0000,0.6151,-0.0375,0.6139,6
2026-03-21T04:22:12.786049,6,0.1351,0.1351,0.0121,0.0000,1.0614,-0.2302,1.0361,8
2026-03-21T04:22:12.855162,0,0.0499,0.0409,0.0499,0.0000,0.0848,-0.0065,-0.0846,14
2026-03-21T04:22:12.855162,1,0.1487,0.1487,0.0039,0.1525,1.4200,0.0248,-1.4198,7
2026-03-21T04:22:12.855162,2,1.2449,0.0564,1.2449,0.0000,0.4430,0.4428,0.0133,109
2026-03-21T04:22:12.855162,3,0.0540,0.0291,0.0540,0.0000,0.1912,0.0327,0.1884,11
2026-03-21T04:22:12.855162,4,0.0687,0.0653,0.0687,0.0000,0.5227,-0.0227,0.5222,8
2026-03-21T04:22:12.855162,5,0.1137,0.1137,0.0108,0.0000,1.0671,-0.2403,1.0396,7
2026-03-21T04:22:12.925195,0,0.0358,0.0358,0.0251,0.0000,0.0884,-0.0088,-0.0879,11
2026-03-21T04:22:12.925195,1,0.0995,0.0995,0.0043,0.1582,1.4272,-0.0498,-1.4263,5
2026-03-21T04:22:12.925195,2,1.2970,0.0634,1.2970,0.0000,0.4435,0.4429,0.0235,111
2026-03-21T04:22:12.925195,3,0.0798,0.0221,0.0798,0.0000,0.1779,0.0301,0.1753,11
2026-03-21T04:22:12.925195,4,0.0901,0.0748,0.0901,0.0000,0.5083,-0.0271,0.5075,9
2026-03-21T04:22:12.925195,5,0.1621,0.1621,0.0309,0.0000,1.0732,-0.2604,1.0412,9
2026-03-21T04:22:12.994060,0,0.0421,0.0421,0.0418,0.0000,0.0880,-0.0076,-0.0876,14
2026-03-21T04:22:12.994060,1,0.1735,0.1735,0.0118,0.1565,1.4231,0.0621,-1.4218,8
2026-03-21T04:22:12.994060,2,1.2922,0.0735,1.2922,0.0000,0.4424,0.4419,0.0213,111
2026-03-21T04:22:12.994060,3,0.0934,0.0298,0.0934,0.0000,0.2069,0.0279,0.2050,11
2026-03-21T04:22:12.994060,4,0.0757,0.0634,0.0757,0.0000,0.5836,-0.0406,0.5822,7
2026-03-21T04:22:12.994060,5,0.1383,0.1383,0.0306,0.0000,1.0598,-0.2480,1.0303,8
2026-03-21T04:22:13.063523,0,0.0396,0.0396,0.0281,0.0000,0.0878,-0.0075,-0.0875,13
2026-03-21T04:22:13.063523,1,0.1243,0.1243,0.0047,0.1552,1.4224,0.0372,-1.4219,6
2026-03-21T04:22:13.063523,2,1.3139,0.0894,1.3139,0.0000,0.4419,0.4412,0.0254,112
2026-03-21T04:22:13.063523,3,0.0754,0.0284,0.0754,0.0000,0.2004,0.0271,0.1986,11
2026-03-21T04:22:13.063523,4,0.0611,0.0611,0.0482,0.0000,0.5603,-0.0424,0.5587,6
2026-03-21T04:22:13.063523,5,0.1601,0.1601,0.0257,0.0000,1.0686,-0.2773,1.0320,9
2026-03-21T04:22:13.133386,0,0.0490,0.0412,0.0490,0.0000,0.0845,-0.0057,-0.0843,14
2026-03-21T04:22:13.133386,1,0.0994,0.0994,0.0027,0.1552,1.4238,0.0248,-1.4235,5
2026-03-21T04:22:13.133386,2,1.2890,0.0880,1.2890,0.0000,0.4416,0.4396,0.0427,111
2026-03-21T04:22:13.133386,3,0.1268,0.1268,0.0257,0.0000,1.1068,0.3058,1.0637,7
2026-03-21T04:22:13.133386,4,0.0591,0.0322,0.0591,0.0000,0.2117,0.0273,0.2100,10
2026-03-21T04:22:13.133386,5,0.0816,0.0816,0.0647,0.0000,0.6216,-0.0491,0.6197,8
2026-03-21T04:22:13.133386,6,0.1339,0.1339,0.0119,0.0000,1.0618,-0.2663,1.0278,8
2026-03-21T04:22:13.202440,0,0.0502,0.0499,0.0502,0.0000,0.0912,-0.0044,-0.0911,15
2026-03-21T04:22:13.202440,1,0.1494,0.1494,0.0081,0.1596,1.4250,-0.0001,-1.4250,7
2026-03-21T04:22:13.202440,2,1.3696,0.0912,1.3696,0.0000,0.4428,0.4413,0.0373,114
2026-03-21T04:22:13.202440,3,0.1292,0.1292,0.0309,0.0000,1.1030,0.3048,1.0601,7
2026-03-21T04:22:13.202440,4,0.1059,0.0338,0.1059,0.0000,0.2183,0.0256,0.2168,11
2026-03-21T04:22:13.202440,5,0.0809,0.0809,0.0740,0.0000,0.6084,-0.0481,0.6065,8
2026-03-21T04:22:13.202440,6,0.1616,0.1616,0.0294,0.0000,1.0685,-0.2773,1.0319,9
2026-03-21T04:22:13.272831,0,0.0432,0.0432,0.0304,0.0000,0.0929,-0.0058,-0.0927,13
2026-03-21T04:22:13.272831,1,0.0996,0.0996,0.0032,0.1584,1.4266,-0.0249,-1.4263,5
2026-03-21T04:22:13.272831,2,1.3469,0.0904,1.3469,0.0000,0.4430,0.4425,0.0191,113
2026-03-21T04:22:13.272831,3,0.0870,0.0290,0.0870,0.0000,0.1997,0.0269,0.1979,11
2026-03-21T04:22:13.272831,4,0.0610,0.0610,0.0582,0.0000,0.5588,-0.0388,0.5574,7
2026-03-21T04:22:13.272831,5,0.1625,0.1625,0.0294,0.0000,1.0697,-0.2776,1.0330,9
2026-03-21T04:22:13.342047,0,0.0486,0.0431,0.0486,0.0000,0.0856,-0.0073,-0.0852,13
2026-03-21T04:22:13.342047,1,0.1493,0.1493,0.0101,0.1606,1.4253,-0.0001,-1.4253,7
2026-03-21T04:22:13.342047,2,1.3399,0.0915,1.3399,0.0000,0.4428,0.4416,0.0314,113
2026-03-21T04:22:13.342047,3,0.0909,0.0289,0.0909,0.0000,0.1922,0.0275,0.1902,12
2026-03-21T04:22:13.342047,4,0.0731,0.0691,0.0731,0.0000,0.5288,-0.0414,0.5272,8
2026-03-21T04:22:13.342047,5,0.1625,0.1625,0.0267,0.0000,1.0699,-0.2777,1.0332,9
2026-03-21T04:22:13.412597,0,0.0449,0.0449,0.0447,0.0000,0.0892,-0.0113,-0.0885,10
2026-03-21T04:22:13.412597,1,0.0997,0.0997,0.0042,0.1614,1.4286,0.0249,-1.4283,5
2026-03-21T04:22:13.412597,2,1.2694,0.0805,1.2694,0.0000,0.4430,0.4414,0.0373,110
2026-03-21T04:22:13.412597,3,0.1058,0.0348,0.1058,0.0000,0.1858,0.0280,0.1837,13
2026-03-21T04:22:13.412597,4,0.0766,0.0753,0.0766,0.0000,0.5018,-0.0353,0.5006,9
2026-03-21T04:22:13.412597,5,0.1347,0.1347,0.0138,0.0000,1.0670,-0.2676,1.0329,8
2026-03-21T04:22:13.482682,0,0.0399,0.0399,0.0369,0.0000,0.0826,-0.0088,-0.0821,12
2026-03-21T04:22:13.482682,1,1.2754,0.0753,1.2754,0.0000,0.4433,0.4416,0.0384,110
2026-03-21T04:22:13.482682,2,0.0670,0.0661,0.0670,0.0000,0.8511,0.3929,0.7550,6
2026-03-21T04:22:13.482682,3,0.0462,0.0462,0.0133,0.0000,0.7771,0.2975,0.7179,4
2026-03-21T04:22:13.482682,4,0.0876,0.0317,0.0876,0.0000,0.1432,0.0314,0.1397,15
2026-03-21T04:22:13.482682,5,0.0982,0.0745,0.0982,0.0000,0.3649,-0.0236,0.3641,12
2026-03-21T04:22:13.482682,6,0.1146,0.1146,0.0133,0.0000,1.0715,-0.2596,1.0396,7
2026-03-21T04:22:13.552094,0,0.0768,0.0365,0.0768,0.0000,0.0583,-0.0026,-0.0582,12
2026-03-21T04:22:13.552094,1,1.3267,0.0880,1.3267,0.0000,0.4439,0.4437,0.0140,112
2026-03-21T04:22:13.552094,2,0.0792,0.0792,0.0591,0.0000,0.8616,0.3847,0.7710,6
2026-03-21T04:22:13.552094,3,0.1519,0.0379,0.1519,0.0000,0.1637,0.0297,0.1610,18
2026-03-21T04:22:13.552094,4,0.1020,0.0764,0.1020,0.0000,0.3731,-0.0241,0.3723,12
2026-03-21T04:22:13.552094,5,0.1170,0.1170,0.0115,0.0000,1.0732,-0.2600,1.0412,7
2026-03-21T04:22:13.621564,0,0.0398,0.0398,0.0287,0.0000,0.0805,-0.0103,-0.0799,10
2026-03-21T04:22:13.621564,1,1.3190,0.0875,1.3190,0.0000,0.4426,0.4419,0.0258,112
2026-03-21T04:22:13.621564,2,0.1107,0.0275,0.1107,0.0000,0.1591,0.0287,0.1565,15
2026-03-21T04:22:13.621564,3,0.0928,0.0796,0.0928,0.0000,0.3958,-0.0316,0.3946,10
2026-03-21T04:22:13.621564,4,0.1186,0.1186,0.0126,0.0000,1.0672,-0.2586,1.0354,7
2026-03-21T04:22:13.691336,0,0.0723,0.0328,0.0723,0.0000,0.0798,-0.0093,-0.0793,12
2026-03-21T04:22:13.691336,1,1.2940,0.0879,1.2940,0.0000,0.4422,0.4418,0.0193,111
2026-03-21T04:22:13.691336,2,0.0782,0.0310,0.0782,0.0000,0.1747,0.0298,0.1721,13
2026-03-21T04:22:13.691336,3,0.0615,0.0615,0.0499,0.0000,0.4714,-0.0322,0.4702,7
2026-03-21T04:22:13.691336,4,0.1614,0.1614,0.0281,0.0000,1.0718,-0.2781,1.0351,9
2026-03-21T04:22:13.760567,0,0.0496,0.0400,0.0496,0.0000,0.0883,-0.0054,-0.0881,13
2026-03-21T04:22:13.760567,1,0.1744,0.1744,0.0046,0.1586,1.4257,0.0373,-1.4252,8
2026-03-21T04:22:13.760567,2,1.2846,0.0898,1.2846,0.0000,0.4400,0.4390,0.0304,111
2026-03-21T04:22:13.760567,3,0.1933,0.1933,0.0307,0.0000,1.1082,0.2876,1.0702,11
2026-03-21T04:22:13.760567,4,0.0308,0.0290,0.0308,0.0000,0.2687,0.0234,0.2677,7
2026-03-21T04:22:13.760567,5,0.0709,0.0709,0.0235,0.0000,0.7968,-0.0668,0.7940,5
2026-03-21T04:22:13.760567,6,0.1755,0.1755,0.0151,0.0000,1.0613,-0.2664,1.0273,10
2026-03-21T04:22:13.829899,0,0.0415,0.0415,0.0350,0.0000,0.0870,-0.0045,-0.0869,14
2026-03-21T04:22:13.829899,1,0.1732,0.1732,0.0099,0.1495,1.4144,0.0123,-1.4143,8
2026-03-21T04:22:13.829899,2,1.3034,0.0995,1.3034,0.0000,0.4401,0.4387,0.0353,112
2026-03-21T04:22:13.829899,3,0.3048,0.3048,0.0394,0.0000,1.0877,0.2281,1.0635,17
2026-03-21T04:22:13.829899,4,0.2790,0.2790,0.0297,0.0000,1.0476,-0.1920,1.0299,16
2026-03-21T04:22:13.900477,0,0.0396,0.0396,0.0298,0.0000,0.0869,-0.0054,-0.0867,14
2026-03-21T04:22:13.900477,1,0.1725,0.1725,0.0110,0.1436,1.4092,0.0369,-1.4088,8
2026-03-21T04:22:13.900477,2,1.2505,0.1013,1.2505,0.0000,0.4383,0.4370,0.0342,110
2026-03-21T04:22:13.900477,3,0.3301,0.3301,0.0550,0.0000,1.0813,0.1996,1.0627,18
2026-03-21T04:22:13.900477,4,0.3065,0.3065,0.0295,0.0000,1.0530,-0.2203,1.0296,17
2026-03-21T04:22:13.968866,0,0.0472,0.0472,0.0371,0.0000,0.0889,-0.0066,-0.0887,14
2026-03-21T04:22:13.968866,1,0.0984,0.0984,0.0057,0.1442,1.4102,0.0246,-1.4100,5
2026-03-21T04:22:13.968866,2,1.3324,0.1150,1.3324,0.0000,0.4393,0.4376,0.0382,113
2026-03-21T04:22:13.968866,3,0.3144,0.3144,0.0550,0.0000,1.0840,0.1907,1.0671,17
2026-03-21T04:22:13.968866,4,0.2784,0.2784,0.0217,0.0000,1.0483,-0.2101,1.0270,16
2026-03-21T04:22:14.039381,0,0.0462,0.0462,0.0403,0.0000,0.0858,-0.0039,-0.0858,15
2026-03-21T04:22:14.039381,1,0.1730,0.1730,0.0100,0.1485,1.4132,0.0122,-1.4132,8
2026-03-21T04:22:14.039381,2,1.3559,0.1256,1.3559,0.0000,0.4392,0.4372,0.0422,114
2026-03-21T04:22:14.039381,3,0.3309,0.3309,0.0526,0.0000,1.0834,0.1813,1.0681,18
2026-03-21T04:22:14.039381,4,0.2748,0.2748,0.0335,0.0000,1.0503,-0.2283,1.0252,16
2026-03-21T04:22:14.108610,0,0.0450,0.0450,0.0341,0.0000,0.0883,-0.0075,-0.0880,15
2026-03-21T04:22:14.108610,1,0.1728,0.1728,0.0121,0.1496,1.4126,0.0369,-1.4121,8
2026-03-21T04:22:14.108610,2,1.3550,0.1355,1.3550,0.0000,0.4392,0.4373,0.0409,114
2026-03-21T04:22:14.108610,3,0.3461,0.3461,0.0741,0.0000,1.0804,0.1719,1.0666,19
2026-03-21T04:22:14.108610,4,0.3035,0.3035,0.0279,0.0000,1.0505,-0.2376,1.0233,17
2026-03-21T04:22:14.178185,0,0.0447,0.0346,0.0447,0.0000,0.0830,-0.0049,-0.0828,13
2026-03-21T04:22:14.178185,1,0.0985,0.0985,0.0099,0.1464,1.4110,0.0246,-1.4108,5
2026-03-21T04:22:14.178185,2,1.3018,0.1346,1.3018,0.0000,0.4389,0.4359,0.0511,112
2026-03-21T04:22:14.248211,0,0.0499,0.0449,0.0499,0.0000,0.0910,-0.0039,-0.0910,14
2026-03-21T04:22:14.248211,1,0.1230,0.1230,0.0062,0.1432,1.4102,0.0369,-1.4097,6
2026-03-21T04:22:14.248211,2,0.0967,0.0967,0.0231,0.1233,1.4220,0.3440,-1.3797,5
2026-03-21T04:22:14.248211,3,1.3545,0.1560,1.3545,0.0000,0.4391,0.4364,0.0490,114
2026-03-21T04:22:14.318581,0,0.0491,0.0491,0.0482,0.0000,0.0900,-0.0073,-0.0897,15
2026-03-21T04:22:14.318581,1,0.0985,0.0985,0.0107,0.1482,1.4128,0.0246,-1.4126,5
2026-03-21T04:22:14.318581,2,0.1457,0.1457,0.0324,0.1131,1.4214,0.3919,-1.3663,7
2026-03-21T04:22:14.318581,3,1.2991,0.1838,1.2991,0.0000,0.4396,0.4345,0.0668,112
2026-03-21T04:22:14.387650,0,0.0453,0.0334,0.0453,0.0000,0.0863,-0.0060,-0.0861,14
2026-03-21T04:22:14.387650,1,0.0986,0.0986,0.0124,0.1534,1.4176,0.0494,-1.4167,5
2026-03-21T04:22:14.387650,2,0.0942,0.0942,0.0319,0.1079,1.4214,0.4156,-1.3593,5
2026-03-21T04:22:14.387650,3,1.3014,0.2077,1.3014,0.0000,0.4416,0.4371,0.0633,112
2026-03-21T04:22:14.458942,0,0.0438,0.0438,0.0380,0.0000,0.0876,-0.0082,-0.0872,14
2026-03-21T04:22:14.458942,1,1.3141,0.2061,1.3141,0.0000,0.4429,0.4365,0.0753,112
2026-03-21T04:22:14.527881,0,0.0389,0.0389,0.0167,0.0000,0.0840,-0.0043,-0.0839,12
2026-03-21T04:22:14.527881,1,0.0990,0.0990,0.0059,0.1524,1.4204,0.0248,-1.4202,5
2026-03-21T04:22:14.527881,2,0.0773,0.0418,0.0773,0.0000,0.3422,0.0915,-0.3297,6
2026-03-21T04:22:14.527881,3,1.3402,0.1976,1.3402,0.0000,0.4432,0.4372,0.0722,113
2026-03-21T04:22:14.597402,0,0.0379,0.0379,0.0220,0.0000,0.0862,-0.0078,-0.0858,13
2026-03-21T04:22:14.597402,1,0.0986,0.0986,0.0139,0.1514,1.4136,0.0493,-1.4127,5
2026-03-21T04:22:14.597402,2,1.2915,0.1688,1.2915,0.0000,0.4435,0.4389,0.0632,111
2026-03-21T04:22:14.666270,0,0.0392,0.0303,0.0392,0.0000,0.0799,-0.0081,-0.0795,10
2026-03-21T04:22:14.666270,1,0.0983,0.0983,0.0132,0.1492,1.4128,0.0492,-1.4119,5
2026-03-21T04:22:14.666270,2,1.3380,0.1732,1.3380,0.0000,0.4442,0.4411,0.0520,113
2026-03-21T04:22:14.735759,0,0.0361,0.0317,0.0361,0.0000,0.0842,-0.0127,-0.0833,9
2026-03-21T04:22:14.735759,1,0.0989,0.0989,0.0116,0.1532,1.4162,0.0247,-1.4160,5
2026-03-21T04:22:14.735759,2,0.0673,0.0199,0.0673,0.0000,0.2644,0.0704,-0.2548,6
2026-03-21T04:22:14.735759,3,1.2713,0.1548,1.2713,0.0000,0.4446,0.4419,0.0485,110
2026-03-21T04:22:14.804485,0,0.0375,0.0137,0.0375,0.0000,0.0836,-0.0167,-0.0819,8
2026-03-21T04:22:14.804485,1,0.0590,0.0590,0.0519,0.0000,0.6355,0.0611,-0.6326,6
2026-03-21T04:22:14.804485,2,0.0547,0.0270,0.0547,0.0000,0.1945,0.0530,-0.1872,6
2026-03-21T04:22:14.804485,3,1.2997,0.1423,1.2997,0.0000,0.4452,0.4415,0.0570,111
2026-03-21T04:22:14.874586,0,0.0479,0.0137,0.0479,0.0000,0.0842,-0.0167,-0.0825,8
2026-03-21T04:22:14.874586,1,0.0713,0.0713,0.0561,0.0000,0.6327,0.0666,-0.6292,7
2026-03-21T04:22:14.874586,2,0.0737,0.0225,0.0737,0.0000,0.1792,0.0486,-0.1725,6
2026-03-21T04:22:14.874586,3,1.3900,0.1581,1.3900,0.0000,0.4432,0.4411,0.0436,115
2026-03-21T04:22:14.944138,0,0.0439,0.0095,0.0439,0.0000,0.0848,-0.0166,-0.0832,8
2026-03-21T04:22:14.944138,1,0.0586,0.0586,0.0363,0.0000,0.7944,0.0832,-0.7900,5
2026-03-21T04:22:14.944138,2,0.0889,0.0503,0.0889,0.0000,0.2364,0.0676,-0.2266,8
2026-03-21T04:22:14.944138,3,1.3817,0.1779,1.3817,0.0000,0.4421,0.4390,0.0521,115
2026-03-21T04:22:15.014186,0,0.0376,0.0376,0.0219,0.0000,0.0875,-0.0071,-0.0872,11
2026-03-21T04:22:15.014186,1,0.1234,0.1234,0.0102,0.1512,1.4164,0.0370,-1.4159,6
2026-03-21T04:22:15.014186,2,0.0694,0.0441,0.0694,0.0000,0.3641,0.0948,-0.3515,5
2026-03-21T04:22:15.014186,3,1.3606,0.1828,1.3606,0.0000,0.4424,0.4401,0.0443,114
2026-03-21T04:22:15.084527,0,0.0415,0.0354,0.0415,0.0000,0.0863,-0.0091,-0.0858,12
2026-03-21T04:22:15.084527,1,0.0987,0.0987,0.0046,0.1422,1.4110,0.0739,-1.4090,5
2026-03-21T04:22:15.084527,2,0.0569,0.0224,0.0569,0.0000,0.3190,0.0796,-0.3089,6
2026-03-21T04:22:15.084527,3,1.3134,0.1638,1.3134,0.0000,0.4427,0.4387,0.0590,112
2026-03-21T04:22:15.154311,0,0.0350,0.0350,0.0263,0.0000,0.0858,-0.0146,-0.0845,9
2026-03-21T04:22:15.154311,1,0.0986,0.0986,0.0127,0.1512,1.4152,0.0246,-1.4150,5
2026-03-21T04:22:15.154311,2,0.0652,0.0404,0.0652,0.0000,0.2571,0.0670,-0.2482,7
2026-03-21T04:22:15.154311,3,1.3167,0.1500,1.3167,0.0000,0.4431,0.4404,0.0495,112
2026-03-21T04:22:15.224936,0,0.0329,0.0317,0.0329,0.0000,0.0846,-0.0087,-0.0842,12
2026-03-21T04:22:15.224936,1,0.0985,0.0985,0.0099,0.1484,1.4130,0.0246,-1.4128,5
2026-03-21T04:22:15.224936,2,1.3178,0.1405,1.3178,0.0000,0.4436,0.4418,0.0401,112
2026-03-21T04:22:15.294049,0,0.0505,0.0505,0.0485,0.0000,0.0936,-0.0080,-0.0933,12
2026-03-21T04:22:15.294049,1,0.1218,0.1218,0.0163,0.1384,1.4052,0.0612,-1.4039,6
2026-03-21T04:22:15.294049,2,1.2982,0.1334,1.2982,0.0000,0.4453,0.4428,0.0469,111
2026-03-21T04:22:15.364522,0,0.0385,0.0382,0.0385,0.0000,0.0889,-0.0123,-0.0881,10
2026-03-21T04:22:15.364522,1,0.1712,0.1712,0.0264,0.1476,1.4072,0.0366,-1.4068,8
2026-03-21T04:22:15.364522,2,1.2511,0.1244,1.2511,0.0000,0.4457,0.4431,0.0478,109
2026-03-21T04:22:15.433760,0,0.0369,0.0369,0.0258,0.0000,0.0858,-0.0140,-0.0846,10
2026-03-21T04:22:15.433760,1,0.1708,0.1708,0.0234,0.1442,1.4079,0.0613,-1.4065,8
2026-03-21T04:22:15.433760,2,1.3043,0.1312,1.3043,0.0000,0.4478,0.4463,0.0358,111
2026-03-21T04:22:15.502844,0,0.0754,0.0519,0.0754,0.0000,0.0946,-0.0053,-0.0945,14
2026-03-21T04:22:15.502844,1,0.0990,0.0990,0.0141,0.1546,1.4170,-0.0248,-1.4168,5
2026-03-21T04:22:15.502844,2,0.0491,0.0491,0.0041,0.1376,1.4072,0.0737,-1.4053,3
2026-03-21T04:22:15.502844,3,0.0965,0.0965,0.0241,0.1243,1.4246,0.3447,-1.3822,5
2026-03-21T04:22:15.502844,4,1.3066,0.1385,1.3066,0.0000,0.4514,0.4489,0.0474,111
2026-03-21T04:22:15.572352,0,0.0906,0.0491,0.0906,0.0000,0.0912,-0.0031,-0.0911,15
2026-03-21T04:22:15.572352,1,0.1227,0.1227,0.0142,0.1462,1.4109,0.0369,-1.4104,6
2026-03-21T04:22:15.572352,2,0.0979,0.0979,0.0172,0.1165,1.4214,0.3439,-1.3791,5
2026-03-21T04:22:15.572352,3,1.3195,0.1586,1.3195,0.0000,0.4585,0.4563,0.0451,111
2026-03-21T04:22:15.572352,4,0.1099,0.1099,0.0336,0.0000,1.0711,-0.3489,1.0126,7
2026-03-21T04:22:15.641509,0,0.0400,0.0400,0.0280,0.0000,0.0876,-0.0070,-0.0873,12
2026-03-21T04:22:15.641509,1,0.1232,0.1232,0.0094,0.1474,1.4132,0.0616,-1.4119,6
2026-03-21T04:22:15.641509,2,0.1707,0.1707,0.0307,0.1145,1.4160,0.3547,-1.3708,8
2026-03-21T04:22:15.641509,3,1.2733,0.1700,1.2733,0.0000,0.4647,0.4608,0.0603,108
2026-03-21T04:22:15.641509,4,0.0774,0.0201,0.0774,0.0000,0.0722,-0.0277,0.0666,13
2026-03-21T04:22:15.711239,0,0.0445,0.0393,0.0445,0.0000,0.0896,-0.0120,-0.0888,9
2026-03-21T04:22:15.711239,1,0.0490,0.0380,0.0490,0.0000,0.3049,0.0895,-0.2915,5
2026-03-21T04:22:15.711239,2,1.3359,0.1817,1.3359,0.0000,0.4699,0.4660,0.0602,110
2026-03-21T04:22:15.711239,3,0.0771,0.0144,0.0771,0.0000,0.0794,-0.0287,0.0740,16
2026-03-21T04:22:15.781295,0,0.0224,0.0050,0.0224,0.0000,0.0840,-0.0166,-0.0823,6
2026-03-21T04:22:15.781295,1,0.0653,0.0563,0.0653,0.0000,0.7462,0.0912,-0.7406,5
2026-03-21T04:22:15.781295,2,0.0877,0.0297,0.0877,0.0000,0.3189,0.0929,-0.3051,5
2026-03-21T04:22:15.781295,3,1.3075,0.2010,1.3075,0.0000,0.4739,0.4697,0.0630,109
2026-03-21T04:22:15.781295,4,0.0263,0.0102,0.0263,0.0000,0.0990,-0.0456,0.0878,6
2026-03-21T04:22:15.850896,0,0.0617,0.0410,0.0617,0.0000,0.0884,-0.0109,-0.0878,9
2026-03-21T04:22:15.850896,1,1.3191,0.2273,1.3191,0.0000,0.4765,0.4711,0.0715,109
2026-03-21T04:22:15.920337,0,0.0525,0.0438,0.0525,0.0000,0.0890,-0.0012,-0.0890,13
2026-03-21T04:22:15.920337,1,0.1445,0.1445,0.0321,0.1014,1.4083,0.3884,-1.3537,7
2026-03-21T04:22:15.920337,2,1.3247,0.2586,1.3247,0.0000,0.4813,0.4748,0.0793,109
2026-03-21T04:22:15.920337,3,0.1098,0.1098,0.0286,0.0000,1.0669,-0.3999,0.9892,7
2026-03-21T04:22:15.990569,0,0.0529,0.0412,0.0529,0.0000,0.0895,-0.0039,-0.0895,13
2026-03-21T04:22:15.990569,1,1.3069,0.2131,1.3069,0.0000,0.4854,0.4797,0.0743,107
2026-03-21T04:22:15.990569,2,0.0446,0.0138,0.0446,0.0000,0.0964,-0.0433,0.0861,7
2026-03-21T04:22:16.061483,0,0.2475,0.0805,0.2475,0.0000,0.2758,0.0498,-0.2713,24
2026-03-21T04:22:16.061483,1,1.3795,0.0943,1.3795,0.0000,0.4963,0.4946,0.0415,108
2026-03-21T04:22:16.061483,2,0.0435,0.0080,0.0435,0.0000,0.0650,-0.0263,0.0595,12
2026-03-21T04:22:16.130849,0,0.1971,0.0900,0.1971,0.0000,0.2392,0.0294,-0.2374,28
2026-03-21T04:22:16.130849,1,1.3255,0.0419,1.3255,0.0000,0.4975,0.4973,0.0141,106
2026-03-21T04:22:16.130849,2,0.0353,0.0144,0.0353,0.0000,0.0614,-0.0246,0.0562,13
2026-03-21T04:22:16.199697,0,0.1456,0.0957,0.1456,0.0000,0.2003,0.0172,-0.1995,37
2026-03-21T04:22:16.199697,1,1.3540,0.0430,1.3540,0.0000,0.4938,0.4936,0.0111,108
2026-03-21T04:22:16.199697,2,0.0672,0.0136,0.0672,0.0000,0.0797,-0.0313,0.0733,13
2026-03-21T04:22:16.268726,0,0.1039,0.0855,0.1039,0.0000,0.1909,0.0225,-0.1896,36
2026-03-21T04:22:16.268726,1,1.3704,0.0344,1.3704,0.0000,0.4989,0.4987,-0.0151,108
2026-03-21T04:22:16.268726,2,0.0681,0.0177,0.0681,0.0000,0.0769,-0.0309,0.0704,12
2026-03-21T04:22:16.339222,0,0.1081,0.0993,0.1081,0.0000,0.1890,0.0218,-0.1877,39
2026-03-21T04:22:16.339222,1,1.3572,0.0404,1.3572,0.0000,0.5111,0.5111,-0.0022,106
2026-03-21T04:22:16.339222,2,0.0606,0.0160,0.0606,0.0000,0.0780,-0.0313,0.0715,12
2026-03-21T04:22:16.408399,0,0.1206,0.1049,0.1206,0.0000,0.1561,0.0215,-0.1546,46
2026-03-21T04:22:16.408399,1,1.3397,0.0865,1.3397,0.0000,0.5226,0.5225,-0.0064,104
2026-03-21T04:22:16.408399,2,0.0909,0.0259,0.0909,0.0000,0.0828,-0.0331,0.0759,12
2026-03-21T04:22:16.478447,0,0.1378,0.1378,0.0932,0.0000,0.1560,0.0277,-0.1535,48
2026-03-21T04:22:16.478447,1,1.3079,0.1448,1.3079,0.0000,0.5369,0.5343,-0.0524,102
2026-03-21T04:22:16.478447,2,0.0598,0.0159,0.0598,0.0000,0.0779,-0.0313,0.0714,12
2026-03-21T04:22:16.546976,0,0.1262,0.1262,0.1106,0.0000,0.1422,0.0321,-0.1386,53
2026-03-21T04:22:16.546976,1,1.2556,0.1548,1.2556,0.0000,0.5561,0.5559,-0.0149,97
2026-03-21T04:22:16.546976,2,0.0567,0.0178,0.0567,0.0000,0.0768,-0.0300,0.0706,13
2026-03-21T04:22:16.616455,0,0.1293,0.1293,0.0996,0.0000,0.1398,0.0370,-0.1348,56
2026-03-21T04:22:16.616455,1,1.2262,0.1807,1.2262,0.0000,0.5865,0.5865,0.0063,92
2026-03-21T04:22:16.616455,2,0.0776,0.0188,0.0776,0.0000,0.0812,-0.0318,0.0747,13
2026-03-21T04:22:16.686891,0,0.0477,0.0477,0.0305,0.0000,0.6442,-0.2974,-0.5714,6
2026-03-21T04:22:16.686891,1,0.1441,0.1441,0.1197,0.0000,0.1390,0.0400,-0.1331,58
2026-03-21T04:22:16.686891,2,1.1029,0.1880,1.1029,0.0000,0.6003,0.6001,-0.0137,85
2026-03-21T04:22:16.686891,3,0.0509,0.0132,0.0509,0.0000,0.0734,-0.0295,0.0672,12
2026-03-21T04:22:16.757287,0,0.0794,0.0794,0.0394,0.0000,0.6256,-0.2742,-0.5623,9
2026-03-21T04:22:16.757287,1,0.0795,0.0530,0.0795,0.0000,0.3701,-0.1152,-0.3517,5
2026-03-21T04:22:16.757287,2,0.1803,0.1803,0.0926,0.0000,0.1427,0.0455,-0.1353,60
2026-03-21T04:22:16.757287,3,1.1099,0.1756,1.1099,0.0000,0.6241,0.6240,0.0095,83
2026-03-21T04:22:16.757287,4,0.0464,0.0154,0.0464,0.0000,0.0745,-0.0300,0.0682,12
2026-03-21T04:22:16.826633,0,0.0946,0.0946,0.0345,0.0000,0.6243,-0.2689,-0.5634,10
2026-03-21T04:22:16.826633,1,0.0676,0.0445,0.0676,0.0000,0.3671,-0.1079,-0.3509,5
2026-03-21T04:22:16.826633,2,0.2327,0.2327,0.1347,0.0000,0.1494,0.0468,-0.1419,63
2026-03-21T04:22:16.826633,3,1.0803,0.1702,1.0803,0.0000,0.6320,0.6319,0.0081,81
2026-03-21T04:22:16.826633,4,0.0570,0.0194,0.0570,0.0000,0.0727,-0.0299,0.0663,11
2026-03-21T04:22:16.897238,0,0.1003,0.1003,0.0468,0.0000,0.6281,-0.2655,-0.5693,11
2026-03-21T04:22:16.897238,1,0.2095,0.2095,0.1050,0.0000,0.1517,0.0511,-0.1428,59
2026-03-21T04:22:16.897238,2,1.1085,0.1536,1.1085,0.0000,0.6370,0.6370,-0.0010,82
2026-03-21T04:22:16.897238,3,0.0584,0.0165,0.0584,0.0000,0.0838,-0.0351,0.0761,10
2026-03-21T04:22:16.966111,0,0.1031,0.0988,0.1031,0.0000,0.6407,-0.2652,-0.5833,12
2026-03-21T04:22:16.966111,1,0.1838,0.1838,0.1327,0.0000,0.1520,0.0544,-0.1419,57
2026-03-21T04:22:16.966111,2,1.2262,0.1367,1.2262,0.0000,0.6451,0.6449,0.0188,87
2026-03-21T04:22:16.966111,3,0.0582,0.0221,0.0582,0.0000,0.0757,-0.0330,0.0681,8
2026-03-21T04:22:17.035357,0,0.0922,0.0823,0.0922,0.0000,0.6468,-0.2729,-0.5865,11
2026-03-21T04:22:17.035357,1,0.1741,0.1741,0.1369,0.0000,0.1594,0.0556,-0.1494,54
2026-03-21T04:22:17.035357,2,1.2176,0.0867,1.2176,0.0000,0.6460,0.6460,-0.0021,87
2026-03-21T04:22:17.035357,3,0.0617,0.0242,0.0617,0.0000,0.0937,-0.0418,0.0838,7
2026-03-21T04:22:17.104794,0,0.0963,0.0699,0.0963,0.0000,0.6692,-0.2876,-0.6042,10
2026-03-21T04:22:17.104794,1,0.1523,0.1523,0.1517,0.0000,0.1713,0.0615,-0.1598,50
2026-03-21T04:22:17.104794,2,1.3073,0.0379,1.3073,0.0000,0.6470,0.6467,0.0188,91
2026-03-21T04:22:17.174692,0,0.1155,0.0450,0.1155,0.0000,0.6818,-0.2927,-0.6158,8
2026-03-21T04:22:17.174692,1,0.0259,0.0086,0.0259,0.0000,0.0780,-0.0163,-0.0762,7
2026-03-21T04:22:17.174692,2,0.1269,0.1269,0.1106,0.0000,0.1888,0.0768,-0.1725,42
2026-03-21T04:22:17.174692,3,1.2933,0.0298,1.2933,0.0000,0.6442,0.6441,0.0120,91
2026-03-21T04:22:17.174692,4,0.0936,0.0120,0.0936,0.0000,0.9935,0.6382,0.7614,5
2026-03-21T04:22:17.243988,0,0.1948,0.1719,0.1948,0.0000,0.1799,0.0689,-0.1662,48
2026-03-21T04:22:17.243988,1,0.1323,0.1323,0.0460,0.0227,1.2638,-0.0225,-1.2636,7
2026-03-21T04:22:17.243988,2,1.4261,0.1232,1.4261,0.0000,0.6307,0.6288,0.0481,98
2026-03-21T04:22:17.314764,0,0.0808,0.0305,0.0808,0.0000,0.5651,-0.2560,-0.5038,7
2026-03-21T04:22:17.314764,1,0.0778,0.0122,0.0778,0.0000,0.0693,-0.0132,-0.0681,8
2026-03-21T04:22:17.314764,2,0.1557,0.1557,0.0433,0.0277,1.2757,0.0107,-1.2757,8
2026-03-21T04:22:17.314764,3,0.1608,0.1608,0.1429,0.0000,0.2286,0.1009,-0.2051,37
2026-03-21T04:22:17.314764,4,1.4493,0.2368,1.4493,0.0000,0.6106,0.6034,0.0937,101
2026-03-21T04:22:17.384360,0,0.0869,0.0372,0.0869,0.0000,0.5735,-0.2552,-0.5136,8
2026-03-21T04:22:17.384360,1,0.0608,0.0298,0.0608,0.0000,0.0706,-0.0095,-0.0699,7
2026-03-21T04:22:17.384360,2,0.1684,0.1684,0.1666,0.0000,0.2549,0.1113,-0.2293,33
2026-03-21T04:22:17.384360,3,0.0960,0.0120,0.0960,0.0000,0.9895,0.7464,-0.6496,5
2026-03-21T04:22:17.384360,4,1.4172,0.2992,1.4172,0.0000,0.5926,0.5780,0.1306,102
2026-03-21T04:22:17.455133,0,0.1162,0.0525,0.1162,0.0000,0.6161,-0.2637,-0.5568,10
2026-03-21T04:22:17.455133,1,0.0425,0.0129,0.0425,0.0000,0.0761,-0.0145,-0.0747,7
2026-03-21T04:22:17.455133,2,0.1648,0.1232,0.1648,0.0000,0.3310,0.1352,-0.3022,25
2026-03-21T04:22:17.455133,3,1.3840,0.3539,1.3840,0.0000,0.5711,0.5509,0.1507,103
2026-03-21T04:22:17.524643,0,0.0824,0.0732,0.0824,0.0000,0.6443,-0.2767,-0.5818,10
2026-03-21T04:22:17.524643,1,0.0293,0.0060,0.0293,0.0000,0.0825,-0.0163,-0.0808,6
2026-03-21T04:22:17.524643,2,0.0825,0.0825,0.0314,0.0000,1.1864,0.0205,-1.1863,5
2026-03-21T04:22:17.524643,3,0.0652,0.0652,0.0507,0.0000,0.4597,0.1427,-0.4370,7
2026-03-21T04:22:17.524643,4,1.3914,0.4067,1.3914,0.0000,0.5490,0.5300,0.1431,106
2026-03-21T04:22:17.594308,0,0.0416,0.0416,0.0293,0.0000,0.0880,-0.0053,-0.0879,11
2026-03-21T04:22:17.594308,1,0.0584,0.0584,0.0545,0.0000,0.7424,0.2049,-0.7135,5
2026-03-21T04:22:17.594308,2,1.3786,0.3990,1.3786,0.0000,0.5148,0.4950,0.1414,109
2026-03-21T04:22:17.663201,0,0.0409,0.0409,0.0267,0.0000,0.0864,-0.0080,-0.0861,11
2026-03-21T04:22:17.663201,1,1.3193,0.3355,1.3193,0.0000,0.4915,0.4786,0.1118,108
2026-03-21T04:22:17.733170,0,0.0513,0.0448,0.0513,0.0000,0.0901,-0.0022,-0.0901,11
2026-03-21T04:22:17.733170,1,1.2705,0.2454,1.2705,0.0000,0.4763,0.4652,0.1021,107
2026-03-21T04:22:17.802272,0,0.0422,0.0422,0.0376,0.0000,0.0833,-0.0066,-0.0830,12
2026-03-21T04:22:17.802272,1,1.2827,0.2104,1.2827,0.0000,0.4682,0.4616,0.0780,108
2026-03-21T04:22:17.871383,0,0.0477,0.0418,0.0477,0.0000,0.0854,-0.0055,-0.0852,13
2026-03-21T04:22:17.871383,1,1.2591,0.1790,1.2591,0.0000,0.4586,0.4549,0.0582,108
2026-03-21T04:22:17.940064,0,0.0364,0.0360,0.0364,0.0000,0.0876,-0.0077,-0.0872,13
2026-03-21T04:22:17.940064,1,1.3275,0.1742,1.3275,0.0000,0.4506,0.4452,0.0701,112
2026-03-21T04:22:18.009684,0,0.0366,0.0366,0.0269,0.0000,0.0843,-0.0047,-0.0842,12
2026-03-21T04:22:18.009684,1,1.3373,0.1948,1.3373,0.0000,0.4458,0.4399,0.0718,113
2026-03-21T04:22:18.079780,0,0.0430,0.0422,0.0430,0.0000,0.0881,-0.0058,-0.0879,15
2026-03-21T04:22:18.079780,1,1.2857,0.2092,1.2857,0.0000,0.4441,0.4369,0.0800,111
2026-03-21T04:22:18.149380,0,0.0469,0.0416,0.0469,0.0000,0.0872,-0.0050,-0.0870,16
2026-03-21T04:22:18.149380,1,1.3142,0.2086,1.3142,0.0000,0.4428,0.4399,0.0506,112
2026-03-21T04:22:18.219940,0,0.0430,0.0382,0.0430,0.0000,0.0867,-0.0067,-0.0865,14
2026-03-21T04:22:18.219940,1,1.3051,0.2052,1.3051,0.0000,0.4417,0.4352,0.0755,112
2026-03-21T04:22:18.289135,0,0.0400,0.0393,0.0400,0.0000,0.0848,-0.0050,-0.0846,12
2026-03-21T04:22:18.289135,1,1.3274,0.1933,1.3274,0.0000,0.4400,0.4359,0.0602,113
2026-03-21T04:22:18.359756,0,0.0364,0.0364,0.0325,0.0000,0.0901,-0.0067,-0.0899,11
2026-03-21T04:22:18.359756,1,1.2328,0.1591,1.2328,0.0000,0.4398,0.4379,0.0405,109
2026-03-21T04:22:18.359756,2,0.0473,0.0063,0.0473,0.0000,0.7856,0.3686,0.6937,3
2026-03-21T04:22:18.429812,0,0.0660,0.0397,0.0660,0.0000,0.0898,-0.0123,-0.0890,11
2026-03-21T04:22:18.429812,1,1.3288,0.1575,1.3288,0.0000,0.4390,0.4357,0.0540,113
2026-03-21T04:22:18.500071,0,0.0636,0.0412,0.0636,0.0000,0.0910,-0.0082,-0.0906,12
2026-03-21T04:22:18.500071,1,1.2810,0.1268,1.2810,0.0000,0.4391,0.4366,0.0470,111
2026-03-21T04:22:18.569625,0,0.0501,0.0413,0.0501,0.0000,0.0865,-0.0076,-0.0862,10
2026-03-21T04:22:18.569625,1,1.2817,0.0959,1.2817,0.0000,0.4378,0.4368,0.0287,111
2026-03-21T04:22:18.639208,0,0.0560,0.0479,0.0560,0.0000,0.0948,-0.0142,-0.0938,9
2026-03-21T04:22:18.639208,1,0.0995,0.0995,0.0079,0.1595,1.4250,0.0498,-1.4241,5
2026-03-21T04:22:18.639208,2,1.2603,0.0650,1.2603,0.0000,0.4380,0.4376,0.0168,110
2026-03-21T04:22:18.708480,0,0.0409,0.0409,0.0311,0.0000,0.0890,-0.0113,-0.0883,10
2026-03-21T04:22:18.708480,1,0.0994,0.0994,0.0060,0.1552,1.4216,0.0248,-1.4214,5
2026-03-21T04:22:18.708480,2,1.2588,0.0517,1.2588,0.0000,0.4378,0.4377,0.0094,110
2026-03-21T04:22:18.776921,0,0.0359,0.0359,0.0275,0.0000,0.0832,-0.0077,-0.0829,13
2026-03-21T04:22:18.776921,1,0.1247,0.1247,0.0055,0.1580,1.4254,-0.0374,-1.4249,6
2026-03-21T04:22:18.776921,2,1.2840,0.0515,1.2840,0.0000,0.4389,0.4386,0.0163,111
2026-03-21T04:22:18.846603,0,0.0467,0.0467,0.0425,0.0000,0.0882,-0.0074,-0.0879,13
2026-03-21T04:22:18.846603,1,0.0997,0.0997,0.0050,0.1595,1.4270,-0.0499,-1.4261,5
2026-03-21T04:22:18.846603,2,0.0993,0.0993,0.0246,0.1586,1.4198,0.0742,-1.4178,5
2026-03-21T04:22:18.846603,3,1.2932,0.0495,1.2932,0.0000,0.4394,0.4393,0.0056,111
2026-03-21T04:22:18.916587,0,0.0422,0.0422,0.0331,0.0000,0.0913,-0.0073,-0.0910,14
2026-03-21T04:22:18.916587,1,0.0993,0.0993,0.0056,0.1562,1.4226,0.0000,-1.4226,5
2026-03-21T04:22:18.916587,2,1.3348,0.0431,1.3348,0.0000,0.4397,0.4393,0.0191,113
2026-03-21T04:22:18.984823,0,0.0429,0.0407,0.0429,0.0000,0.0876,-0.0057,-0.0874,14
2026-03-21T04:22:18.984823,1,1.3362,0.0422,1.3362,0.0000,0.4400,0.4399,0.0071,113
2026-03-21T04:22:19.055335,0,0.0419,0.0419,0.0283,0.0000,0.0898,-0.0090,-0.0894,11
2026-03-21T04:22:19.055335,1,0.0991,0.0991,0.0090,0.1536,1.4196,-0.0001,-1.4196,5
2026-03-21T04:22:19.055335,2,1.2320,0.0431,1.2320,0.0000,0.4386,0.4385,0.0068,109
2026-03-21T04:22:19.125719,0,0.0387,0.0387,0.0257,0.0000,0.0885,-0.0074,-0.0882,9
2026-03-21T04:22:19.125719,1,1.3126,0.0440,1.3126,0.0000,0.4397,0.4395,0.0128,112
2026-03-21T04:22:19.195526,0,0.0412,0.0412,0.0328,0.0000,0.0861,-0.0106,-0.0855,9
2026-03-21T04:22:19.195526,1,1.3394,0.0472,1.3394,0.0000,0.4409,0.4406,-0.0162,113
2026-03-21T04:22:19.265635,0,0.0408,0.0394,0.0408,0.0000,0.0869,-0.0086,-0.0865,12
2026-03-21T04:22:19.265635,1,0.0995,0.0995,0.0033,0.1565,1.4248,-0.0498,-1.4239,5
2026-03-21T04:22:19.265635,2,1.3406,0.0298,1.3406,0.0000,0.4403,0.4403,-0.0007,113
2026-03-21T04:22:19.336071,0,0.0354,0.0354,0.0316,0.0000,0.0825,-0.0069,-0.0822,9
2026-03-21T04:22:19.336071,1,1.3397,0.0391,1.3397,0.0000,0.4399,0.4398,-0.0099,113
2026-03-21T04:22:19.405329,0,0.0352,0.0352,0.0319,0.0000,0.0851,-0.0095,-0.0845,9
2026-03-21T04:22:19.405329,1,0.0524,0.0314,0.0524,0.0000,0.4291,0.0375,-0.4274,5
2026-03-21T04:22:19.405329,2,1.3582,0.0404,1.3582,0.0000,0.4402,0.4402,-0.0023,114
2026-03-21T04:22:19.474895,0,0.0444,0.0444,0.0362,0.0000,0.0832,-0.0092,-0.0826,12
2026-03-21T04:22:19.474895,1,0.0296,0.0296,0.0144,0.0000,0.4141,0.0361,-0.4125,5
2026-03-21T04:22:19.474895,2,1.3336,0.0467,1.3336,0.0000,0.4397,0.4396,-0.0067,113
2026-03-21T04:22:19.544843,0,0.0373,0.0373,0.0292,0.0000,0.0882,-0.0091,-0.0877,12
2026-03-21T04:22:19.544843,1,1.2925,0.0557,1.2925,0.0000,0.4403,0.4400,-0.0150,111
2026-03-21T04:22:19.614183,0,0.0404,0.0351,0.0404,0.0000,0.0824,-0.0074,-0.0820,11
2026-03-21T04:22:19.614183,1,1.2438,0.0762,1.2438,0.0000,0.4399,0.4376,-0.0453,109
2026-03-21T04:22:19.614183,2,0.0490,0.0047,0.0490,0.0000,0.7789,0.4900,0.6055,3
2026-03-21T04:22:19.683599,0,0.0479,0.0394,0.0479,0.0000,0.0826,-0.0071,-0.0823,12
2026-03-21T04:22:19.683599,1,0.0528,0.0314,0.0528,0.0000,0.3648,0.0156,-0.3645,6
2026-03-21T04:22:19.683599,2,1.3140,0.1027,1.3140,0.0000,0.4394,0.4388,-0.0237,112
2026-03-21T04:22:19.752524,0,0.0346,0.0346,0.0327,0.0000,0.0862,-0.0097,-0.0856,11
2026-03-21T04:22:19.752524,1,0.0594,0.0257,0.0594,0.0000,0.3743,0.0061,-0.3742,5
2026-03-21T04:22:19.752524,2,1.2792,0.1160,1.2792,0.0000,0.4388,0.4371,-0.0382,111
2026-03-21T04:22:19.821112,0,0.0392,0.0392,0.0266,0.0000,0.0840,-0.0093,-0.0835,11
2026-03-21T04:22:19.821112,1,0.0432,0.0338,0.0432,0.0000,0.3747,0.0097,-0.3745,6
2026-03-21T04:22:19.821112,2,1.3078,0.1188,1.3078,0.0000,0.4403,0.4368,-0.0559,112
2026-03-21T04:22:19.891658,0,0.0398,0.0398,0.0254,0.0000,0.0912,-0.0098,-0.0906,11
2026-03-21T04:22:19.891658,1,0.0265,0.0265,0.0151,0.0000,0.3769,0.0067,-0.3768,5
2026-03-21T04:22:19.891658,2,1.3846,0.1373,1.3846,0.0000,0.4405,0.4378,-0.0487,115
2026-03-21T04:22:19.961406,0,0.0399,0.0399,0.0289,0.0000,0.0862,-0.0097,-0.0857,12
2026-03-21T04:22:19.961406,1,0.0587,0.0357,0.0587,0.0000,0.4948,0.0004,-0.4948,5
2026-03-21T04:22:19.961406,2,1.3490,0.1314,1.3490,0.0000,0.4398,0.4377,-0.0428,114
2026-03-21T04:22:20.031405,0,0.0443,0.0443,0.0395,0.0000,0.0878,-0.0057,-0.0876,14
2026-03-21T04:22:20.031405,1,1.3786,0.1201,1.3786,0.0000,0.4394,0.4377,-0.0387,115
2026-03-21T04:22:20.101450,0,0.0425,0.0412,0.0425,0.0000,0.0893,-0.0035,-0.0893,15
2026-03-21T04:22:20.101450,1,0.0996,0.0996,0.0094,0.1520,1.4206,-0.0744,-1.4186,5
2026-03-21T04:22:20.101450,2,0.0995,0.0995,0.0145,0.1685,1.4296,0.0499,-1.4287,5
2026-03-21T04:22:20.101450,3,1.3513,0.1040,1.3513,0.0000,0.4401,0.4387,-0.0358,114
2026-03-21T04:22:20.170356,0,0.0430,0.0430,0.0322,0.0000,0.0923,-0.0074,-0.0920,12
2026-03-21T04:22:20.170356,1,0.1743,0.1743,0.0102,0.1582,1.4236,-0.0621,-1.4223,8
2026-03-21T04:22:20.170356,2,1.3061,0.0846,1.3061,0.0000,0.4400,0.4383,-0.0385,112
2026-03-21T04:22:20.240728,0,0.0447,0.0447,0.0357,0.0000,0.0902,-0.0050,-0.0901,14
2026-03-21T04:22:20.240728,1,0.1238,0.1238,0.0104,0.1564,1.4232,-0.0620,-1.4218,6
2026-03-21T04:22:20.240728,2,1.2665,0.0740,1.2665,0.0000,0.4404,0.4386,-0.0396,110
2026-03-21T04:22:20.310738,0,0.0376,0.0354,0.0376,0.0000,0.0845,-0.0081,-0.0841,10
2026-03-21T04:22:20.310738,1,0.1743,0.1743,0.0062,0.1564,1.4240,-0.0622,-1.4226,8
2026-03-21T04:22:20.310738,2,1.3059,0.0855,1.3059,0.0000,0.4404,0.4396,-0.0267,112
2026-03-21T04:22:20.380663,0,0.0409,0.0409,0.0378,0.0000,0.0870,-0.0054,-0.0868,13
2026-03-21T04:22:20.380663,1,0.1491,0.1491,0.0064,0.1534,1.4220,-0.0744,-1.4200,7
2026-03-21T04:22:20.380663,2,1.3349,0.0922,1.3349,0.0000,0.4408,0.4396,-0.0325,113
2026-03-21T04:22:20.450367,0,0.0453,0.0453,0.0430,0.0000,0.0908,-0.0062,-0.0906,12
2026-03-21T04:22:20.450367,1,0.1486,0.1486,0.0099,0.1546,1.4218,-0.0744,-1.4199,7
2026-03-21T04:22:20.450367,2,1.2585,0.0944,1.2585,0.0000,0.4399,0.4392,-0.0251,110
2026-03-21T04:22:20.519758,0,0.0424,0.0424,0.0231,0.0000,0.0875,-0.0075,-0.0872,13
2026-03-21T04:22:20.519758,1,0.1238,0.1238,0.0124,0.1584,1.4227,-0.0620,-1.4213,6
2026-03-21T04:22:20.519758,2,1.2610,0.0848,1.2610,0.0000,0.4398,0.4396,-0.0146,110
2026-03-21T04:22:20.590326,0,0.0461,0.0426,0.0461,0.0000,0.0883,-0.0068,-0.0880,11
2026-03-21T04:22:20.590326,1,0.0993,0.0993,0.0106,0.1556,1.4222,-0.0744,-1.4202,5
2026-03-21T04:22:20.590326,2,1.3094,0.0827,1.3094,0.0000,0.4395,0.4387,-0.0271,112
2026-03-21T04:22:20.659877,0,0.0528,0.0412,0.0528,0.0000,0.0873,-0.0078,-0.0870,13
2026-03-21T04:22:20.659877,1,0.1237,0.1237,0.0112,0.1552,1.4210,-0.0371,-1.4206,6
2026-03-21T04:22:20.659877,2,1.3626,0.0828,1.3626,0.0000,0.4399,0.4390,-0.0277,114
2026-03-21T04:22:20.728969,0,0.0443,0.0404,0.0443,0.0000,0.0874,-0.0068,-0.0871,13
2026-03-21T04:22:20.728969,1,0.1491,0.1491,0.0087,0.1572,1.4224,-0.0496,-1.4216,7
2026-03-21T04:22:20.728969,2,1.2557,0.0861,1.2557,0.0000,0.4395,0.4387,-0.0265,110
2026-03-21T04:22:20.797562,0,0.0422,0.0422,0.0314,0.0000,0.0853,-0.0055,-0.0851,14
2026-03-21T04:22:20.797562,1,0.1739,0.1739,0.0138,0.1614,1.4252,-0.0621,-1.4239,8
2026-03-21T04:22:20.797562,2,1.3083,0.0876,1.3083,0.0000,0.4395,0.4378,-0.0384,112
2026-03-21T04:22:20.876031,0,0.0435,0.0423,0.0435,0.0000,0.0904,-0.0058,-0.0902,14
2026-03-21T04:22:20.876031,1,0.0995,0.0995,0.0149,0.1679,1.4310,0.0749,-1.4290,5
2026-03-21T04:22:20.876031,2,1.3071,0.0818,1.3071,0.0000,0.4397,0.4388,-0.0274,112
2026-03-21T04:22:20.936714,0,0.0386,0.0386,0.0355,0.0000,0.0847,-0.0042,-0.0846,14
2026-03-21T04:22:20.936714,1,0.1490,0.1490,0.0079,0.1564,1.4230,-0.0496,-1.4221,7
2026-03-21T04:22:20.936714,2,1.3060,0.0719,1.3060,0.0000,0.4399,0.4395,-0.0178,112
2026-03-21T04:22:21.006295,0,0.0475,0.0368,0.0475,0.0000,0.0885,-0.0043,-0.0884,13
2026-03-21T04:22:21.006295,1,0.0995,0.0995,0.0086,0.1606,1.4258,-0.0746,-1.4238,5
2026-03-21T04:22:21.006295,2,1.3319,0.0586,1.3319,0.0000,0.4396,0.4389,-0.0256,113
2026-03-21T04:22:21.077323,0,0.0432,0.0432,0.0234,0.0000,0.0887,-0.0056,-0.0885,14
2026-03-21T04:22:21.077323,1,0.1494,0.1494,0.0116,0.1586,1.4237,-0.0497,-1.4228,7
2026-03-21T04:22:21.077323,2,0.0914,0.0087,0.0914,0.0000,0.7996,0.4231,-0.6784,5
2026-03-21T04:22:21.077323,3,1.2378,0.0617,1.2378,0.0000,0.4397,0.4397,-0.0021,109
2026-03-21T04:22:21.146673,0,0.0478,0.0450,0.0478,0.0000,0.0886,-0.0064,-0.0884,14
2026-03-21T04:22:21.146673,1,0.1242,0.1242,0.0055,0.1564,1.4230,-0.0372,-1.4225,6
2026-03-21T04:22:21.146673,2,1.3611,0.0738,1.3611,0.0000,0.4402,0.4392,-0.0306,114
2026-03-21T04:22:21.216513,0,0.0507,0.0477,0.0507,0.0000,0.0925,-0.0097,-0.0920,13
2026-03-21T04:22:21.216513,1,0.1743,0.1743,0.0093,0.1602,1.4249,-0.0373,-1.4244,8
2026-03-21T04:22:21.216513,2,0.0497,0.0497,0.0109,0.1649,1.4325,0.0999,-1.4290,3
2026-03-21T04:22:21.216513,3,1.3331,0.0703,1.3331,0.0000,0.4393,0.4379,-0.0358,113
2026-03-21T04:22:21.285701,0,0.0465,0.0465,0.0439,0.0000,0.0917,-0.0078,-0.0913,13
2026-03-21T04:22:21.285701,1,0.1740,0.1740,0.0079,0.1564,1.4227,-0.0621,-1.4214,8
2026-03-21T04:22:21.285701,2,1.3296,0.0708,1.3296,0.0000,0.4401,0.4394,-0.0243,113
2026-03-21T04:22:21.355536,0,0.0498,0.0498,0.0408,0.0000,0.0897,-0.0063,-0.0895,14
2026-03-21T04:22:21.355536,1,0.0993,0.0993,0.0066,0.1536,1.4212,-0.0744,-1.4192,5
2026-03-21T04:22:21.355536,2,1.3292,0.0651,1.3292,0.0000,0.4404,0.4397,-0.0249,113
2026-03-21T04:22:21.425017,0,0.0495,0.0495,0.0402,0.0000,0.0918,-0.0063,-0.0916,14
2026-03-21T04:22:21.425017,1,0.1993,0.1993,0.0102,0.1572,1.4246,-0.0747,-1.4226,9
2026-03-21T04:22:21.425017,2,1.2607,0.0609,1.2607,0.0000,0.4400,0.4399,-0.0073,110
2026-03-21T04:22:21.494612,0,0.0550,0.0446,0.0550,0.0000,0.0865,-0.0073,-0.0862,12
2026-03-21T04:22:21.494612,1,0.1487,0.1487,0.0075,0.1546,1.4206,-0.0496,-1.4197,7
2026-03-21T04:22:21.494612,2,1.2919,0.0662,1.2919,0.0000,0.4408,0.4401,-0.0245,111
2026-03-21T04:22:21.564620,0,0.0412,0.0382,0.0412,0.0000,0.0888,-0.0073,-0.0885,14
2026-03-21T04:22:21.564620,1,1.3409,0.0932,1.3409,0.0000,0.4401,0.4379,-0.0444,113
2026-03-21T04:22:21.635178,0,0.0524,0.0495,0.0524,0.0000,0.0910,-0.0056,-0.0908,14
2026-03-21T04:22:21.635178,1,1.2868,0.1050,1.2868,0.0000,0.4401,0.4383,-0.0403,111
2026-03-21T04:22:21.704442,0,0.0416,0.0401,0.0416,0.0000,0.0829,-0.0066,-0.0826,12
2026-03-21T04:22:21.704442,1,1.3352,0.1291,1.3352,0.0000,0.4407,0.4380,-0.0490,113
2026-03-21T04:22:21.774696,0,0.0372,0.0372,0.0334,0.0000,0.0866,-0.0075,-0.0863,12
2026-03-21T04:22:21.774696,1,1.2811,0.1300,1.2811,0.0000,0.4398,0.4373,-0.0471,111
2026-03-21T04:22:21.843855,0,0.0418,0.0400,0.0418,0.0000,0.0860,-0.0090,-0.0856,13
2026-03-21T04:22:21.843855,1,1.3302,0.1454,1.3302,0.0000,0.4406,0.4382,-0.0458,113
2026-03-21T04:22:21.913593,0,0.0453,0.0453,0.0360,0.0000,0.0887,-0.0108,-0.0881,11
2026-03-21T04:22:21.913593,1,1.3575,0.1513,1.3575,0.0000,0.4403,0.4373,-0.0513,114
2026-03-21T04:22:21.982796,0,0.0510,0.0414,0.0510,0.0000,0.0886,-0.0081,-0.0882,14
2026-03-21T04:22:21.982796,1,1.3312,0.1449,1.3312,0.0000,0.4405,0.4367,-0.0572,113
2026-03-21T04:22:22.052368,0,0.0379,0.0379,0.0321,0.0000,0.0892,-0.0048,-0.0891,13
2026-03-21T04:22:22.052368,1,1.3224,0.1426,1.3224,0.0000,0.4401,0.4387,-0.0347,113
2026-03-21T04:22:22.121614,0,0.0440,0.0440,0.0294,0.0000,0.0867,-0.0088,-0.0863,11
2026-03-21T04:22:22.121614,1,1.3052,0.1251,1.3052,0.0000,0.4400,0.4379,-0.0428,112
2026-03-21T04:22:22.191871,0,0.0437,0.0437,0.0264,0.0000,0.0920,-0.0063,-0.0918,12
2026-03-21T04:22:22.191871,1,1.3576,0.1341,1.3576,0.0000,0.4411,0.4390,-0.0427,114
2026-03-21T04:22:22.261222,0,0.0447,0.0436,0.0447,0.0000,0.0873,-0.0079,-0.0870,12
2026-03-21T04:22:22.261222,1,1.3009,0.1271,1.3009,0.0000,0.4404,0.4383,-0.0432,112
2026-03-21T04:22:22.330862,0,0.0458,0.0458,0.0392,0.0000,0.0858,-0.0079,-0.0854,13
2026-03-21T04:22:22.330862,1,1.3022,0.1235,1.3022,0.0000,0.4407,0.4396,-0.0319,112
2026-03-21T04:22:22.401337,0,0.0432,0.0432,0.0385,0.0000,0.0865,-0.0057,-0.0863,13
2026-03-21T04:22:22.401337,1,1.3137,0.1244,1.3137,0.0000,0.4402,0.4391,-0.0315,112
2026-03-21T04:22:22.470460,0,0.0508,0.0485,0.0508,0.0000,0.0874,-0.0066,-0.0872,12
2026-03-21T04:22:22.470460,1,1.3275,0.1313,1.3275,0.0000,0.4406,0.4390,-0.0374,113
2026-03-21T04:22:22.541167,0,0.0472,0.0405,0.0472,0.0000,0.0884,-0.0103,-0.0878,12
2026-03-21T04:22:22.541167,1,1.3352,0.1292,1.3352,0.0000,0.4405,0.4377,-0.0490,113
2026-03-21T04:22:22.610505,0,0.0419,0.0412,0.0419,0.0000,0.0872,-0.0128,-0.0863,10
2026-03-21T04:22:22.610505,1,1.3602,0.1373,1.3602,0.0000,0.4413,0.4403,-0.0295,114
2026-03-21T04:22:22.680619,0,0.0513,0.0388,0.0513,0.0000,0.0838,-0.0087,-0.0833,14
2026-03-21T04:22:22.680619,1,1.3553,0.1407,1.3553,0.0000,0.4404,0.4386,-0.0406,114
2026-03-21T04:22:22.750348,0,0.0397,0.0397,0.0190,0.0000,0.0864,-0.0072,-0.0861,12
2026-03-21T04:22:22.750348,1,0.0418,0.0305,0.0418,0.0000,0.4257,0.0002,-0.4257,5
2026-03-21T04:22:22.750348,2,1.3369,0.1461,1.3369,0.0000,0.4409,0.4371,-0.0576,113
2026-03-21T04:22:22.820176,0,0.0462,0.0374,0.0462,0.0000,0.0848,-0.0058,-0.0846,14
2026-03-21T04:22:22.820176,1,0.0358,0.0265,0.0358,0.0000,0.3735,0.0002,-0.3735,5
2026-03-21T04:22:22.820176,2,1.3255,0.1571,1.3255,0.0000,0.4405,0.4369,-0.0559,113
2026-03-21T04:22:22.889157,0,0.0373,0.0373,0.0193,0.0000,0.0843,-0.0085,-0.0839,9
2026-03-21T04:22:22.889157,1,0.0463,0.0358,0.0463,0.0000,0.3181,0.0054,-0.3180,7
2026-03-21T04:22:22.889157,2,1.3273,0.1562,1.3273,0.0000,0.4404,0.4369,-0.0557,113
2026-03-21T04:22:22.959183,0,0.0091,0.0069,0.0091,0.0000,0.0844,-0.0190,-0.0822,5
2026-03-21T04:22:22.959183,1,0.0778,0.0778,0.0527,0.0000,0.8420,-0.1100,-0.8347,6
2026-03-21T04:22:22.959183,2,0.0594,0.0343,0.0594,0.0000,0.2763,0.0068,-0.2762,8
2026-03-21T04:22:22.959183,3,0.1321,0.1321,0.0453,0.0000,1.0166,0.1859,-0.9994,8
2026-03-21T04:22:22.959183,4,1.3040,0.1549,1.3040,0.0000,0.4400,0.4384,-0.0374,112
2026-03-21T04:22:23.027417,0,0.0850,0.0413,0.0850,0.0000,0.1039,-0.0148,-0.1029,6
2026-03-21T04:22:23.027417,1,0.0517,0.0517,0.0274,0.0000,0.7606,-0.0926,-0.7549,5
2026-03-21T04:22:23.027417,2,0.0585,0.0240,0.0585,0.0000,0.2417,0.0077,-0.2416,7
2026-03-21T04:22:23.027417,3,0.1669,0.1669,0.0369,0.0000,0.9209,0.1920,-0.9007,11
2026-03-21T04:22:23.027417,4,1.2789,0.1517,1.2789,0.0000,0.4399,0.4377,-0.0437,111
2026-03-21T04:22:23.097849,0,0.0365,0.0365,0.0324,0.0000,0.0912,-0.0146,-0.0900,6
2026-03-21T04:22:23.097849,1,0.0527,0.0527,0.0225,0.0000,0.7734,-0.0941,-0.7676,5
2026-03-21T04:22:23.097849,2,0.0688,0.0223,0.0688,0.0000,0.2429,0.0077,-0.2427,7
2026-03-21T04:22:23.097849,3,0.1514,0.1514,0.0313,0.0000,0.9391,0.1878,-0.9201,10
2026-03-21T04:22:23.097849,4,1.3036,0.1536,1.3036,0.0000,0.4407,0.4345,-0.0737,112
2026-03-21T04:22:23.167350,0,0.0352,0.0352,0.0173,0.0000,0.0836,-0.0056,-0.0835,7
2026-03-21T04:22:23.167350,1,0.0716,0.0565,0.0716,0.0000,0.8519,-0.1035,-0.8456,5
2026-03-21T04:22:23.167350,2,0.0744,0.0360,0.0744,0.0000,0.2811,0.0068,-0.2811,8
2026-03-21T04:22:23.167350,3,1.3240,0.1558,1.3240,0.0000,0.4406,0.4370,-0.0557,113
2026-03-21T04:22:23.237296,0,0.0353,0.0353,0.0340,0.0000,0.0825,-0.0078,-0.0821,10
2026-03-21T04:22:23.237296,1,0.0327,0.0327,0.0325,0.0000,0.3613,0.0033,-0.3613,6
2026-03-21T04:22:23.237296,2,1.2764,0.1469,1.2764,0.0000,0.4399,0.4347,-0.0676,111
2026-03-21T04:22:23.307026,0,0.0351,0.0351,0.0293,0.0000,0.0907,-0.0100,-0.0901,9
2026-03-21T04:22:23.307026,1,0.0387,0.0309,0.0387,0.0000,0.4303,0.0002,-0.4303,5
2026-03-21T04:22:23.307026,2,1.3544,0.1488,1.3544,0.0000,0.4399,0.4369,-0.0514,114
2026-03-21T04:22:23.376520,0,0.0368,0.0368,0.0264,0.0000,0.0871,-0.0076,-0.0868,12
2026-03-21T04:22:23.376520,1,1.2781,0.1280,1.2781,0.0000,0.4396,0.4382,-0.0360,111
2026-03-21T04:22:23.446543,0,0.0366,0.0366,0.0329,0.0000,0.0817,-0.0076,-0.0814,13
2026-03-21T04:22:23.446543,1,1.3322,0.1160,1.3322,0.0000,0.4399,0.4382,-0.0388,113
2026-03-21T04:22:23.516601,0,0.0717,0.0503,0.0717,0.0000,0.0892,-0.0086,-0.0888,11
2026-03-21T04:22:23.516601,1,1.3319,0.1193,1.3319,0.0000,0.4412,0.4394,-0.0393,113
2026-03-21T04:22:23.586760,0,0.0410,0.0410,0.0318,0.0000,0.0869,-0.0057,-0.0868,12
2026-03-21T04:22:23.586760,1,1.3063,0.1205,1.3063,0.0000,0.4408,0.4408,-0.0088,112
2026-03-21T04:22:23.656419,0,0.0580,0.0382,0.0580,0.0000,0.0884,-0.0069,-0.0881,12
2026-03-21T04:22:23.656419,1,0.0956,0.0116,0.0956,0.0000,0.8066,0.3904,-0.7058,5
2026-03-21T04:22:23.656419,2,1.2372,0.1116,1.2372,0.0000,0.4402,0.4394,-0.0269,109
2026-03-21T04:22:23.726411,0,0.0619,0.0418,0.0619,0.0000,0.0892,-0.0080,-0.0889,13
2026-03-21T04:22:23.726411,1,1.3331,0.1176,1.3331,0.0000,0.4407,0.4378,-0.0507,113
2026-03-21T04:22:23.795204,0,0.0441,0.0415,0.0441,0.0000,0.0888,-0.0051,-0.0887,14
2026-03-21T04:22:23.795204,1,1.3289,0.1157,1.3289,0.0000,0.4401,0.4383,-0.0396,113
2026-03-21T04:22:23.865797,0,0.0419,0.0419,0.0336,0.0000,0.0888,-0.0079,-0.0885,13
2026-03-21T04:22:23.865797,1,0.0987,0.0987,0.0114,0.1534,1.4186,-0.0494,-1.4177,5
2026-03-21T04:22:23.865797,2,1.3587,0.1130,1.3587,0.0000,0.4402,0.4389,-0.0339,114
2026-03-21T04:22:23.934446,0,0.0527,0.0527,0.0479,0.0000,0.0910,-0.0058,-0.0908,16
2026-03-21T04:22:23.934446,1,0.0993,0.0993,0.0086,0.1556,1.4238,-0.0745,-1.4218,5
2026-03-21T04:22:23.934446,2,1.3061,0.1075,1.3061,0.0000,0.4401,0.4376,-0.0470,112
2026-03-21T04:22:24.003763,0,0.0609,0.0429,0.0609,0.0000,0.0863,-0.0052,-0.0861,15
2026-03-21T04:22:24.003763,1,0.1741,0.1741,0.0114,0.1594,1.4242,-0.0621,-1.4229,8
2026-03-21T04:22:24.003763,2,1.3407,0.1038,1.3407,0.0000,0.4400,0.4391,-0.0290,113
2026-03-21T04:22:24.073433,0,0.0396,0.0396,0.0395,0.0000,0.0888,-0.0067,-0.0886,14
2026-03-21T04:22:24.073433,1,0.1243,0.1243,0.0039,0.1526,1.4227,-0.0869,-1.4200,6
2026-03-21T04:22:24.073433,2,0.0997,0.0997,0.0189,0.1739,1.4342,0.0751,-1.4322,5
2026-03-21T04:22:24.073433,3,1.4077,0.1076,1.4077,0.0000,0.4408,0.4393,-0.0363,116
2026-03-21T04:22:24.142926,0,0.0404,0.0404,0.0205,0.0000,0.0892,-0.0075,-0.0889,12
2026-03-21T04:22:24.142926,1,0.1739,0.1739,0.0116,0.1592,1.4247,-0.0621,-1.4234,8
2026-03-21T04:22:24.142926,2,1.3373,0.1047,1.3373,0.0000,0.4405,0.4395,-0.0295,113
2026-03-21T04:22:24.212591,0,0.0418,0.0418,0.0279,0.0000,0.0886,-0.0038,-0.0885,14
2026-03-21T04:22:24.212591,1,0.0995,0.0995,0.0146,0.1576,1.4218,-0.0744,-1.4198,5
2026-03-21T04:22:24.212591,2,1.3876,0.1137,1.3876,0.0000,0.4406,0.4388,-0.0403,115
2026-03-21T04:22:24.282581,0,0.0513,0.0513,0.0462,0.0000,0.0890,-0.0068,-0.0888,13
2026-03-21T04:22:24.282581,1,0.1493,0.1493,0.0132,0.1612,1.4243,-0.0745,-1.4223,7
2026-03-21T04:22:24.282581,2,1.3267,0.1127,1.3267,0.0000,0.4402,0.4384,-0.0394,113
2026-03-21T04:22:24.351828,0,0.0493,0.0412,0.0493,0.0000,0.0854,-0.0046,-0.0853,14
2026-03-21T04:22:24.351828,1,0.1489,0.1489,0.0092,0.1572,1.4221,-0.0496,-1.4213,7
2026-03-21T04:22:24.351828,2,1.3062,0.1147,1.3062,0.0000,0.4400,0.4388,-0.0327,112
2026-03-21T04:22:24.421753,0,0.0410,0.0387,0.0410,0.0000,0.0855,-0.0080,-0.0851,13
2026-03-21T04:22:24.421753,1,0.1490,0.1490,0.0186,0.1592,1.4220,-0.0495,-1.4211,7
2026-03-21T04:22:24.421753,2,1.2599,0.1075,1.2599,0.0000,0.4397,0.4374,-0.0447,110
2026-03-21T04:22:24.491669,0,0.0431,0.0431,0.0398,0.0000,0.0885,-0.0062,-0.0883,14
2026-03-21T04:22:24.491669,1,0.1742,0.1742,0.0126,0.1606,1.4260,-0.0372,-1.4255,8
2026-03-21T04:22:24.491669,2,1.3570,0.1185,1.3570,0.0000,0.4405,0.4367,-0.0579,114
2026-03-21T04:22:24.561680,0,0.0378,0.0378,0.0337,0.0000,0.0878,-0.0054,-0.0876,14
2026-03-21T04:22:24.561680,1,0.1740,0.1740,0.0092,0.1572,1.4230,-0.0620,-1.4216,8
2026-03-21T04:22:24.561680,2,1.3366,0.1148,1.3366,0.0000,0.4402,0.4393,-0.0272,113
2026-03-21T04:22:24.631539,0,0.0446,0.0443,0.0446,0.0000,0.0866,-0.0073,-0.0863,12
2026-03-21T04:22:24.631539,1,0.1490,0.1490,0.0116,0.1562,1.4233,-0.0994,-1.4198,7
2026-03-21T04:22:24.631539,2,1.2858,0.1170,1.2858,0.0000,0.4401,0.4383,-0.0388,111
2026-03-21T04:22:24.701821,0,0.0455,0.0455,0.0449,0.0000,0.0903,-0.0074,-0.0900,14
2026-03-21T04:22:24.701821,1,0.0993,0.0993,0.0052,0.1542,1.4218,-0.0744,-1.4198,5
2026-03-21T04:22:24.701821,2,1.3062,0.1182,1.3062,0.0000,0.4398,0.4375,-0.0447,112
2026-03-21T04:22:24.771379,0,0.0488,0.0406,0.0488,0.0000,0.0885,-0.0047,-0.0884,15
2026-03-21T04:22:24.771379,1,0.0993,0.0993,0.0065,0.1550,1.4232,-0.0745,-1.4212,5
2026-03-21T04:22:24.771379,2,0.0982,0.0101,0.0982,0.0000,0.8068,0.3905,-0.7060,5
2026-03-21T04:22:24.771379,3,1.2367,0.1145,1.2367,0.0000,0.4402,0.4399,-0.0151,109
2026-03-21T04:22:24.840975,0,0.0383,0.0383,0.0343,0.0000,0.0864,-0.0076,-0.0861,13
2026-03-21T04:22:24.840975,1,0.0996,0.0996,0.0089,0.1545,1.4228,-0.0745,-1.4208,5
2026-03-21T04:22:24.840975,2,1.2042,0.1085,1.2042,0.0000,0.4392,0.4379,-0.0330,108
2026-03-21T04:22:24.910823,0,0.0433,0.0433,0.0278,0.0000,0.0893,-0.0057,-0.0891,14
2026-03-21T04:22:24.910823,1,0.1242,0.1242,0.0044,0.1530,1.4230,-0.0869,-1.4204,6
2026-03-21T04:22:24.910823,2,1.3306,0.1243,1.3306,0.0000,0.4399,0.4383,-0.0376,113
2026-03-21T04:22:24.979900,0,0.0435,0.0435,0.0346,0.0000,0.0876,-0.0071,-0.0873,12
2026-03-21T04:22:24.979900,1,0.1492,0.1492,0.0105,0.1604,1.4258,-0.0497,-1.4250,7
2026-03-21T04:22:24.979900,2,1.3275,0.1227,1.3275,0.0000,0.4408,0.4380,-0.0499,113
2026-03-21T04:22:25.049211,0,0.0417,0.0417,0.0313,0.0000,0.0873,-0.0041,-0.0872,14
2026-03-21T04:22:25.049211,1,0.1737,0.1737,0.0146,0.1602,1.4236,-0.0620,-1.4223,8
2026-03-21T04:22:25.049211,2,1.3560,0.1261,1.3560,0.0000,0.4408,0.4397,-0.0311,114
2026-03-21T04:22:25.118130,0,0.0369,0.0369,0.0329,0.0000,0.0847,-0.0075,-0.0844,13
2026-03-21T04:22:25.118130,1,0.1739,0.1739,0.0108,0.1584,1.4239,-0.0621,-1.4225,8
2026-03-21T04:22:25.118130,2,1.2780,0.1224,1.2780,0.0000,0.4396,0.4380,-0.0375,111
2026-03-21T04:22:25.188875,0,0.0409,0.0409,0.0292,0.0000,0.0892,-0.0081,-0.0889,13
2026-03-21T04:22:25.188875,1,0.1490,0.1490,0.0136,0.1612,1.4251,-0.0746,-1.4232,7
2026-03-21T04:22:25.188875,2,1.3314,0.1258,1.3314,0.0000,0.4398,0.4382,-0.0378,113
2026-03-21T04:22:25.257695,0,0.0386,0.0386,0.0327,0.0000,0.0883,-0.0059,-0.0881,13
2026-03-21T04:22:25.257695,1,0.0993,0.0993,0.0087,0.1582,1.4238,-0.0248,-1.4236,5
2026-03-21T04:22:25.257695,2,1.2327,0.1157,1.2327,0.0000,0.4401,0.4393,-0.0269,109
2026-03-21T04:22:25.327565,0,0.0423,0.0423,0.0283,0.0000,0.0880,-0.0062,-0.0877,13
2026-03-21T04:22:25.327565,1,0.1984,0.1984,0.0159,0.1596,1.4232,-0.0496,-1.4224,9
2026-03-21T04:22:25.327565,2,1.2575,0.1147,1.2575,0.0000,0.4401,0.4379,-0.0442,110
2026-03-21T04:22:25.397480,0,0.0422,0.0418,0.0422,0.0000,0.0859,-0.0046,-0.0858,13
2026-03-21T04:22:25.397480,1,0.1990,0.1990,0.0146,0.1624,1.4251,-0.0746,-1.4232,9
2026-03-21T04:22:25.397480,2,1.3119,0.1198,1.3119,0.0000,0.4397,0.4375,-0.0443,112
2026-03-21T04:22:25.466948,0,0.0489,0.0400,0.0489,0.0000,0.0872,-0.0053,-0.0871,14
2026-03-21T04:22:25.466948,1,0.1494,0.1494,0.0092,0.1564,1.4241,-0.0746,-1.4222,7
2026-03-21T04:22:25.466948,2,1.2110,0.1146,1.2110,0.0000,0.4396,0.4362,-0.0551,108
2026-03-21T04:22:25.466948,3,0.0707,0.0065,0.0707,0.0000,0.7829,0.5081,0.5956,4
2026-03-21T04:22:25.537050,0,0.0421,0.0421,0.0321,0.0000,0.0862,-0.0060,-0.0860,13
2026-03-21T04:22:25.537050,1,0.0993,0.0993,0.0095,0.1594,1.4254,-0.0497,-1.4245,5
2026-03-21T04:22:25.537050,2,1.3592,0.1286,1.3592,0.0000,0.4407,0.4395,-0.0315,114
2026-03-21T04:22:25.606625,0,0.0477,0.0477,0.0430,0.0000,0.0891,-0.0056,-0.0889,14
2026-03-21T04:22:25.606625,1,0.0992,0.0992,0.0135,0.1546,1.4216,-0.0991,-1.4181,5
2026-03-21T04:22:25.606625,2,1.3281,0.1255,1.3281,0.0000,0.4405,0.4376,-0.0500,113
2026-03-21T04:22:25.677093,0,0.0413,0.0413,0.0266,0.0000,0.0872,-0.0032,-0.0872,13
2026-03-21T04:22:25.677093,1,0.0992,0.0992,0.0065,0.1540,1.4222,-0.0745,-1.4202,5
2026-03-21T04:22:25.677093,2,1.3099,0.1201,1.3099,0.0000,0.4402,0.4391,-0.0319,112
2026-03-21T04:22:25.746646,0,0.0546,0.0463,0.0546,0.0000,0.0930,-0.0031,-0.0929,14
2026-03-21T04:22:25.746646,1,0.1742,0.1742,0.0066,0.1572,1.4250,-0.0622,-1.4236,8
2026-03-21T04:22:25.746646,2,1.3353,0.1207,1.3353,0.0000,0.4401,0.4384,-0.0388,113
2026-03-21T04:22:25.817086,0,0.0365,0.0365,0.0323,0.0000,0.0838,-0.0051,-0.0836,12
2026-03-21T04:22:25.817086,1,0.0990,0.0990,0.0112,0.1552,1.4216,-0.0744,-1.4196,5
2026-03-21T04:22:25.817086,2,1.3062,0.1150,1.3062,0.0000,0.4397,0.4374,-0.0445,112
2026-03-21T04:22:25.885991,0,0.0449,0.0403,0.0449,0.0000,0.0862,-0.0064,-0.0860,14
2026-03-21T04:22:25.885991,1,1.3826,0.1232,1.3826,0.0000,0.4406,0.4389,-0.0387,115
2026-03-21T04:22:25.955878,0,0.0480,0.0480,0.0364,0.0000,0.0853,-0.0043,-0.0852,14
2026-03-21T04:22:25.955878,1,1.3110,0.1166,1.3110,0.0000,0.4405,0.4383,-0.0446,112
2026-03-21T04:22:26.024916,0,0.0439,0.0439,0.0335,0.0000,0.0887,-0.0075,-0.0883,13
2026-03-21T04:22:26.024916,1,1.2542,0.1162,1.2542,0.0000,0.4391,0.4379,-0.0324,110
2026-03-21T04:22:26.095070,0,0.0458,0.0443,0.0458,0.0000,0.0907,-0.0070,-0.0905,12
2026-03-21T04:22:26.095070,1,0.1242,0.1242,0.0082,0.1562,1.4235,-0.0869,-1.4209,6
2026-03-21T04:22:26.095070,2,1.3016,0.1212,1.3016,0.0000,0.4403,0.4391,-0.0324,112
2026-03-21T04:22:26.164271,0,0.0406,0.0406,0.0328,0.0000,0.0860,-0.0056,-0.0858,12
2026-03-21T04:22:26.164271,1,0.1491,0.1491,0.0066,0.1552,1.4230,-0.0745,-1.4210,7
2026-03-21T04:22:26.164271,2,1.3551,0.1260,1.3551,0.0000,0.4405,0.4383,-0.0437,114
2026-03-21T04:22:26.233418,0,0.0509,0.0509,0.0486,0.0000,0.0908,-0.0047,-0.0907,15
2026-03-21T04:22:26.233418,1,1.3264,0.1273,1.3264,0.0000,0.4401,0.4373,-0.0493,113
2026-03-21T04:22:26.303601,0,0.0511,0.0511,0.0376,0.0000,0.0882,-0.0055,-0.0880,13
2026-03-21T04:22:26.303601,1,0.1491,0.1491,0.0086,0.1572,1.4241,-0.0745,-1.4222,7
2026-03-21T04:22:26.303601,2,1.3563,0.1313,1.3563,0.0000,0.4402,0.4381,-0.0432,114
2026-03-21T04:22:26.372705,0,0.0354,0.0354,0.0280,0.0000,0.0840,-0.0063,-0.0838,12
2026-03-21T04:22:26.372705,1,0.1241,0.1241,0.0082,0.1542,1.4212,-0.0868,-1.4185,6
2026-03-21T04:22:26.372705,2,1.3296,0.1270,1.3296,0.0000,0.4398,0.4382,-0.0370,113
2026-03-21T04:22:26.442705,0,0.0410,0.0410,0.0363,0.0000,0.0893,-0.0031,-0.0892,14
2026-03-21T04:22:26.442705,1,0.0988,0.0988,0.0127,0.1552,1.4184,-0.0494,-1.4175,5
2026-03-21T04:22:26.442705,2,1.2860,0.1230,1.2860,0.0000,0.4392,0.4365,-0.0487,111
2026-03-21T04:22:26.511611,0,0.0423,0.0410,0.0423,0.0000,0.0884,-0.0061,-0.0882,12
2026-03-21T04:22:26.511611,1,1.2551,0.1250,1.2551,0.0000,0.4397,0.4386,-0.0308,110
2026-03-21T04:22:26.581711,0,0.0538,0.0383,0.0538,0.0000,0.0887,-0.0053,-0.0885,13
2026-03-21T04:22:26.581711,1,1.3310,0.1319,1.3310,0.0000,0.4404,0.4377,-0.0483,113
2026-03-21T04:22:26.651680,0,0.0434,0.0434,0.0430,0.0000,0.0857,-0.0050,-0.0855,15
2026-03-21T04:22:26.651680,1,1.2568,0.1306,1.2568,0.0000,0.4401,0.4382,-0.0414,110
2026-03-21T04:22:26.721726,0,0.0407,0.0407,0.0360,0.0000,0.0883,-0.0083,-0.0880,11
2026-03-21T04:22:26.721726,1,1.3293,0.1375,1.3293,0.0000,0.4400,0.4374,-0.0470,113
2026-03-21T04:22:26.792137,0,0.0392,0.0384,0.0392,0.0000,0.0856,-0.0038,-0.0855,12
2026-03-21T04:22:26.792137,1,1.4105,0.1483,1.4105,0.0000,0.4408,0.4358,-0.0661,116
2026-03-21T04:22:26.861945,0,0.0442,0.0442,0.0374,0.0000,0.0841,-0.0050,-0.0839,14
2026-03-21T04:22:26.861945,1,1.2597,0.1362,1.2597,0.0000,0.4397,0.4367,-0.0514,110
2026-03-21T04:22:26.931307,0,0.0501,0.0411,0.0501,0.0000,0.0881,-0.0060,-0.0879,12
2026-03-21T04:22:26.931307,1,1.2809,0.1544,1.2809,0.0000,0.4401,0.4366,-0.0558,111
2026-03-21T04:22:27.000801,0,0.0541,0.0427,0.0541,0.0000,0.0862,-0.0058,-0.0860,14
2026-03-21T04:22:27.000801,1,1.3475,0.1652,1.3475,0.0000,0.4404,0.4363,-0.0601,114
2026-03-21T04:22:27.070075,0,0.0407,0.0407,0.0351,0.0000,0.0892,-0.0091,-0.0888,14
2026-03-21T04:22:27.070075,1,1.3503,0.1761,1.3503,0.0000,0.4407,0.4369,-0.0579,114
2026-03-21T04:22:27.139282,0,0.0367,0.0367,0.0196,0.0000,0.0854,-0.0126,-0.0845,11
2026-03-21T04:22:27.139282,1,1.2724,0.1762,1.2724,0.0000,0.4401,0.4357,-0.0625,111
2026-03-21T04:22:27.208911,0,0.0394,0.0394,0.0363,0.0000,0.0867,-0.0077,-0.0864,12
2026-03-21T04:22:27.208911,1,1.2738,0.1831,1.2738,0.0000,0.4401,0.4358,-0.0610,111
2026-03-21T04:22:27.278947,0,0.0481,0.0373,0.0481,0.0000,0.0843,-0.0086,-0.0838,12
2026-03-21T04:22:27.278947,1,1.3520,0.1943,1.3520,0.0000,0.4406,0.4355,-0.0671,114
2026-03-21T04:22:27.348028,0,0.0430,0.0394,0.0430,0.0000,0.0847,-0.0092,-0.0842,12
2026-03-21T04:22:27.348028,1,1.3783,0.1899,1.3783,0.0000,0.4407,0.4363,-0.0622,115
2026-03-21T04:22:27.418514,0,0.0370,0.0370,0.0147,0.0000,0.0854,-0.0075,-0.0850,12
2026-03-21T04:22:27.418514,1,0.0836,0.0331,0.0836,0.0000,0.4775,-0.0162,-0.4772,5
2026-03-21T04:22:27.418514,2,1.3722,0.1917,1.3722,0.0000,0.4408,0.4363,-0.0629,115
2026-03-21T04:22:27.487578,0,0.0402,0.0402,0.0335,0.0000,0.0908,-0.0100,-0.0903,11
2026-03-21T04:22:27.487578,1,1.3262,0.1713,1.3262,0.0000,0.4403,0.4372,-0.0526,113
2026-03-21T04:22:27.557721,0,0.0408,0.0408,0.0297,0.0000,0.0902,-0.0104,-0.0896,11
2026-03-21T04:22:27.557721,1,0.0496,0.0302,0.0496,0.0000,0.4165,-0.0071,-0.4164,5
2026-03-21T04:22:27.557721,2,1.3578,0.1564,1.3578,0.0000,0.4410,0.4382,-0.0496,114
2026-03-21T04:22:27.627867,0,0.0476,0.0444,0.0476,0.0000,0.0837,-0.0087,-0.0833,12
2026-03-21T04:22:27.627867,1,1.3130,0.1460,1.3130,0.0000,0.4445,0.4415,-0.0517,112
2026-03-21T04:22:27.697594,0,0.0437,0.0437,0.0359,0.0000,0.0893,-0.0105,-0.0886,13
2026-03-21T04:22:27.697594,1,1.3310,0.1236,1.3310,0.0000,0.4500,0.4478,-0.0441,112
2026-03-21T04:22:27.767442,0,0.0477,0.0366,0.0477,0.0000,0.0883,-0.0079,-0.0880,12
2026-03-21T04:22:27.767442,1,1.3014,0.1175,1.3014,0.0000,0.4646,0.4616,-0.0523,109
2026-03-21T04:22:27.837441,0,0.0596,0.0443,0.0596,0.0000,0.0876,-0.0081,-0.0872,12
2026-03-21T04:22:27.837441,1,1.3649,0.1455,1.3649,0.0000,0.4989,0.4954,-0.0585,108
2026-03-21T04:22:27.907013,0,0.0361,0.0361,0.0271,0.0000,0.0829,-0.0111,-0.0822,10
2026-03-21T04:22:27.907013,1,0.0552,0.0489,0.0552,0.0000,0.6926,-0.0482,-0.6909,5
2026-03-21T04:22:27.907013,2,1.3457,0.1594,1.3457,0.0000,0.5593,0.5550,-0.0690,101
2026-03-21T04:22:27.976492,0,0.0613,0.0491,0.0613,0.0000,0.6820,-0.0117,-0.6819,5
2026-03-21T04:22:27.976492,1,1.4757,0.1609,1.4757,0.0000,0.6653,0.6599,-0.0842,97
2026-03-21T04:22:27.976492,2,0.0493,0.0021,0.0493,0.0000,1.0209,0.7465,0.6964,3
2026-03-21T04:22:28.046003,0,0.0644,0.0486,0.0644,0.0000,0.6954,0.0239,-0.6950,5
2026-03-21T04:22:28.046003,1,0.0892,0.0301,0.0892,0.0000,1.1524,0.7405,-0.8831,5
2026-03-21T04:22:28.046003,2,1.4212,0.1613,1.4212,0.0000,0.8383,0.8348,-0.0767,82
2026-03-21T04:22:28.114984,0,0.0712,0.0647,0.0712,0.0000,0.7402,0.0578,-0.7379,6
2026-03-21T04:22:28.114984,1,0.1018,0.0885,0.1018,0.0000,1.2959,0.9781,-0.8502,7
2026-03-21T04:22:28.114984,2,1.1414,0.1494,1.1414,0.0000,1.1022,1.0928,-0.1436,56
2026-03-21T04:22:28.184612,0,0.0686,0.0580,0.0686,0.0000,0.8489,0.1032,-0.8426,5
2026-03-21T04:22:28.184612,1,0.3080,0.3080,0.0846,0.1087,1.4012,0.4216,-1.3362,14
2026-03-21T04:22:28.254576,0,0.1711,0.1711,0.0599,0.0000,1.2471,-0.4265,-1.1719,9
2026-03-21T04:22:28.254576,1,0.0910,0.0910,0.0376,0.0000,1.0189,-0.0801,-1.0157,6
2026-03-21T04:22:28.254576,2,0.2576,0.2576,0.0718,0.0901,1.3883,0.4177,-1.3240,12
2026-03-21T04:22:28.324158,0,0.1386,0.1386,0.0668,0.0000,1.2113,-0.4241,-1.1346,8
2026-03-21T04:22:28.324158,1,0.0575,0.0468,0.0575,0.0000,0.0967,0.0054,-0.0966,7
2026-03-21T04:22:28.324158,2,0.0716,0.0716,0.0297,0.0000,1.0005,-0.0526,-0.9991,5
2026-03-21T04:22:28.324158,3,0.0968,0.0968,0.0405,0.1291,1.3886,0.0970,-1.3852,5
2026-03-21T04:22:28.324158,4,0.3014,0.3014,0.0925,0.0881,1.3819,0.4387,-1.3104,14
2026-03-21T04:22:28.324158,5,0.1539,0.1539,0.0360,0.0000,1.0851,-0.3356,1.0319,9
2026-03-21T04:22:28.393795,0,0.1340,0.1340,0.0680,0.0000,1.1945,-0.3985,-1.1261,8
2026-03-21T04:22:28.393795,1,0.1643,0.1643,0.0539,0.0000,1.0138,-0.0630,-1.0119,10
2026-03-21T04:22:28.393795,2,0.3486,0.3486,0.1030,0.0900,1.3796,0.4381,-1.3082,16
2026-03-21T04:22:28.393795,3,0.2227,0.2227,0.0504,0.0000,1.0789,-0.3338,1.0260,13
2026-03-21T04:22:28.463585,0,0.0690,0.0690,0.0536,0.0000,1.1754,-0.3824,-1.1115,5
2026-03-21T04:22:28.463585,1,0.0564,0.0477,0.0564,0.0000,0.1022,-0.0014,-0.1022,8
2026-03-21T04:22:28.463585,2,0.1612,0.1612,0.0483,0.0000,1.0079,-0.0272,-1.0076,10
2026-03-21T04:22:28.463585,3,0.3727,0.3727,0.1146,0.0891,1.3813,0.4731,-1.2977,17
2026-03-21T04:22:28.463585,4,0.2025,0.2025,0.0493,0.0000,1.0765,-0.3240,1.0265,12
2026-03-21T04:22:28.532801,0,0.1778,0.1778,0.0644,0.0000,1.0034,-0.0011,-1.0034,11
2026-03-21T04:22:28.532801,1,0.3247,0.3247,0.0981,0.0842,1.3797,0.4494,-1.3044,15
2026-03-21T04:22:28.532801,2,0.0435,0.0137,0.0435,0.0000,0.1063,-0.0488,0.0944,6
2026-03-21T04:22:28.602917,0,0.1775,0.1775,0.0672,0.0000,1.0077,0.0166,-1.0076,11
2026-03-21T04:22:28.602917,1,0.3011,0.3011,0.0929,0.0790,1.3799,0.4609,-1.3006,14
2026-03-21T04:22:28.602917,2,0.0440,0.0200,0.0440,0.0000,0.1038,-0.0485,0.0917,5
2026-03-21T04:22:28.672361,0,0.1757,0.1757,0.0449,0.0000,1.0037,0.0346,-1.0031,11
2026-03-21T04:22:28.672361,1,0.4402,0.4402,0.1448,0.0881,1.3806,0.5069,-1.2841,20
2026-03-21T04:22:28.672361,2,0.0241,0.0079,0.0241,0.0000,0.1130,-0.0529,0.0998,5
2026-03-21T04:22:28.741970,0,0.0806,0.0806,0.0175,0.0000,1.1620,-0.1215,-1.1557,5
2026-03-21T04:22:28.741970,1,0.1250,0.1250,0.0467,0.0000,1.0137,0.0084,-1.0136,8
2026-03-21T04:22:28.741970,2,0.3442,0.3442,0.1111,0.0607,1.3720,0.5033,-1.2763,16
2026-03-21T04:22:28.741970,3,0.0435,0.0116,0.0435,0.0000,0.1103,-0.0506,0.0980,6
2026-03-21T04:22:28.811809,0,0.1237,0.1237,0.0218,0.0000,1.0144,0.0440,-1.0135,8
2026-03-21T04:22:28.811809,1,0.3423,0.3423,0.1135,0.0320,1.3664,0.5457,-1.2527,16
2026-03-21T04:22:28.811809,2,0.0544,0.0212,0.0544,0.0000,0.0982,-0.0456,0.0869,5
2026-03-21T04:22:28.882127,0,0.0695,0.0143,0.0695,0.0000,0.4367,-0.2046,-0.3858,5
2026-03-21T04:22:28.882127,1,0.1161,0.1161,0.0473,0.0000,1.1199,-0.0778,-1.1172,7
2026-03-21T04:22:28.882127,2,0.0715,0.0715,0.0475,0.0000,1.0417,0.0360,-1.0411,5
2026-03-21T04:22:28.882127,3,0.3372,0.3372,0.1221,0.0262,1.3580,0.5638,-1.2354,16
2026-03-21T04:22:28.882127,4,0.0295,0.0074,0.0295,0.0000,0.1158,-0.0541,0.1023,5
2026-03-21T04:22:28.952767,0,0.0648,0.0182,0.0648,0.0000,0.4000,-0.1812,-0.3567,7
2026-03-21T04:22:28.952767,1,0.0960,0.0960,0.0260,0.0000,1.1063,-0.0674,-1.1043,6
2026-03-21T04:22:28.952767,2,0.4111,0.4111,0.1535,0.0084,1.3657,0.6427,-1.2050,19
2026-03-21T04:22:28.952767,3,0.0299,0.0077,0.0299,0.0000,0.1078,-0.0496,0.0957,6
2026-03-21T04:22:29.021977,0,0.0747,0.0191,0.0747,0.0000,0.3697,-0.1642,-0.3312,8
2026-03-21T04:22:29.021977,1,0.1136,0.1136,0.0496,0.0000,1.0986,-0.0570,-1.0971,7
2026-03-21T04:22:29.021977,2,0.0944,0.0944,0.0193,0.0000,1.0345,0.2418,-1.0059,6
2026-03-21T04:22:29.021977,3,0.3429,0.3429,0.1180,0.0075,1.3677,0.6113,-1.2235,16
2026-03-21T04:22:29.021977,4,0.0601,0.0186,0.0601,0.0000,0.0977,-0.0420,0.0882,9
2026-03-21T04:22:29.092708,0,0.1060,0.0175,0.1060,0.0000,0.3669,-0.1629,-0.3288,8
2026-03-21T04:22:29.092708,1,0.0751,0.0751,0.0454,0.0000,1.1057,-0.0575,-1.1042,5
2026-03-21T04:22:29.092708,2,0.1082,0.1082,0.0377,0.0000,1.0495,0.0546,-1.0481,7
2026-03-21T04:22:29.092708,3,0.2569,0.2569,0.0687,0.0291,1.3714,0.5254,-1.2668,12
2026-03-21T04:22:29.092708,4,0.0740,0.0223,0.0740,0.0000,0.0930,-0.0383,0.0848,11
2026-03-21T04:22:29.161746,0,0.0351,0.0155,0.0351,0.0000,0.3380,-0.1559,-0.2999,6
2026-03-21T04:22:29.161746,1,0.0751,0.0751,0.0574,0.0000,1.1161,-0.0775,-1.1134,5
2026-03-21T04:22:29.161746,2,0.0896,0.0896,0.0589,0.0000,1.0469,0.0451,-1.0459,6
2026-03-21T04:22:29.161746,3,0.0942,0.0942,0.0233,0.0286,1.3794,0.4944,-1.2877,5
2026-03-21T04:22:29.161746,4,0.0696,0.0169,0.0696,0.0000,0.0880,-0.0347,0.0809,13
2026-03-21T04:22:29.229432,0,0.0565,0.0176,0.0565,0.0000,0.3254,-0.1447,-0.2914,8
2026-03-21T04:22:29.229432,1,0.0795,0.0795,0.0528,0.0000,1.2710,0.2856,-1.2385,5
2026-03-21T04:22:29.229432,2,0.0897,0.0242,0.0897,0.0000,0.0845,-0.0331,0.0778,13
2026-03-21T04:22:29.297514,0,0.0882,0.0450,0.0882,0.0000,0.3046,-0.1232,-0.2785,13
2026-03-21T04:22:29.297514,1,0.1479,0.1479,0.0688,0.0000,1.0701,-0.0739,-1.0676,9
2026-03-21T04:22:29.297514,2,0.1201,0.1201,0.0638,0.0000,1.2665,0.3700,-1.2113,7
2026-03-21T04:22:29.297514,3,0.1389,0.1389,0.0507,0.0000,1.3969,0.6774,-1.2216,7
2026-03-21T04:22:29.297514,4,0.1055,0.1055,0.0564,0.0000,1.0060,0.8343,0.5620,7
2026-03-21T04:22:29.297514,5,0.0737,0.0218,0.0737,0.0000,0.0857,-0.0343,0.0785,12
2026-03-21T04:22:29.368114,0,0.0884,0.0884,0.0446,0.0000,0.2776,-0.1074,-0.2560,16
2026-03-21T04:22:29.368114,1,0.1866,0.1866,0.0409,0.0000,1.0587,-0.0367,-1.0581,11
2026-03-21T04:22:29.368114,2,0.1202,0.1202,0.0720,0.0000,1.2727,0.4971,-1.1716,7
2026-03-21T04:22:29.368114,3,0.0870,0.0870,0.0418,0.0000,1.3710,0.7668,-1.1365,5
2026-03-21T04:22:29.368114,4,0.3591,0.0448,0.3591,0.0000,0.8494,0.8375,0.1421,24
2026-03-21T04:22:29.368114,5,0.0615,0.0242,0.0615,0.0000,0.0877,-0.0375,0.0792,9
2026-03-21T04:22:29.438586,0,0.1289,0.1254,0.1289,0.0000,0.2419,-0.0816,-0.2277,24
2026-03-21T04:22:29.438586,1,0.1682,0.1682,0.0441,0.0000,1.0533,-0.0094,-1.0532,10
2026-03-21T04:22:29.438586,2,0.2107,0.2107,0.0883,0.0000,1.3058,0.5520,-1.1834,11
2026-03-21T04:22:29.438586,3,0.1957,0.0231,0.1957,0.0000,1.0953,1.0039,-0.4382,10
2026-03-21T04:22:29.438586,4,0.5452,0.0920,0.5452,0.0000,0.9235,0.9208,0.0711,34
2026-03-21T04:22:29.438586,5,0.0523,0.0161,0.0523,0.0000,0.0903,-0.0397,0.0811,8
2026-03-21T04:22:29.509204,0,0.1488,0.1357,0.1488,0.0000,0.2372,-0.0708,-0.2263,28
2026-03-21T04:22:29.509204,1,0.0742,0.0742,0.0426,0.0000,1.0401,0.0367,-1.0394,5
2026-03-21T04:22:29.509204,2,0.0960,0.0960,0.0351,0.0599,1.3616,0.3527,-1.3151,5
2026-03-21T04:22:29.509204,3,0.0958,0.0958,0.0178,0.0000,1.3458,0.5902,-1.2095,5
2026-03-21T04:22:29.509204,4,0.1138,0.0483,0.1138,0.0000,1.3697,1.2037,-0.6537,6
2026-03-21T04:22:29.509204,5,0.0821,0.0536,0.0821,0.0000,1.2194,1.1662,-0.3564,5
2026-03-21T04:22:29.509204,6,0.3350,0.0721,0.3350,0.0000,1.1333,1.1329,-0.0289,18
2026-03-21T04:22:29.509204,7,0.0657,0.0199,0.0657,0.0000,0.0944,-0.0406,0.0852,9
2026-03-21T04:22:29.578665,0,0.1856,0.1263,0.1856,0.0000,0.2329,-0.0600,-0.2251,31
2026-03-21T04:22:29.578665,1,0.1102,0.1102,0.0420,0.0468,1.3399,0.3580,-1.2912,6
2026-03-21T04:22:29.578665,2,0.1130,0.1130,0.1098,0.0000,0.3114,0.2224,-0.2179,26
2026-03-21T04:22:29.578665,3,0.0677,0.0182,0.0677,0.0000,0.0906,-0.0373,0.0826,11
2026-03-21T04:22:29.647947,0,0.2470,0.1322,0.2470,0.0000,0.2044,-0.0388,-0.2007,37
2026-03-21T04:22:29.647947,1,0.2585,0.2585,0.0457,0.0000,0.2275,0.1421,-0.1776,50
2026-03-21T04:22:29.647947,2,0.1090,0.0253,0.1090,0.0000,0.0904,-0.0356,0.0831,12
2026-03-21T04:22:29.717918,0,0.3922,0.3922,0.2165,0.0000,0.1834,0.0602,-0.1733,91
2026-03-21T04:22:29.717918,1,0.0976,0.0210,0.0976,0.0000,0.0843,-0.0326,0.0777,13
2026-03-21T04:22:29.787191,0,0.2876,0.2876,0.1958,0.0000,0.1774,0.0356,-0.1738,77
2026-03-21T04:22:29.787191,1,0.1238,0.0263,0.1238,0.0000,0.0841,-0.0305,0.0784,15
2026-03-21T04:22:29.856674,0,0.2600,0.2600,0.1815,0.0000,0.1785,0.0322,-0.1756,74
2026-03-21T04:22:29.856674,1,0.0921,0.0162,0.0921,0.0000,0.0791,-0.0269,0.0744,18
2026-03-21T04:22:29.926101,0,0.2832,0.2832,0.1755,0.0000,0.1784,0.0389,-0.1741,78
2026-03-21T04:22:29.926101,1,0.0648,0.0096,0.0648,0.0000,0.0711,-0.0252,0.0665,17
2026-03-21T04:22:29.995749,0,0.3195,0.3195,0.1761,0.0000,0.1797,0.0457,-0.1738,81
2026-03-21T04:22:29.995749,1,0.0689,0.0101,0.0689,0.0000,0.0738,-0.0266,0.0689,16
2026-03-21T04:22:30.066562,0,0.3167,0.3167,0.1775,0.0000,0.1791,0.0452,-0.1733,80
2026-03-21T04:22:30.066562,1,0.0606,0.0089,0.0606,0.0000,0.0743,-0.0277,0.0689,15
2026-03-21T04:22:30.136715,0,0.3180,0.3180,0.1793,0.0000,0.1791,0.0445,-0.1735,79
2026-03-21T04:22:30.136715,1,0.0689,0.0111,0.0689,0.0000,0.0758,-0.0274,0.0707,16
2026-03-21T04:22:30.205738,0,0.3126,0.3126,0.1738,0.0000,0.1765,0.0445,-0.1708,79
2026-03-21T04:22:30.205738,1,0.0902,0.0190,0.0902,0.0000,0.0800,-0.0287,0.0747,16
2026-03-21T04:22:30.275314,0,0.2662,0.2662,0.1757,0.0000,0.1728,0.0400,-0.1681,77
2026-03-21T04:22:30.275314,1,0.0968,0.0178,0.0968,0.0000,0.0772,-0.0283,0.0718,15
2026-03-21T04:22:30.344535,0,0.3106,0.3106,0.1764,0.0000,0.1693,0.0422,-0.1640,79
2026-03-21T04:22:30.344535,1,0.0847,0.0116,0.0847,0.0000,0.0737,-0.0251,0.0693,18
2026-03-21T04:22:30.414243,0,0.2715,0.2715,0.1641,0.0000,0.1594,0.0407,-0.1541,83
2026-03-21T04:22:30.414243,1,0.0669,0.0093,0.0669,0.0000,0.0709,-0.0242,0.0666,18
2026-03-21T04:22:30.483828,0,0.3113,0.3113,0.1605,0.0000,0.1535,0.0419,-0.1477,87
2026-03-21T04:22:30.483828,1,0.0702,0.0112,0.0702,0.0000,0.0735,-0.0249,0.0692,18
2026-03-21T04:22:30.553647,0,0.3192,0.3192,0.1578,0.0000,0.1499,0.0426,-0.1437,89
2026-03-21T04:22:30.553647,1,0.1038,0.0124,0.1038,0.0000,0.0757,-0.0256,0.0713,18
2026-03-21T04:22:30.623969,0,0.3188,0.3188,0.1472,0.0000,0.1480,0.0407,-0.1423,89
2026-03-21T04:22:30.623969,1,0.0910,0.0160,0.0910,0.0000,0.0768,-0.0259,0.0723,18
2026-03-21T04:22:30.693494,0,0.3055,0.3055,0.1571,0.0000,0.1487,0.0384,-0.1437,87
2026-03-21T04:22:30.693494,1,0.1106,0.0185,0.1106,0.0000,0.0762,-0.0263,0.0716,17
2026-03-21T04:22:30.762906,0,0.2956,0.2956,0.1530,0.0000,0.1503,0.0327,-0.1468,83
2026-03-21T04:22:30.762906,1,0.1117,0.0153,0.1117,0.0000,0.0765,-0.0256,0.0721,18
2026-03-21T04:22:30.832253,0,0.3038,0.3038,0.1542,0.0000,0.1497,0.0290,-0.1469,82
2026-03-21T04:22:30.832253,1,0.0943,0.0133,0.0943,0.0000,0.0711,-0.0228,0.0673,20
2026-03-21T04:22:30.901600,0,0.2855,0.2855,0.1754,0.0000,0.1541,0.0261,-0.1519,82
2026-03-21T04:22:30.901600,1,0.0887,0.0139,0.0887,0.0000,0.0659,-0.0205,0.0626,21
2026-03-21T04:22:30.971785,0,0.2872,0.2872,0.1939,0.0000,0.1647,0.0250,-0.1628,81
2026-03-21T04:22:30.971785,1,0.0821,0.0117,0.0821,0.0000,0.0705,-0.0211,0.0673,22
2026-03-21T04:22:31.042872,0,0.3009,0.3009,0.1775,0.0000,0.1706,0.0272,-0.1684,77
2026-03-21T04:22:31.042872,1,0.0964,0.0117,0.0964,0.0000,0.0732,-0.0211,0.0701,23
2026-03-21T04:22:31.112611,0,0.3331,0.3331,0.1909,0.0000,0.1794,0.0318,-0.1766,74
2026-03-21T04:22:31.112611,1,0.0693,0.0108,0.0693,0.0000,0.0689,-0.0202,0.0659,23
2026-03-21T04:22:31.182581,0,0.4012,0.4012,0.2003,0.0000,0.1913,0.0488,-0.1850,75
2026-03-21T04:22:31.182581,1,0.1212,0.1212,0.0423,0.0000,1.1489,-0.0206,-1.1487,7
2026-03-21T04:22:31.182581,2,0.6374,0.6374,0.1000,0.0000,1.0310,0.1438,1.0210,34
2026-03-21T04:22:31.182581,3,0.1184,0.0118,0.1184,0.0000,0.0689,-0.0211,0.0655,21
2026-03-21T04:22:31.252831,0,0.1439,0.1080,0.1439,0.0000,0.2729,-0.0837,-0.2598,19
2026-03-21T04:22:31.252831,1,0.2413,0.2413,0.0776,0.0000,0.2125,0.1133,-0.1797,49
2026-03-21T04:22:31.252831,2,0.6362,0.6362,0.0872,0.0000,1.0278,0.1607,1.0152,34
2026-03-21T04:22:31.252831,3,0.1160,0.0139,0.1160,0.0000,0.0681,-0.0211,0.0648,21
2026-03-21T04:22:31.321414,0,0.0915,0.0908,0.0915,0.0000,0.2921,-0.0935,-0.2768,15
2026-03-21T04:22:31.321414,1,0.0581,0.0421,0.0581,0.0000,0.1708,-0.0421,-0.1656,5
2026-03-21T04:22:31.321414,2,0.0782,0.0782,0.0255,0.0000,1.1169,-0.0194,-1.1167,5
2026-03-21T04:22:31.321414,3,0.2493,0.2493,0.0668,0.0000,0.2355,0.1222,-0.2013,45
2026-03-21T04:22:31.321414,4,0.4384,0.4384,0.0505,0.0000,1.0112,0.0733,1.0085,25
2026-03-21T04:22:31.321414,5,0.1027,0.0106,0.1027,0.0000,0.0652,-0.0205,0.0619,21
2026-03-21T04:22:31.389781,0,0.1342,0.0973,0.1342,0.0000,0.2617,-0.0813,-0.2488,18
2026-03-21T04:22:31.389781,1,0.1400,0.1400,0.0383,0.0000,1.1273,-0.0296,-1.1269,8
2026-03-21T04:22:31.389781,2,0.2496,0.2496,0.0855,0.0000,0.2501,0.1231,-0.2177,42
2026-03-21T04:22:31.389781,3,0.0876,0.0876,0.0198,0.0000,1.0081,-0.0791,1.0049,6
2026-03-21T04:22:31.389781,4,0.1153,0.0105,0.1153,0.0000,0.0699,-0.0208,0.0667,22
2026-03-21T04:22:31.459792,0,0.1191,0.0458,0.1191,0.0000,0.1329,-0.0445,-0.1252,10
2026-03-21T04:22:31.459792,1,0.0801,0.0801,0.0775,0.0000,0.3002,-0.0885,-0.2868,13
2026-03-21T04:22:31.459792,2,0.1603,0.1603,0.0267,0.0000,1.1330,-0.0399,-1.1323,9
2026-03-21T04:22:31.459792,3,0.2331,0.2331,0.0776,0.0000,0.2633,0.1208,-0.2339,40
2026-03-21T04:22:31.459792,4,0.0925,0.0135,0.0925,0.0000,0.0672,-0.0188,0.0645,24
2026-03-21T04:22:31.528709,0,0.0711,0.0279,0.0711,0.0000,0.0871,-0.0396,-0.0776,6
2026-03-21T04:22:31.528709,1,0.0833,0.0688,0.0833,0.0000,0.3105,-0.0990,-0.2943,10
2026-03-21T04:22:31.528709,2,0.1394,0.1394,0.0198,0.0000,1.1318,-0.0496,-1.1308,8
2026-03-21T04:22:31.528709,3,0.2192,0.2192,0.1017,0.0000,0.2689,0.1124,-0.2443,37
2026-03-21T04:22:31.528709,4,0.0192,0.0183,0.0192,0.0000,0.0522,-0.0181,0.0490,20
2026-03-21T04:22:31.598242,0,0.0648,0.0248,0.0648,0.0000,0.0845,-0.0384,-0.0752,6
2026-03-21T04:22:31.598242,1,0.0772,0.0629,0.0772,0.0000,0.3271,-0.1043,-0.3100,10
2026-03-21T04:22:31.598242,2,0.1390,0.1390,0.0213,0.0000,1.1242,-0.0493,-1.1231,8
2026-03-21T04:22:31.598242,3,0.2192,0.2192,0.0997,0.0000,0.2688,0.1084,-0.2460,37
2026-03-21T04:22:31.598242,4,0.0376,0.0220,0.0376,0.0000,0.0528,-0.0184,0.0495,20
2026-03-21T04:22:31.667447,0,0.0942,0.0352,0.0942,0.0000,0.0908,-0.0404,-0.0813,7
2026-03-21T04:22:31.667447,1,0.0537,0.0537,0.0535,0.0000,0.3247,-0.1009,-0.3086,9
2026-03-21T04:22:31.667447,2,0.1380,0.1380,0.0267,0.0000,1.1212,-0.0493,-1.1201,8
2026-03-21T04:22:31.667447,3,0.2278,0.2278,0.1019,0.0000,0.2661,0.1073,-0.2435,39
2026-03-21T04:22:31.667447,4,0.0429,0.0191,0.0429,0.0000,0.0557,-0.0190,0.0524,20
2026-03-21T04:22:31.737836,0,0.0989,0.0305,0.0989,0.0000,0.0899,-0.0357,-0.0825,9
2026-03-21T04:22:31.737836,1,0.0499,0.0499,0.0264,0.0000,0.3190,-0.0928,-0.3052,9
2026-03-21T04:22:31.737836,2,0.1188,0.1188,0.0319,0.0000,1.1200,-0.0590,-1.1185,7
2026-03-21T04:22:31.737836,3,0.2288,0.2288,0.1299,0.0000,0.2603,0.0999,-0.2403,39
2026-03-21T04:22:31.737836,4,0.2589,0.2589,0.0536,0.0000,1.0449,0.0012,1.0449,15
2026-03-21T04:22:31.737836,5,0.1095,0.0125,0.1095,0.0000,0.0680,-0.0205,0.0649,22
2026-03-21T04:22:31.807966,0,0.0739,0.0241,0.0739,0.0000,0.0817,-0.0356,-0.0735,8
2026-03-21T04:22:31.807966,1,0.0538,0.0495,0.0538,0.0000,0.3090,-0.0906,-0.2954,9
2026-03-21T04:22:31.807966,2,0.0794,0.0794,0.0173,0.0000,1.1209,-0.0784,-1.1181,5
2026-03-21T04:22:31.807966,3,0.2034,0.2034,0.1362,0.0000,0.2544,0.0861,-0.2394,38
2026-03-21T04:22:31.807966,4,0.3982,0.3982,0.0653,0.0000,1.0533,0.0673,1.0512,22
2026-03-21T04:22:31.807966,5,0.1237,0.0133,0.1237,0.0000,0.0676,-0.0203,0.0645,22
2026-03-21T04:22:31.877754,0,0.1156,0.0225,0.1156,0.0000,0.0881,-0.0344,-0.0811,9
2026-03-21T04:22:31.877754,1,0.0565,0.0371,0.0565,0.0000,0.3246,-0.0974,-0.3097,8
2026-03-21T04:22:31.877754,2,0.2182,0.2182,0.1312,0.0000,0.2559,0.0759,-0.2443,39
2026-03-21T04:22:31.877754,3,0.5272,0.5272,0.0792,0.0000,1.0609,0.1260,1.0534,28
2026-03-21T04:22:31.877754,4,0.1257,0.0136,0.1257,0.0000,0.0671,-0.0201,0.0640,22
2026-03-21T04:22:31.948146,0,0.1187,0.0409,0.1187,0.0000,0.0994,-0.0367,-0.0923,11
2026-03-21T04:22:31.948146,1,0.0974,0.0205,0.0974,0.0000,0.3479,-0.1068,-0.3311,7
2026-03-21T04:22:31.948146,2,0.1867,0.1867,0.1215,0.0000,0.2464,0.0533,-0.2406,36
2026-03-21T04:22:31.948146,3,0.6157,0.6157,0.0854,0.0000,1.0646,0.1657,1.0516,32
2026-03-21T04:22:31.948146,4,0.1194,0.0143,0.1194,0.0000,0.0641,-0.0193,0.0611,22
2026-03-21T04:22:32.016992,0,0.0603,0.0204,0.0603,0.0000,0.0774,-0.0338,-0.0697,8
2026-03-21T04:22:32.016992,1,0.0567,0.0184,0.0567,0.0000,0.3407,-0.1078,-0.3232,6
2026-03-21T04:22:32.016992,2,0.2167,0.2167,0.0951,0.0000,0.2368,0.0422,-0.2330,38
2026-03-21T04:22:32.016992,3,0.4849,0.4849,0.0764,0.0000,1.0556,0.1243,1.0483,26
2026-03-21T04:22:32.016992,4,0.1084,0.0134,0.1084,0.0000,0.0646,-0.0187,0.0618,23
2026-03-21T04:22:32.086819,0,0.0819,0.0281,0.0819,0.0000,0.0789,-0.0343,-0.0711,8
2026-03-21T04:22:32.086819,1,0.0543,0.0242,0.0543,0.0000,0.3365,-0.1037,-0.3201,7
2026-03-21T04:22:32.086819,2,0.2581,0.2581,0.1403,0.0000,0.2276,0.0407,-0.2240,41
2026-03-21T04:22:32.086819,3,0.3608,0.3608,0.0631,0.0000,1.0501,0.0850,1.0467,20
2026-03-21T04:22:32.086819,4,0.0920,0.0177,0.0920,0.0000,0.0626,-0.0186,0.0598,23
2026-03-21T04:22:32.156468,0,0.2197,0.2197,0.2125,0.0000,0.1957,0.0248,-0.1941,50
2026-03-21T04:22:32.156468,1,0.0437,0.0402,0.0437,0.0000,0.3321,-0.1000,-0.3167,8
2026-03-21T04:22:32.156468,2,0.1278,0.1278,0.0232,0.0000,1.0415,-0.0089,1.0415,8
2026-03-21T04:22:32.156468,3,0.1303,0.0160,0.1303,0.0000,0.0668,-0.0171,0.0645,26
2026-03-21T04:22:32.227028,0,0.0417,0.0150,0.0417,0.0000,0.0780,-0.0349,-0.0697,7
2026-03-21T04:22:32.227028,1,0.1988,0.1988,0.1161,0.0000,0.2105,0.0370,-0.2072,44
2026-03-21T04:22:32.227028,2,0.0466,0.0466,0.0216,0.0000,0.3131,-0.0919,-0.2993,9
2026-03-21T04:22:32.227028,3,0.0906,0.0222,0.0906,0.0000,0.0655,-0.0156,0.0636,28
2026-03-21T04:22:32.295675,0,0.2441,0.2441,0.2064,0.0000,0.1854,0.0281,-0.1833,54
2026-03-21T04:22:32.295675,1,0.0542,0.0478,0.0542,0.0000,0.3051,-0.0945,-0.2901,9
2026-03-21T04:22:32.295675,2,0.0697,0.0190,0.0697,0.0000,0.0646,-0.0173,0.0623,26
2026-03-21T04:22:32.365353,0,0.2531,0.2531,0.1807,0.0000,0.1791,0.0226,-0.1777,55
2026-03-21T04:22:32.365353,1,0.0544,0.0328,0.0544,0.0000,0.3063,-0.0971,-0.2905,8
2026-03-21T04:22:32.365353,2,0.1230,0.0154,0.1230,0.0000,0.0640,-0.0179,0.0614,24
2026-03-21T04:22:32.433448,0,0.0811,0.0300,0.0811,0.0000,0.0851,-0.0378,-0.0762,7
2026-03-21T04:22:32.433448,1,0.3008,0.3008,0.1817,0.0000,0.2055,0.0227,-0.2042,61
2026-03-21T04:22:32.433448,2,0.1226,0.0138,0.1226,0.0000,0.0674,-0.0192,0.0646,23
2026-03-21T04:22:32.503965,0,0.2928,0.2928,0.2676,0.0000,0.1836,0.0195,-0.1825,72
2026-03-21T04:22:32.503965,1,0.0908,0.0095,0.0908,0.0000,0.0700,-0.0201,0.0671,23
2026-03-21T04:22:32.573598,0,0.0804,0.0292,0.0804,0.0000,0.0898,-0.0400,-0.0804,7
2026-03-21T04:22:32.573598,1,0.2873,0.2873,0.1706,0.0000,0.1883,0.0248,-0.1867,65
2026-03-21T04:22:32.573598,2,0.0733,0.0102,0.0733,0.0000,0.0680,-0.0211,0.0646,21
2026-03-21T04:22:32.644596,0,0.2633,0.2633,0.1804,0.0000,0.1616,0.0314,-0.1586,63
2026-03-21T04:22:32.644596,1,0.0378,0.0378,0.0321,0.0000,0.2925,-0.0929,-0.2774,8
2026-03-21T04:22:32.644596,2,0.0742,0.0106,0.0742,0.0000,0.0708,-0.0219,0.0674,21
2026-03-21T04:22:32.714112,0,0.2236,0.2236,0.1414,0.0000,0.1571,0.0244,-0.1552,56
2026-03-21T04:22:32.714112,1,0.0772,0.0476,0.0772,0.0000,0.2932,-0.0910,-0.2787,9
2026-03-21T04:22:32.714112,2,0.0851,0.0094,0.0851,0.0000,0.0704,-0.0216,0.0670,21
2026-03-21T04:22:32.783245,0,0.2433,0.2433,0.1667,0.0000,0.1585,0.0330,-0.1550,58
2026-03-21T04:22:32.783245,1,0.0600,0.0412,0.0600,0.0000,0.2945,-0.0935,-0.2793,8
2026-03-21T04:22:32.783245,2,0.0806,0.0115,0.0806,0.0000,0.0686,-0.0203,0.0655,22
2026-03-21T04:22:32.853079,0,0.2615,0.2615,0.1668,0.0000,0.1583,0.0328,-0.1548,60
2026-03-21T04:22:32.853079,1,0.0455,0.0451,0.0455,0.0000,0.2901,-0.0900,-0.2757,9
2026-03-21T04:22:32.853079,2,0.0883,0.0091,0.0883,0.0000,0.0705,-0.0203,0.0675,23
2026-03-21T04:22:32.923292,0,0.2507,0.2507,0.1620,0.0000,0.1588,0.0335,-0.1553,59
2026-03-21T04:22:32.923292,1,0.0667,0.0480,0.0667,0.0000,0.2966,-0.0941,-0.2813,10
2026-03-21T04:22:32.923292,2,0.0788,0.0125,0.0788,0.0000,0.0676,-0.0190,0.0649,24
2026-03-21T04:22:32.993249,0,0.2399,0.2399,0.1488,0.0000,0.1586,0.0279,-0.1561,54
2026-03-21T04:22:32.993249,1,0.0397,0.0397,0.0382,0.0000,0.3087,-0.1004,-0.2919,9
2026-03-21T04:22:32.993249,2,0.0823,0.0150,0.0823,0.0000,0.0691,-0.0185,0.0666,25
2026-03-21T04:22:33.062605,0,0.1949,0.1949,0.1375,0.0000,0.1634,0.0282,-0.1610,57
2026-03-21T04:22:33.062605,1,0.0710,0.0467,0.0710,0.0000,0.2969,-0.0989,-0.2800,10
2026-03-21T04:22:33.062605,2,0.0736,0.0130,0.0736,0.0000,0.0678,-0.0189,0.0651,24
2026-03-21T04:22:33.132228,0,0.2884,0.2884,0.1846,0.0000,0.1736,0.0407,-0.1688,65
2026-03-21T04:22:33.132228,1,0.0463,0.0403,0.0463,0.0000,0.2885,-0.0917,-0.2736,8
2026-03-21T04:22:33.132228,2,0.0841,0.0134,0.0841,0.0000,0.0693,-0.0192,0.0666,24
2026-03-21T04:22:33.202020,0,0.2808,0.2808,0.2359,0.0000,0.1807,0.0318,-0.1779,74
2026-03-21T04:22:33.202020,1,0.0828,0.0124,0.0828,0.0000,0.0671,-0.0199,0.0641,22
2026-03-21T04:22:33.272300,0,0.2820,0.2820,0.2333,0.0000,0.1786,0.0268,-0.1765,71
2026-03-21T04:22:33.272300,1,0.0757,0.0126,0.0757,0.0000,0.0660,-0.0196,0.0630,22
2026-03-21T04:22:33.341404,0,0.2872,0.2872,0.2314,0.0000,0.1794,0.0272,-0.1773,71
2026-03-21T04:22:33.341404,1,0.0742,0.0091,0.0742,0.0000,0.0642,-0.0190,0.0613,22
2026-03-21T04:22:33.410324,0,0.2810,0.2810,0.2294,0.0000,0.1786,0.0173,-0.1777,66
2026-03-21T04:22:33.410324,1,0.0855,0.0106,0.0855,0.0000,0.0645,-0.0184,0.0618,23
2026-03-21T04:22:33.480407,0,0.2695,0.2695,0.2223,0.0000,0.1734,0.0177,-0.1725,66
2026-03-21T04:22:33.480407,1,0.0850,0.0116,0.0850,0.0000,0.0658,-0.0188,0.0630,23
2026-03-21T04:22:33.550028,0,0.2728,0.2728,0.2354,0.0000,0.1740,0.0167,-0.1732,66
2026-03-21T04:22:33.550028,1,0.0924,0.0129,0.0924,0.0000,0.0647,-0.0173,0.0623,25
2026-03-21T04:22:33.619975,0,0.2392,0.2392,0.1740,0.0000,0.1632,0.0357,-0.1593,63
2026-03-21T04:22:33.619975,1,0.0581,0.0374,0.0581,0.0000,0.2627,-0.0791,-0.2505,8
2026-03-21T04:22:33.619975,2,0.0800,0.0123,0.0800,0.0000,0.0643,-0.0171,0.0620,25
2026-03-21T04:22:33.689524,0,0.2660,0.2660,0.2395,0.0000,0.1720,0.0251,-0.1701,72
2026-03-21T04:22:33.689524,1,0.0893,0.0119,0.0893,0.0000,0.0614,-0.0165,0.0592,25
2026-03-21T04:22:33.758742,0,0.2482,0.2482,0.1647,0.0000,0.1598,0.0390,-0.1550,65
2026-03-21T04:22:33.758742,1,0.0562,0.0304,0.0562,0.0000,0.2613,-0.0786,-0.2492,8
2026-03-21T04:22:33.758742,2,0.0941,0.0128,0.0941,0.0000,0.0652,-0.0168,0.0630,26
2026-03-21T04:22:33.829205,0,0.2627,0.2627,0.2131,0.0000,0.1643,0.0273,-0.1621,74
2026-03-21T04:22:33.829205,1,0.0819,0.0162,0.0819,0.0000,0.0610,-0.0157,0.0589,26
2026-03-21T04:22:33.898533,0,0.2687,0.2687,0.2265,0.0000,0.1644,0.0258,-0.1623,74
2026-03-21T04:22:33.898533,1,0.0790,0.0153,0.0790,0.0000,0.0634,-0.0166,0.0612,26
2026-03-21T04:22:33.968671,0,0.2881,0.2881,0.1678,0.0000,0.1573,0.0401,-0.1521,69
2026-03-21T04:22:33.968671,1,0.0371,0.0276,0.0371,0.0000,0.2818,-0.0872,-0.2680,7
2026-03-21T04:22:33.968671,2,0.0955,0.0170,0.0955,0.0000,0.0635,-0.0167,0.0613,26
2026-03-21T04:22:34.039980,0,0.2686,0.2686,0.1592,0.0000,0.1546,0.0427,-0.1486,67
2026-03-21T04:22:34.039980,1,0.0863,0.0438,0.0863,0.0000,0.2715,-0.0840,-0.2582,9
2026-03-21T04:22:34.039980,2,0.0759,0.0181,0.0759,0.0000,0.0617,-0.0156,0.0597,27
2026-03-21T04:22:34.108867,0,0.2736,0.2736,0.1639,0.0000,0.1553,0.0409,-0.1498,68
2026-03-21T04:22:34.108867,1,0.0524,0.0343,0.0524,0.0000,0.2679,-0.0851,-0.2541,8
2026-03-21T04:22:34.108867,2,0.0950,0.0183,0.0950,0.0000,0.0621,-0.0163,0.0599,26
2026-03-21T04:22:34.179121,0,0.2936,0.2936,0.1708,0.0000,0.1550,0.0444,-0.1485,68
2026-03-21T04:22:34.179121,1,0.0673,0.0459,0.0673,0.0000,0.2680,-0.0832,-0.2547,9
2026-03-21T04:22:34.179121,2,0.0876,0.0184,0.0876,0.0000,0.0649,-0.0163,0.0628,27
2026-03-21T04:22:34.248262,0,0.3093,0.3093,0.2307,0.0000,0.1606,0.0270,-0.1583,76
2026-03-21T04:22:34.248262,1,0.0934,0.0177,0.0934,0.0000,0.0643,-0.0159,0.0623,27
2026-03-21T04:22:34.318127,0,0.2481,0.2481,0.1433,0.0000,0.1544,0.0412,-0.1488,68
2026-03-21T04:22:34.318127,1,0.0619,0.0356,0.0619,0.0000,0.2598,-0.0783,-0.2477,8
2026-03-21T04:22:34.318127,2,0.0813,0.0184,0.0813,0.0000,0.0640,-0.0161,0.0619,27
2026-03-21T04:22:34.387174,0,0.2667,0.2667,0.2129,0.0000,0.1621,0.0284,-0.1596,74
2026-03-21T04:22:34.387174,1,0.0821,0.0137,0.0821,0.0000,0.0617,-0.0166,0.0594,25
2026-03-21T04:22:34.456474,0,0.2278,0.2278,0.1975,0.0000,0.1549,0.0171,-0.1539,66
2026-03-21T04:22:34.456474,1,0.0846,0.0104,0.0846,0.0000,0.0613,-0.0171,0.0589,24
2026-03-21T04:22:34.526789,0,0.1568,0.1568,0.1463,0.0000,0.1488,0.0095,-0.1485,60
2026-03-21T04:22:34.526789,1,0.0744,0.0119,0.0744,0.0000,0.0648,-0.0178,0.0623,24
2026-03-21T04:22:34.596203,0,0.1608,0.1477,0.1608,0.0000,0.1478,0.0097,-0.1475,59
2026-03-21T04:22:34.596203,1,0.0806,0.0104,0.0806,0.0000,0.0651,-0.0194,0.0622,22
2026-03-21T04:22:34.665018,0,0.1536,0.1394,0.1536,0.0000,0.1450,0.0071,-0.1448,57
2026-03-21T04:22:34.665018,1,0.0856,0.0131,0.0856,0.0000,0.0637,-0.0189,0.0608,22
2026-03-21T04:22:34.735168,0,0.1568,0.1412,0.1568,0.0000,0.1470,0.0072,-0.1468,57
2026-03-21T04:22:34.735168,1,0.0880,0.0111,0.0880,0.0000,0.0644,-0.0190,0.0615,22
2026-03-21T04:22:34.804707,0,0.1621,0.1426,0.1621,0.0000,0.1452,0.0073,-0.1450,57
2026-03-21T04:22:34.804707,1,0.0803,0.0146,0.0803,0.0000,0.0605,-0.0184,0.0576,22
2026-03-21T04:22:34.874144,0,0.1624,0.1413,0.1624,0.0000,0.1469,0.0072,-0.1467,57
2026-03-21T04:22:34.874144,1,0.0826,0.0136,0.0826,0.0000,0.0623,-0.0189,0.0594,22
2026-03-21T04:22:34.944068,0,0.1603,0.1428,0.1603,0.0000,0.1475,0.0068,-0.1474,57
2026-03-21T04:22:34.944068,1,0.0662,0.0104,0.0662,0.0000,0.0623,-0.0182,0.0596,23
2026-03-21T04:22:35.013792,0,0.1543,0.1543,0.1541,0.0000,0.1482,0.0058,-0.1481,57
2026-03-21T04:22:35.013792,1,0.0786,0.0079,0.0786,0.0000,0.0644,-0.0184,0.0617,23
2026-03-21T04:22:35.083741,0,0.1673,0.1590,0.1673,0.0000,0.1535,0.0036,-0.1534,57
2026-03-21T04:22:35.083741,1,0.0769,0.0103,0.0769,0.0000,0.0677,-0.0202,0.0646,22
2026-03-21T04:22:35.153471,0,0.2147,0.1822,0.2147,0.0000,0.1662,0.0008,-0.1662,59
2026-03-21T04:22:35.153471,1,0.0643,0.0208,0.0643,0.0000,0.0752,-0.0328,0.0677,8
2026-03-21T04:22:35.223970,0,0.2058,0.2058,0.0947,0.0000,0.1649,0.0173,-0.1640,46
2026-03-21T04:22:35.223970,1,0.0615,0.0615,0.0536,0.0000,0.2846,-0.1068,-0.2638,13
2026-03-21T04:22:35.223970,2,0.0935,0.0935,0.0561,0.0000,1.0347,-0.3875,0.9594,7
2026-03-21T04:22:35.223970,3,0.0436,0.0436,0.0138,0.0000,0.5298,-0.2489,0.4677,5
2026-03-21T04:22:35.293638,0,0.0953,0.0953,0.0738,0.0000,0.2915,-0.1128,-0.2688,16
2026-03-21T04:22:35.293638,1,0.2174,0.2174,0.1007,0.0000,0.1740,0.0463,-0.1677,55
2026-03-21T04:22:35.293638,2,0.0934,0.0934,0.0550,0.0000,1.0315,-0.3863,0.9565,7
2026-03-21T04:22:35.293638,3,0.0340,0.0340,0.0179,0.0000,0.5404,-0.2537,0.4772,5
2026-03-21T04:22:35.363510,0,0.0915,0.0915,0.0383,0.0000,0.2948,-0.1137,-0.2720,16
2026-03-21T04:22:35.363510,1,0.2097,0.2097,0.0902,0.0000,0.1701,0.0471,-0.1635,56
2026-03-21T04:22:35.363510,2,0.0811,0.0811,0.0384,0.0000,1.0289,-0.3770,0.9573,6
2026-03-21T04:22:35.363510,3,0.0353,0.0353,0.0154,0.0000,0.5498,-0.2582,0.4855,5
2026-03-21T04:22:35.432294,0,0.0766,0.0766,0.0465,0.0000,0.3013,-0.1178,-0.2773,15
2026-03-21T04:22:35.432294,1,0.2065,0.2065,0.0871,0.0000,0.1652,0.0470,-0.1584,57
2026-03-21T04:22:35.432294,2,0.1610,0.1610,0.0748,0.0000,1.0279,-0.4017,0.9461,11
2026-03-21T04:22:35.501416,0,0.0716,0.0716,0.0372,0.0000,0.3013,-0.1178,-0.2774,15
2026-03-21T04:22:35.501416,1,0.2211,0.2211,0.1042,0.0000,0.1645,0.0456,-0.1581,56
2026-03-21T04:22:35.501416,2,0.1607,0.1607,0.0791,0.0000,1.0287,-0.4020,0.9469,11
2026-03-21T04:22:35.571065,0,0.0871,0.0871,0.0629,0.0000,0.2987,-0.1149,-0.2758,16
2026-03-21T04:22:35.571065,1,0.2612,0.2612,0.1146,0.0000,0.1595,0.0463,-0.1526,58
2026-03-21T04:22:35.571065,2,0.1585,0.1585,0.0408,0.0000,1.0307,-0.3947,0.9521,10
2026-03-21T04:22:35.640908,0,0.0884,0.0884,0.0579,0.0000,0.3036,-0.1166,-0.2803,16
2026-03-21T04:22:35.640908,1,0.1956,0.1956,0.0777,0.0000,0.1482,0.0344,-0.1441,54
2026-03-21T04:22:35.640908,2,0.1596,0.1596,0.0775,0.0000,1.0283,-0.4019,0.9464,11
2026-03-21T04:22:35.710055,0,0.0791,0.0791,0.0404,0.0000,0.3048,-0.1192,-0.2805,15
2026-03-21T04:22:35.710055,1,0.1991,0.1991,0.0724,0.0000,0.1490,0.0343,-0.1450,53
2026-03-21T04:22:35.710055,2,0.1626,0.1626,0.0733,0.0000,1.0271,-0.4015,0.9453,11
2026-03-21T04:22:35.780301,0,0.0830,0.0830,0.0305,0.0000,0.3055,-0.1198,-0.2810,15
2026-03-21T04:22:35.780301,1,0.2038,0.2038,0.0816,0.0000,0.1475,0.0374,-0.1426,56
2026-03-21T04:22:35.780301,2,0.1615,0.1615,0.0783,0.0000,1.0285,-0.4020,0.9467,11
2026-03-21T04:22:35.849918,0,0.1005,0.1005,0.0880,0.0000,0.2999,-0.1157,-0.2767,16
2026-03-21T04:22:35.849918,1,0.1992,0.1992,0.0673,0.0000,0.1462,0.0371,-0.1414,56
2026-03-21T04:22:35.849918,2,0.1644,0.1644,0.0774,0.0000,1.0329,-0.4037,0.9507,11
2026-03-21T04:22:35.920094,0,0.1010,0.1010,0.0746,0.0000,0.2995,-0.1157,-0.2762,16
2026-03-21T04:22:35.920094,1,0.2458,0.2458,0.1108,0.0000,0.1466,0.0422,-0.1404,58
2026-03-21T04:22:35.920094,2,0.1668,0.1668,0.0676,0.0000,1.0320,-0.4035,0.9498,11
2026-03-21T04:22:35.988610,0,0.0854,0.0854,0.0487,0.0000,0.2993,-0.1202,-0.2742,14
2026-03-21T04:22:35.988610,1,0.2294,0.2294,0.0928,0.0000,0.1444,0.0370,-0.1395,59
2026-03-21T04:22:35.988610,2,0.1598,0.1598,0.0808,0.0000,1.0292,-0.4023,0.9473,11
2026-03-21T04:22:36.059161,0,0.0829,0.0829,0.0548,0.0000,0.2976,-0.1242,-0.2704,12
2026-03-21T04:22:36.059161,1,0.2416,0.2416,0.0986,0.0000,0.1494,0.0359,-0.1450,60
2026-03-21T04:22:36.059161,2,0.1612,0.1612,0.0749,0.0000,1.0283,-0.4019,0.9465,11
2026-03-21T04:22:36.130104,0,0.0606,0.0606,0.0428,0.0000,0.2970,-0.1308,-0.2667,9
2026-03-21T04:22:36.130104,1,0.2640,0.2640,0.1092,0.0000,0.1501,0.0325,-0.1465,63
2026-03-21T04:22:36.130104,2,0.1564,0.1564,0.0443,0.0000,1.0297,-0.3944,0.9512,10
2026-03-21T04:22:36.198680,0,0.3272,0.3272,0.1689,0.0000,0.1557,0.0110,-0.1553,70
2026-03-21T04:22:36.198680,1,0.1648,0.1648,0.0773,0.0000,1.0304,-0.3861,0.9553,11
2026-03-21T04:22:36.269141,0,0.2405,0.2405,0.0945,0.0000,0.1447,0.0189,-0.1434,64
2026-03-21T04:22:36.269141,1,0.1676,0.1676,0.0666,0.0000,1.0261,-0.3846,0.9513,11
2026-03-21T04:22:36.338782,0,0.2328,0.2328,0.0884,0.0000,0.1453,0.0141,-0.1446,63
2026-03-21T04:22:36.338782,1,0.1648,0.1648,0.0709,0.0000,1.0253,-0.3843,0.9506,11
2026-03-21T04:22:36.408351,0,0.2374,0.2374,0.1173,0.0000,0.1457,0.0155,-0.1448,63
2026-03-21T04:22:36.408351,1,0.1588,0.1588,0.0781,0.0000,1.0211,-0.3826,0.9467,11
2026-03-21T04:22:36.477463,0,0.2139,0.2139,0.0886,0.0000,0.1423,0.0091,-0.1420,62
2026-03-21T04:22:36.477463,1,0.1627,0.1627,0.0690,0.0000,1.0221,-0.3831,0.9476,11
2026-03-21T04:22:36.546056,0,0.2701,0.2701,0.1298,0.0000,0.1439,0.0096,-0.1436,64
2026-03-21T04:22:36.546056,1,0.1657,0.1657,0.0691,0.0000,1.0266,-0.3848,0.9518,11
2026-03-21T04:22:36.615676,0,0.2253,0.2253,0.0881,0.0000,0.1392,0.0005,-0.1392,58
2026-03-21T04:22:36.615676,1,0.1632,0.1632,0.0799,0.0000,1.0272,-0.3849,0.9523,11
2026-03-21T04:22:36.685876,0,0.2423,0.2423,0.0979,0.0000,0.1389,0.0017,-0.1389,59
2026-03-21T04:22:36.685876,1,0.1577,0.1577,0.0421,0.0000,1.0278,-0.3937,0.9494,10
2026-03-21T04:22:36.756094,0,0.2069,0.2069,0.0835,0.0000,0.1361,0.0017,-0.1361,57
2026-03-21T04:22:36.756094,1,0.1585,0.1585,0.0814,0.0000,1.0255,-0.4008,0.9440,11
2026-03-21T04:22:36.826241,0,0.1736,0.1736,0.0743,0.0000,0.1352,-0.0045,-0.1351,53
2026-03-21T04:22:36.826241,1,0.1603,0.1603,0.0745,0.0000,1.0241,-0.4003,0.9426,11
2026-03-21T04:22:36.895104,0,0.2276,0.2276,0.1149,0.0000,0.1370,0.0051,-0.1369,58
2026-03-21T04:22:36.895104,1,0.1705,0.1705,0.1293,0.0000,1.0175,-0.4131,0.9298,13
2026-03-21T04:22:36.963991,0,0.2504,0.2504,0.1106,0.0000,0.1392,0.0019,-0.1392,59
2026-03-21T04:22:36.963991,1,0.1612,0.1612,0.0749,0.0000,1.0265,-0.4013,0.9449,11
2026-03-21T04:22:37.033919,0,0.2144,0.2144,0.0913,0.0000,0.1349,0.0022,-0.1348,57
2026-03-21T04:22:37.033919,1,0.1628,0.1628,0.0756,0.0000,1.0273,-0.4015,0.9455,11
2026-03-21T04:22:37.104350,0,0.2113,0.2113,0.0924,0.0000,0.1340,0.0011,-0.1340,56
2026-03-21T04:22:37.104350,1,0.1620,0.1620,0.0774,0.0000,1.0288,-0.4021,0.9470,11
2026-03-21T04:22:37.174693,0,0.1950,0.1950,0.0757,0.0000,0.1319,-0.0042,-0.1319,53
2026-03-21T04:22:37.174693,1,0.1636,0.1636,0.0759,0.0000,1.0312,-0.4031,0.9491,11
2026-03-21T04:22:37.244738,0,0.1947,0.1947,0.0708,0.0000,0.1344,-0.0000,-0.1344,56
2026-03-21T04:22:37.244738,1,0.1640,0.1640,0.0729,0.0000,1.0301,-0.4027,0.9481,11
2026-03-21T04:22:37.314857,0,0.1864,0.1864,0.0617,0.0000,0.1336,0.0009,-0.1336,57
2026-03-21T04:22:37.314857,1,0.1629,0.1629,0.0757,0.0000,1.0273,-0.4016,0.9456,11
2026-03-21T04:22:37.383883,0,0.2126,0.2126,0.0898,0.0000,0.1339,0.0009,-0.1339,56
2026-03-21T04:22:37.383883,1,0.1613,0.1613,0.0750,0.0000,1.0273,-0.4016,0.9456,11
2026-03-21T04:22:37.453932,0,0.2126,0.2126,0.0898,0.0000,0.1365,0.0029,-0.1365,57
2026-03-21T04:22:37.453932,1,0.1631,0.1631,0.0725,0.0000,1.0279,-0.4018,0.9461,11
2026-03-21T04:22:37.522881,0,0.2237,0.2237,0.0966,0.0000,0.1367,0.0041,-0.1366,58
2026-03-21T04:22:37.522881,1,0.1588,0.1588,0.0782,0.0000,1.0259,-0.4010,0.9443,11
2026-03-21T04:22:37.592365,0,0.2300,0.2300,0.0945,0.0000,0.1386,0.0030,-0.1385,57
2026-03-21T04:22:37.592365,1,0.1641,0.1641,0.0710,0.0000,1.0269,-0.4014,0.9452,11
2026-03-21T04:22:37.661535,0,0.2268,0.2268,0.1013,0.0000,0.1374,0.0083,-0.1372,60
2026-03-21T04:22:37.661535,1,0.1616,0.1616,0.0751,0.0000,1.0265,-0.4013,0.9448,11
2026-03-21T04:22:37.731147,0,0.2453,0.2453,0.1264,0.0000,0.1419,0.0170,-0.1409,63
2026-03-21T04:22:37.731147,1,0.1626,0.1626,0.0712,0.0000,1.0263,-0.4013,0.9447,11
2026-03-21T04:22:37.801269,0,0.0508,0.0508,0.0434,0.0000,0.2919,-0.1353,-0.2586,6
2026-03-21T04:22:37.801269,1,0.1742,0.1742,0.0730,0.0000,0.1375,0.0050,-0.1374,52
2026-03-21T04:22:37.801269,2,0.1618,0.1618,0.0746,0.0000,1.0272,-0.4015,0.9454,11
2026-03-21T04:22:37.870391,0,0.0662,0.0662,0.0468,0.0000,0.2944,-0.1297,-0.2643,9
2026-03-21T04:22:37.870391,1,0.1547,0.1547,0.0877,0.0000,0.1432,0.0099,-0.1428,49
2026-03-21T04:22:37.870391,2,0.1565,0.1565,0.0448,0.0000,1.0260,-0.3929,0.9478,10
2026-03-21T04:22:37.940981,0,0.0915,0.0915,0.0765,0.0000,0.2916,-0.1219,-0.2649,12
2026-03-21T04:22:37.940981,1,0.1651,0.1651,0.0864,0.0000,0.1479,0.0185,-0.1468,48
2026-03-21T04:22:37.940981,2,0.1659,0.1659,0.0745,0.0000,1.0280,-0.3853,0.9530,11
2026-03-21T04:22:38.010340,0,0.0822,0.0822,0.0322,0.0000,0.2928,-0.1174,-0.2682,14
2026-03-21T04:22:38.010340,1,0.1571,0.1571,0.0694,0.0000,0.1535,0.0248,-0.1514,48
2026-03-21T04:22:38.010340,2,0.1641,0.1641,0.1173,0.0000,1.0245,-0.3920,0.9465,12
2026-03-21T04:22:38.080056,0,0.0862,0.0862,0.0289,0.0000,0.2953,-0.1159,-0.2716,15
2026-03-21T04:22:38.080056,1,0.1646,0.1646,0.0872,0.0000,0.1605,0.0275,-0.1581,47
2026-03-21T04:22:38.080056,2,0.1667,0.1667,0.0695,0.0000,1.0253,-0.3843,0.9506,11
2026-03-21T04:22:38.149227,0,0.1022,0.1022,0.0542,0.0000,0.2928,-0.1108,-0.2710,17
2026-03-21T04:22:38.149227,1,0.1569,0.1569,0.0770,0.0000,0.1664,0.0351,-0.1627,47
2026-03-21T04:22:38.149227,2,0.1642,0.1642,0.0706,0.0000,1.0223,-0.3832,0.9477,11
2026-03-21T04:22:38.219198,0,0.1082,0.1082,0.0786,0.0000,0.2916,-0.1082,-0.2708,18
2026-03-21T04:22:38.219198,1,0.1758,0.1758,0.0934,0.0000,0.1729,0.0397,-0.1683,47
2026-03-21T04:22:38.219198,2,0.1585,0.1585,0.0780,0.0000,1.0219,-0.3829,0.9474,11
2026-03-21T04:22:38.289235,0,0.1052,0.1052,0.0579,0.0000,0.2934,-0.1085,-0.2726,18
2026-03-21T04:22:38.289235,1,0.1731,0.1731,0.0852,0.0000,0.1777,0.0413,-0.1729,46
2026-03-21T04:22:38.289235,2,0.1661,0.1661,0.0627,0.0000,1.0207,-0.3660,0.9528,11
2026-03-21T04:22:38.359875,0,0.0786,0.0786,0.0497,0.0000,0.3018,-0.1129,-0.2799,17
2026-03-21T04:22:38.359875,1,0.1662,0.1662,0.0826,0.0000,0.1814,0.0413,-0.1767,44
2026-03-21T04:22:38.359875,2,0.1621,0.1621,0.0707,0.0000,1.0210,-0.3493,0.9594,11
2026-03-21T04:22:38.429322,0,0.0695,0.0695,0.0498,0.0000,0.3053,-0.1165,-0.2822,16
2026-03-21T04:22:38.429322,1,0.1517,0.1517,0.0808,0.0000,0.1831,0.0418,-0.1782,42
2026-03-21T04:22:38.429322,2,0.1676,0.1676,0.0691,0.0000,1.0218,-0.3158,0.9718,11
2026-03-21T04:22:38.499170,0,0.1025,0.0525,0.1025,0.0000,0.3153,-0.1222,-0.2906,15
2026-03-21T04:22:38.499170,1,0.1651,0.1651,0.1078,0.0000,0.1868,0.0399,-0.1825,42
2026-03-21T04:22:38.499170,2,0.1687,0.1687,0.0526,0.0000,1.0161,-0.2973,0.9716,11
2026-03-21T04:22:38.569001,0,0.1013,0.0458,0.1013,0.0000,0.3164,-0.1251,-0.2907,14
2026-03-21T04:22:38.569001,1,0.1691,0.1691,0.1078,0.0000,0.1842,0.0349,-0.1808,43
2026-03-21T04:22:38.569001,2,0.1713,0.1713,0.0460,0.0000,1.0147,-0.2799,0.9754,11
2026-03-21T04:22:38.638309,0,0.0737,0.0454,0.0737,0.0000,0.3172,-0.1282,-0.2902,13
2026-03-21T04:22:38.638309,1,0.1598,0.1598,0.1496,0.0000,0.1835,0.0344,-0.1803,42
2026-03-21T04:22:38.638309,2,0.1680,0.1680,0.0522,0.0000,1.0139,-0.2626,0.9793,11
2026-03-21T04:22:38.707111,0,0.0813,0.0331,0.0813,0.0000,0.3192,-0.1315,-0.2909,12
2026-03-21T04:22:38.707111,1,0.1399,0.1399,0.1347,0.0000,0.1844,0.0304,-0.1819,40
2026-03-21T04:22:38.707111,2,0.1692,0.1692,0.0453,0.0000,1.0103,-0.2446,0.9802,11
2026-03-21T04:22:38.776604,0,0.0696,0.0344,0.0696,0.0000,0.3225,-0.1355,-0.2926,11
2026-03-21T04:22:38.776604,1,0.1783,0.1673,0.1783,0.0000,0.1833,0.0294,-0.1810,41
2026-03-21T04:22:38.776604,2,0.1735,0.1735,0.0360,0.0000,1.0113,-0.2277,0.9853,11
2026-03-21T04:22:38.845617,0,0.0796,0.0274,0.0796,0.0000,0.3242,-0.1361,-0.2943,11
2026-03-21T04:22:38.845617,1,0.1407,0.1407,0.1291,0.0000,0.1832,0.0275,-0.1811,40
2026-03-21T04:22:38.845617,2,0.1681,0.1681,0.0514,0.0000,1.0114,-0.2277,0.9854,11
2026-03-21T04:22:38.916275,0,0.0912,0.0295,0.0912,0.0000,0.3283,-0.1377,-0.2980,11
2026-03-21T04:22:38.916275,1,0.1422,0.1422,0.1208,0.0000,0.1811,0.0235,-0.1796,40
2026-03-21T04:22:38.916275,2,0.1717,0.1717,0.0548,0.0000,1.0154,-0.2112,0.9932,11
2026-03-21T04:22:38.985136,0,0.0953,0.0300,0.0953,0.0000,0.3324,-0.1395,-0.3017,11
2026-03-21T04:22:38.985136,1,0.1436,0.1436,0.1156,0.0000,0.1810,0.0236,-0.1794,40
2026-03-21T04:22:38.985136,2,0.1758,0.1758,0.0241,0.0000,1.0123,-0.2107,0.9901,11
2026-03-21T04:22:39.055214,0,0.1583,0.0455,0.1583,0.0000,0.3463,-0.1358,-0.3186,14
2026-03-21T04:22:39.055214,1,0.1725,0.1725,0.1513,0.0000,0.1833,0.0227,-0.1819,41
2026-03-21T04:22:39.055214,2,0.1759,0.1759,0.0262,0.0000,1.0133,-0.2109,0.9911,11
2026-03-21T04:22:39.125243,0,0.0638,0.0271,0.0638,0.0000,0.3271,-0.1402,-0.2955,10
2026-03-21T04:22:39.125243,1,0.1943,0.1943,0.1625,0.0000,0.1827,0.0191,-0.1817,43
2026-03-21T04:22:39.125243,2,0.1729,0.1729,0.0327,0.0000,1.0100,-0.2102,0.9879,11
2026-03-21T04:22:39.195054,0,0.0778,0.0251,0.0778,0.0000,0.3282,-0.1404,-0.2966,10
2026-03-21T04:22:39.195054,1,0.1884,0.1884,0.1397,0.0000,0.1818,0.0125,-0.1813,44
2026-03-21T04:22:39.195054,2,0.1675,0.1675,0.0509,0.0000,1.0112,-0.2104,0.9891,11
2026-03-21T04:22:39.265028,0,0.0422,0.0397,0.0422,0.0000,0.3228,-0.1386,-0.2915,10
2026-03-21T04:22:39.265028,1,0.1870,0.1870,0.1333,0.0000,0.1767,0.0062,-0.1766,43
2026-03-21T04:22:39.265028,2,0.1754,0.1754,0.0270,0.0000,1.0108,-0.1931,0.9922,11
2026-03-21T04:22:39.334423,0,0.0415,0.0326,0.0415,0.0000,0.3208,-0.1402,-0.2885,9
2026-03-21T04:22:39.334423,1,0.1725,0.1725,0.1212,0.0000,0.1723,0.0021,-0.1723,43
2026-03-21T04:22:39.334423,2,0.1736,0.1736,0.0296,0.0000,1.0083,-0.1926,0.9897,11
2026-03-21T04:22:39.403892,0,0.0387,0.0341,0.0387,0.0000,0.3207,-0.1429,-0.2872,8
2026-03-21T04:22:39.403892,1,0.1696,0.1696,0.1144,0.0000,0.1685,-0.0013,-0.1685,43
2026-03-21T04:22:39.403892,2,0.1690,0.1690,0.0437,0.0000,1.0068,-0.1923,0.9883,11
2026-03-21T04:22:39.473831,0,0.2372,0.2372,0.1877,0.0000,0.1861,-0.0226,-0.1847,51
2026-03-21T04:22:39.473831,1,0.1814,0.1814,0.0853,0.0000,1.0077,-0.1834,0.9908,12
2026-03-21T04:22:39.543899,0,0.0333,0.0299,0.0333,0.0000,0.3171,-0.1438,-0.2826,7
2026-03-21T04:22:39.543899,1,0.1712,0.1712,0.1304,0.0000,0.1668,-0.0035,-0.1667,44
2026-03-21T04:22:39.543899,2,0.1821,0.1821,0.0813,0.0000,1.0096,-0.1838,0.9927,12
2026-03-21T04:22:39.612854,0,0.0364,0.0364,0.0308,0.0000,0.3161,-0.1435,-0.2817,7
2026-03-21T04:22:39.612854,1,0.1609,0.1609,0.1064,0.0000,0.1663,-0.0051,-0.1662,43
2026-03-21T04:22:39.612854,2,0.1723,0.1723,0.0345,0.0000,1.0084,-0.1926,0.9898,11
2026-03-21T04:22:39.682711,0,0.0472,0.0446,0.0472,0.0000,0.3097,-0.1408,-0.2758,7
2026-03-21T04:22:39.682711,1,0.1541,0.1541,0.0992,0.0000,0.1633,-0.0046,-0.1632,43
2026-03-21T04:22:39.682711,2,0.1798,0.1798,0.0782,0.0000,1.0090,-0.2010,0.9888,12
2026-03-21T04:22:39.751897,0,0.0259,0.0259,0.0237,0.0000,0.3132,-0.1446,-0.2778,6
2026-03-21T04:22:39.751897,1,0.1706,0.1706,0.1066,0.0000,0.1626,-0.0073,-0.1624,44
2026-03-21T04:22:39.751897,2,0.1711,0.1711,0.0443,0.0000,1.0104,-0.2102,0.9883,11
2026-03-21T04:22:39.822027,0,0.0327,0.0327,0.0176,0.0000,0.3087,-0.1426,-0.2738,6
2026-03-21T04:22:39.822027,1,0.1600,0.1600,0.0940,0.0000,0.1631,-0.0047,-0.1631,45
2026-03-21T04:22:39.822027,2,0.1728,0.1728,0.0357,0.0000,1.0117,-0.2106,0.9896,11
2026-03-21T04:22:39.891146,0,0.2175,0.2175,0.1768,0.0000,0.1767,-0.0230,-0.1752,50
2026-03-21T04:22:39.891146,1,0.1744,0.1744,0.0279,0.0000,1.0101,-0.2104,0.9879,11
2026-03-21T04:22:39.961354,0,0.0299,0.0299,0.0274,0.0000,0.3105,-0.1434,-0.2754,6
2026-03-21T04:22:39.961354,1,0.1601,0.1601,0.0977,0.0000,0.1626,-0.0068,-0.1625,44
2026-03-21T04:22:39.961354,2,0.1689,0.1689,0.0481,0.0000,1.0096,-0.2101,0.9875,11
2026-03-21T04:22:40.031121,0,0.0270,0.0226,0.0270,0.0000,0.3077,-0.1420,-0.2730,6
2026-03-21T04:22:40.031121,1,0.1660,0.1660,0.1008,0.0000,0.1652,-0.0070,-0.1650,44
2026-03-21T04:22:40.031121,2,0.1723,0.1723,0.0372,0.0000,1.0106,-0.2103,0.9885,11
2026-03-21T04:22:40.101318,0,0.0239,0.0239,0.0235,0.0000,0.3105,-0.1433,-0.2755,6
2026-03-21T04:22:40.101318,1,0.1745,0.1745,0.1239,0.0000,0.1634,-0.0051,-0.1633,45
2026-03-21T04:22:40.101318,2,0.1747,0.1747,0.0290,0.0000,1.0133,-0.2109,0.9911,11
2026-03-21T04:22:40.101318,3,0.0556,0.0222,0.0556,0.0000,0.5818,-0.2729,0.5139,5
2026-03-21T04:22:40.170508,0,0.2219,0.2219,0.1672,0.0000,0.1807,-0.0218,-0.1794,51
2026-03-21T04:22:40.170508,1,0.1750,0.1750,0.0311,0.0000,1.0135,-0.2110,0.9913,11
2026-03-21T04:22:40.170508,2,0.0954,0.0279,0.0954,0.0000,0.5781,-0.2663,0.5131,6
2026-03-21T04:22:40.240893,0,0.0479,0.0451,0.0479,0.0000,0.3030,-0.1378,-0.2698,7
2026-03-21T04:22:40.240893,1,0.1587,0.1587,0.0848,0.0000,0.1633,-0.0030,-0.1633,44
2026-03-21T04:22:40.240893,2,0.1747,0.1747,0.0392,0.0000,1.0161,-0.2114,0.9938,11
2026-03-21T04:22:40.240893,3,0.0937,0.0427,0.0937,0.0000,0.5657,-0.2519,0.5065,8
2026-03-21T04:22:40.310679,0,0.2235,0.2235,0.1642,0.0000,0.1806,-0.0218,-0.1793,51
2026-03-21T04:22:40.310679,1,0.1740,0.1740,0.0421,0.0000,1.0138,-0.2109,0.9916,11
2026-03-21T04:22:40.310679,2,0.0786,0.0623,0.0786,0.0000,0.5568,-0.2437,0.5006,9
2026-03-21T04:22:40.379766,0,0.2141,0.2141,0.1633,0.0000,0.1782,-0.0230,-0.1768,50
2026-03-21T04:22:40.379766,1,0.1729,0.1729,0.0449,0.0000,1.0160,-0.2114,0.9938,11
2026-03-21T04:22:40.379766,2,0.0734,0.0591,0.0734,0.0000,0.5609,-0.2455,0.5043,9
2026-03-21T04:22:40.450052,0,0.0512,0.0512,0.0492,0.0000,0.3037,-0.1381,-0.2704,7
2026-03-21T04:22:40.450052,1,0.1595,0.1595,0.0910,0.0000,0.1630,-0.0050,-0.1629,43
2026-03-21T04:22:40.450052,2,0.1738,0.1738,0.0461,0.0000,1.0167,-0.2116,0.9945,11
2026-03-21T04:22:40.450052,3,0.0547,0.0493,0.0547,0.0000,0.5541,-0.2470,0.4960,8
2026-03-21T04:22:40.519328,0,0.0607,0.0607,0.0601,0.0000,0.2894,-0.1298,-0.2587,8
2026-03-21T04:22:40.519328,1,0.1395,0.1395,0.0809,0.0000,0.1596,-0.0034,-0.1595,42
2026-03-21T04:22:40.519328,2,0.1748,0.1748,0.0412,0.0000,1.0174,-0.2117,0.9951,11
2026-03-21T04:22:40.519328,3,0.0795,0.0429,0.0795,0.0000,0.5612,-0.2500,0.5024,8
2026-03-21T04:22:40.588663,0,0.0678,0.0619,0.0678,0.0000,0.2929,-0.1314,-0.2618,8
2026-03-21T04:22:40.588663,1,0.1448,0.1448,0.0793,0.0000,0.1611,-0.0029,-0.1610,42
2026-03-21T04:22:40.588663,2,0.1755,0.1755,0.0353,0.0000,1.0149,-0.2112,0.9927,11
2026-03-21T04:22:40.588663,3,0.0717,0.0395,0.0717,0.0000,0.5688,-0.2578,0.5070,7
2026-03-21T04:22:40.658324,0,0.0294,0.0294,0.0095,0.0000,0.3082,-0.1424,-0.2733,6
2026-03-21T04:22:40.658324,1,0.1639,0.1639,0.1049,0.0000,0.1637,-0.0068,-0.1636,44
2026-03-21T04:22:40.658324,2,0.1743,0.1743,0.0299,0.0000,1.0131,-0.2109,0.9909,11
2026-03-21T04:22:40.658324,3,0.0644,0.0286,0.0644,0.0000,0.5766,-0.2659,0.5116,6
2026-03-21T04:22:40.727828,0,0.0303,0.0303,0.0149,0.0000,0.3052,-0.1410,-0.2707,6
2026-03-21T04:22:40.727828,1,0.1542,0.1542,0.0993,0.0000,0.1585,-0.0073,-0.1584,44
2026-03-21T04:22:40.727828,2,0.1734,0.1734,0.0379,0.0000,1.0135,-0.2110,0.9913,11
2026-03-21T04:22:40.727828,3,0.0930,0.0313,0.0930,0.0000,0.5847,-0.2694,0.5190,6
2026-03-21T04:22:40.797101,0,0.0246,0.0246,0.0095,0.0000,0.3031,-0.1424,-0.2676,5
2026-03-21T04:22:40.797101,1,0.1554,0.1554,0.0946,0.0000,0.1535,-0.0115,-0.1530,43
2026-03-21T04:22:40.797101,2,0.1750,0.1750,0.0277,0.0000,1.0136,-0.2110,0.9914,11
2026-03-21T04:22:40.797101,3,0.0446,0.0222,0.0446,0.0000,0.5756,-0.2700,0.5084,5
2026-03-21T04:22:40.867354,0,0.1302,0.1302,0.0700,0.0000,0.1448,-0.0155,-0.1440,44
2026-03-21T04:22:40.867354,1,0.1709,0.1709,0.0384,0.0000,1.0114,-0.2105,0.9892,11
2026-03-21T04:22:40.867354,2,0.0546,0.0221,0.0546,0.0000,0.5806,-0.2723,0.5128,5
2026-03-21T04:22:40.936829,0,0.1698,0.1698,0.1035,0.0000,0.1420,-0.0146,-0.1413,51
2026-03-21T04:22:40.936829,1,0.1673,0.1673,0.0495,0.0000,1.0072,-0.2095,0.9852,11
2026-03-21T04:22:41.006980,0,0.1405,0.1405,0.0938,0.0000,0.1364,-0.0154,-0.1355,50
2026-03-21T04:22:41.006980,1,0.1736,0.1736,0.0449,0.0000,1.0109,-0.1930,0.9923,11
2026-03-21T04:22:41.076183,0,0.1379,0.1379,0.0865,0.0000,0.1342,-0.0173,-0.1331,49
2026-03-21T04:22:41.076183,1,0.1733,0.1733,0.0286,0.0000,1.0066,-0.1923,0.9880,11
2026-03-21T04:22:41.145712,0,0.1384,0.1384,0.0849,0.0000,0.1334,-0.0178,-0.1322,49
2026-03-21T04:22:41.145712,1,0.1723,0.1723,0.0335,0.0000,1.0072,-0.1924,0.9886,11
2026-03-21T04:22:41.145712,2,0.0799,0.0118,0.0799,0.0000,0.5960,-0.2793,0.5265,5
2026-03-21T04:22:41.216214,0,0.1344,0.1344,0.0846,0.0000,0.1370,-0.0203,-0.1355,47
2026-03-21T04:22:41.216214,1,0.1728,0.1728,0.0324,0.0000,1.0051,-0.1920,0.9866,11
2026-03-21T04:22:41.286020,0,0.1107,0.1107,0.0790,0.0000,0.1386,-0.0246,-0.1364,44
2026-03-21T04:22:41.286020,1,0.1732,0.1732,0.0316,0.0000,1.0063,-0.1923,0.9877,11
2026-03-21T04:22:41.356096,0,0.1157,0.1157,0.0918,0.0000,0.1387,-0.0247,-0.1365,44
2026-03-21T04:22:41.356096,1,0.1664,0.1664,0.0527,0.0000,1.0051,-0.2090,0.9831,11
2026-03-21T04:22:41.425589,0,0.1317,0.1317,0.0877,0.0000,0.1359,-0.0220,-0.1341,46
2026-03-21T04:22:41.425589,1,0.1721,0.1721,0.0365,0.0000,1.0083,-0.2099,0.9862,11
2026-03-21T04:22:41.495023,0,0.1337,0.1337,0.0881,0.0000,0.1366,-0.0220,-0.1349,46
2026-03-21T04:22:41.495023,1,0.1742,0.1742,0.0279,0.0000,1.0100,-0.2103,0.9879,11
2026-03-21T04:22:41.564891,0,0.1062,0.1062,0.0895,0.0000,0.1359,-0.0248,-0.1336,44
2026-03-21T04:22:41.564891,1,0.1747,0.1747,0.0259,0.0000,1.0099,-0.2103,0.9878,11
2026-03-21T04:22:41.634197,0,0.1168,0.1168,0.0939,0.0000,0.1348,-0.0237,-0.1327,45
2026-03-21T04:22:41.634197,1,0.1719,0.1719,0.0365,0.0000,1.0085,-0.2099,0.9864,11
2026-03-21T04:22:41.703576,0,0.1380,0.1380,0.0899,0.0000,0.1378,-0.0219,-0.1360,46
2026-03-21T04:22:41.703576,1,0.1706,0.1706,0.0413,0.0000,1.0100,-0.2102,0.9879,11
2026-03-21T04:22:41.773648,0,0.1072,0.1072,0.0981,0.0000,0.1361,-0.0252,-0.1338,44
2026-03-21T04:22:41.773648,1,0.1695,0.1695,0.0471,0.0000,1.0078,-0.2097,0.9858,11
2026-03-21T04:22:41.842551,0,0.1321,0.1321,0.0864,0.0000,0.1368,-0.0232,-0.1348,45
2026-03-21T04:22:41.842551,1,0.1728,0.1728,0.0332,0.0000,1.0094,-0.2101,0.9873,11
2026-03-21T04:22:41.912662,0,0.1129,0.1129,0.0804,0.0000,0.1376,-0.0243,-0.1354,44
2026-03-21T04:22:41.912662,1,0.1717,0.1717,0.0346,0.0000,1.0066,-0.2095,0.9845,11
2026-03-21T04:22:41.982501,0,0.1119,0.1119,0.0914,0.0000,0.1352,-0.0237,-0.1331,45
2026-03-21T04:22:41.982501,1,0.1737,0.1737,0.0288,0.0000,1.0087,-0.2100,0.9866,11
2026-03-21T04:22:42.052276,0,0.1148,0.1148,0.0959,0.0000,0.1355,-0.0247,-0.1332,44
2026-03-21T04:22:42.052276,1,0.1740,0.1740,0.0309,0.0000,1.0114,-0.2105,0.9892,11
2026-03-21T04:22:42.121095,0,0.1096,0.1096,0.0763,0.0000,0.1393,-0.0255,-0.1370,43
2026-03-21T04:22:42.121095,1,0.1737,0.1737,0.0329,0.0000,1.0106,-0.2103,0.9885,11
2026-03-21T04:22:42.191304,0,0.1108,0.1108,0.0752,0.0000,0.1358,-0.0231,-0.1338,45
2026-03-21T04:22:42.191304,1,0.1743,0.1743,0.0309,0.0000,1.0109,-0.2104,0.9888,11
2026-03-21T04:22:42.261269,0,0.1139,0.1139,0.0882,0.0000,0.1368,-0.0236,-0.1348,45
2026-03-21T04:22:42.261269,1,0.1745,0.1745,0.0310,0.0000,1.0128,-0.2108,0.9906,11
2026-03-21T04:22:42.330978,0,0.1138,0.1138,0.0852,0.0000,0.1372,-0.0238,-0.1351,45
2026-03-21T04:22:42.330978,1,0.1720,0.1720,0.0355,0.0000,1.0099,-0.2101,0.9878,11
2026-03-21T04:22:42.399640,0,0.1137,0.1137,0.0866,0.0000,0.1388,-0.0226,-0.1369,46
2026-03-21T04:22:42.399640,1,0.1749,0.1749,0.0321,0.0000,1.0126,-0.2108,0.9904,11
2026-03-21T04:22:42.469346,0,0.1175,0.1175,0.0844,0.0000,0.1396,-0.0226,-0.1378,46
2026-03-21T04:22:42.469346,1,0.1738,0.1738,0.0319,0.0000,1.0112,-0.2105,0.9890,11
2026-03-21T04:22:42.539631,0,0.1233,0.1233,0.0838,0.0000,0.1385,-0.0227,-0.1367,46
2026-03-21T04:22:42.539631,1,0.1754,0.1754,0.0251,0.0000,1.0107,-0.2104,0.9886,11
2026-03-21T04:22:42.608961,0,0.1119,0.1119,0.0732,0.0000,0.1400,-0.0236,-0.1380,45
2026-03-21T04:22:42.608961,1,0.1734,0.1734,0.0379,0.0000,1.0112,-0.2105,0.9890,11
2026-03-21T04:22:42.680275,0,0.1195,0.1195,0.0797,0.0000,0.1393,-0.0236,-0.1373,45
2026-03-21T04:22:42.680275,1,0.1738,0.1738,0.0349,0.0000,1.0121,-0.2106,0.9899,11
2026-03-21T04:22:42.748865,0,0.1123,0.1123,0.0680,0.0000,0.1418,-0.0246,-0.1396,44
2026-03-21T04:22:42.748865,1,0.1727,0.1727,0.0398,0.0000,1.0115,-0.2105,0.9893,11
2026-03-21T04:22:42.818828,0,0.1198,0.1198,0.0842,0.0000,0.1392,-0.0236,-0.1372,45
2026-03-21T04:22:42.818828,1,0.1740,0.1740,0.0319,0.0000,1.0111,-0.2105,0.9889,11
2026-03-21T04:22:42.888422,0,0.1155,0.1155,0.0701,0.0000,0.1391,-0.0230,-0.1371,45
2026-03-21T04:22:42.888422,1,0.1753,0.1753,0.0271,0.0000,1.0121,-0.2107,0.9899,11
2026-03-21T04:22:42.958139,0,0.1126,0.1126,0.0673,0.0000,0.1388,-0.0239,-0.1368,44
2026-03-21T04:22:42.958139,1,0.1733,0.1733,0.0450,0.0000,1.0124,-0.2106,0.9902,11
2026-03-21T04:22:43.026846,0,0.1102,0.1102,0.0859,0.0000,0.1389,-0.0240,-0.1368,44
2026-03-21T04:22:43.026846,1,0.1733,0.1733,0.0409,0.0000,1.0135,-0.2109,0.9913,11
2026-03-21T04:22:43.097450,0,0.1073,0.1073,0.0785,0.0000,0.1362,-0.0229,-0.1343,45
2026-03-21T04:22:43.097450,1,0.1750,0.1750,0.0311,0.0000,1.0123,-0.2107,0.9901,11
2026-03-21T04:22:43.167319,0,0.1070,0.1070,0.0658,0.0000,0.1362,-0.0235,-0.1342,44
2026-03-21T04:22:43.167319,1,0.1734,0.1734,0.0358,0.0000,1.0094,-0.2101,0.9873,11
2026-03-21T04:22:43.237074,0,0.1107,0.1107,0.0710,0.0000,0.1372,-0.0227,-0.1353,45
2026-03-21T04:22:43.237074,1,0.1713,0.1713,0.0384,0.0000,1.0100,-0.2102,0.9879,11
2026-03-21T04:22:43.305713,0,0.1066,0.1066,0.0792,0.0000,0.1378,-0.0239,-0.1357,44
2026-03-21T04:22:43.305713,1,0.1712,0.1712,0.0375,0.0000,1.0098,-0.2102,0.9877,11
2026-03-21T04:22:43.375062,0,0.1079,0.1079,0.0759,0.0000,0.1370,-0.0227,-0.1351,45
2026-03-21T04:22:43.375062,1,0.1730,0.1730,0.0327,0.0000,1.0090,-0.2101,0.9869,11
2026-03-21T04:22:43.445032,0,0.1121,0.1121,0.0859,0.0000,0.1379,-0.0229,-0.1359,45
2026-03-21T04:22:43.445032,1,0.1737,0.1737,0.0304,0.0000,1.0103,-0.2103,0.9882,11
2026-03-21T04:22:43.515022,0,0.1086,0.1086,0.0698,0.0000,0.1380,-0.0224,-0.1362,45
2026-03-21T04:22:43.515022,1,0.1738,0.1738,0.0339,0.0000,1.0111,-0.2105,0.9889,11
2026-03-21T04:22:43.585287,0,0.1095,0.1095,0.0793,0.0000,0.1394,-0.0250,-0.1372,43
2026-03-21T04:22:43.585287,1,0.1739,0.1739,0.0359,0.0000,1.0131,-0.2108,0.9909,11
2026-03-21T04:22:43.654850,0,0.1167,0.1167,0.0699,0.0000,0.1381,-0.0230,-0.1362,45
2026-03-21T04:22:43.654850,1,0.1744,0.1744,0.0360,0.0000,1.0121,-0.2106,0.9899,11
2026-03-21T04:22:43.725410,0,0.1068,0.1068,0.0755,0.0000,0.1367,-0.0242,-0.1346,44
2026-03-21T04:22:43.725410,1,0.1733,0.1733,0.0338,0.0000,1.0112,-0.2104,0.9890,11
2026-03-21T04:22:43.794094,0,0.1085,0.1085,0.0721,0.0000,0.1351,-0.0222,-0.1332,45
2026-03-21T04:22:43.794094,1,0.1738,0.1738,0.0410,0.0000,1.0139,-0.2110,0.9917,11
2026-03-21T04:22:43.864767,0,0.1061,0.1061,0.0684,0.0000,0.1376,-0.0237,-0.1355,44
2026-03-21T04:22:43.864767,1,0.1745,0.1745,0.0346,0.0000,1.0095,-0.2101,0.9874,11
2026-03-21T04:22:43.933452,0,0.1037,0.1037,0.0801,0.0000,0.1355,-0.0228,-0.1336,45
2026-03-21T04:22:43.933452,1,0.1751,0.1751,0.0331,0.0000,1.0135,-0.2110,0.9913,11
2026-03-21T04:22:44.003727,0,0.1059,0.1059,0.0687,0.0000,0.1351,-0.0224,-0.1333,45
2026-03-21T04:22:44.003727,1,0.1738,0.1738,0.0410,0.0000,1.0136,-0.2109,0.9914,11
2026-03-21T04:22:44.073310,0,0.1054,0.1054,0.0807,0.0000,0.1381,-0.0239,-0.1360,44
2026-03-21T04:22:44.073310,1,0.1788,0.1788,0.0876,0.0000,1.0114,-0.2188,0.9875,12
2026-03-21T04:22:44.142486,0,0.1094,0.1094,0.0706,0.0000,0.1378,-0.0238,-0.1357,44
2026-03-21T04:22:44.142486,1,0.1731,0.1731,0.0409,0.0000,1.0135,-0.2108,0.9913,11
2026-03-21T04:22:44.142486,2,0.0724,0.0200,0.0724,0.0000,0.5806,-0.2722,0.5129,5
2026-03-21T04:22:44.212376,0,0.1101,0.1101,0.0828,0.0000,0.1348,-0.0228,-0.1329,45
2026-03-21T04:22:44.212376,1,0.1729,0.1729,0.0469,0.0000,1.0127,-0.2107,0.9906,11
2026-03-21T04:22:44.281991,0,0.1053,0.1053,0.0750,0.0000,0.1368,-0.0236,-0.1348,44
2026-03-21T04:22:44.281991,1,0.1736,0.1736,0.0369,0.0000,1.0110,-0.2104,0.9889,11
2026-03-21T04:22:44.352191,0,0.1043,0.1043,0.0749,0.0000,0.1362,-0.0236,-0.1341,44
2026-03-21T04:22:44.352191,1,0.1743,0.1743,0.0279,0.0000,1.0107,-0.2104,0.9886,11
2026-03-21T04:22:44.421409,0,0.1129,0.1129,0.0638,0.0000,0.1366,-0.0220,-0.1349,45
2026-03-21T04:22:44.421409,1,0.1748,0.1748,0.0280,0.0000,1.0109,-0.2104,0.9888,11
2026-03-21T04:22:44.421409,2,0.0679,0.0228,0.0679,0.0000,0.5794,-0.2717,0.5118,5
2026-03-21T04:22:44.491165,0,0.1177,0.1177,0.0615,0.0000,0.1334,-0.0191,-0.1320,47
2026-03-21T04:22:44.491165,1,0.1733,0.1733,0.0450,0.0000,1.0139,-0.2110,0.9917,11
2026-03-21T04:22:44.560531,0,0.1797,0.1797,0.0960,0.0000,0.1356,-0.0130,-0.1350,52
2026-03-21T04:22:44.560531,1,0.1722,0.1722,0.0437,0.0000,1.0120,-0.2106,0.9898,11
2026-03-21T04:22:44.560531,2,0.0748,0.0160,0.0748,0.0000,0.5770,-0.2705,0.5097,5
2026-03-21T04:22:44.630226,0,0.2298,0.2298,0.1550,0.0000,0.1297,-0.0053,-0.1296,55
2026-03-21T04:22:44.630226,1,0.1742,0.1742,0.0358,0.0000,1.0114,-0.2105,0.9892,11
2026-03-21T04:22:44.630226,2,0.0549,0.0202,0.0549,0.0000,0.5764,-0.2703,0.5091,5
2026-03-21T04:22:44.700001,0,0.1960,0.1960,0.1397,0.0000,0.1227,-0.0019,-0.1227,59
2026-03-21T04:22:44.700001,1,0.1708,0.1708,0.0394,0.0000,1.0084,-0.2099,0.9863,11
2026-03-21T04:22:44.700001,2,0.0607,0.0187,0.0607,0.0000,0.5798,-0.2719,0.5121,5
2026-03-21T04:22:44.770585,0,0.2048,0.2048,0.1470,0.0000,0.1234,-0.0021,-0.1234,60
2026-03-21T04:22:44.770585,1,0.1688,0.1688,0.0461,0.0000,1.0086,-0.2099,0.9866,11
2026-03-21T04:22:44.838954,0,0.1955,0.1955,0.1243,0.0000,0.1254,0.0006,-0.1254,60
2026-03-21T04:22:44.838954,1,0.1705,0.1705,0.0383,0.0000,1.0071,-0.2097,0.9850,11
2026-03-21T04:22:44.909383,0,0.1684,0.1684,0.0956,0.0000,0.1231,0.0041,-0.1230,60
2026-03-21T04:22:44.909383,1,0.1686,0.1686,0.0506,0.0000,1.0084,-0.2097,0.9863,11
2026-03-21T04:22:44.979075,0,0.2308,0.2308,0.1728,0.0000,0.1317,-0.0054,-0.1316,63
2026-03-21T04:22:44.979075,1,0.1729,0.1729,0.0337,0.0000,1.0095,-0.2101,0.9874,11
2026-03-21T04:22:44.979075,2,0.0751,0.0178,0.0751,0.0000,0.5838,-0.2736,0.5157,5
2026-03-21T04:22:45.048234,0,0.1936,0.1936,0.1364,0.0000,0.1241,0.0010,-0.1241,60
2026-03-21T04:22:45.048234,1,0.1735,0.1735,0.0328,0.0000,1.0107,-0.2103,0.9886,11
2026-03-21T04:22:45.048234,2,0.0590,0.0201,0.0590,0.0000,0.5758,-0.2700,0.5086,5
2026-03-21T04:22:45.118893,0,0.1841,0.1841,0.1122,0.0000,0.1231,0.0010,-0.1231,60
2026-03-21T04:22:45.118893,1,0.1741,0.1741,0.0309,0.0000,1.0128,-0.2108,0.9906,11
2026-03-21T04:22:45.118893,2,0.0475,0.0230,0.0475,0.0000,0.5702,-0.2675,0.5036,5
2026-03-21T04:22:45.187977,0,0.2036,0.2036,0.1532,0.0000,0.1248,-0.0023,-0.1248,60
2026-03-21T04:22:45.187977,1,0.1743,0.1743,0.0340,0.0000,1.0137,-0.2109,0.9915,11
2026-03-21T04:22:45.187977,2,0.0769,0.0258,0.0769,0.0000,0.5754,-0.2653,0.5106,6
2026-03-21T04:22:45.257746,0,0.2054,0.2054,0.1590,0.0000,0.1253,-0.0007,-0.1253,61
2026-03-21T04:22:45.257746,1,0.1716,0.1716,0.0416,0.0000,1.0108,-0.2103,0.9887,11
2026-03-21T04:22:45.257746,2,0.0960,0.0185,0.0960,0.0000,0.5852,-0.2695,0.5195,6
2026-03-21T04:22:45.327730,0,0.2075,0.2075,0.1610,0.0000,0.1256,-0.0016,-0.1256,60
2026-03-21T04:22:45.327730,1,0.1737,0.1737,0.0298,0.0000,1.0105,-0.2103,0.9883,11
2026-03-21T04:22:45.327730,2,0.0472,0.0218,0.0472,0.0000,0.5718,-0.2682,0.5050,5
2026-03-21T04:22:45.396580,0,0.2009,0.2009,0.1222,0.0000,0.1240,0.0022,-0.1239,60
2026-03-21T04:22:45.396580,1,0.1741,0.1741,0.0309,0.0000,1.0095,-0.2101,0.9874,11
2026-03-21T04:22:45.396580,2,0.0692,0.0258,0.0692,0.0000,0.5780,-0.2710,0.5105,5
2026-03-21T04:22:45.467338,0,0.1827,0.1827,0.1301,0.0000,0.1233,0.0002,-0.1233,59
2026-03-21T04:22:45.467338,1,0.1727,0.1727,0.0337,0.0000,1.0113,-0.2105,0.9891,11
2026-03-21T04:22:45.467338,2,0.0589,0.0196,0.0589,0.0000,0.5778,-0.2710,0.5103,5
2026-03-21T04:22:45.536299,0,0.2218,0.2218,0.1647,0.0000,0.1263,-0.0003,-0.1263,61
2026-03-21T04:22:45.536299,1,0.1729,0.1729,0.0313,0.0000,1.0109,-0.2104,0.9888,11
2026-03-21T04:22:45.536299,2,0.0700,0.0242,0.0700,0.0000,0.5728,-0.2686,0.5060,5
2026-03-21T04:22:45.605276,0,0.1986,0.1986,0.1383,0.0000,0.1241,0.0018,-0.1240,60
2026-03-21T04:22:45.605276,1,0.1732,0.1732,0.0327,0.0000,1.0109,-0.2104,0.9888,11
2026-03-21T04:22:45.605276,2,0.0524,0.0188,0.0524,0.0000,0.5696,-0.2672,0.5031,5
2026-03-21T04:22:45.674732,0,0.1866,0.1866,0.1180,0.0000,0.1240,0.0016,-0.1240,60
2026-03-21T04:22:45.674732,1,0.1734,0.1734,0.0338,0.0000,1.0112,-0.2104,0.9891,11
2026-03-21T04:22:45.674732,2,0.0566,0.0219,0.0566,0.0000,0.5746,-0.2695,0.5075,5
2026-03-21T04:22:45.745314,0,0.1934,0.1934,0.1284,0.0000,0.1249,0.0016,-0.1249,60
2026-03-21T04:22:45.745314,1,0.1722,0.1722,0.0366,0.0000,1.0118,-0.2106,0.9897,11
2026-03-21T04:22:45.745314,2,0.0561,0.0195,0.0561,0.0000,0.5734,-0.2689,0.5065,5
2026-03-21T04:22:45.814810,0,0.1912,0.1912,0.1296,0.0000,0.1231,0.0016,-0.1231,60
2026-03-21T04:22:45.814810,1,0.1730,0.1730,0.0338,0.0000,1.0096,-0.2101,0.9874,11
2026-03-21T04:22:45.814810,2,0.0482,0.0224,0.0482,0.0000,0.5730,-0.2688,0.5061,5
2026-03-21T04:22:45.884658,0,0.1957,0.1957,0.1265,0.0000,0.1242,0.0015,-0.1242,60
2026-03-21T04:22:45.884658,1,0.1738,0.1738,0.0298,0.0000,1.0084,-0.2099,0.9863,11
2026-03-21T04:22:45.884658,2,0.0460,0.0240,0.0460,0.0000,0.5750,-0.2697,0.5078,5
2026-03-21T04:22:45.954598,0,0.1918,0.1918,0.1308,0.0000,0.1231,0.0013,-0.1231,60
2026-03-21T04:22:45.954598,1,0.1738,0.1738,0.0307,0.0000,1.0108,-0.2105,0.9887,11
2026-03-21T04:22:45.954598,2,0.0455,0.0217,0.0455,0.0000,0.5742,-0.2693,0.5071,5
2026-03-21T04:22:46.024220,0,0.2097,0.2097,0.1552,0.0000,0.1258,-0.0010,-0.1258,61
2026-03-21T04:22:46.024220,1,0.1739,0.1739,0.0304,0.0000,1.0109,-0.2105,0.9888,11
2026-03-21T04:22:46.024220,2,0.0568,0.0250,0.0568,0.0000,0.5786,-0.2714,0.5110,5
2026-03-21T04:22:46.094747,0,0.2029,0.2029,0.1237,0.0000,0.1257,0.0015,-0.1257,60
2026-03-21T04:22:46.094747,1,0.1718,0.1718,0.0366,0.0000,1.0098,-0.2102,0.9877,11
2026-03-21T04:22:46.094747,2,0.0680,0.0220,0.0680,0.0000,0.5804,-0.2721,0.5127,5
2026-03-21T04:22:46.163932,0,0.1957,0.1957,0.1287,0.0000,0.1246,0.0024,-0.1246,61
2026-03-21T04:22:46.163932,1,0.1737,0.1737,0.0318,0.0000,1.0102,-0.2102,0.9881,11
2026-03-21T04:22:46.163932,2,0.0715,0.0195,0.0715,0.0000,0.5812,-0.2725,0.5134,5
2026-03-21T04:22:46.233955,0,0.2303,0.2303,0.1639,0.0000,0.1299,-0.0021,-0.1299,63
2026-03-21T04:22:46.233955,1,0.1724,0.1724,0.0336,0.0000,1.0094,-0.2101,0.9873,11
2026-03-21T04:22:46.233955,2,0.0653,0.0229,0.0653,0.0000,0.5764,-0.2703,0.5091,5
2026-03-21T04:22:46.304088,0,0.2222,0.2222,0.1774,0.0000,0.1310,-0.0050,-0.1309,64
2026-03-21T04:22:46.304088,1,0.1701,0.1701,0.0433,0.0000,1.0107,-0.2103,0.9886,11
2026-03-21T04:22:46.304088,2,0.0627,0.0239,0.0627,0.0000,0.5790,-0.2715,0.5114,5
2026-03-21T04:22:46.373284,0,0.0540,0.0497,0.0540,0.0000,0.2771,-0.1306,-0.2444,5
2026-03-21T04:22:46.373284,1,0.1674,0.1674,0.0914,0.0000,0.1258,0.0084,-0.1255,61
2026-03-21T04:22:46.373284,2,0.1698,0.1698,0.0442,0.0000,1.0080,-0.2098,0.9859,11
2026-03-21T04:22:46.373284,3,0.0656,0.0218,0.0656,0.0000,0.5882,-0.2757,0.5196,5
2026-03-21T04:22:46.443482,0,0.2198,0.2198,0.1680,0.0000,0.1367,-0.0027,-0.1367,66
2026-03-21T04:22:46.443482,1,0.1708,0.1708,0.0384,0.0000,1.0079,-0.2098,0.9858,11
2026-03-21T04:22:46.512676,0,0.2214,0.2214,0.1714,0.0000,0.1403,-0.0030,-0.1403,66
2026-03-21T04:22:46.512676,1,0.1691,0.1691,0.0480,0.0000,1.0068,-0.2095,0.9848,11
2026-03-21T04:22:46.582581,0,0.0310,0.0310,0.0244,0.0000,0.3018,-0.1370,-0.2689,7
2026-03-21T04:22:46.582581,1,0.1745,0.1745,0.1186,0.0000,0.1335,0.0132,-0.1328,60
2026-03-21T04:22:46.582581,2,0.1728,0.1728,0.0468,0.0000,1.0104,-0.1929,0.9918,11
2026-03-21T04:22:46.652098,0,0.0552,0.0552,0.0517,0.0000,0.3075,-0.1325,-0.2775,10
2026-03-21T04:22:46.652098,1,0.1566,0.1566,0.0878,0.0000,0.1324,0.0188,-0.1310,58
2026-03-21T04:22:46.652098,2,0.1747,0.1747,0.0289,0.0000,1.0084,-0.1927,0.9898,11
2026-03-21T04:22:46.652098,3,0.0776,0.0111,0.0776,0.0000,0.5848,-0.2741,0.5166,5
2026-03-21T04:22:46.722009,0,0.1014,0.0286,0.1014,0.0000,0.3242,-0.1359,-0.2943,11
2026-03-21T04:22:46.722009,1,0.1621,0.1621,0.0871,0.0000,0.1406,0.0291,-0.1375,58
2026-03-21T04:22:46.722009,2,0.1736,0.1736,0.0297,0.0000,1.0073,-0.1924,0.9887,11
2026-03-21T04:22:46.722009,3,0.0865,0.0099,0.0865,0.0000,0.5842,-0.2737,0.5161,5
2026-03-21T04:22:46.791229,0,0.0994,0.0254,0.0994,0.0000,0.3264,-0.1368,-0.2963,11
2026-03-21T04:22:46.791229,1,0.2057,0.2057,0.0977,0.0000,0.1507,0.0442,-0.1441,61
2026-03-21T04:22:46.791229,2,0.1725,0.1725,0.0315,0.0000,1.0070,-0.1923,0.9885,11
2026-03-21T04:22:46.791229,3,0.0815,0.0156,0.0815,0.0000,0.5892,-0.2761,0.5205,5
2026-03-21T04:22:46.861494,0,0.0937,0.0219,0.0937,0.0000,0.3237,-0.1355,-0.2939,11
2026-03-21T04:22:46.861494,1,0.2109,0.2109,0.0563,0.0000,0.1649,0.0576,-0.1545,56
2026-03-21T04:22:46.861494,2,0.1749,0.1749,0.0218,0.0000,1.0073,-0.1925,0.9887,11
2026-03-21T04:22:46.861494,3,0.0600,0.0176,0.0600,0.0000,0.5878,-0.2756,0.5192,5
2026-03-21T04:22:46.930726,0,0.1007,0.0233,0.1007,0.0000,0.3252,-0.1363,-0.2953,11
2026-03-21T04:22:46.930726,1,0.1871,0.1871,0.1105,0.0000,0.1841,0.0801,-0.1658,57
2026-03-21T04:22:46.930726,2,0.1754,0.1754,0.0209,0.0000,1.0059,-0.1922,0.9874,11
2026-03-21T04:22:46.930726,3,0.0740,0.0442,0.0740,0.0000,0.5679,-0.2530,0.5085,8
2026-03-21T04:22:47.000601,0,0.0949,0.0234,0.0949,0.0000,0.3253,-0.1363,-0.2954,11
2026-03-21T04:22:47.000601,1,0.1870,0.1870,0.1156,0.0000,0.1959,0.0800,-0.1788,51
2026-03-21T04:22:47.000601,2,0.1543,0.1543,0.0325,0.0000,1.0076,-0.2010,0.9874,10
2026-03-21T04:22:47.000601,3,0.0968,0.0968,0.0785,0.0000,0.5453,-0.2216,0.4982,13
2026-03-21T04:22:47.069764,0,0.0816,0.0291,0.0816,0.0000,0.3261,-0.1368,-0.2961,11
2026-03-21T04:22:47.069764,1,0.1806,0.1806,0.1206,0.0000,0.2047,0.0831,-0.1871,49
2026-03-21T04:22:47.069764,2,0.1014,0.1014,0.0301,0.0000,1.0071,-0.1747,0.9918,7
2026-03-21T04:22:47.069764,3,0.1377,0.1377,0.0620,0.0000,0.5339,-0.2001,0.4949,17
2026-03-21T04:22:47.140227,0,0.0883,0.0296,0.0883,0.0000,0.3300,-0.1384,-0.2996,11
2026-03-21T04:22:47.140227,1,0.0789,0.0789,0.0325,0.0000,1.1534,-0.1205,-1.1471,5
2026-03-21T04:22:47.140227,2,0.1589,0.1589,0.1290,0.0000,0.2052,0.0870,-0.1858,48
2026-03-21T04:22:47.140227,3,0.0846,0.0846,0.0294,0.0000,1.0109,-0.1668,0.9970,6
2026-03-21T04:22:47.140227,4,0.1480,0.1480,0.0389,0.0000,0.5310,-0.1994,0.4922,17
2026-03-21T04:22:47.209877,0,0.0976,0.0313,0.0976,0.0000,0.3365,-0.1411,-0.3055,11
2026-03-21T04:22:47.209877,1,0.1441,0.1393,0.1441,0.0000,0.2030,0.0850,-0.1843,45
2026-03-21T04:22:47.209877,2,0.0844,0.0844,0.0293,0.0000,1.0119,-0.1669,0.9980,6
2026-03-21T04:22:47.209877,3,0.1513,0.1513,0.0583,0.0000,0.5296,-0.1942,0.4927,18
2026-03-21T04:22:47.279622,0,0.0997,0.0234,0.0997,0.0000,0.3339,-0.1400,-0.3032,11
2026-03-21T04:22:47.279622,1,0.1550,0.1550,0.1234,0.0000,0.2016,0.0838,-0.1834,44
2026-03-21T04:22:47.279622,2,0.0835,0.0835,0.0332,0.0000,1.0076,-0.1662,0.9937,6
2026-03-21T04:22:47.279622,3,0.1520,0.1520,0.0491,0.0000,0.5269,-0.1934,0.4901,18
2026-03-21T04:22:47.349419,0,0.1091,0.0279,0.1091,0.0000,0.3340,-0.1399,-0.3033,11
2026-03-21T04:22:47.349419,1,0.1450,0.1450,0.1112,0.0000,0.2013,0.0856,-0.1822,43
2026-03-21T04:22:47.349419,2,0.0960,0.0960,0.0658,0.0000,1.0035,-0.1566,0.9912,7
2026-03-21T04:22:47.349419,3,0.1531,0.1531,0.0558,0.0000,0.5255,-0.1931,0.4887,18
2026-03-21T04:22:47.419031,0,0.1073,0.0230,0.1073,0.0000,0.3340,-0.1398,-0.3034,11
2026-03-21T04:22:47.419031,1,0.1516,0.1516,0.1358,0.0000,0.1961,0.0823,-0.1780,45
2026-03-21T04:22:47.419031,2,0.0855,0.0855,0.0239,0.0000,1.0079,-0.1489,0.9968,6
2026-03-21T04:22:47.419031,3,0.1541,0.1541,0.0479,0.0000,0.5263,-0.1933,0.4895,18
2026-03-21T04:22:47.488583,0,0.0775,0.0224,0.0775,0.0000,0.3313,-0.1417,-0.2994,10
2026-03-21T04:22:47.488583,1,0.0801,0.0801,0.0189,0.0000,1.1586,-0.1412,-1.1500,5
2026-03-21T04:22:47.488583,2,0.1925,0.1925,0.1879,0.0000,0.1956,0.0760,-0.1802,48
2026-03-21T04:22:47.488583,3,0.0849,0.0849,0.0248,0.0000,1.0049,-0.1485,0.9939,6
2026-03-21T04:22:47.488583,4,0.1621,0.1621,0.0727,0.0000,0.5257,-0.1888,0.4906,19
2026-03-21T04:22:47.558180,0,0.1143,0.0271,0.1143,0.0000,0.3346,-0.1401,-0.3038,11
2026-03-21T04:22:47.558180,1,0.1984,0.1624,0.1984,0.0000,0.1971,0.0796,-0.1803,48
2026-03-21T04:22:47.558180,2,0.0829,0.0829,0.0346,0.0000,1.0032,-0.1481,0.9922,6
2026-03-21T04:22:47.558180,3,0.1615,0.1615,0.0609,0.0000,0.5279,-0.1898,0.4926,19
2026-03-21T04:22:47.628409,0,0.1114,0.0273,0.1114,0.0000,0.3326,-0.1393,-0.3020,11
2026-03-21T04:22:47.628409,1,0.1756,0.1690,0.1756,0.0000,0.1976,0.0819,-0.1798,49
2026-03-21T04:22:47.628409,2,0.0879,0.0879,0.0110,0.0000,1.0054,-0.1487,0.9943,6
2026-03-21T04:22:47.628409,3,0.1549,0.1549,0.0387,0.0000,0.5278,-0.1940,0.4908,18
2026-03-21T04:22:47.697470,0,0.1102,0.0291,0.1102,0.0000,0.3339,-0.1398,-0.3033,11
2026-03-21T04:22:47.697470,1,0.1494,0.1494,0.1450,0.0000,0.1971,0.0806,-0.1799,48
2026-03-21T04:22:47.697470,2,0.0983,0.0983,0.0459,0.0000,1.0012,-0.1564,0.9890,7
2026-03-21T04:22:47.697470,3,0.1510,0.1510,0.0600,0.0000,0.5310,-0.1949,0.4939,18
2026-03-21T04:22:47.767308,0,0.1161,0.0262,0.1161,0.0000,0.3330,-0.1394,-0.3025,11
2026-03-21T04:22:47.767308,1,0.1543,0.1543,0.1385,0.0000,0.1976,0.0820,-0.1798,49
2026-03-21T04:22:47.767308,2,0.1034,0.1034,0.0298,0.0000,1.0058,-0.1573,0.9934,7
2026-03-21T04:22:47.767308,3,0.1453,0.1453,0.1071,0.0000,0.5369,-0.1965,0.4996,18
2026-03-21T04:22:47.836376,0,0.0604,0.0309,0.0604,0.0000,0.3243,-0.1388,-0.2931,10
2026-03-21T04:22:47.836376,1,0.1704,0.1704,0.1512,0.0000,0.1939,0.0811,-0.1761,49
2026-03-21T04:22:47.836376,2,0.1016,0.1016,0.0323,0.0000,1.0041,-0.1570,0.9918,7
2026-03-21T04:22:47.836376,3,0.1464,0.1464,0.0872,0.0000,0.5356,-0.1963,0.4983,18
2026-03-21T04:22:47.906452,0,0.1009,0.0276,0.1009,0.0000,0.3348,-0.1403,-0.3039,11
2026-03-21T04:22:47.906452,1,0.1735,0.1735,0.1432,0.0000,0.1975,0.0823,-0.1795,49
2026-03-21T04:22:47.906452,2,0.1025,0.1025,0.0253,0.0000,1.0062,-0.1573,0.9939,7
2026-03-21T04:22:47.906452,3,0.1422,0.1422,0.0858,0.0000,0.5335,-0.1955,0.4964,18
2026-03-21T04:22:47.976637,0,0.1093,0.0263,0.1093,0.0000,0.3366,-0.1410,-0.3056,11
2026-03-21T04:22:47.976637,1,0.1536,0.1536,0.1494,0.0000,0.1958,0.0763,-0.1803,48
2026-03-21T04:22:47.976637,2,0.1028,0.1028,0.0234,0.0000,1.0055,-0.1572,0.9932,7
2026-03-21T04:22:47.976637,3,0.1468,0.1468,0.0839,0.0000,0.5329,-0.1953,0.4958,18
2026-03-21T04:22:48.045918,0,0.0685,0.0255,0.0685,0.0000,0.3277,-0.1402,-0.2962,10
2026-03-21T04:22:48.045918,1,0.1963,0.1963,0.1623,0.0000,0.1924,0.0752,-0.1771,50
2026-03-21T04:22:48.045918,2,0.1026,0.1026,0.0289,0.0000,1.0038,-0.1570,0.9915,7
2026-03-21T04:22:48.045918,3,0.1430,0.1430,0.1084,0.0000,0.5367,-0.1964,0.4995,18
2026-03-21T04:22:48.115405,0,0.0620,0.0280,0.0620,0.0000,0.3265,-0.1397,-0.2951,10
2026-03-21T04:22:48.115405,1,0.1773,0.1773,0.1742,0.0000,0.1938,0.0766,-0.1780,51
2026-03-21T04:22:48.115405,2,0.1016,0.1016,0.0292,0.0000,1.0042,-0.1570,0.9919,7
2026-03-21T04:22:48.115405,3,0.1469,0.1469,0.1045,0.0000,0.5349,-0.1958,0.4978,18
2026-03-21T04:22:48.185507,0,0.0668,0.0287,0.0668,0.0000,0.3268,-0.1398,-0.2954,10
2026-03-21T04:22:48.185507,1,0.1937,0.1937,0.1837,0.0000,0.1911,0.0738,-0.1763,52
2026-03-21T04:22:48.185507,2,0.1023,0.1023,0.0263,0.0000,1.0037,-0.1569,0.9913,7
2026-03-21T04:22:48.185507,3,0.1507,0.1507,0.0800,0.0000,0.5333,-0.1957,0.4961,18
2026-03-21T04:22:48.255285,0,0.0662,0.0278,0.0662,0.0000,0.3278,-0.1403,-0.2962,10
2026-03-21T04:22:48.255285,1,0.2079,0.2079,0.1869,0.0000,0.1917,0.0745,-0.1766,52
2026-03-21T04:22:48.255285,2,0.1008,0.1008,0.0341,0.0000,1.0058,-0.1572,0.9935,7
2026-03-21T04:22:48.255285,3,0.1493,0.1493,0.0567,0.0000,0.5285,-0.1940,0.4916,18
2026-03-21T04:22:48.324870,0,0.0720,0.0235,0.0720,0.0000,0.3288,-0.1406,-0.2972,10
2026-03-21T04:22:48.324870,1,0.1913,0.1734,0.1913,0.0000,0.1941,0.0748,-0.1791,50
2026-03-21T04:22:48.324870,2,0.1017,0.1017,0.0312,0.0000,1.0041,-0.1570,0.9918,7
2026-03-21T04:22:48.324870,3,0.1508,0.1508,0.0541,0.0000,0.5310,-0.1950,0.4939,18
2026-03-21T04:22:48.394551,0,0.0668,0.0274,0.0668,0.0000,0.3253,-0.1392,-0.2940,10
2026-03-21T04:22:48.394551,1,0.1773,0.1627,0.1773,0.0000,0.1894,0.0730,-0.1748,50
2026-03-21T04:22:48.394551,2,0.0996,0.0996,0.0431,0.0000,1.0051,-0.1571,0.9928,7
2026-03-21T04:22:48.394551,3,0.1539,0.1539,0.0532,0.0000,0.5329,-0.1957,0.4957,18
2026-03-21T04:22:48.464407,0,0.0648,0.0269,0.0648,0.0000,0.3287,-0.1408,-0.2970,10
2026-03-21T04:22:48.464407,1,0.2024,0.1641,0.2024,0.0000,0.1905,0.0743,-0.1754,51
2026-03-21T04:22:48.464407,2,0.0992,0.0992,0.0501,0.0000,1.0090,-0.1576,0.9966,7
2026-03-21T04:22:48.464407,3,0.1542,0.1542,0.0580,0.0000,0.5327,-0.1957,0.4955,18
2026-03-21T04:22:48.533870,0,0.1122,0.0305,0.1122,0.0000,0.3375,-0.1413,-0.3065,11
2026-03-21T04:22:48.533870,1,0.1726,0.1726,0.1684,0.0000,0.1889,0.0745,-0.1736,51
2026-03-21T04:22:48.533870,2,0.1019,0.1019,0.0279,0.0000,1.0042,-0.1570,0.9919,7
2026-03-21T04:22:48.533870,3,0.1535,0.1535,0.0562,0.0000,0.5306,-0.1949,0.4936,18
2026-03-21T04:22:48.603559,0,0.0661,0.0293,0.0661,0.0000,0.3273,-0.1401,-0.2958,10
2026-03-21T04:22:48.603559,1,0.1889,0.1889,0.1399,0.0000,0.1863,0.0731,-0.1714,50
2026-03-21T04:22:48.603559,2,0.1009,0.1009,0.0311,0.0000,1.0028,-0.1568,0.9905,7
2026-03-21T04:22:48.603559,3,0.1511,0.1511,0.0577,0.0000,0.5311,-0.1951,0.4940,18
2026-03-21T04:22:48.673149,0,0.0640,0.0277,0.0640,0.0000,0.3290,-0.1410,-0.2973,10
2026-03-21T04:22:48.673149,1,0.1894,0.1894,0.1769,0.0000,0.1884,0.0730,-0.1737,52
2026-03-21T04:22:48.673149,2,0.1002,0.1002,0.0391,0.0000,1.0045,-0.1570,0.9922,7
2026-03-21T04:22:48.673149,3,0.1520,0.1520,0.0699,0.0000,0.5322,-0.1955,0.4950,18
2026-03-21T04:22:48.743442,0,0.0710,0.0274,0.0710,0.0000,0.3268,-0.1398,-0.2954,10
2026-03-21T04:22:48.743442,1,0.2025,0.1805,0.2025,0.0000,0.1917,0.0730,-0.1773,52
2026-03-21T04:22:48.743442,2,0.1016,0.1016,0.0313,0.0000,1.0055,-0.1572,0.9932,7
2026-03-21T04:22:48.743442,3,0.1500,0.1500,0.0863,0.0000,0.5322,-0.1952,0.4951,18
2026-03-21T04:22:48.812260,0,0.0668,0.0286,0.0668,0.0000,0.3285,-0.1406,-0.2969,10
2026-03-21T04:22:48.812260,1,0.2033,0.1682,0.2033,0.0000,0.1898,0.0726,-0.1754,52
2026-03-21T04:22:48.812260,2,0.1017,0.1017,0.0303,0.0000,1.0067,-0.1574,0.9943,7
2026-03-21T04:22:48.812260,3,0.1472,0.1472,0.0654,0.0000,0.5338,-0.1960,0.4965,18
2026-03-21T04:22:48.881958,0,0.1164,0.0248,0.1164,0.0000,0.3327,-0.1393,-0.3021,11
2026-03-21T04:22:48.881958,1,0.2101,0.1565,0.2101,0.0000,0.1885,0.0715,-0.1744,52
2026-03-21T04:22:48.881958,2,0.1021,0.1021,0.0283,0.0000,1.0060,-0.1573,0.9936,7
2026-03-21T04:22:48.881958,3,0.1458,0.1458,0.0921,0.0000,0.5340,-0.1957,0.4968,18
2026-03-21T04:22:48.951502,0,0.1213,0.0269,0.1213,0.0000,0.3342,-0.1399,-0.3035,11
2026-03-21T04:22:48.951502,1,0.2141,0.1869,0.2141,0.0000,0.1886,0.0704,-0.1749,53
2026-03-21T04:22:48.951502,2,0.1020,0.1020,0.0313,0.0000,1.0064,-0.1574,0.9940,7
2026-03-21T04:22:48.951502,3,0.1376,0.1376,0.1137,0.0000,0.5385,-0.1970,0.5012,18
2026-03-21T04:22:49.021502,0,0.1176,0.0264,0.1176,0.0000,0.3363,-0.1407,-0.3054,11
2026-03-21T04:22:49.021502,1,0.1973,0.1720,0.1973,0.0000,0.1920,0.0738,-0.1772,52
2026-03-21T04:22:49.021502,2,0.1031,0.1031,0.0230,0.0000,1.0064,-0.1574,0.9940,7
2026-03-21T04:22:49.021502,3,0.1464,0.1464,0.0757,0.0000,0.5335,-0.1956,0.4963,18
2026-03-21T04:22:49.091758,0,0.0655,0.0283,0.0655,0.0000,0.3274,-0.1401,-0.2959,10
2026-03-21T04:22:49.091758,1,0.2259,0.1925,0.2259,0.0000,0.1906,0.0718,-0.1766,53
2026-03-21T04:22:49.091758,2,0.1011,0.1011,0.0342,0.0000,1.0050,-0.1571,0.9926,7
2026-03-21T04:22:49.091758,3,0.1487,0.1487,0.0722,0.0000,0.5327,-0.1956,0.4955,18
2026-03-21T04:22:49.161851,0,0.1156,0.0257,0.1156,0.0000,0.3358,-0.1406,-0.3049,11
2026-03-21T04:22:49.161851,1,0.2177,0.1843,0.2177,0.0000,0.1911,0.0717,-0.1771,53
2026-03-21T04:22:49.161851,2,0.0993,0.0993,0.0440,0.0000,1.0045,-0.1570,0.9922,7
2026-03-21T04:22:49.161851,3,0.1470,0.1470,0.0717,0.0000,0.5329,-0.1956,0.4957,18
2026-03-21T04:22:49.230511,0,0.0584,0.0315,0.0584,0.0000,0.3269,-0.1400,-0.2954,10
2026-03-21T04:22:49.230511,1,0.1942,0.1820,0.1942,0.0000,0.1896,0.0731,-0.1749,54
2026-03-21T04:22:49.230511,2,0.1014,0.1014,0.0332,0.0000,1.0074,-0.1575,0.9950,7
2026-03-21T04:22:49.230511,3,0.1487,0.1487,0.0792,0.0000,0.5336,-0.1957,0.4964,18
2026-03-21T04:22:49.299816,0,0.0766,0.0301,0.0766,0.0000,0.3269,-0.1399,-0.2954,10
2026-03-21T04:22:49.299816,1,0.1928,0.1590,0.1928,0.0000,0.1894,0.0713,-0.1754,51
2026-03-21T04:22:49.299816,2,0.1021,0.1021,0.0273,0.0000,1.0058,-0.1573,0.9934,7
2026-03-21T04:22:49.299816,3,0.1513,0.1513,0.0752,0.0000,0.5348,-0.1962,0.4975,18
2026-03-21T04:22:49.370390,0,0.0603,0.0291,0.0603,0.0000,0.3295,-0.1412,-0.2977,10
2026-03-21T04:22:49.370390,1,0.1953,0.1876,0.1953,0.0000,0.1856,0.0668,-0.1732,55
2026-03-21T04:22:49.370390,2,0.1026,0.1026,0.0273,0.0000,1.0070,-0.1575,0.9946,7
2026-03-21T04:22:49.370390,3,0.1488,0.1488,0.0867,0.0000,0.5362,-0.1965,0.4989,18
2026-03-21T04:22:49.439409,0,0.0675,0.0257,0.0675,0.0000,0.3276,-0.1401,-0.2961,10
2026-03-21T04:22:49.439409,1,0.1942,0.1703,0.1942,0.0000,0.1918,0.0734,-0.1772,52
2026-03-21T04:22:49.439409,2,0.1032,0.1032,0.0234,0.0000,1.0071,-0.1575,0.9947,7
2026-03-21T04:22:49.439409,3,0.1439,0.1439,0.1056,0.0000,0.5366,-0.1965,0.4994,18
2026-03-21T04:22:49.509288,0,0.0686,0.0309,0.0686,0.0000,0.3295,-0.1411,-0.2978,10
2026-03-21T04:22:49.509288,1,0.1885,0.1632,0.1885,0.0000,0.1913,0.0752,-0.1759,53
2026-03-21T04:22:49.509288,2,0.1030,0.1030,0.0214,0.0000,1.0041,-0.1570,0.9918,7
2026-03-21T04:22:49.509288,3,0.1381,0.1381,0.0760,0.0000,0.5354,-0.2005,0.4964,17
2026-03-21T04:22:49.579090,0,0.0694,0.0256,0.0694,0.0000,0.3269,-0.1400,-0.2954,10
2026-03-21T04:22:49.579090,1,0.1824,0.1824,0.1521,0.0000,0.1860,0.0739,-0.1706,53
2026-03-21T04:22:49.579090,2,0.1026,0.1026,0.0269,0.0000,1.0057,-0.1573,0.9933,7
2026-03-21T04:22:49.579090,3,0.1418,0.1418,0.0780,0.0000,0.5364,-0.2011,0.4972,17
2026-03-21T04:22:49.648297,0,0.0720,0.0276,0.0720,0.0000,0.3271,-0.1399,-0.2956,10
2026-03-21T04:22:49.648297,1,0.0708,0.0278,0.0708,0.0000,0.2610,0.0038,-0.2610,7
2026-03-21T04:22:49.648297,2,0.1488,0.1488,0.0738,0.0000,0.1827,0.0839,-0.1623,45
2026-03-21T04:22:49.648297,3,0.1031,0.1031,0.0224,0.0000,1.0061,-0.1573,0.9937,7
2026-03-21T04:22:49.648297,4,0.1402,0.1402,0.1094,0.0000,0.5377,-0.1968,0.5005,18
2026-03-21T04:22:49.717580,0,0.0641,0.0278,0.0641,0.0000,0.3282,-0.1404,-0.2966,10
2026-03-21T04:22:49.717580,1,0.1963,0.1592,0.1963,0.0000,0.1900,0.0727,-0.1756,52
2026-03-21T04:22:49.717580,2,0.1023,0.1023,0.0253,0.0000,1.0042,-0.1571,0.9919,7
2026-03-21T04:22:49.717580,3,0.1424,0.1424,0.1022,0.0000,0.5366,-0.1965,0.4994,18
2026-03-21T04:22:49.787977,0,0.1142,0.0273,0.1142,0.0000,0.3367,-0.1410,-0.3058,11
2026-03-21T04:22:49.787977,1,0.1900,0.1779,0.1900,0.0000,0.1899,0.0724,-0.1756,53
2026-03-21T04:22:49.787977,2,0.1013,0.1013,0.0312,0.0000,1.0052,-0.1572,0.9929,7
2026-03-21T04:22:49.787977,3,0.1480,0.1480,0.0900,0.0000,0.5338,-0.1956,0.4966,18
2026-03-21T04:22:49.858481,0,0.0729,0.0253,0.0729,0.0000,0.3281,-0.1403,-0.2966,10
2026-03-21T04:22:49.858481,1,0.1933,0.1746,0.1933,0.0000,0.1909,0.0736,-0.1761,52
2026-03-21T04:22:49.858481,2,0.0990,0.0990,0.0420,0.0000,1.0035,-0.1568,0.9912,7
2026-03-21T04:22:49.858481,3,0.1496,0.1496,0.0700,0.0000,0.5339,-0.1958,0.4967,18
2026-03-21T04:22:49.927416,0,0.0659,0.0270,0.0659,0.0000,0.3285,-0.1406,-0.2969,10
2026-03-21T04:22:49.927416,1,0.1917,0.1678,0.1917,0.0000,0.1900,0.0732,-0.1753,52
2026-03-21T04:22:49.927416,2,0.1019,0.1019,0.0283,0.0000,1.0052,-0.1572,0.9929,7
2026-03-21T04:22:49.927416,3,0.1505,0.1505,0.0644,0.0000,0.5324,-0.1955,0.4952,18
2026-03-21T04:22:49.996730,0,0.0640,0.0282,0.0640,0.0000,0.3281,-0.1405,-0.2965,10
2026-03-21T04:22:49.996730,1,0.1882,0.1882,0.1784,0.0000,0.1878,0.0715,-0.1737,53
2026-03-21T04:22:49.996730,2,0.1022,0.1022,0.0243,0.0000,1.0045,-0.1571,0.9922,7
2026-03-21T04:22:49.996730,3,0.1534,0.1534,0.0500,0.0000,0.5318,-0.1953,0.4946,18
2026-03-21T04:22:50.066684,0,0.0703,0.0329,0.0703,0.0000,0.3276,-0.1403,-0.2960,10
2026-03-21T04:22:50.066684,1,0.2171,0.1818,0.2171,0.0000,0.1899,0.0692,-0.1768,52
2026-03-21T04:22:50.066684,2,0.1024,0.1024,0.0253,0.0000,1.0052,-0.1572,0.9929,7
2026-03-21T04:22:50.066684,3,0.1556,0.1556,0.0524,0.0000,0.5342,-0.1962,0.4969,18
2026-03-21T04:22:50.136155,0,0.0669,0.0280,0.0669,0.0000,0.3272,-0.1401,-0.2957,10
2026-03-21T04:22:50.136155,1,0.2068,0.2068,0.1961,0.0000,0.1872,0.0662,-0.1751,54
2026-03-21T04:22:50.136155,2,0.1016,0.1016,0.0302,0.0000,1.0041,-0.1570,0.9917,7
2026-03-21T04:22:50.136155,3,0.1433,0.1433,0.0851,0.0000,0.5333,-0.1956,0.4961,18
2026-03-21T04:22:50.206465,0,0.0740,0.0231,0.0740,0.0000,0.3306,-0.1414,-0.2988,10
2026-03-21T04:22:50.206465,1,0.1721,0.1696,0.1721,0.0000,0.1881,0.0699,-0.1746,52
2026-03-21T04:22:50.206465,2,0.1034,0.1034,0.0164,0.0000,1.0018,-0.1568,0.9895,7
2026-03-21T04:22:50.206465,3,0.1465,0.1465,0.0996,0.0000,0.5349,-0.1960,0.4978,18
2026-03-21T04:22:50.276373,0,0.0741,0.0248,0.0741,0.0000,0.3300,-0.1412,-0.2982,10
2026-03-21T04:22:50.276373,1,0.1985,0.1985,0.1463,0.0000,0.1809,0.0627,-0.1697,55
2026-03-21T04:22:50.276373,2,0.1046,0.1046,0.0225,0.0000,1.0022,-0.1568,0.9899,7
2026-03-21T04:22:50.276373,3,0.1429,0.1429,0.0893,0.0000,0.5338,-0.1957,0.4967,18
2026-03-21T04:22:50.345451,0,0.0780,0.0233,0.0780,0.0000,0.3312,-0.1417,-0.2994,10
2026-03-21T04:22:50.345451,1,0.1821,0.1821,0.1478,0.0000,0.1834,0.0680,-0.1703,52
2026-03-21T04:22:50.345451,2,0.0866,0.0866,0.0215,0.0000,1.0026,-0.1482,0.9915,6
2026-03-21T04:22:50.345451,3,0.1543,0.1543,0.0724,0.0000,0.5326,-0.1954,0.4955,18
2026-03-21T04:22:50.415576,0,0.0696,0.0264,0.0696,0.0000,0.3262,-0.1396,-0.2948,10
2026-03-21T04:22:50.415576,1,0.1836,0.1774,0.1836,0.0000,0.1806,0.0661,-0.1680,54
2026-03-21T04:22:50.415576,2,0.1014,0.1014,0.0435,0.0000,1.0057,-0.1398,0.9959,7
2026-03-21T04:22:50.415576,3,0.1632,0.1632,0.0811,0.0000,0.5318,-0.1909,0.4963,19
2026-03-21T04:22:50.485378,0,0.0805,0.0280,0.0805,0.0000,0.3272,-0.1400,-0.2957,10
2026-03-21T04:22:50.485378,1,0.2049,0.2049,0.1612,0.0000,0.1771,0.0608,-0.1663,57
2026-03-21T04:22:50.485378,2,0.0851,0.0851,0.0218,0.0000,1.0032,-0.1482,0.9922,6
2026-03-21T04:22:50.485378,3,0.1608,0.1608,0.0722,0.0000,0.5302,-0.1904,0.4948,19
2026-03-21T04:22:50.554595,0,0.0932,0.0209,0.0932,0.0000,0.3309,-0.1414,-0.2992,10
2026-03-21T04:22:50.554595,1,0.2030,0.2030,0.1439,0.0000,0.1758,0.0632,-0.1641,55
2026-03-21T04:22:50.554595,2,0.0834,0.0834,0.0333,0.0000,0.9997,-0.1477,0.9888,6
2026-03-21T04:22:50.554595,3,0.1626,0.1626,0.0598,0.0000,0.5277,-0.1895,0.4925,19
2026-03-21T04:22:50.624544,0,0.0850,0.0201,0.0850,0.0000,0.3289,-0.1405,-0.2973,10
2026-03-21T04:22:50.624544,1,0.1927,0.1927,0.1818,0.0000,0.1737,0.0574,-0.1640,55
2026-03-21T04:22:50.624544,2,0.0998,0.0998,0.0544,0.0000,1.0072,-0.1399,0.9975,7
2026-03-21T04:22:50.624544,3,0.1619,0.1619,0.0555,0.0000,0.5270,-0.1894,0.4918,19
2026-03-21T04:22:50.693978,0,0.0850,0.0270,0.0850,0.0000,0.3285,-0.1405,-0.2969,10
2026-03-21T04:22:50.693978,1,0.1849,0.1849,0.1529,0.0000,0.1703,0.0588,-0.1598,56
2026-03-21T04:22:50.693978,2,0.0841,0.0841,0.0257,0.0000,1.0002,-0.1477,0.9893,6
2026-03-21T04:22:50.693978,3,0.1622,0.1622,0.0453,0.0000,0.5270,-0.1894,0.4918,19
2026-03-21T04:22:50.763610,0,0.0806,0.0208,0.0806,0.0000,0.3297,-0.1409,-0.2981,10
2026-03-21T04:22:50.763610,1,0.1855,0.1855,0.1246,0.0000,0.1678,0.0590,-0.1571,56
2026-03-21T04:22:50.763610,2,0.0817,0.0817,0.0414,0.0000,1.0001,-0.1476,0.9891,6
2026-03-21T04:22:50.763610,3,0.1635,0.1635,0.0409,0.0000,0.5246,-0.1887,0.4895,19
2026-03-21T04:22:50.833164,0,0.0915,0.0201,0.0915,0.0000,0.3322,-0.1419,-0.3003,10
2026-03-21T04:22:50.833164,1,0.1775,0.1775,0.1220,0.0000,0.1692,0.0608,-0.1578,55
2026-03-21T04:22:50.833164,2,0.0836,0.0836,0.0297,0.0000,1.0044,-0.1483,0.9934,6
2026-03-21T04:22:50.833164,3,0.1678,0.1678,0.0391,0.0000,0.5282,-0.1901,0.4929,19
2026-03-21T04:22:50.902890,0,0.0807,0.0254,0.0807,0.0000,0.3303,-0.1413,-0.2985,10
2026-03-21T04:22:50.902890,1,0.1978,0.1978,0.1525,0.0000,0.1651,0.0540,-0.1561,58
2026-03-21T04:22:50.902890,2,0.0845,0.0845,0.0258,0.0000,1.0026,-0.1481,0.9916,6
2026-03-21T04:22:50.902890,3,0.1582,0.1582,0.0569,0.0000,0.5255,-0.1889,0.4904,19
2026-03-21T04:22:50.972939,0,0.0836,0.0268,0.0836,0.0000,0.3316,-0.1418,-0.2997,10
2026-03-21T04:22:50.972939,1,0.1871,0.1871,0.1483,0.0000,0.1665,0.0572,-0.1564,57
2026-03-21T04:22:50.972939,2,0.0852,0.0852,0.0244,0.0000,1.0051,-0.1485,0.9940,6
2026-03-21T04:22:50.972939,3,0.1591,0.1591,0.0685,0.0000,0.5262,-0.1891,0.4910,19
2026-03-21T04:22:51.042761,0,0.1282,0.0234,0.1282,0.0000,0.3395,-0.1419,-0.3084,11
2026-03-21T04:22:51.042761,1,0.1808,0.1808,0.1446,0.0000,0.1618,0.0533,-0.1528,58
2026-03-21T04:22:51.042761,2,0.0840,0.0840,0.0307,0.0000,1.0026,-0.1481,0.9916,6
2026-03-21T04:22:51.042761,3,0.1587,0.1587,0.0694,0.0000,0.5290,-0.1900,0.4937,19
2026-03-21T04:22:51.112458,0,0.0734,0.0298,0.0734,0.0000,0.3311,-0.1417,-0.2992,10
2026-03-21T04:22:51.112458,1,0.1947,0.1947,0.1269,0.0000,0.1609,0.0539,-0.1516,58
2026-03-21T04:22:51.112458,2,0.0865,0.0865,0.0179,0.0000,1.0066,-0.1488,0.9955,6
2026-03-21T04:22:51.112458,3,0.1560,0.1560,0.0739,0.0000,0.5284,-0.1896,0.4932,19
2026-03-21T04:22:51.181547,0,0.0659,0.0285,0.0659,0.0000,0.3277,-0.1403,-0.2961,10
2026-03-21T04:22:51.181547,1,0.1850,0.1850,0.1265,0.0000,0.1607,0.0522,-0.1520,57
2026-03-21T04:22:51.181547,2,0.0831,0.0831,0.0377,0.0000,1.0052,-0.1485,0.9942,6
2026-03-21T04:22:51.181547,3,0.1550,0.1550,0.0476,0.0000,0.5266,-0.1934,0.4898,18
2026-03-21T04:22:51.251310,0,0.0792,0.0202,0.0792,0.0000,0.3268,-0.1397,-0.2954,10
2026-03-21T04:22:51.251310,1,0.1759,0.1759,0.1222,0.0000,0.1626,0.0571,-0.1523,56
2026-03-21T04:22:51.251310,2,0.0850,0.0850,0.0279,0.0000,1.0072,-0.1488,0.9962,6
2026-03-21T04:22:51.251310,3,0.1551,0.1551,0.0425,0.0000,0.5273,-0.1936,0.4904,18
2026-03-21T04:22:51.320852,0,0.0707,0.0258,0.0707,0.0000,0.3285,-0.1406,-0.2969,10
2026-03-21T04:22:51.320852,1,0.1768,0.1768,0.1221,0.0000,0.1610,0.0551,-0.1513,57
2026-03-21T04:22:51.320852,2,0.0848,0.0848,0.0298,0.0000,1.0086,-0.1490,0.9975,6
2026-03-21T04:22:51.320852,3,0.1567,0.1567,0.0439,0.0000,0.5262,-0.1935,0.4894,18
2026-03-21T04:22:51.390487,0,0.0751,0.0260,0.0751,0.0000,0.3285,-0.1405,-0.2969,10
2026-03-21T04:22:51.390487,1,0.1939,0.1939,0.1136,0.0000,0.1598,0.0522,-0.1510,59
2026-03-21T04:22:51.390487,2,0.0840,0.0840,0.0358,0.0000,1.0102,-0.1492,0.9991,6
2026-03-21T04:22:51.390487,3,0.1535,0.1535,0.0457,0.0000,0.5261,-0.1932,0.4893,18
2026-03-21T04:22:51.459964,0,0.0749,0.0266,0.0749,0.0000,0.3270,-0.1399,-0.2956,10
2026-03-21T04:22:51.459964,1,0.1803,0.1803,0.1181,0.0000,0.1624,0.0559,-0.1525,55
2026-03-21T04:22:51.459964,2,0.0845,0.0845,0.0379,0.0000,1.0132,-0.1496,1.0021,6
2026-03-21T04:22:51.459964,3,0.1471,0.1471,0.0516,0.0000,0.5260,-0.1931,0.4893,18
2026-03-21T04:22:51.529737,0,0.1267,0.0224,0.1267,0.0000,0.3348,-0.1400,-0.3042,11
2026-03-21T04:22:51.529737,1,0.1659,0.1659,0.1293,0.0000,0.1620,0.0555,-0.1522,55
2026-03-21T04:22:51.529737,2,0.0824,0.0824,0.0351,0.0000,1.0032,-0.1655,0.9895,6
2026-03-21T04:22:51.529737,3,0.1509,0.1509,0.0456,0.0000,0.5262,-0.1934,0.4894,18
2026-03-21T04:22:51.598857,0,0.0704,0.0253,0.0704,0.0000,0.3289,-0.1407,-0.2972,10
2026-03-21T04:22:51.598857,1,0.1623,0.1623,0.1175,0.0000,0.1618,0.0555,-0.1520,55
2026-03-21T04:22:51.598857,2,0.0815,0.0815,0.0410,0.0000,1.0082,-0.1662,0.9944,6
2026-03-21T04:22:51.598857,3,0.1525,0.1525,0.0493,0.0000,0.5267,-0.1935,0.4898,18
2026-03-21T04:22:51.668323,0,0.1235,0.0240,0.1235,0.0000,0.3397,-0.1421,-0.3086,11
2026-03-21T04:22:51.668323,1,0.1699,0.1699,0.1165,0.0000,0.1628,0.0559,-0.1528,55
2026-03-21T04:22:51.668323,2,0.0824,0.0824,0.0390,0.0000,1.0047,-0.1657,0.9910,6
2026-03-21T04:22:51.668323,3,0.1514,0.1514,0.0499,0.0000,0.5256,-0.1929,0.4889,18
2026-03-21T04:22:51.738364,0,0.0743,0.0293,0.0743,0.0000,0.3316,-0.1419,-0.2997,10
2026-03-21T04:22:51.738364,1,0.1924,0.1924,0.1237,0.0000,0.1620,0.0539,-0.1527,56
2026-03-21T04:22:51.738364,2,0.0818,0.0818,0.0390,0.0000,1.0054,-0.1658,0.9916,6
2026-03-21T04:22:51.738364,3,0.1538,0.1538,0.0460,0.0000,0.5262,-0.1933,0.4895,18
2026-03-21T04:22:51.807069,0,0.0623,0.0295,0.0623,0.0000,0.3292,-0.1410,-0.2975,10
2026-03-21T04:22:51.807069,1,0.1791,0.1791,0.1271,0.0000,0.1596,0.0497,-0.1516,58
2026-03-21T04:22:51.807069,2,0.0811,0.0811,0.0420,0.0000,1.0049,-0.1656,0.9911,6
2026-03-21T04:22:51.807069,3,0.1486,0.1486,0.0543,0.0000,0.5252,-0.1928,0.4885,18
2026-03-21T04:22:51.877649,0,0.1272,0.0248,0.1272,0.0000,0.3394,-0.1419,-0.3083,11
2026-03-21T04:22:51.877649,1,0.1743,0.1743,0.1163,0.0000,0.1608,0.0537,-0.1516,56
2026-03-21T04:22:51.877649,2,0.0826,0.0826,0.0341,0.0000,1.0041,-0.1655,0.9903,6
2026-03-21T04:22:51.877649,3,0.1543,0.1543,0.0476,0.0000,0.5270,-0.1936,0.4902,18
2026-03-21T04:22:51.947203,0,0.1232,0.0248,0.1232,0.0000,0.3374,-0.1411,-0.3065,11
2026-03-21T04:22:51.947203,1,0.1565,0.1565,0.1198,0.0000,0.1601,0.0520,-0.1515,55
2026-03-21T04:22:51.947203,2,0.0805,0.0805,0.0449,0.0000,1.0052,-0.1657,0.9915,6
2026-03-21T04:22:51.947203,3,0.1496,0.1496,0.0526,0.0000,0.5249,-0.1927,0.4882,18
2026-03-21T04:22:52.017739,0,0.0806,0.0218,0.0806,0.0000,0.3313,-0.1416,-0.2995,10
2026-03-21T04:22:52.017739,1,0.1993,0.1993,0.1215,0.0000,0.1602,0.0534,-0.1511,58
2026-03-21T04:22:52.017739,2,0.0814,0.0814,0.0430,0.0000,1.0046,-0.1656,0.9908,6
2026-03-21T04:22:52.017739,3,0.1515,0.1515,0.0473,0.0000,0.5257,-0.1930,0.4889,18
2026-03-21T04:22:52.087554,0,0.1287,0.0263,0.1287,0.0000,0.3351,-0.1401,-0.3044,11
2026-03-21T04:22:52.087554,1,0.1841,0.1841,0.1244,0.0000,0.1613,0.0538,-0.1521,56
2026-03-21T04:22:52.087554,2,0.0822,0.0822,0.0367,0.0000,1.0046,-0.1656,0.9908,6
2026-03-21T04:22:52.087554,3,0.1526,0.1526,0.0433,0.0000,0.5265,-0.1934,0.4897,18
2026-03-21T04:22:52.158657,0,0.0822,0.0214,0.0822,0.0000,0.3293,-0.1408,-0.2977,10
2026-03-21T04:22:52.158657,1,0.1963,0.1963,0.1194,0.0000,0.1606,0.0517,-0.1521,57
2026-03-21T04:22:52.158657,2,0.0822,0.0822,0.0400,0.0000,1.0052,-0.1658,0.9915,6
2026-03-21T04:22:52.158657,3,0.1555,0.1555,0.0508,0.0000,0.5269,-0.1935,0.4901,18
2026-03-21T04:22:52.227497,0,0.0777,0.0248,0.0777,0.0000,0.3285,-0.1405,-0.2969,10
2026-03-21T04:22:52.227497,1,0.1785,0.1785,0.1215,0.0000,0.1600,0.0521,-0.1513,57
2026-03-21T04:22:52.227497,2,0.0827,0.0827,0.0351,0.0000,1.0061,-0.1659,0.9923,6
2026-03-21T04:22:52.227497,3,0.1503,0.1503,0.0608,0.0000,0.5257,-0.1930,0.4890,18
2026-03-21T04:22:52.296394,0,0.1244,0.0266,0.1244,0.0000,0.3381,-0.1415,-0.3071,11
2026-03-21T04:22:52.296394,1,0.1878,0.1878,0.1408,0.0000,0.1616,0.0541,-0.1523,56
2026-03-21T04:22:52.296394,2,0.0824,0.0824,0.0371,0.0000,1.0074,-0.1661,0.9936,6
2026-03-21T04:22:52.296394,3,0.1463,0.1463,0.0629,0.0000,0.5280,-0.1938,0.4911,18
2026-03-21T04:22:52.366831,0,0.0680,0.0279,0.0680,0.0000,0.3309,-0.1416,-0.2990,10
2026-03-21T04:22:52.366831,1,0.1868,0.1868,0.1181,0.0000,0.1605,0.0518,-0.1519,57
2026-03-21T04:22:52.366831,2,0.0814,0.0814,0.0406,0.0000,1.0036,-0.1655,0.9898,6
2026-03-21T04:22:52.366831,3,0.1486,0.1486,0.0532,0.0000,0.5273,-0.1936,0.4905,18
2026-03-21T04:22:52.435802,0,0.1261,0.0274,0.1261,0.0000,0.3389,-0.1418,-0.3078,11
2026-03-21T04:22:52.435802,1,0.1929,0.1929,0.1289,0.0000,0.1592,0.0514,-0.1506,57
2026-03-21T04:22:52.435802,2,0.0832,0.0832,0.0331,0.0000,1.0061,-0.1660,0.9923,6
2026-03-21T04:22:52.435802,3,0.1515,0.1515,0.0458,0.0000,0.5264,-0.1933,0.4896,18
2026-03-21T04:22:52.505978,0,0.0780,0.0236,0.0780,0.0000,0.3299,-0.1411,-0.2982,10
2026-03-21T04:22:52.505978,1,0.2009,0.2009,0.1211,0.0000,0.1607,0.0517,-0.1522,57
2026-03-21T04:22:52.505978,2,0.0838,0.0838,0.0342,0.0000,1.0087,-0.1664,0.9949,6
2026-03-21T04:22:52.505978,3,0.1532,0.1532,0.0500,0.0000,0.5275,-0.1937,0.4907,18
2026-03-21T04:22:52.575658,0,0.1275,0.0243,0.1275,0.0000,0.3358,-0.1405,-0.3051,11
2026-03-21T04:22:52.575658,1,0.1931,0.1931,0.1154,0.0000,0.1610,0.0537,-0.1518,56
2026-03-21T04:22:52.575658,2,0.0806,0.0806,0.0449,0.0000,1.0064,-0.1659,0.9926,6
2026-03-21T04:22:52.575658,3,0.1516,0.1516,0.0433,0.0000,0.5264,-0.1933,0.4896,18
2026-03-21T04:22:52.645389,0,0.0807,0.0310,0.0807,0.0000,0.3323,-0.1422,-0.3003,10
2026-03-21T04:22:52.645389,1,0.1766,0.1766,0.1210,0.0000,0.1611,0.0549,-0.1515,55
2026-03-21T04:22:52.645389,2,0.0813,0.0813,0.0449,0.0000,1.0032,-0.1654,0.9895,6
2026-03-21T04:22:52.645389,3,0.1527,0.1527,0.0553,0.0000,0.5252,-0.1928,0.4885,18
2026-03-21T04:22:52.714713,0,0.0704,0.0278,0.0704,0.0000,0.3295,-0.1410,-0.2978,10
2026-03-21T04:22:52.714713,1,0.1658,0.1658,0.1195,0.0000,0.1574,0.0522,-0.1485,56
2026-03-21T04:22:52.714713,2,0.0819,0.0819,0.0439,0.0000,1.0057,-0.1658,0.9920,6
2026-03-21T04:22:52.714713,3,0.1519,0.1519,0.0556,0.0000,0.5282,-0.1939,0.4913,18
2026-03-21T04:22:52.784538,0,0.0745,0.0274,0.0745,0.0000,0.3287,-0.1407,-0.2971,10
2026-03-21T04:22:52.784538,1,0.1754,0.1754,0.1249,0.0000,0.1590,0.0516,-0.1504,57
2026-03-21T04:22:52.784538,2,0.0816,0.0816,0.0439,0.0000,1.0019,-0.1652,0.9882,6
2026-03-21T04:22:52.784538,3,0.1521,0.1521,0.0547,0.0000,0.5254,-0.1930,0.4887,18
2026-03-21T04:22:52.854661,0,0.0736,0.0295,0.0736,0.0000,0.3307,-0.1416,-0.2988,10
2026-03-21T04:22:52.854661,1,0.1818,0.1818,0.1294,0.0000,0.1599,0.0544,-0.1504,55
2026-03-21T04:22:52.854661,2,0.0805,0.0805,0.0458,0.0000,1.0017,-0.1651,0.9880,6
2026-03-21T04:22:52.854661,3,0.1500,0.1500,0.0536,0.0000,0.5272,-0.1935,0.4904,18
2026-03-21T04:22:52.923880,0,0.0740,0.0244,0.0740,0.0000,0.3291,-0.1408,-0.2974,10
2026-03-21T04:22:52.923880,1,0.1818,0.1818,0.1337,0.0000,0.1604,0.0510,-0.1520,57
2026-03-21T04:22:52.923880,2,0.0822,0.0822,0.0400,0.0000,1.0061,-0.1659,0.9923,6
2026-03-21T04:22:52.923880,3,0.1508,0.1508,0.0498,0.0000,0.5267,-0.1933,0.4899,18
2026-03-21T04:22:52.993795,0,0.0845,0.0245,0.0845,0.0000,0.3292,-0.1407,-0.2976,10
2026-03-21T04:22:52.993795,1,0.1733,0.1733,0.1039,0.0000,0.1589,0.0504,-0.1507,58
2026-03-21T04:22:52.993795,2,0.0832,0.0832,0.0322,0.0000,1.0034,-0.1655,0.9896,6
2026-03-21T04:22:52.993795,3,0.1540,0.1540,0.0464,0.0000,0.5269,-0.1937,0.4901,18
2026-03-21T04:22:53.063169,0,0.0809,0.0235,0.0809,0.0000,0.3336,-0.1427,-0.3015,10
2026-03-21T04:22:53.063169,1,0.1928,0.1928,0.1271,0.0000,0.1587,0.0512,-0.1502,57
2026-03-21T04:22:53.063169,2,0.0829,0.0829,0.0348,0.0000,1.0061,-0.1659,0.9923,6
2026-03-21T04:22:53.063169,3,0.1508,0.1508,0.0531,0.0000,0.5256,-0.1930,0.4888,18
2026-03-21T04:22:53.133458,0,0.0768,0.0256,0.0768,0.0000,0.3313,-0.1418,-0.2994,10
2026-03-21T04:22:53.133458,1,0.1727,0.1727,0.1217,0.0000,0.1603,0.0547,-0.1506,55
2026-03-21T04:22:53.133458,2,0.0958,0.0958,0.0667,0.0000,1.0065,-0.1571,0.9942,7
2026-03-21T04:22:53.133458,3,0.1546,0.1546,0.0506,0.0000,0.5273,-0.1936,0.4904,18
2026-03-21T04:22:53.202448,0,0.1244,0.0243,0.1244,0.0000,0.3397,-0.1420,-0.3085,11
2026-03-21T04:22:53.202448,1,0.1857,0.1857,0.1228,0.0000,0.1583,0.0512,-0.1498,57
2026-03-21T04:22:53.202448,2,0.0814,0.0814,0.0396,0.0000,1.0024,-0.1652,0.9887,6
2026-03-21T04:22:53.202448,3,0.1587,0.1587,0.0437,0.0000,0.5253,-0.1931,0.4885,18
2026-03-21T04:22:53.272751,0,0.0647,0.0288,0.0647,0.0000,0.3281,-0.1404,-0.2965,10
2026-03-21T04:22:53.272751,1,0.1937,0.1937,0.1063,0.0000,0.1611,0.0513,-0.1527,58
2026-03-21T04:22:53.272751,2,0.0963,0.0963,0.0688,0.0000,1.0102,-0.1577,0.9979,7
2026-03-21T04:22:53.272751,3,0.1550,0.1550,0.0540,0.0000,0.5287,-0.1942,0.4917,18
2026-03-21T04:22:53.341811,0,0.0777,0.0273,0.0777,0.0000,0.3292,-0.1409,-0.2975,10
2026-03-21T04:22:53.341811,1,0.1702,0.1702,0.1233,0.0000,0.1577,0.0535,-0.1484,55
2026-03-21T04:22:53.341811,2,0.0816,0.0816,0.0400,0.0000,1.0061,-0.1659,0.9923,6
2026-03-21T04:22:53.341811,3,0.1529,0.1529,0.0454,0.0000,0.5247,-0.1928,0.4880,18
2026-03-21T04:22:53.411281,0,0.1325,0.0253,0.1325,0.0000,0.3374,-0.1411,-0.3065,11
2026-03-21T04:22:53.411281,1,0.1685,0.1685,0.1192,0.0000,0.1592,0.0545,-0.1496,55
2026-03-21T04:22:53.411281,2,0.0691,0.0691,0.0179,0.0000,1.0073,-0.1576,0.9949,5
2026-03-21T04:22:53.411281,3,0.1529,0.1529,0.0411,0.0000,0.5254,-0.1931,0.4886,18
2026-03-21T04:22:53.481485,0,0.0816,0.0238,0.0816,0.0000,0.3312,-0.1416,-0.2994,10
2026-03-21T04:22:53.481485,1,0.1868,0.1868,0.1146,0.0000,0.1587,0.0532,-0.1496,56
2026-03-21T04:22:53.481485,2,0.0809,0.0809,0.0429,0.0000,1.0032,-0.1654,0.9895,6
2026-03-21T04:22:53.481485,3,0.1550,0.1550,0.0452,0.0000,0.5273,-0.1936,0.4904,18
2026-03-21T04:22:53.550804,0,0.0743,0.0271,0.0743,0.0000,0.3291,-0.1409,-0.2974,10
2026-03-21T04:22:53.550804,1,0.2068,0.2068,0.1208,0.0000,0.1597,0.0529,-0.1507,58
2026-03-21T04:22:53.550804,2,0.0809,0.0809,0.0436,0.0000,1.0036,-0.1654,0.9898,6
2026-03-21T04:22:53.550804,3,0.1469,0.1469,0.0589,0.0000,0.5269,-0.1935,0.4901,18
2026-03-21T04:22:53.620596,0,0.1219,0.0278,0.1219,0.0000,0.3400,-0.1423,-0.3088,11
2026-03-21T04:22:53.620596,1,0.1912,0.1912,0.1637,0.0000,0.1596,0.0525,-0.1508,58
2026-03-21T04:22:53.620596,2,0.0833,0.0833,0.0458,0.0000,1.0159,-0.1500,1.0048,6
2026-03-21T04:22:53.620596,3,0.1518,0.1518,0.0481,0.0000,0.5268,-0.1935,0.4900,18
2026-03-21T04:22:53.690341,0,0.1306,0.0223,0.1306,0.0000,0.3386,-0.1415,-0.3076,11
2026-03-21T04:22:53.690341,1,0.1900,0.1900,0.1248,0.0000,0.1582,0.0506,-0.1499,57
2026-03-21T04:22:53.690341,2,0.0824,0.0824,0.0371,0.0000,1.0041,-0.1656,0.9903,6
2026-03-21T04:22:53.690341,3,0.1524,0.1524,0.0497,0.0000,0.5252,-0.1928,0.4886,18
2026-03-21T04:22:53.759881,0,0.1224,0.0234,0.1224,0.0000,0.3372,-0.1411,-0.3063,11
2026-03-21T04:22:53.759881,1,0.1840,0.1840,0.1306,0.0000,0.1590,0.0530,-0.1499,56
2026-03-21T04:22:53.759881,2,0.0819,0.0819,0.0360,0.0000,1.0011,-0.1651,0.9873,6
2026-03-21T04:22:53.759881,3,0.1519,0.1519,0.0524,0.0000,0.5259,-0.1932,0.4892,18
2026-03-21T04:22:53.829634,0,0.1195,0.0268,0.1195,0.0000,0.3350,-0.1402,-0.3043,11
2026-03-21T04:22:53.829634,1,0.1748,0.1748,0.1379,0.0000,0.1605,0.0549,-0.1508,55
2026-03-21T04:22:53.829634,2,0.0814,0.0814,0.0410,0.0000,1.0059,-0.1659,0.9921,6
2026-03-21T04:22:53.829634,3,0.1569,0.1569,0.0402,0.0000,0.5260,-0.1933,0.4892,18
2026-03-21T04:22:53.899319,0,0.0776,0.0249,0.0776,0.0000,0.3296,-0.1410,-0.2979,10
2026-03-21T04:22:53.899319,1,0.1655,0.1655,0.1154,0.0000,0.1590,0.0528,-0.1500,56
2026-03-21T04:22:53.899319,2,0.0827,0.0827,0.0371,0.0000,1.0072,-0.1661,0.9934,6
2026-03-21T04:22:53.899319,3,0.1448,0.1448,0.0602,0.0000,0.5249,-0.1925,0.4883,18
2026-03-21T04:22:53.968788,0,0.0852,0.0231,0.0852,0.0000,0.3289,-0.1406,-0.2973,10
2026-03-21T04:22:53.968788,1,0.1968,0.1968,0.1248,0.0000,0.1594,0.0527,-0.1504,58
2026-03-21T04:22:53.968788,2,0.0703,0.0703,0.0121,0.0000,1.0123,-0.1584,0.9998,5
2026-03-21T04:22:53.968788,3,0.1524,0.1524,0.0460,0.0000,0.5262,-0.1931,0.4894,18
2026-03-21T04:22:54.039124,0,0.0747,0.0268,0.0747,0.0000,0.3329,-0.1425,-0.3008,10
2026-03-21T04:22:54.039124,1,0.1692,0.1692,0.1178,0.0000,0.1598,0.0560,-0.1496,56
2026-03-21T04:22:54.039124,2,0.0706,0.0706,0.0091,0.0000,1.0121,-0.1584,0.9996,5
2026-03-21T04:22:54.039124,3,0.1524,0.1524,0.0498,0.0000,0.5277,-0.1938,0.4908,18
2026-03-21T04:22:54.108256,0,0.0772,0.0258,0.0772,0.0000,0.3314,-0.1418,-0.2995,10
2026-03-21T04:22:54.108256,1,0.1977,0.1977,0.1188,0.0000,0.1571,0.0513,-0.1485,59
2026-03-21T04:22:54.108256,2,0.0806,0.0806,0.0449,0.0000,1.0061,-0.1658,0.9923,6
2026-03-21T04:22:54.108256,3,0.1511,0.1511,0.0495,0.0000,0.5262,-0.1931,0.4894,18
2026-03-21T04:22:54.178137,0,0.1252,0.0249,0.1252,0.0000,0.3369,-0.1409,-0.3060,11
2026-03-21T04:22:54.178137,1,0.1795,0.1795,0.1170,0.0000,0.1615,0.0535,-0.1524,56
2026-03-21T04:22:54.178137,2,0.0817,0.0817,0.0391,0.0000,1.0066,-0.1660,0.9928,6
2026-03-21T04:22:54.178137,3,0.1498,0.1498,0.0516,0.0000,0.5261,-0.1931,0.4894,18
2026-03-21T04:22:54.247338,0,0.0713,0.0313,0.0713,0.0000,0.3320,-0.1421,-0.3000,10
2026-03-21T04:22:54.247338,1,0.1730,0.1730,0.1379,0.0000,0.1587,0.0521,-0.1499,56
2026-03-21T04:22:54.247338,2,0.0807,0.0807,0.0459,0.0000,1.0044,-0.1656,0.9906,6
2026-03-21T04:22:54.247338,3,0.1520,0.1520,0.0573,0.0000,0.5272,-0.1936,0.4904,18
2026-03-21T04:22:54.317677,0,0.0667,0.0263,0.0667,0.0000,0.3277,-0.1402,-0.2962,10
2026-03-21T04:22:54.317677,1,0.1705,0.1705,0.1170,0.0000,0.1595,0.0558,-0.1494,56
2026-03-21T04:22:54.317677,2,0.0826,0.0826,0.0361,0.0000,1.0074,-0.1661,0.9936,6
2026-03-21T04:22:54.317677,3,0.1520,0.1520,0.0481,0.0000,0.5260,-0.1931,0.4893,18
2026-03-21T04:22:54.387629,0,0.1333,0.0252,0.1333,0.0000,0.3355,-0.1402,-0.3048,11
2026-03-21T04:22:54.387629,1,0.1897,0.1897,0.1185,0.0000,0.1588,0.0499,-0.1507,58
2026-03-21T04:22:54.387629,2,0.0825,0.0825,0.0351,0.0000,1.0057,-0.1658,0.9920,6
2026-03-21T04:22:54.387629,3,0.1527,0.1527,0.0597,0.0000,0.5262,-0.1931,0.4895,18
2026-03-21T04:22:54.456615,0,0.0762,0.0276,0.0762,0.0000,0.3297,-0.1410,-0.2980,10
2026-03-21T04:22:54.456615,1,0.1939,0.1939,0.1173,0.0000,0.1610,0.0522,-0.1523,57
2026-03-21T04:22:54.456615,2,0.0837,0.0837,0.0312,0.0000,1.0084,-0.1663,0.9946,6
2026-03-21T04:22:54.456615,3,0.1487,0.1487,0.0560,0.0000,0.5268,-0.1933,0.4901,18
2026-03-21T04:22:54.526713,0,0.1217,0.0248,0.1217,0.0000,0.3370,-0.1410,-0.3061,11
2026-03-21T04:22:54.526713,1,0.1893,0.1893,0.1106,0.0000,0.1576,0.0529,-0.1484,58
2026-03-21T04:22:54.526713,2,0.0819,0.0819,0.0420,0.0000,1.0037,-0.1655,0.9900,6
2026-03-21T04:22:54.526713,3,0.1494,0.1494,0.0550,0.0000,0.5242,-0.1924,0.4876,18
2026-03-21T04:22:54.596571,0,0.0653,0.0304,0.0653,0.0000,0.3311,-0.1418,-0.2992,10
2026-03-21T04:22:54.596571,1,0.1879,0.1879,0.1286,0.0000,0.1566,0.0518,-0.1478,58
2026-03-21T04:22:54.596571,2,0.0806,0.0806,0.0459,0.0000,1.0067,-0.1660,0.9929,6
2026-03-21T04:22:54.596571,3,0.1491,0.1491,0.0689,0.0000,0.5258,-0.1929,0.4892,18
2026-03-21T04:22:54.665901,0,0.0696,0.0256,0.0696,0.0000,0.3296,-0.1410,-0.2979,10
2026-03-21T04:22:54.665901,1,0.1705,0.1705,0.1241,0.0000,0.1568,0.0530,-0.1475,57
2026-03-21T04:22:54.665901,2,0.0848,0.0848,0.0253,0.0000,1.0077,-0.1663,0.9939,6
2026-03-21T04:22:54.665901,3,0.1443,0.1443,0.0653,0.0000,0.5279,-0.1937,0.4911,18
2026-03-21T04:22:54.735922,0,0.0780,0.0301,0.0780,0.0000,0.3302,-0.1412,-0.2984,10
2026-03-21T04:22:54.735922,1,0.1825,0.1825,0.1279,0.0000,0.1569,0.0538,-0.1473,55
2026-03-21T04:22:54.735922,2,0.0839,0.0839,0.0313,0.0000,1.0114,-0.1668,0.9975,6
2026-03-21T04:22:54.735922,3,0.1494,0.1494,0.0629,0.0000,0.5285,-0.1939,0.4917,18
2026-03-21T04:22:54.805023,0,0.0686,0.0270,0.0686,0.0000,0.3280,-0.1404,-0.2964,10
2026-03-21T04:22:54.805023,1,0.1792,0.1792,0.1185,0.0000,0.1567,0.0519,-0.1478,58
2026-03-21T04:22:54.805023,2,0.0855,0.0855,0.0234,0.0000,1.0094,-0.1665,0.9956,6
2026-03-21T04:22:54.805023,3,0.1423,0.1423,0.0763,0.0000,0.5280,-0.1936,0.4912,18
2026-03-21T04:22:54.874542,0,0.0666,0.0306,0.0666,0.0000,0.3288,-0.1407,-0.2971,10
2026-03-21T04:22:54.874542,1,0.1786,0.1786,0.1239,0.0000,0.1565,0.0506,-0.1480,56
2026-03-21T04:22:54.874542,2,0.0851,0.0851,0.0254,0.0000,1.0101,-0.1666,0.9962,6
2026-03-21T04:22:54.874542,3,0.1403,0.1403,0.0797,0.0000,0.5285,-0.1937,0.4917,18
2026-03-21T04:22:54.944161,0,0.1263,0.0239,0.1263,0.0000,0.3374,-0.1411,-0.3065,11
2026-03-21T04:22:54.944161,1,0.1933,0.1933,0.1235,0.0000,0.1548,0.0515,-0.1460,58
2026-03-21T04:22:54.944161,2,0.0840,0.0840,0.0323,0.0000,1.0119,-0.1669,0.9980,6
2026-03-21T04:22:54.944161,3,0.1478,0.1478,0.0689,0.0000,0.5278,-0.1936,0.4910,18
2026-03-21T04:22:55.014306,0,0.1243,0.0243,0.1243,0.0000,0.3377,-0.1412,-0.3067,11
2026-03-21T04:22:55.014306,1,0.1804,0.1804,0.1488,0.0000,0.1584,0.0540,-0.1490,57
2026-03-21T04:22:55.014306,2,0.0832,0.0832,0.0361,0.0000,1.0111,-0.1668,0.9972,6
2026-03-21T04:22:55.014306,3,0.1490,0.1490,0.0589,0.0000,0.5287,-0.1939,0.4919,18
2026-03-21T04:22:55.083778,0,0.0698,0.0268,0.0698,0.0000,0.3331,-0.1426,-0.3010,10
2026-03-21T04:22:55.083778,1,0.1828,0.1828,0.1261,0.0000,0.1565,0.0499,-0.1484,54
2026-03-21T04:22:55.083778,2,0.0836,0.0836,0.0312,0.0000,1.0074,-0.1662,0.9936,6
2026-03-21T04:22:55.083778,3,0.1448,0.1448,0.0726,0.0000,0.5264,-0.1930,0.4898,18
2026-03-21T04:22:55.153738,0,0.0656,0.0264,0.0656,0.0000,0.3274,-0.1401,-0.2959,10
2026-03-21T04:22:55.153738,1,0.1799,0.1799,0.1568,0.0000,0.1595,0.0485,-0.1520,56
2026-03-21T04:22:55.153738,2,0.0831,0.0831,0.0352,0.0000,1.0102,-0.1666,0.9964,6
2026-03-21T04:22:55.153738,3,0.1523,0.1523,0.0592,0.0000,0.5278,-0.1937,0.4909,18
2026-03-21T04:22:55.223425,0,0.1290,0.0259,0.1290,0.0000,0.3376,-0.1411,-0.3066,11
2026-03-21T04:22:55.223425,1,0.1761,0.1761,0.1530,0.0000,0.1582,0.0491,-0.1503,55
2026-03-21T04:22:55.223425,2,0.0850,0.0850,0.0244,0.0000,1.0104,-0.1667,0.9965,6
2026-03-21T04:22:55.223425,3,0.1469,0.1469,0.0808,0.0000,0.5300,-0.1944,0.4930,18
2026-03-21T04:22:55.292492,0,0.0672,0.0308,0.0672,0.0000,0.3302,-0.1414,-0.2984,10
2026-03-21T04:22:55.292492,1,0.1900,0.1900,0.1072,0.0000,0.1560,0.0508,-0.1475,55
2026-03-21T04:22:55.292492,2,0.0857,0.0857,0.0224,0.0000,1.0102,-0.1667,0.9964,6
2026-03-21T04:22:55.292492,3,0.1418,0.1418,0.0965,0.0000,0.5328,-0.1953,0.4958,18
2026-03-21T04:22:55.362603,0,0.1046,0.0291,0.1046,0.0000,0.3367,-0.1411,-0.3057,11
2026-03-21T04:22:55.362603,1,0.1844,0.1844,0.1175,0.0000,0.1560,0.0538,-0.1464,57
2026-03-21T04:22:55.362603,2,0.0978,0.0978,0.0537,0.0000,1.0110,-0.1753,0.9956,7
2026-03-21T04:22:55.362603,3,0.1463,0.1463,0.0514,0.0000,0.5294,-0.1986,0.4908,17
2026-03-21T04:22:55.432343,0,0.0668,0.0266,0.0668,0.0000,0.3293,-0.1410,-0.2976,10
2026-03-21T04:22:55.432343,1,0.1908,0.1908,0.1145,0.0000,0.1572,0.0490,-0.1494,55
2026-03-21T04:22:55.432343,2,0.0848,0.0848,0.0334,0.0000,1.0154,-0.1675,1.0015,6
2026-03-21T04:22:55.432343,3,0.1395,0.1395,0.0528,0.0000,0.5270,-0.1976,0.4886,17
2026-03-21T04:22:55.502170,0,0.1165,0.0270,0.1165,0.0000,0.3378,-0.1414,-0.3068,11
2026-03-21T04:22:55.502170,1,0.1825,0.1825,0.1414,0.0000,0.1557,0.0473,-0.1484,59
2026-03-21T04:22:55.502170,2,0.0855,0.0855,0.0254,0.0000,1.0139,-0.1673,1.0000,6
2026-03-21T04:22:55.502170,3,0.1433,0.1433,0.0465,0.0000,0.5274,-0.1980,0.4888,17
2026-03-21T04:22:55.571276,0,0.1164,0.0233,0.1164,0.0000,0.3342,-0.1398,-0.3035,11
2026-03-21T04:22:55.571276,1,0.1716,0.1716,0.1197,0.0000,0.1564,0.0506,-0.1479,57
2026-03-21T04:22:55.571276,2,0.0842,0.0842,0.0333,0.0000,1.0109,-0.1667,0.9970,6
2026-03-21T04:22:55.571276,3,0.1415,0.1415,0.0511,0.0000,0.5244,-0.1967,0.4861,17
2026-03-21T04:22:55.640475,0,0.0630,0.0279,0.0630,0.0000,0.3249,-0.1391,-0.2936,10
2026-03-21T04:22:55.640475,1,0.1944,0.1944,0.1714,0.0000,0.1557,0.0493,-0.1477,60
2026-03-21T04:22:55.640475,2,0.0836,0.0836,0.0353,0.0000,1.0119,-0.1669,0.9980,6
2026-03-21T04:22:55.640475,3,0.1430,0.1430,0.0439,0.0000,0.5271,-0.1979,0.4886,17
2026-03-21T04:22:55.710835,0,0.1233,0.0260,0.1233,0.0000,0.3385,-0.1417,-0.3074,11
2026-03-21T04:22:55.710835,1,0.1635,0.1635,0.1246,0.0000,0.1558,0.0501,-0.1475,57
2026-03-21T04:22:55.710835,2,0.0849,0.0849,0.0304,0.0000,1.0155,-0.1675,1.0016,6
2026-03-21T04:22:55.710835,3,0.1393,0.1393,0.0504,0.0000,0.5268,-0.1975,0.4884,17
2026-03-21T04:22:55.780170,0,0.1259,0.0258,0.1259,0.0000,0.3372,-0.1410,-0.3063,11
2026-03-21T04:22:55.780170,1,0.1776,0.1776,0.1258,0.0000,0.1588,0.0496,-0.1508,54
2026-03-21T04:22:55.780170,2,0.0849,0.0849,0.0284,0.0000,1.0132,-0.1671,0.9993,6
2026-03-21T04:22:55.780170,3,0.1392,0.1392,0.0509,0.0000,0.5265,-0.1975,0.4880,17
2026-03-21T04:22:55.850170,0,0.0778,0.0265,0.0778,0.0000,0.3293,-0.1408,-0.2976,10
2026-03-21T04:22:55.850170,1,0.1782,0.1782,0.1231,0.0000,0.1562,0.0479,-0.1486,56
2026-03-21T04:22:55.850170,2,0.0855,0.0855,0.0254,0.0000,1.0130,-0.1671,0.9992,6
2026-03-21T04:22:55.850170,3,0.1422,0.1422,0.0493,0.0000,0.5289,-0.1984,0.4903,17
2026-03-21T04:22:55.919806,0,0.0794,0.0205,0.0794,0.0000,0.3292,-0.1408,-0.2976,10
2026-03-21T04:22:55.919806,1,0.1820,0.1820,0.1117,0.0000,0.1572,0.0495,-0.1492,58
2026-03-21T04:22:55.919806,2,0.0857,0.0857,0.0204,0.0000,1.0094,-0.1666,0.9955,6
2026-03-21T04:22:55.919806,3,0.1417,0.1417,0.0874,0.0000,0.5298,-0.1941,0.4930,18
2026-03-21T04:22:55.989898,0,0.0780,0.0236,0.0780,0.0000,0.3290,-0.1406,-0.2974,10
2026-03-21T04:22:55.989898,1,0.2033,0.2033,0.1286,0.0000,0.1557,0.0463,-0.1487,57
2026-03-21T04:22:55.989898,2,0.0859,0.0859,0.0205,0.0000,1.0104,-0.1667,0.9965,6
2026-03-21T04:22:55.989898,3,0.1422,0.1422,0.0876,0.0000,0.5306,-0.1944,0.4937,18
2026-03-21T04:22:56.059728,0,0.1280,0.0250,0.1280,0.0000,0.3395,-0.1420,-0.3084,11
2026-03-21T04:22:56.059728,1,0.1742,0.1742,0.1154,0.0000,0.1554,0.0499,-0.1472,53
2026-03-21T04:22:56.059728,2,0.0861,0.0861,0.0205,0.0000,1.0119,-0.1670,0.9980,6
2026-03-21T04:22:56.059728,3,0.1407,0.1407,0.0873,0.0000,0.5294,-0.1940,0.4925,18
2026-03-21T04:22:56.129523,0,0.0707,0.0296,0.0707,0.0000,0.3317,-0.1420,-0.2998,10
2026-03-21T04:22:56.129523,1,0.1761,0.1761,0.1138,0.0000,0.1551,0.0479,-0.1475,55
2026-03-21T04:22:56.129523,2,0.0856,0.0856,0.0255,0.0000,1.0137,-0.1672,0.9998,6
2026-03-21T04:22:56.129523,3,0.1435,0.1435,0.0425,0.0000,0.5280,-0.1982,0.4894,17
2026-03-21T04:22:56.198887,0,0.0742,0.0335,0.0742,0.0000,0.3308,-0.1416,-0.2989,10
2026-03-21T04:22:56.198887,1,0.1936,0.1936,0.1115,0.0000,0.1567,0.0496,-0.1486,55
2026-03-21T04:22:56.198887,2,0.0845,0.0845,0.0324,0.0000,1.0099,-0.1665,0.9961,6
2026-03-21T04:22:56.198887,3,0.1382,0.1382,0.0494,0.0000,0.5248,-0.1969,0.4865,17
2026-03-21T04:22:56.268900,0,0.0776,0.0253,0.0776,0.0000,0.3282,-0.1404,-0.2966,10
2026-03-21T04:22:56.268900,1,0.1815,0.1815,0.1142,0.0000,0.1557,0.0496,-0.1477,54
2026-03-21T04:22:56.268900,2,0.0845,0.0845,0.0304,0.0000,1.0132,-0.1672,0.9993,6
2026-03-21T04:22:56.268900,3,0.1405,0.1405,0.0841,0.0000,0.5267,-0.1931,0.4900,18
2026-03-21T04:22:56.338276,0,0.0779,0.0231,0.0779,0.0000,0.3291,-0.1407,-0.2975,10
2026-03-21T04:22:56.338276,1,0.1868,0.1868,0.1168,0.0000,0.1535,0.0475,-0.1459,56
2026-03-21T04:22:56.338276,2,0.0853,0.0853,0.0234,0.0000,1.0111,-0.1668,0.9972,6
2026-03-21T04:22:56.338276,3,0.1405,0.1405,0.0777,0.0000,0.5264,-0.1931,0.4898,18
2026-03-21T04:22:56.408381,0,0.0906,0.0330,0.0906,0.0000,0.3286,-0.1406,-0.2970,10
2026-03-21T04:22:56.408381,1,0.1628,0.1628,0.1062,0.0000,0.1548,0.0490,-0.1468,55
2026-03-21T04:22:56.408381,2,0.0848,0.0848,0.0284,0.0000,1.0112,-0.1668,0.9974,6
2026-03-21T04:22:56.408381,3,0.1432,0.1432,0.0461,0.0000,0.5237,-0.1964,0.4855,17
2026-03-21T04:22:56.477517,0,0.0595,0.0298,0.0595,0.0000,0.3272,-0.1401,-0.2957,10
2026-03-21T04:22:56.477517,1,0.1913,0.1913,0.1040,0.0000,0.1552,0.0496,-0.1471,58
2026-03-21T04:22:56.477517,2,0.0856,0.0856,0.0255,0.0000,1.0150,-0.1675,1.0011,6
2026-03-21T04:22:56.477517,3,0.1450,0.1450,0.0427,0.0000,0.5261,-0.1975,0.4876,17
2026-03-21T04:22:56.547369,0,0.0737,0.0250,0.0737,0.0000,0.3253,-0.1391,-0.2941,10
2026-03-21T04:22:56.547369,1,0.1801,0.1801,0.1102,0.0000,0.1536,0.0492,-0.1455,55
2026-03-21T04:22:56.547369,2,0.0978,0.0978,0.0527,0.0000,1.0127,-0.1756,0.9973,7
2026-03-21T04:22:56.547369,3,0.1444,0.1444,0.0453,0.0000,0.5249,-0.1969,0.4866,17
2026-03-21T04:22:56.617124,0,0.0732,0.0253,0.0732,0.0000,0.3307,-0.1415,-0.2989,10
2026-03-21T04:22:56.617124,1,0.1742,0.1742,0.1105,0.0000,0.1514,0.0497,-0.1430,57
2026-03-21T04:22:56.617124,2,0.0965,0.0965,0.0616,0.0000,1.0114,-0.1754,0.9961,7
2026-03-21T04:22:56.617124,3,0.1461,0.1461,0.0413,0.0000,0.5231,-0.1964,0.4848,17
2026-03-21T04:22:56.687059,0,0.0752,0.0325,0.0752,0.0000,0.3292,-0.1409,-0.2975,10
2026-03-21T04:22:56.687059,1,0.1670,0.1670,0.1075,0.0000,0.1511,0.0480,-0.1433,55
2026-03-21T04:22:56.687059,2,0.0988,0.0988,0.0458,0.0000,1.0105,-0.1753,0.9952,7
2026-03-21T04:22:56.687059,3,0.1437,0.1437,0.0487,0.0000,0.5209,-0.1954,0.4829,17
2026-03-21T04:22:56.756786,0,0.0882,0.0223,0.0882,0.0000,0.3332,-0.1424,-0.3012,10
2026-03-21T04:22:56.756786,1,0.1478,0.1478,0.1104,0.0000,0.1513,0.0447,-0.1445,58
2026-03-21T04:22:56.756786,2,0.0849,0.0849,0.0264,0.0000,1.0116,-0.1669,0.9977,6
2026-03-21T04:22:56.756786,3,0.1384,0.1384,0.0902,0.0000,0.5239,-0.1920,0.4875,18
2026-03-21T04:22:56.826276,0,0.0823,0.0234,0.0823,0.0000,0.3299,-0.1411,-0.2982,10
2026-03-21T04:22:56.826276,1,0.1801,0.1801,0.1078,0.0000,0.1518,0.0501,-0.1433,56
2026-03-21T04:22:56.826276,2,0.0846,0.0846,0.0303,0.0000,1.0099,-0.1666,0.9961,6
2026-03-21T04:22:56.826276,3,0.1511,0.1511,0.0446,0.0000,0.5223,-0.1918,0.4858,18
2026-03-21T04:22:56.895969,0,0.0899,0.0240,0.0899,0.0000,0.3318,-0.1418,-0.3000,10
2026-03-21T04:22:56.895969,1,0.1792,0.1792,0.1115,0.0000,0.1487,0.0455,-0.1415,56
2026-03-21T04:22:56.895969,2,0.0822,0.0822,0.0400,0.0000,1.0071,-0.1660,0.9933,6
2026-03-21T04:22:56.895969,3,0.1494,0.1494,0.0490,0.0000,0.5190,-0.1904,0.4828,18
2026-03-21T04:22:56.965737,0,0.0879,0.0253,0.0879,0.0000,0.3306,-0.1413,-0.2988,10
2026-03-21T04:22:56.965737,1,0.1544,0.1544,0.1133,0.0000,0.1485,0.0476,-0.1407,55
2026-03-21T04:22:56.965737,2,0.0832,0.0832,0.0322,0.0000,1.0087,-0.1664,0.9949,6
2026-03-21T04:22:56.965737,3,0.1544,0.1544,0.0424,0.0000,0.5200,-0.1911,0.4836,18
2026-03-21T04:22:57.035710,0,0.0867,0.0245,0.0867,0.0000,0.3317,-0.1418,-0.2998,10
2026-03-21T04:22:57.035710,1,0.1651,0.1651,0.1149,0.0000,0.1454,0.0417,-0.1393,57
2026-03-21T04:22:57.035710,2,0.0969,0.0969,0.0608,0.0000,1.0085,-0.1574,0.9962,7
2026-03-21T04:22:57.035710,3,0.1525,0.1525,0.0416,0.0000,0.5194,-0.1908,0.4831,18
2026-03-21T04:22:57.104899,0,0.1031,0.0199,0.1031,0.0000,0.3309,-0.1413,-0.2992,10
2026-03-21T04:22:57.104899,1,0.1496,0.1496,0.1240,0.0000,0.1451,0.0387,-0.1398,58
2026-03-21T04:22:57.104899,2,0.0976,0.0976,0.0589,0.0000,1.0097,-0.1576,0.9973,7
2026-03-21T04:22:57.104899,3,0.1495,0.1495,0.0463,0.0000,0.5180,-0.1903,0.4818,18
2026-03-21T04:22:57.174492,0,0.0837,0.0306,0.0837,0.0000,0.3349,-0.1433,-0.3027,10
2026-03-21T04:22:57.174492,1,0.1782,0.1782,0.1003,0.0000,0.1449,0.0430,-0.1384,60
2026-03-21T04:22:57.174492,2,0.0965,0.0965,0.0658,0.0000,1.0092,-0.1575,0.9969,7
2026-03-21T04:22:57.174492,3,0.1500,0.1500,0.0431,0.0000,0.5187,-0.1905,0.4824,18
2026-03-21T04:22:57.244206,0,0.0938,0.0225,0.0938,0.0000,0.3335,-0.1426,-0.3015,10
2026-03-21T04:22:57.244206,1,0.1940,0.1940,0.1115,0.0000,0.1447,0.0399,-0.1391,59
2026-03-21T04:22:57.244206,2,0.0963,0.0963,0.0678,0.0000,1.0120,-0.1580,0.9996,7
2026-03-21T04:22:57.244206,3,0.1474,0.1474,0.0464,0.0000,0.5154,-0.1893,0.4794,18
2026-03-21T04:22:57.313936,0,0.0935,0.0245,0.0935,0.0000,0.3320,-0.1420,-0.3001,10
2026-03-21T04:22:57.313936,1,0.1686,0.1686,0.1068,0.0000,0.1448,0.0418,-0.1386,59
2026-03-21T04:22:57.313936,2,0.0840,0.0840,0.0283,0.0000,1.0092,-0.1665,0.9954,6
2026-03-21T04:22:57.313936,3,0.1461,0.1461,0.0469,0.0000,0.5136,-0.1886,0.4777,18
2026-03-21T04:22:57.383573,0,0.0790,0.0275,0.0790,0.0000,0.3324,-0.1422,-0.3004,10
2026-03-21T04:22:57.383573,1,0.1878,0.1878,0.1062,0.0000,0.1448,0.0409,-0.1389,60
2026-03-21T04:22:57.383573,2,0.0869,0.0869,0.0195,0.0000,1.0107,-0.1668,0.9969,6
2026-03-21T04:22:57.383573,3,0.1361,0.1361,0.0454,0.0000,0.5083,-0.1906,0.4712,17
2026-03-21T04:22:57.453316,0,0.0900,0.0223,0.0900,0.0000,0.3301,-0.1411,-0.2984,10
2026-03-21T04:22:57.453316,1,0.1736,0.1736,0.1388,0.0000,0.1455,0.0445,-0.1385,58
2026-03-21T04:22:57.453316,2,0.1028,0.1028,0.0269,0.0000,1.0125,-0.1758,0.9972,7
2026-03-21T04:22:57.453316,3,0.1356,0.1356,0.0456,0.0000,0.5043,-0.1892,0.4675,17
2026-03-21T04:22:57.522823,0,0.0781,0.0253,0.0781,0.0000,0.3321,-0.1421,-0.3001,10
2026-03-21T04:22:57.522823,1,0.1892,0.1892,0.1156,0.0000,0.1456,0.0430,-0.1391,60
2026-03-21T04:22:57.522823,2,0.1013,0.1013,0.0341,0.0000,1.0127,-0.1758,0.9973,7
2026-03-21T04:22:57.522823,3,0.1332,0.1332,0.0481,0.0000,0.4979,-0.1866,0.4616,17
2026-03-21T04:22:57.592896,0,0.1389,0.0288,0.1389,0.0000,0.3427,-0.1433,-0.3113,11
2026-03-21T04:22:57.592896,1,0.1804,0.1804,0.1117,0.0000,0.1481,0.0469,-0.1405,60
2026-03-21T04:22:57.592896,2,0.1038,0.1038,0.0250,0.0000,1.0130,-0.1759,0.9976,7
2026-03-21T04:22:57.592896,3,0.1242,0.1242,0.0694,0.0000,0.4918,-0.1841,0.4561,17
2026-03-21T04:22:57.662424,0,0.0705,0.0266,0.0705,0.0000,0.3290,-0.1408,-0.2973,10
2026-03-21T04:22:57.662424,1,0.1614,0.1614,0.0984,0.0000,0.1497,0.0485,-0.1416,57
2026-03-21T04:22:57.662424,2,0.1219,0.1219,0.0236,0.0000,1.0149,-0.1850,0.9979,8
2026-03-21T04:22:57.662424,3,0.1248,0.1248,0.0396,0.0000,0.4873,-0.1866,0.4501,16
2026-03-21T04:22:57.732277,0,0.0778,0.0249,0.0778,0.0000,0.3311,-0.1417,-0.2992,10
2026-03-21T04:22:57.732277,1,0.1853,0.1853,0.1207,0.0000,0.1538,0.0482,-0.1461,60
2026-03-21T04:22:57.732277,2,0.1023,0.1023,0.0302,0.0000,1.0135,-0.1759,0.9981,7
2026-03-21T04:22:57.732277,3,0.1245,0.1245,0.0423,0.0000,0.4857,-0.1861,0.4486,16
2026-03-21T04:22:57.801962,0,0.0795,0.0249,0.0795,0.0000,0.3323,-0.1422,-0.3003,10
2026-03-21T04:22:57.801962,1,0.1796,0.1796,0.1226,0.0000,0.1531,0.0498,-0.1448,59
2026-03-21T04:22:57.801962,2,0.1212,0.1212,0.0255,0.0000,1.0143,-0.1848,0.9973,8
2026-03-21T04:22:57.801962,3,0.1245,0.1245,0.0459,0.0000,0.4813,-0.1844,0.4446,16
2026-03-21T04:22:57.871922,0,0.0707,0.0289,0.0707,0.0000,0.3310,-0.1418,-0.2991,10
2026-03-21T04:22:57.871922,1,0.2041,0.2041,0.1224,0.0000,0.1564,0.0516,-0.1476,58
2026-03-21T04:22:57.871922,2,0.1216,0.1216,0.0236,0.0000,1.0146,-0.1849,0.9976,8
2026-03-21T04:22:57.871922,3,0.1163,0.1163,0.0479,0.0000,0.4797,-0.1836,0.4432,16
2026-03-21T04:22:57.941046,0,0.0605,0.0321,0.0605,0.0000,0.3303,-0.1415,-0.2984,10
2026-03-21T04:22:57.941046,1,0.1740,0.1740,0.1408,0.0000,0.1564,0.0510,-0.1478,58
2026-03-21T04:22:57.941046,2,0.1243,0.1243,0.0175,0.0000,1.0147,-0.1850,0.9977,8
2026-03-21T04:22:57.941046,3,0.1215,0.1215,0.0419,0.0000,0.4801,-0.1838,0.4435,16
2026-03-21T04:22:58.010838,0,0.0633,0.0314,0.0633,0.0000,0.3305,-0.1416,-0.2986,10
2026-03-21T04:22:58.010838,1,0.1635,0.1635,0.1297,0.0000,0.1593,0.0502,-0.1512,55
2026-03-21T04:22:58.010838,2,0.1031,0.1031,0.0253,0.0000,1.0135,-0.1760,0.9981,7
2026-03-21T04:22:58.010838,3,0.1239,0.1239,0.0503,0.0000,0.4784,-0.1832,0.4420,16
2026-03-21T04:22:58.080724,0,0.1189,0.0243,0.1189,0.0000,0.3390,-0.1419,-0.3079,11
2026-03-21T04:22:58.080724,1,0.1780,0.1780,0.1732,0.0000,0.1601,0.0498,-0.1522,60
2026-03-21T04:22:58.080724,2,0.1050,0.1050,0.0185,0.0000,1.0145,-0.1762,0.9991,7
2026-03-21T04:22:58.080724,3,0.1238,0.1238,0.0391,0.0000,0.4778,-0.1832,0.4413,16
2026-03-21T04:22:58.150420,0,0.0678,0.0297,0.0678,0.0000,0.3298,-0.1412,-0.2980,10
2026-03-21T04:22:58.150420,1,0.1770,0.1770,0.1316,0.0000,0.1613,0.0506,-0.1532,58
2026-03-21T04:22:58.150420,2,0.1038,0.1038,0.0253,0.0000,1.0152,-0.1763,0.9998,7
2026-03-21T04:22:58.150420,3,0.1178,0.1178,0.0448,0.0000,0.4776,-0.1830,0.4412,16
2026-03-21T04:22:58.219958,0,0.0762,0.0278,0.0762,0.0000,0.3304,-0.1414,-0.2986,10
2026-03-21T04:22:58.219958,1,0.1974,0.1974,0.1303,0.0000,0.1628,0.0526,-0.1541,59
2026-03-21T04:22:58.219958,2,0.1220,0.1220,0.0226,0.0000,1.0149,-0.1850,0.9979,8
2026-03-21T04:22:58.219958,3,0.1218,0.1218,0.0416,0.0000,0.4783,-0.1831,0.4419,16
2026-03-21T04:22:58.289432,0,0.1152,0.0304,0.1152,0.0000,0.3382,-0.1417,-0.3071,11
2026-03-21T04:22:58.289432,1,0.1611,0.1611,0.1239,0.0000,0.1603,0.0531,-0.1513,56
2026-03-21T04:22:58.289432,2,0.1223,0.1223,0.0217,0.0000,1.0166,-0.1853,0.9995,8
2026-03-21T04:22:58.289432,3,0.1223,0.1223,0.0413,0.0000,0.4781,-0.1831,0.4417,16
2026-03-21T04:22:58.359238,0,0.0743,0.0278,0.0743,0.0000,0.3310,-0.1416,-0.2991,10
2026-03-21T04:22:58.359238,1,0.1857,0.1857,0.1575,0.0000,0.1639,0.0504,-0.1560,58
2026-03-21T04:22:58.359238,2,0.1234,0.1234,0.0155,0.0000,1.0159,-0.1852,0.9989,8
2026-03-21T04:22:58.359238,3,0.1231,0.1231,0.0440,0.0000,0.4802,-0.1840,0.4436,16
2026-03-21T04:22:58.428736,0,0.0624,0.0340,0.0624,0.0000,0.3290,-0.1410,-0.2972,10
2026-03-21T04:22:58.428736,1,0.1717,0.1717,0.1192,0.0000,0.1612,0.0532,-0.1521,54
2026-03-21T04:22:58.428736,2,0.1040,0.1040,0.0224,0.0000,1.0147,-0.1762,0.9993,7
2026-03-21T04:22:58.428736,3,0.1211,0.1211,0.0401,0.0000,0.4797,-0.1838,0.4431,16
2026-03-21T04:22:58.498249,0,0.1168,0.0260,0.1168,0.0000,0.3382,-0.1416,-0.3071,11
2026-03-21T04:22:58.498249,1,0.2043,0.2043,0.1514,0.0000,0.1620,0.0527,-0.1532,57
2026-03-21T04:22:58.498249,2,0.1058,0.1058,0.0184,0.0000,1.0130,-0.1760,0.9975,7
2026-03-21T04:22:58.498249,3,0.1241,0.1241,0.0370,0.0000,0.4771,-0.1828,0.4407,16
2026-03-21T04:22:58.568672,0,0.1228,0.0268,0.1228,0.0000,0.3419,-0.1431,-0.3105,11
2026-03-21T04:22:58.568672,1,0.1873,0.1873,0.1453,0.0000,0.1610,0.0506,-0.1529,58
2026-03-21T04:22:58.568672,2,0.1052,0.1052,0.0165,0.0000,1.0135,-0.1761,0.9981,7
2026-03-21T04:22:58.568672,3,0.1171,0.1171,0.0481,0.0000,0.4788,-0.1832,0.4424,16
2026-03-21T04:22:58.638231,0,0.0698,0.0290,0.0698,0.0000,0.3318,-0.1420,-0.2998,10
2026-03-21T04:22:58.638231,1,0.1752,0.1752,0.1433,0.0000,0.1606,0.0516,-0.1521,57
2026-03-21T04:22:58.638231,2,0.1049,0.1049,0.0229,0.0000,1.0144,-0.1761,0.9990,7
2026-03-21T04:22:58.638231,3,0.1226,0.1226,0.0412,0.0000,0.4814,-0.1844,0.4447,16
2026-03-21T04:22:58.707901,0,0.0686,0.0292,0.0686,0.0000,0.3312,-0.1418,-0.2993,10
2026-03-21T04:22:58.707901,1,0.1666,0.1666,0.1213,0.0000,0.1590,0.0512,-0.1505,57
2026-03-21T04:22:58.707901,2,0.1051,0.1051,0.0156,0.0000,1.0144,-0.1762,0.9990,7
2026-03-21T04:22:58.707901,3,0.1241,0.1241,0.0442,0.0000,0.4802,-0.1839,0.4436,16
2026-03-21T04:22:58.777239,0,0.0614,0.0311,0.0614,0.0000,0.3297,-0.1413,-0.2979,10
2026-03-21T04:22:58.777239,1,0.1952,0.1952,0.1636,0.0000,0.1592,0.0498,-0.1512,58
2026-03-21T04:22:58.777239,2,0.1216,0.1216,0.0236,0.0000,1.0136,-0.1847,0.9966,8
2026-03-21T04:22:58.777239,3,0.1158,0.1158,0.0478,0.0000,0.4797,-0.1838,0.4431,16
2026-03-21T04:22:58.846790,0,0.1244,0.0273,0.1244,0.0000,0.3384,-0.1416,-0.3073,11
2026-03-21T04:22:58.846790,1,0.2015,0.2015,0.1551,0.0000,0.1603,0.0521,-0.1516,59
2026-03-21T04:22:58.846790,2,0.1206,0.1206,0.0325,0.0000,1.0164,-0.1851,0.9994,8
2026-03-21T04:22:58.846790,3,0.1170,0.1170,0.0480,0.0000,0.4817,-0.1843,0.4451,16
2026-03-21T04:22:58.916910,0,0.0704,0.0249,0.0704,0.0000,0.3285,-0.1406,-0.2969,10
2026-03-21T04:22:58.916910,1,0.1827,0.1827,0.1306,0.0000,0.1586,0.0513,-0.1501,57
2026-03-21T04:22:58.916910,2,0.1209,0.1209,0.0285,0.0000,1.0167,-0.1852,0.9997,8
2026-03-21T04:22:58.916910,3,0.1197,0.1197,0.0439,0.0000,0.4812,-0.1841,0.4446,16
2026-03-21T04:22:58.986274,0,0.0714,0.0247,0.0714,0.0000,0.3291,-0.1408,-0.2974,10
2026-03-21T04:22:58.986274,1,0.2040,0.2040,0.1205,0.0000,0.1586,0.0508,-0.1502,60
2026-03-21T04:22:58.986274,2,0.1209,0.1209,0.0285,0.0000,1.0158,-0.1852,0.9988,8
2026-03-21T04:22:58.986274,3,0.1208,0.1208,0.0495,0.0000,0.4778,-0.1829,0.4414,16
2026-03-21T04:22:59.056794,0,0.0696,0.0266,0.0696,0.0000,0.3305,-0.1415,-0.2986,10
2026-03-21T04:22:59.056794,1,0.2049,0.2049,0.1284,0.0000,0.1600,0.0509,-0.1517,58
2026-03-21T04:22:59.056794,2,0.1231,0.1231,0.0167,0.0000,1.0131,-0.1847,0.9961,8
2026-03-21T04:22:59.056794,3,0.1248,0.1248,0.0540,0.0000,0.4807,-0.1841,0.4441,16
2026-03-21T04:22:59.125694,0,0.0599,0.0315,0.0599,0.0000,0.3310,-0.1419,-0.2990,10
2026-03-21T04:22:59.125694,1,0.2067,0.2067,0.1412,0.0000,0.1623,0.0538,-0.1531,58
2026-03-21T04:22:59.125694,2,0.1193,0.1193,0.0353,0.0000,1.0142,-0.1847,0.9972,8
2026-03-21T04:22:59.125694,3,0.1236,0.1236,0.0342,0.0000,0.4798,-0.1839,0.4431,16
2026-03-21T04:22:59.195469,0,0.0651,0.0302,0.0651,0.0000,0.3312,-0.1418,-0.2993,10
2026-03-21T04:22:59.195469,1,0.1867,0.1867,0.1280,0.0000,0.1616,0.0537,-0.1524,56
2026-03-21T04:22:59.195469,2,0.1215,0.1215,0.0245,0.0000,1.0149,-0.1849,0.9979,8
2026-03-21T04:22:59.195469,3,0.1227,0.1227,0.0414,0.0000,0.4812,-0.1843,0.4446,16
2026-03-21T04:22:59.265300,0,0.0694,0.0251,0.0694,0.0000,0.3321,-0.1421,-0.3002,10
2026-03-21T04:22:59.265300,1,0.1824,0.1824,0.1476,0.0000,0.1603,0.0515,-0.1518,57
2026-03-21T04:22:59.265300,2,0.1200,0.1200,0.0344,0.0000,1.0163,-0.1852,0.9993,8
2026-03-21T04:22:59.265300,3,0.1231,0.1231,0.0329,0.0000,0.4801,-0.1840,0.4435,16
2026-03-21T04:22:59.334081,0,0.0706,0.0313,0.0706,0.0000,0.3327,-0.1425,-0.3006,10
2026-03-21T04:22:59.334081,1,0.1957,0.1957,0.1215,0.0000,0.1620,0.0498,-0.1542,59
2026-03-21T04:22:59.334081,2,0.1208,0.1208,0.0305,0.0000,1.0177,-0.1854,1.0007,8
2026-03-21T04:22:59.334081,3,0.1182,0.1182,0.0468,0.0000,0.4807,-0.1840,0.4442,16
2026-03-21T04:22:59.404058,0,0.1207,0.0241,0.1207,0.0000,0.3381,-0.1414,-0.3071,11
2026-03-21T04:22:59.404058,1,0.1821,0.1821,0.1287,0.0000,0.1616,0.0529,-0.1527,57
2026-03-21T04:22:59.404058,2,0.1193,0.1193,0.0353,0.0000,1.0147,-0.1849,0.9977,8
2026-03-21T04:22:59.404058,3,0.1180,0.1180,0.0435,0.0000,0.4794,-0.1837,0.4429,16
2026-03-21T04:22:59.473076,0,0.0669,0.0268,0.0669,0.0000,0.3322,-0.1423,-0.3002,10
2026-03-21T04:22:59.473076,1,0.1805,0.1805,0.1239,0.0000,0.1581,0.0497,-0.1501,58
2026-03-21T04:22:59.473076,2,0.1208,0.1208,0.0285,0.0000,1.0158,-0.1851,0.9988,8
2026-03-21T04:22:59.473076,3,0.1261,0.1261,0.0414,0.0000,0.4813,-0.1844,0.4446,16
2026-03-21T04:22:59.543304,0,0.1242,0.0226,0.1242,0.0000,0.3396,-0.1421,-0.3084,11
2026-03-21T04:22:59.543304,1,0.1697,0.1697,0.1207,0.0000,0.1612,0.0540,-0.1519,56
2026-03-21T04:22:59.543304,2,0.1212,0.1212,0.0265,0.0000,1.0166,-0.1852,0.9995,8
2026-03-21T04:22:59.543304,3,0.1180,0.1180,0.0457,0.0000,0.4794,-0.1837,0.4429,16
2026-03-21T04:22:59.613158,0,0.0753,0.0275,0.0753,0.0000,0.3305,-0.1414,-0.2987,10
2026-03-21T04:22:59.613158,1,0.1762,0.1762,0.1287,0.0000,0.1609,0.0511,-0.1526,58
2026-03-21T04:22:59.613158,2,0.1198,0.1198,0.0364,0.0000,1.0178,-0.1854,1.0008,8
2026-03-21T04:22:59.613158,3,0.1210,0.1210,0.0439,0.0000,0.4812,-0.1843,0.4445,16
2026-03-21T04:22:59.683976,0,0.0724,0.0248,0.0724,0.0000,0.3313,-0.1418,-0.2994,10
2026-03-21T04:22:59.683976,1,0.1827,0.1827,0.1376,0.0000,0.1596,0.0507,-0.1513,58
2026-03-21T04:22:59.683976,2,0.1186,0.1186,0.0453,0.0000,1.0169,-0.1851,0.9999,8
2026-03-21T04:22:59.683976,3,0.1215,0.1215,0.0394,0.0000,0.4803,-0.1840,0.4437,16
2026-03-21T04:22:59.753287,0,0.0676,0.0301,0.0676,0.0000,0.3309,-0.1417,-0.2990,10
2026-03-21T04:22:59.753287,1,0.2080,0.2080,0.1253,0.0000,0.1608,0.0523,-0.1521,57
2026-03-21T04:22:59.753287,2,0.1216,0.1216,0.0276,0.0000,1.0181,-0.1856,1.0010,8
2026-03-21T04:22:59.753287,3,0.1258,0.1258,0.0390,0.0000,0.4798,-0.1839,0.4432,16
2026-03-21T04:22:59.823222,0,0.0686,0.0267,0.0686,0.0000,0.3311,-0.1417,-0.2992,10
2026-03-21T04:22:59.823222,1,0.1946,0.1946,0.1141,0.0000,0.1613,0.0510,-0.1530,55
2026-03-21T04:22:59.823222,2,0.1186,0.1186,0.0413,0.0000,1.0177,-0.1854,1.0007,8
2026-03-21T04:22:59.823222,3,0.1172,0.1172,0.0521,0.0000,0.4791,-0.1834,0.4426,16
2026-03-21T04:22:59.892190,0,0.0795,0.0270,0.0795,0.0000,0.3308,-0.1416,-0.2989,10
2026-03-21T04:22:59.892190,1,0.1920,0.1920,0.1181,0.0000,0.1583,0.0478,-0.1509,57
2026-03-21T04:22:59.892190,2,0.1200,0.1200,0.0294,0.0000,1.0143,-0.1849,0.9973,8
2026-03-21T04:22:59.892190,3,0.1163,0.1163,0.0486,0.0000,0.4814,-0.1843,0.4447,16
2026-03-21T04:22:59.962112,0,0.0616,0.0296,0.0616,0.0000,0.3317,-0.1420,-0.2997,10
2026-03-21T04:22:59.962112,1,0.1768,0.1768,0.1265,0.0000,0.1593,0.0531,-0.1502,56
2026-03-21T04:22:59.962112,2,0.1221,0.1221,0.0226,0.0000,1.0166,-0.1853,0.9995,8
2026-03-21T04:22:59.962112,3,0.1197,0.1197,0.0432,0.0000,0.4807,-0.1840,0.4441,16
2026-03-21T04:23:00.032028,0,0.0697,0.0303,0.0697,0.0000,0.3325,-0.1424,-0.3004,10
2026-03-21T04:23:00.032028,1,0.1827,0.1827,0.1075,0.0000,0.1617,0.0528,-0.1529,57
2026-03-21T04:23:00.032028,2,0.1193,0.1193,0.0373,0.0000,1.0156,-0.1850,0.9986,8
2026-03-21T04:23:00.032028,3,0.1186,0.1186,0.0490,0.0000,0.4788,-0.1833,0.4423,16
2026-03-21T04:23:00.101502,0,0.1253,0.0231,0.1253,0.0000,0.3388,-0.1417,-0.3078,11
2026-03-21T04:23:00.101502,1,0.1832,0.1832,0.1257,0.0000,0.1582,0.0502,-0.1501,58
2026-03-21T04:23:00.101502,2,0.1198,0.1198,0.0334,0.0000,1.0152,-0.1849,0.9982,8
2026-03-21T04:23:00.101502,3,0.1280,0.1280,0.0394,0.0000,0.4811,-0.1844,0.4443,16
2026-03-21T04:23:00.170916,0,0.1191,0.0280,0.1191,0.0000,0.3393,-0.1421,-0.3081,11
2026-03-21T04:23:00.170916,1,0.1799,0.1799,0.1084,0.0000,0.1594,0.0518,-0.1507,57
2026-03-21T04:23:00.170916,2,0.1212,0.1212,0.0296,0.0000,1.0174,-0.1854,1.0004,8
2026-03-21T04:23:00.170916,3,0.1211,0.1211,0.0369,0.0000,0.4816,-0.1846,0.4449,16
2026-03-21T04:23:00.240720,0,0.0690,0.0289,0.0690,0.0000,0.3285,-0.1406,-0.2969,10
2026-03-21T04:23:00.240720,1,0.1843,0.1843,0.1228,0.0000,0.1588,0.0497,-0.1508,59
2026-03-21T04:23:00.240720,2,0.1204,0.1204,0.0335,0.0000,1.0169,-0.1853,0.9999,8
2026-03-21T04:23:00.240720,3,0.1230,0.1230,0.0374,0.0000,0.4827,-0.1849,0.4459,16
2026-03-21T04:23:00.310497,0,0.0732,0.0237,0.0732,0.0000,0.3300,-0.1412,-0.2982,10
2026-03-21T04:23:00.310497,1,0.1788,0.1788,0.1105,0.0000,0.1598,0.0511,-0.1514,55
2026-03-21T04:23:00.310497,2,0.1198,0.1198,0.0334,0.0000,1.0153,-0.1849,0.9983,8
2026-03-21T04:23:00.310497,3,0.1212,0.1212,0.0424,0.0000,0.4812,-0.1843,0.4445,16
2026-03-21T04:23:00.386218,0,0.0677,0.0271,0.0677,0.0000,0.3291,-0.1409,-0.2974,10
2026-03-21T04:23:00.386218,1,0.1691,0.1691,0.1112,0.0000,0.1590,0.0516,-0.1504,57
2026-03-21T04:23:00.386218,2,0.1197,0.1197,0.0364,0.0000,1.0159,-0.1850,0.9989,8
2026-03-21T04:23:00.386218,3,0.1162,0.1162,0.0482,0.0000,0.4810,-0.1841,0.4444,16
2026-03-21T04:23:00.450376,0,0.1164,0.0335,0.1164,0.0000,0.3413,-0.1430,-0.3099,11
2026-03-21T04:23:00.450376,1,0.1610,0.1610,0.1206,0.0000,0.1585,0.0466,-0.1515,55
2026-03-21T04:23:00.450376,2,0.1210,0.1210,0.0285,0.0000,1.0164,-0.1852,0.9994,8
2026-03-21T04:23:00.450376,3,0.1200,0.1200,0.0406,0.0000,0.4814,-0.1844,0.4447,16
2026-03-21T04:23:00.519846,0,0.0709,0.0308,0.0709,0.0000,0.3313,-0.1419,-0.2994,10
2026-03-21T04:23:00.519846,1,0.1679,0.1679,0.1195,0.0000,0.1580,0.0491,-0.1502,54
2026-03-21T04:23:00.519846,2,0.1199,0.1199,0.0344,0.0000,1.0168,-0.1852,0.9998,8
2026-03-21T04:23:00.519846,3,0.1191,0.1191,0.0432,0.0000,0.4814,-0.1844,0.4447,16
2026-03-21T04:23:00.589451,0,0.0572,0.0331,0.0572,0.0000,0.3335,-0.1430,-0.3013,10
2026-03-21T04:23:00.589451,1,0.1686,0.1686,0.1198,0.0000,0.1579,0.0499,-0.1498,58
2026-03-21T04:23:00.589451,2,0.1212,0.1212,0.0275,0.0000,1.0167,-0.1853,0.9997,8
2026-03-21T04:23:00.589451,3,0.1228,0.1228,0.0395,0.0000,0.4814,-0.1844,0.4447,16
2026-03-21T04:23:00.658795,0,0.0691,0.0286,0.0691,0.0000,0.3328,-0.1425,-0.3007,10
2026-03-21T04:23:00.658795,1,0.1750,0.1750,0.1177,0.0000,0.1573,0.0521,-0.1484,56
2026-03-21T04:23:00.658795,2,0.1212,0.1212,0.0286,0.0000,1.0156,-0.1851,0.9985,8
2026-03-21T04:23:00.658795,3,0.1243,0.1243,0.0413,0.0000,0.4811,-0.1843,0.4444,16
2026-03-21T04:23:00.728756,0,0.1227,0.0285,0.1227,0.0000,0.3385,-0.1417,-0.3074,11
2026-03-21T04:23:00.728756,1,0.1913,0.1913,0.1188,0.0000,0.1600,0.0524,-0.1512,57
2026-03-21T04:23:00.728756,2,0.1209,0.1209,0.0275,0.0000,1.0144,-0.1848,0.9975,8
2026-03-21T04:23:00.728756,3,0.1245,0.1245,0.0350,0.0000,0.4821,-0.1848,0.4453,16
2026-03-21T04:23:00.798518,0,0.0636,0.0292,0.0636,0.0000,0.3351,-0.1435,-0.3028,10
2026-03-21T04:23:00.798518,1,0.1814,0.1814,0.1088,0.0000,0.1580,0.0507,-0.1496,58
2026-03-21T04:23:00.798518,2,0.1211,0.1211,0.0255,0.0000,1.0143,-0.1849,0.9973,8
2026-03-21T04:23:00.798518,3,0.1218,0.1218,0.0406,0.0000,0.4788,-0.1834,0.4423,16
2026-03-21T04:23:00.868120,0,0.0710,0.0260,0.0710,0.0000,0.3324,-0.1423,-0.3004,10
2026-03-21T04:23:00.868120,1,0.1910,0.1910,0.1142,0.0000,0.1572,0.0503,-0.1490,58
2026-03-21T04:23:00.868120,2,0.1217,0.1217,0.0245,0.0000,1.0146,-0.1849,0.9976,8
2026-03-21T04:23:00.868120,3,0.1221,0.1221,0.0371,0.0000,0.4791,-0.1835,0.4426,16
2026-03-21T04:23:00.936881,0,0.0653,0.0316,0.0653,0.0000,0.3327,-0.1425,-0.3006,10
2026-03-21T04:23:00.936881,1,0.1907,0.1907,0.1283,0.0000,0.1584,0.0501,-0.1502,58
2026-03-21T04:23:00.936881,2,0.1200,0.1200,0.0334,0.0000,1.0172,-0.1854,1.0002,8
2026-03-21T04:23:00.936881,3,0.1208,0.1208,0.0436,0.0000,0.4799,-0.1837,0.4434,16
2026-03-21T04:23:01.007095,0,0.0642,0.0281,0.0642,0.0000,0.3318,-0.1421,-0.2998,10
2026-03-21T04:23:01.007095,1,0.1819,0.1819,0.1142,0.0000,0.1576,0.0460,-0.1507,58
2026-03-21T04:23:01.007095,2,0.1226,0.1226,0.0209,0.0000,1.0154,-0.1851,0.9984,8
2026-03-21T04:23:01.007095,3,0.1202,0.1202,0.0429,0.0000,0.4823,-0.1847,0.4455,16
2026-03-21T04:23:01.076547,0,0.0654,0.0334,0.0654,0.0000,0.3319,-0.1422,-0.2999,10
2026-03-21T04:23:01.076547,1,0.1772,0.1772,0.1200,0.0000,0.1605,0.0506,-0.1524,55
2026-03-21T04:23:01.076547,2,0.1215,0.1215,0.0266,0.0000,1.0164,-0.1852,0.9994,8
2026-03-21T04:23:01.076547,3,0.1160,0.1160,0.0519,0.0000,0.4819,-0.1845,0.4452,16
2026-03-21T04:23:01.146294,0,0.1150,0.0348,0.1150,0.0000,0.3376,-0.1415,-0.3065,11
2026-03-21T04:23:01.146294,1,0.1713,0.1713,0.1123,0.0000,0.1606,0.0536,-0.1514,56
2026-03-21T04:23:01.146294,2,0.1200,0.1200,0.0365,0.0000,1.0134,-0.1846,0.9965,8
2026-03-21T04:23:01.146294,3,0.1216,0.1216,0.0423,0.0000,0.4809,-0.1841,0.4442,16
2026-03-21T04:23:01.215622,0,0.0679,0.0273,0.0679,0.0000,0.3317,-0.1419,-0.2998,10
2026-03-21T04:23:01.215622,1,0.1909,0.1909,0.1017,0.0000,0.1590,0.0527,-0.1501,57
2026-03-21T04:23:01.215622,2,0.1210,0.1210,0.0295,0.0000,1.0154,-0.1851,0.9984,8
2026-03-21T04:23:01.215622,3,0.1213,0.1213,0.0384,0.0000,0.4819,-0.1847,0.4452,16
2026-03-21T04:23:01.286313,0,0.0781,0.0254,0.0781,0.0000,0.3308,-0.1416,-0.2990,10
2026-03-21T04:23:01.286313,1,0.1633,0.1633,0.1090,0.0000,0.1575,0.0486,-0.1499,57
2026-03-21T04:23:01.286313,2,0.1204,0.1204,0.0304,0.0000,1.0144,-0.1849,0.9975,8
2026-03-21T04:23:01.286313,3,0.1210,0.1210,0.0425,0.0000,0.4819,-0.1846,0.4451,16
2026-03-21T04:23:01.355291,0,0.0645,0.0287,0.0645,0.0000,0.3318,-0.1420,-0.2998,10
2026-03-21T04:23:01.355291,1,0.1813,0.1813,0.1060,0.0000,0.1574,0.0483,-0.1498,59
2026-03-21T04:23:01.355291,2,0.1217,0.1217,0.0236,0.0000,1.0151,-0.1850,0.9981,8
2026-03-21T04:23:01.355291,3,0.1257,0.1257,0.0395,0.0000,0.4778,-0.1831,0.4413,16
2026-03-21T04:23:01.425814,0,0.0768,0.0241,0.0768,0.0000,0.3310,-0.1416,-0.2991,10
2026-03-21T04:23:01.425814,1,0.1788,0.1788,0.1141,0.0000,0.1605,0.0520,-0.1519,57
2026-03-21T04:23:01.425814,2,0.1212,0.1212,0.0265,0.0000,1.0154,-0.1851,0.9984,8
2026-03-21T04:23:01.425814,3,0.1193,0.1193,0.0423,0.0000,0.4798,-0.1837,0.4433,16
2026-03-21T04:23:01.494649,0,0.0681,0.0281,0.0681,0.0000,0.3338,-0.1429,-0.3016,10
2026-03-21T04:23:01.494649,1,0.1850,0.1850,0.1190,0.0000,0.1588,0.0530,-0.1497,56
2026-03-21T04:23:01.494649,2,0.1214,0.1214,0.0266,0.0000,1.0154,-0.1851,0.9984,8
2026-03-21T04:23:01.494649,3,0.1236,0.1236,0.0373,0.0000,0.4811,-0.1843,0.4443,16
2026-03-21T04:23:01.564796,0,0.0750,0.0269,0.0750,0.0000,0.3307,-0.1415,-0.2989,10
2026-03-21T04:23:01.564796,1,0.1883,0.1883,0.1152,0.0000,0.1598,0.0490,-0.1521,56
2026-03-21T04:23:01.564796,2,0.1219,0.1219,0.0236,0.0000,1.0154,-0.1850,0.9984,8
2026-03-21T04:23:01.564796,3,0.1175,0.1175,0.0440,0.0000,0.4804,-0.1840,0.4438,16
2026-03-21T04:23:01.634534,0,0.0693,0.0365,0.0693,0.0000,0.3315,-0.1421,-0.2995,10
2026-03-21T04:23:01.634534,1,0.1695,0.1695,0.1304,0.0000,0.1575,0.0479,-0.1500,56
2026-03-21T04:23:01.634534,2,0.1216,0.1216,0.0283,0.0000,1.0162,-0.1851,0.9992,8
2026-03-21T04:23:01.634534,3,0.1239,0.1239,0.0379,0.0000,0.4798,-0.1839,0.4431,16
2026-03-21T04:23:01.703917,0,0.0690,0.0269,0.0690,0.0000,0.3304,-0.1414,-0.2986,10
2026-03-21T04:23:01.703917,1,0.1862,0.1862,0.1087,0.0000,0.1594,0.0511,-0.1510,58
2026-03-21T04:23:01.703917,2,0.1205,0.1205,0.0294,0.0000,1.0149,-0.1849,0.9980,8
2026-03-21T04:23:01.703917,3,0.1248,0.1248,0.0400,0.0000,0.4804,-0.1840,0.4437,16
2026-03-21T04:23:01.773657,0,0.0653,0.0296,0.0653,0.0000,0.3317,-0.1421,-0.2997,10
2026-03-21T04:23:01.773657,1,0.1770,0.1770,0.1129,0.0000,0.1584,0.0507,-0.1501,58
2026-03-21T04:23:01.773657,2,0.1202,0.1202,0.0314,0.0000,1.0167,-0.1852,0.9997,8
2026-03-21T04:23:01.773657,3,0.1248,0.1248,0.0391,0.0000,0.4811,-0.1843,0.4443,16
2026-03-21T04:23:01.843051,0,0.0716,0.0255,0.0716,0.0000,0.3327,-0.1424,-0.3007,10
2026-03-21T04:23:01.843051,1,0.1841,0.1841,0.1244,0.0000,0.1591,0.0494,-0.1513,59
2026-03-21T04:23:01.843051,2,0.1051,0.1051,0.0175,0.0000,1.0167,-0.1766,1.0012,7
2026-03-21T04:23:01.843051,3,0.1203,0.1203,0.0429,0.0000,0.4797,-0.1837,0.4431,16
2026-03-21T04:23:01.913167,0,0.0709,0.0308,0.0709,0.0000,0.3318,-0.1421,-0.2998,10
2026-03-21T04:23:01.913167,1,0.1722,0.1722,0.1312,0.0000,0.1614,0.0496,-0.1536,59
2026-03-21T04:23:01.913167,2,0.1217,0.1217,0.0255,0.0000,1.0137,-0.1847,0.9967,8
2026-03-21T04:23:01.913167,3,0.1205,0.1205,0.0490,0.0000,0.4812,-0.1841,0.4446,16
2026-03-21T04:23:01.982410,0,0.0817,0.0251,0.0817,0.0000,0.3319,-0.1420,-0.3000,10
2026-03-21T04:23:01.982410,1,0.1817,0.1817,0.1299,0.0000,0.1595,0.0496,-0.1516,56
2026-03-21T04:23:01.982410,2,0.1045,0.1045,0.0194,0.0000,1.0161,-0.1764,1.0007,7
2026-03-21T04:23:01.982410,3,0.1235,0.1235,0.0440,0.0000,0.4809,-0.1842,0.4442,16
2026-03-21T04:23:02.052258,0,0.0798,0.0240,0.0798,0.0000,0.3337,-0.1428,-0.3016,10
2026-03-21T04:23:02.052258,1,0.1872,0.1872,0.1087,0.0000,0.1597,0.0525,-0.1508,57
2026-03-21T04:23:02.052258,2,0.1042,0.1042,0.0224,0.0000,1.0157,-0.1763,1.0002,7
2026-03-21T04:23:02.052258,3,0.1248,0.1248,0.0421,0.0000,0.4830,-0.1850,0.4461,16
2026-03-21T04:23:02.121727,0,0.0857,0.0236,0.0857,0.0000,0.3320,-0.1420,-0.3001,10
2026-03-21T04:23:02.121727,1,0.1813,0.1813,0.1134,0.0000,0.1608,0.0525,-0.1520,57
2026-03-21T04:23:02.121727,2,0.1041,0.1041,0.0224,0.0000,1.0152,-0.1763,0.9998,7
2026-03-21T04:23:02.121727,3,0.1230,0.1230,0.0437,0.0000,0.4813,-0.1843,0.4446,16
2026-03-21T04:23:02.191522,0,0.0754,0.0257,0.0754,0.0000,0.3342,-0.1431,-0.3020,10
2026-03-21T04:23:02.191522,1,0.1844,0.1844,0.1225,0.0000,0.1591,0.0489,-0.1514,57
2026-03-21T04:23:02.191522,2,0.1053,0.1053,0.0166,0.0000,1.0128,-0.1759,0.9974,7
2026-03-21T04:23:02.191522,3,0.1217,0.1217,0.0486,0.0000,0.4812,-0.1841,0.4446,16
2026-03-21T04:23:02.261621,0,0.0743,0.0245,0.0743,0.0000,0.3317,-0.1419,-0.2998,10
2026-03-21T04:23:02.261621,1,0.1709,0.1709,0.1159,0.0000,0.1584,0.0517,-0.1497,57
2026-03-21T04:23:02.261621,2,0.1047,0.1047,0.0224,0.0000,1.0148,-0.1762,0.9994,7
2026-03-21T04:23:02.261621,3,0.1244,0.1244,0.0400,0.0000,0.4796,-0.1837,0.4430,16
2026-03-21T04:23:02.330805,0,0.0773,0.0304,0.0773,0.0000,0.3340,-0.1430,-0.3018,10
2026-03-21T04:23:02.330805,1,0.1920,0.1920,0.1333,0.0000,0.1606,0.0538,-0.1513,56
2026-03-21T04:23:02.330805,2,0.1049,0.1049,0.0175,0.0000,1.0142,-0.1761,0.9988,7
2026-03-21T04:23:02.330805,3,0.1286,0.1286,0.0732,0.0000,0.4822,-0.1807,0.4470,17
2026-03-21T04:23:02.400375,0,0.0728,0.0255,0.0728,0.0000,0.3333,-0.1427,-0.3012,10
2026-03-21T04:23:02.400375,1,0.1735,0.1735,0.1089,0.0000,0.1605,0.0521,-0.1517,54
2026-03-21T04:23:02.400375,2,0.1029,0.1029,0.0273,0.0000,1.0132,-0.1759,0.9979,7
2026-03-21T04:23:02.400375,3,0.1208,0.1208,0.0858,0.0000,0.4836,-0.1811,0.4484,17
2026-03-21T04:23:02.470088,0,0.0800,0.0285,0.0800,0.0000,0.3347,-0.1433,-0.3024,10
2026-03-21T04:23:02.470088,1,0.1866,0.1866,0.1122,0.0000,0.1587,0.0496,-0.1508,59
2026-03-21T04:23:02.470088,2,0.1039,0.1039,0.0203,0.0000,1.0128,-0.1759,0.9974,7
2026-03-21T04:23:02.470088,3,0.1186,0.1186,0.0440,0.0000,0.4804,-0.1841,0.4438,16
2026-03-21T04:23:02.539682,0,0.0773,0.0285,0.0773,0.0000,0.3335,-0.1428,-0.3014,10
2026-03-21T04:23:02.539682,1,0.2026,0.2026,0.1168,0.0000,0.1613,0.0508,-0.1531,58
2026-03-21T04:23:02.539682,2,0.1044,0.1044,0.0184,0.0000,1.0147,-0.1762,0.9992,7
2026-03-21T04:23:02.539682,3,0.1281,0.1281,0.0462,0.0000,0.4796,-0.1838,0.4430,16
2026-03-21T04:23:02.609460,0,0.0604,0.0294,0.0604,0.0000,0.3324,-0.1424,-0.3003,10
2026-03-21T04:23:02.609460,1,0.1932,0.1932,0.1151,0.0000,0.1599,0.0524,-0.1511,57
2026-03-21T04:23:02.609460,2,0.1035,0.1035,0.0283,0.0000,1.0147,-0.1762,0.9993,7
2026-03-21T04:23:02.609460,3,0.1224,0.1224,0.0395,0.0000,0.4795,-0.1838,0.4429,16
2026-03-21T04:23:02.679463,0,0.0711,0.0292,0.0711,0.0000,0.3346,-0.1432,-0.3024,10
2026-03-21T04:23:02.679463,1,0.1560,0.1560,0.1294,0.0000,0.1604,0.0475,-0.1532,53
2026-03-21T04:23:02.679463,2,0.1048,0.1048,0.0154,0.0000,1.0120,-0.1758,0.9966,7
2026-03-21T04:23:02.679463,3,0.1254,0.1254,0.0824,0.0000,0.4808,-0.1800,0.4458,17
2026-03-21T04:23:02.748559,0,0.0764,0.0279,0.0764,0.0000,0.3314,-0.1418,-0.2995,10
2026-03-21T04:23:02.748559,1,0.1913,0.1913,0.1149,0.0000,0.1605,0.0521,-0.1519,57
2026-03-21T04:23:02.748559,2,0.1061,0.1061,0.0202,0.0000,1.0161,-0.1765,1.0007,7
2026-03-21T04:23:02.748559,3,0.1175,0.1175,0.0957,0.0000,0.4827,-0.1805,0.4477,17
2026-03-21T04:23:02.818513,0,0.0689,0.0300,0.0689,0.0000,0.3339,-0.1430,-0.3017,10
2026-03-21T04:23:02.818513,1,0.1875,0.1875,0.1170,0.0000,0.1604,0.0507,-0.1521,55
2026-03-21T04:23:02.818513,2,0.1055,0.1055,0.0166,0.0000,1.0130,-0.1759,0.9976,7
2026-03-21T04:23:02.818513,3,0.1173,0.1173,0.0454,0.0000,0.4803,-0.1838,0.4437,16
2026-03-21T04:23:02.888297,0,0.1198,0.0245,0.1198,0.0000,0.3413,-0.1429,-0.3099,11
2026-03-21T04:23:02.888297,1,0.1876,0.1876,0.1151,0.0000,0.1569,0.0511,-0.1483,57
2026-03-21T04:23:02.888297,2,0.1062,0.1062,0.0170,0.0000,1.0158,-0.1765,1.0004,7
2026-03-21T04:23:02.888297,3,0.1172,0.1172,0.0475,0.0000,0.4810,-0.1842,0.4443,16
2026-03-21T04:23:02.958535,0,0.0697,0.0270,0.0697,0.0000,0.3326,-0.1424,-0.3006,10
2026-03-21T04:23:02.958535,1,0.1635,0.1635,0.1271,0.0000,0.1619,0.0504,-0.1538,52
2026-03-21T04:23:02.958535,2,0.1234,0.1234,0.0168,0.0000,1.0169,-0.1854,0.9999,8
2026-03-21T04:23:02.958535,3,0.1210,0.1210,0.0423,0.0000,0.4819,-0.1845,0.4452,16
2026-03-21T04:23:03.027931,0,0.0692,0.0293,0.0692,0.0000,0.3340,-0.1430,-0.3018,10
2026-03-21T04:23:03.027931,1,0.1800,0.1800,0.1183,0.0000,0.1588,0.0514,-0.1502,57
2026-03-21T04:23:03.027931,2,0.1059,0.1059,0.0126,0.0000,1.0144,-0.1762,0.9990,7
2026-03-21T04:23:03.027931,3,0.1230,0.1230,0.0431,0.0000,0.4836,-0.1854,0.4467,16
2026-03-21T04:23:03.097852,0,0.0724,0.0299,0.0724,0.0000,0.3327,-0.1424,-0.3006,10
2026-03-21T04:23:03.097852,1,0.1821,0.1821,0.1196,0.0000,0.1603,0.0525,-0.1515,56
2026-03-21T04:23:03.097852,2,0.1205,0.1205,0.0305,0.0000,1.0159,-0.1851,0.9989,8
2026-03-21T04:23:03.097852,3,0.1206,0.1206,0.0443,0.0000,0.4796,-0.1837,0.4431,16
2026-03-21T04:23:03.167165,0,0.0662,0.0291,0.0662,0.0000,0.3311,-0.1418,-0.2992,10
2026-03-21T04:23:03.167165,1,0.1886,0.1886,0.1230,0.0000,0.1603,0.0508,-0.1521,55
2026-03-21T04:23:03.167165,2,0.1208,0.1208,0.0295,0.0000,1.0164,-0.1852,0.9994,8
2026-03-21T04:23:03.167165,3,0.1241,0.1241,0.0468,0.0000,0.4810,-0.1842,0.4443,16
2026-03-21T04:23:03.236876,0,0.0735,0.0270,0.0735,0.0000,0.3330,-0.1425,-0.3009,10
2026-03-21T04:23:03.236876,1,0.1901,0.1901,0.1072,0.0000,0.1592,0.0514,-0.1507,58
2026-03-21T04:23:03.236876,2,0.1192,0.1192,0.0373,0.0000,1.0166,-0.1852,0.9996,8
2026-03-21T04:23:03.236876,3,0.1249,0.1249,0.0439,0.0000,0.4799,-0.1839,0.4433,16
2026-03-21T04:23:03.306504,0,0.0697,0.0272,0.0697,0.0000,0.3339,-0.1430,-0.3017,10
2026-03-21T04:23:03.306504,1,0.1674,0.1674,0.1103,0.0000,0.1562,0.0481,-0.1486,56
2026-03-21T04:23:03.306504,2,0.1209,0.1209,0.0305,0.0000,1.0186,-0.1856,1.0015,8
2026-03-21T04:23:03.306504,3,0.1207,0.1207,0.0463,0.0000,0.4807,-0.1839,0.4441,16
2026-03-21T04:23:03.376129,0,0.0763,0.0233,0.0763,0.0000,0.3347,-0.1431,-0.3025,10
2026-03-21T04:23:03.376129,1,0.1763,0.1763,0.1077,0.0000,0.1604,0.0490,-0.1527,53
2026-03-21T04:23:03.376129,2,0.1185,0.1185,0.0433,0.0000,1.0173,-0.1852,1.0003,8
2026-03-21T04:23:03.376129,3,0.1256,0.1256,0.0323,0.0000,0.4804,-0.1842,0.4437,16
2026-03-21T04:23:03.446512,0,0.0671,0.0272,0.0671,0.0000,0.3306,-0.1415,-0.2988,10
2026-03-21T04:23:03.446512,1,0.1749,0.1749,0.1073,0.0000,0.1581,0.0491,-0.1503,56
2026-03-21T04:23:03.446512,2,0.1209,0.1209,0.0305,0.0000,1.0163,-0.1852,0.9993,8
2026-03-21T04:23:03.446512,3,0.1247,0.1247,0.0503,0.0000,0.4802,-0.1839,0.4436,16
2026-03-21T04:23:03.516170,0,0.0746,0.0278,0.0746,0.0000,0.3310,-0.1417,-0.2991,10
2026-03-21T04:23:03.516170,1,0.1915,0.1915,0.1138,0.0000,0.1585,0.0493,-0.1507,56
2026-03-21T04:23:03.516170,2,0.1204,0.1204,0.0315,0.0000,1.0161,-0.1852,0.9991,8
2026-03-21T04:23:03.516170,3,0.1228,0.1228,0.0368,0.0000,0.4804,-0.1841,0.4437,16
2026-03-21T04:23:03.585449,0,0.1234,0.0306,0.1234,0.0000,0.3383,-0.1416,-0.3072,11
2026-03-21T04:23:03.585449,1,0.1760,0.1760,0.1214,0.0000,0.1581,0.0476,-0.1508,55
2026-03-21T04:23:03.585449,2,0.1197,0.1197,0.0354,0.0000,1.0154,-0.1850,0.9985,8
2026-03-21T04:23:03.585449,3,0.1208,0.1208,0.0441,0.0000,0.4817,-0.1845,0.4450,16
2026-03-21T04:23:03.654918,0,0.0701,0.0273,0.0701,0.0000,0.3297,-0.1412,-0.2979,10
2026-03-21T04:23:03.654918,1,0.1872,0.1872,0.1199,0.0000,0.1598,0.0510,-0.1514,55
2026-03-21T04:23:03.654918,2,0.1190,0.1190,0.0474,0.0000,1.0202,-0.1857,1.0031,8
2026-03-21T04:23:03.654918,3,0.1200,0.1200,0.0442,0.0000,0.4809,-0.1842,0.4443,16
2026-03-21T04:23:03.725105,0,0.0526,0.0339,0.0526,0.0000,0.3337,-0.1431,-0.3014,10
2026-03-21T04:23:03.725105,1,0.1666,0.1666,0.1198,0.0000,0.1573,0.0512,-0.1487,54
2026-03-21T04:23:03.725105,2,0.1183,0.1183,0.0443,0.0000,1.0163,-0.1851,0.9993,8
2026-03-21T04:23:03.725105,3,0.1210,0.1210,0.0420,0.0000,0.4809,-0.1842,0.4443,16
2026-03-21T04:23:03.794936,0,0.0664,0.0278,0.0664,0.0000,0.3335,-0.1428,-0.3014,10
2026-03-21T04:23:03.794936,1,0.1715,0.1715,0.1030,0.0000,0.1597,0.0477,-0.1524,52
2026-03-21T04:23:03.794936,2,0.1171,0.1171,0.0481,0.0000,1.0163,-0.1851,0.9993,8
2026-03-21T04:23:03.794936,3,0.1192,0.1192,0.0469,0.0000,0.4811,-0.1842,0.4444,16
2026-03-21T04:23:03.864331,0,0.1170,0.0278,0.1170,0.0000,0.3374,-0.1412,-0.3064,11
2026-03-21T04:23:03.864331,1,0.1665,0.1665,0.1140,0.0000,0.1602,0.0508,-0.1519,53
2026-03-21T04:23:03.864331,2,0.1185,0.1185,0.0402,0.0000,1.0173,-0.1853,1.0003,8
2026-03-21T04:23:03.864331,3,0.1167,0.1167,0.0505,0.0000,0.4818,-0.1845,0.4451,16
2026-03-21T04:23:03.934535,0,0.1106,0.0283,0.1106,0.0000,0.3389,-0.1420,-0.3078,11
2026-03-21T04:23:03.934535,1,0.1769,0.1769,0.1203,0.0000,0.1603,0.0478,-0.1530,52
2026-03-21T04:23:03.934535,2,0.1181,0.1181,0.0483,0.0000,1.0186,-0.1855,1.0015,8
2026-03-21T04:23:03.934535,3,0.1179,0.1179,0.0597,0.0000,0.4807,-0.1839,0.4441,16
2026-03-21T04:23:04.003561,0,0.0634,0.0304,0.0634,0.0000,0.3323,-0.1423,-0.3003,10
2026-03-21T04:23:04.003561,1,0.1867,0.1867,0.1124,0.0000,0.1586,0.0507,-0.1503,55
2026-03-21T04:23:04.003561,2,0.1163,0.1163,0.0622,0.0000,1.0196,-0.1855,1.0025,8
2026-03-21T04:23:04.003561,3,0.1179,0.1179,0.0499,0.0000,0.4829,-0.1850,0.4460,16
2026-03-21T04:23:04.072510,0,0.0734,0.0250,0.0734,0.0000,0.3330,-0.1426,-0.3009,10
2026-03-21T04:23:04.072510,1,0.1815,0.1815,0.1289,0.0000,0.1573,0.0483,-0.1497,59
2026-03-21T04:23:04.072510,2,0.1180,0.1180,0.0493,0.0000,1.0176,-0.1853,1.0005,8
2026-03-21T04:23:04.072510,3,0.1160,0.1160,0.0491,0.0000,0.4814,-0.1843,0.4448,16
2026-03-21T04:23:04.142402,0,0.0696,0.0256,0.0696,0.0000,0.3325,-0.1424,-0.3004,10
2026-03-21T04:23:04.142402,1,0.1870,0.1870,0.1139,0.0000,0.1603,0.0479,-0.1529,54
2026-03-21T04:23:04.142402,2,0.1182,0.1182,0.0483,0.0000,1.0188,-0.1855,1.0018,8
2026-03-21T04:23:04.142402,3,0.1242,0.1242,0.0430,0.0000,0.4821,-0.1848,0.4453,16
2026-03-21T04:23:04.211480,0,0.0708,0.0258,0.0708,0.0000,0.3334,-0.1427,-0.3013,10
2026-03-21T04:23:04.211480,1,0.1697,0.1697,0.1069,0.0000,0.1587,0.0469,-0.1517,54
2026-03-21T04:23:04.211480,2,0.1177,0.1177,0.0523,0.0000,1.0179,-0.1853,1.0009,8
2026-03-21T04:23:04.211480,3,0.1182,0.1182,0.0458,0.0000,0.4804,-0.1839,0.4438,16
2026-03-21T04:23:04.281454,0,0.1245,0.0304,0.1245,0.0000,0.3377,-0.1413,-0.3068,11
2026-03-21T04:23:04.281454,1,0.1751,0.1751,0.1245,0.0000,0.1586,0.0472,-0.1514,53
2026-03-21T04:23:04.281454,2,0.1059,0.1059,0.0217,0.0000,1.0201,-0.1946,1.0014,7
2026-03-21T04:23:04.281454,3,0.1141,0.1141,0.0441,0.0000,0.4819,-0.1885,0.4435,15
2026-03-21T04:23:04.351953,0,0.1083,0.0291,0.1083,0.0000,0.3423,-0.1435,-0.3108,11
2026-03-21T04:23:04.351953,1,0.1848,0.1848,0.1176,0.0000,0.1567,0.0469,-0.1495,55
2026-03-21T04:23:04.351953,2,0.1215,0.1215,0.0281,0.0000,1.0203,-0.2034,0.9998,8
2026-03-21T04:23:04.351953,3,0.1135,0.1135,0.0416,0.0000,0.4806,-0.1879,0.4424,15
2026-03-21T04:23:04.421102,0,0.1090,0.0301,0.1090,0.0000,0.3401,-0.1426,-0.3088,11
2026-03-21T04:23:04.421102,1,0.1900,0.1900,0.1065,0.0000,0.1565,0.0470,-0.1493,58
2026-03-21T04:23:04.421102,2,0.1202,0.1202,0.0438,0.0000,1.0282,-0.2049,1.0076,8
2026-03-21T04:23:04.421102,3,0.1090,0.1090,0.0387,0.0000,0.4792,-0.1913,0.4394,14
2026-03-21T04:23:04.492482,0,0.0636,0.0300,0.0636,0.0000,0.3359,-0.1439,-0.3035,10
2026-03-21T04:23:04.492482,1,0.1887,0.1887,0.1404,0.0000,0.1598,0.0465,-0.1528,56
2026-03-21T04:23:04.492482,2,0.1345,0.1345,0.0673,0.0000,1.0314,-0.2142,1.0089,9
2026-03-21T04:23:04.492482,3,0.1028,0.1028,0.0420,0.0000,0.4813,-0.1921,0.4413,14
2026-03-21T04:23:04.561540,0,0.0802,0.0313,0.0802,0.0000,0.3378,-0.1447,-0.3052,10
2026-03-21T04:23:04.561540,1,0.1735,0.1735,0.1663,0.0000,0.1598,0.0484,-0.1523,55
2026-03-21T04:23:04.561540,2,0.1236,0.1236,0.0249,0.0000,1.0279,-0.2225,1.0035,8
2026-03-21T04:23:04.561540,3,0.0969,0.0969,0.0540,0.0000,0.4817,-0.1921,0.4417,14
2026-03-21T04:23:04.631109,0,0.0716,0.0250,0.0716,0.0000,0.3349,-0.1434,-0.3026,10
2026-03-21T04:23:04.631109,1,0.1882,0.1882,0.1534,0.0000,0.1565,0.0491,-0.1486,54
2026-03-21T04:23:04.631109,2,0.1234,0.1234,0.0233,0.0000,1.0294,-0.2230,1.0050,8
2026-03-21T04:23:04.631109,3,0.0977,0.0977,0.0616,0.0000,0.4844,-0.1931,0.4443,14
2026-03-21T04:23:04.700941,0,0.0707,0.0306,0.0707,0.0000,0.3398,-0.1455,-0.3070,10
2026-03-21T04:23:04.700941,1,0.1748,0.1748,0.1679,0.0000,0.1570,0.0500,-0.1488,53
2026-03-21T04:23:04.700941,2,0.1240,0.1240,0.0244,0.0000,1.0317,-0.2234,1.0072,8
2026-03-21T04:23:04.700941,3,0.0943,0.0943,0.0829,0.0000,0.4856,-0.1935,0.4454,14
2026-03-21T04:23:04.770422,0,0.0702,0.0275,0.0702,0.0000,0.3391,-0.1452,-0.3064,10
2026-03-21T04:23:04.770422,1,0.1748,0.1748,0.1418,0.0000,0.1539,0.0490,-0.1459,53
2026-03-21T04:23:04.770422,2,0.1248,0.1248,0.0215,0.0000,1.0324,-0.2235,1.0079,8
2026-03-21T04:23:04.770422,3,0.0970,0.0970,0.0730,0.0000,0.4825,-0.1922,0.4426,14
2026-03-21T04:23:04.839849,0,0.0759,0.0288,0.0759,0.0000,0.3375,-0.1445,-0.3050,10
2026-03-21T04:23:04.839849,1,0.1774,0.1518,0.1774,0.0000,0.1552,0.0505,-0.1468,52
2026-03-21T04:23:04.839849,2,0.1234,0.1234,0.0249,0.0000,1.0288,-0.2228,1.0044,8
2026-03-21T04:23:04.839849,3,0.0983,0.0983,0.0536,0.0000,0.4802,-0.1914,0.4404,14
2026-03-21T04:23:04.910191,0,0.0682,0.0276,0.0682,0.0000,0.3364,-0.1440,-0.3040,10
2026-03-21T04:23:04.910191,1,0.1946,0.1680,0.1946,0.0000,0.1548,0.0505,-0.1463,52
2026-03-21T04:23:04.910191,2,0.1247,0.1247,0.0204,0.0000,1.0318,-0.2235,1.0073,8
2026-03-21T04:23:04.910191,3,0.0960,0.0960,0.0629,0.0000,0.4826,-0.1924,0.4427,14
2026-03-21T04:23:04.979480,0,0.0856,0.0247,0.0856,0.0000,0.3352,-0.1435,-0.3029,10
2026-03-21T04:23:04.979480,1,0.1826,0.1786,0.1826,0.0000,0.1525,0.0454,-0.1456,57
2026-03-21T04:23:04.979480,2,0.1236,0.1236,0.0269,0.0000,1.0289,-0.2228,1.0045,8
2026-03-21T04:23:04.979480,3,0.1066,0.1066,0.0350,0.0000,0.4809,-0.1920,0.4410,14
2026-03-21T04:23:05.048780,0,0.0754,0.0245,0.0754,0.0000,0.3366,-0.1441,-0.3042,10
2026-03-21T04:23:05.048780,1,0.1655,0.1649,0.1655,0.0000,0.1554,0.0497,-0.1472,50
2026-03-21T04:23:05.048780,2,0.1231,0.1231,0.0263,0.0000,1.0276,-0.2225,1.0032,8
2026-03-21T04:23:05.048780,3,0.0991,0.0991,0.0585,0.0000,0.4804,-0.1916,0.4405,14
2026-03-21T04:23:05.118528,0,0.0720,0.0278,0.0720,0.0000,0.3393,-0.1453,-0.3066,10
2026-03-21T04:23:05.118528,1,0.1839,0.1839,0.1539,0.0000,0.1556,0.0459,-0.1487,53
2026-03-21T04:23:05.118528,2,0.1245,0.1245,0.0210,0.0000,1.0284,-0.2227,1.0040,8
2026-03-21T04:23:05.118528,3,0.0967,0.0967,0.0529,0.0000,0.4817,-0.1921,0.4418,14
2026-03-21T04:23:05.188366,0,0.0818,0.0228,0.0818,0.0000,0.3362,-0.1439,-0.3038,10
2026-03-21T04:23:05.188366,1,0.1813,0.1813,0.1460,0.0000,0.1543,0.0504,-0.1459,54
2026-03-21T04:23:05.188366,2,0.1228,0.1228,0.0262,0.0000,1.0291,-0.2228,1.0047,8
2026-03-21T04:23:05.188366,3,0.0991,0.0991,0.0452,0.0000,0.4785,-0.1908,0.4388,14
2026-03-21T04:23:05.257470,0,0.1184,0.0309,0.1184,0.0000,0.3446,-0.1443,-0.3129,11
2026-03-21T04:23:05.257470,1,0.1824,0.1824,0.1621,0.0000,0.1566,0.0466,-0.1495,53
2026-03-21T04:23:05.257470,2,0.1245,0.1245,0.0184,0.0000,1.0289,-0.2228,1.0045,8
2026-03-21T04:23:05.257470,3,0.1012,0.1012,0.0459,0.0000,0.4824,-0.1923,0.4424,14
2026-03-21T04:23:05.327386,0,0.0620,0.0316,0.0620,0.0000,0.3373,-0.1446,-0.3047,10
2026-03-21T04:23:05.327386,1,0.1723,0.1723,0.1656,0.0000,0.1560,0.0497,-0.1479,50
2026-03-21T04:23:05.327386,2,0.1211,0.1211,0.0330,0.0000,1.0287,-0.2226,1.0043,8
2026-03-21T04:23:05.327386,3,0.1002,0.1002,0.0468,0.0000,0.4812,-0.1919,0.4412,14
2026-03-21T04:23:05.396828,0,0.0764,0.0253,0.0764,0.0000,0.3392,-0.1451,-0.3066,10
2026-03-21T04:23:05.396828,1,0.1777,0.1777,0.1404,0.0000,0.1545,0.0476,-0.1470,54
2026-03-21T04:23:05.396828,2,0.1234,0.1234,0.0249,0.0000,1.0288,-0.2228,1.0044,8
2026-03-21T04:23:05.396828,3,0.0964,0.0964,0.0517,0.0000,0.4803,-0.1915,0.4405,14
2026-03-21T04:23:05.466879,0,0.0701,0.0299,0.0701,0.0000,0.3369,-0.1444,-0.3044,10
2026-03-21T04:23:05.466879,1,0.1801,0.1801,0.1662,0.0000,0.1559,0.0510,-0.1473,54
2026-03-21T04:23:05.466879,2,0.1243,0.1243,0.0268,0.0000,1.0273,-0.2225,1.0029,8
2026-03-21T04:23:05.466879,3,0.1082,0.1082,0.0329,0.0000,0.4807,-0.1918,0.4407,14
2026-03-21T04:23:05.536251,0,0.1186,0.0270,0.1186,0.0000,0.3446,-0.1444,-0.3129,11
2026-03-21T04:23:05.536251,1,0.1628,0.1628,0.1627,0.0000,0.1548,0.0477,-0.1473,53
2026-03-21T04:23:05.536251,2,0.1235,0.1235,0.0272,0.0000,1.0279,-0.2225,1.0036,8
2026-03-21T04:23:05.536251,3,0.1097,0.1097,0.0356,0.0000,0.4796,-0.1915,0.4397,14
2026-03-21T04:23:05.606183,0,0.0674,0.0283,0.0674,0.0000,0.3381,-0.1449,-0.3055,10
2026-03-21T04:23:05.606183,1,0.1628,0.1628,0.1437,0.0000,0.1559,0.0511,-0.1473,54
2026-03-21T04:23:05.606183,2,0.1238,0.1238,0.0239,0.0000,1.0289,-0.2228,1.0045,8
2026-03-21T04:23:05.606183,3,0.1020,0.1020,0.0382,0.0000,0.4790,-0.1911,0.4392,14
2026-03-21T04:23:05.675891,0,0.0781,0.0238,0.0781,0.0000,0.3376,-0.1444,-0.3051,10
2026-03-21T04:23:05.675891,1,0.1793,0.1793,0.1755,0.0000,0.1576,0.0457,-0.1509,58
2026-03-21T04:23:05.675891,2,0.1390,0.1390,0.0448,0.0000,1.0319,-0.2146,1.0094,9
2026-03-21T04:23:05.675891,3,0.1065,0.1065,0.0452,0.0000,0.4802,-0.1915,0.4404,14
2026-03-21T04:23:05.745488,0,0.0714,0.0247,0.0714,0.0000,0.3348,-0.1433,-0.3025,10
2026-03-21T04:23:05.745488,1,0.1705,0.1705,0.1559,0.0000,0.1552,0.0496,-0.1470,52
2026-03-21T04:23:05.745488,2,0.1390,0.1390,0.0438,0.0000,1.0283,-0.2137,1.0058,9
2026-03-21T04:23:05.745488,3,0.1020,0.1020,0.0438,0.0000,0.4792,-0.1911,0.4395,14
2026-03-21T04:23:05.815032,0,0.0802,0.0285,0.0802,0.0000,0.3366,-0.1441,-0.3041,10
2026-03-21T04:23:05.815032,1,0.1747,0.1747,0.1364,0.0000,0.1567,0.0472,-0.1494,52
2026-03-21T04:23:05.815032,2,0.1391,0.1391,0.0509,0.0000,1.0313,-0.2143,1.0088,9
2026-03-21T04:23:05.815032,3,0.1061,0.1061,0.0357,0.0000,0.4787,-0.1911,0.4389,14
2026-03-21T04:23:05.884795,0,0.0856,0.0264,0.0856,0.0000,0.3381,-0.1446,-0.3056,10
2026-03-21T04:23:05.884795,1,0.1833,0.1833,0.1796,0.0000,0.1600,0.0493,-0.1522,56
2026-03-21T04:23:05.884795,2,0.1390,0.1390,0.0469,0.0000,1.0317,-0.2144,1.0092,9
2026-03-21T04:23:05.884795,3,0.1071,0.1071,0.0462,0.0000,0.4799,-0.1915,0.4401,14
2026-03-21T04:23:05.954833,0,0.0764,0.0258,0.0764,0.0000,0.3364,-0.1440,-0.3040,10
2026-03-21T04:23:05.954833,1,0.1765,0.1765,0.1435,0.0000,0.1599,0.0496,-0.1520,53
2026-03-21T04:23:05.954833,2,0.1253,0.1253,0.0171,0.0000,1.0274,-0.2225,1.0030,8
2026-03-21T04:23:05.954833,3,0.1038,0.1038,0.0417,0.0000,0.4801,-0.1917,0.4402,14
2026-03-21T04:23:06.024553,0,0.0839,0.0258,0.0839,0.0000,0.3397,-0.1453,-0.3070,10
2026-03-21T04:23:06.024553,1,0.1723,0.1723,0.1478,0.0000,0.1593,0.0512,-0.1508,53
2026-03-21T04:23:06.024553,2,0.1398,0.1398,0.0409,0.0000,1.0287,-0.2139,1.0062,9
2026-03-21T04:23:06.024553,3,0.1043,0.1043,0.0402,0.0000,0.4812,-0.1920,0.4412,14
2026-03-21T04:23:06.094174,0,0.0653,0.0291,0.0653,0.0000,0.3355,-0.1437,-0.3031,10
2026-03-21T04:23:06.094174,1,0.1915,0.1792,0.1915,0.0000,0.1576,0.0472,-0.1503,54
2026-03-21T04:23:06.094174,2,0.1403,0.1403,0.0390,0.0000,1.0297,-0.2141,1.0072,9
2026-03-21T04:23:06.094174,3,0.0993,0.0993,0.0498,0.0000,0.4815,-0.1919,0.4415,14
2026-03-21T04:23:06.164024,0,0.0722,0.0319,0.0722,0.0000,0.3372,-0.1445,-0.3047,10
2026-03-21T04:23:06.164024,1,0.1922,0.1922,0.1884,0.0000,0.1568,0.0460,-0.1499,58
2026-03-21T04:23:06.164024,2,0.1382,0.1382,0.0478,0.0000,1.0282,-0.2136,1.0057,9
2026-03-21T04:23:06.164024,3,0.1096,0.1096,0.0432,0.0000,0.4803,-0.1916,0.4404,14
2026-03-21T04:23:06.233305,0,0.0736,0.0269,0.0736,0.0000,0.3356,-0.1437,-0.3033,10
2026-03-21T04:23:06.233305,1,0.1919,0.1919,0.1219,0.0000,0.1556,0.0500,-0.1474,55
2026-03-21T04:23:06.233305,2,0.1199,0.1199,0.0478,0.0000,1.0285,-0.2049,1.0079,8
2026-03-21T04:23:06.233305,3,0.1072,0.1072,0.0351,0.0000,0.4782,-0.1908,0.4384,14
2026-03-21T04:23:06.302489,0,0.0693,0.0298,0.0693,0.0000,0.3368,-0.1443,-0.3043,10
2026-03-21T04:23:06.302489,1,0.1933,0.1933,0.1326,0.0000,0.1569,0.0490,-0.1491,56
2026-03-21T04:23:06.302489,2,0.1217,0.1217,0.0360,0.0000,1.0277,-0.2049,1.0070,8
2026-03-21T04:23:06.302489,3,0.1076,0.1076,0.0395,0.0000,0.4811,-0.1919,0.4411,14
2026-03-21T04:23:06.372187,0,0.0788,0.0274,0.0788,0.0000,0.3377,-0.1446,-0.3052,10
2026-03-21T04:23:06.372187,1,0.1903,0.1903,0.1721,0.0000,0.1603,0.0450,-0.1539,53
2026-03-21T04:23:06.372187,2,0.1217,0.1217,0.0288,0.0000,1.0248,-0.2043,1.0042,8
2026-03-21T04:23:06.372187,3,0.1063,0.1063,0.0348,0.0000,0.4786,-0.1910,0.4389,14
2026-03-21T04:23:06.442283,0,0.0742,0.0242,0.0742,0.0000,0.3362,-0.1439,-0.3038,10
2026-03-21T04:23:06.442283,1,0.1863,0.1863,0.1809,0.0000,0.1613,0.0501,-0.1533,53
2026-03-21T04:23:06.442283,2,0.1210,0.1210,0.0472,0.0000,1.0278,-0.2048,1.0072,8
2026-03-21T04:23:06.442283,3,0.1021,0.1021,0.0464,0.0000,0.4790,-0.1909,0.4393,14
2026-03-21T04:23:06.511521,0,0.0739,0.0270,0.0739,0.0000,0.3372,-0.1444,-0.3047,10
2026-03-21T04:23:06.511521,1,0.1732,0.1732,0.1712,0.0000,0.1589,0.0439,-0.1528,54
2026-03-21T04:23:06.511521,2,0.1214,0.1214,0.0369,0.0000,1.0283,-0.2049,1.0077,8
2026-03-21T04:23:06.511521,3,0.1038,0.1038,0.0439,0.0000,0.4804,-0.1916,0.4405,14
2026-03-21T04:23:06.581889,0,0.0618,0.0319,0.0618,0.0000,0.3370,-0.1444,-0.3045,10
2026-03-21T04:23:06.581889,1,0.1998,0.1998,0.1333,0.0000,0.1552,0.0473,-0.1478,53
2026-03-21T04:23:06.581889,2,0.1214,0.1214,0.0379,0.0000,1.0285,-0.2050,1.0079,8
2026-03-21T04:23:06.581889,3,0.1013,0.1013,0.0439,0.0000,0.4802,-0.1916,0.4404,14
2026-03-21T04:23:06.651512,0,0.0810,0.0253,0.0810,0.0000,0.3378,-0.1446,-0.3053,10
2026-03-21T04:23:06.651512,1,0.1841,0.1841,0.1369,0.0000,0.1546,0.0469,-0.1473,57
2026-03-21T04:23:06.651512,2,0.1380,0.1380,0.0551,0.0000,1.0308,-0.2142,1.0083,9
2026-03-21T04:23:06.651512,3,0.1057,0.1057,0.0385,0.0000,0.4792,-0.1912,0.4394,14
2026-03-21T04:23:06.722390,0,0.0789,0.0218,0.0789,0.0000,0.3372,-0.1443,-0.3048,10
2026-03-21T04:23:06.722390,1,0.1819,0.1819,0.1123,0.0000,0.1546,0.0466,-0.1474,55
2026-03-21T04:23:06.722390,2,0.1371,0.1371,0.0557,0.0000,1.0295,-0.2139,1.0070,9
2026-03-21T04:23:06.722390,3,0.1050,0.1050,0.0360,0.0000,0.4818,-0.1923,0.4418,14
2026-03-21T04:23:06.791400,0,0.0744,0.0252,0.0744,0.0000,0.3357,-0.1436,-0.3034,10
2026-03-21T04:23:06.791400,1,0.1787,0.1787,0.1708,0.0000,0.1570,0.0470,-0.1498,57
2026-03-21T04:23:06.791400,2,0.1398,0.1398,0.0468,0.0000,1.0281,-0.2137,1.0056,9
2026-03-21T04:23:06.791400,3,0.1008,0.1008,0.0419,0.0000,0.4810,-0.1920,0.4410,14
2026-03-21T04:23:06.860839,0,0.0792,0.0280,0.0792,0.0000,0.3352,-0.1435,-0.3029,10
2026-03-21T04:23:06.860839,1,0.1947,0.1947,0.1372,0.0000,0.1583,0.0453,-0.1517,56
2026-03-21T04:23:06.860839,2,0.1222,0.1222,0.0340,0.0000,1.0284,-0.2050,1.0078,8
2026-03-21T04:23:06.860839,3,0.1041,0.1041,0.0480,0.0000,0.4810,-0.1918,0.4411,14
2026-03-21T04:23:06.930595,0,0.0748,0.0249,0.0748,0.0000,0.3396,-0.1453,-0.3069,10
2026-03-21T04:23:06.930595,1,0.1881,0.1881,0.1261,0.0000,0.1564,0.0435,-0.1502,54
2026-03-21T04:23:06.930595,2,0.1205,0.1205,0.0449,0.0000,1.0278,-0.2048,1.0072,8
2026-03-21T04:23:06.930595,3,0.1044,0.1044,0.0385,0.0000,0.4810,-0.1920,0.4410,14
2026-03-21T04:23:07.000223,0,0.0816,0.0268,0.0816,0.0000,0.3360,-0.1438,-0.3037,10
2026-03-21T04:23:07.000223,1,0.1889,0.1889,0.1296,0.0000,0.1572,0.0451,-0.1506,51
2026-03-21T04:23:07.000223,2,0.1382,0.1382,0.0498,0.0000,1.0288,-0.2138,1.0064,9
2026-03-21T04:23:07.000223,3,0.1070,0.1070,0.0421,0.0000,0.4818,-0.1922,0.4418,14
2026-03-21T04:23:07.069906,0,0.0829,0.0275,0.0829,0.0000,0.3373,-0.1443,-0.3048,10
2026-03-21T04:23:07.069906,1,0.1800,0.1800,0.1509,0.0000,0.1567,0.0452,-0.1500,54
2026-03-21T04:23:07.069906,2,0.1381,0.1381,0.0477,0.0000,1.0285,-0.2138,1.0060,9
2026-03-21T04:23:07.069906,3,0.1042,0.1042,0.0400,0.0000,0.4770,-0.1903,0.4374,14
2026-03-21T04:23:07.140385,0,0.1184,0.0273,0.1184,0.0000,0.3451,-0.1445,-0.3134,11
2026-03-21T04:23:07.140385,1,0.1806,0.1806,0.1346,0.0000,0.1570,0.0440,-0.1507,52
2026-03-21T04:23:07.140385,2,0.1245,0.1245,0.0220,0.0000,1.0284,-0.2227,1.0040,8
2026-03-21T04:23:07.140385,3,0.1088,0.1088,0.0344,0.0000,0.4798,-0.1916,0.4399,14
2026-03-21T04:23:07.209587,0,0.0712,0.0303,0.0712,0.0000,0.3392,-0.1453,-0.3065,10
2026-03-21T04:23:07.209587,1,0.1634,0.1634,0.1486,0.0000,0.1562,0.0435,-0.1500,52
2026-03-21T04:23:07.209587,2,0.1254,0.1254,0.0220,0.0000,1.0281,-0.2226,1.0037,8
2026-03-21T04:23:07.209587,3,0.1038,0.1038,0.0374,0.0000,0.4787,-0.1910,0.4389,14
2026-03-21T04:23:07.279703,0,0.0703,0.0288,0.0703,0.0000,0.3367,-0.1442,-0.3042,10
2026-03-21T04:23:07.279703,1,0.1583,0.1583,0.1258,0.0000,0.1536,0.0425,-0.1476,52
2026-03-21T04:23:07.279703,2,0.1248,0.1248,0.0259,0.0000,1.0261,-0.2222,1.0017,8
2026-03-21T04:23:07.279703,3,0.1047,0.1047,0.0388,0.0000,0.4797,-0.1914,0.4398,14
2026-03-21T04:23:07.348135,0,0.0753,0.0246,0.0753,0.0000,0.3380,-0.1446,-0.3055,10
2026-03-21T04:23:07.348135,1,0.1936,0.1936,0.1340,0.0000,0.1573,0.0435,-0.1512,53
2026-03-21T04:23:07.348135,2,0.1383,0.1383,0.0499,0.0000,1.0293,-0.2139,1.0068,9
2026-03-21T04:23:07.348135,3,0.1065,0.1065,0.0354,0.0000,0.4780,-0.1908,0.4383,14
2026-03-21T04:23:07.418096,0,0.0820,0.0261,0.0820,0.0000,0.3363,-0.1439,-0.3039,10
2026-03-21T04:23:07.418096,1,0.1913,0.1913,0.1294,0.0000,0.1572,0.0441,-0.1509,52
2026-03-21T04:23:07.418096,2,0.1387,0.1387,0.0567,0.0000,1.0314,-0.2143,1.0089,9
2026-03-21T04:23:07.418096,3,0.1046,0.1046,0.0431,0.0000,0.4805,-0.1918,0.4406,14
2026-03-21T04:23:07.487989,0,0.0722,0.0299,0.0722,0.0000,0.3371,-0.1443,-0.3046,10
2026-03-21T04:23:07.487989,1,0.1593,0.1593,0.1166,0.0000,0.1540,0.0416,-0.1483,50
2026-03-21T04:23:07.487989,2,0.1390,0.1390,0.0498,0.0000,1.0296,-0.2140,1.0071,9
2026-03-21T04:23:07.487989,3,0.1061,0.1061,0.0341,0.0000,0.4819,-0.1923,0.4418,14
2026-03-21T04:23:07.558262,0,0.0794,0.0308,0.0794,0.0000,0.3405,-0.1457,-0.3077,10
2026-03-21T04:23:07.558262,1,0.1513,0.1513,0.1162,0.0000,0.1541,0.0449,-0.1474,49
2026-03-21T04:23:07.558262,2,0.1247,0.1247,0.0259,0.0000,1.0257,-0.2221,1.0013,8
2026-03-21T04:23:07.558262,3,0.1055,0.1055,0.0393,0.0000,0.4769,-0.1903,0.4373,14
2026-03-21T04:23:07.627531,0,0.0779,0.0309,0.0779,0.0000,0.3400,-0.1456,-0.3072,10
2026-03-21T04:23:07.627531,1,0.1630,0.1630,0.1198,0.0000,0.1551,0.0443,-0.1487,51
2026-03-21T04:23:07.627531,2,0.1396,0.1396,0.0409,0.0000,1.0297,-0.2141,1.0072,9
2026-03-21T04:23:07.627531,3,0.1037,0.1037,0.0387,0.0000,0.4811,-0.1920,0.4411,14
2026-03-21T04:23:07.697469,0,0.1204,0.0279,0.1204,0.0000,0.3472,-0.1454,-0.3153,11
2026-03-21T04:23:07.697469,1,0.1760,0.1760,0.1420,0.0000,0.1549,0.0445,-0.1484,51
2026-03-21T04:23:07.697469,2,0.1393,0.1393,0.0429,0.0000,1.0295,-0.2140,1.0070,9
2026-03-21T04:23:07.697469,3,0.1043,0.1043,0.0402,0.0000,0.4810,-0.1919,0.4410,14
2026-03-21T04:23:07.766604,0,0.0720,0.0269,0.0720,0.0000,0.3369,-0.1442,-0.3045,10
2026-03-21T04:23:07.766604,1,0.1710,0.1710,0.1173,0.0000,0.1548,0.0431,-0.1487,51
2026-03-21T04:23:07.766604,2,0.1265,0.1265,0.0182,0.0000,1.0271,-0.2225,1.0027,8
2026-03-21T04:23:07.766604,3,0.1017,0.1017,0.0412,0.0000,0.4805,-0.1916,0.4406,14
2026-03-21T04:23:07.836339,0,0.0804,0.0278,0.0804,0.0000,0.3390,-0.1451,-0.3063,10
2026-03-21T04:23:07.836339,1,0.1833,0.1833,0.1487,0.0000,0.1583,0.0399,-0.1532,51
2026-03-21T04:23:07.836339,2,0.1358,0.1358,0.0635,0.0000,1.0309,-0.2141,1.0085,9
2026-03-21T04:23:07.836339,3,0.1057,0.1057,0.0410,0.0000,0.4804,-0.1916,0.4405,14
2026-03-21T04:23:07.906357,0,0.0766,0.0250,0.0766,0.0000,0.3410,-0.1460,-0.3081,10
2026-03-21T04:23:07.906357,1,0.1638,0.1638,0.1274,0.0000,0.1573,0.0470,-0.1501,50
2026-03-21T04:23:07.906357,2,0.1390,0.1390,0.0507,0.0000,1.0299,-0.2141,1.0075,9
2026-03-21T04:23:07.906357,3,0.1045,0.1045,0.0383,0.0000,0.4797,-0.1915,0.4399,14
2026-03-21T04:23:07.975726,0,0.0646,0.0288,0.0646,0.0000,0.3387,-0.1451,-0.3060,10
2026-03-21T04:23:07.975726,1,0.1791,0.1791,0.1227,0.0000,0.1561,0.0421,-0.1504,51
2026-03-21T04:23:07.975726,2,0.1259,0.1259,0.0230,0.0000,1.0289,-0.2228,1.0045,8
2026-03-21T04:23:07.975726,3,0.0993,0.0993,0.0441,0.0000,0.4812,-0.1920,0.4412,14
2026-03-21T04:23:08.045675,0,0.0827,0.0284,0.0827,0.0000,0.3363,-0.1440,-0.3039,10
2026-03-21T04:23:08.045675,1,0.1621,0.1621,0.1320,0.0000,0.1535,0.0406,-0.1480,52
2026-03-21T04:23:08.045675,2,0.1236,0.1236,0.0213,0.0000,1.0256,-0.2221,1.0012,8
2026-03-21T04:23:08.045675,3,0.1021,0.1021,0.0419,0.0000,0.4796,-0.1913,0.4398,14
2026-03-21T04:23:08.115132,0,0.0655,0.0298,0.0655,0.0000,0.3368,-0.1443,-0.3043,10
2026-03-21T04:23:08.115132,1,0.1869,0.1869,0.1131,0.0000,0.1552,0.0421,-0.1494,50
2026-03-21T04:23:08.115132,2,0.1389,0.1389,0.0488,0.0000,1.0313,-0.2143,1.0088,9
2026-03-21T04:23:08.115132,3,0.1066,0.1066,0.0376,0.0000,0.4809,-0.1920,0.4409,14
2026-03-21T04:23:08.185274,0,0.0720,0.0310,0.0720,0.0000,0.3360,-0.1440,-0.3036,10
2026-03-21T04:23:08.185274,1,0.1662,0.1662,0.1105,0.0000,0.1548,0.0430,-0.1487,51
2026-03-21T04:23:08.185274,2,0.1389,0.1389,0.0458,0.0000,1.0296,-0.2140,1.0071,9
2026-03-21T04:23:08.185274,3,0.1027,0.1027,0.0419,0.0000,0.4820,-0.1924,0.4420,14
2026-03-21T04:23:08.255118,0,0.0602,0.0312,0.0602,0.0000,0.3382,-0.1449,-0.3055,10
2026-03-21T04:23:08.255118,1,0.1806,0.1806,0.1154,0.0000,0.1562,0.0466,-0.1490,51
2026-03-21T04:23:08.255118,2,0.1372,0.1372,0.0526,0.0000,1.0283,-0.2137,1.0058,9
2026-03-21T04:23:08.255118,3,0.1055,0.1055,0.0393,0.0000,0.4778,-0.1906,0.4381,14
2026-03-21T04:23:08.324759,0,0.0665,0.0305,0.0665,0.0000,0.3357,-0.1438,-0.3033,10
2026-03-21T04:23:08.324759,1,0.1931,0.1931,0.1265,0.0000,0.1563,0.0419,-0.1506,53
2026-03-21T04:23:08.324759,2,0.1200,0.1200,0.0478,0.0000,1.0288,-0.2050,1.0082,8
2026-03-21T04:23:08.324759,3,0.1061,0.1061,0.0348,0.0000,0.4790,-0.1913,0.4391,14
2026-03-21T04:23:08.394198,0,0.0704,0.0300,0.0704,0.0000,0.3378,-0.1447,-0.3052,10
2026-03-21T04:23:08.394198,1,0.1805,0.1805,0.1359,0.0000,0.1558,0.0427,-0.1498,53
2026-03-21T04:23:08.394198,2,0.1412,0.1412,0.0340,0.0000,1.0265,-0.2135,1.0041,9
2026-03-21T04:23:08.394198,3,0.1088,0.1088,0.0409,0.0000,0.4822,-0.1925,0.4421,14
2026-03-21T04:23:08.463679,0,0.0616,0.0329,0.0616,0.0000,0.3358,-0.1439,-0.3034,10
2026-03-21T04:23:08.463679,1,0.1567,0.1567,0.1183,0.0000,0.1546,0.0433,-0.1484,50
2026-03-21T04:23:08.463679,2,0.1214,0.1214,0.0400,0.0000,1.0295,-0.2052,1.0089,8
2026-03-21T04:23:08.463679,3,0.1023,0.1023,0.0369,0.0000,0.4795,-0.1914,0.4397,14
2026-03-21T04:23:08.533371,0,0.0635,0.0305,0.0635,0.0000,0.3367,-0.1444,-0.3041,10
2026-03-21T04:23:08.533371,1,0.1635,0.1635,0.1292,0.0000,0.1559,0.0416,-0.1502,50
2026-03-21T04:23:08.533371,2,0.1208,0.1208,0.0388,0.0000,1.0267,-0.2046,1.0061,8
2026-03-21T04:23:08.533371,3,0.1040,0.1040,0.0441,0.0000,0.4793,-0.1912,0.4395,14
2026-03-21T04:23:08.603247,0,0.0884,0.0269,0.0884,0.0000,0.3360,-0.1438,-0.3036,10
2026-03-21T04:23:08.603247,1,0.1620,0.1620,0.1232,0.0000,0.1537,0.0425,-0.1477,51
2026-03-21T04:23:08.603247,2,0.1207,0.1207,0.0419,0.0000,1.0277,-0.2048,1.0071,8
2026-03-21T04:23:08.603247,3,0.1006,0.1006,0.0400,0.0000,0.4802,-0.1916,0.4404,14
2026-03-21T04:23:08.673186,0,0.0804,0.0269,0.0804,0.0000,0.3388,-0.1450,-0.3061,10
2026-03-21T04:23:08.673186,1,0.1628,0.1628,0.1381,0.0000,0.1550,0.0429,-0.1489,52
2026-03-21T04:23:08.673186,2,0.1403,0.1403,0.0509,0.0000,1.0295,-0.2140,1.0070,9
2026-03-21T04:23:08.673186,3,0.1038,0.1038,0.0458,0.0000,0.4810,-0.1920,0.4410,14
2026-03-21T04:23:08.742498,0,0.0832,0.0283,0.0832,0.0000,0.3358,-0.1437,-0.3034,10
2026-03-21T04:23:08.742498,1,0.1789,0.1789,0.1251,0.0000,0.1558,0.0464,-0.1488,49
2026-03-21T04:23:08.742498,2,0.1217,0.1217,0.0360,0.0000,1.0271,-0.2047,1.0064,8
2026-03-21T04:23:08.742498,3,0.1041,0.1041,0.0524,0.0000,0.4804,-0.1915,0.4406,14
2026-03-21T04:23:08.812271,0,0.0784,0.0259,0.0784,0.0000,0.3389,-0.1450,-0.3063,10
2026-03-21T04:23:08.812271,1,0.1678,0.1678,0.1326,0.0000,0.1540,0.0428,-0.1480,54
2026-03-21T04:23:08.812271,2,0.1229,0.1229,0.0294,0.0000,1.0273,-0.2048,1.0067,8
2026-03-21T04:23:08.812271,3,0.1031,0.1031,0.0385,0.0000,0.4812,-0.1920,0.4413,14
2026-03-21T04:23:08.881642,0,0.0683,0.0305,0.0683,0.0000,0.3367,-0.1442,-0.3042,10
2026-03-21T04:23:08.881642,1,0.1768,0.1768,0.1069,0.0000,0.1551,0.0446,-0.1485,53
2026-03-21T04:23:08.881642,2,0.1216,0.1216,0.0403,0.0000,1.0290,-0.2051,1.0084,8
2026-03-21T04:23:08.881642,3,0.1091,0.1091,0.0356,0.0000,0.4822,-0.1926,0.4420,14
2026-03-21T04:23:08.951674,0,0.0734,0.0246,0.0734,0.0000,0.3356,-0.1437,-0.3033,10
2026-03-21T04:23:08.951674,1,0.1621,0.1621,0.1271,0.0000,0.1542,0.0432,-0.1481,50
2026-03-21T04:23:08.951674,2,0.1200,0.1200,0.0428,0.0000,1.0267,-0.2046,1.0061,8
2026-03-21T04:23:08.951674,3,0.1039,0.1039,0.0433,0.0000,0.4823,-0.1924,0.4423,14
2026-03-21T04:23:09.021381,0,0.0787,0.0329,0.0787,0.0000,0.3397,-0.1454,-0.3070,10
2026-03-21T04:23:09.021381,1,0.1382,0.1382,0.1195,0.0000,0.1542,0.0394,-0.1491,50
2026-03-21T04:23:09.021381,2,0.1226,0.1226,0.0290,0.0000,1.0272,-0.2048,1.0066,8
2026-03-21T04:23:09.021381,3,0.1046,0.1046,0.0800,0.0000,0.4835,-0.1887,0.4452,15
2026-03-21T04:23:09.091529,0,0.0703,0.0306,0.0703,0.0000,0.3369,-0.1443,-0.3044,10
2026-03-21T04:23:09.091529,1,0.1938,0.1938,0.1257,0.0000,0.1552,0.0440,-0.1488,52
2026-03-21T04:23:09.091529,2,0.1385,0.1385,0.0479,0.0000,1.0281,-0.2136,1.0056,9
2026-03-21T04:23:09.091529,3,0.1039,0.1039,0.0367,0.0000,0.4795,-0.1913,0.4396,14
2026-03-21T04:23:09.160711,0,0.0750,0.0299,0.0750,0.0000,0.3390,-0.1452,-0.3063,10
2026-03-21T04:23:09.160711,1,0.2062,0.2062,0.1190,0.0000,0.1591,0.0447,-0.1527,52
2026-03-21T04:23:09.160711,2,0.1209,0.1209,0.0399,0.0000,1.0292,-0.2051,1.0085,8
2026-03-21T04:23:09.160711,3,0.1048,0.1048,0.0378,0.0000,0.4819,-0.1923,0.4419,14
2026-03-21T04:23:09.230617,0,0.0692,0.0298,0.0692,0.0000,0.3387,-0.1451,-0.3060,10
2026-03-21T04:23:09.230617,1,0.1773,0.1773,0.1326,0.0000,0.1530,0.0434,-0.1467,53
2026-03-21T04:23:09.230617,2,0.1236,0.1236,0.0262,0.0000,1.0257,-0.2046,1.0051,8
2026-03-21T04:23:09.230617,3,0.1055,0.1055,0.0318,0.0000,0.4805,-0.1918,0.4405,14
2026-03-21T04:23:09.299834,0,0.0711,0.0316,0.0711,0.0000,0.3371,-0.1443,-0.3046,10
2026-03-21T04:23:09.299834,1,0.1585,0.1585,0.1339,0.0000,0.1548,0.0419,-0.1490,49
2026-03-21T04:23:09.299834,2,0.1208,0.1208,0.0378,0.0000,1.0264,-0.2045,1.0058,8
2026-03-21T04:23:09.299834,3,0.1045,0.1045,0.0377,0.0000,0.4817,-0.1922,0.4417,14
2026-03-21T04:23:09.369950,0,0.0718,0.0278,0.0718,0.0000,0.3373,-0.1444,-0.3048,10
2026-03-21T04:23:09.369950,1,0.1670,0.1670,0.1186,0.0000,0.1546,0.0417,-0.1488,51
2026-03-21T04:23:09.369950,2,0.1217,0.1217,0.0319,0.0000,1.0244,-0.2042,1.0039,8
2026-03-21T04:23:09.369950,3,0.1018,0.1018,0.0448,0.0000,0.4816,-0.1920,0.4417,14
2026-03-21T04:23:09.439695,0,0.0718,0.0255,0.0718,0.0000,0.3374,-0.1444,-0.3049,10
2026-03-21T04:23:09.439695,1,0.1739,0.1739,0.1137,0.0000,0.1551,0.0396,-0.1499,55
2026-03-21T04:23:09.439695,2,0.1231,0.1231,0.0240,0.0000,1.0269,-0.2048,1.0063,8
2026-03-21T04:23:09.439695,3,0.1070,0.1070,0.0723,0.0000,0.4825,-0.1885,0.4441,15
2026-03-21T04:23:09.508951,0,0.0769,0.0285,0.0769,0.0000,0.3386,-0.1449,-0.3060,10
2026-03-21T04:23:09.508951,1,0.1687,0.1687,0.1180,0.0000,0.1552,0.0449,-0.1485,50
2026-03-21T04:23:09.508951,2,0.1235,0.1235,0.0200,0.0000,1.0239,-0.2042,1.0034,8
2026-03-21T04:23:09.508951,3,0.1094,0.1094,0.0600,0.0000,0.4807,-0.1879,0.4424,15
2026-03-21T04:23:09.578622,0,0.0779,0.0343,0.0779,0.0000,0.3411,-0.1460,-0.3082,10
2026-03-21T04:23:09.578622,1,0.1585,0.1585,0.1128,0.0000,0.1533,0.0431,-0.1472,50
2026-03-21T04:23:09.578622,2,0.1227,0.1227,0.0294,0.0000,1.0254,-0.2044,1.0048,8
2026-03-21T04:23:09.578622,3,0.1058,0.1058,0.0777,0.0000,0.4843,-0.1891,0.4459,15
2026-03-21T04:23:09.649182,0,0.0740,0.0299,0.0740,0.0000,0.3398,-0.1455,-0.3070,10
2026-03-21T04:23:09.649182,1,0.1846,0.1846,0.1121,0.0000,0.1548,0.0425,-0.1489,51
2026-03-21T04:23:09.649182,2,0.1209,0.1209,0.0378,0.0000,1.0261,-0.2045,1.0055,8
2026-03-21T04:23:09.649182,3,0.1066,0.1066,0.0744,0.0000,0.4825,-0.1884,0.4442,15
2026-03-21T04:23:09.718060,0,0.0756,0.0295,0.0756,0.0000,0.3396,-0.1454,-0.3069,10
2026-03-21T04:23:09.718060,1,0.1748,0.1748,0.1178,0.0000,0.1582,0.0479,-0.1508,50
2026-03-21T04:23:09.718060,2,0.1228,0.1228,0.0250,0.0000,1.0247,-0.2043,1.0041,8
2026-03-21T04:23:09.718060,3,0.1059,0.1059,0.0647,0.0000,0.4825,-0.1883,0.4442,15
2026-03-21T04:23:09.788075,0,0.0782,0.0257,0.0782,0.0000,0.3402,-0.1456,-0.3074,10
2026-03-21T04:23:09.788075,1,0.1688,0.1688,0.1256,0.0000,0.1545,0.0414,-0.1489,53
2026-03-21T04:23:09.788075,2,0.1216,0.1216,0.0308,0.0000,1.0252,-0.2044,1.0046,8
2026-03-21T04:23:09.788075,3,0.1041,0.1041,0.0625,0.0000,0.4806,-0.1878,0.4424,15
2026-03-21T04:23:09.857724,0,0.0912,0.0248,0.0912,0.0000,0.3388,-0.1449,-0.3062,10
2026-03-21T04:23:09.857724,1,0.1676,0.1676,0.1410,0.0000,0.1571,0.0455,-0.1504,51
2026-03-21T04:23:09.857724,2,0.1237,0.1237,0.0220,0.0000,1.0247,-0.2044,1.0041,8
2026-03-21T04:23:09.857724,3,0.1106,0.1106,0.0416,0.0000,0.4794,-0.1874,0.4412,15
2026-03-21T04:23:09.927091,0,0.0776,0.0280,0.0776,0.0000,0.3380,-0.1447,-0.3054,10
2026-03-21T04:23:09.927091,1,0.1703,0.1584,0.1703,0.0000,0.1578,0.0424,-0.1520,50
2026-03-21T04:23:09.927091,2,0.1217,0.1217,0.0288,0.0000,1.0238,-0.2041,1.0032,8
2026-03-21T04:23:09.927091,3,0.1042,0.1042,0.0604,0.0000,0.4798,-0.1874,0.4417,15
2026-03-21T04:23:09.996961,0,0.0794,0.0276,0.0794,0.0000,0.3356,-0.1437,-0.3032,10
2026-03-21T04:23:09.996961,1,0.1480,0.1480,0.1193,0.0000,0.1549,0.0422,-0.1491,50
2026-03-21T04:23:09.996961,2,0.1215,0.1215,0.0329,0.0000,1.0277,-0.2049,1.0070,8
2026-03-21T04:23:09.996961,3,0.1139,0.1139,0.0383,0.0000,0.4817,-0.1884,0.4433,15
2026-03-21T04:23:10.065998,0,0.0790,0.0221,0.0790,0.0000,0.3382,-0.1447,-0.3056,10
2026-03-21T04:23:10.065998,1,0.1706,0.1633,0.1706,0.0000,0.1574,0.0397,-0.1523,51
2026-03-21T04:23:10.065998,2,0.1228,0.1228,0.0281,0.0000,1.0243,-0.2043,1.0037,8
2026-03-21T04:23:10.065998,3,0.1062,0.1062,0.0732,0.0000,0.4814,-0.1880,0.4432,15
2026-03-21T04:23:10.135896,0,0.0722,0.0278,0.0722,0.0000,0.3393,-0.1453,-0.3066,10
2026-03-21T04:23:10.135896,1,0.1653,0.1653,0.1397,0.0000,0.1561,0.0424,-0.1502,53
2026-03-21T04:23:10.135896,2,0.1223,0.1223,0.0310,0.0000,1.0269,-0.2047,1.0063,8
2026-03-21T04:23:10.135896,3,0.1009,0.1009,0.0854,0.0000,0.4847,-0.1891,0.4463,15
2026-03-21T04:23:10.205819,0,0.0755,0.0274,0.0755,0.0000,0.3370,-0.1442,-0.3045,10
2026-03-21T04:23:10.205819,1,0.1821,0.1821,0.1272,0.0000,0.1586,0.0447,-0.1522,52
2026-03-21T04:23:10.205819,2,0.1213,0.1213,0.0359,0.0000,1.0252,-0.2043,1.0046,8
2026-03-21T04:23:10.205819,3,0.1057,0.1057,0.0853,0.0000,0.4840,-0.1889,0.4456,15
2026-03-21T04:23:10.274781,0,0.0774,0.0248,0.0774,0.0000,0.3382,-0.1447,-0.3056,10
2026-03-21T04:23:10.274781,1,0.1774,0.1774,0.1117,0.0000,0.1550,0.0425,-0.1490,52
2026-03-21T04:23:10.274781,2,0.1209,0.1209,0.0399,0.0000,1.0284,-0.2050,1.0078,8
2026-03-21T04:23:10.274781,3,0.1043,0.1043,0.0845,0.0000,0.4828,-0.1884,0.4445,15
2026-03-21T04:23:10.344827,0,0.0857,0.0234,0.0857,0.0000,0.3378,-0.1445,-0.3053,10
2026-03-21T04:23:10.344827,1,0.1608,0.1608,0.1186,0.0000,0.1556,0.0378,-0.1509,50
2026-03-21T04:23:10.344827,2,0.1205,0.1205,0.0367,0.0000,1.0252,-0.2044,1.0046,8
2026-03-21T04:23:10.344827,3,0.1041,0.1041,0.0818,0.0000,0.4815,-0.1879,0.4434,15
2026-03-21T04:23:10.414693,0,0.0811,0.0271,0.0811,0.0000,0.3393,-0.1452,-0.3066,10
2026-03-21T04:23:10.414693,1,0.1715,0.1715,0.1546,0.0000,0.1554,0.0403,-0.1501,52
2026-03-21T04:23:10.414693,2,0.1208,0.1208,0.0388,0.0000,1.0284,-0.2050,1.0078,8
2026-03-21T04:23:10.414693,3,0.1082,0.1082,0.0895,0.0000,0.4826,-0.1883,0.4444,15
2026-03-21T04:23:10.484458,0,0.0756,0.0244,0.0756,0.0000,0.3385,-0.1449,-0.3059,10
2026-03-21T04:23:10.484458,1,0.1658,0.1658,0.1602,0.0000,0.1557,0.0414,-0.1502,51
2026-03-21T04:23:10.484458,2,0.1202,0.1202,0.0397,0.0000,1.0277,-0.2049,1.0071,8
2026-03-21T04:23:10.484458,3,0.1055,0.1055,0.0452,0.0000,0.4792,-0.1911,0.4395,14
2026-03-21T04:23:10.554050,0,0.0799,0.0285,0.0799,0.0000,0.3351,-0.1435,-0.3028,10
2026-03-21T04:23:10.554050,1,0.1630,0.1630,0.1291,0.0000,0.1555,0.0392,-0.1504,53
2026-03-21T04:23:10.554050,2,0.1190,0.1190,0.0517,0.0000,1.0287,-0.2050,1.0080,8
2026-03-21T04:23:10.554050,3,0.1048,0.1048,0.0396,0.0000,0.4821,-0.1923,0.4421,14
2026-03-21T04:23:10.624418,0,0.0756,0.0278,0.0756,0.0000,0.3385,-0.1449,-0.3059,10
2026-03-21T04:23:10.624418,1,0.1696,0.1696,0.1413,0.0000,0.1569,0.0423,-0.1511,51
2026-03-21T04:23:10.624418,2,0.1197,0.1197,0.0478,0.0000,1.0283,-0.2049,1.0077,8
2026-03-21T04:23:10.624418,3,0.1038,0.1038,0.0388,0.0000,0.4824,-0.1925,0.4424,14
2026-03-21T04:23:10.694418,0,0.0831,0.0271,0.0831,0.0000,0.3391,-0.1452,-0.3064,10
2026-03-21T04:23:10.694418,1,0.1703,0.1703,0.1137,0.0000,0.1530,0.0412,-0.1473,53
2026-03-21T04:23:10.694418,2,0.1212,0.1212,0.0379,0.0000,1.0278,-0.2049,1.0072,8
2026-03-21T04:23:10.694418,3,0.1037,0.1037,0.0375,0.0000,0.4827,-0.1928,0.4426,14
2026-03-21T04:23:10.763742,0,0.0731,0.0293,0.0731,0.0000,0.3401,-0.1456,-0.3073,10
2026-03-21T04:23:10.763742,1,0.1780,0.1780,0.1060,0.0000,0.1533,0.0418,-0.1475,51
2026-03-21T04:23:10.763742,2,0.1213,0.1213,0.0359,0.0000,1.0271,-0.2047,1.0064,8
2026-03-21T04:23:10.763742,3,0.1071,0.1071,0.0340,0.0000,0.4802,-0.1917,0.4403,14
2026-03-21T04:23:10.833225,0,0.0725,0.0274,0.0725,0.0000,0.3375,-0.1445,-0.3050,10
2026-03-21T04:23:10.833225,1,0.1677,0.1677,0.1463,0.0000,0.1552,0.0442,-0.1488,51
2026-03-21T04:23:10.833225,2,0.1217,0.1217,0.0339,0.0000,1.0282,-0.2050,1.0075,8
2026-03-21T04:23:10.833225,3,0.1042,0.1042,0.0429,0.0000,0.4802,-0.1916,0.4404,14
2026-03-21T04:23:10.903357,0,0.0773,0.0339,0.0773,0.0000,0.3374,-0.1445,-0.3049,10
2026-03-21T04:23:10.903357,1,0.1719,0.1719,0.1437,0.0000,0.1548,0.0383,-0.1500,52
2026-03-21T04:23:10.903357,2,0.1232,0.1232,0.0343,0.0000,1.0261,-0.2046,1.0054,8
2026-03-21T04:23:10.903357,3,0.1044,0.1044,0.0393,0.0000,0.4820,-0.1924,0.4419,14
2026-03-21T04:23:10.972558,0,0.0776,0.0255,0.0776,0.0000,0.3392,-0.1452,-0.3065,10
2026-03-21T04:23:10.972558,1,0.1776,0.1776,0.1074,0.0000,0.1521,0.0411,-0.1464,53
2026-03-21T04:23:10.972558,2,0.1227,0.1227,0.0270,0.0000,1.0259,-0.2045,1.0053,8
2026-03-21T04:23:10.972558,3,0.1037,0.1037,0.0354,0.0000,0.4821,-0.1924,0.4421,14
2026-03-21T04:23:11.042642,0,0.0782,0.0272,0.0782,0.0000,0.3375,-0.1445,-0.3050,10
2026-03-21T04:23:11.042642,1,0.1631,0.1631,0.1425,0.0000,0.1530,0.0389,-0.1480,52
2026-03-21T04:23:11.042642,2,0.1223,0.1223,0.0351,0.0000,1.0290,-0.2051,1.0084,8
2026-03-21T04:23:11.042642,3,0.1047,0.1047,0.0433,0.0000,0.4817,-0.1922,0.4417,14
2026-03-21T04:23:11.111745,0,0.0758,0.0286,0.0758,0.0000,0.3393,-0.1453,-0.3066,10
2026-03-21T04:23:11.111745,1,0.1475,0.1475,0.1070,0.0000,0.1541,0.0409,-0.1486,48
2026-03-21T04:23:11.111745,2,0.1218,0.1218,0.0411,0.0000,1.0304,-0.2054,1.0097,8
2026-03-21T04:23:11.111745,3,0.1072,0.1072,0.0282,0.0000,0.4802,-0.1918,0.4403,14
2026-03-21T04:23:11.181593,0,0.0858,0.0276,0.0858,0.0000,0.3386,-0.1449,-0.3060,10
2026-03-21T04:23:11.181593,1,0.1764,0.1764,0.1468,0.0000,0.1531,0.0437,-0.1467,50
2026-03-21T04:23:11.181593,2,0.1378,0.1378,0.0548,0.0000,1.0336,-0.2148,1.0110,9
2026-03-21T04:23:11.181593,3,0.1081,0.1081,0.0350,0.0000,0.4821,-0.1924,0.4420,14
2026-03-21T04:23:11.251072,0,0.0732,0.0279,0.0732,0.0000,0.3398,-0.1455,-0.3070,10
2026-03-21T04:23:11.251072,1,0.1582,0.1582,0.1495,0.0000,0.1541,0.0390,-0.1491,49
2026-03-21T04:23:11.251072,2,0.1365,0.1365,0.0586,0.0000,1.0312,-0.2142,1.0087,9
2026-03-21T04:23:11.251072,3,0.1055,0.1055,0.0424,0.0000,0.4824,-0.1925,0.4424,14
2026-03-21T04:23:11.321596,0,0.0808,0.0314,0.0808,0.0000,0.3416,-0.1463,-0.3087,10
2026-03-21T04:23:11.321596,1,0.1740,0.1740,0.1484,0.0000,0.1524,0.0427,-0.1463,50
2026-03-21T04:23:11.321596,2,0.1392,0.1392,0.0478,0.0000,1.0288,-0.2138,1.0064,9
2026-03-21T04:23:11.321596,3,0.1070,0.1070,0.0352,0.0000,0.4837,-0.1931,0.4434,14
2026-03-21T04:23:11.390335,0,0.0804,0.0318,0.0804,0.0000,0.3397,-0.1454,-0.3070,10
2026-03-21T04:23:11.390335,1,0.1528,0.1528,0.1146,0.0000,0.1525,0.0377,-0.1477,52
2026-03-21T04:23:11.390335,2,0.1389,0.1389,0.0497,0.0000,1.0295,-0.2139,1.0070,9
2026-03-21T04:23:11.390335,3,0.1087,0.1087,0.0370,0.0000,0.4823,-0.1925,0.4422,14
2026-03-21T04:23:11.460783,0,0.0693,0.0313,0.0693,0.0000,0.3364,-0.1441,-0.3039,10
2026-03-21T04:23:11.460783,1,0.1564,0.1564,0.1398,0.0000,0.1536,0.0352,-0.1496,52
2026-03-21T04:23:11.460783,2,0.1236,0.1236,0.0268,0.0000,1.0259,-0.2221,1.0016,8
2026-03-21T04:23:11.460783,3,0.1088,0.1088,0.0349,0.0000,0.4809,-0.1919,0.4409,14
2026-03-21T04:23:11.530385,0,0.0838,0.0244,0.0838,0.0000,0.3379,-0.1446,-0.3054,10
2026-03-21T04:23:11.530385,1,0.1675,0.1675,0.1133,0.0000,0.1516,0.0379,-0.1468,50
2026-03-21T04:23:11.530385,2,0.1243,0.1243,0.0249,0.0000,1.0268,-0.2224,1.0024,8
2026-03-21T04:23:11.530385,3,0.1015,0.1015,0.0402,0.0000,0.4807,-0.1917,0.4408,14
2026-03-21T04:23:11.600262,0,0.0677,0.0314,0.0677,0.0000,0.3361,-0.1440,-0.3037,10
2026-03-21T04:23:11.600262,1,0.1504,0.1504,0.1434,0.0000,0.1534,0.0384,-0.1485,51
2026-03-21T04:23:11.600262,2,0.1378,0.1378,0.0527,0.0000,1.0315,-0.2144,1.0090,9
2026-03-21T04:23:11.600262,3,0.1022,0.1022,0.0390,0.0000,0.4803,-0.1916,0.4404,14
2026-03-21T04:23:11.669705,0,0.0804,0.0273,0.0804,0.0000,0.3378,-0.1447,-0.3052,10
2026-03-21T04:23:11.669705,1,0.1381,0.1381,0.1031,0.0000,0.1535,0.0392,-0.1484,49
2026-03-21T04:23:11.669705,2,0.1382,0.1382,0.0527,0.0000,1.0301,-0.2140,1.0076,9
2026-03-21T04:23:11.669705,3,0.1069,0.1069,0.0311,0.0000,0.4792,-0.1913,0.4393,14
2026-03-21T04:23:11.739529,0,0.0776,0.0278,0.0776,0.0000,0.3382,-0.1448,-0.3056,10
2026-03-21T04:23:11.739529,1,0.1527,0.1527,0.1135,0.0000,0.1525,0.0373,-0.1479,52
2026-03-21T04:23:11.739529,2,0.1382,0.1382,0.0477,0.0000,1.0306,-0.2142,1.0081,9
2026-03-21T04:23:11.739529,3,0.1032,0.1032,0.0410,0.0000,0.4797,-0.1914,0.4399,14
2026-03-21T04:23:11.808808,0,0.0730,0.0281,0.0730,0.0000,0.3380,-0.1447,-0.3054,10
2026-03-21T04:23:11.808808,1,0.1605,0.1605,0.1223,0.0000,0.1515,0.0374,-0.1468,52
2026-03-21T04:23:11.808808,2,0.1376,0.1376,0.0537,0.0000,1.0325,-0.2145,1.0100,9
2026-03-21T04:23:11.808808,3,0.1045,0.1045,0.0376,0.0000,0.4817,-0.1922,0.4417,14
2026-03-21T04:23:11.878516,0,0.0760,0.0335,0.0760,0.0000,0.3415,-0.1462,-0.3086,10
2026-03-21T04:23:11.878516,1,0.1416,0.1416,0.1353,0.0000,0.1529,0.0353,-0.1487,53
2026-03-21T04:23:11.878516,2,0.1362,0.1362,0.0616,0.0000,1.0341,-0.2148,1.0115,9
2026-03-21T04:23:11.878516,3,0.1072,0.1072,0.0333,0.0000,0.4821,-0.1925,0.4420,14
2026-03-21T04:23:11.948428,0,0.0784,0.0270,0.0784,0.0000,0.3382,-0.1448,-0.3056,10
2026-03-21T04:23:11.948428,1,0.1462,0.1462,0.1264,0.0000,0.1501,0.0381,-0.1451,51
2026-03-21T04:23:11.948428,2,0.1247,0.1247,0.0184,0.0000,1.0282,-0.2226,1.0038,8
2026-03-21T04:23:11.948428,3,0.1079,0.1079,0.0369,0.0000,0.4831,-0.1929,0.4429,14
2026-03-21T04:23:12.018214,0,0.0786,0.0263,0.0786,0.0000,0.3396,-0.1454,-0.3069,10
2026-03-21T04:23:12.018214,1,0.1667,0.1667,0.1136,0.0000,0.1499,0.0392,-0.1447,54
2026-03-21T04:23:12.018214,2,0.1246,0.1246,0.0214,0.0000,1.0288,-0.2228,1.0044,8
2026-03-21T04:23:12.018214,3,0.1053,0.1053,0.0395,0.0000,0.4805,-0.1917,0.4406,14
2026-03-21T04:23:12.087903,0,0.0832,0.0274,0.0832,0.0000,0.3411,-0.1459,-0.3083,10
2026-03-21T04:23:12.087903,1,0.1743,0.1743,0.1247,0.0000,0.1528,0.0428,-0.1467,52
2026-03-21T04:23:12.087903,2,0.1383,0.1383,0.0508,0.0000,1.0298,-0.2141,1.0073,9
2026-03-21T04:23:12.087903,3,0.1064,0.1064,0.0395,0.0000,0.4826,-0.1925,0.4425,14
2026-03-21T04:23:12.157178,0,0.0838,0.0264,0.0838,0.0000,0.3386,-0.1449,-0.3060,10
2026-03-21T04:23:12.157178,1,0.1548,0.1548,0.1076,0.0000,0.1518,0.0414,-0.1460,51
2026-03-21T04:23:12.157178,2,0.1390,0.1390,0.0489,0.0000,1.0322,-0.2145,1.0096,9
2026-03-21T04:23:12.157178,3,0.1051,0.1051,0.0367,0.0000,0.4778,-0.1907,0.4381,14
2026-03-21T04:23:12.227762,0,0.0685,0.0296,0.0685,0.0000,0.3376,-0.1446,-0.3050,10
2026-03-21T04:23:12.227762,1,0.1532,0.1532,0.1081,0.0000,0.1509,0.0377,-0.1461,53
2026-03-21T04:23:12.227762,2,0.1208,0.1208,0.0409,0.0000,1.0281,-0.2048,1.0074,8
2026-03-21T04:23:12.227762,3,0.1051,0.1051,0.0369,0.0000,0.4804,-0.1916,0.4405,14
2026-03-21T04:23:12.296394,0,0.0827,0.0240,0.0827,0.0000,0.3397,-0.1454,-0.3070,10
2026-03-21T04:23:12.296394,1,0.1585,0.1585,0.1100,0.0000,0.1516,0.0394,-0.1464,52
2026-03-21T04:23:12.296394,2,0.1215,0.1215,0.0471,0.0000,1.0283,-0.2049,1.0077,8
2026-03-21T04:23:12.296394,3,0.1067,0.1067,0.0485,0.0000,0.4792,-0.1911,0.4395,14
2026-03-21T04:23:12.366632,0,0.0778,0.0288,0.0778,0.0000,0.3364,-0.1441,-0.3040,10
2026-03-21T04:23:12.366632,1,0.1593,0.1593,0.1128,0.0000,0.1514,0.0374,-0.1467,52
2026-03-21T04:23:12.366632,2,0.1397,0.1397,0.0498,0.0000,1.0301,-0.2141,1.0076,9
2026-03-21T04:23:12.366632,3,0.1040,0.1040,0.0400,0.0000,0.4804,-0.1919,0.4404,14
2026-03-21T04:23:12.436997,0,0.0808,0.0295,0.0808,0.0000,0.3399,-0.1455,-0.3071,10
2026-03-21T04:23:12.436997,1,0.1675,0.1675,0.1021,0.0000,0.1515,0.0400,-0.1462,50
2026-03-21T04:23:12.436997,2,0.1386,0.1386,0.0458,0.0000,1.0276,-0.2136,1.0052,9
2026-03-21T04:23:12.436997,3,0.1065,0.1065,0.0412,0.0000,0.4793,-0.1913,0.4395,14
2026-03-21T04:23:12.505652,0,0.0787,0.0284,0.0787,0.0000,0.3395,-0.1453,-0.3068,10
2026-03-21T04:23:12.505652,1,0.1686,0.1686,0.1077,0.0000,0.1496,0.0379,-0.1448,53
2026-03-21T04:23:12.505652,2,0.1234,0.1234,0.0233,0.0000,1.0293,-0.2229,1.0049,8
2026-03-21T04:23:12.505652,3,0.1107,0.1107,0.0375,0.0000,0.4813,-0.1921,0.4413,14
2026-03-21T04:23:12.574869,0,0.0840,0.0256,0.0840,0.0000,0.3402,-0.1456,-0.3075,10
2026-03-21T04:23:12.574869,1,0.1609,0.1609,0.1030,0.0000,0.1518,0.0368,-0.1473,52
2026-03-21T04:23:12.574869,2,0.1369,0.1369,0.0536,0.0000,1.0296,-0.2140,1.0071,9
2026-03-21T04:23:12.574869,3,0.1057,0.1057,0.0459,0.0000,0.4802,-0.1915,0.4403,14
2026-03-21T04:23:12.644220,0,0.0803,0.0226,0.0803,0.0000,0.3404,-0.1456,-0.3076,10
2026-03-21T04:23:12.644220,1,0.1620,0.1620,0.1013,0.0000,0.1504,0.0374,-0.1457,54
2026-03-21T04:23:12.644220,2,0.1394,0.1394,0.0458,0.0000,1.0323,-0.2146,1.0097,9
2026-03-21T04:23:12.644220,3,0.1050,0.1050,0.0392,0.0000,0.4787,-0.1911,0.4389,14
2026-03-21T04:23:12.713486,0,0.0780,0.0295,0.0780,0.0000,0.3407,-0.1459,-0.3078,10
2026-03-21T04:23:12.713486,1,0.1836,0.1836,0.0972,0.0000,0.1485,0.0388,-0.1434,54
2026-03-21T04:23:12.713486,2,0.1200,0.1200,0.0458,0.0000,1.0273,-0.2047,1.0067,8
2026-03-21T04:23:12.713486,3,0.1050,0.1050,0.0377,0.0000,0.4802,-0.1915,0.4403,14
2026-03-21T04:23:12.783566,0,0.0812,0.0263,0.0812,0.0000,0.3389,-0.1451,-0.3062,10
2026-03-21T04:23:12.783566,1,0.1608,0.1608,0.1044,0.0000,0.1513,0.0398,-0.1459,52
2026-03-21T04:23:12.783566,2,0.1200,0.1200,0.0438,0.0000,1.0273,-0.2047,1.0067,8
2026-03-21T04:23:12.783566,3,0.1108,0.1108,0.0858,0.0000,0.4837,-0.1889,0.4453,15
2026-03-21T04:23:12.853134,0,0.0776,0.0278,0.0776,0.0000,0.3379,-0.1447,-0.3053,10
2026-03-21T04:23:12.853134,1,0.1625,0.1625,0.1316,0.0000,0.1507,0.0371,-0.1460,56
2026-03-21T04:23:12.853134,2,0.1212,0.1212,0.0389,0.0000,1.0290,-0.2051,1.0084,8
2026-03-21T04:23:12.853134,3,0.1068,0.1068,0.0389,0.0000,0.4815,-0.1922,0.4415,14
2026-03-21T04:23:12.923364,0,0.0846,0.0254,0.0846,0.0000,0.3363,-0.1439,-0.3039,10
2026-03-21T04:23:12.923364,1,0.1545,0.1545,0.1102,0.0000,0.1512,0.0393,-0.1460,52
2026-03-21T04:23:12.923364,2,0.1216,0.1216,0.0349,0.0000,1.0287,-0.2051,1.0080,8
2026-03-21T04:23:12.923364,3,0.1055,0.1055,0.0384,0.0000,0.4775,-0.1905,0.4379,14
2026-03-21T04:23:12.992974,0,0.0843,0.0276,0.0843,0.0000,0.3388,-0.1450,-0.3062,10
2026-03-21T04:23:12.992974,1,0.1581,0.1581,0.1187,0.0000,0.1486,0.0376,-0.1437,53
2026-03-21T04:23:12.992974,2,0.1217,0.1217,0.0372,0.0000,1.0263,-0.2045,1.0057,8
2026-03-21T04:23:12.992974,3,0.1079,0.1079,0.0390,0.0000,0.4790,-0.1912,0.4392,14
2026-03-21T04:23:13.062689,0,0.0858,0.0278,0.0858,0.0000,0.3373,-0.1443,-0.3049,10
2026-03-21T04:23:13.062689,1,0.1769,0.1769,0.1064,0.0000,0.1514,0.0403,-0.1459,52
2026-03-21T04:23:13.062689,2,0.1218,0.1218,0.0329,0.0000,1.0256,-0.2045,1.0050,8
2026-03-21T04:23:13.062689,3,0.1066,0.1066,0.0923,0.0000,0.4836,-0.1887,0.4453,15
2026-03-21T04:23:13.133603,0,0.0648,0.0294,0.0648,0.0000,0.3397,-0.1455,-0.3069,10
2026-03-21T04:23:13.133603,1,0.1463,0.1463,0.1082,0.0000,0.1524,0.0425,-0.1464,50
2026-03-21T04:23:13.133603,2,0.1224,0.1224,0.0249,0.0000,1.0231,-0.2040,1.0025,8
2026-03-21T04:23:13.133603,3,0.1063,0.1063,0.0750,0.0000,0.4828,-0.1886,0.4445,15
2026-03-21T04:23:13.202993,0,0.0836,0.0275,0.0836,0.0000,0.3379,-0.1446,-0.3054,10
2026-03-21T04:23:13.202993,1,0.1584,0.1584,0.1177,0.0000,0.1528,0.0372,-0.1482,54
2026-03-21T04:23:13.202993,2,0.1216,0.1216,0.0349,0.0000,1.0271,-0.2047,1.0064,8
2026-03-21T04:23:13.202993,3,0.1046,0.1046,0.0386,0.0000,0.4800,-0.1916,0.4401,14
2026-03-21T04:23:13.272143,0,0.0802,0.0286,0.0802,0.0000,0.3370,-0.1443,-0.3045,10
2026-03-21T04:23:13.272143,1,0.1392,0.1392,0.1150,0.0000,0.1512,0.0365,-0.1468,52
2026-03-21T04:23:13.272143,2,0.1232,0.1232,0.0291,0.0000,1.0278,-0.2049,1.0072,8
2026-03-21T04:23:13.272143,3,0.1054,0.1054,0.0359,0.0000,0.4813,-0.1921,0.4413,14
2026-03-21T04:23:13.341439,0,0.0742,0.0305,0.0742,0.0000,0.3425,-0.1467,-0.3095,10
2026-03-21T04:23:13.341439,1,0.1705,0.1705,0.1188,0.0000,0.1503,0.0437,-0.1438,51
2026-03-21T04:23:13.341439,2,0.1216,0.1216,0.0339,0.0000,1.0254,-0.2044,1.0048,8
2026-03-21T04:23:13.341439,3,0.1021,0.1021,0.0431,0.0000,0.4782,-0.1907,0.4386,14
2026-03-21T04:23:13.410632,0,0.0789,0.0306,0.0789,0.0000,0.3417,-0.1463,-0.3088,10
2026-03-21T04:23:13.410632,1,0.1737,0.1737,0.1115,0.0000,0.1524,0.0441,-0.1459,50
2026-03-21T04:23:13.410632,2,0.1223,0.1223,0.0341,0.0000,1.0277,-0.2049,1.0070,8
2026-03-21T04:23:13.410632,3,0.1062,0.1062,0.0357,0.0000,0.4802,-0.1917,0.4403,14
2026-03-21T04:23:13.479941,0,0.0839,0.0275,0.0839,0.0000,0.3398,-0.1455,-0.3071,10
2026-03-21T04:23:13.479941,1,0.1539,0.1539,0.1169,0.0000,0.1507,0.0370,-0.1461,52
2026-03-21T04:23:13.479941,2,0.1229,0.1229,0.0324,0.0000,1.0267,-0.2047,1.0061,8
2026-03-21T04:23:13.479941,3,0.1033,0.1033,0.0395,0.0000,0.4806,-0.1917,0.4407,14
2026-03-21T04:23:13.549585,0,0.0850,0.0273,0.0850,0.0000,0.3375,-0.1444,-0.3050,10
2026-03-21T04:23:13.549585,1,0.1474,0.1474,0.1079,0.0000,0.1503,0.0381,-0.1454,53
2026-03-21T04:23:13.549585,2,0.1214,0.1214,0.0349,0.0000,1.0259,-0.2045,1.0053,8
2026-03-21T04:23:13.549585,3,0.1073,0.1073,0.0406,0.0000,0.4808,-0.1917,0.4409,14
2026-03-21T04:23:13.618977,0,0.0867,0.0258,0.0867,0.0000,0.3391,-0.1451,-0.3065,10
2026-03-21T04:23:13.618977,1,0.1337,0.1337,0.1116,0.0000,0.1516,0.0390,-0.1465,50
2026-03-21T04:23:13.618977,2,0.1223,0.1223,0.0320,0.0000,1.0286,-0.2051,1.0079,8
2026-03-21T04:23:13.618977,3,0.1135,0.1135,0.0379,0.0000,0.4810,-0.1920,0.4410,14
2026-03-21T04:23:13.689245,0,0.0788,0.0294,0.0788,0.0000,0.3374,-0.1445,-0.3049,10
2026-03-21T04:23:13.689245,1,0.1550,0.1550,0.1249,0.0000,0.1503,0.0389,-0.1452,52
2026-03-21T04:23:13.689245,2,0.1196,0.1196,0.0478,0.0000,1.0308,-0.2054,1.0101,8
2026-03-21T04:23:13.689245,3,0.1029,0.1029,0.0382,0.0000,0.4826,-0.1926,0.4425,14
2026-03-21T04:23:13.759560,0,0.0742,0.0290,0.0742,0.0000,0.3380,-0.1448,-0.3054,10
2026-03-21T04:23:13.759560,1,0.1553,0.1553,0.1037,0.0000,0.1510,0.0390,-0.1459,54
2026-03-21T04:23:13.759560,2,0.1208,0.1208,0.0378,0.0000,1.0273,-0.2047,1.0067,8
2026-03-21T04:23:13.759560,3,0.1023,0.1023,0.0418,0.0000,0.4796,-0.1913,0.4398,14
2026-03-21T04:23:13.829162,0,0.0842,0.0271,0.0842,0.0000,0.3385,-0.1449,-0.3059,10
2026-03-21T04:23:13.829162,1,0.1665,0.1665,0.1066,0.0000,0.1479,0.0387,-0.1428,54
2026-03-21T04:23:13.829162,2,0.1205,0.1205,0.0418,0.0000,1.0277,-0.2048,1.0071,8
2026-03-21T04:23:13.829162,3,0.1010,0.1010,0.0401,0.0000,0.4782,-0.1907,0.4385,14
2026-03-21T04:23:13.898295,0,0.0776,0.0250,0.0776,0.0000,0.3396,-0.1454,-0.3069,10
2026-03-21T04:23:13.898295,1,0.1524,0.1524,0.1136,0.0000,0.1492,0.0388,-0.1441,52
2026-03-21T04:23:13.898295,2,0.1405,0.1405,0.0498,0.0000,1.0305,-0.2142,1.0080,9
2026-03-21T04:23:13.898295,3,0.1008,0.1008,0.0448,0.0000,0.4819,-0.1922,0.4419,14
2026-03-21T04:23:13.968511,0,0.0900,0.0239,0.0900,0.0000,0.3376,-0.1444,-0.3051,10
2026-03-21T04:23:13.968511,1,0.1518,0.1518,0.1202,0.0000,0.1518,0.0423,-0.1458,52
2026-03-21T04:23:13.968511,2,0.1404,0.1404,0.0438,0.0000,1.0286,-0.2139,1.0061,9
2026-03-21T04:23:13.968511,3,0.1051,0.1051,0.0412,0.0000,0.4787,-0.1910,0.4390,14
2026-03-21T04:23:14.036890,0,0.0732,0.0300,0.0732,0.0000,0.3370,-0.1444,-0.3045,10
2026-03-21T04:23:14.036890,1,0.1498,0.1498,0.1115,0.0000,0.1518,0.0445,-0.1452,51
2026-03-21T04:23:14.036890,2,0.1240,0.1240,0.0234,0.0000,1.0297,-0.2229,1.0053,8
2026-03-21T04:23:14.036890,3,0.0982,0.0982,0.0442,0.0000,0.4735,-0.1887,0.4342,14
2026-03-21T04:23:14.106777,0,0.1190,0.0285,0.1190,0.0000,0.3378,-0.1415,-0.3068,11
2026-03-21T04:23:14.106777,1,0.1725,0.1725,0.1054,0.0000,0.1520,0.0469,-0.1445,56
2026-03-21T04:23:14.106777,2,0.1250,0.1250,0.0241,0.0000,1.0345,-0.2240,1.0100,8
2026-03-21T04:23:14.106777,3,0.0913,0.0913,0.0778,0.0000,0.4717,-0.1879,0.4327,14
2026-03-21T04:23:14.176818,0,0.1100,0.0265,0.1100,0.0000,0.3291,-0.1350,-0.3002,12
2026-03-21T04:23:14.176818,1,0.1623,0.1623,0.0957,0.0000,0.1445,0.0440,-0.1376,63
2026-03-21T04:23:14.176818,2,0.1415,0.1415,0.0504,0.0000,1.0533,-0.2368,1.0263,9
2026-03-21T04:23:14.176818,3,0.0815,0.0812,0.0815,0.0000,0.4595,-0.1866,0.4199,13
2026-03-21T04:23:14.246769,0,0.0892,0.0767,0.0892,0.0000,0.3208,-0.1194,-0.2978,17
2026-03-21T04:23:14.246769,1,0.1597,0.1597,0.0858,0.0000,0.1423,0.0414,-0.1361,58
2026-03-21T04:23:14.246769,2,0.1521,0.1521,0.0197,0.0000,1.0746,-0.2603,1.0426,9
2026-03-21T04:23:14.246769,3,0.0739,0.0688,0.0739,0.0000,0.4439,-0.1839,0.4041,12
2026-03-21T04:23:14.317646,0,0.0770,0.0770,0.0480,0.0000,0.3087,-0.1180,-0.2852,16
2026-03-21T04:23:14.317646,1,0.1913,0.1913,0.0883,0.0000,0.1426,0.0426,-0.1361,63
2026-03-21T04:23:14.317646,2,0.1538,0.1538,0.0297,0.0000,1.1038,-0.2859,1.0661,9
2026-03-21T04:23:14.317646,3,0.0660,0.0660,0.0286,0.0000,0.4267,-0.1838,0.3850,10
2026-03-21T04:23:14.387631,0,0.0825,0.0825,0.0601,0.0000,0.2979,-0.1145,-0.2750,16
2026-03-21T04:23:14.387631,1,0.1610,0.1610,0.0783,0.0000,0.1451,0.0421,-0.1389,62
2026-03-21T04:23:14.387631,2,0.1781,0.1781,0.0323,0.0000,1.1327,-0.3029,1.0914,10
2026-03-21T04:23:14.387631,3,0.0634,0.0634,0.0202,0.0000,0.4167,-0.1795,0.3760,10
2026-03-21T04:23:14.457633,0,0.0702,0.0702,0.0435,0.0000,0.2941,-0.1155,-0.2705,15
2026-03-21T04:23:14.457633,1,0.1685,0.1685,0.0914,0.0000,0.1498,0.0376,-0.1451,60
2026-03-21T04:23:14.457633,2,0.1907,0.1907,0.0185,0.0000,1.1651,-0.3120,1.1226,10
2026-03-21T04:23:14.457633,3,0.0545,0.0545,0.0439,0.0000,0.4086,-0.1759,0.3688,10
2026-03-21T04:23:14.527319,0,0.0709,0.0709,0.0509,0.0000,0.2930,-0.1149,-0.2695,15
2026-03-21T04:23:14.527319,1,0.1697,0.1697,0.0731,0.0000,0.1522,0.0376,-0.1475,59
2026-03-21T04:23:14.527319,2,0.0560,0.0560,0.0559,0.0000,0.3999,-0.1721,0.3610,10
2026-03-21T04:23:14.596002,0,0.0744,0.0744,0.0538,0.0000,0.2961,-0.1160,-0.2725,15
2026-03-21T04:23:14.596002,1,0.1668,0.1668,0.0635,0.0000,0.1543,0.0359,-0.1501,57
2026-03-21T04:23:14.596002,2,0.0583,0.0583,0.0533,0.0000,0.3952,-0.1701,0.3567,10
2026-03-21T04:23:14.664493,0,0.0754,0.0754,0.0589,0.0000,0.2921,-0.1169,-0.2677,14
2026-03-21T04:23:14.664493,1,0.1648,0.1648,0.0911,0.0000,0.1566,0.0311,-0.1535,55
2026-03-21T04:23:14.664493,2,0.0603,0.0603,0.0460,0.0000,0.3914,-0.1686,0.3532,10
2026-03-21T04:23:14.734347,0,0.0829,0.0829,0.0703,0.0000,0.2905,-0.1141,-0.2672,15
2026-03-21T04:23:14.734347,1,0.1426,0.1426,0.0533,0.0000,0.1582,0.0323,-0.1549,53
2026-03-21T04:23:14.734347,2,0.0543,0.0543,0.0496,0.0000,0.3859,-0.1662,0.3483,10
2026-03-21T04:23:14.804692,0,0.0839,0.0839,0.0731,0.0000,0.2901,-0.1140,-0.2667,15
2026-03-21T04:23:14.804692,1,0.1512,0.1512,0.0657,0.0000,0.1622,0.0335,-0.1587,53
2026-03-21T04:23:14.804692,2,0.0579,0.0579,0.0110,0.0000,0.3792,-0.1666,0.3406,9
2026-03-21T04:23:14.873817,0,0.0573,0.0573,0.0420,0.0000,0.2995,-0.1193,-0.2747,14
2026-03-21T04:23:14.873817,1,0.1634,0.1634,0.0708,0.0000,0.1694,0.0333,-0.1661,52
2026-03-21T04:23:14.873817,2,0.0548,0.0548,0.0297,0.0000,0.3787,-0.1662,0.3403,9
2026-03-21T04:23:14.943418,0,0.0787,0.0787,0.0440,0.0000,0.2943,-0.1130,-0.2717,16
2026-03-21T04:23:14.943418,1,0.1841,0.1841,0.0834,0.0000,0.1763,0.0375,-0.1723,52
2026-03-21T04:23:14.943418,2,0.0561,0.0561,0.0413,0.0000,0.3804,-0.1669,0.3418,9
2026-03-21T04:23:15.013165,0,0.2862,0.2862,0.1563,0.0000,0.2055,0.0010,-0.2055,67
2026-03-21T04:23:15.013165,1,0.0500,0.0500,0.0300,0.0000,0.3799,-0.1666,0.3415,9
2026-03-21T04:23:15.083635,0,0.2669,0.2669,0.1721,0.0000,0.2618,-0.0214,-0.2609,51
2026-03-21T04:23:15.083635,1,0.0667,0.0446,0.0667,0.0000,0.2148,0.1027,-0.1887,10
2026-03-21T04:23:15.083635,2,0.0487,0.0487,0.0392,0.0000,0.3756,-0.1647,0.3376,9
2026-03-21T04:23:15.153092,0,0.2895,0.2895,0.2238,0.0000,0.2717,-0.0203,-0.2709,51
2026-03-21T04:23:15.223914,0,0.2965,0.2965,0.2332,0.0000,0.2721,-0.0209,-0.2713,51
2026-03-21T04:23:15.223914,1,0.1097,0.1097,0.0258,0.0000,1.2593,0.5224,-1.1458,6
2026-03-21T04:23:15.223914,2,0.0915,0.0915,0.0308,0.0000,1.3414,0.7308,-1.1249,5
2026-03-21T04:23:15.293462,0,0.2857,0.2857,0.2217,0.0000,0.2727,-0.0242,-0.2717,50
2026-03-21T04:23:15.293462,1,0.2711,0.2711,0.0533,0.0000,1.2574,0.5725,-1.1195,13
2026-03-21T04:23:15.363409,0,0.3079,0.3079,0.2483,0.0000,0.2799,-0.0242,-0.2789,50
2026-03-21T04:23:15.363409,1,0.2161,0.2161,0.0469,0.0000,1.2264,0.5193,-1.1110,11
2026-03-21T04:23:15.432796,0,0.2920,0.2920,0.2061,0.0000,0.2807,-0.0313,-0.2789,48
2026-03-21T04:23:15.432796,1,0.3094,0.3094,0.0482,0.0000,1.2111,0.5331,-1.0875,15
2026-03-21T04:23:15.502489,0,0.2807,0.2807,0.2137,0.0000,0.2814,-0.0350,-0.2792,47
2026-03-21T04:23:15.502489,1,0.2816,0.2816,0.0396,0.0000,1.1879,0.5131,-1.0714,14
2026-03-21T04:23:15.571261,0,0.2889,0.2889,0.2425,0.0000,0.2912,-0.0355,-0.2891,47
2026-03-21T04:23:15.571261,1,0.4343,0.4343,0.0721,0.0000,1.1816,0.5407,-1.0506,21
2026-03-21T04:23:15.641014,0,0.2551,0.2551,0.1395,0.0000,0.2991,-0.0435,-0.2960,43
2026-03-21T04:23:15.641014,1,0.4233,0.4233,0.0673,0.0000,1.1517,0.5088,-1.0332,21
2026-03-21T04:23:15.709769,0,0.2375,0.2375,0.1821,0.0000,0.2990,-0.0536,-0.2941,42
2026-03-21T04:23:15.709769,1,0.5306,0.5306,0.0802,0.0000,1.1380,0.5141,-1.0152,26
2026-03-21T04:23:15.709769,2,0.0656,0.0398,0.0656,0.0000,1.0615,0.9771,0.4147,5
2026-03-21T04:23:15.780650,0,0.1474,0.1474,0.0908,0.0000,0.3486,-0.1290,-0.3239,18
2026-03-21T04:23:15.780650,1,0.0165,0.0154,0.0165,0.0000,0.2033,-0.0389,-0.1996,5
2026-03-21T04:23:15.780650,2,0.1124,0.1005,0.1124,0.0000,0.3144,0.0093,-0.3142,19
2026-03-21T04:23:15.780650,3,0.5935,0.5935,0.0879,0.0000,1.1293,0.5208,-1.0020,29
2026-03-21T04:23:15.780650,4,0.0614,0.0410,0.0614,0.0000,1.0417,0.9363,0.4566,5
2026-03-21T04:23:15.849906,0,0.2562,0.2562,0.1188,0.0000,0.3281,-0.0625,-0.3221,38
2026-03-21T04:23:15.849906,1,0.4648,0.4648,0.0610,0.0000,1.1010,0.4436,-1.0076,24
2026-03-21T04:23:15.849906,2,0.0755,0.0506,0.0755,0.0000,1.0264,0.9104,0.4739,6
2026-03-21T04:23:15.919407,0,0.2494,0.2494,0.1129,0.0000,0.3411,-0.0680,-0.3343,37
2026-03-21T04:23:15.919407,1,0.5488,0.5488,0.0770,0.0000,1.0982,0.4621,-0.9963,28
2026-03-21T04:23:15.919407,2,0.0802,0.0329,0.0802,0.0000,1.2380,1.1558,0.4437,5
2026-03-21T04:23:15.919407,3,0.0917,0.0561,0.0917,0.0000,1.0161,0.8617,0.5384,7
2026-03-21T04:23:15.989716,0,0.1089,0.1089,0.0750,0.0000,0.3976,-0.1493,-0.3685,17
2026-03-21T04:23:15.989716,1,0.1061,0.0893,0.1061,0.0000,0.3210,-0.0089,-0.3209,17
2026-03-21T04:23:15.989716,2,0.5174,0.5174,0.0674,0.0000,1.0809,0.4278,-0.9927,27
2026-03-21T04:23:15.989716,3,0.1347,0.1012,0.1347,0.0000,1.1759,1.0571,0.5150,9
2026-03-21T04:23:15.989716,4,0.1119,0.0674,0.1119,0.0000,1.0325,0.7965,0.6571,8
2026-03-21T04:23:16.058567,0,0.1291,0.1291,0.0819,0.0000,0.4073,-0.1503,-0.3786,18
2026-03-21T04:23:16.058567,1,0.1123,0.0811,0.1123,0.0000,0.3263,-0.0129,-0.3260,14
2026-03-21T04:23:16.058567,2,0.5599,0.5599,0.0694,0.0000,1.0994,0.4981,-0.9801,28
2026-03-21T04:23:16.058567,3,0.1868,0.1470,0.1868,0.0000,1.1202,0.8947,0.6741,13
2026-03-21T04:23:16.058567,4,0.0546,0.0523,0.0546,0.0000,1.0713,0.7441,0.7706,5
2026-03-21T04:23:16.058567,5,0.0704,0.0704,0.0295,0.0000,1.0555,0.6205,0.8538,5
2026-03-21T04:23:16.128882,0,0.1053,0.1053,0.0983,0.0000,0.4275,-0.1635,-0.3950,16
2026-03-21T04:23:16.128882,1,0.0588,0.0140,0.0588,0.0000,0.1885,-0.0358,-0.1851,5
2026-03-21T04:23:16.128882,2,0.1244,0.0520,0.1244,0.0000,0.3419,-0.0160,-0.3415,11
2026-03-21T04:23:16.128882,3,0.5209,0.5209,0.0637,0.0000,1.0805,0.4454,-0.9845,27
2026-03-21T04:23:16.128882,4,0.0790,0.0790,0.0523,0.0000,1.0814,0.6433,0.8692,6
2026-03-21T04:23:16.198789,0,0.1008,0.0866,0.1008,0.0000,0.4412,-0.1683,-0.4079,14
2026-03-21T04:23:16.198789,1,0.1412,0.0791,0.1412,0.0000,0.3274,-0.0318,-0.3259,12
2026-03-21T04:23:16.198789,2,0.5643,0.5643,0.0685,0.0000,1.0781,0.4453,-0.9818,29
2026-03-21T04:23:16.198789,3,0.1241,0.1241,0.0720,0.0000,1.1251,0.6372,0.9273,8
2026-03-21T04:23:16.268198,0,0.0892,0.0709,0.0892,0.0000,0.4528,-0.1765,-0.4170,11
2026-03-21T04:23:16.268198,1,0.0870,0.0062,0.0870,0.0000,0.1809,-0.0330,-0.1779,5
2026-03-21T04:23:16.268198,2,0.1300,0.0673,0.1300,0.0000,0.3372,-0.0386,-0.3350,8
2026-03-21T04:23:16.268198,3,0.5657,0.5657,0.0675,0.0000,1.0777,0.4453,-0.9814,29
2026-03-21T04:23:16.338173,0,0.0626,0.0447,0.0626,0.0000,0.3842,-0.1726,-0.3433,5
2026-03-21T04:23:16.338173,1,0.0430,0.0407,0.0430,0.0000,0.4753,-0.1895,-0.4359,6
2026-03-21T04:23:16.338173,2,0.0686,0.0458,0.0686,0.0000,0.3407,-0.1002,-0.3256,5
2026-03-21T04:23:16.338173,3,0.0805,0.0805,0.0805,0.0000,0.7149,0.0508,-0.7130,7
2026-03-21T04:23:16.338173,4,0.5665,0.5665,0.0613,0.0000,1.0782,0.4456,-0.9818,29
2026-03-21T04:23:16.408850,0,0.1491,0.1491,0.0981,0.0000,0.3462,-0.1181,-0.3255,16
2026-03-21T04:23:16.408850,1,0.0472,0.0208,0.0472,0.0000,0.1949,-0.0408,-0.1906,5
2026-03-21T04:23:16.408850,2,0.1797,0.1797,0.1665,0.0000,0.6938,0.0522,-0.6919,15
2026-03-21T04:23:16.408850,3,0.4682,0.4682,0.0513,0.0000,1.0855,0.4725,-0.9773,24
2026-03-21T04:23:16.477870,0,0.1148,0.1148,0.1045,0.0000,0.3540,-0.1344,-0.3275,14
2026-03-21T04:23:16.477870,1,0.0749,0.0269,0.0749,0.0000,0.1861,-0.0391,-0.1820,5
2026-03-21T04:23:16.477870,2,0.2264,0.2264,0.1782,0.0000,0.6879,0.0532,-0.6859,19
2026-03-21T04:23:16.477870,3,0.4662,0.4662,0.0432,0.0000,1.0983,0.5041,-0.9758,23
2026-03-21T04:23:16.547568,0,0.1481,0.1481,0.1050,0.0000,0.3551,-0.1341,-0.3288,17
2026-03-21T04:23:16.547568,1,0.0770,0.0240,0.0770,0.0000,0.1963,-0.0408,-0.1920,5
2026-03-21T04:23:16.547568,2,0.2886,0.2886,0.1886,0.0000,0.6872,0.0612,-0.6845,24
2026-03-21T04:23:16.547568,3,0.4037,0.4037,0.0418,0.0000,1.1127,0.5352,-0.9755,20
2026-03-21T04:23:16.617394,0,0.1327,0.1327,0.0767,0.0000,0.3446,-0.1314,-0.3186,17
2026-03-21T04:23:16.617394,1,0.3680,0.3680,0.2123,0.0000,0.6992,0.0704,-0.6957,29
2026-03-21T04:23:16.617394,2,0.3463,0.3463,0.0301,0.0000,1.1218,0.5472,-0.9793,17
2026-03-21T04:23:16.685514,0,0.1129,0.1129,0.0499,0.0000,0.3436,-0.1299,-0.3181,17
2026-03-21T04:23:16.685514,1,0.3405,0.3405,0.0891,0.0000,0.7449,0.1011,-0.7380,26
2026-03-21T04:23:16.685514,2,0.3312,0.3312,0.0317,0.0000,1.1478,0.5857,-0.9871,16
2026-03-21T04:23:16.756045,0,0.0798,0.0798,0.0329,0.0000,0.3471,-0.1356,-0.3195,15
2026-03-21T04:23:16.756045,1,0.3308,0.3308,0.0380,0.0000,0.7761,0.1298,-0.7651,24
2026-03-21T04:23:16.756045,2,0.3380,0.3380,0.0338,0.0000,1.1558,0.5898,-0.9940,16
2026-03-21T04:23:16.825578,0,0.0629,0.0624,0.0629,0.0000,0.3529,-0.1402,-0.3238,14
2026-03-21T04:23:16.825578,1,0.3189,0.3189,0.0548,0.0000,0.7877,0.1377,-0.7756,23
2026-03-21T04:23:16.825578,2,0.2906,0.2906,0.0257,0.0000,1.1499,0.5686,-0.9995,14
2026-03-21T04:23:16.825578,3,0.0985,0.0985,0.0584,0.0000,1.0435,0.6985,0.7753,7
2026-03-21T04:23:16.895549,0,0.0535,0.0452,0.0535,0.0000,0.3560,-0.1499,-0.3229,11
2026-03-21T04:23:16.895549,1,0.1149,0.0315,0.1149,0.0000,0.5662,-0.1487,-0.5463,6
2026-03-21T04:23:16.895549,2,0.0783,0.0783,0.0303,0.0000,1.0805,-0.0945,-1.0763,5
2026-03-21T04:23:16.895549,3,0.2853,0.2853,0.0995,0.0000,0.8283,0.1649,-0.8118,20
2026-03-21T04:23:16.895549,4,0.3160,0.3160,0.0236,0.0000,1.1562,0.5632,-1.0097,15
2026-03-21T04:23:16.895549,5,0.1298,0.1298,0.0899,0.0000,0.9771,0.6475,0.7317,10
2026-03-21T04:23:16.965011,0,0.0627,0.0300,0.0627,0.0000,0.3635,-0.1588,-0.3270,9
2026-03-21T04:23:16.965011,1,0.0954,0.0320,0.0954,0.0000,0.5542,-0.1612,-0.5303,7
2026-03-21T04:23:16.965011,2,0.3368,0.3368,0.1156,0.0000,0.8633,0.1183,-0.8552,23
2026-03-21T04:23:16.965011,3,0.2171,0.2171,0.0173,0.0000,1.1411,0.5015,-1.0250,11
2026-03-21T04:23:16.965011,4,0.0932,0.0932,0.0146,0.0000,1.2236,0.6845,-1.0142,5
2026-03-21T04:23:16.965011,5,0.2019,0.2019,0.0492,0.0000,0.9626,0.6327,0.7255,11
2026-03-21T04:23:17.034735,0,0.0879,0.0120,0.0879,0.0000,0.3755,-0.1698,-0.3349,7
2026-03-21T04:23:17.034735,1,0.1065,0.0560,0.1065,0.0000,0.5425,-0.1711,-0.5148,10
2026-03-21T04:23:17.034735,2,0.3315,0.3315,0.1073,0.0000,0.9153,0.0130,-0.9152,21
2026-03-21T04:23:17.034735,3,0.4721,0.4721,0.0512,0.0000,1.1551,0.4933,-1.0445,23
2026-03-21T04:23:17.034735,4,0.1206,0.1206,0.0187,0.0000,0.9427,0.6190,0.7110,7
2026-03-21T04:23:17.104277,0,0.0925,0.0792,0.0925,0.0000,0.5412,-0.1797,-0.5105,12
2026-03-21T04:23:17.104277,1,0.1196,0.1196,0.0372,0.0000,0.9717,-0.0762,-0.9687,8
2026-03-21T04:23:17.104277,2,0.0771,0.0771,0.0145,0.0000,1.0943,0.0574,-1.0928,5
2026-03-21T04:23:17.104277,3,0.4656,0.4656,0.0472,0.0000,1.1506,0.4353,-1.0651,23
2026-03-21T04:23:17.104277,4,0.0483,0.0483,0.0082,0.0000,1.2692,0.7281,-1.0396,3
2026-03-21T04:23:17.104277,5,0.1132,0.1132,0.0240,0.0000,0.9414,0.6181,0.7101,7
2026-03-21T04:23:17.174220,0,0.1036,0.1036,0.0904,0.0000,0.5404,-0.1884,-0.5065,14
2026-03-21T04:23:17.174220,1,0.1754,0.1754,0.0135,0.0000,1.1143,0.0097,-1.1143,10
2026-03-21T04:23:17.174220,2,0.4249,0.4249,0.0474,0.0000,1.1623,0.4389,-1.0762,21
2026-03-21T04:23:17.174220,3,0.1443,0.1443,0.0393,0.0000,0.9430,0.6195,0.7110,9
2026-03-21T04:23:17.243779,0,0.1101,0.1101,0.0999,0.0000,0.5417,-0.1932,-0.5061,15
2026-03-21T04:23:17.243779,1,0.1769,0.1769,0.0122,0.0000,1.1240,-0.0100,-1.1239,10
2026-03-21T04:23:17.243779,2,0.4543,0.4543,0.0524,0.0000,1.1759,0.4540,-1.0847,22
2026-03-21T04:23:17.243779,3,0.1908,0.1908,0.0475,0.0000,0.9557,0.6409,0.7090,11
2026-03-21T04:23:17.314563,0,0.1181,0.1181,0.1030,0.0000,0.5445,-0.1987,-0.5069,16
2026-03-21T04:23:17.314563,1,0.1970,0.1970,0.0203,0.0000,1.1273,-0.0199,-1.1271,11
2026-03-21T04:23:17.314563,2,0.3832,0.3832,0.0402,0.0000,1.1703,0.4222,-1.0915,19
2026-03-21T04:23:17.314563,3,0.1492,0.1492,0.0576,0.0000,0.9377,0.6160,0.7070,9
2026-03-21T04:23:17.383624,0,0.1244,0.1244,0.1167,0.0000,0.5440,-0.2030,-0.5047,17
2026-03-21T04:23:17.383624,1,0.2190,0.2190,0.0177,0.0000,1.1334,-0.0102,-1.1333,12
2026-03-21T04:23:17.383624,2,0.5031,0.5031,0.0556,0.0000,1.1895,0.4602,-1.0969,24
2026-03-21T04:23:17.383624,3,0.2141,0.2141,0.0437,0.0000,0.9597,0.6501,0.7061,12
2026-03-21T04:23:17.453520,0,0.1368,0.1368,0.1058,0.0000,0.5459,-0.2040,-0.5064,17
2026-03-21T04:23:17.453520,1,0.2206,0.2206,0.0188,0.0000,1.1405,-0.0102,-1.1405,12
2026-03-21T04:23:17.453520,2,0.4360,0.4360,0.0477,0.0000,1.1944,0.4512,-1.1059,21
2026-03-21T04:23:17.453520,3,0.1835,0.1835,0.0486,0.0000,0.9557,0.6407,0.7092,11
2026-03-21T04:23:17.523109,0,0.1453,0.1453,0.0956,0.0000,0.5489,-0.2054,-0.5090,17
2026-03-21T04:23:17.523109,1,0.2230,0.2230,0.0243,0.0000,1.1535,-0.0104,-1.1534,12
2026-03-21T04:23:17.523109,2,0.4444,0.4444,0.0415,0.0000,1.2080,0.4565,-1.1184,21
2026-03-21T04:23:17.523109,3,0.1251,0.1251,0.0375,0.0000,0.9515,0.6309,0.7122,8
2026-03-21T04:23:17.592076,0,0.1467,0.1467,0.0861,0.0000,0.5489,-0.2057,-0.5089,17
2026-03-21T04:23:17.592076,1,0.2058,0.2058,0.0207,0.0000,1.1690,-0.0208,-1.1688,11
2026-03-21T04:23:17.592076,2,0.4650,0.4650,0.0532,0.0000,1.2150,0.4493,-1.1289,22
2026-03-21T04:23:17.592076,3,0.1615,0.1615,0.0737,0.0000,0.9520,0.6190,0.7233,10
2026-03-21T04:23:17.661570,0,0.1504,0.1504,0.0681,0.0000,0.5494,-0.2061,-0.5093,17
2026-03-21T04:23:17.661570,1,0.2275,0.2275,0.0224,0.0000,1.1765,-0.0107,-1.1765,12
2026-03-21T04:23:17.661570,2,0.4135,0.4135,0.0567,0.0000,1.2153,0.4284,-1.1373,20
2026-03-21T04:23:17.661570,3,0.1318,0.1318,0.0564,0.0000,0.9561,0.6152,0.7320,9
2026-03-21T04:23:17.731618,0,0.1497,0.1497,0.0819,0.0000,0.5520,-0.2068,-0.5118,17
2026-03-21T04:23:17.731618,1,0.2278,0.2278,0.0310,0.0000,1.1742,-0.0107,-1.1741,12
2026-03-21T04:23:17.731618,2,0.4607,0.4607,0.0652,0.0000,1.2134,0.4483,-1.1276,22
2026-03-21T04:23:17.731618,3,0.0790,0.0790,0.0480,0.0000,0.9747,0.6459,0.7300,6
2026-03-21T04:23:17.800927,0,0.1462,0.1462,0.0788,0.0000,0.5527,-0.2072,-0.5124,17
2026-03-21T04:23:17.800927,1,0.2285,0.2285,0.0303,0.0000,1.1774,-0.0108,-1.1773,12
2026-03-21T04:23:17.800927,2,0.4556,0.4556,0.0696,0.0000,1.2074,0.4459,-1.1220,22
2026-03-21T04:23:17.800927,3,0.0637,0.0637,0.0411,0.0000,0.9727,0.6382,0.7341,5
2026-03-21T04:23:17.871113,0,0.1492,0.1492,0.0779,0.0000,0.5542,-0.2078,-0.5138,17
2026-03-21T04:23:17.871113,1,0.2073,0.2073,0.0310,0.0000,1.1772,-0.0211,-1.1770,11
2026-03-21T04:23:17.871113,2,0.4988,0.4988,0.0833,0.0000,1.2008,0.4636,-1.1077,24
2026-03-21T04:23:17.871113,3,0.0945,0.0945,0.0323,0.0000,0.9742,0.6330,0.7406,6
2026-03-21T04:23:17.940691,0,0.1527,0.1527,0.0714,0.0000,0.5581,-0.2092,-0.5174,17
2026-03-21T04:23:17.940691,1,0.2272,0.2272,0.0372,0.0000,1.1717,-0.0109,-1.1716,12
2026-03-21T04:23:17.940691,2,0.4908,0.4908,0.0927,0.0000,1.1921,0.4793,-1.0915,24
2026-03-21T04:23:17.940691,3,0.1149,0.1149,0.0294,0.0000,0.9871,0.6480,0.7446,7
2026-03-21T04:23:18.010757,0,0.1485,0.1485,0.1059,0.0000,0.5619,-0.2102,-0.5211,17
2026-03-21T04:23:18.010757,1,0.2249,0.2249,0.0370,0.0000,1.1660,-0.0312,-1.1655,12
2026-03-21T04:23:18.010757,2,0.5342,0.5342,0.1008,0.0000,1.1834,0.4955,-1.0747,26
2026-03-21T04:23:18.010757,3,0.0653,0.0653,0.0340,0.0000,0.9873,0.6478,0.7451,5
2026-03-21T04:23:18.080345,0,0.1448,0.1448,0.0793,0.0000,0.5620,-0.2150,-0.5193,16
2026-03-21T04:23:18.080345,1,0.2259,0.2259,0.0412,0.0000,1.1665,-0.0110,-1.1665,12
2026-03-21T04:23:18.080345,2,0.5496,0.5496,0.1176,0.0000,1.1810,0.5041,-1.0681,27
2026-03-21T04:23:18.080345,3,0.0715,0.0715,0.0303,0.0000,0.9923,0.6511,0.7488,5
2026-03-21T04:23:18.150075,0,0.1415,0.1415,0.0740,0.0000,0.5647,-0.2208,-0.5197,15
2026-03-21T04:23:18.150075,1,0.2288,0.2288,0.0487,0.0000,1.1740,-0.0318,-1.1736,12
2026-03-21T04:23:18.150075,2,0.5637,0.5637,0.1265,0.0000,1.1712,0.4903,-1.0636,28
2026-03-21T04:23:18.150075,3,0.1662,0.1662,0.0746,0.0000,0.9708,0.6119,0.7536,9
2026-03-21T04:23:18.220136,0,0.1421,0.1421,0.0774,0.0000,0.5703,-0.2229,-0.5249,15
2026-03-21T04:23:18.220136,1,0.2060,0.2060,0.0442,0.0000,1.1682,-0.0213,-1.1680,11
2026-03-21T04:23:18.220136,2,0.5847,0.5847,0.1394,0.0000,1.1703,0.5185,-1.0492,29
2026-03-21T04:23:18.220136,3,0.0814,0.0814,0.0176,0.0000,0.9997,0.6561,0.7543,5
2026-03-21T04:23:18.289625,0,0.1388,0.1388,0.0895,0.0000,0.5780,-0.2258,-0.5321,15
2026-03-21T04:23:18.289625,1,0.2291,0.2291,0.0587,0.0000,1.1754,-0.0320,-1.1750,12
2026-03-21T04:23:18.289625,2,0.5764,0.5764,0.1494,0.0000,1.1640,0.5153,-1.0438,29
2026-03-21T04:23:18.289625,3,0.1027,0.1027,0.0245,0.0000,1.0049,0.6530,0.7638,6
2026-03-21T04:23:18.359689,0,0.1232,0.1232,0.0811,0.0000,0.5797,-0.2310,-0.5317,14
2026-03-21T04:23:18.359689,1,0.2710,0.2710,0.0744,0.0000,1.1734,-0.0325,-1.1729,14
2026-03-21T04:23:18.359689,2,0.5471,0.5471,0.1446,0.0000,1.1518,0.5000,-1.0376,28
2026-03-21T04:23:18.359689,3,0.0814,0.0814,0.0215,0.0000,1.0017,0.6442,0.7671,5
2026-03-21T04:23:18.429301,0,0.1103,0.1103,0.1006,0.0000,0.5755,-0.2288,-0.5280,14
2026-03-21T04:23:18.429301,1,0.2442,0.2442,0.0608,0.0000,1.1478,-0.0213,-1.1476,13
2026-03-21T04:23:18.429301,2,0.4392,0.4392,0.0910,0.0000,1.1552,0.5550,-1.0131,22
2026-03-21T04:23:18.429301,3,0.0800,0.0800,0.0246,0.0000,1.0053,0.6858,0.7350,5
2026-03-21T04:23:18.499825,0,0.1068,0.0900,0.1068,0.0000,0.5767,-0.2335,-0.5273,13
2026-03-21T04:23:18.499825,1,0.1618,0.1618,0.0614,0.0000,1.1345,-0.0603,-1.1329,9
2026-03-21T04:23:18.499825,2,0.2102,0.2102,0.1017,0.0000,0.8690,0.1645,-0.8533,15
2026-03-21T04:23:18.499825,3,0.4551,0.4551,0.0783,0.0000,1.1621,0.5769,-1.0088,22
2026-03-21T04:23:18.499825,4,0.0778,0.0778,0.0240,0.0000,0.9879,0.6988,0.6983,5
2026-03-21T04:23:18.569926,0,0.1055,0.0660,0.1055,0.0000,0.5798,-0.2440,-0.5260,11
2026-03-21T04:23:18.569926,1,0.3406,0.3406,0.1511,0.0000,0.8509,0.0399,-0.8500,23
2026-03-21T04:23:18.569926,2,0.4795,0.4795,0.0503,0.0000,1.1536,0.5293,-1.0250,23
2026-03-21T04:23:18.569926,3,0.1499,0.1499,0.0395,0.0000,0.9337,0.6837,0.6359,9
2026-03-21T04:23:18.639712,0,0.2205,0.1070,0.2205,0.0000,0.6641,-0.2287,-0.6235,16
2026-03-21T04:23:18.639712,1,0.1440,0.1440,0.0766,0.0000,0.7588,-0.0452,-0.7574,12
2026-03-21T04:23:18.639712,2,0.3696,0.3696,0.0158,0.0000,1.1465,0.4052,-1.0726,18
2026-03-21T04:23:18.639712,3,0.1555,0.1555,0.0652,0.0000,0.9110,0.7424,0.5280,10
2026-03-21T04:23:18.708665,0,0.0764,0.0316,0.0764,0.0000,0.4350,-0.1900,-0.3913,9
2026-03-21T04:23:18.708665,1,0.2094,0.2094,0.0488,0.0000,1.0802,-0.0086,-1.0802,12
2026-03-21T04:23:18.708665,2,0.1120,0.1120,0.0164,0.0000,1.1948,0.2996,-1.1566,6
2026-03-21T04:23:18.708665,3,0.1212,0.1212,0.0817,0.0000,0.8941,0.7970,0.4052,9
2026-03-21T04:23:18.708665,4,0.1134,0.0194,0.1134,0.0000,0.5527,-0.2456,0.4951,8
2026-03-21T04:23:18.777806,0,0.0917,0.0618,0.0917,0.0000,0.4399,-0.1781,-0.4022,13
2026-03-21T04:23:18.777806,1,0.1999,0.1999,0.0833,0.0000,1.1610,-0.0596,-1.1595,11
2026-03-21T04:23:18.777806,2,0.1275,0.1023,0.1275,0.0000,0.9258,0.8924,0.2464,10
2026-03-21T04:23:18.777806,3,0.1862,0.0704,0.1862,0.0000,0.5460,-0.2105,0.5038,15
2026-03-21T04:23:18.846747,0,0.0883,0.0883,0.0481,0.0000,0.4226,-0.1684,-0.3876,14
2026-03-21T04:23:18.846747,1,0.1381,0.0570,0.1381,0.0000,0.1494,-0.0175,-0.1484,12
2026-03-21T04:23:18.846747,2,0.1737,0.1082,0.1737,0.0000,0.9206,0.9129,0.1190,12
2026-03-21T04:23:18.846747,3,0.2173,0.1157,0.2173,0.0000,0.5394,-0.1845,0.5069,20
2026-03-21T04:23:18.914743,0,0.0306,0.0306,0.0243,0.0000,0.4075,-0.1913,-0.3598,5
2026-03-21T04:23:18.914743,1,0.1544,0.1203,0.1544,0.0000,0.1931,-0.0492,-0.1867,24
2026-03-21T04:23:18.914743,2,0.1910,0.0624,0.1910,0.0000,0.8919,0.8919,-0.0008,13
2026-03-21T04:23:18.914743,3,0.2119,0.1045,0.2119,0.0000,0.6250,-0.1211,0.6132,14
2026-03-21T04:23:18.914743,4,0.0993,0.0993,0.0586,0.0000,0.4383,-0.1825,0.3985,12
2026-03-21T04:23:18.983027,0,0.1113,0.1113,0.1078,0.0000,0.1931,-0.0608,-0.1832,27
2026-03-21T04:23:18.983027,1,0.2308,0.0887,0.2308,0.0000,0.8747,0.8635,-0.1395,15
2026-03-21T04:23:18.983027,2,0.1924,0.0964,0.1924,0.0000,0.6408,-0.0919,0.6341,12
2026-03-21T04:23:18.983027,3,0.1381,0.1381,0.0519,0.0000,0.4280,-0.1657,0.3946,16
2026-03-21T04:23:19.052942,0,0.1497,0.1051,0.1497,0.0000,0.2040,-0.0671,-0.1926,25
2026-03-21T04:23:19.052942,1,0.2315,0.1178,0.2315,0.0000,0.8922,0.8449,-0.2865,14
2026-03-21T04:23:19.052942,2,0.1517,0.0896,0.1517,0.0000,0.6826,-0.0752,0.6785,10
2026-03-21T04:23:19.052942,3,0.1593,0.1593,0.0637,0.0000,0.4120,-0.1502,0.3836,19
2026-03-21T04:23:19.122230,0,0.1541,0.1090,0.1541,0.0000,0.2190,-0.0765,-0.2051,23
2026-03-21T04:23:19.122230,1,0.1208,0.0230,0.1208,0.0000,0.9160,0.8084,-0.4308,7
2026-03-21T04:23:19.122230,2,0.1009,0.0748,0.1009,0.0000,0.7611,-0.0388,0.7601,7
2026-03-21T04:23:19.122230,3,0.2050,0.2050,0.0923,0.0000,0.4043,-0.1363,0.3806,23
2026-03-21T04:23:19.193426,0,0.1171,0.0982,0.1171,0.0000,0.2552,-0.0958,-0.2365,18
2026-03-21T04:23:19.193426,1,0.2521,0.2521,0.1396,0.0000,0.4028,-0.1190,0.3848,29
2026-03-21T04:23:19.264226,0,0.0868,0.0426,0.0868,0.0000,0.3112,-0.1253,-0.2848,13
2026-03-21T04:23:19.264226,1,0.0645,0.0262,0.0645,0.0000,0.0520,0.0032,-0.0519,11
2026-03-21T04:23:19.264226,2,0.0972,0.0972,0.0652,0.0000,0.9143,0.0167,0.9141,7
2026-03-21T04:23:19.264226,3,0.2689,0.2689,0.1547,0.0000,0.4262,-0.1301,0.4059,28
2026-03-21T04:23:19.333072,0,0.0815,0.0191,0.0815,0.0000,0.3537,-0.1572,-0.3169,8
2026-03-21T04:23:19.333072,1,0.0787,0.0346,0.0787,0.0000,0.0727,-0.0015,-0.0727,11
2026-03-21T04:23:19.333072,2,0.1550,0.1550,0.0804,0.0000,0.9757,0.0099,0.9756,10
2026-03-21T04:23:19.333072,3,0.2462,0.2462,0.1726,0.0000,0.4582,-0.1417,0.4358,23
2026-03-21T04:23:19.403764,0,0.0425,0.0387,0.0425,0.0000,0.0776,-0.0038,-0.0775,10
2026-03-21T04:23:19.403764,1,0.1849,0.1849,0.0540,0.0000,1.1186,0.1665,1.1061,10
2026-03-21T04:23:19.403764,2,0.1575,0.1575,0.0789,0.0000,1.0051,-0.0251,1.0048,10
2026-03-21T04:23:19.403764,3,0.2123,0.2123,0.1603,0.0000,0.4754,-0.1409,0.4541,20
2026-03-21T04:23:19.474063,0,0.0358,0.0324,0.0358,0.0000,0.0806,-0.0094,-0.0800,9
2026-03-21T04:23:19.474063,1,0.0977,0.0977,0.0357,0.1352,1.3940,0.0486,-1.3931,5
2026-03-21T04:23:19.474063,2,0.4584,0.4584,0.0871,0.0000,1.0768,0.0599,1.0752,25
2026-03-21T04:23:19.474063,3,0.1477,0.1477,0.1134,0.0000,0.4888,-0.1420,0.4677,14
2026-03-21T04:23:19.474063,4,0.0840,0.0840,0.0051,0.0000,1.0365,-0.4869,0.9150,5
2026-03-21T04:23:19.544433,0,0.0414,0.0412,0.0414,0.0000,0.0924,-0.0044,-0.0923,11
2026-03-21T04:23:19.544433,1,0.0959,0.0959,0.0322,0.1236,1.3736,-0.0241,-1.3734,5
2026-03-21T04:23:19.544433,2,0.5821,0.5821,0.0294,0.0000,1.0722,0.0583,1.0706,31
2026-03-21T04:23:19.544433,3,0.0955,0.0925,0.0955,0.0000,0.5026,-0.1442,0.4815,8
2026-03-21T04:23:19.544433,4,0.1049,0.1049,0.0217,0.0000,1.1197,-0.4999,1.0019,6
2026-03-21T04:23:19.614462,0,0.0400,0.0400,0.0360,0.0000,0.0862,-0.0075,-0.0859,12
2026-03-21T04:23:19.614462,1,0.6315,0.6315,0.0173,0.0000,1.0615,0.0663,1.0594,34
2026-03-21T04:23:19.614462,2,0.0673,0.0601,0.0673,0.0000,0.5421,-0.1544,0.5196,6
2026-03-21T04:23:19.614462,3,0.1252,0.1252,0.0261,0.0000,1.1856,-0.5015,1.0743,7
2026-03-21T04:23:19.683537,0,0.0866,0.0866,0.0433,0.0263,1.3810,-0.5397,-1.2712,5
2026-03-21T04:23:19.683537,1,0.0394,0.0394,0.0328,0.0000,0.0871,-0.0065,-0.0868,11
2026-03-21T04:23:19.683537,2,0.7757,0.7757,0.0619,0.0000,1.0545,0.0733,1.0520,41
2026-03-21T04:23:19.683537,3,0.1297,0.1297,0.0115,0.0000,1.1696,-0.4197,1.0917,7
2026-03-21T04:23:19.756909,0,0.0383,0.0383,0.0259,0.0000,0.0863,-0.0076,-0.0860,11
2026-03-21T04:23:19.756909,1,0.9513,0.9513,0.0929,0.0000,1.0587,0.0029,1.0587,50
2026-03-21T04:23:19.821351,0,0.0933,0.0933,0.0262,0.0334,1.3782,-0.4940,-1.2866,5
2026-03-21T04:23:19.821351,1,0.0383,0.0383,0.0294,0.0000,0.0877,-0.0061,-0.0875,10
2026-03-21T04:23:19.821351,2,0.0993,0.0993,0.0146,0.1622,1.4234,0.0001,-1.4234,5
2026-03-21T04:23:19.821351,3,0.9594,0.9594,0.0922,0.0000,1.0605,-0.0166,1.0604,50
2026-03-21T04:23:19.889847,0,0.0459,0.0417,0.0459,0.0000,0.0834,-0.0050,-0.0833,12
2026-03-21T04:23:19.889847,1,0.8353,0.8353,0.0711,0.0000,1.0578,0.0436,1.0569,44
2026-03-21T04:23:19.959196,0,0.0404,0.0404,0.0360,0.0000,0.0833,-0.0064,-0.0831,10
2026-03-21T04:23:19.959196,1,0.6557,0.6557,0.0596,0.0000,1.0590,0.1117,1.0531,35
2026-03-21T04:23:19.959196,2,0.2285,0.2285,0.0263,0.0000,1.1950,-0.3709,1.1360,11
2026-03-21T04:23:20.029966,0,0.0405,0.0405,0.0269,0.0000,0.0836,-0.0041,-0.0835,10
2026-03-21T04:23:20.029966,1,0.0988,0.0988,0.0073,0.1465,1.4128,0.0247,-1.4126,5
2026-03-21T04:23:20.029966,2,0.5540,0.5540,0.0541,0.0000,1.0620,0.1402,1.0527,30
2026-03-21T04:23:20.029966,3,0.4487,0.4487,0.0489,0.0000,1.1943,-0.3740,1.1342,21
2026-03-21T04:23:20.099943,0,0.0409,0.0409,0.0243,0.0000,0.0857,-0.0020,-0.0857,10
2026-03-21T04:23:20.099943,1,0.0981,0.0981,0.0140,0.1426,1.4040,0.0001,-1.4040,5
2026-03-21T04:23:20.099943,2,0.5332,0.5332,0.0338,0.0000,1.0627,0.1498,1.0521,29
2026-03-21T04:23:20.099943,3,0.3751,0.3751,0.0589,0.0000,1.1761,-0.3175,1.1324,18
2026-03-21T04:23:20.099943,4,0.0457,0.0457,0.0127,0.0000,1.2775,-0.5601,1.1482,3
2026-03-21T04:23:20.170123,0,0.0467,0.0385,0.0467,0.0000,0.0800,-0.0009,-0.0800,10
2026-03-21T04:23:20.170123,1,0.1229,0.1229,0.0051,0.1395,1.4059,0.0123,-1.4058,6
2026-03-21T04:23:20.170123,2,0.5117,0.5117,0.0262,0.0000,1.0608,0.1404,1.0515,28
2026-03-21T04:23:20.170123,3,0.2619,0.2619,0.0286,0.0000,1.1726,-0.3251,1.1267,13
2026-03-21T04:23:20.170123,4,0.1080,0.1080,0.0358,0.0000,1.2713,-0.5674,1.1376,6
2026-03-21T04:23:20.239555,0,0.0446,0.0446,0.0340,0.0000,0.0848,-0.0046,-0.0846,12
2026-03-21T04:23:20.239555,1,0.1473,0.1473,0.0128,0.1440,1.4086,0.0739,-1.4066,7
2026-03-21T04:23:20.239555,2,0.5565,0.5565,0.0425,0.0000,1.0651,0.1223,1.0581,30
2026-03-21T04:23:20.239555,3,0.4014,0.4014,0.0370,0.0000,1.1946,-0.3732,1.1349,19
2026-03-21T04:23:20.309158,0,0.0473,0.0473,0.0375,0.0000,0.0881,-0.0023,-0.0881,12
2026-03-21T04:23:20.309158,1,0.1710,0.1710,0.0104,0.1375,1.4014,0.0368,-1.4009,8
2026-03-21T04:23:20.309158,2,0.5524,0.5524,0.0317,0.0000,1.0642,0.1032,1.0592,30
2026-03-21T04:23:20.309158,3,0.3139,0.3139,0.0400,0.0000,1.1789,-0.3473,1.1266,15
2026-03-21T04:23:20.309158,4,0.1133,0.1133,0.0335,0.0000,1.2808,-0.5916,1.1359,6
2026-03-21T04:23:20.379091,0,0.0512,0.0444,0.0512,0.0000,0.0882,-0.0045,-0.0881,12
2026-03-21T04:23:20.379091,1,0.6164,0.6164,0.0357,0.0000,1.0644,0.0562,1.0630,33
2026-03-21T04:23:20.379091,2,0.2536,0.2536,0.0297,0.0000,1.1932,-0.4002,1.1241,12
2026-03-21T04:23:20.449049,0,0.0406,0.0406,0.0236,0.0000,0.0862,-0.0050,-0.0861,12
2026-03-21T04:23:20.449049,1,0.1219,0.1219,0.0169,0.1410,1.4035,0.0613,-1.4022,6
2026-03-21T04:23:20.449049,2,0.7652,0.7652,0.0289,0.0000,1.0681,-0.0298,1.0676,40
2026-03-21T04:23:20.449049,3,0.0957,0.0957,0.0107,0.0000,1.2642,-0.5743,1.1263,5
2026-03-21T04:23:20.518327,0,0.0427,0.0427,0.0342,0.0000,0.0839,-0.0054,-0.0838,12
2026-03-21T04:23:20.518327,1,0.9410,0.9410,0.0236,0.0000,1.0752,-0.1291,1.0674,48
2026-03-21T04:23:20.589198,0,0.0949,0.0949,0.0211,0.0141,1.3748,-0.5152,-1.2746,5
2026-03-21T04:23:20.589198,1,0.0408,0.0387,0.0408,0.0000,0.0857,-0.0049,-0.0855,11
2026-03-21T04:23:20.589198,2,0.0914,0.0914,0.0575,0.0512,1.2962,-0.0682,-1.2944,5
2026-03-21T04:23:20.589198,3,0.9268,0.9268,0.0430,0.0000,1.0771,-0.1375,1.0683,47
2026-03-21T04:23:20.658556,0,0.0446,0.0446,0.0367,0.0000,0.0907,-0.0068,-0.0905,10
2026-03-21T04:23:20.658556,1,0.0911,0.0911,0.0492,0.0466,1.2976,-0.0229,-1.2974,5
2026-03-21T04:23:20.658556,2,0.7850,0.7850,0.0435,0.0000,1.0729,-0.0956,1.0686,41
2026-03-21T04:23:20.727716,0,0.0362,0.0362,0.0234,0.0000,0.0799,-0.0080,-0.0795,11
2026-03-21T04:23:20.727716,1,0.7021,0.7021,0.0559,0.0000,1.0776,-0.0751,1.0750,37
2026-03-21T04:23:20.797578,0,0.0589,0.0417,0.0589,0.0000,0.0915,-0.0043,-0.0915,13
2026-03-21T04:23:20.797578,1,0.6398,0.6398,0.0681,0.0000,1.0800,-0.0652,1.0780,34
2026-03-21T04:23:20.797578,2,0.0714,0.0714,0.0601,0.0000,0.5844,-0.2384,0.5336,5
2026-03-21T04:23:20.867275,0,0.0446,0.0283,0.0446,0.0000,0.0770,-0.0120,-0.0760,9
2026-03-21T04:23:20.867275,1,0.1402,0.1402,0.0620,0.1086,1.3415,-0.0005,-1.3415,7
2026-03-21T04:23:20.867275,2,0.5950,0.5950,0.0655,0.0000,1.0828,-0.0461,1.0818,32
2026-03-21T04:23:20.867275,3,0.0784,0.0784,0.0616,0.0000,0.5536,-0.2127,0.5111,6
2026-03-21T04:23:20.937061,0,0.0514,0.0514,0.0491,0.0000,0.0919,-0.0066,-0.0917,12
2026-03-21T04:23:20.937061,1,0.0941,0.0941,0.0398,0.1102,1.3528,-0.0000,-1.3528,5
2026-03-21T04:23:20.937061,2,0.5185,0.5185,0.0648,0.0000,1.0848,-0.0658,1.0828,28
2026-03-21T04:23:20.937061,3,0.0956,0.0956,0.0777,0.0000,0.5615,-0.2113,0.5202,7
2026-03-21T04:23:21.006659,0,0.0447,0.0387,0.0447,0.0000,0.0848,-0.0048,-0.0847,11
2026-03-21T04:23:21.006659,1,0.0954,0.0954,0.0624,0.1290,1.3716,-0.0720,-1.3697,5
2026-03-21T04:23:21.006659,2,0.0923,0.0923,0.0352,0.0886,1.3392,0.0699,-1.3374,5
2026-03-21T04:23:21.006659,3,0.4552,0.4552,0.0652,0.0000,1.0861,-0.0758,1.0834,25
2026-03-21T04:23:21.006659,4,0.1158,0.1158,0.0795,0.0000,0.5615,-0.2028,0.5236,9
2026-03-21T04:23:21.075984,0,0.0412,0.0405,0.0412,0.0000,0.0848,-0.0093,-0.0843,9
2026-03-21T04:23:21.075984,1,0.0958,0.0958,0.0613,0.1295,1.3726,-0.0481,-1.3717,5
2026-03-21T04:23:21.075984,2,0.0934,0.0934,0.0432,0.0966,1.3438,0.0936,-1.3405,5
2026-03-21T04:23:21.075984,3,0.4164,0.4164,0.0773,0.0000,1.0877,-0.0756,1.0851,23
2026-03-21T04:23:21.075984,4,0.1374,0.1374,0.1012,0.0000,0.5677,-0.2055,0.5292,11
2026-03-21T04:23:21.145741,0,0.0350,0.0332,0.0350,0.0000,0.0834,-0.0069,-0.0831,10
2026-03-21T04:23:21.145741,1,0.3462,0.3462,0.0225,0.0000,1.0916,-0.0764,1.0889,19
2026-03-21T04:23:21.145741,2,0.1695,0.1695,0.1204,0.0000,0.5766,-0.2142,0.5353,12
2026-03-21T04:23:21.215250,0,0.0957,0.0957,0.0225,0.0000,1.3462,-0.5044,-1.2481,5
2026-03-21T04:23:21.215250,1,0.0544,0.0469,0.0544,0.0000,0.0882,-0.0064,-0.0880,14
2026-03-21T04:23:21.215250,2,0.0958,0.0958,0.0770,0.1412,1.3728,-0.0002,-1.3728,5
2026-03-21T04:23:21.215250,3,0.3225,0.3225,0.0353,0.0000,1.0931,-0.0860,1.0897,18
2026-03-21T04:23:21.215250,4,0.1300,0.1300,0.0713,0.0000,0.5630,-0.1944,0.5284,11
2026-03-21T04:23:21.285157,0,0.1551,0.1551,0.0373,0.0000,1.2696,-0.4450,-1.1891,8
2026-03-21T04:23:21.285157,1,0.0771,0.0476,0.0771,0.0000,0.0839,-0.0106,-0.0832,9
2026-03-21T04:23:21.285157,2,0.0941,0.0941,0.0256,0.0873,1.3420,-0.0938,-1.3387,5
2026-03-21T04:23:21.285157,3,0.2887,0.2887,0.0138,0.0000,1.0969,-0.0864,1.0935,16
2026-03-21T04:23:21.285157,4,0.1516,0.1516,0.0868,0.0000,0.5710,-0.2023,0.5340,12
2026-03-21T04:23:21.354647,0,0.1590,0.1590,0.0739,0.0000,1.2333,-0.4419,-1.1514,9
2026-03-21T04:23:21.354647,1,0.0564,0.0423,0.0564,0.0000,0.0908,-0.0063,-0.0906,10
2026-03-21T04:23:21.354647,2,0.1180,0.1180,0.0174,0.0740,1.3379,-0.0819,-1.3354,6
2026-03-21T04:23:21.354647,3,0.2656,0.2656,0.0377,0.0000,1.0992,-0.0960,1.0950,15
2026-03-21T04:23:21.354647,4,0.1715,0.1715,0.1035,0.0000,0.5748,-0.2087,0.5355,13
2026-03-21T04:23:21.424213,0,0.0783,0.0783,0.0587,0.0000,1.2870,-0.6041,-1.1364,5
2026-03-21T04:23:21.424213,1,0.0990,0.0990,0.0358,0.0000,1.1995,-0.4396,-1.1160,6
2026-03-21T04:23:21.424213,2,0.0378,0.0378,0.0321,0.0000,0.0821,-0.0046,-0.0820,10
2026-03-21T04:23:21.424213,3,0.1649,0.1649,0.0363,0.0919,1.3401,-0.0823,-1.3375,8
2026-03-21T04:23:21.424213,4,0.0868,0.0175,0.0868,0.0000,1.0555,0.7460,-0.7466,5
2026-03-21T04:23:21.424213,5,0.4703,0.0923,0.4703,0.0000,0.8047,0.7593,-0.2666,33
2026-03-21T04:23:21.424213,6,0.1047,0.0870,0.1047,0.0000,1.0163,0.9795,0.2709,8
2026-03-21T04:23:21.424213,7,0.2512,0.2512,0.0275,0.0000,1.1019,-0.0867,1.0985,14
2026-03-21T04:23:21.424213,8,0.1734,0.1734,0.0853,0.0000,0.5783,-0.2052,0.5406,14
2026-03-21T04:23:21.494261,0,0.1228,0.1228,0.0795,0.0000,1.1712,-0.4290,-1.0898,8
2026-03-21T04:23:21.494261,1,0.0422,0.0422,0.0404,0.0000,0.0836,-0.0034,-0.0835,9
2026-03-21T04:23:21.494261,2,0.0940,0.0940,0.0366,0.0959,1.3472,-0.1176,-1.3420,5
2026-03-21T04:23:21.494261,3,0.0462,0.0462,0.0082,0.0584,1.3242,-0.0231,-1.3240,3
2026-03-21T04:23:21.494261,4,0.5112,0.0821,0.5112,0.0000,0.8799,0.8400,-0.2618,33
2026-03-21T04:23:21.494261,5,0.0747,0.0747,0.0502,0.0000,0.9885,0.9503,0.2720,5
2026-03-21T04:23:21.494261,6,0.2287,0.2287,0.0265,0.0000,1.1030,-0.0964,1.0988,13
2026-03-21T04:23:21.494261,7,0.2306,0.2306,0.1080,0.0000,0.5904,-0.2208,0.5475,18
2026-03-21T04:23:21.563425,0,0.2112,0.2112,0.1179,0.0000,1.1263,-0.4575,-1.0292,13
2026-03-21T04:23:21.563425,1,0.0600,0.0365,0.0600,0.0000,0.0855,-0.0033,-0.0855,10
2026-03-21T04:23:21.563425,2,0.0931,0.0931,0.0252,0.0746,1.3308,-0.0466,-1.3300,5
2026-03-21T04:23:21.563425,3,0.1286,0.0445,0.1286,0.0000,1.1996,0.8910,-0.8031,7
2026-03-21T04:23:21.563425,4,0.6041,0.0937,0.6041,0.0000,0.9357,0.8853,-0.3030,36
2026-03-21T04:23:21.563425,5,0.2114,0.2114,0.0163,0.0000,1.1012,-0.1059,1.0961,12
2026-03-21T04:23:21.563425,6,0.2291,0.2291,0.1097,0.0000,0.6017,-0.2251,0.5581,18
2026-03-21T04:23:21.634775,0,0.1288,0.1288,0.0581,0.0000,1.0836,-0.4497,-0.9859,8
2026-03-21T04:23:21.634775,1,0.0367,0.0363,0.0367,0.0000,0.0852,-0.0022,-0.0852,10
2026-03-21T04:23:21.634775,2,0.1391,0.1391,0.0195,0.0652,1.3245,-0.0464,-1.3237,7
2026-03-21T04:23:21.634775,3,0.1145,0.0951,0.1145,0.0000,1.2114,0.9212,-0.7867,8
2026-03-21T04:23:21.634775,4,0.0822,0.0258,0.0822,0.0000,1.1029,0.9644,-0.5350,5
2026-03-21T04:23:21.634775,5,0.4404,0.0791,0.4404,0.0000,1.0214,0.9969,-0.2228,26
2026-03-21T04:23:21.634775,6,0.2128,0.2128,0.0336,0.0000,1.1032,-0.1058,1.0981,12
2026-03-21T04:23:21.634775,7,0.2232,0.2232,0.0759,0.0000,0.6041,-0.2253,0.5605,18
2026-03-21T04:23:21.704084,0,0.1766,0.1766,0.0349,0.0000,1.0623,-0.4414,-0.9662,10
2026-03-21T04:23:21.704084,1,0.0899,0.0552,0.0899,0.0000,0.0921,-0.0036,-0.0920,13
2026-03-21T04:23:21.704084,2,0.1394,0.1394,0.0217,0.0594,1.3195,-0.0462,-1.3187,7
2026-03-21T04:23:21.704084,3,0.0722,0.0569,0.0722,0.0000,1.3148,1.0500,-0.7913,5
2026-03-21T04:23:21.704084,4,0.2085,0.2085,0.0378,0.0000,1.1025,-0.1250,1.0954,12
2026-03-21T04:23:21.704084,5,0.2256,0.2256,0.0806,0.0000,0.6092,-0.2271,0.5653,18
2026-03-21T04:23:21.773920,0,0.2095,0.2095,0.0397,0.0000,1.0469,-0.4354,-0.9521,12
2026-03-21T04:23:21.773920,1,0.0790,0.0382,0.0790,0.0000,0.0987,-0.0064,-0.0985,7
2026-03-21T04:23:21.773920,2,0.1622,0.1622,0.0219,0.0552,1.3131,-0.0575,-1.3118,8
2026-03-21T04:23:21.773920,3,0.1922,0.1922,0.0146,0.0000,1.1005,-0.1344,1.0923,11
2026-03-21T04:23:21.773920,4,0.2242,0.2242,0.0809,0.0000,0.6136,-0.2285,0.5695,18
2026-03-21T04:23:21.843511,0,0.2144,0.2144,0.0602,0.0000,1.0332,-0.4212,-0.9435,13
2026-03-21T04:23:21.843511,1,0.0320,0.0320,0.0220,0.0000,0.0845,-0.0027,-0.0844,7
2026-03-21T04:23:21.843511,2,0.1851,0.1851,0.0195,0.0512,1.3110,-0.0689,-1.3092,9
2026-03-21T04:23:21.843511,3,0.1742,0.1742,0.0093,0.0000,1.1005,-0.1440,1.0910,10
2026-03-21T04:23:21.843511,4,0.2245,0.2245,0.0614,0.0000,0.6160,-0.2291,0.5718,18
2026-03-21T04:23:21.912824,0,0.2268,0.2268,0.0759,0.0000,1.0309,-0.4120,-0.9450,14
2026-03-21T04:23:21.912824,1,0.0331,0.0331,0.0232,0.0000,0.0818,0.0043,-0.0817,9
2026-03-21T04:23:21.912824,2,0.1850,0.1850,0.0235,0.0522,1.3096,-0.0458,-1.3087,9
2026-03-21T04:23:21.912824,3,0.1729,0.1729,0.0150,0.0000,1.0995,-0.1437,1.0901,10
2026-03-21T04:23:21.912824,4,0.2100,0.2100,0.0406,0.0000,0.6017,-0.2234,0.5587,18
2026-03-21T04:23:21.981920,0,0.2455,0.2455,0.0794,0.0000,1.0304,-0.4036,-0.9481,15
2026-03-21T04:23:21.981920,1,0.0516,0.0391,0.0516,0.0000,0.0901,0.0020,-0.0901,8
2026-03-21T04:23:21.981920,2,0.2527,0.2527,0.0190,0.0506,1.3117,-0.0117,-1.3116,12
2026-03-21T04:23:21.981920,3,0.1745,0.1745,0.0143,0.0000,1.1037,-0.1443,1.0942,10
2026-03-21T04:23:21.981920,4,0.1917,0.1917,0.0531,0.0000,0.5901,-0.2183,0.5482,18
2026-03-21T04:23:22.051731,0,0.2365,0.2365,0.1094,0.0000,1.0297,-0.4032,-0.9475,15
2026-03-21T04:23:22.051731,1,0.0610,0.0352,0.0610,0.0000,0.1044,0.0120,-0.1037,6
2026-03-21T04:23:22.051731,2,0.2067,0.2067,0.0206,0.0612,1.3192,0.0346,-1.3188,10
2026-03-21T04:23:22.051731,3,0.1922,0.1922,0.0340,0.0000,1.1063,-0.1542,1.0955,11
2026-03-21T04:23:22.051731,4,0.1784,0.1784,0.0174,0.0000,0.5707,-0.2156,0.5284,17
2026-03-21T04:23:22.121759,0,0.2058,0.2058,0.0701,0.0000,1.0442,-0.4088,-0.9609,13
2026-03-21T04:23:22.121759,1,0.0830,0.0645,0.0830,0.0000,0.1230,0.0009,-0.1229,9
2026-03-21T04:23:22.121759,2,0.0940,0.0940,0.0224,0.0842,1.3792,0.3337,-1.3382,5
2026-03-21T04:23:22.121759,3,0.1753,0.1753,0.0113,0.0000,1.1136,-0.1456,1.1040,10
2026-03-21T04:23:22.121759,4,0.1541,0.1541,0.0376,0.0000,0.5394,-0.2031,0.4997,17
2026-03-21T04:23:22.190805,0,0.2014,0.2014,0.0558,0.0000,1.0862,-0.4167,-1.0031,12
2026-03-21T04:23:22.190805,1,0.0936,0.0936,0.0930,0.0000,0.1593,0.0072,-0.1591,23
2026-03-21T04:23:22.190805,2,0.1746,0.1746,0.0260,0.0000,1.1252,-0.1470,1.1155,10
2026-03-21T04:23:22.190805,3,0.1476,0.1476,0.0204,0.0000,0.5167,-0.1988,0.4769,16
2026-03-21T04:23:22.260762,0,0.2059,0.2059,0.0421,0.0000,1.1214,-0.4029,-1.0465,11
2026-03-21T04:23:22.260762,1,0.1581,0.0894,0.1581,0.0000,0.1627,0.0051,-0.1627,30
2026-03-21T04:23:22.260762,2,0.1787,0.1787,0.0255,0.0000,1.1453,-0.1496,1.1354,10
2026-03-21T04:23:22.260762,3,0.1256,0.1256,0.0293,0.0000,0.4987,-0.1955,0.4588,15
2026-03-21T04:23:22.329892,0,0.0934,0.0934,0.0549,0.0000,1.2318,-0.4713,-1.1381,6
2026-03-21T04:23:22.329892,1,0.1400,0.1226,0.1400,0.0000,0.1633,0.0066,-0.1631,38
2026-03-21T04:23:22.329892,2,0.1810,0.1810,0.0445,0.0000,1.1814,-0.1746,1.1684,10
2026-03-21T04:23:22.329892,3,0.1101,0.1101,0.0186,0.0000,0.4757,-0.1904,0.4360,14
2026-03-21T04:23:22.399949,0,0.0731,0.0112,0.0731,0.0000,0.4409,-0.2065,-0.3895,5
2026-03-21T04:23:22.399949,1,0.1840,0.1840,0.1441,0.0000,0.1741,0.0045,-0.1740,46
2026-03-21T04:23:22.399949,2,0.1511,0.1511,0.0343,0.0000,1.2462,-0.2271,1.2254,8
2026-03-21T04:23:22.399949,3,0.0983,0.0983,0.0267,0.0000,0.4596,-0.1875,0.4197,13
2026-03-21T04:23:22.469721,0,0.0364,0.0364,0.0357,0.0000,0.3776,-0.1714,-0.3365,7
2026-03-21T04:23:22.469721,1,0.1821,0.1821,0.1110,0.0000,0.1768,0.0029,-0.1767,47
2026-03-21T04:23:22.469721,2,0.0800,0.0800,0.0359,0.0000,0.4476,-0.1859,0.4072,12
2026-03-21T04:23:22.539722,0,0.0631,0.0631,0.0502,0.0000,0.3449,-0.1543,-0.3084,8
2026-03-21T04:23:22.539722,1,0.1900,0.1900,0.1190,0.0000,0.1807,0.0068,-0.1806,49
2026-03-21T04:23:22.539722,2,0.0764,0.0764,0.0202,0.0000,0.4421,-0.1872,0.4005,11
2026-03-21T04:23:22.609406,0,0.2970,0.2970,0.2038,0.0000,0.1986,-0.0077,-0.1984,60
2026-03-21T04:23:22.609406,1,0.0750,0.0750,0.0502,0.0000,0.4384,-0.1854,0.3973,11
2026-03-21T04:23:22.679287,0,0.3066,0.3066,0.1835,0.0000,0.1996,-0.0098,-0.1993,58
2026-03-21T04:23:22.679287,1,0.0617,0.0617,0.0457,0.0000,0.4354,-0.1876,0.3930,10
2026-03-21T04:23:22.748730,0,0.2865,0.2865,0.1761,0.0000,0.1992,-0.0151,-0.1987,56
2026-03-21T04:23:22.748730,1,0.0574,0.0574,0.0336,0.0000,0.4350,-0.1908,0.3909,9
2026-03-21T04:23:22.819760,0,0.3099,0.3099,0.1722,0.0000,0.1981,-0.0062,-0.1980,61
2026-03-21T04:23:22.819760,1,0.0578,0.0578,0.0118,0.0000,0.4322,-0.1931,0.3866,8
2026-03-21T04:23:22.888178,0,0.0502,0.0502,0.0500,0.0000,0.3160,-0.1336,-0.2863,11
2026-03-21T04:23:22.888178,1,0.2185,0.2185,0.1086,0.0000,0.1844,0.0216,-0.1832,50
2026-03-21T04:23:22.888178,2,0.0414,0.0414,0.0249,0.0000,0.4304,-0.1955,0.3835,7
2026-03-21T04:23:22.957772,0,0.2857,0.2857,0.1823,0.0000,0.2117,-0.0189,-0.2108,54
2026-03-21T04:23:22.957772,1,0.0484,0.0371,0.0484,0.0000,0.4266,-0.1969,0.3785,6
2026-03-21T04:23:23.026756,0,0.0740,0.0740,0.0400,0.0000,0.3080,-0.1231,-0.2823,14
2026-03-21T04:23:23.026756,1,0.1706,0.1706,0.1364,0.0000,0.1914,0.0141,-0.1909,39
2026-03-21T04:23:23.095938,0,0.2603,0.2603,0.1616,0.0000,0.2255,-0.0216,-0.2245,53
2026-03-21T04:23:23.165897,0,0.2510,0.2510,0.1434,0.0000,0.2339,-0.0317,-0.2317,49
2026-03-21T04:23:23.165897,1,0.0906,0.0906,0.0366,0.0460,1.3960,0.5230,-1.2943,5
2026-03-21T04:23:23.236774,0,0.2615,0.2615,0.2027,0.0000,0.2708,-0.0329,-0.2688,47
2026-03-21T04:23:23.236774,1,0.1376,0.1376,0.0443,0.0169,1.3684,0.5349,-1.2596,7
2026-03-21T04:23:23.306606,0,0.2350,0.2350,0.1680,0.0000,0.2664,-0.0381,-0.2637,45
2026-03-21T04:23:23.306606,1,0.1609,0.1609,0.0504,0.0122,1.3629,0.5438,-1.2497,8
2026-03-21T04:23:23.376386,0,0.2284,0.2284,0.1733,0.0000,0.2620,-0.0401,-0.2590,44
2026-03-21T04:23:23.376386,1,0.0538,0.0445,0.0538,0.0000,0.3975,0.1101,-0.3819,5
2026-03-21T04:23:23.376386,2,0.1641,0.1641,0.0398,0.0000,1.3565,0.5414,-1.2438,8
2026-03-21T04:23:23.445674,0,0.2250,0.2250,0.1487,0.0000,0.2594,-0.0425,-0.2559,43
2026-03-21T04:23:23.445674,1,0.1378,0.1378,0.0446,0.0324,1.3649,0.4893,-1.2742,7
2026-03-21T04:23:23.515225,0,0.2197,0.2197,0.1604,0.0000,0.2574,-0.0418,-0.2540,43
2026-03-21T04:23:23.515225,1,0.0643,0.0459,0.0643,0.0000,0.3949,0.1028,-0.3813,5
2026-03-21T04:23:23.515225,2,0.1397,0.1397,0.0371,0.0173,1.3655,0.5118,-1.2659,7
2026-03-21T04:23:23.584279,0,0.2217,0.2217,0.1659,0.0000,0.2579,-0.0422,-0.2545,43
2026-03-21T04:23:23.584279,1,0.1380,0.1380,0.0444,0.0420,1.3737,0.4924,-1.2824,7
2026-03-21T04:23:23.653936,0,0.1985,0.1985,0.1763,0.0000,0.2625,-0.0449,-0.2586,42
2026-03-21T04:23:23.724416,0,0.2193,0.2193,0.1687,0.0000,0.2647,-0.0422,-0.2614,43
2026-03-21T04:23:23.724416,1,0.0944,0.0944,0.0283,0.0769,1.4078,0.4584,-1.3311,5
2026-03-21T04:23:23.793784,0,0.2019,0.2019,0.1592,0.0000,0.2549,-0.0451,-0.2508,42
2026-03-21T04:23:23.793784,1,0.0630,0.0227,0.0630,0.0000,0.4257,-0.1996,0.3760,5
2026-03-21T04:23:23.863713,0,0.2017,0.2017,0.1182,0.0000,0.2509,-0.0445,-0.2469,39
2026-03-21T04:23:23.863713,1,0.0308,0.0308,0.0283,0.0000,0.4235,-0.1988,0.3739,5
2026-03-21T04:23:23.933570,0,0.2015,0.2015,0.1197,0.0000,0.2480,-0.0413,-0.2445,39
2026-03-21T04:23:23.933570,1,0.0341,0.0174,0.0341,0.0000,0.1719,-0.0359,-0.1681,5
2026-03-21T04:23:23.933570,2,0.0438,0.0341,0.0438,0.0000,0.4256,-0.1965,0.3776,6
2026-03-21T04:23:24.001941,0,0.2221,0.2221,0.1362,0.0000,0.2387,-0.0364,-0.2359,46
2026-03-21T04:23:24.001941,1,0.0484,0.0370,0.0484,0.0000,0.4294,-0.1948,0.3827,7
2026-03-21T04:23:24.071270,0,0.2068,0.2068,0.1461,0.0000,0.2400,-0.0407,-0.2366,44
2026-03-21T04:23:24.071270,1,0.0414,0.0414,0.0287,0.0000,0.4302,-0.1954,0.3832,7
2026-03-21T04:23:24.142376,0,0.2067,0.2067,0.1318,0.0000,0.2402,-0.0400,-0.2368,44
2026-03-21T04:23:24.142376,1,0.0492,0.0492,0.0441,0.0000,0.4406,-0.1966,0.3944,8
2026-03-21T04:23:24.211667,0,0.2064,0.2064,0.1217,0.0000,0.2349,-0.0377,-0.2319,45
2026-03-21T04:23:24.211667,1,0.0574,0.0574,0.0127,0.0000,0.4372,-0.1954,0.3911,8
2026-03-21T04:23:24.281746,0,0.2409,0.2409,0.1631,0.0000,0.2366,-0.0311,-0.2346,48
2026-03-21T04:23:24.281746,1,0.0720,0.0720,0.0168,0.0000,0.4522,-0.1951,0.4080,10
2026-03-21T04:23:24.351047,0,0.0694,0.0694,0.0555,0.0000,0.2932,-0.1121,-0.2709,16
2026-03-21T04:23:24.351047,1,0.1613,0.1613,0.1419,0.0000,0.2176,0.0189,-0.2168,36
2026-03-21T04:23:24.351047,2,0.1862,0.1862,0.0308,0.0000,1.1950,-0.2794,1.1619,10
2026-03-21T04:23:24.351047,3,0.0899,0.0899,0.0305,0.0000,0.4558,-0.1894,0.4145,12
2026-03-21T04:23:24.420975,0,0.2867,0.2867,0.1756,0.0000,0.2338,-0.0205,-0.2329,53
2026-03-21T04:23:24.420975,1,0.1637,0.1637,0.0183,0.0000,1.1626,-0.2221,1.1412,9
2026-03-21T04:23:24.420975,2,0.1064,0.1064,0.0213,0.0000,0.4628,-0.1852,0.4241,14
2026-03-21T04:23:24.490985,0,0.0722,0.0722,0.0714,0.0000,0.3137,-0.1224,-0.2888,15
2026-03-21T04:23:24.490985,1,0.1771,0.1766,0.1771,0.0000,0.2202,0.0269,-0.2186,41
2026-03-21T04:23:24.490985,2,0.1752,0.1752,0.0324,0.0000,1.1322,-0.1870,1.1166,10
2026-03-21T04:23:24.490985,3,0.1236,0.1236,0.0162,0.0000,0.4707,-0.1848,0.4329,15
2026-03-21T04:23:24.560087,0,0.0796,0.0796,0.0790,0.0000,0.3203,-0.1279,-0.2936,14
2026-03-21T04:23:24.560087,1,0.2061,0.2061,0.1398,0.0000,0.2155,0.0227,-0.2143,41
2026-03-21T04:23:24.560087,2,0.1704,0.1704,0.0290,0.0000,1.0965,-0.1622,1.0845,10
2026-03-21T04:23:24.560087,3,0.1409,0.1409,0.0258,0.0000,0.4862,-0.1830,0.4504,17
2026-03-21T04:23:24.630141,0,0.0884,0.0791,0.0884,0.0000,0.3254,-0.1329,-0.2971,13
2026-03-21T04:23:24.630141,1,0.2009,0.2009,0.1671,0.0000,0.2209,0.0283,-0.2191,45
2026-03-21T04:23:24.630141,2,0.1494,0.1494,0.0251,0.0000,1.0662,-0.1485,1.0559,9
2026-03-21T04:23:24.630141,3,0.1495,0.1495,0.0430,0.0000,0.4998,-0.1841,0.4647,18
2026-03-21T04:23:24.699572,0,0.0667,0.0667,0.0596,0.0000,0.3346,-0.1388,-0.3044,12
2026-03-21T04:23:24.699572,1,0.2115,0.2115,0.1634,0.0000,0.2221,0.0264,-0.2205,46
2026-03-21T04:23:24.699572,2,0.1449,0.1449,0.0263,0.0000,1.0469,-0.1457,1.0368,9
2026-03-21T04:23:24.699572,3,0.1498,0.1498,0.0516,0.0000,0.5165,-0.1900,0.4803,18
2026-03-21T04:23:24.769169,0,0.2948,0.2948,0.2089,0.0000,0.2371,-0.0105,-0.2368,57
2026-03-21T04:23:24.769169,1,0.1251,0.1251,0.0178,0.0000,1.0279,-0.1520,1.0166,8
2026-03-21T04:23:24.769169,2,0.1663,0.1663,0.0587,0.0000,0.5337,-0.1968,0.4961,18
2026-03-21T04:23:24.838499,0,0.0814,0.0739,0.0814,0.0000,0.3380,-0.1376,-0.3087,13
2026-03-21T04:23:24.838499,1,0.1995,0.1995,0.1436,0.0000,0.2182,0.0250,-0.2167,44
2026-03-21T04:23:24.838499,2,0.1733,0.1733,0.0389,0.0000,1.0221,-0.1776,1.0065,11
2026-03-21T04:23:24.838499,3,0.0886,0.0109,0.0886,0.0000,0.7124,-0.3229,0.6350,5
2026-03-21T04:23:24.909644,0,0.3024,0.3024,0.2159,0.0000,0.2349,-0.0144,-0.2345,56
2026-03-21T04:23:24.909644,1,0.1712,0.1712,0.0480,0.0000,1.0152,-0.1589,1.0027,11
2026-03-21T04:23:24.909644,2,0.0858,0.0098,0.0858,0.0000,0.6844,-0.3101,0.6101,5
2026-03-21T04:23:24.978709,0,0.2935,0.2935,0.2431,0.0000,0.2327,-0.0182,-0.2320,54
2026-03-21T04:23:24.978709,1,0.3142,0.3142,0.0743,0.0000,1.0190,-0.0701,1.0165,19
2026-03-21T04:23:24.978709,2,0.0747,0.0465,0.0747,0.0000,0.9355,-0.2574,0.8994,5
2026-03-21T04:23:24.978709,3,0.0761,0.0169,0.0761,0.0000,0.6976,-0.3053,0.6272,5
2026-03-21T04:23:25.047779,0,0.2822,0.2822,0.2239,0.0000,0.2292,-0.0214,-0.2283,50
2026-03-21T04:23:25.047779,1,0.5778,0.5778,0.0559,0.0000,1.0173,0.0734,1.0146,33
2026-03-21T04:23:25.047779,2,0.0909,0.0585,0.0909,0.0000,0.9278,-0.2473,0.8942,6
2026-03-21T04:23:25.047779,3,0.1553,0.0255,0.1553,0.0000,0.7168,-0.2957,0.6530,8
2026-03-21T04:23:25.117342,0,0.0638,0.0596,0.0638,0.0000,0.3597,-0.1667,-0.3187,6
2026-03-21T04:23:25.117342,1,0.2085,0.2085,0.1695,0.0000,0.2132,-0.0060,-0.2131,44
2026-03-21T04:23:25.117342,2,0.7586,0.7586,0.0609,0.0000,1.0213,0.1743,1.0063,42
2026-03-21T04:23:25.117342,3,0.1236,0.0677,0.1236,0.0000,0.9294,-0.2394,0.8981,7
2026-03-21T04:23:25.117342,4,0.1726,0.0308,0.1726,0.0000,0.7032,-0.2953,0.6382,9
2026-03-21T04:23:25.187003,0,0.0586,0.0586,0.0545,0.0000,0.3568,-0.1655,-0.3162,6
2026-03-21T04:23:25.187003,1,0.2398,0.2398,0.1998,0.0000,0.2194,-0.0003,-0.2194,46
2026-03-21T04:23:25.187003,2,0.9411,0.9411,0.0837,0.0000,1.0293,0.2518,0.9980,50
2026-03-21T04:23:25.187003,3,0.0965,0.0563,0.0965,0.0000,0.9199,-0.2451,0.8867,6
2026-03-21T04:23:25.187003,4,0.1873,0.0313,0.1873,0.0000,0.6917,-0.2955,0.6254,10
2026-03-21T04:23:25.257049,0,0.3189,0.3189,0.2037,0.0000,0.2302,-0.0192,-0.2294,52
2026-03-21T04:23:25.257049,1,0.9519,0.9519,0.0994,0.0000,1.0270,0.2602,0.9935,51
2026-03-21T04:23:25.257049,2,0.1126,0.0692,0.1126,0.0000,0.9206,-0.2372,0.8895,7
2026-03-21T04:23:25.257049,3,0.1920,0.0273,0.1920,0.0000,0.6807,-0.2907,0.6156,10
2026-03-21T04:23:25.326226,0,0.3035,0.3035,0.2093,0.0000,0.2282,-0.0202,-0.2273,51
2026-03-21T04:23:25.326226,1,1.0022,1.0022,0.1108,0.0000,1.0295,0.2802,0.9906,53
2026-03-21T04:23:25.326226,2,0.0717,0.0475,0.0717,0.0000,0.9255,-0.2390,0.8941,5
2026-03-21T04:23:25.326226,3,0.1661,0.0262,0.1661,0.0000,0.6790,-0.2959,0.6111,9
2026-03-21T04:23:25.396216,0,0.2531,0.2531,0.1726,0.0000,0.2185,-0.0298,-0.2165,47
2026-03-21T04:23:25.396216,1,0.0919,0.0919,0.0236,0.0000,1.2248,0.7876,0.9380,5
2026-03-21T04:23:25.396216,2,0.9129,0.9129,0.0876,0.0000,1.0265,0.2408,0.9978,49
2026-03-21T04:23:25.396216,3,0.0647,0.0481,0.0647,0.0000,0.9159,-0.2520,0.8806,5
2026-03-21T04:23:25.396216,4,0.1290,0.0142,0.1290,0.0000,0.6717,-0.3039,0.5991,7
2026-03-21T04:23:25.466112,0,0.2309,0.2309,0.1586,0.0000,0.2177,-0.0346,-0.2149,44
2026-03-21T04:23:25.466112,1,0.9554,0.9554,0.0937,0.0000,1.0309,0.2436,1.0017,51
2026-03-21T04:23:25.466112,2,0.0996,0.0719,0.0996,0.0000,0.9259,-0.2543,0.8903,7
2026-03-21T04:23:25.534997,0,0.2321,0.2321,0.1764,0.0000,0.2190,-0.0350,-0.2162,44
2026-03-21T04:23:25.534997,1,0.9197,0.9197,0.0863,0.0000,1.0502,0.2932,1.0084,48
2026-03-21T04:23:25.534997,2,0.0806,0.0742,0.0806,0.0000,0.6926,-0.1612,0.6735,8
2026-03-21T04:23:25.534997,3,0.0414,0.0414,0.0391,0.0000,0.6610,-0.3103,0.5836,5
2026-03-21T04:23:25.604264,0,0.2073,0.2073,0.1528,0.0000,0.2168,-0.0403,-0.2131,42
2026-03-21T04:23:25.604264,1,0.8468,0.8468,0.0775,0.0000,1.0626,0.3133,1.0154,44
2026-03-21T04:23:25.604264,2,0.1225,0.1225,0.0900,0.0000,0.6728,-0.2742,0.6144,13
2026-03-21T04:23:25.675106,0,0.2051,0.2051,0.1461,0.0000,0.2194,-0.0383,-0.2160,43
2026-03-21T04:23:25.675106,1,0.0955,0.0955,0.0143,0.0000,1.1912,0.7500,0.9255,5
2026-03-21T04:23:25.675106,2,0.7812,0.7812,0.0727,0.0000,1.0613,0.3022,1.0174,41
2026-03-21T04:23:25.675106,3,0.0722,0.0722,0.0107,0.0000,1.0241,-0.1955,1.0052,5
2026-03-21T04:23:25.675106,4,0.0735,0.0457,0.0735,0.0000,0.9309,-0.2717,0.8904,5
2026-03-21T04:23:25.675106,5,0.1020,0.0522,0.1020,0.0000,0.7293,-0.3134,0.6585,8
2026-03-21T04:23:25.745053,0,0.2164,0.2164,0.1745,0.0000,0.2176,-0.0360,-0.2146,44
2026-03-21T04:23:25.745053,1,0.0912,0.0912,0.0198,0.0000,1.1910,0.7498,0.9254,5
2026-03-21T04:23:25.745053,2,0.7619,0.7619,0.0758,0.0000,1.0625,0.3117,1.0157,40
2026-03-21T04:23:25.745053,3,0.0731,0.0731,0.0158,0.0000,1.0255,-0.1958,1.0066,5
2026-03-21T04:23:25.745053,4,0.0745,0.0454,0.0745,0.0000,0.9291,-0.2711,0.8887,5
2026-03-21T04:23:25.745053,5,0.1201,0.0344,0.1201,0.0000,0.7510,-0.3166,0.6810,7
2026-03-21T04:23:25.814954,0,0.2071,0.2071,0.1847,0.0000,0.2159,-0.0372,-0.2126,44
2026-03-21T04:23:25.814954,1,0.2815,0.2815,0.0602,0.0000,1.1514,0.6542,0.9475,14
2026-03-21T04:23:25.814954,2,0.2444,0.2444,0.0177,0.0000,0.9834,0.2055,0.9617,15
2026-03-21T04:23:25.814954,3,0.1088,0.1088,0.0171,0.0000,1.0452,0.0182,1.0451,7
2026-03-21T04:23:25.814954,4,0.1074,0.1074,0.0124,0.0000,1.0248,-0.1781,1.0092,7
2026-03-21T04:23:25.814954,5,0.1024,0.0523,0.1024,0.0000,0.9258,-0.2776,0.8831,6
2026-03-21T04:23:25.814954,6,0.0902,0.0078,0.0902,0.0000,0.7064,-0.3310,0.6240,5
2026-03-21T04:23:25.884127,0,0.1827,0.1827,0.1438,0.0000,0.2196,-0.0394,-0.2160,43
2026-03-21T04:23:25.884127,1,0.1005,0.1005,0.0404,0.0000,1.1920,0.7423,0.9326,6
2026-03-21T04:23:25.884127,2,0.2234,0.2234,0.0236,0.0000,1.1660,0.5844,1.0090,11
2026-03-21T04:23:25.884127,3,0.0819,0.0819,0.0166,0.0000,0.8941,0.2691,0.8526,6
2026-03-21T04:23:25.884127,4,0.2353,0.2353,0.1058,0.0000,0.9983,0.1025,0.9930,15
2026-03-21T04:23:25.884127,5,0.1436,0.1436,0.0298,0.0000,1.0224,-0.1779,1.0068,9
2026-03-21T04:23:25.884127,6,0.0914,0.0572,0.0914,0.0000,0.9359,-0.2808,0.8928,6
2026-03-21T04:23:25.955095,0,0.1785,0.1785,0.1536,0.0000,0.2306,-0.0414,-0.2268,41
2026-03-21T04:23:25.955095,1,0.1438,0.1438,0.0921,0.0000,1.2043,0.7249,0.9617,9
2026-03-21T04:23:25.955095,2,0.2606,0.2606,0.0136,0.0000,1.1389,0.5012,1.0227,13
2026-03-21T04:23:25.955095,3,0.0848,0.0848,0.0428,0.0000,0.9048,0.2116,0.8797,6
2026-03-21T04:23:25.955095,4,0.0991,0.0991,0.0353,0.0000,0.9828,0.1197,0.9755,7
2026-03-21T04:23:25.955095,5,0.1555,0.1555,0.0456,0.0000,1.0203,-0.1862,1.0032,10
2026-03-21T04:23:25.955095,6,0.0900,0.0548,0.0900,0.0000,0.9288,-0.2941,0.8810,6
2026-03-21T04:23:26.024697,0,0.1781,0.1781,0.1567,0.0000,0.2317,-0.0410,-0.2281,41
2026-03-21T04:23:26.024697,1,0.0813,0.0813,0.0312,0.0000,1.1988,0.7217,0.9573,5
2026-03-21T04:23:26.024697,2,0.3250,0.3250,0.0324,0.0000,1.1500,0.5161,1.0277,16
2026-03-21T04:23:26.024697,3,0.0709,0.0709,0.0562,0.0000,0.9031,0.1881,0.8833,5
2026-03-21T04:23:26.024697,4,0.1360,0.1360,0.0667,0.0000,1.0014,0.0868,0.9977,9
2026-03-21T04:23:26.024697,5,0.1567,0.1567,0.0348,0.0000,1.0206,-0.1863,1.0035,10
2026-03-21T04:23:26.024697,6,0.1007,0.0522,0.1007,0.0000,0.9331,-0.2953,0.8851,6
2026-03-21T04:23:26.094612,0,0.1687,0.1687,0.1507,0.0000,0.2265,-0.0408,-0.2228,41
2026-03-21T04:23:26.094612,1,0.3143,0.3143,0.0506,0.0000,1.1519,0.5167,1.0295,16
2026-03-21T04:23:26.094612,2,0.0884,0.0884,0.0435,0.0000,1.0365,0.2770,0.9988,6
2026-03-21T04:23:26.094612,3,0.0702,0.0702,0.0543,0.0000,0.7755,-0.0202,0.7752,6
2026-03-21T04:23:26.094612,4,0.1765,0.1765,0.0318,0.0000,1.0234,-0.1782,1.0077,11
2026-03-21T04:23:26.094612,5,0.0777,0.0415,0.0777,0.0000,0.9289,-0.3020,0.8785,5
2026-03-21T04:23:26.163544,0,0.1837,0.1837,0.1708,0.0000,0.2283,-0.0377,-0.2252,42
2026-03-21T04:23:26.163544,1,0.0917,0.0917,0.0178,0.0000,1.2040,0.7249,0.9613,5
2026-03-21T04:23:26.163544,2,0.3089,0.3089,0.0551,0.0000,1.1559,0.5183,1.0331,16
2026-03-21T04:23:26.163544,3,0.0637,0.0637,0.0412,0.0000,0.9061,0.1885,0.8863,5
2026-03-21T04:23:26.163544,4,0.1011,0.1011,0.0252,0.0000,0.9885,0.1033,0.9831,7
2026-03-21T04:23:26.163544,5,0.1456,0.1456,0.0185,0.0000,1.0265,-0.1963,1.0076,9
2026-03-21T04:23:26.163544,6,0.0736,0.0414,0.0736,0.0000,0.9207,-0.3145,0.8654,5
2026-03-21T04:23:26.232877,0,0.1795,0.1795,0.1541,0.0000,0.2272,-0.0379,-0.2241,42
2026-03-21T04:23:26.232877,1,0.3382,0.3382,0.0913,0.0000,1.1857,0.6126,1.0153,17
2026-03-21T04:23:26.232877,2,0.2532,0.2532,0.1100,0.0000,0.9794,0.1693,0.9647,17
2026-03-21T04:23:26.232877,3,0.1107,0.1107,0.0078,0.0000,1.0546,-0.0368,1.0540,7
2026-03-21T04:23:26.232877,4,0.1073,0.1073,0.0142,0.0000,1.0291,-0.2317,1.0027,7
2026-03-21T04:23:26.232877,5,0.0656,0.0457,0.0656,0.0000,0.9345,-0.3192,0.8783,5
2026-03-21T04:23:26.232877,6,0.0819,0.0317,0.0819,0.0000,0.7608,-0.3508,0.6751,6
2026-03-21T04:23:26.302018,0,0.1721,0.1721,0.1458,0.0000,0.2181,-0.0358,-0.2151,43
2026-03-21T04:23:26.302018,1,0.1195,0.1195,0.0511,0.0000,1.1936,0.6149,1.0230,7
2026-03-21T04:23:26.302018,2,0.6999,0.6999,0.0588,0.0000,1.0620,0.1631,1.0494,38
2026-03-21T04:23:26.370288,0,0.1869,0.1579,0.1869,0.0000,0.2187,-0.0365,-0.2156,41
2026-03-21T04:23:26.370288,1,0.9953,0.9953,0.1441,0.0000,1.0621,0.0787,1.0591,52
2026-03-21T04:23:26.439549,0,0.1495,0.1495,0.1372,0.0000,0.2179,-0.0391,-0.2144,39
2026-03-21T04:23:26.439549,1,0.4167,0.4167,0.0438,0.0000,1.1484,0.1630,1.1368,21
2026-03-21T04:23:26.439549,2,0.1663,0.1663,0.0375,0.0000,1.0629,-0.4243,0.9745,10
2026-03-21T04:23:26.508090,0,0.2131,0.2131,0.1588,0.0000,0.1912,-0.0147,-0.1907,51
2026-03-21T04:23:26.578877,0,0.2970,0.2970,0.0986,0.0000,0.1842,0.0202,-0.1831,70
2026-03-21T04:23:26.650330,0,0.3329,0.3329,0.0832,0.0000,0.1778,0.0339,-0.1746,80
2026-03-21T04:23:26.721622,0,0.3185,0.3185,0.0956,0.0000,0.1709,0.0409,-0.1660,86
2026-03-21T04:23:26.792048,0,0.3409,0.3409,0.1013,0.0000,0.1661,0.0469,-0.1594,91
2026-03-21T04:23:26.862216,0,0.3262,0.3262,0.1011,0.0000,0.1595,0.0498,-0.1515,95
2026-03-21T04:23:26.932225,0,0.3423,0.3423,0.1164,0.0000,0.1545,0.0534,-0.1449,99
2026-03-21T04:23:26.932225,1,0.0850,0.0465,0.0850,0.0000,1.3604,1.2939,-0.4202,5
2026-03-21T04:23:27.000563,0,0.3158,0.3158,0.1196,0.0000,0.1483,0.0540,-0.1381,102
2026-03-21T04:23:27.000563,1,0.0863,0.0390,0.0863,0.0000,1.3356,1.2960,-0.3229,5
2026-03-21T04:23:27.069300,0,0.3626,0.3626,0.1359,0.0000,0.1454,0.0576,-0.1335,106
2026-03-21T04:23:27.069300,1,0.0853,0.0410,0.0853,0.0000,1.3086,1.2846,-0.2495,5
2026-03-21T04:23:27.137672,0,0.3309,0.3309,0.1367,0.0000,0.1416,0.0573,-0.1295,108
2026-03-21T04:23:27.206748,0,0.3643,0.3643,0.1464,0.0000,0.1405,0.0600,-0.1271,111
2026-03-21T04:23:27.206748,1,0.0823,0.0378,0.0823,0.0000,1.2262,1.2195,-0.1279,5
2026-03-21T04:23:27.276540,0,0.3535,0.3535,0.1652,0.0000,0.1404,0.0609,-0.1265,113
2026-03-21T04:23:27.276540,1,0.1641,0.0707,0.1641,0.0000,1.1812,1.1806,-0.0402,9
2026-03-21T04:23:27.345715,0,0.3516,0.3516,0.1798,0.0000,0.1408,0.0631,-0.1259,115
2026-03-21T04:23:27.345715,1,0.2067,0.0839,0.2067,0.0000,1.1657,1.1655,0.0220,11
2026-03-21T04:23:27.415984,0,0.3669,0.3669,0.1962,0.0000,0.1404,0.0646,-0.1247,117
2026-03-21T04:23:27.415984,1,0.1835,0.0693,0.1835,0.0000,1.1382,1.1370,0.0509,10
2026-03-21T04:23:27.486325,0,0.3572,0.3572,0.2096,0.0000,0.1397,0.0642,-0.1241,118
2026-03-21T04:23:27.486325,1,0.2501,0.0948,0.2501,0.0000,1.1384,1.1339,0.1016,13
2026-03-21T04:23:27.556461,0,0.3503,0.3503,0.2112,0.0000,0.1389,0.0648,-0.1228,119
2026-03-21T04:23:27.556461,1,0.2265,0.0814,0.2265,0.0000,1.1244,1.1190,0.1098,12
2026-03-21T04:23:27.626233,0,0.3550,0.3550,0.2227,0.0000,0.1375,0.0648,-0.1213,120
2026-03-21T04:23:27.626233,1,0.2269,0.0758,0.2269,0.0000,1.1189,1.1115,0.1287,12
2026-03-21T04:23:27.696603,0,0.3770,0.3770,0.2217,0.0000,0.1366,0.0668,-0.1192,122
2026-03-21T04:23:27.696603,1,0.2699,0.0880,0.2699,0.0000,1.1082,1.0956,0.1667,14
2026-03-21T04:23:27.765992,0,0.3345,0.3345,0.2179,0.0000,0.1363,0.0647,-0.1200,122
2026-03-21T04:23:27.765992,1,0.2733,0.0942,0.2733,0.0000,1.0991,1.0801,0.2034,14
2026-03-21T04:23:27.835851,0,0.3332,0.3332,0.2228,0.0000,0.1372,0.0672,-0.1196,124
2026-03-21T04:23:27.835851,1,0.2863,0.0747,0.2863,0.0000,1.0733,1.0492,0.2262,15
2026-03-21T04:23:27.905695,0,0.3755,0.3755,0.2251,0.0000,0.1365,0.0705,-0.1170,127
2026-03-21T04:23:27.905695,1,0.3108,0.0689,0.3108,0.0000,1.0594,1.0198,0.2869,16
2026-03-21T04:23:27.974935,0,0.3368,0.3368,0.2284,0.0000,0.1377,0.0724,-0.1171,129
2026-03-21T04:23:27.974935,1,0.2548,0.0388,0.2548,0.0000,1.0220,0.9793,0.2925,14
2026-03-21T04:23:28.044799,0,0.3703,0.3703,0.2706,0.0000,0.1382,0.0795,-0.1131,131
2026-03-21T04:23:28.044799,1,0.3407,0.0435,0.3407,0.0000,1.0132,0.9410,0.3756,18
2026-03-21T04:23:28.114001,0,0.0571,0.0571,0.0564,0.0000,0.3260,-0.1511,-0.2889,6
2026-03-21T04:23:28.114001,1,0.3397,0.3397,0.2820,0.0000,0.1391,0.0875,-0.1082,130
2026-03-21T04:23:28.114001,2,0.3478,0.0337,0.3478,0.0000,0.9987,0.8992,0.4344,18
2026-03-21T04:23:28.183384,0,0.0446,0.0446,0.0196,0.0000,0.3341,-0.1492,-0.2989,8
2026-03-21T04:23:28.183384,1,0.3163,0.3163,0.2944,0.0000,0.1388,0.0906,-0.1051,130
2026-03-21T04:23:28.183384,2,0.4095,0.0193,0.4095,0.0000,0.9933,0.8654,0.4876,21
2026-03-21T04:23:28.252845,0,0.0656,0.0656,0.0245,0.0000,0.3327,-0.1437,-0.3001,10
2026-03-21T04:23:28.252845,1,0.3058,0.3058,0.3028,0.0000,0.1374,0.0936,-0.1006,130
2026-03-21T04:23:28.252845,2,0.3317,0.0118,0.3317,0.0000,0.9665,0.8389,0.4800,18
2026-03-21T04:23:28.323274,0,0.0725,0.0725,0.0179,0.0000,0.3321,-0.1410,-0.3007,11
2026-03-21T04:23:28.323274,1,0.3093,0.3021,0.3093,0.0000,0.1360,0.0938,-0.0985,130
2026-03-21T04:23:28.323274,2,0.3815,0.0127,0.3815,0.0000,0.9744,0.8185,0.5288,20
2026-03-21T04:23:28.393398,0,0.0904,0.0904,0.0486,0.0000,0.3261,-0.1337,-0.2974,13
2026-03-21T04:23:28.393398,1,0.3160,0.2938,0.3160,0.0000,0.1348,0.0964,-0.0942,130
2026-03-21T04:23:28.393398,2,0.3523,0.0192,0.3523,0.0000,0.9548,0.7978,0.5245,19
2026-03-21T04:23:28.462730,0,0.1016,0.1016,0.0619,0.0000,0.3276,-0.1320,-0.2998,14
2026-03-21T04:23:28.462730,1,0.2974,0.2534,0.2974,0.0000,0.1333,0.0961,-0.0924,130
2026-03-21T04:23:28.462730,2,0.3803,0.0253,0.3803,0.0000,0.9595,0.7775,0.5623,20
2026-03-21T04:23:28.532288,0,0.1149,0.1149,0.0795,0.0000,0.3254,-0.1289,-0.2987,15
2026-03-21T04:23:28.532288,1,0.3028,0.2487,0.3028,0.0000,0.1311,0.0965,-0.0887,131
2026-03-21T04:23:28.532288,2,0.3867,0.0300,0.3867,0.0000,0.9659,0.7622,0.5933,20
2026-03-21T04:23:28.601840,0,0.1087,0.1087,0.0703,0.0000,0.3339,-0.1322,-0.3067,15
2026-03-21T04:23:28.601840,1,0.2980,0.2303,0.2980,0.0000,0.1306,0.0971,-0.0873,131
2026-03-21T04:23:28.601840,2,0.4005,0.0506,0.4005,0.0000,0.9591,0.7408,0.6092,21
2026-03-21T04:23:28.671395,0,0.1361,0.1361,0.1123,0.0000,0.3277,-0.1259,-0.3025,17
2026-03-21T04:23:28.671395,1,0.3078,0.2331,0.3078,0.0000,0.1314,0.0992,-0.0862,132
2026-03-21T04:23:28.671395,2,0.3511,0.0535,0.3511,0.0000,0.9464,0.7213,0.6128,19
2026-03-21T04:23:28.741117,0,0.1348,0.1348,0.0918,0.0000,0.3362,-0.1290,-0.3105,17
2026-03-21T04:23:28.741117,1,0.3138,0.2346,0.3138,0.0000,0.1322,0.0999,-0.0865,133
2026-03-21T04:23:28.741117,2,0.3554,0.0511,0.3554,0.0000,0.9435,0.7081,0.6234,19
2026-03-21T04:23:28.810808,0,0.4594,0.3917,0.4594,0.0000,0.1354,0.0746,-0.1130,151
2026-03-21T04:23:28.810808,1,0.3378,0.0659,0.3378,0.0000,0.9290,0.6976,0.6135,19
2026-03-21T04:23:28.880632,0,0.4836,0.4099,0.4836,0.0000,0.1357,0.0756,-0.1127,153
2026-03-21T04:23:28.880632,1,0.4115,0.0828,0.4115,0.0000,0.9430,0.6786,0.6548,22
2026-03-21T04:23:28.950510,0,0.1238,0.1238,0.0790,0.0000,0.3709,-0.1471,-0.3405,15
2026-03-21T04:23:28.950510,1,0.4013,0.2506,0.4013,0.0000,0.1363,0.0998,-0.0929,138
2026-03-21T04:23:28.950510,2,0.3976,0.0786,0.3976,0.0000,0.9463,0.6637,0.6744,21
2026-03-21T04:23:29.021526,0,0.1303,0.1303,0.0816,0.0000,0.3755,-0.1490,-0.3446,15
2026-03-21T04:23:29.021526,1,0.4150,0.2688,0.4150,0.0000,0.1364,0.1011,-0.0916,139
2026-03-21T04:23:29.021526,2,0.3748,0.0710,0.3748,0.0000,0.9367,0.6634,0.6613,20
2026-03-21T04:23:29.091735,0,0.1350,0.1350,0.0971,0.0000,0.3647,-0.1422,-0.3358,16
2026-03-21T04:23:29.091735,1,0.3571,0.2548,0.3571,0.0000,0.1363,0.1007,-0.0919,135
2026-03-21T04:23:29.091735,2,0.3943,0.0648,0.3943,0.0000,0.9402,0.6938,0.6345,21
2026-03-21T04:23:29.161348,0,0.1313,0.1313,0.0963,0.0000,0.3597,-0.1429,-0.3301,15
2026-03-21T04:23:29.161348,1,0.3226,0.2585,0.3226,0.0000,0.1401,0.0992,-0.0990,131
2026-03-21T04:23:29.161348,2,0.3452,0.0326,0.3452,0.0000,0.9221,0.7331,0.5593,19
2026-03-21T04:23:29.231757,0,0.1300,0.1300,0.0942,0.0000,0.3373,-0.1319,-0.3105,16
2026-03-21T04:23:29.231757,1,0.3142,0.2699,0.3142,0.0000,0.1436,0.0999,-0.1032,124
2026-03-21T04:23:29.231757,2,0.3923,0.0166,0.3923,0.0000,0.9358,0.7899,0.5018,21
2026-03-21T04:23:29.299223,0,0.1078,0.1078,0.0534,0.0000,0.3311,-0.1312,-0.3040,15
2026-03-21T04:23:29.299223,1,0.2992,0.2686,0.2992,0.0000,0.1513,0.0971,-0.1161,117
2026-03-21T04:23:29.299223,2,0.4478,0.0493,0.4478,0.0000,0.9275,0.8260,0.4218,24
2026-03-21T04:23:29.368438,0,0.0982,0.0982,0.0594,0.0000,0.3294,-0.1351,-0.3004,13
2026-03-21T04:23:29.368438,1,0.3100,0.3100,0.2938,0.0000,0.1566,0.0934,-0.1257,113
2026-03-21T04:23:29.368438,2,0.5049,0.0902,0.5049,0.0000,0.9086,0.8470,0.3287,28
2026-03-21T04:23:29.436992,0,0.0917,0.0917,0.0588,0.0000,0.3163,-0.1322,-0.2874,12
2026-03-21T04:23:29.436992,1,0.3215,0.3215,0.2833,0.0000,0.1612,0.0899,-0.1338,109
2026-03-21T04:23:29.436992,2,0.5287,0.1221,0.5287,0.0000,0.9039,0.8630,0.2688,30
2026-03-21T04:23:29.506016,0,0.4240,0.4240,0.2718,0.0000,0.1655,0.0633,-0.1529,116
2026-03-21T04:23:29.506016,1,0.5213,0.1444,0.5213,0.0000,0.8854,0.8634,0.1960,31
2026-03-21T04:23:29.575944,0,0.4107,0.4107,0.2451,0.0000,0.1661,0.0576,-0.1558,111
2026-03-21T04:23:29.575944,1,0.5800,0.1804,0.5800,0.0000,0.8778,0.8646,0.1520,35
2026-03-21T04:23:29.647020,0,0.4188,0.4188,0.2327,0.0000,0.1690,0.0546,-0.1599,107
2026-03-21T04:23:29.647020,1,0.5821,0.2161,0.5821,0.0000,0.8716,0.8660,0.0985,36
2026-03-21T04:23:29.715814,0,0.3952,0.3952,0.2133,0.0000,0.1713,0.0501,-0.1638,102
2026-03-21T04:23:29.715814,1,0.6386,0.2628,0.6386,0.0000,0.8669,0.8651,0.0555,40
2026-03-21T04:23:29.785000,0,0.3908,0.3908,0.1933,0.0000,0.1739,0.0488,-0.1669,99
2026-03-21T04:23:29.785000,1,0.6168,0.2799,0.6168,0.0000,0.8595,0.8594,0.0092,40
2026-03-21T04:23:29.855467,0,0.3972,0.3972,0.1786,0.0000,0.1774,0.0463,-0.1713,96
2026-03-21T04:23:29.855467,1,0.6550,0.3012,0.6550,0.0000,0.8525,0.8524,-0.0111,43
2026-03-21T04:23:29.925942,0,0.3875,0.3875,0.1674,0.0000,0.1805,0.0430,-0.1754,93
2026-03-21T04:23:29.925942,1,0.6867,0.3262,0.6867,0.0000,0.8388,0.8382,-0.0317,46
2026-03-21T04:23:29.925942,2,0.0858,0.0486,0.0858,0.0000,1.1894,-0.5579,1.0505,5
2026-03-21T04:23:29.996136,0,0.4234,0.4234,0.1610,0.0000,0.1869,0.0419,-0.1822,91
2026-03-21T04:23:29.996136,1,0.7243,0.3372,0.7243,0.0000,0.8185,0.8173,-0.0439,50
2026-03-21T04:23:29.996136,2,0.0816,0.0492,0.0816,0.0000,1.1722,-0.5499,1.0352,5
2026-03-21T04:23:30.065305,0,0.3996,0.3996,0.1489,0.0000,0.1947,0.0354,-0.1915,86
2026-03-21T04:23:30.065305,1,0.7238,0.3510,0.7238,0.0000,0.8149,0.8148,-0.0146,50
2026-03-21T04:23:30.135687,0,0.3797,0.3797,0.1850,0.0000,0.2054,0.0274,-0.2036,81
2026-03-21T04:23:30.135687,1,0.1887,0.1887,0.0307,0.0000,0.3884,0.3308,-0.2036,15
2026-03-21T04:23:30.135687,2,0.7516,0.2899,0.7516,0.0000,0.8186,0.8166,0.0581,50
2026-03-21T04:23:30.204759,0,0.7035,0.7035,0.2070,0.0000,0.2462,0.1168,-0.2168,106
2026-03-21T04:23:30.204759,1,0.7151,0.1975,0.7151,0.0000,0.8339,0.8202,0.1502,45
2026-03-21T04:23:30.274457,0,0.1021,0.1021,0.0495,0.0000,0.3606,-0.1447,-0.3303,14
2026-03-21T04:23:30.274457,1,0.6166,0.6166,0.2509,0.0000,0.2914,0.1873,-0.2232,99
2026-03-21T04:23:30.274457,2,0.6920,0.1442,0.6920,0.0000,0.8465,0.8146,0.2301,42
2026-03-21T04:23:30.344388,0,0.1130,0.1130,0.0370,0.0000,0.3582,-0.1384,-0.3304,16
2026-03-21T04:23:30.344388,1,0.1594,0.1578,0.1594,0.0000,0.2371,0.0127,-0.2367,33
2026-03-21T04:23:30.344388,2,0.4202,0.4202,0.3554,0.0000,0.3668,0.3045,-0.2046,71
2026-03-21T04:23:30.344388,3,0.6443,0.0837,0.6443,0.0000,0.8596,0.8047,0.3023,38
2026-03-21T04:23:30.412800,0,0.7222,0.7222,0.3932,0.0000,0.2835,0.1778,-0.2208,125
2026-03-21T04:23:30.412800,1,0.6468,0.0605,0.6468,0.0000,0.8750,0.7925,0.3709,37
2026-03-21T04:23:30.482976,0,0.6484,0.6484,0.1926,0.0000,0.2801,0.1032,-0.2604,98
2026-03-21T04:23:30.482976,1,0.2500,0.0951,0.2500,0.0000,0.4572,0.4560,-0.0339,30
2026-03-21T04:23:30.482976,2,0.5707,0.0405,0.5707,0.0000,0.8726,0.7644,0.4210,33
2026-03-21T04:23:30.553482,0,0.6193,0.6193,0.1799,0.0000,0.2774,0.0988,-0.2592,98
2026-03-21T04:23:30.553482,1,0.0767,0.0549,0.0767,0.0000,0.8302,0.7896,-0.2565,7
2026-03-21T04:23:30.553482,2,0.2451,0.0757,0.2451,0.0000,0.4688,0.4687,0.0050,28
2026-03-21T04:23:30.553482,3,0.6158,0.0445,0.6158,0.0000,0.8922,0.7442,0.4922,34
2026-03-21T04:23:30.623266,0,0.6369,0.6369,0.2039,0.0000,0.2762,0.1123,-0.2524,97
2026-03-21T04:23:30.623266,1,0.0341,0.0096,0.0341,0.0000,0.1779,-0.0338,-0.1747,5
2026-03-21T04:23:30.623266,2,0.0694,0.0290,0.0694,0.0000,0.8320,0.8055,-0.2083,6
2026-03-21T04:23:30.623266,3,0.2640,0.0869,0.2640,0.0000,0.4705,0.4692,0.0343,29
2026-03-21T04:23:30.623266,4,0.5747,0.0697,0.5747,0.0000,0.8962,0.7217,0.5313,32
2026-03-21T04:23:30.693445,0,0.6048,0.6048,0.2200,0.0000,0.2649,0.1054,-0.2431,103
2026-03-21T04:23:30.693445,1,0.2729,0.0880,0.2729,0.0000,0.4636,0.4626,0.0300,30
2026-03-21T04:23:30.693445,2,0.5486,0.0622,0.5486,0.0000,0.8898,0.7217,0.5205,31
2026-03-21T04:23:30.762812,0,0.7104,0.7104,0.4928,0.0000,0.2635,0.1904,-0.1821,136
2026-03-21T04:23:30.762812,1,0.5457,0.0581,0.5457,0.0000,0.8883,0.7295,0.5069,31
2026-03-21T04:23:30.832017,0,0.7272,0.7272,0.4954,0.0000,0.2643,0.1904,-0.1834,135
2026-03-21T04:23:30.832017,1,0.5200,0.0470,0.5200,0.0000,0.8800,0.7362,0.4821,30
2026-03-21T04:23:30.902485,0,0.7341,0.7341,0.4881,0.0000,0.2659,0.1915,-0.1845,136
2026-03-21T04:23:30.902485,1,0.5447,0.0389,0.5447,0.0000,0.8862,0.7451,0.4798,31
2026-03-21T04:23:30.971804,0,0.7232,0.7232,0.4516,0.0000,0.2653,0.1838,-0.1913,133
2026-03-21T04:23:30.971804,1,0.5410,0.0189,0.5410,0.0000,0.8810,0.7647,0.4375,31
2026-03-21T04:23:31.043209,0,0.7030,0.7030,0.3730,0.0000,0.2691,0.1720,-0.2070,126
2026-03-21T04:23:31.043209,1,0.5350,0.0551,0.5350,0.0000,0.8761,0.8017,0.3532,31
2026-03-21T04:23:31.112680,0,0.1099,0.1099,0.0642,0.0000,0.3283,-0.1273,-0.3027,16
2026-03-21T04:23:31.112680,1,0.5817,0.5817,0.2711,0.0000,0.2902,0.1974,-0.2126,99
2026-03-21T04:23:31.112680,2,0.5660,0.1481,0.5660,0.0000,0.8688,0.8416,0.2159,34
2026-03-21T04:23:31.181472,0,0.2245,0.2245,0.1716,0.0000,0.2438,-0.0486,-0.2389,42
2026-03-21T04:23:31.181472,1,0.4471,0.4471,0.2122,0.0000,0.3706,0.2676,-0.2564,65
2026-03-21T04:23:31.181472,2,0.5871,0.2172,0.5871,0.0000,0.8750,0.8675,0.1143,36
2026-03-21T04:23:31.181472,3,0.0658,0.0658,0.0441,0.0000,1.1313,-0.5311,0.9989,5
2026-03-21T04:23:31.249724,0,0.6898,0.6898,0.2164,0.0000,0.3069,0.1411,-0.2726,102
2026-03-21T04:23:31.249724,1,0.5532,0.2918,0.5532,0.0000,0.8786,0.8783,0.0226,36
2026-03-21T04:23:31.249724,2,0.1320,0.1300,0.1320,0.0000,1.1102,-0.4507,1.0146,9
2026-03-21T04:23:31.318937,0,0.7023,0.7023,0.2197,0.0000,0.3253,0.1397,-0.2938,97
2026-03-21T04:23:31.318937,1,0.5043,0.2926,0.5043,0.0000,0.8838,0.8820,-0.0568,34
2026-03-21T04:23:31.318937,2,0.0933,0.0933,0.0870,0.0000,1.1100,-0.3425,1.0559,7
2026-03-21T04:23:31.387473,0,0.1707,0.1322,0.1707,0.0000,0.2638,-0.0830,-0.2504,26
2026-03-21T04:23:31.387473,1,0.5358,0.5358,0.2088,0.0000,0.4172,0.2233,-0.3525,67
2026-03-21T04:23:31.387473,2,0.5059,0.3454,0.5059,0.0000,0.8976,0.8907,-0.1114,35
2026-03-21T04:23:31.387473,3,0.0701,0.0701,0.0439,0.0000,1.1235,-0.2525,1.0947,5
2026-03-21T04:23:31.456761,0,0.1207,0.1207,0.0712,0.0000,0.3046,-0.1079,-0.2848,19
2026-03-21T04:23:31.456761,1,0.2316,0.2316,0.1469,0.0000,0.3790,0.0518,-0.3755,30
2026-03-21T04:23:31.456761,2,0.1240,0.1128,0.1240,0.0000,0.9153,0.4428,-0.8011,11
2026-03-21T04:23:31.456761,3,0.1801,0.1801,0.1732,0.0000,0.5262,0.3913,-0.3518,25
2026-03-21T04:23:31.456761,4,0.4560,0.3654,0.4560,0.0000,0.9105,0.8931,-0.1776,33
2026-03-21T04:23:31.456761,5,0.0702,0.0702,0.0589,0.0000,1.1099,-0.1733,1.0963,5
2026-03-21T04:23:31.526839,0,0.2885,0.2885,0.1894,0.0000,0.3676,-0.0403,-0.3654,45
2026-03-21T04:23:31.526839,1,0.1344,0.1344,0.0456,0.0000,0.8249,0.3094,-0.7647,9
2026-03-21T04:23:31.526839,2,0.1200,0.0523,0.1200,0.0000,0.8816,0.4465,-0.7601,8
2026-03-21T04:23:31.526839,3,0.1646,0.1629,0.1646,0.0000,0.5500,0.4056,-0.3714,22
2026-03-21T04:23:31.526839,4,0.4401,0.3636,0.4401,0.0000,0.9296,0.9028,-0.2218,32
2026-03-21T04:23:31.526839,5,0.0780,0.0780,0.0365,0.0000,1.1540,-0.0803,1.1513,5
2026-03-21T04:23:31.597003,0,0.1331,0.0661,0.1331,0.0000,0.3983,-0.1460,-0.3705,17
2026-03-21T04:23:31.597003,1,0.1668,0.1668,0.1041,0.0000,0.3974,0.0089,-0.3973,23
2026-03-21T04:23:31.597003,2,0.2602,0.1652,0.2602,0.0000,0.7763,0.3294,-0.7030,20
2026-03-21T04:23:31.597003,3,0.1921,0.1555,0.1921,0.0000,0.5920,0.4283,-0.4087,22
2026-03-21T04:23:31.597003,4,0.4256,0.3702,0.4256,0.0000,0.9534,0.9193,-0.2526,31
2026-03-21T04:23:31.666621,0,0.2496,0.2496,0.1646,0.0000,0.4201,-0.0786,-0.4127,37
2026-03-21T04:23:31.666621,1,0.1064,0.1064,0.0649,0.0000,0.9109,0.2735,-0.8689,8
2026-03-21T04:23:31.666621,2,0.1812,0.1505,0.1812,0.0000,0.9764,0.4642,-0.8591,14
2026-03-21T04:23:31.666621,3,0.2257,0.1233,0.2257,0.0000,0.6395,0.4659,-0.4381,21
2026-03-21T04:23:31.666621,4,0.4453,0.3849,0.4453,0.0000,0.9930,0.9576,-0.2631,31
2026-03-21T04:23:31.737180,0,0.1271,0.1015,0.1271,0.0000,0.4678,-0.1693,-0.4361,18
2026-03-21T04:23:31.737180,1,0.1302,0.1302,0.0534,0.0000,0.4392,-0.0149,-0.4390,17
2026-03-21T04:23:31.737180,2,0.1232,0.1232,0.0325,0.0000,0.9335,0.2499,-0.8994,8
2026-03-21T04:23:31.737180,3,0.3645,0.3016,0.3645,0.0000,0.9809,0.5294,-0.8258,27
2026-03-21T04:23:31.737180,4,0.1035,0.0265,0.1035,0.0000,0.6796,0.5313,-0.4237,8
2026-03-21T04:23:31.737180,5,0.4580,0.4021,0.4580,0.0000,1.0093,0.9659,-0.2931,32
2026-03-21T04:23:31.808070,0,0.1320,0.1031,0.1320,0.0000,0.4765,-0.1723,-0.4443,18
2026-03-21T04:23:31.808070,1,0.1158,0.1158,0.0723,0.0000,0.4596,-0.0068,-0.4596,15
2026-03-21T04:23:31.808070,2,0.1407,0.1407,0.0333,0.0000,0.9329,0.2422,-0.9009,9
2026-03-21T04:23:31.808070,3,0.9707,0.7830,0.9707,0.0000,0.9594,0.7796,-0.5591,67
2026-03-21T04:23:31.877318,0,0.1477,0.0879,0.1477,0.0000,0.4821,-0.1782,-0.4479,17
2026-03-21T04:23:31.877318,1,0.0507,0.0132,0.0507,0.0000,0.1691,-0.0321,-0.1661,5
2026-03-21T04:23:31.877318,2,0.1204,0.1204,0.0686,0.0000,0.4776,-0.0071,-0.4776,15
2026-03-21T04:23:31.877318,3,0.2271,0.2271,0.0421,0.0000,0.9188,0.2467,-0.8850,14
2026-03-21T04:23:31.877318,4,0.9006,0.7249,0.9006,0.0000,0.9846,0.8044,-0.5677,62
2026-03-21T04:23:31.947218,0,0.1374,0.1355,0.1374,0.0000,0.4925,-0.1767,-0.4598,18
2026-03-21T04:23:31.947218,1,0.1363,0.1363,0.0788,0.0000,0.4874,-0.0119,-0.4873,16
2026-03-21T04:23:31.947218,2,0.2053,0.2053,0.0612,0.0000,0.9191,0.2458,-0.8856,14
2026-03-21T04:23:31.947218,3,0.9224,0.7051,0.9224,0.0000,1.0024,0.8237,-0.5712,61
2026-03-21T04:23:32.016792,0,0.1759,0.1051,0.1759,0.0000,0.4930,-0.1775,-0.4600,18
2026-03-21T04:23:32.016792,1,0.1463,0.1463,0.0940,0.0000,0.5039,-0.0135,-0.5037,16
2026-03-21T04:23:32.016792,2,0.1635,0.1635,0.0570,0.0000,0.9318,0.2252,-0.9042,11
2026-03-21T04:23:32.016792,3,1.0182,0.7575,1.0182,0.0000,1.0233,0.8617,-0.5521,65
2026-03-21T04:23:32.086923,0,0.1406,0.0916,0.1406,0.0000,0.4896,-0.1812,-0.4548,17
2026-03-21T04:23:32.086923,1,0.1591,0.1591,0.1122,0.0000,0.5266,-0.0203,-0.5262,17
2026-03-21T04:23:32.086923,2,0.2772,0.2772,0.0499,0.0000,0.9647,0.2833,-0.9222,17
2026-03-21T04:23:32.086923,3,0.9841,0.6882,0.9841,0.0000,1.0445,0.8770,-0.5672,61
2026-03-21T04:23:32.156820,0,0.2956,0.2956,0.2275,0.0000,0.5086,-0.0970,-0.4993,36
2026-03-21T04:23:32.156820,1,0.2946,0.2946,0.0600,0.0000,0.9648,0.3076,-0.9145,18
2026-03-21T04:23:32.156820,2,0.9890,0.6376,0.9890,0.0000,1.0636,0.9025,-0.5628,59
2026-03-21T04:23:32.226714,0,0.2894,0.2894,0.2307,0.0000,0.5111,-0.0974,-0.5017,37
2026-03-21T04:23:32.226714,1,0.3096,0.3096,0.0583,0.0000,0.9595,0.2982,-0.9119,19
2026-03-21T04:23:32.226714,2,0.9394,0.6206,0.9394,0.0000,1.0670,0.8943,-0.5819,57
2026-03-21T04:23:32.296243,0,0.2827,0.2827,0.2173,0.0000,0.5056,-0.1016,-0.4953,35
2026-03-21T04:23:32.296243,1,0.2725,0.2725,0.0525,0.0000,0.9703,0.2847,-0.9276,17
2026-03-21T04:23:32.296243,2,0.9330,0.6730,0.9330,0.0000,1.0664,0.8795,-0.6031,58
2026-03-21T04:23:32.366399,0,0.1836,0.1063,0.1836,0.0000,0.5097,-0.1834,-0.4756,18
2026-03-21T04:23:32.366399,1,0.1312,0.1312,0.0758,0.0000,0.5247,-0.0232,-0.5242,14
2026-03-21T04:23:32.366399,2,0.2585,0.2585,0.0489,0.0000,0.9812,0.2466,-0.9497,16
2026-03-21T04:23:32.366399,3,0.8842,0.6840,0.8842,0.0000,1.0721,0.8508,-0.6523,56
2026-03-21T04:23:32.366399,4,0.0816,0.0563,0.0816,0.0000,1.2574,1.2481,-0.1528,5
2026-03-21T04:23:32.435796,0,0.1999,0.0973,0.1999,0.0000,0.5362,-0.1929,-0.5003,18
2026-03-21T04:23:32.435796,1,0.1024,0.1024,0.0527,0.0000,0.5271,-0.0409,-0.5255,12
2026-03-21T04:23:32.435796,2,0.1381,0.1381,0.0323,0.0000,0.9732,0.1355,-0.9638,9
2026-03-21T04:23:32.435796,3,0.0838,0.0838,0.0376,0.0000,1.0134,0.2707,-0.9766,6
2026-03-21T04:23:32.435796,4,0.8103,0.7488,0.8103,0.0000,1.0817,0.8045,-0.7231,55
2026-03-21T04:23:32.435796,5,0.0379,0.0293,0.0379,0.0000,1.2482,1.2162,-0.2807,3
2026-03-21T04:23:32.505316,0,0.1832,0.1108,0.1832,0.0000,0.5703,-0.2106,-0.5300,17
2026-03-21T04:23:32.505316,1,0.0959,0.0950,0.0959,0.0000,0.5611,-0.0636,-0.5575,10
2026-03-21T04:23:32.505316,2,0.1048,0.1048,0.0375,0.0000,0.9975,0.0526,-0.9961,7
2026-03-21T04:23:32.505316,3,0.0662,0.0662,0.0471,0.0000,1.0391,0.2158,-1.0164,5
2026-03-21T04:23:32.505316,4,0.8141,0.8141,0.7627,0.0000,1.1130,0.7662,-0.8073,54
2026-03-21T04:23:32.574403,0,0.1976,0.1976,0.1551,0.0000,0.5947,-0.1936,-0.5624,22
2026-03-21T04:23:32.574403,1,0.1413,0.1413,0.0583,0.0000,1.0221,-0.0172,-1.0219,9
2026-03-21T04:23:32.574403,2,0.8769,0.8769,0.6740,0.0000,1.1552,0.7028,-0.9167,52
2026-03-21T04:23:32.643429,0,0.1553,0.1553,0.1328,0.0000,0.6345,-0.2327,-0.5903,18
2026-03-21T04:23:32.643429,1,0.2025,0.2025,0.0716,0.0000,1.0576,-0.0268,-1.0572,12
2026-03-21T04:23:32.643429,2,0.7832,0.7832,0.5079,0.0000,1.2107,0.7142,-0.9775,43
2026-03-21T04:23:32.712020,0,0.1658,0.0304,0.1658,0.0000,0.7121,-0.3103,-0.6409,9
2026-03-21T04:23:32.712020,1,0.0495,0.0495,0.0348,0.0000,0.6910,-0.2136,-0.6571,5
2026-03-21T04:23:32.712020,2,0.1704,0.1704,0.0409,0.0000,1.0853,-0.0661,-1.0833,10
2026-03-21T04:23:32.712020,3,0.6606,0.6606,0.3925,0.0566,1.2924,0.6356,-1.1253,34
2026-03-21T04:23:32.712020,4,0.0391,0.0391,0.0284,0.0000,1.3562,1.0079,-0.9074,3
2026-03-21T04:23:32.782211,0,0.1197,0.1197,0.0236,0.0000,1.1239,-0.0982,-1.1196,7
2026-03-21T04:23:32.782211,1,0.5100,0.5100,0.2844,0.0858,1.3741,0.6449,-1.2134,25
2026-03-21T04:23:32.850959,0,0.0165,0.0068,0.0165,0.0000,0.0878,0.0122,-0.0869,5
2026-03-21T04:23:32.921093,0,0.0378,0.0119,0.0378,0.0000,0.0908,0.0144,-0.0896,5
2026-03-21T04:23:32.991673,0,0.0283,0.0128,0.0283,0.0000,0.0901,0.0151,-0.0889,6
2026-03-21T04:23:33.060806,0,0.0488,0.0452,0.0488,0.0000,0.0948,0.0077,-0.0945,6
2026-03-21T04:23:33.131277,0,0.0373,0.0373,0.0286,0.0000,0.0848,-0.0027,-0.0848,9
2026-03-21T04:23:33.201709,0,0.0503,0.0482,0.0503,0.0000,0.0841,-0.0048,-0.0839,13
2026-03-21T04:23:33.201709,1,0.1704,0.1704,0.0274,0.1442,1.4009,-0.0608,-1.3996,8
2026-03-21T04:23:33.271917,0,0.0402,0.0402,0.0290,0.0000,0.0827,-0.0046,-0.0826,10
2026-03-21T04:23:33.271917,1,0.3338,0.3338,0.0509,0.1221,1.3644,-0.0227,-1.3642,15
2026-03-21T04:23:33.341715,0,0.0967,0.0500,0.0967,0.0000,0.0948,-0.0056,-0.0946,11
2026-03-21T04:23:33.341715,1,0.2578,0.2578,0.0449,0.0981,1.3451,-0.0110,-1.3451,12
2026-03-21T04:23:33.411973,0,0.0426,0.0323,0.0426,0.0000,0.0806,-0.0052,-0.0805,10
2026-03-21T04:23:33.411973,1,0.2112,0.2112,0.0272,0.0906,1.3470,-0.0584,-1.3457,10
2026-03-21T04:23:33.480863,0,0.1047,0.1047,0.0413,0.0000,1.2956,-0.4325,-1.2213,6
2026-03-21T04:23:33.480863,1,0.0426,0.0426,0.0353,0.0000,0.0922,-0.0058,-0.0920,11
2026-03-21T04:23:33.551260,0,0.1331,0.1331,0.0559,0.0353,1.3759,-0.5155,-1.2757,7
2026-03-21T04:23:33.551260,1,0.0359,0.0359,0.0284,0.0000,0.0912,-0.0087,-0.0908,11
2026-03-21T04:23:33.551260,2,0.0564,0.0564,0.0539,0.0000,1.0221,0.8055,0.6292,5
2026-03-21T04:23:33.619622,0,0.0403,0.0391,0.0403,0.0000,0.0828,-0.0080,-0.0824,11
2026-03-21T04:23:33.619622,1,0.0628,0.0305,0.0628,0.0000,0.9935,0.8603,0.4968,5
2026-03-21T04:23:33.689224,0,0.0416,0.0416,0.0372,0.0000,0.0842,-0.0061,-0.0840,11
2026-03-21T04:23:33.757554,0,0.0577,0.0371,0.0577,0.0000,0.0875,-0.0082,-0.0871,13
2026-03-21T04:23:33.757554,1,0.1485,0.1485,0.0206,0.1642,1.4260,-0.0745,-1.4240,7
2026-03-21T04:23:33.825352,0,0.1661,0.1661,0.0434,0.0401,1.3757,-0.4820,-1.2884,8
2026-03-21T04:23:33.825352,1,0.0390,0.0390,0.0275,0.0000,0.0888,-0.0065,-0.0885,13
2026-03-21T04:23:33.825352,2,0.1429,0.1429,0.0190,0.1092,1.3712,-0.0955,-1.3678,7
2026-03-21T04:23:33.895441,0,0.0948,0.0948,0.0247,0.0000,1.3706,-0.6224,-1.2211,5
2026-03-21T04:23:33.895441,1,0.1163,0.1163,0.0232,0.0000,1.3366,-0.4900,-1.2435,6
2026-03-21T04:23:33.895441,2,0.0563,0.0364,0.0563,0.0000,0.0821,0.0045,-0.0820,6
2026-03-21T04:23:33.895441,3,0.3046,0.3046,0.0556,0.0982,1.3361,-0.0339,-1.3357,14
2026-03-21T04:23:33.964927,0,0.1726,0.1726,0.0409,0.0000,1.0263,-0.3603,-0.9610,10
2026-03-21T04:23:33.964927,1,0.0389,0.0389,0.0276,0.0000,0.0887,-0.0016,-0.0887,8
2026-03-21T04:23:33.964927,2,0.2055,0.2055,0.0413,0.0626,1.3090,-0.0337,-1.3085,10
2026-03-21T04:23:34.035169,0,0.1374,0.1374,0.0545,0.0000,1.0003,-0.3749,-0.9274,9
2026-03-21T04:23:34.035169,1,0.0407,0.0407,0.0230,0.0000,0.0921,-0.0002,-0.0921,9
2026-03-21T04:23:34.035169,2,0.2285,0.2285,0.0618,0.0673,1.3033,0.0011,-1.3033,11
2026-03-21T04:23:34.105647,0,0.1771,0.1771,0.0967,0.0000,0.9879,-0.3939,-0.9060,12
2026-03-21T04:23:34.105647,1,0.0401,0.0401,0.0323,0.0000,0.0920,-0.0047,-0.0918,7
2026-03-21T04:23:34.105647,2,0.2039,0.2039,0.0456,0.0512,1.2934,-0.0105,-1.2933,10
2026-03-21T04:23:34.176091,0,0.1663,0.1663,0.0716,0.0000,0.9831,-0.4000,-0.8981,11
2026-03-21T04:23:34.176091,1,0.0827,0.0400,0.0827,0.0000,0.0914,0.0016,-0.0914,10
2026-03-21T04:23:34.176091,2,0.2005,0.2005,0.0357,0.0297,1.2810,-0.0554,-1.2798,10
2026-03-21T04:23:34.246167,0,0.1517,0.1517,0.0561,0.0000,0.9775,-0.4056,-0.8893,10
2026-03-21T04:23:34.246167,1,0.0840,0.0656,0.0840,0.0000,0.1120,-0.0039,-0.1119,10
2026-03-21T04:23:34.246167,2,0.2020,0.2020,0.0410,0.0397,1.2843,-0.0330,-1.2839,10
2026-03-21T04:23:34.317267,0,0.1532,0.1532,0.0975,0.0000,0.9760,-0.4123,-0.8847,11
2026-03-21T04:23:34.317267,1,0.0705,0.0473,0.0705,0.0000,0.1027,-0.0063,-0.1025,10
2026-03-21T04:23:34.317267,2,0.2501,0.2501,0.0648,0.0634,1.2976,0.0127,-1.2976,12
2026-03-21T04:23:34.386848,0,0.1343,0.1343,0.0841,0.0000,0.9687,-0.4169,-0.8744,10
2026-03-21T04:23:34.386848,1,0.0441,0.0414,0.0441,0.0000,0.0940,-0.0039,-0.0939,7
2026-03-21T04:23:34.386848,2,0.1788,0.1788,0.0360,0.0337,1.2813,-0.0443,-1.2805,9
2026-03-21T04:23:34.386848,3,0.0955,0.0955,0.0237,0.0694,1.3348,0.1166,-1.3297,5
2026-03-21T04:23:34.386848,4,0.0714,0.0349,0.0714,0.0000,0.9879,0.9825,0.1035,5
2026-03-21T04:23:34.456369,0,0.1056,0.1056,0.0970,0.0000,0.9705,-0.4250,-0.8724,9
2026-03-21T04:23:34.456369,1,0.0497,0.0497,0.0425,0.0000,0.1038,-0.0037,-0.1038,8
2026-03-21T04:23:34.456369,2,0.2474,0.2474,0.0593,0.0522,1.2887,-0.0327,-1.2882,12
2026-03-21T04:23:34.525773,0,0.0796,0.0749,0.0796,0.0000,0.9731,-0.4414,-0.8672,7
2026-03-21T04:23:34.525773,1,0.0814,0.0814,0.0317,0.0000,1.2482,-0.4269,-1.1729,5
2026-03-21T04:23:34.525773,2,0.0849,0.0600,0.0849,0.0000,0.0996,-0.0041,-0.0995,9
2026-03-21T04:23:34.525773,3,0.2499,0.2499,0.0677,0.0682,1.3011,-0.0101,-1.3011,12
2026-03-21T04:23:34.595411,0,0.0544,0.0490,0.0544,0.0000,0.9813,-0.4605,-0.8665,5
2026-03-21T04:23:34.595411,1,0.1880,0.1880,0.0666,0.0000,1.2509,-0.4176,-1.1792,10
2026-03-21T04:23:34.595411,2,0.0344,0.0344,0.0276,0.0000,0.0777,-0.0002,-0.0777,8
2026-03-21T04:23:34.595411,3,0.2520,0.2520,0.0757,0.0831,1.3124,-0.0100,-1.3123,12
2026-03-21T04:23:34.665435,0,0.1962,0.1962,0.0943,0.0000,1.2468,-0.4671,-1.1560,11
2026-03-21T04:23:34.665435,1,0.0383,0.0383,0.0368,0.0000,0.0854,-0.0035,-0.0853,8
2026-03-21T04:23:34.665435,2,0.1584,0.1584,0.0377,0.0584,1.3095,-0.0796,-1.3070,8
2026-03-21T04:23:34.733918,0,0.2831,0.2831,0.1202,0.0000,1.2482,-0.4877,-1.1489,15
2026-03-21T04:23:34.733918,1,0.0933,0.0477,0.0933,0.0000,0.1060,-0.0101,-0.1055,9
2026-03-21T04:23:34.733918,2,0.0771,0.0538,0.0771,0.0000,1.3114,1.2159,-0.4913,5
2026-03-21T04:23:34.803232,0,0.1912,0.1912,0.1089,0.0000,1.2502,-0.5282,-1.1331,11
2026-03-21T04:23:34.803232,1,0.0928,0.0532,0.0928,0.0000,0.0880,-0.0068,-0.0877,11
2026-03-21T04:23:34.803232,2,0.0822,0.0529,0.0822,0.0000,1.3618,1.0118,-0.9114,5
2026-03-21T04:23:34.803232,3,0.0813,0.0684,0.0813,0.0000,1.3812,1.1030,-0.8313,5
2026-03-21T04:23:34.803232,4,0.0912,0.0369,0.0912,0.0000,1.3998,1.3521,-0.3622,5
2026-03-21T04:23:34.872921,0,0.1521,0.1521,0.0908,0.0000,1.2577,-0.5512,-1.1305,9
2026-03-21T04:23:34.872921,1,0.0682,0.0374,0.0682,0.0000,0.0894,-0.0060,-0.0892,12
2026-03-21T04:23:34.872921,2,0.0760,0.0589,0.0760,0.0000,1.3598,0.9273,-0.9946,5
2026-03-21T04:23:34.872921,3,0.1984,0.0956,0.1984,0.0000,1.3753,1.3316,-0.3437,10
2026-03-21T04:23:34.942329,0,0.1127,0.1127,0.0709,0.0000,1.2628,-0.5732,-1.1252,7
2026-03-21T04:23:34.942329,1,0.1027,0.0770,0.1027,0.0000,0.3351,-0.1076,-0.3174,8
2026-03-21T04:23:34.942329,2,0.0936,0.0491,0.0936,0.0000,0.1109,-0.0118,-0.1103,9
2026-03-21T04:23:34.942329,3,0.1004,0.0329,0.1004,0.0000,0.4310,-0.0180,-0.4306,6
2026-03-21T04:23:34.942329,4,0.0871,0.0450,0.0871,0.0000,1.3206,0.9171,-0.9502,5
2026-03-21T04:23:34.942329,5,0.0711,0.0522,0.0711,0.0000,1.2630,1.0345,-0.7245,5
2026-03-21T04:23:34.942329,6,0.0717,0.0692,0.0717,0.0000,1.2270,1.0834,-0.5761,5
2026-03-21T04:23:34.942329,7,0.0789,0.0455,0.0789,0.0000,1.3012,1.1978,-0.5083,5
2026-03-21T04:23:34.942329,8,0.2405,0.1136,0.2405,0.0000,1.3604,1.3174,-0.3397,12
2026-03-21T04:23:35.011706,0,0.0740,0.0740,0.0495,0.0000,1.2688,-0.5956,-1.1203,5
2026-03-21T04:23:35.011706,1,0.1223,0.1223,0.0937,0.0000,0.3312,-0.1091,-0.3127,10
2026-03-21T04:23:35.011706,2,0.0665,0.0426,0.0665,0.0000,0.1156,-0.0122,-0.1149,6
2026-03-21T04:23:35.011706,3,0.0964,0.0330,0.0964,0.0000,0.3948,-0.0266,-0.3939,7
2026-03-21T04:23:35.011706,4,0.0755,0.0449,0.0755,0.0000,1.2504,1.0115,-0.7352,5
2026-03-21T04:23:35.011706,5,0.0733,0.0733,0.0686,0.0000,1.2134,1.0613,-0.5883,5
2026-03-21T04:23:35.011706,6,0.1659,0.0956,0.1659,0.0000,1.3350,1.2768,-0.3897,9
2026-03-21T04:23:35.081601,0,0.0769,0.0769,0.0630,0.0000,0.3569,-0.1287,-0.3329,9
2026-03-21T04:23:35.081601,1,0.0776,0.0289,0.0776,0.0000,0.1601,-0.0323,-0.1568,6
2026-03-21T04:23:35.081601,2,0.0836,0.0211,0.0836,0.0000,0.3923,-0.0268,-0.3914,5
2026-03-21T04:23:35.081601,3,0.1612,0.0768,0.1612,0.0000,1.2291,1.0064,-0.7056,9
2026-03-21T04:23:35.081601,4,0.2548,0.1321,0.2548,0.0000,1.3364,1.2912,-0.3446,13
2026-03-21T04:23:35.151321,0,0.0855,0.0813,0.0855,0.0000,0.3643,-0.1372,-0.3375,9
2026-03-21T04:23:35.151321,1,0.0646,0.0498,0.0646,0.0000,0.2491,-0.0624,-0.2412,5
2026-03-21T04:23:35.151321,2,0.0329,0.0074,0.0329,0.0000,0.1472,-0.0293,-0.1443,4
2026-03-21T04:23:35.151321,3,0.0556,0.0203,0.0556,0.0000,0.3699,-0.0381,-0.3679,5
2026-03-21T04:23:35.151321,4,0.0195,0.0088,0.0195,0.0000,0.0866,0.0121,-0.0857,5
2026-03-21T04:23:35.151321,5,0.1169,0.0966,0.1169,0.0000,1.2888,0.8620,-0.9581,7
2026-03-21T04:23:35.151321,6,0.0917,0.0545,0.0917,0.0000,1.2955,0.9549,-0.8755,4
2026-03-21T04:23:35.151321,7,0.0398,0.0229,0.0398,0.0000,1.2519,0.9729,-0.7879,3
2026-03-21T04:23:35.151321,8,0.0331,0.0331,0.0286,0.0000,1.2185,0.9859,-0.7162,3
2026-03-21T04:23:35.151321,9,0.0828,0.0828,0.0671,0.0000,1.1970,1.0571,-0.5617,5
2026-03-21T04:23:35.151321,10,0.1606,0.0962,0.1606,0.0000,1.3113,1.2473,-0.4047,9
2026-03-21T04:23:35.151321,11,0.1112,0.0511,0.1112,0.0000,1.3584,1.3357,-0.2473,6
2026-03-21T04:23:35.221901,0,0.1437,0.1437,0.1083,0.0000,0.3336,-0.1058,-0.3163,15
2026-03-21T04:23:35.221901,1,0.0746,0.0516,0.0746,0.0000,0.1110,-0.0056,-0.1109,8
2026-03-21T04:23:35.221901,2,0.1111,0.0934,0.1111,0.0000,1.2798,0.8560,-0.9514,7
2026-03-21T04:23:35.221901,3,0.0789,0.0370,0.0789,0.0000,1.2196,0.9739,-0.7342,5
2026-03-21T04:23:35.221901,4,0.0661,0.0661,0.0638,0.0000,1.2260,1.1113,-0.5179,5
2026-03-21T04:23:35.221901,5,0.2720,0.1463,0.2720,0.0000,1.3167,1.2751,-0.3281,14
2026-03-21T04:23:35.291891,0,0.1994,0.1994,0.1621,0.0000,0.3487,-0.0753,-0.3405,23
2026-03-21T04:23:35.291891,1,0.0776,0.0510,0.0776,0.0000,0.1108,-0.0094,-0.1104,7
2026-03-21T04:23:35.291891,2,0.1068,0.1068,0.0913,0.0000,1.2687,0.8972,-0.8969,7
2026-03-21T04:23:35.291891,3,0.0719,0.0627,0.0719,0.0000,1.2384,0.9624,-0.7795,5
2026-03-21T04:23:35.291891,4,0.0366,0.0208,0.0366,0.0000,1.1979,0.9812,-0.6871,3
2026-03-21T04:23:35.291891,5,0.3248,0.2217,0.3248,0.0000,1.2730,1.2151,-0.3797,18
2026-03-21T04:23:35.362413,0,0.0757,0.0757,0.0668,0.0000,0.3584,-0.1349,-0.3321,9
2026-03-21T04:23:35.362413,1,0.0436,0.0436,0.0356,0.0000,0.2632,-0.0546,-0.2574,6
2026-03-21T04:23:35.362413,2,0.0522,0.0195,0.0522,0.0000,0.1711,-0.0357,-0.1674,5
2026-03-21T04:23:35.362413,3,0.0520,0.0516,0.0520,0.0000,0.3643,-0.0124,-0.3641,9
2026-03-21T04:23:35.362413,4,0.1174,0.0703,0.1174,0.0000,1.2541,0.8548,-0.9176,7
2026-03-21T04:23:35.362413,5,0.1157,0.0518,0.1157,0.0000,1.1877,0.9727,-0.6815,7
2026-03-21T04:23:35.362413,6,0.4026,0.2333,0.4026,0.0000,1.2791,1.2365,-0.3273,21
2026-03-21T04:23:35.433114,0,0.1640,0.1536,0.1640,0.0000,0.3147,-0.1073,-0.2959,16
2026-03-21T04:23:35.433114,1,0.0620,0.0512,0.0620,0.0000,0.1120,-0.0067,-0.1118,8
2026-03-21T04:23:35.433114,2,0.0748,0.0635,0.0748,0.0000,0.3726,-0.0120,-0.3724,11
2026-03-21T04:23:35.433114,3,0.1508,0.1269,0.1508,0.0000,1.2365,0.8189,-0.9264,10
2026-03-21T04:23:35.433114,4,0.3647,0.1868,0.3647,0.0000,1.2706,1.2221,-0.3479,19
2026-03-21T04:23:35.502535,0,0.1666,0.1666,0.1224,0.0000,0.3184,-0.0927,-0.3046,21
2026-03-21T04:23:35.502535,1,0.0789,0.0662,0.0789,0.0000,0.1466,-0.0240,-0.1446,6
2026-03-21T04:23:35.502535,2,0.0271,0.0268,0.0271,0.0000,0.3847,-0.0001,-0.3847,5
2026-03-21T04:23:35.502535,3,0.1522,0.1245,0.1522,0.0000,1.2329,0.8003,-0.9378,10
2026-03-21T04:23:35.502535,4,0.4014,0.2217,0.4014,0.0000,1.2686,1.2204,-0.3466,21
2026-03-21T04:23:35.571317,0,0.1518,0.1518,0.1288,0.0000,0.3187,-0.1161,-0.2968,15
2026-03-21T04:23:35.571317,1,0.0625,0.0088,0.0625,0.0000,0.1589,-0.0327,-0.1555,5
2026-03-21T04:23:35.571317,2,0.0905,0.0490,0.0905,0.0000,0.3639,-0.0244,-0.3630,9
2026-03-21T04:23:35.571317,3,0.1677,0.1422,0.1677,0.0000,1.2388,0.7790,-0.9632,11
2026-03-21T04:23:35.571317,4,0.0725,0.0491,0.0725,0.0000,1.2010,0.9199,-0.7721,5
2026-03-21T04:23:35.571317,5,0.3302,0.2002,0.3302,0.0000,1.2626,1.1980,-0.3987,18
2026-03-21T04:23:35.571317,6,0.0436,0.0243,0.0436,0.0000,1.3355,1.3225,-0.1858,3
2026-03-21T04:23:35.640953,0,0.1641,0.1492,0.1641,0.0000,0.3083,-0.1148,-0.2861,17
2026-03-21T04:23:35.640953,1,0.0913,0.0543,0.0913,0.0000,0.1030,-0.0007,-0.1030,8
2026-03-21T04:23:35.640953,2,0.1058,0.0423,0.1058,0.0000,0.3610,-0.0300,-0.3597,9
2026-03-21T04:23:35.640953,3,0.1240,0.0674,0.1240,0.0000,1.2435,0.7821,-0.9668,7
2026-03-21T04:23:35.640953,4,0.0710,0.0533,0.0710,0.0000,1.2090,0.8984,-0.8091,5
2026-03-21T04:23:35.640953,5,0.3473,0.2116,0.3473,0.0000,1.2662,1.1906,-0.4310,19
2026-03-21T04:23:35.710514,0,0.1486,0.1486,0.0975,0.0000,0.3374,-0.1124,-0.3182,21
2026-03-21T04:23:35.710514,1,0.1040,0.0474,0.1040,0.0000,0.0953,-0.0036,-0.0952,8
2026-03-21T04:23:35.710514,2,0.1672,0.1595,0.1672,0.0000,1.2594,0.7036,-1.0445,11
2026-03-21T04:23:35.710514,3,0.3814,0.2571,0.3814,0.0000,1.2773,1.1855,-0.4757,21
2026-03-21T04:23:35.780492,0,0.1187,0.1098,0.1187,0.0000,0.3707,-0.1346,-0.3455,18
2026-03-21T04:23:35.780492,1,0.1122,0.0368,0.1122,0.0000,0.0752,-0.0071,-0.0748,10
2026-03-21T04:23:35.780492,2,0.0680,0.0606,0.0680,0.0000,1.2548,0.6832,-1.0525,5
2026-03-21T04:23:35.780492,3,0.1837,0.1294,0.1837,0.0000,1.1769,0.8460,-0.8182,11
2026-03-21T04:23:35.780492,4,0.3680,0.2737,0.3680,0.0000,1.2798,1.1516,-0.5584,21
2026-03-21T04:23:35.849218,0,0.1498,0.0595,0.1498,0.0000,0.4176,-0.1639,-0.3841,14
2026-03-21T04:23:35.849218,1,0.0319,0.0043,0.0319,0.0000,0.0838,-0.0165,-0.0822,6
2026-03-21T04:23:35.849218,2,0.0890,0.0890,0.0693,0.0000,1.3086,0.5112,-1.2046,5
2026-03-21T04:23:35.849218,3,0.3367,0.3149,0.3367,0.0000,1.2846,1.1026,-0.6592,21
2026-03-21T04:23:35.918457,0,0.0937,0.0455,0.0937,0.0000,0.5151,-0.2051,-0.4725,6
2026-03-21T04:23:35.918457,1,0.0893,0.0272,0.0893,0.0000,0.0674,-0.0098,-0.0667,9
2026-03-21T04:23:35.918457,2,0.0887,0.0887,0.0717,0.0096,1.3200,0.4296,-1.2481,5
2026-03-21T04:23:35.918457,3,0.3404,0.3404,0.3145,0.0000,1.2926,1.0607,-0.7388,21
2026-03-21T04:23:35.988628,0,0.0957,0.0344,0.0957,0.0000,0.4938,-0.2236,-0.4403,7
2026-03-21T04:23:35.988628,1,0.0376,0.0376,0.0299,0.0000,0.0809,-0.0080,-0.0805,10
2026-03-21T04:23:35.988628,2,0.3525,0.3525,0.2291,0.0000,1.2942,0.9639,-0.8637,19
2026-03-21T04:23:35.988628,3,0.1208,0.1208,0.0252,0.0000,1.1113,-0.5051,0.9899,7
2026-03-21T04:23:36.057639,0,0.0885,0.0344,0.0885,0.0000,0.0639,-0.0050,-0.0637,11
2026-03-21T04:23:36.057639,1,0.0843,0.0843,0.0815,0.0000,1.2872,0.4611,-1.2018,5
2026-03-21T04:23:36.057639,2,0.4411,0.4411,0.2280,0.0000,1.3056,0.9019,-0.9440,22
2026-03-21T04:23:36.057639,3,0.2352,0.2352,0.0213,0.0000,1.1098,-0.4621,1.0091,12
2026-03-21T04:23:36.127593,0,0.0153,0.0053,0.0153,0.0000,0.0333,-0.0067,-0.0326,6
2026-03-21T04:23:36.127593,1,0.0766,0.0766,0.0609,0.0000,1.2720,0.3927,-1.2099,5
2026-03-21T04:23:36.127593,2,0.0952,0.0952,0.0135,0.0000,1.2574,0.6099,-1.0996,5
2026-03-21T04:23:36.127593,3,0.2312,0.2312,0.1261,0.0000,1.3418,0.8543,-1.0347,12
2026-03-21T04:23:36.127593,4,0.3179,0.3179,0.0455,0.0000,1.0718,-0.3870,0.9995,17
2026-03-21T04:23:36.197788,0,0.0908,0.0293,0.0908,0.0000,0.0585,0.0020,-0.0585,9
2026-03-21T04:23:36.197788,1,0.0806,0.0806,0.0614,0.0099,1.2786,0.2873,-1.2459,5
2026-03-21T04:23:36.197788,2,0.0934,0.0934,0.0088,0.0000,1.2712,0.5173,-1.1612,5
2026-03-21T04:23:36.197788,3,0.2467,0.2467,0.1007,0.0000,1.3523,0.7668,-1.1139,12
2026-03-21T04:23:36.197788,4,0.4179,0.4179,0.1198,0.0000,1.1776,-0.3944,1.1096,22
2026-03-21T04:23:36.267975,0,0.0447,0.0078,0.0447,0.0000,0.0849,-0.0160,-0.0834,7
2026-03-21T04:23:36.267975,1,0.0917,0.0917,0.0548,0.0864,1.3222,-0.0228,-1.3220,5
2026-03-21T04:23:36.267975,2,0.3466,0.3466,0.0750,0.0000,1.3258,0.5303,-1.2151,16
2026-03-21T04:23:36.267975,3,0.6822,0.6822,0.1549,0.0000,1.1739,-0.2748,1.1412,34
2026-03-21T04:23:36.337437,0,0.0173,0.0066,0.0173,0.0000,0.0858,-0.0171,-0.0841,6
2026-03-21T04:23:36.337437,1,0.0886,0.0886,0.0406,0.0293,1.2700,-0.0667,-1.2683,5
2026-03-21T04:23:36.337437,2,0.3701,0.3701,0.0775,0.0402,1.3354,0.4139,-1.2696,17
2026-03-21T04:23:36.337437,3,0.7801,0.7801,0.1021,0.0000,1.1643,-0.2147,1.1443,38
2026-03-21T04:23:36.406782,0,0.0346,0.0346,0.0241,0.0000,0.0806,-0.0063,-0.0803,8
2026-03-21T04:23:36.406782,1,0.0866,0.0866,0.0600,0.0000,1.2324,-0.0002,-1.2324,5
2026-03-21T04:23:36.406782,2,0.2604,0.2604,0.0371,0.0540,1.3531,0.3623,-1.3037,12
2026-03-21T04:23:36.406782,3,0.8484,0.8484,0.0775,0.0000,1.1596,-0.2061,1.1411,41
2026-03-21T04:23:36.475233,0,0.1366,0.1366,0.0679,0.0176,1.3373,-0.4353,-1.2645,7
2026-03-21T04:23:36.475233,1,0.0357,0.0357,0.0235,0.0000,0.0870,-0.0061,-0.0868,10
2026-03-21T04:23:36.475233,2,0.1182,0.1182,0.0191,0.0694,1.3654,0.3188,-1.3276,6
2026-03-21T04:23:36.475233,3,0.0971,0.0971,0.0183,0.0515,1.3958,0.4775,-1.3115,5
2026-03-21T04:23:36.475233,4,0.8952,0.8952,0.0621,0.0000,1.1505,-0.1658,1.1385,43
2026-03-21T04:23:36.546322,0,0.2035,0.2035,0.0615,0.0000,1.3329,-0.4888,-1.2401,10
2026-03-21T04:23:36.546322,1,0.0346,0.0346,0.0289,0.0000,0.0804,-0.0030,-0.0803,8
2026-03-21T04:23:36.546322,2,0.0932,0.0932,0.0142,0.0753,1.3418,0.0936,-1.3385,5
2026-03-21T04:23:36.546322,3,0.0965,0.0965,0.0152,0.0724,1.3874,0.3826,-1.3336,5
2026-03-21T04:23:36.546322,4,0.5689,0.5689,0.0240,0.0000,1.1341,0.0205,1.1340,29
2026-03-21T04:23:36.546322,5,0.1857,0.1857,0.0098,0.0000,1.2440,-0.4059,1.1759,9
2026-03-21T04:23:36.614645,0,0.1632,0.1632,0.0864,0.0000,1.3259,-0.4966,-1.2294,9
2026-03-21T04:23:36.614645,1,0.0898,0.0656,0.0898,0.0000,0.0953,-0.0039,-0.0953,10
2026-03-21T04:23:36.614645,2,0.1175,0.1175,0.0114,0.0746,1.3391,0.0585,-1.3378,6
2026-03-21T04:23:36.614645,3,0.3415,0.3415,0.0222,0.0000,1.1320,0.1490,1.1221,18
2026-03-21T04:23:36.614645,4,0.2077,0.2077,0.0202,0.0000,1.2370,-0.3732,1.1794,10
2026-03-21T04:23:36.684878,0,0.0719,0.0719,0.0680,0.0000,1.3380,-0.5863,-1.2027,5
2026-03-21T04:23:36.684878,1,0.0874,0.0874,0.0565,0.0182,1.3324,-0.4556,-1.2521,5
2026-03-21T04:23:36.684878,2,0.0754,0.0445,0.0754,0.0000,0.0980,-0.0015,-0.0979,8
2026-03-21T04:23:36.684878,3,0.1636,0.1636,0.0127,0.0782,1.3393,0.0352,-1.3388,8
2026-03-21T04:23:36.684878,4,0.3234,0.3234,0.0231,0.0000,1.1300,0.1974,1.1126,17
2026-03-21T04:23:36.684878,5,0.2177,0.2177,0.0285,0.0000,1.2339,-0.3618,1.1797,11
2026-03-21T04:23:36.754799,0,0.0737,0.0737,0.0690,0.0000,1.3454,-0.6106,-1.1989,5
2026-03-21T04:23:36.754799,1,0.0548,0.0507,0.0548,0.0000,0.0935,-0.0005,-0.0935,10
2026-03-21T04:23:36.754799,2,0.1865,0.1865,0.0235,0.0802,1.3385,0.0236,-1.3383,9
2026-03-21T04:23:36.754799,3,0.3378,0.3378,0.0154,0.0000,1.1225,0.1866,1.1069,18
2026-03-21T04:23:36.754799,4,0.2155,0.2155,0.0554,0.0000,1.2270,-0.3798,1.1668,11
2026-03-21T04:23:36.824475,0,0.0832,0.0832,0.0465,0.0000,1.3680,-0.6422,-1.2079,5
2026-03-21T04:23:36.824475,1,0.0429,0.0429,0.0276,0.0000,0.0848,-0.0024,-0.0847,10
2026-03-21T04:23:36.824475,2,0.1407,0.1407,0.0140,0.0796,1.3422,0.0002,-1.3422,7
2026-03-21T04:23:36.824475,3,0.4261,0.4261,0.0278,0.0000,1.1223,0.1485,1.1124,22
2026-03-21T04:23:36.824475,4,0.2369,0.2369,0.0679,0.0000,1.2286,-0.4108,1.1579,12
2026-03-21T04:23:36.893560,0,0.0963,0.0963,0.0170,0.0000,1.3638,-0.5331,-1.2553,5
2026-03-21T04:23:36.893560,1,0.0575,0.0443,0.0575,0.0000,0.0911,-0.0053,-0.0910,7
2026-03-21T04:23:36.893560,2,0.1875,0.1875,0.0149,0.0811,1.3427,0.0471,-1.3419,9
2026-03-21T04:23:36.893560,3,0.1463,0.1463,0.0138,0.0821,1.3863,0.3356,-1.3451,7
2026-03-21T04:23:36.893560,4,0.4381,0.4381,0.0315,0.0000,1.1216,0.0801,1.1188,23
2026-03-21T04:23:36.893560,5,0.2028,0.2028,0.0680,0.0000,1.2327,-0.4625,1.1426,11
2026-03-21T04:23:36.963811,0,0.0374,0.0374,0.0232,0.0000,0.0839,-0.0027,-0.0839,8
2026-03-21T04:23:36.963811,1,0.1400,0.1400,0.0179,0.0743,1.3383,0.0702,-1.3365,7
2026-03-21T04:23:36.963811,2,0.1920,0.1920,0.0267,0.0723,1.3763,0.3565,-1.3293,9
2026-03-21T04:23:36.963811,3,0.4586,0.4586,0.0478,0.0000,1.1242,0.0313,1.1238,24
2026-03-21T04:23:36.963811,4,0.1928,0.1928,0.0454,0.0000,1.2399,-0.5150,1.1280,10
2026-03-21T04:23:37.034016,0,0.0445,0.0445,0.0331,0.0000,0.0861,-0.0040,-0.0860,9
2026-03-21T04:23:37.034016,1,0.0858,0.0858,0.0512,0.0000,1.2356,-0.0431,-1.2349,5
2026-03-21T04:23:37.034016,2,0.0926,0.0926,0.0135,0.0706,1.3390,0.0934,-1.3357,5
2026-03-21T04:23:37.034016,3,0.1931,0.1931,0.0208,0.0546,1.3672,0.3773,-1.3141,9
2026-03-21T04:23:37.034016,4,0.4436,0.4436,0.0406,0.0000,1.1277,0.0012,1.1277,23
2026-03-21T04:23:37.034016,5,0.1738,0.1738,0.0403,0.0000,1.2464,-0.5275,1.1293,9
2026-03-21T04:23:37.104595,0,0.0404,0.0404,0.0377,0.0000,0.0841,-0.0076,-0.0838,9
2026-03-21T04:23:37.104595,1,0.3335,0.3335,0.0593,0.0586,1.3658,0.4233,-1.2986,15
2026-03-21T04:23:37.104595,2,0.3999,0.3999,0.0561,0.0000,1.1325,0.0018,1.1325,21
2026-03-21T04:23:37.104595,3,0.1571,0.1571,0.0270,0.0000,1.2484,-0.5577,1.1169,8
2026-03-21T04:23:37.173766,0,0.0357,0.0357,0.0249,0.0000,0.0845,-0.0061,-0.0843,9
2026-03-21T04:23:37.173766,1,0.2605,0.2605,0.0435,0.0470,1.3585,0.4093,-1.2954,12
2026-03-21T04:23:37.173766,2,0.3615,0.3615,0.0431,0.0000,1.1335,0.0211,1.1333,19
2026-03-21T04:23:37.173766,3,0.1659,0.1659,0.0620,0.0000,1.2527,-0.5497,1.1257,9
2026-03-21T04:23:37.243708,0,0.0858,0.0858,0.0490,0.0192,1.3946,-0.5896,-1.2638,5
2026-03-21T04:23:37.243708,1,0.0421,0.0421,0.0274,0.0000,0.0911,-0.0062,-0.0909,10
2026-03-21T04:23:37.243708,2,0.1312,0.1312,0.0642,0.0000,1.2294,-0.0649,-1.2277,7
2026-03-21T04:23:37.243708,3,0.2122,0.2122,0.0304,0.0458,1.3506,0.3613,-1.3014,10
2026-03-21T04:23:37.243708,4,0.3410,0.3410,0.0536,0.0000,1.1332,0.0311,1.1328,18
2026-03-21T04:23:37.243708,5,0.1740,0.1740,0.0460,0.0000,1.2553,-0.5510,1.1279,9
2026-03-21T04:23:37.313608,0,0.0908,0.0908,0.0313,0.0197,1.3786,-0.5165,-1.2782,5
2026-03-21T04:23:37.313608,1,0.0456,0.0456,0.0428,0.0000,0.0889,-0.0089,-0.0885,9
2026-03-21T04:23:37.313608,2,0.0845,0.0845,0.0368,0.0000,1.2102,-0.0423,-1.2095,5
2026-03-21T04:23:37.313608,3,0.0918,0.0918,0.0170,0.0602,1.3266,0.0925,-1.3234,5
2026-03-21T04:23:37.313608,4,0.2144,0.2144,0.0282,0.0451,1.3578,0.3862,-1.3017,10
2026-03-21T04:23:37.313608,5,0.3021,0.3021,0.0471,0.0000,1.1347,0.0706,1.1325,16
2026-03-21T04:23:37.313608,6,0.1854,0.1854,0.0216,0.0000,1.2598,-0.5531,1.1319,9
2026-03-21T04:23:37.382806,0,0.0886,0.0886,0.0365,0.0123,1.3764,-0.5379,-1.2669,5
2026-03-21T04:23:37.382806,1,0.0357,0.0357,0.0262,0.0000,0.0828,-0.0054,-0.0826,9
2026-03-21T04:23:37.382806,2,0.0931,0.0931,0.0056,0.0622,1.3296,0.0464,-1.3288,5
2026-03-21T04:23:37.382806,3,0.1921,0.1921,0.0219,0.0519,1.3646,0.3766,-1.3116,9
2026-03-21T04:23:37.382806,4,0.2794,0.2794,0.0300,0.0000,1.1301,0.0799,1.1273,15
2026-03-21T04:23:37.382806,5,0.0860,0.0860,0.0217,0.0000,1.2414,-0.4852,1.1427,5
2026-03-21T04:23:37.382806,6,0.0912,0.0912,0.0295,0.0000,1.2786,-0.6004,1.1289,5
2026-03-21T04:23:37.453133,0,0.1393,0.1393,0.0552,0.0035,1.3890,-0.6092,-1.2483,7
2026-03-21T04:23:37.453133,1,0.0765,0.0516,0.0765,0.0000,0.0917,-0.0026,-0.0917,9
2026-03-21T04:23:37.453133,2,0.1618,0.1618,0.0140,0.0642,1.3308,0.0581,-1.3295,8
2026-03-21T04:23:37.453133,3,0.1946,0.1946,0.0171,0.0556,1.3695,0.3780,-1.3163,9
2026-03-21T04:23:37.453133,4,0.2997,0.2997,0.0265,0.0000,1.1269,0.0896,1.1233,16
2026-03-21T04:23:37.453133,5,0.0904,0.0904,0.0154,0.0000,1.2380,-0.4840,1.1395,5
2026-03-21T04:23:37.453133,6,0.0807,0.0807,0.0388,0.0000,1.2718,-0.5971,1.1229,5
2026-03-21T04:23:37.521884,0,0.0858,0.0858,0.0437,0.0100,1.3806,-0.5616,-1.2612,5
2026-03-21T04:23:37.521884,1,0.0711,0.0530,0.0711,0.0000,0.0978,-0.0004,-0.0978,11
2026-03-21T04:23:37.521884,2,0.1388,0.1388,0.0158,0.0662,1.3318,0.0464,-1.3310,7
2026-03-21T04:23:37.521884,3,0.1694,0.1694,0.0159,0.0578,1.3714,0.3669,-1.3214,8
2026-03-21T04:23:37.521884,4,0.2991,0.2991,0.0313,0.0000,1.1258,0.0896,1.1222,16
2026-03-21T04:23:37.521884,5,0.2031,0.2031,0.0320,0.0000,1.2550,-0.5412,1.1323,10
2026-03-21T04:23:37.590662,0,0.0849,0.0537,0.0849,0.0000,0.0944,-0.0126,-0.0935,10
2026-03-21T04:23:37.590662,1,0.1851,0.1851,0.0246,0.0692,1.3323,0.0467,-1.3315,9
2026-03-21T04:23:37.590662,2,0.1170,0.1170,0.0209,0.0625,1.3602,0.3176,-1.3226,6
2026-03-21T04:23:37.590662,3,0.0978,0.0978,0.0136,0.0492,1.3880,0.4521,-1.3123,5
2026-03-21T04:23:37.590662,4,0.2593,0.2593,0.0291,0.0000,1.1283,0.0895,1.1247,14
2026-03-21T04:23:37.590662,5,0.1700,0.1700,0.0550,0.0000,1.2569,-0.5318,1.1389,9
2026-03-21T04:23:37.660874,0,0.1113,0.1113,0.0561,0.0155,1.3727,-0.5473,-1.2589,6
2026-03-21T04:23:37.660874,1,0.0563,0.0393,0.0563,0.0000,0.0874,-0.0052,-0.0873,10
2026-03-21T04:23:37.660874,2,0.1159,0.1159,0.0140,0.0672,1.3321,0.0814,-1.3296,6
2026-03-21T04:23:37.660874,3,0.2167,0.2167,0.0249,0.0615,1.3683,0.3662,-1.3184,10
2026-03-21T04:23:37.660874,4,0.2197,0.2197,0.0286,0.0000,1.1261,0.0891,1.1226,12
2026-03-21T04:23:37.660874,5,0.1811,0.1811,0.0295,0.0000,1.2567,-0.5517,1.1291,9
2026-03-21T04:23:37.730542,0,0.0764,0.0764,0.0628,0.0132,1.3654,-0.5333,-1.2569,5
2026-03-21T04:23:37.730542,1,0.0518,0.0410,0.0518,0.0000,0.0897,-0.0061,-0.0895,8
2026-03-21T04:23:37.730542,2,0.0925,0.0925,0.0172,0.0693,1.3346,0.0931,-1.3313,5
2026-03-21T04:23:37.730542,3,0.1943,0.1943,0.0210,0.0510,1.3730,0.4020,-1.3129,9
2026-03-21T04:23:37.730542,4,0.2011,0.2011,0.0284,0.0000,1.1291,0.0992,1.1247,11
2026-03-21T04:23:37.730542,5,0.1814,0.1814,0.0307,0.0000,1.2586,-0.5526,1.1308,9
2026-03-21T04:23:37.799714,0,0.0917,0.0917,0.0339,0.0263,1.3672,-0.4677,-1.2847,5
2026-03-21T04:23:37.799714,1,0.0798,0.0509,0.0798,0.0000,0.0961,-0.0027,-0.0961,13
2026-03-21T04:23:37.799714,2,0.2423,0.2423,0.0307,0.0597,1.3732,0.4022,-1.3130,11
2026-03-21T04:23:37.799714,3,0.1617,0.1617,0.0244,0.0000,1.1350,0.0995,1.1306,9
2026-03-21T04:23:37.799714,4,0.1620,0.1620,0.0194,0.0000,1.2560,-0.5611,1.1237,8
2026-03-21T04:23:37.870007,0,0.0407,0.0322,0.0407,0.0000,0.0839,-0.0071,-0.0836,9
2026-03-21T04:23:37.870007,1,0.1426,0.1426,0.0212,0.0517,1.3652,0.3765,-1.3122,7
2026-03-21T04:23:37.870007,2,0.0484,0.0484,0.0090,0.0300,1.3879,0.4974,-1.2957,3
2026-03-21T04:23:37.870007,3,0.1421,0.1421,0.0269,0.0000,1.1376,0.0897,1.1340,8
2026-03-21T04:23:37.870007,4,0.0936,0.0936,0.0070,0.0000,1.2394,-0.5436,1.1138,5
2026-03-21T04:23:37.939450,0,0.0740,0.0386,0.0740,0.0000,0.0999,-0.0071,-0.0996,9
2026-03-21T04:23:37.939450,1,0.0715,0.0715,0.0256,0.0000,1.0131,-0.0178,-1.0129,5
2026-03-21T04:23:37.939450,2,0.2382,0.2382,0.0353,0.0490,1.3609,0.3985,-1.3013,11
2026-03-21T04:23:37.939450,3,0.1360,0.1360,0.0247,0.0000,1.2478,-0.5670,1.1116,7
2026-03-21T04:23:38.009782,0,0.0698,0.0519,0.0698,0.0000,0.0958,-0.0138,-0.0948,8
2026-03-21T04:23:38.009782,1,0.1052,0.1052,0.0173,0.0000,0.9992,-0.0348,-0.9986,7
2026-03-21T04:23:38.009782,2,0.2353,0.2353,0.0397,0.0431,1.3543,0.3965,-1.2950,11
2026-03-21T04:23:38.009782,3,0.1488,0.1488,0.0441,0.0000,1.2461,-0.5564,1.1150,8
2026-03-21T04:23:38.079733,0,0.1376,0.1376,0.0163,0.0000,1.2417,-0.4252,-1.1666,7
2026-03-21T04:23:38.079733,1,0.0335,0.0335,0.0170,0.0000,0.0782,-0.0032,-0.0781,7
2026-03-21T04:23:38.079733,2,0.1417,0.1417,0.0300,0.0000,0.9985,-0.0349,-0.9979,9
2026-03-21T04:23:38.079733,3,0.3333,0.3333,0.0551,0.0507,1.3576,0.4206,-1.2908,15
2026-03-21T04:23:38.079733,4,0.1534,0.1534,0.0313,0.0000,1.2389,-0.5533,1.1084,8
2026-03-21T04:23:38.149783,0,0.1454,0.1454,0.0335,0.0000,1.1742,-0.4115,-1.0997,8
2026-03-21T04:23:38.149783,1,0.0478,0.0478,0.0410,0.0000,0.0917,-0.0004,-0.0917,7
2026-03-21T04:23:38.149783,2,0.1593,0.1593,0.0430,0.0000,0.9932,-0.0260,-0.9929,10
2026-03-21T04:23:38.149783,3,0.2342,0.2342,0.0435,0.0451,1.3491,0.3950,-1.2900,11
2026-03-21T04:23:38.149783,4,0.1448,0.1448,0.0506,0.0000,1.2351,-0.5125,1.1238,8
2026-03-21T04:23:38.219908,0,0.1259,0.1259,0.0411,0.0000,1.0670,-0.3737,-0.9994,8
2026-03-21T04:23:38.219908,1,0.0471,0.0374,0.0471,0.0000,0.0930,0.0105,-0.0924,6
2026-03-21T04:23:38.219908,2,0.1052,0.1052,0.0451,0.0000,0.9761,-0.0687,-0.9737,7
2026-03-21T04:23:38.219908,3,0.2373,0.2373,0.0331,0.0384,1.3539,0.3965,-1.2946,11
2026-03-21T04:23:38.219908,4,0.2433,0.2433,0.0536,0.0000,1.2436,-0.5170,1.1310,12
2026-03-21T04:23:38.289369,0,0.1809,0.1809,0.0774,0.0000,1.0615,-0.3978,-0.9841,11
2026-03-21T04:23:38.289369,1,0.1758,0.1758,0.0957,0.0000,0.9896,-0.0513,-0.9882,11
2026-03-21T04:23:38.289369,2,0.2361,0.2361,0.0387,0.0547,1.3610,0.3756,-1.3082,11
2026-03-21T04:23:38.289369,3,0.2511,0.2511,0.0229,0.0000,1.2395,-0.4758,1.1445,12
2026-03-21T04:23:38.359390,0,0.1782,0.1782,0.1197,0.0000,1.0616,-0.4055,-0.9810,12
2026-03-21T04:23:38.359390,1,0.1577,0.1577,0.0553,0.0000,0.9952,-0.0779,-0.9922,10
2026-03-21T04:23:38.359390,2,0.0937,0.0937,0.0175,0.0672,1.3354,0.1165,-1.3303,5
2026-03-21T04:23:38.359390,3,0.1941,0.1941,0.0214,0.0637,1.3773,0.3801,-1.3238,9
2026-03-21T04:23:38.359390,4,0.2699,0.2699,0.0285,0.0000,1.2324,-0.4232,1.1575,13
2026-03-21T04:23:38.429258,0,0.1457,0.1457,0.0939,0.0000,1.0621,-0.4569,-0.9588,10
2026-03-21T04:23:38.429258,1,0.0691,0.0691,0.0241,0.0000,1.0121,-0.0881,-1.0082,5
2026-03-21T04:23:38.429258,2,0.1412,0.1412,0.0161,0.0806,1.3442,0.0706,-1.3423,7
2026-03-21T04:23:38.429258,3,0.0315,0.0120,0.0315,0.0000,0.0954,0.0151,-0.0942,5
2026-03-21T04:23:38.429258,4,0.1226,0.1226,0.0121,0.0862,1.3939,0.3492,-1.3494,6
2026-03-21T04:23:38.429258,5,0.2276,0.2276,0.0158,0.0000,1.2153,-0.3566,1.1618,11
2026-03-21T04:23:38.499651,0,0.1156,0.1156,0.1096,0.0000,1.0785,-0.4722,-0.9696,9
2026-03-21T04:23:38.499651,1,0.1413,0.1413,0.0154,0.0936,1.3527,0.0237,-1.3525,7
2026-03-21T04:23:38.499651,2,0.0309,0.0102,0.0309,0.0000,0.0888,0.0117,-0.0880,6
2026-03-21T04:23:38.499651,3,0.2968,0.2968,0.0261,0.0000,1.2158,-0.3475,1.1651,14
2026-03-21T04:23:38.566939,0,0.0726,0.0726,0.0671,0.0000,1.0848,-0.5007,-0.9624,6
2026-03-21T04:23:38.566939,1,0.2144,0.2144,0.0265,0.1131,1.3668,0.0123,-1.3667,10
2026-03-21T04:23:38.566939,2,0.0406,0.0118,0.0406,0.0000,0.0978,0.0140,-0.0967,5
2026-03-21T04:23:38.566939,3,0.2670,0.2670,0.0289,0.0000,1.1982,-0.3120,1.1569,13
2026-03-21T04:23:38.566939,4,0.0852,0.0852,0.0345,0.0000,1.3080,-0.5940,1.1654,5
2026-03-21T04:23:38.636196,0,0.0600,0.0554,0.0600,0.0000,1.1003,-0.5163,-0.9716,5
2026-03-21T04:23:38.636196,1,0.2419,0.2419,0.0330,0.1341,1.3862,0.0247,-1.3860,11
2026-03-21T04:23:38.636196,2,0.3129,0.3129,0.0429,0.0000,1.1875,-0.3101,1.1463,15
2026-03-21T04:23:38.636196,3,0.0479,0.0479,0.0027,0.0000,1.2839,-0.5223,1.1728,3
2026-03-21T04:23:38.704975,0,0.1468,0.1468,0.0131,0.1402,1.4031,-0.0489,-1.4023,7
2026-03-21T04:23:38.704975,1,0.0467,0.0146,0.0467,0.0000,0.0913,0.0138,-0.0902,6
2026-03-21T04:23:38.704975,2,0.3728,0.3728,0.0486,0.0000,1.1712,-0.3065,1.1304,19
2026-03-21T04:23:38.775627,0,0.0649,0.0649,0.0617,0.0000,1.2334,-0.5789,-1.0891,5
2026-03-21T04:23:38.775627,1,0.0357,0.0357,0.0313,0.0000,0.0828,-0.0016,-0.0828,12
2026-03-21T04:23:38.775627,2,0.3661,0.3661,0.0420,0.0000,1.1113,-0.2718,1.0775,19
2026-03-21T04:23:38.845381,0,0.0344,0.0344,0.0192,0.0000,0.0814,-0.0038,-0.0813,11
2026-03-21T04:23:38.845381,1,0.4011,0.4011,0.0671,0.0000,1.0787,-0.2099,1.0580,21
2026-03-21T04:23:38.915318,0,0.0926,0.0926,0.0298,0.0626,1.3952,-0.4543,-1.3192,5
2026-03-21T04:23:38.915318,1,0.0695,0.0520,0.0695,0.0000,0.0884,-0.0076,-0.0881,15
2026-03-21T04:23:38.915318,2,0.4484,0.4484,0.0695,0.0000,1.0739,-0.2010,1.0549,24
2026-03-21T04:23:38.985399,0,0.0893,0.0893,0.0399,0.0629,1.4020,-0.4795,-1.3174,5
2026-03-21T04:23:38.985399,1,0.0469,0.0378,0.0469,0.0000,0.0878,-0.0075,-0.0875,13
2026-03-21T04:23:38.985399,2,0.4833,0.4833,0.0799,0.0000,1.0522,-0.1432,1.0424,26
2026-03-21T04:23:39.054574,0,0.1010,0.0444,0.1010,0.0000,0.0773,-0.0096,-0.0767,12
2026-03-21T04:23:39.054574,1,0.4502,0.4502,0.0811,0.0000,1.0566,-0.1428,1.0469,24
2026-03-21T04:23:39.124609,0,0.0423,0.0344,0.0423,0.0000,0.0770,-0.0047,-0.0768,12
2026-03-21T04:23:39.124609,1,0.4123,0.4123,0.0510,0.0000,1.0837,-0.1817,1.0683,22
2026-03-21T04:23:39.194369,0,0.0462,0.0410,0.0462,0.0000,0.0862,-0.0046,-0.0861,12
2026-03-21T04:23:39.194369,1,0.4148,0.4148,0.0515,0.0000,1.0987,-0.1841,1.0832,22
2026-03-21T04:23:39.263338,0,0.0770,0.0770,0.0353,0.0000,1.1588,-0.3963,-1.0890,5
2026-03-21T04:23:39.263338,1,0.0490,0.0382,0.0490,0.0000,0.0852,-0.0044,-0.0851,13
2026-03-21T04:23:39.263338,2,0.3780,0.3780,0.0532,0.0000,1.1085,-0.1857,1.0928,20
2026-03-21T04:23:39.333894,0,0.1039,0.1039,0.0126,0.0000,1.1480,-0.3835,-1.0820,6
2026-03-21T04:23:39.333894,1,0.0416,0.0401,0.0416,0.0000,0.0884,-0.0025,-0.0884,12
2026-03-21T04:23:39.333894,2,0.3596,0.3596,0.0360,0.0000,1.1069,-0.1943,1.0897,19
2026-03-21T04:23:39.403314,0,0.0363,0.0363,0.0294,0.0000,0.0847,-0.0057,-0.0845,11
2026-03-21T04:23:39.403314,1,0.3930,0.3930,0.0385,0.0000,1.0961,-0.2875,1.0577,21
2026-03-21T04:23:39.472422,0,0.0772,0.0772,0.0422,0.0000,1.2566,-0.5899,-1.1095,5
2026-03-21T04:23:39.472422,1,0.0523,0.0454,0.0523,0.0000,0.0893,-0.0062,-0.0891,13
2026-03-21T04:23:39.472422,2,0.6107,0.6107,0.0299,0.0000,1.0599,-0.2551,1.0288,32
2026-03-21T04:23:39.542900,0,0.1191,0.1191,0.0725,0.0000,1.2909,-0.5453,-1.1701,7
2026-03-21T04:23:39.542900,1,0.0393,0.0393,0.0292,0.0000,0.0815,-0.0058,-0.0813,12
2026-03-21T04:23:39.542900,2,0.1406,0.1406,0.0418,0.0814,1.3338,-0.0469,-1.3329,7
2026-03-21T04:23:39.542900,3,0.5889,0.5889,0.0475,0.0000,1.0267,-0.1635,1.0136,33
2026-03-21T04:23:39.611943,0,0.0408,0.0408,0.0254,0.0000,0.0853,-0.0049,-0.0852,13
2026-03-21T04:23:39.611943,1,0.0960,0.0960,0.0284,0.1315,1.3838,-0.0484,-1.3829,5
2026-03-21T04:23:39.611943,2,0.6347,0.6347,0.1328,0.0000,1.0384,-0.1621,1.0257,35
2026-03-21T04:23:39.681622,0,0.0374,0.0374,0.0353,0.0000,0.0887,-0.0042,-0.0886,11
2026-03-21T04:23:39.681622,1,0.4710,0.4710,0.1494,0.0000,1.0614,-0.2559,1.0301,27
2026-03-21T04:23:39.751957,0,0.0973,0.0276,0.0973,0.0000,0.4913,-0.2224,-0.4380,7
2026-03-21T04:23:39.751957,1,0.0399,0.0399,0.0390,0.0000,0.0890,-0.0050,-0.0889,10
2026-03-21T04:23:39.751957,2,0.0792,0.0792,0.0582,0.0268,1.3550,0.4856,-1.2650,5
2026-03-21T04:23:39.751957,3,0.1171,0.1171,0.0897,0.0000,1.1064,-0.2575,1.0760,8
2026-03-21T04:23:39.751957,4,0.1565,0.1403,0.1565,0.0000,0.9944,-0.3952,0.9125,12
2026-03-21T04:23:39.821275,0,0.1278,0.0870,0.1278,0.0000,0.4302,-0.1597,-0.3995,17
2026-03-21T04:23:39.821275,1,0.0904,0.0400,0.0904,0.0000,0.0580,-0.0019,-0.0579,9
2026-03-21T04:23:39.821275,2,0.0850,0.0850,0.0546,0.0348,1.3956,0.5674,-1.2750,5
2026-03-21T04:23:39.821275,3,0.1046,0.1046,0.0810,0.0000,0.9173,-0.4018,0.8246,9
2026-03-21T04:23:39.891518,0,0.1948,0.1948,0.0771,0.0000,0.4044,-0.1422,-0.3786,18
2026-03-21T04:23:39.891518,1,0.0841,0.0841,0.0593,0.0000,1.3992,0.7620,-1.1735,5
2026-03-21T04:23:39.961634,0,0.0574,0.0574,0.0386,0.0000,0.6967,-0.3217,-0.6179,6
2026-03-21T04:23:39.961634,1,0.1828,0.1828,0.1403,0.0000,0.3903,-0.0771,-0.3826,20
2026-03-21T04:23:40.031729,0,0.2051,0.2051,0.1646,0.0182,1.3208,-0.5466,-1.2024,12
2026-03-21T04:23:40.031729,1,0.1540,0.1540,0.1194,0.0000,0.3822,-0.0356,-0.3805,21
2026-03-21T04:23:40.101760,0,0.2771,0.2771,0.1651,0.0119,1.3065,-0.5093,-1.2032,15
2026-03-21T04:23:40.101760,1,0.0576,0.0080,0.0576,0.0000,0.1064,-0.0236,-0.1037,5
2026-03-21T04:23:40.101760,2,0.1281,0.1281,0.0473,0.0000,0.3913,-0.0132,-0.3910,17
2026-03-21T04:23:40.101760,3,0.0847,0.0472,0.0847,0.0000,1.3710,1.0802,-0.8443,5
2026-03-21T04:23:40.101760,4,0.0778,0.0701,0.0778,0.0000,1.3280,1.1383,-0.6840,5
2026-03-21T04:23:40.170938,0,0.2604,0.2604,0.1425,0.0000,1.2959,-0.5162,-1.1886,14
2026-03-21T04:23:40.170938,1,0.0279,0.0079,0.0279,0.0000,0.0858,-0.0162,-0.0843,7
2026-03-21T04:23:40.170938,2,0.1913,0.1323,0.1913,0.0000,0.3788,0.0121,-0.3786,20
2026-03-21T04:23:40.239982,0,0.2647,0.2647,0.1270,0.0000,1.2932,-0.4946,-1.1949,14
2026-03-21T04:23:40.239982,1,0.0761,0.0279,0.0761,0.0000,0.1006,-0.0190,-0.0988,9
2026-03-21T04:23:40.239982,2,0.1447,0.1447,0.1335,0.0000,0.3751,0.0363,-0.3734,21
2026-03-21T04:23:40.309205,0,0.2124,0.2124,0.0815,0.0000,1.2970,-0.4648,-1.2109,11
2026-03-21T04:23:40.309205,1,0.0247,0.0117,0.0247,0.0000,0.0834,-0.0174,-0.0815,7
2026-03-21T04:23:40.309205,2,0.1716,0.1538,0.1716,0.0000,0.3729,0.0532,-0.3691,22
2026-03-21T04:23:40.309205,3,0.0830,0.0519,0.0830,0.0000,1.3486,1.2964,-0.3715,5
2026-03-21T04:23:40.309205,4,0.0948,0.0272,0.0948,0.0000,1.4028,1.3855,-0.2194,5
2026-03-21T04:23:40.379094,0,0.0573,0.0573,0.0475,0.0000,1.0391,-0.4877,-0.9175,5
2026-03-21T04:23:40.379094,1,0.1173,0.1173,0.0718,0.0000,1.2976,-0.4648,-1.2115,7
2026-03-21T04:23:40.379094,2,0.0321,0.0090,0.0321,0.0000,0.0909,-0.0180,-0.0891,8
2026-03-21T04:23:40.379094,3,0.1381,0.1381,0.0387,0.0862,1.3380,-0.0930,-1.3348,7
2026-03-21T04:23:40.379094,4,0.1896,0.1896,0.1516,0.0000,0.3876,0.0886,-0.3773,25
2026-03-21T04:23:40.379094,5,0.0951,0.0227,0.0951,0.0000,1.3904,1.3800,-0.1693,5
2026-03-21T04:23:40.449018,0,0.0640,0.0640,0.0351,0.0000,1.0423,-0.4893,-0.9203,5
2026-03-21T04:23:40.449018,1,0.1727,0.1727,0.0589,0.0000,1.3029,-0.4242,-1.2319,9
2026-03-21T04:23:40.449018,2,0.0091,0.0075,0.0091,0.0000,0.0806,-0.0161,-0.0790,6
2026-03-21T04:23:40.449018,3,0.1153,0.1153,0.0321,0.0842,1.3399,-0.0816,-1.3374,6
2026-03-21T04:23:40.449018,4,0.1857,0.1857,0.1260,0.0000,0.3905,0.0889,-0.3802,25
2026-03-21T04:23:40.449018,5,0.0814,0.0814,0.0805,0.0000,1.3712,1.1755,-0.7060,5
2026-03-21T04:23:40.449018,6,0.0883,0.0416,0.0883,0.0000,1.3574,1.3325,-0.2588,5
2026-03-21T04:23:40.517486,0,0.0906,0.0906,0.0318,0.0000,1.0465,-0.4507,-0.9445,6
2026-03-21T04:23:40.517486,1,0.0142,0.0087,0.0142,0.0000,0.0892,-0.0185,-0.0873,7
2026-03-21T04:23:40.517486,2,0.2320,0.2320,0.0510,0.0906,1.3320,-0.0458,-1.3312,11
2026-03-21T04:23:40.517486,3,0.1079,0.1079,0.0936,0.0000,0.3741,0.0994,-0.3607,18
2026-03-21T04:23:40.517486,4,0.0608,0.0608,0.0487,0.0000,0.4547,0.2069,-0.4049,5
2026-03-21T04:23:40.517486,5,0.1453,0.0215,0.1453,0.0000,1.3913,1.3911,-0.0241,7
2026-03-21T04:23:40.587765,0,0.1075,0.1075,0.0342,0.0000,1.0489,-0.4269,-0.9581,7
2026-03-21T04:23:40.587765,1,0.0849,0.0849,0.0405,0.0000,1.3030,-0.3809,-1.2461,5
2026-03-21T04:23:40.587765,2,0.0873,0.0113,0.0873,0.0000,0.0982,-0.0182,-0.0965,7
2026-03-21T04:23:40.587765,3,0.1836,0.1836,0.0300,0.0652,1.3178,-0.0687,-1.3160,9
2026-03-21T04:23:40.587765,4,0.1849,0.1849,0.1116,0.0000,0.3903,0.1220,-0.3708,25
2026-03-21T04:23:40.587765,5,0.2614,0.0702,0.2614,0.0000,1.3768,1.3756,-0.0589,12
2026-03-21T04:23:40.656485,0,0.1016,0.1016,0.0506,0.0000,1.0428,-0.4242,-0.9526,7
2026-03-21T04:23:40.656485,1,0.0427,0.0117,0.0427,0.0000,0.0908,-0.0181,-0.0890,6
2026-03-21T04:23:40.656485,2,0.2539,0.2539,0.0505,0.0802,1.3221,-0.0338,-1.3217,12
2026-03-21T04:23:40.656485,3,0.1784,0.1784,0.1109,0.0000,0.3818,0.1195,-0.3626,25
2026-03-21T04:23:40.656485,4,0.0845,0.0543,0.0845,0.0000,1.3360,1.2472,-0.4789,5
2026-03-21T04:23:40.656485,5,0.0901,0.0503,0.0901,0.0000,1.2786,1.2350,-0.3312,5
2026-03-21T04:23:40.656485,6,0.1452,0.0150,0.1452,0.0000,1.3880,1.3880,0.0002,7
2026-03-21T04:23:40.726913,0,0.1024,0.1024,0.0503,0.0000,1.0422,-0.3904,-0.9663,7
2026-03-21T04:23:40.726913,1,0.0449,0.0344,0.0449,0.0000,0.0915,-0.0145,-0.0903,7
2026-03-21T04:23:40.726913,2,0.2521,0.2521,0.0399,0.0652,1.3129,-0.0107,-1.3128,12
2026-03-21T04:23:40.726913,3,0.1827,0.1827,0.1280,0.0000,0.3896,0.1309,-0.3670,26
2026-03-21T04:23:40.726913,4,0.0955,0.0249,0.0955,0.0000,1.3072,1.2500,-0.3825,5
2026-03-21T04:23:40.726913,5,0.1920,0.0419,0.1920,0.0000,1.3768,1.3768,0.0006,9
2026-03-21T04:23:40.795940,0,0.1234,0.1234,0.0540,0.0000,1.0423,-0.3821,-0.9697,8
2026-03-21T04:23:40.795940,1,0.0372,0.0334,0.0372,0.0000,0.0856,-0.0110,-0.0849,5
2026-03-21T04:23:40.795940,2,0.2510,0.2510,0.0369,0.0582,1.3083,-0.0108,-1.3082,12
2026-03-21T04:23:40.795940,3,0.1865,0.1865,0.1145,0.0000,0.3889,0.1372,-0.3639,26
2026-03-21T04:23:40.795940,4,0.0938,0.0297,0.0938,0.0000,1.3056,1.2549,-0.3602,5
2026-03-21T04:23:40.795940,5,0.0956,0.0286,0.0956,0.0000,1.3730,1.3730,0.0002,5
2026-03-21T04:23:40.795940,6,0.0490,0.0045,0.0490,0.0000,1.3975,1.3941,0.0975,3
2026-03-21T04:23:40.866107,0,0.1144,0.1144,0.0219,0.0000,1.0424,-0.3569,-0.9794,7
2026-03-21T04:23:40.866107,1,0.0548,0.0498,0.0548,0.0000,0.0965,-0.0031,-0.0964,9
2026-03-21T04:23:40.866107,2,0.2734,0.2734,0.0349,0.0514,1.3001,0.0007,-1.3001,13
2026-03-21T04:23:40.866107,3,0.1380,0.1238,0.1380,0.0000,0.3850,0.1395,-0.3588,22
2026-03-21T04:23:40.866107,4,0.0924,0.0316,0.0924,0.0000,1.3060,1.2725,-0.2940,5
2026-03-21T04:23:40.866107,5,0.1233,0.0076,0.1233,0.0000,1.3967,1.3877,0.1583,6
2026-03-21T04:23:40.935561,0,0.0832,0.0459,0.0832,0.0000,0.1015,-0.0011,-0.1015,7
2026-03-21T04:23:40.935561,1,0.2713,0.2713,0.0140,0.0237,1.2867,-0.0449,-1.2859,13
2026-03-21T04:23:40.935561,2,0.1966,0.1823,0.1966,0.0000,0.3980,0.1801,-0.3549,27
2026-03-21T04:23:40.935561,3,0.0942,0.0363,0.0942,0.0000,1.3052,1.2891,-0.2045,5
2026-03-21T04:23:40.935561,4,0.0961,0.0273,0.0961,0.0000,1.3478,1.3445,0.0943,5
2026-03-21T04:23:41.004820,0,0.2014,0.2014,0.0099,0.0125,1.2769,-0.0113,-1.2768,10
2026-03-21T04:23:41.004820,1,0.0939,0.0939,0.0056,0.0078,1.3190,0.3415,-1.2740,5
2026-03-21T04:23:41.004820,2,0.1676,0.1040,0.1676,0.0000,0.3839,0.1898,-0.3337,23
2026-03-21T04:23:41.004820,3,0.1396,0.0291,0.1396,0.0000,1.3579,1.3115,-0.3518,7
2026-03-21T04:23:41.004820,4,0.0772,0.0676,0.0772,0.0000,1.3632,1.3445,-0.2253,4
2026-03-21T04:23:41.004820,5,0.0460,0.0142,0.0460,0.0000,1.3235,1.3163,-0.1383,3
2026-03-21T04:23:41.004820,6,0.0887,0.0732,0.0887,0.0000,1.2754,1.2752,0.0224,5
2026-03-21T04:23:41.004820,7,0.0953,0.0125,0.0953,0.0000,1.3324,1.3224,0.1626,5
2026-03-21T04:23:41.004820,8,0.0973,0.0091,0.0973,0.0000,1.3868,1.3512,0.3121,5
2026-03-21T04:23:41.075604,0,0.0702,0.0702,0.0210,0.0000,1.0205,-0.1066,-1.0149,5
2026-03-21T04:23:41.075604,1,0.1332,0.1332,0.0088,0.0054,1.2708,0.0221,-1.2706,7
2026-03-21T04:23:41.075604,2,0.2059,0.2059,0.0251,0.0000,1.2961,0.3468,-1.2488,10
2026-03-21T04:23:41.075604,3,0.1728,0.1537,0.1728,0.0000,0.3787,0.2105,-0.3148,25
2026-03-21T04:23:41.075604,4,0.0911,0.0322,0.0911,0.0000,1.3022,1.3020,-0.0229,5
2026-03-21T04:23:41.145852,0,0.1460,0.1460,0.0402,0.0000,1.0153,-0.0712,-1.0128,9
2026-03-21T04:23:41.145852,1,0.1094,0.1094,0.0176,0.0000,1.2678,0.0995,-1.2639,6
2026-03-21T04:23:41.145852,2,0.2915,0.2915,0.0550,0.0000,1.2812,0.4074,-1.2147,14
2026-03-21T04:23:41.145852,3,0.1798,0.1496,0.1798,0.0000,0.3731,0.2312,-0.2929,26
2026-03-21T04:23:41.145852,4,0.0965,0.0166,0.0965,0.0000,1.3434,1.3333,-0.1640,5
2026-03-21T04:23:41.145852,5,0.1218,0.0199,0.1218,0.0000,1.3866,1.2987,0.4858,6
2026-03-21T04:23:41.216232,0,0.0218,0.0098,0.0218,0.0000,0.0940,-0.0213,-0.0915,5
2026-03-21T04:23:41.216232,1,0.1449,0.1449,0.0493,0.0000,1.0102,-0.0358,-1.0096,9
2026-03-21T04:23:41.216232,2,0.3490,0.3490,0.0880,0.0000,1.2710,0.4358,-1.1939,17
2026-03-21T04:23:41.216232,3,0.1592,0.1515,0.1592,0.0000,0.3661,0.2421,-0.2746,26
2026-03-21T04:23:41.216232,4,0.0943,0.0760,0.0943,0.0000,1.3504,1.3504,-0.0002,5
2026-03-21T04:23:41.216232,5,0.0457,0.0154,0.0457,0.0000,1.3175,1.3143,0.0919,3
2026-03-21T04:23:41.216232,6,0.0825,0.0583,0.0825,0.0000,1.2662,1.2429,0.2417,5
2026-03-21T04:23:41.286740,0,0.0388,0.0139,0.0388,0.0000,0.0848,-0.0186,-0.0827,6
2026-03-21T04:23:41.286740,1,0.1433,0.1433,0.0405,0.0000,1.0051,0.0000,-1.0051,9
2026-03-21T04:23:41.286740,2,0.3645,0.3645,0.1046,0.0000,1.2649,0.4440,-1.1844,18
2026-03-21T04:23:41.286740,3,0.1532,0.1346,0.1532,0.0000,0.3621,0.2413,-0.2700,25
2026-03-21T04:23:41.286740,4,0.1897,0.0613,0.1897,0.0000,1.3432,1.3381,-0.1174,9
2026-03-21T04:23:41.286740,5,0.0913,0.0571,0.0913,0.0000,1.3186,1.3154,0.0918,5
2026-03-21T04:23:41.286740,6,0.0798,0.0593,0.0798,0.0000,1.2628,1.2352,0.2626,5
2026-03-21T04:23:41.355716,0,0.0321,0.0083,0.0321,0.0000,0.0892,-0.0184,-0.0873,7
2026-03-21T04:23:41.355716,1,0.1424,0.1424,0.0476,0.0000,1.0035,-0.0004,-1.0035,9
2026-03-21T04:23:41.355716,2,0.3852,0.3852,0.1098,0.0000,1.2592,0.4524,-1.1751,19
2026-03-21T04:23:41.355716,3,0.1701,0.0778,0.1701,0.0000,0.3579,0.2396,-0.2658,24
2026-03-21T04:23:41.355716,4,0.0948,0.0287,0.0948,0.0000,1.3408,1.3400,-0.0471,5
2026-03-21T04:23:41.355716,5,0.0867,0.0528,0.0867,0.0000,1.2942,1.2817,0.1798,5
2026-03-21T04:23:41.425932,0,0.0342,0.0086,0.0342,0.0000,0.0774,-0.0152,-0.0759,8
2026-03-21T04:23:41.425932,1,0.1054,0.1054,0.0337,0.0000,1.0042,0.0172,-1.0041,7
2026-03-21T04:23:41.425932,2,0.4257,0.4257,0.1276,0.0000,1.2544,0.4505,-1.1707,21
2026-03-21T04:23:41.425932,3,0.1601,0.1400,0.1601,0.0000,0.3600,0.2584,-0.2506,27
2026-03-21T04:23:41.425932,4,0.0864,0.0495,0.0864,0.0000,1.2916,1.2757,0.2018,5
2026-03-21T04:23:41.494900,0,0.0186,0.0119,0.0186,0.0000,0.0950,-0.0189,-0.0931,8
2026-03-21T04:23:41.494900,1,0.1048,0.1048,0.0413,0.0000,1.0041,0.0347,-1.0035,7
2026-03-21T04:23:41.494900,2,0.4685,0.4685,0.1459,0.0000,1.2519,0.4703,-1.1602,23
2026-03-21T04:23:41.494900,3,0.1670,0.1227,0.1670,0.0000,0.3549,0.2564,-0.2453,26
2026-03-21T04:23:41.494900,4,0.0873,0.0469,0.0873,0.0000,1.2972,1.2734,0.2473,5
2026-03-21T04:23:41.564201,0,0.0232,0.0105,0.0232,0.0000,0.0915,-0.0174,-0.0898,7
2026-03-21T04:23:41.564201,1,0.0859,0.0859,0.0416,0.0000,1.0049,0.0610,-1.0030,6
2026-03-21T04:23:41.564201,2,0.4831,0.4831,0.1637,0.0000,1.2448,0.4774,-1.1497,24
2026-03-21T04:23:41.564201,3,0.1629,0.1328,0.1629,0.0000,0.3543,0.2667,-0.2332,27
2026-03-21T04:23:41.564201,4,0.0915,0.0534,0.0915,0.0000,1.3258,1.3057,0.2301,5
2026-03-21T04:23:41.564201,5,0.1190,0.0773,0.1190,0.0000,1.2731,1.2175,0.3720,7
2026-03-21T04:23:41.564201,6,0.0956,0.0267,0.0956,0.0000,1.3852,1.2114,0.6717,5
2026-03-21T04:23:41.633444,0,0.0436,0.0070,0.0436,0.0000,0.0865,-0.0161,-0.0850,9
2026-03-21T04:23:41.633444,1,0.0860,0.0860,0.0293,0.0000,1.0019,0.0609,-1.0000,6
2026-03-21T04:23:41.633444,2,0.4754,0.4754,0.1736,0.0000,1.2449,0.4773,-1.1497,24
2026-03-21T04:23:41.633444,3,0.1613,0.1596,0.1613,0.0000,0.3540,0.2669,-0.2326,27
2026-03-21T04:23:41.633444,4,0.0936,0.0504,0.0936,0.0000,1.3258,1.3057,0.2302,5
2026-03-21T04:23:41.633444,5,0.0750,0.0569,0.0750,0.0000,1.2718,1.2096,0.3930,5
2026-03-21T04:23:41.702766,0,0.0310,0.0178,0.0310,0.0000,0.0896,-0.0172,-0.0879,9
2026-03-21T04:23:41.702766,1,0.1034,0.1034,0.0542,0.0000,1.0055,0.0697,-1.0031,7
2026-03-21T04:23:41.702766,2,0.5104,0.5104,0.1643,0.0000,1.2427,0.4871,-1.1433,25
2026-03-21T04:23:41.702766,3,0.1453,0.0817,0.1453,0.0000,0.3439,0.2542,-0.2316,23
2026-03-21T04:23:41.702766,4,0.0953,0.0484,0.0953,0.0000,1.3586,1.3586,0.0000,5
2026-03-21T04:23:41.702766,5,0.0862,0.0483,0.0862,0.0000,1.3012,1.2679,0.2925,5
2026-03-21T04:23:41.702766,6,0.0968,0.0837,0.0968,0.0000,1.2740,1.1972,0.4357,5
2026-03-21T04:23:41.772487,0,0.0232,0.0067,0.0232,0.0000,0.0806,-0.0145,-0.0792,8
2026-03-21T04:23:41.772487,1,0.1033,0.1033,0.0413,0.0000,1.0020,0.0695,-0.9995,7
2026-03-21T04:23:41.772487,2,0.5077,0.5077,0.1625,0.0000,1.2430,0.4871,-1.1435,25
2026-03-21T04:23:41.772487,3,0.1358,0.0482,0.1358,0.0000,0.3439,0.2521,-0.2340,22
2026-03-21T04:23:41.772487,4,0.0777,0.0777,0.0189,0.0000,0.4207,0.3682,-0.2034,5
2026-03-21T04:23:41.841396,0,0.0341,0.0162,0.0341,0.0000,0.0849,-0.0164,-0.0833,9
2026-03-21T04:23:41.841396,1,0.0687,0.0687,0.0356,0.0000,1.0035,0.0523,-1.0021,5
2026-03-21T04:23:41.841396,2,0.5031,0.5031,0.1701,0.0000,1.2414,0.4863,-1.1422,25
2026-03-21T04:23:41.841396,3,0.1384,0.0646,0.1384,0.0000,0.3416,0.2503,-0.2324,22
2026-03-21T04:23:41.841396,4,0.0878,0.0473,0.0878,0.0000,1.3118,1.2782,0.2949,5
2026-03-21T04:23:41.911416,0,0.0940,0.0940,0.0726,0.0000,1.3342,-0.6159,-1.1836,6
2026-03-21T04:23:41.911416,1,0.0120,0.0074,0.0120,0.0000,0.0884,-0.0168,-0.0868,7
2026-03-21T04:23:41.911416,2,0.1203,0.1203,0.0582,0.0000,1.0049,0.0783,-1.0019,8
2026-03-21T04:23:41.911416,3,0.5017,0.5017,0.1722,0.0000,1.2389,0.5054,-1.1311,25
2026-03-21T04:23:41.911416,4,0.1359,0.1017,0.1359,0.0000,0.3462,0.2602,-0.2282,23
2026-03-21T04:23:41.911416,5,0.0875,0.0480,0.0875,0.0000,1.3136,1.2746,0.3176,5
2026-03-21T04:23:41.980636,0,0.0074,0.0052,0.0074,0.0000,0.0862,-0.0179,-0.0843,5
2026-03-21T04:23:41.980636,1,0.0715,0.0715,0.0139,0.0000,0.9993,0.1737,-0.9841,5
2026-03-21T04:23:41.980636,2,0.5209,0.5209,0.1888,0.0000,1.2379,0.5542,-1.1069,26
2026-03-21T04:23:41.980636,3,0.1476,0.1094,0.1476,0.0000,0.3453,0.2655,-0.2207,22
2026-03-21T04:23:41.980636,4,0.0962,0.0916,0.0962,0.0000,1.3736,1.3484,0.2619,5
2026-03-21T04:23:41.980636,5,0.0454,0.0111,0.0454,0.0000,1.3355,1.2900,0.3457,3
2026-03-21T04:23:41.980636,6,0.0739,0.0579,0.0739,0.0000,1.2900,1.1961,0.4833,5
2026-03-21T04:23:42.049745,0,0.1291,0.1291,0.0523,0.0000,1.3133,-0.5132,-1.2089,7
2026-03-21T04:23:42.049745,1,0.0344,0.0106,0.0344,0.0000,0.0894,-0.0176,-0.0877,8
2026-03-21T04:23:42.049745,2,0.1060,0.1060,0.0290,0.0000,0.9907,0.2230,-0.9653,7
2026-03-21T04:23:42.049745,3,0.4749,0.4749,0.2245,0.0000,1.2287,0.6160,-1.0632,25
2026-03-21T04:23:42.049745,4,0.1430,0.0895,0.1430,0.0000,0.3559,0.2908,-0.2051,21
2026-03-21T04:23:42.049745,5,0.0848,0.0595,0.0848,0.0000,1.3328,1.2443,0.4774,5
2026-03-21T04:23:42.118030,0,0.0527,0.0306,0.0527,0.0000,0.0873,-0.0045,-0.0872,7
2026-03-21T04:23:42.118030,1,0.1286,0.1286,0.0721,0.0000,0.9585,0.3277,-0.9007,9
2026-03-21T04:23:42.118030,2,0.4828,0.4828,0.2932,0.0000,1.2127,0.7653,-0.9408,27
2026-03-21T04:23:42.118030,3,0.1099,0.0733,0.1099,0.0000,0.3418,0.3029,-0.1584,16
2026-03-21T04:23:42.118030,4,0.0936,0.0694,0.0936,0.0000,1.3736,1.2128,0.6448,5
2026-03-21T04:23:42.188532,0,0.0850,0.0692,0.0850,0.0000,1.1157,-0.5148,-0.9898,6
2026-03-21T04:23:42.188532,1,0.0389,0.0389,0.0321,0.0000,0.0896,-0.0052,-0.0894,9
2026-03-21T04:23:42.188532,2,0.1770,0.1770,0.0173,0.0000,1.2544,-0.0658,-1.2527,9
2026-03-21T04:23:42.188532,3,0.1153,0.1153,0.0616,0.0000,0.9221,0.4471,-0.8064,9
2026-03-21T04:23:42.188532,4,0.4073,0.4073,0.3454,0.0000,1.1907,0.8936,-0.7868,26
2026-03-21T04:23:42.188532,5,0.0726,0.0726,0.0443,0.0000,0.4411,0.4040,-0.1769,6
2026-03-21T04:23:42.259230,0,0.0955,0.0955,0.0502,0.0000,1.0337,-0.4205,-0.9443,7
2026-03-21T04:23:42.259230,1,0.1296,0.1296,0.0324,0.0000,1.2260,0.0212,-1.2258,7
2026-03-21T04:23:42.259230,2,0.1372,0.1372,0.1009,0.0000,0.8971,0.5273,-0.7257,11
2026-03-21T04:23:42.259230,3,0.4123,0.3883,0.4123,0.0000,1.1695,0.9772,-0.6424,28
2026-03-21T04:23:42.259230,4,0.1015,0.0703,0.1015,0.0000,1.4112,1.1196,0.8591,6
2026-03-21T04:23:42.330647,0,0.1026,0.0166,0.1026,0.0000,0.6207,-0.2859,-0.5510,6
2026-03-21T04:23:42.330647,1,0.1099,0.1099,0.1091,0.0000,0.9914,-0.3053,-0.9433,9
2026-03-21T04:23:42.330647,2,0.1252,0.1252,0.0382,0.0000,1.2021,0.3111,-1.1612,7
2026-03-21T04:23:42.330647,3,0.1593,0.1120,0.1593,0.0000,0.8759,0.5738,-0.6617,13
2026-03-21T04:23:42.330647,4,0.4871,0.3578,0.4871,0.0000,1.1485,1.0386,-0.4902,30
2026-03-21T04:23:42.401508,0,0.1350,0.0270,0.1350,0.0000,0.5895,-0.2572,-0.5305,9
2026-03-21T04:23:42.401508,1,0.0513,0.0513,0.0512,0.0000,0.9163,-0.2677,-0.8764,5
2026-03-21T04:23:42.401508,2,0.1080,0.1080,0.0587,0.0000,1.0471,-0.0358,-1.0465,7
2026-03-21T04:23:42.401508,3,0.1972,0.1972,0.0615,0.0000,1.1664,0.3408,-1.1155,11
2026-03-21T04:23:42.401508,4,0.1144,0.0999,0.1144,0.0000,0.8394,0.6138,-0.5726,11
2026-03-21T04:23:42.401508,5,0.5676,0.3479,0.5676,0.0000,1.1327,1.0731,-0.3624,33
2026-03-21T04:23:42.472278,0,0.1645,0.0393,0.1645,0.0000,0.5925,-0.2483,-0.5379,11
2026-03-21T04:23:42.472278,1,0.0565,0.0488,0.0565,0.0000,0.8873,-0.2293,-0.8572,5
2026-03-21T04:23:42.472278,2,0.0992,0.0992,0.0375,0.0000,0.9319,-0.1301,-0.9227,7
2026-03-21T04:23:42.472278,3,0.1784,0.1784,0.0975,0.0000,1.0057,0.0193,-1.0056,11
2026-03-21T04:23:42.472278,4,0.2545,0.2545,0.0858,0.0000,1.1443,0.3438,-1.0914,14
2026-03-21T04:23:42.472278,5,0.1272,0.1062,0.1272,0.0000,0.8171,0.6212,-0.5307,12
2026-03-21T04:23:42.472278,6,0.5760,0.3092,0.5760,0.0000,1.1135,1.0722,-0.3005,33
2026-03-21T04:23:42.543308,0,0.1658,0.0408,0.1658,0.0000,0.5932,-0.2487,-0.5385,11
2026-03-21T04:23:42.543308,1,0.2117,0.2117,0.0859,0.0000,0.9311,-0.0559,-0.9294,14
2026-03-21T04:23:42.543308,2,0.1906,0.1906,0.0852,0.0000,1.1271,0.3666,-1.0658,11
2026-03-21T04:23:42.543308,3,0.0741,0.0634,0.0741,0.0000,1.2738,0.6558,-1.0920,5
2026-03-21T04:23:42.543308,4,0.0706,0.0606,0.0706,0.0000,1.0170,0.6468,-0.7849,6
2026-03-21T04:23:42.543308,5,0.1496,0.1009,0.1496,0.0000,0.7996,0.6122,-0.5143,13
2026-03-21T04:23:42.543308,6,0.5954,0.3055,0.5954,0.0000,1.1008,1.0675,-0.2685,34
2026-03-21T04:23:42.611449,0,0.1554,0.0432,0.1554,0.0000,0.5886,-0.2469,-0.5344,11
2026-03-21T04:23:42.611449,1,0.2376,0.2376,0.1149,0.0000,0.9198,-0.0529,-0.9182,15
2026-03-21T04:23:42.611449,2,0.1185,0.1185,0.0764,0.0000,1.1114,0.3888,-1.0411,8
2026-03-21T04:23:42.611449,3,0.1048,0.1048,0.0402,0.0000,1.1515,0.5318,-1.0213,6
2026-03-21T04:23:42.611449,4,0.0783,0.0535,0.0783,0.0000,1.0187,0.6477,-0.7863,6
2026-03-21T04:23:42.611449,5,0.1474,0.1053,0.1474,0.0000,0.7848,0.6098,-0.4941,13
2026-03-21T04:23:42.611449,6,0.5920,0.2959,0.5920,0.0000,1.0891,1.0607,-0.2472,34
2026-03-21T04:23:42.680512,0,0.1413,0.0485,0.1413,0.0000,0.5888,-0.2471,-0.5345,11
2026-03-21T04:23:42.680512,1,0.2226,0.2226,0.0941,0.0000,0.9200,-0.0470,-0.9188,15
2026-03-21T04:23:42.680512,2,0.1166,0.1166,0.0749,0.0000,1.1065,0.4051,-1.0296,8
2026-03-21T04:23:42.680512,3,0.1150,0.1150,0.0472,0.0000,1.1462,0.5557,-1.0024,7
2026-03-21T04:23:42.680512,4,0.0704,0.0341,0.0704,0.0000,1.0163,0.6530,-0.7787,5
2026-03-21T04:23:42.680512,5,0.1127,0.1104,0.1127,0.0000,0.7708,0.6117,-0.4690,12
2026-03-21T04:23:42.680512,6,0.5820,0.2926,0.5820,0.0000,1.0770,1.0488,-0.2449,34
2026-03-21T04:23:42.680512,7,0.0599,0.0599,0.0281,0.0000,0.3102,0.3040,0.0617,6
2026-03-21T04:23:42.680512,8,0.0253,0.0253,0.0245,0.0000,0.2941,0.2687,0.1197,5
2026-03-21T04:23:42.748924,0,0.1590,0.0536,0.1590,0.0000,0.5847,-0.2404,-0.5330,12
2026-03-21T04:23:42.748924,1,0.1727,0.1727,0.0664,0.0000,0.9391,-0.1669,-0.9241,11
2026-03-21T04:23:42.748924,2,0.1044,0.1044,0.0451,0.0000,0.9880,0.0177,-0.9878,7
2026-03-21T04:23:42.748924,3,0.3249,0.3249,0.0897,0.0000,1.1084,0.3524,-1.0509,18
2026-03-21T04:23:42.748924,4,0.0674,0.0588,0.0674,0.0000,1.0082,0.6811,-0.7434,6
2026-03-21T04:23:42.748924,5,0.1527,0.0978,0.1527,0.0000,0.7772,0.6205,-0.4680,13
2026-03-21T04:23:42.748924,6,0.5995,0.2531,0.5995,0.0000,1.0761,1.0558,-0.2081,34
2026-03-21T04:23:42.748924,7,0.1075,0.1075,0.0861,0.0000,0.2651,0.2532,0.0785,19
2026-03-21T04:23:42.748924,8,0.0768,0.0768,0.0606,0.0000,1.4004,0.7627,1.1744,5
2026-03-21T04:23:42.748924,9,0.0422,0.0422,0.0248,0.0000,1.3935,0.6756,1.2188,3
2026-03-21T04:23:42.818006,0,0.1774,0.0690,0.1774,0.0000,0.5734,-0.2260,-0.5270,14
2026-03-21T04:23:42.818006,1,0.0888,0.0888,0.0311,0.0000,1.0182,-0.1154,-1.0116,6
2026-03-21T04:23:42.818006,2,0.0940,0.0940,0.0220,0.0000,1.0667,0.0467,-1.0657,6
2026-03-21T04:23:42.818006,3,0.3582,0.3582,0.1588,0.0000,1.1395,0.3977,-1.0678,20
2026-03-21T04:23:42.818006,4,0.0669,0.0316,0.0669,0.0000,0.9917,0.7011,-0.7014,5
2026-03-21T04:23:42.818006,5,0.1588,0.1321,0.1588,0.0000,0.7893,0.6505,-0.4470,14
2026-03-21T04:23:42.818006,6,0.5834,0.2278,0.5834,0.0000,1.0742,1.0589,-0.1808,33
2026-03-21T04:23:42.818006,7,0.1108,0.1108,0.0820,0.0000,0.2390,0.2272,0.0743,22
2026-03-21T04:23:42.818006,8,0.1297,0.1297,0.0713,0.0000,1.3736,0.6869,1.1895,7
2026-03-21T04:23:42.886266,0,0.1762,0.0760,0.1762,0.0000,0.5811,-0.2103,-0.5417,14
2026-03-21T04:23:42.886266,1,0.1108,0.1108,0.0388,0.0000,1.0582,-0.0923,-1.0542,7
2026-03-21T04:23:42.886266,2,0.0916,0.0916,0.0267,0.0000,1.2002,0.2908,-1.1645,5
2026-03-21T04:23:42.886266,3,0.2485,0.2485,0.1536,0.0000,1.1467,0.4840,-1.0395,15
2026-03-21T04:23:42.886266,4,0.0928,0.0359,0.0928,0.0000,1.2496,0.8029,-0.9575,5
2026-03-21T04:23:42.886266,5,0.0820,0.0161,0.0820,0.0000,0.9787,0.7155,-0.6677,5
2026-03-21T04:23:42.886266,6,0.1507,0.0974,0.1507,0.0000,0.7910,0.6632,-0.4310,13
2026-03-21T04:23:42.886266,7,0.5840,0.2171,0.5840,0.0000,1.0710,1.0586,-0.1624,33
2026-03-21T04:23:42.886266,8,0.1577,0.1577,0.0906,0.0000,0.2309,0.2183,0.0752,24
2026-03-21T04:23:42.886266,9,0.0901,0.0901,0.0341,0.0000,1.3526,0.5930,1.2156,5
2026-03-21T04:23:42.886266,10,0.0947,0.0947,0.0805,0.0000,1.3668,0.3305,1.3262,5
2026-03-21T04:23:42.956814,0,0.1183,0.1183,0.0579,0.0000,1.0746,-0.4796,-0.9617,8
2026-03-21T04:23:42.956814,1,0.1325,0.0647,0.1325,0.0000,0.6184,-0.1843,-0.5903,10
2026-03-21T04:23:42.956814,2,0.1153,0.1153,0.0195,0.0000,1.0973,-0.0765,-1.0947,7
2026-03-21T04:23:42.956814,3,0.2223,0.2223,0.1268,0.0000,1.1871,0.4633,-1.0930,13
2026-03-21T04:23:42.956814,4,0.0703,0.0703,0.0416,0.0000,1.1596,0.6146,-0.9834,5
2026-03-21T04:23:42.956814,5,0.1541,0.0931,0.1541,0.0000,0.7943,0.6735,-0.4212,13
2026-03-21T04:23:42.956814,6,0.5631,0.2118,0.5631,0.0000,1.0686,1.0576,-0.1533,32
2026-03-21T04:23:42.956814,7,0.1219,0.0985,0.1219,0.0000,0.2183,0.2018,0.0833,28
2026-03-21T04:23:42.956814,8,0.1398,0.1398,0.0676,0.0000,1.3353,0.5855,1.2001,7
2026-03-21T04:23:43.025832,0,0.2106,0.2106,0.0588,0.0000,1.1212,-0.4655,-1.0200,12
2026-03-21T04:23:43.025832,1,0.0542,0.0379,0.0542,0.0000,0.6386,-0.1757,-0.6139,5
2026-03-21T04:23:43.025832,2,0.1562,0.1562,0.0155,0.0000,1.1156,-0.0779,-1.1129,9
2026-03-21T04:23:43.025832,3,0.0892,0.0892,0.0191,0.0000,1.1758,0.4973,-1.0655,5
2026-03-21T04:23:43.025832,4,0.1381,0.0837,0.1381,0.0000,0.7929,0.6759,-0.4145,12
2026-03-21T04:23:43.025832,5,0.5552,0.1726,0.5552,0.0000,1.0666,1.0568,-0.1445,31
2026-03-21T04:23:43.025832,6,0.1133,0.1133,0.1051,0.0000,0.2077,0.1908,0.0822,30
2026-03-21T04:23:43.025832,7,0.0703,0.0703,0.0657,0.0000,1.3272,0.6230,1.1719,5
2026-03-21T04:23:43.025832,8,0.0469,0.0469,0.0078,0.0000,1.3182,0.5362,1.2042,3
2026-03-21T04:23:43.025832,9,0.1319,0.1319,0.0730,0.0000,1.3333,0.2997,1.2992,7
2026-03-21T04:23:43.097113,0,0.2386,0.2386,0.0666,0.0000,1.1524,-0.4509,-1.0605,13
2026-03-21T04:23:43.097113,1,0.1376,0.1376,0.0258,0.0000,1.1325,-0.0691,-1.1304,8
2026-03-21T04:23:43.097113,2,0.1547,0.1547,0.0252,0.0000,1.1904,0.5132,-1.0741,8
2026-03-21T04:23:43.097113,3,0.1498,0.1030,0.1498,0.0000,0.7953,0.6817,-0.4097,13
2026-03-21T04:23:43.097113,4,0.5293,0.1613,0.5293,0.0000,1.0629,1.0517,-0.1539,30
2026-03-21T04:23:43.097113,5,0.1212,0.1212,0.0904,0.0000,0.1979,0.1814,0.0793,31
2026-03-21T04:23:43.097113,6,0.1058,0.1058,0.0460,0.0000,1.3161,0.5249,1.2069,6
2026-03-21T04:23:43.097113,7,0.1337,0.1337,0.0756,0.0000,1.3186,0.2740,1.2898,7
2026-03-21T04:23:43.166913,0,0.3065,0.3065,0.0881,0.0000,1.1956,-0.4582,-1.1043,16
2026-03-21T04:23:43.166913,1,0.1199,0.1199,0.0191,0.0000,1.1512,-0.0602,-1.1496,7
2026-03-21T04:23:43.166913,2,0.0761,0.0761,0.0389,0.0000,1.2178,0.3964,-1.1515,5
2026-03-21T04:23:43.166913,3,0.0771,0.0771,0.0317,0.0000,1.1820,0.4808,-1.0798,5
2026-03-21T04:23:43.166913,4,0.1221,0.1221,0.1199,0.0000,1.1988,0.6169,-1.0279,9
2026-03-21T04:23:43.166913,5,0.0921,0.0329,0.0921,0.0000,1.2474,0.8504,-0.9126,5
2026-03-21T04:23:43.166913,6,0.1394,0.0773,0.1394,0.0000,0.7958,0.6784,-0.4160,12
2026-03-21T04:23:43.166913,7,0.5310,0.1586,0.5310,0.0000,1.0628,1.0516,-0.1539,30
2026-03-21T04:23:43.166913,8,0.0950,0.0950,0.0892,0.0000,0.1967,0.1814,0.0762,31
2026-03-21T04:23:43.166913,9,0.0830,0.0830,0.0532,0.0000,1.3078,0.5528,1.1852,5
2026-03-21T04:23:43.237685,0,0.2406,0.2406,0.0679,0.0000,1.1694,-0.4762,-1.0681,13
2026-03-21T04:23:43.237685,1,0.1201,0.1201,0.0159,0.0000,1.1517,-0.1003,-1.1473,7
2026-03-21T04:23:43.237685,2,0.3348,0.3348,0.1761,0.0000,1.1979,0.4870,-1.0944,19
2026-03-21T04:23:43.237685,3,0.1548,0.0959,0.1548,0.0000,0.8043,0.6666,-0.4501,13
2026-03-21T04:23:43.237685,4,0.5166,0.1960,0.5166,0.0000,1.0623,1.0416,-0.2087,30
2026-03-21T04:23:43.237685,5,0.1285,0.1068,0.1285,0.0000,0.2150,0.2033,0.0699,29
2026-03-21T04:23:43.237685,6,0.0935,0.0935,0.0316,0.0000,1.3204,0.5996,1.1764,5
2026-03-21T04:23:43.237685,7,0.0952,0.0952,0.0796,0.0000,1.3296,0.3440,1.2843,5
2026-03-21T04:23:43.308026,0,0.0846,0.0707,0.0846,0.0000,0.6223,-0.2324,-0.5772,9
2026-03-21T04:23:43.308026,1,0.1134,0.1134,0.1061,0.0000,1.2090,0.5199,-1.0916,8
2026-03-21T04:23:43.308026,2,0.0892,0.0420,0.0892,0.0000,1.2490,0.7513,-0.9978,5
2026-03-21T04:23:43.308026,3,0.1683,0.1175,0.1683,0.0000,0.8170,0.6390,-0.5091,14
2026-03-21T04:23:43.308026,4,0.5485,0.2603,0.5485,0.0000,1.0716,1.0386,-0.2639,32
2026-03-21T04:23:43.308026,5,0.0489,0.0489,0.0302,0.0000,0.2655,0.2494,0.0910,5
2026-03-21T04:23:43.308026,6,0.0866,0.0866,0.0518,0.0000,1.3456,0.7329,1.1285,5
2026-03-21T04:23:43.377784,0,0.1311,0.0344,0.1311,0.0000,0.6298,-0.2748,-0.5667,9
2026-03-21T04:23:43.377784,1,0.0615,0.0615,0.0418,0.0000,1.0157,-0.2967,-0.9714,5
2026-03-21T04:23:43.377784,2,0.0351,0.0085,0.0351,0.0000,0.0516,-0.0082,-0.0509,5
2026-03-21T04:23:43.377784,3,0.1589,0.1589,0.0556,0.0000,1.1421,-0.0392,-1.1414,9
2026-03-21T04:23:43.377784,4,0.2217,0.2217,0.0801,0.0000,1.1908,0.3579,-1.1358,12
2026-03-21T04:23:43.377784,5,0.1256,0.1153,0.1256,0.0000,0.8221,0.5863,-0.5764,12
2026-03-21T04:23:43.377784,6,0.6433,0.3763,0.6433,0.0000,1.0925,1.0388,-0.3384,38
2026-03-21T04:23:43.446691,0,0.1586,0.1239,0.1586,0.0000,0.8695,-0.2882,-0.8203,12
2026-03-21T04:23:43.446691,1,0.0797,0.0797,0.0463,0.0000,0.9874,-0.1456,-0.9766,6
2026-03-21T04:23:43.446691,2,0.1389,0.1389,0.0432,0.0000,1.1677,0.2725,-1.1354,8
2026-03-21T04:23:43.446691,3,0.1139,0.1124,0.1139,0.0000,0.8410,0.5516,-0.6348,11
2026-03-21T04:23:43.446691,4,0.5947,0.4376,0.5947,0.0000,1.1103,1.0177,-0.4439,37
2026-03-21T04:23:43.514956,0,0.2370,0.1818,0.2370,0.0000,0.7865,-0.2773,-0.7360,19
2026-03-21T04:23:43.514956,1,0.0939,0.0939,0.0793,0.0000,0.9593,-0.1163,-0.9522,7
2026-03-21T04:23:43.514956,2,0.0556,0.0556,0.0490,0.0000,0.7792,-0.0135,-0.7790,5
2026-03-21T04:23:43.514956,3,0.0719,0.0646,0.0719,0.0000,1.2556,0.4903,-1.1559,5
2026-03-21T04:23:43.514956,4,0.1045,0.0941,0.1045,0.0000,0.8553,0.5204,-0.6788,10
2026-03-21T04:23:43.514956,5,0.5172,0.4779,0.5172,0.0000,1.1274,0.9898,-0.5397,35
2026-03-21T04:23:43.583978,0,0.2383,0.1272,0.2383,0.0000,0.7284,-0.2686,-0.6770,17
2026-03-21T04:23:43.583978,1,0.1100,0.1100,0.0489,0.0000,0.7569,-0.0397,-0.7558,9
2026-03-21T04:23:43.583978,2,0.0723,0.0629,0.0723,0.0000,1.2342,0.4819,-1.1363,5
2026-03-21T04:23:43.583978,3,0.1355,0.1012,0.1355,0.0000,0.8887,0.4961,-0.7374,11
2026-03-21T04:23:43.583978,4,0.4649,0.4649,0.4643,0.0000,1.1556,0.9783,-0.6151,32
2026-03-21T04:23:43.653083,0,0.2504,0.1148,0.2504,0.0000,0.7012,-0.2580,-0.6520,17
2026-03-21T04:23:43.653083,1,0.1221,0.1221,0.0667,0.0000,0.7518,-0.0458,-0.7504,10
2026-03-21T04:23:43.653083,2,0.0669,0.0656,0.0669,0.0000,1.2394,0.4840,-1.1410,5
2026-03-21T04:23:43.653083,3,0.1038,0.0868,0.1038,0.0000,0.9075,0.5070,-0.7527,9
2026-03-21T04:23:43.653083,4,0.4832,0.4832,0.4417,0.0000,1.1871,0.9881,-0.6580,31
2026-03-21T04:23:43.653083,5,0.0783,0.0783,0.0178,0.0000,1.0301,0.3526,0.9679,5
2026-03-21T04:23:43.723159,0,0.2560,0.1023,0.2560,0.0000,0.6660,-0.2447,-0.6194,17
2026-03-21T04:23:43.723159,1,0.1362,0.1362,0.0606,0.0000,0.7481,-0.0522,-0.7463,11
2026-03-21T04:23:43.723159,2,0.2026,0.2026,0.1951,0.0000,1.2526,0.4876,-1.1538,13
2026-03-21T04:23:43.723159,3,0.0516,0.0516,0.0442,0.0000,0.9305,0.5337,-0.7622,5
2026-03-21T04:23:43.723159,4,0.4647,0.4647,0.3756,0.0000,1.2127,0.9655,-0.7338,28
2026-03-21T04:23:43.792333,0,0.2510,0.0951,0.2510,0.0000,0.6344,-0.2327,-0.5902,17
2026-03-21T04:23:43.792333,1,0.1337,0.1337,0.0519,0.0000,0.7387,-0.0516,-0.7369,11
2026-03-21T04:23:43.792333,2,0.7154,0.7154,0.5726,0.0000,1.2193,0.7417,-0.9678,42
2026-03-21T04:23:43.862117,0,0.2468,0.0902,0.2468,0.0000,0.6139,-0.2252,-0.5711,17
2026-03-21T04:23:43.862117,1,0.1346,0.1346,0.0604,0.0000,0.7340,-0.0516,-0.7322,11
2026-03-21T04:23:43.862117,2,0.7384,0.7384,0.5574,0.0000,1.2359,0.7710,-0.9660,42
2026-03-21T04:23:43.932900,0,0.2367,0.0915,0.2367,0.0000,0.6010,-0.2206,-0.5591,17
2026-03-21T04:23:43.932900,1,0.1307,0.1307,0.0593,0.0000,0.7271,-0.0378,-0.7261,11
2026-03-21T04:23:43.932900,2,0.6997,0.6997,0.4992,0.0032,1.2440,0.7133,-1.0192,39
2026-03-21T04:23:43.932900,3,0.0715,0.0715,0.0657,0.0000,1.0121,0.4908,0.8851,5
2026-03-21T04:23:44.003361,0,0.2773,0.1022,0.2773,0.0000,0.6010,-0.2094,-0.5633,19
2026-03-21T04:23:44.003361,1,0.1475,0.1475,0.0624,0.0000,0.7236,-0.0445,-0.7222,12
2026-03-21T04:23:44.003361,2,0.7767,0.7767,0.5270,0.0277,1.2523,0.7099,-1.0317,42
2026-03-21T04:23:44.073143,0,0.2336,0.0838,0.2336,0.0000,0.5799,-0.2129,-0.5395,17
2026-03-21T04:23:44.073143,1,0.1780,0.1780,0.0617,0.0000,0.7227,-0.0583,-0.7204,14
2026-03-21T04:23:44.073143,2,0.7961,0.7961,0.5116,0.0539,1.2587,0.6764,-1.0615,42
2026-03-21T04:23:44.073143,3,0.1888,0.1888,0.0624,0.0000,0.9138,0.3954,0.8238,10
2026-03-21T04:23:44.142963,0,0.2791,0.0986,0.2791,0.0000,0.5923,-0.2063,-0.5552,19
2026-03-21T04:23:44.142963,1,0.1430,0.1430,0.0505,0.0000,0.7144,-0.0436,-0.7131,12
2026-03-21T04:23:44.142963,2,0.6892,0.6892,0.4085,0.0035,1.2645,0.6805,-1.0657,36
2026-03-21T04:23:44.142963,3,0.1021,0.1021,0.0295,0.0000,0.9356,0.4324,0.8297,6
2026-03-21T04:23:44.213051,0,0.1787,0.0756,0.1787,0.0000,0.5552,-0.2142,-0.5122,15
2026-03-21T04:23:44.213051,1,0.1926,0.1926,0.0889,0.0000,0.7120,-0.0712,-0.7084,16
2026-03-21T04:23:44.213051,2,0.7825,0.7825,0.4533,0.0566,1.2697,0.6448,-1.0938,40
2026-03-21T04:23:44.213051,3,0.0756,0.0756,0.0291,0.0000,0.9017,0.4098,0.8032,5
2026-03-21T04:23:44.282767,0,0.1722,0.0758,0.1722,0.0000,0.5435,-0.2101,-0.5012,15
2026-03-21T04:23:44.282767,1,0.1269,0.1269,0.0328,0.0000,0.7055,-0.0492,-0.7038,11
2026-03-21T04:23:44.282767,2,0.5990,0.5990,0.3327,0.0264,1.2746,0.5980,-1.1257,31
2026-03-21T04:23:44.282767,3,0.1399,0.1399,0.0292,0.0000,0.8817,0.4063,0.7824,8
2026-03-21T04:23:44.351068,0,0.1383,0.0844,0.1383,0.0000,0.5346,-0.2074,-0.4927,15
2026-03-21T04:23:44.351068,1,0.1566,0.1566,0.0651,0.0000,0.7114,-0.0628,-0.7086,13
2026-03-21T04:23:44.351068,2,0.6733,0.6733,0.3625,0.0678,1.2858,0.5729,-1.1511,34
2026-03-21T04:23:44.351068,3,0.0448,0.0448,0.0221,0.0000,1.3549,0.9581,-0.9580,3
2026-03-21T04:23:44.351068,4,0.1516,0.1516,0.0659,0.0000,0.8659,0.4078,0.7639,9
2026-03-21T04:23:44.421873,0,0.1360,0.0849,0.1360,0.0000,0.5288,-0.2052,-0.4873,15
2026-03-21T04:23:44.421873,1,0.1400,0.1400,0.0546,0.0000,0.7034,-0.0551,-0.7013,12
2026-03-21T04:23:44.421873,2,0.6885,0.6885,0.3368,0.0448,1.2901,0.5966,-1.1438,34
2026-03-21T04:23:44.421873,3,0.0784,0.0784,0.0221,0.0000,0.8955,0.4615,0.7675,5
2026-03-21T04:23:44.421873,4,0.0479,0.0479,0.0233,0.0000,0.8316,0.3712,0.7441,4
2026-03-21T04:23:44.491715,0,0.1210,0.0894,0.1210,0.0000,0.5246,-0.2039,-0.4833,15
2026-03-21T04:23:44.491715,1,0.1751,0.1751,0.0715,0.0000,0.7062,-0.0686,-0.7029,14
2026-03-21T04:23:44.491715,2,0.5938,0.5938,0.2652,0.0093,1.2988,0.6117,-1.1457,29
2026-03-21T04:23:44.491715,3,0.1243,0.1243,0.0281,0.0000,0.8800,0.4539,0.7539,7
2026-03-21T04:23:44.560708,0,0.1436,0.0937,0.1436,0.0000,0.5216,-0.1982,-0.4825,16
2026-03-21T04:23:44.560708,1,0.1559,0.1559,0.0523,0.0000,0.7029,-0.0742,-0.6990,13
2026-03-21T04:23:44.560708,2,0.6061,0.6061,0.2601,0.0576,1.3159,0.5571,-1.1921,29
2026-03-21T04:23:44.560708,3,0.1343,0.1343,0.0354,0.0000,0.8708,0.4558,0.7420,8
2026-03-21T04:23:44.629982,0,0.1262,0.0948,0.1262,0.0000,0.5140,-0.1956,-0.4753,16
2026-03-21T04:23:44.629982,1,0.1368,0.1368,0.0616,0.0000,0.6987,-0.0545,-0.6966,12
2026-03-21T04:23:44.629982,2,0.0890,0.0197,0.0890,0.0000,0.1042,0.0169,-0.1028,5
2026-03-21T04:23:44.629982,3,0.5246,0.5246,0.2100,0.0480,1.3267,0.5405,-1.2116,25
2026-03-21T04:23:44.629982,4,0.1149,0.1149,0.0294,0.0000,0.8698,0.4742,0.7291,7
2026-03-21T04:23:44.700080,0,0.1566,0.0942,0.1566,0.0000,0.5132,-0.1908,-0.4764,17
2026-03-21T04:23:44.700080,1,0.1365,0.1365,0.0545,0.0000,0.6946,-0.0543,-0.6925,12
2026-03-21T04:23:44.700080,2,0.5565,0.5565,0.2047,0.0556,1.3316,0.5326,-1.2204,26
2026-03-21T04:23:44.700080,3,0.1541,0.1541,0.0375,0.0000,0.8586,0.4671,0.7204,9
2026-03-21T04:23:44.769463,0,0.1302,0.1002,0.1302,0.0000,0.5077,-0.1891,-0.4712,17
2026-03-21T04:23:44.769463,1,0.1216,0.1216,0.0465,0.0000,0.6906,-0.0478,-0.6889,11
2026-03-21T04:23:44.769463,2,0.5408,0.5408,0.1780,0.0566,1.3337,0.5010,-1.2361,25
2026-03-21T04:23:44.769463,3,0.1675,0.1675,0.0423,0.0000,0.8630,0.4884,0.7115,10
2026-03-21T04:23:44.839428,0,0.1312,0.0977,0.1312,0.0000,0.5002,-0.1861,-0.4643,17
2026-03-21T04:23:44.839428,1,0.1650,0.1650,0.0436,0.0000,0.6945,-0.0616,-0.6917,13
2026-03-21T04:23:44.839428,2,0.4331,0.4331,0.1250,0.0392,1.3370,0.4912,-1.2435,20
2026-03-21T04:23:44.839428,3,0.1639,0.1639,0.0273,0.0000,0.8458,0.4802,0.6963,10
2026-03-21T04:23:44.909243,0,0.1547,0.1035,0.1547,0.0000,0.4997,-0.1819,-0.4654,18
2026-03-21T04:23:44.909243,1,0.1595,0.1595,0.0445,0.0000,0.6892,-0.0559,-0.6870,12
2026-03-21T04:23:44.909243,2,0.3142,0.3142,0.0932,0.0283,1.3321,0.4561,-1.2515,15
2026-03-21T04:23:44.909243,3,0.0455,0.0455,0.0161,0.0000,1.3645,0.6616,-1.1934,3
2026-03-21T04:23:44.909243,4,0.1297,0.1297,0.0197,0.0000,0.8474,0.4929,0.6894,8
2026-03-21T04:23:44.978190,0,0.1585,0.1029,0.1585,0.0000,0.5023,-0.1827,-0.4678,18
2026-03-21T04:23:44.978190,1,0.1605,0.1605,0.0566,0.0000,0.6889,-0.0608,-0.6862,13
2026-03-21T04:23:44.978190,2,0.4323,0.4323,0.1237,0.0458,1.3342,0.4684,-1.2493,20
2026-03-21T04:23:44.978190,3,0.1360,0.1360,0.0423,0.0000,0.8374,0.4812,0.6853,9
2026-03-21T04:23:45.048106,0,0.1209,0.1013,0.1209,0.0000,0.4972,-0.1855,-0.4614,17
2026-03-21T04:23:45.048106,1,0.1621,0.1621,0.0599,0.0000,0.6905,-0.0619,-0.6877,13
2026-03-21T04:23:45.048106,2,0.4565,0.4565,0.1274,0.0521,1.3335,0.4573,-1.2527,21
2026-03-21T04:23:45.048106,3,0.1320,0.1320,0.0271,0.0000,0.8290,0.4823,0.6742,8
2026-03-21T04:23:45.117553,0,0.1224,0.1021,0.1224,0.0000,0.4992,-0.1861,-0.4632,17
2026-03-21T04:23:45.117553,1,0.1618,0.1618,0.0836,0.0000,0.6922,-0.0660,-0.6891,14
2026-03-21T04:23:45.117553,2,0.0548,0.0060,0.0548,0.0000,0.1016,0.0139,-0.1006,5
2026-03-21T04:23:45.117553,3,0.4342,0.4342,0.1192,0.0439,1.3348,0.4689,-1.2497,20
2026-03-21T04:23:45.117553,4,0.1580,0.1580,0.0259,0.0000,0.8373,0.4933,0.6765,9
2026-03-21T04:23:45.187952,0,0.1397,0.0973,0.1397,0.0000,0.4976,-0.1854,-0.4618,17
2026-03-21T04:23:45.187952,1,0.1628,0.1628,0.0719,0.0000,0.6898,-0.0607,-0.6871,13
2026-03-21T04:23:45.187952,2,0.4098,0.4098,0.1124,0.0419,1.3347,0.4574,-1.2539,19
2026-03-21T04:23:45.187952,3,0.0477,0.0477,0.0147,0.0000,1.3872,0.7145,-1.1890,3
2026-03-21T04:23:45.187952,4,0.1322,0.1322,0.0216,0.0000,0.8448,0.5034,0.6785,8
2026-03-21T04:23:45.257656,0,0.1207,0.1031,0.1207,0.0000,0.5000,-0.1866,-0.4639,17
2026-03-21T04:23:45.257656,1,0.1339,0.1339,0.0789,0.0000,0.6901,-0.0533,-0.6881,12
2026-03-21T04:23:45.257656,2,0.4581,0.4581,0.1221,0.0380,1.3334,0.4795,-1.2442,21
2026-03-21T04:23:45.257656,3,0.1599,0.1599,0.0456,0.0000,0.8453,0.5039,0.6787,10
2026-03-21T04:23:45.326756,0,0.1089,0.0971,0.1089,0.0000,0.5017,-0.1914,-0.4638,16
2026-03-21T04:23:45.326756,1,0.1472,0.1472,0.0744,0.0000,0.6920,-0.0619,-0.6892,11
2026-03-21T04:23:45.326756,2,0.4083,0.4083,0.1087,0.0321,1.3266,0.4549,-1.2462,19
2026-03-21T04:23:45.326756,3,0.1649,0.1649,0.0495,0.0000,0.8439,0.5031,0.6776,10
2026-03-21T04:23:45.396908,0,0.1230,0.0977,0.1230,0.0000,0.5063,-0.1930,-0.4681,16
2026-03-21T04:23:45.396908,1,0.0945,0.0945,0.0516,0.0000,0.6904,-0.0597,-0.6878,9
2026-03-21T04:23:45.396908,2,0.4081,0.4081,0.1090,0.0216,1.3241,0.4759,-1.2357,19
2026-03-21T04:23:45.396908,3,0.1628,0.1628,0.0269,0.0000,0.8456,0.5159,0.6700,10
2026-03-21T04:23:45.466898,0,0.1302,0.0930,0.1302,0.0000,0.5152,-0.2005,-0.4746,15
2026-03-21T04:23:45.466898,1,0.0931,0.0931,0.0792,0.0000,0.6996,-0.0724,-0.6959,9
2026-03-21T04:23:45.466898,2,0.4070,0.4070,0.0988,0.0134,1.3109,0.4496,-1.2313,19
2026-03-21T04:23:45.466898,3,0.1861,0.1861,0.0227,0.0000,0.8430,0.5376,0.6494,10
2026-03-21T04:23:45.537122,0,0.1069,0.1069,0.0702,0.0000,0.5254,-0.2093,-0.4819,14
2026-03-21T04:23:45.537122,1,0.1019,0.1019,0.0686,0.0000,0.7095,-0.1032,-0.7019,7
2026-03-21T04:23:45.537122,2,0.1506,0.1506,0.0544,0.0000,1.0858,0.0181,-1.0856,9
2026-03-21T04:23:45.537122,3,0.3579,0.3579,0.0701,0.0000,1.2579,0.5137,-1.1482,17
2026-03-21T04:23:45.537122,4,0.1476,0.1476,0.0249,0.0000,0.8363,0.5606,0.6206,9
2026-03-21T04:23:45.606062,0,0.1279,0.0937,0.1279,0.0000,0.5256,-0.2042,-0.4843,15
2026-03-21T04:23:45.606062,1,0.1038,0.1038,0.0653,0.0000,1.0279,0.0710,-1.0255,7
2026-03-21T04:23:45.606062,2,0.1614,0.1614,0.0352,0.0000,0.9909,0.2484,-0.9593,10
2026-03-21T04:23:45.606062,3,0.2316,0.2316,0.0320,0.0000,1.2703,0.5580,-1.1412,11
2026-03-21T04:23:45.606062,4,0.1495,0.1495,0.0211,0.0000,0.8438,0.5923,0.6010,8
2026-03-21T04:23:45.675981,0,0.1343,0.0972,0.1343,0.0000,0.5052,-0.1870,-0.4694,17
2026-03-21T04:23:45.675981,1,0.0591,0.0587,0.0591,0.0000,0.7532,-0.0978,-0.7468,6
2026-03-21T04:23:45.675981,2,0.3109,0.3109,0.0303,0.0000,0.9099,0.1354,-0.8998,20
2026-03-21T04:23:45.675981,3,0.2088,0.2088,0.0222,0.0000,1.2481,0.5383,-1.1261,10
2026-03-21T04:23:45.675981,4,0.1662,0.1662,0.0574,0.0000,0.8587,0.6131,0.6012,10
2026-03-21T04:23:45.745120,0,0.1599,0.0812,0.1599,0.0000,0.4965,-0.1827,-0.4616,17
2026-03-21T04:23:45.745120,1,0.3621,0.3621,0.2151,0.0000,0.8468,0.0525,-0.8452,25
2026-03-21T04:23:45.745120,2,0.3020,0.3020,0.0266,0.0000,1.2384,0.4959,-1.1348,14
2026-03-21T04:23:45.745120,3,0.1130,0.1130,0.0856,0.0000,0.8589,0.6231,0.5911,10
2026-03-21T04:23:45.815304,0,0.2246,0.1128,0.2246,0.0000,0.5023,-0.1688,-0.4731,20
2026-03-21T04:23:45.815304,1,0.2744,0.2744,0.1834,0.0000,0.8511,0.0499,-0.8497,19
2026-03-21T04:23:45.815304,2,0.2893,0.2893,0.0382,0.0000,1.2247,0.4504,-1.1389,14
2026-03-21T04:23:45.815304,3,0.1293,0.1293,0.0836,0.0000,0.8910,0.6778,0.5783,10
2026-03-21T04:23:45.884201,0,0.1642,0.1642,0.0651,0.0000,0.5746,-0.1315,-0.5594,16
2026-03-21T04:23:45.884201,1,0.0777,0.0777,0.0713,0.0000,0.8784,0.0084,-0.8784,6
2026-03-21T04:23:45.884201,2,0.3555,0.3555,0.0282,0.0000,1.2186,0.4192,-1.1442,17
2026-03-21T04:23:45.884201,3,0.0810,0.0628,0.0810,0.0000,0.9843,0.8062,0.5646,7
2026-03-21T04:23:45.953949,0,0.0905,0.0153,0.0905,0.0000,0.4107,-0.1922,-0.3629,5
2026-03-21T04:23:45.953949,1,0.1869,0.1869,0.1261,0.0000,0.5778,-0.1474,-0.5587,20
2026-03-21T04:23:45.953949,2,0.1207,0.1207,0.0361,0.0000,1.1533,0.0205,-1.1531,7
2026-03-21T04:23:45.953949,3,0.4078,0.4078,0.0204,0.0000,1.2299,0.4241,-1.1544,19
2026-03-21T04:23:45.953949,4,0.0896,0.0363,0.0896,0.0000,1.0322,0.8402,0.5996,6
2026-03-21T04:23:46.022623,0,0.1018,0.0845,0.1018,0.0000,0.5813,-0.1933,-0.5482,12
2026-03-21T04:23:46.022623,1,0.0690,0.0690,0.0324,0.0000,0.5760,-0.0650,-0.5724,8
2026-03-21T04:23:46.022623,2,0.1225,0.1225,0.0157,0.0000,1.1614,0.0408,-1.1607,7
2026-03-21T04:23:46.022623,3,0.3108,0.3108,0.0166,0.0000,1.2222,0.3795,-1.1618,15
2026-03-21T04:23:46.022623,4,0.0611,0.0382,0.0611,0.0000,1.0107,0.8279,0.5797,5
2026-03-21T04:23:46.092547,0,0.1193,0.1010,0.1193,0.0000,0.5627,-0.1866,-0.5309,14
2026-03-21T04:23:46.092547,1,0.0794,0.0780,0.0794,0.0000,0.5782,-0.0496,-0.5760,9
2026-03-21T04:23:46.092547,2,0.0820,0.0820,0.0111,0.0000,1.1666,0.0408,-1.1659,5
2026-03-21T04:23:46.092547,3,0.2953,0.2953,0.0091,0.0000,1.2367,0.3943,-1.1722,14
2026-03-21T04:23:46.162559,0,0.1140,0.1086,0.1140,0.0000,0.5651,-0.1865,-0.5334,14
2026-03-21T04:23:46.162559,1,0.0776,0.0776,0.0551,0.0000,0.5699,-0.0492,-0.5677,9
2026-03-21T04:23:46.162559,2,0.0821,0.0821,0.0073,0.0000,1.1718,0.0409,-1.1711,5
2026-03-21T04:23:46.162559,3,0.2752,0.2752,0.0089,0.0000,1.2425,0.4062,-1.1742,13
2026-03-21T04:23:46.162559,4,0.1131,0.0563,0.1131,0.0000,0.9703,0.8135,0.5288,7
2026-03-21T04:23:46.232747,0,0.1101,0.1101,0.1093,0.0000,0.5599,-0.1808,-0.5299,15
2026-03-21T04:23:46.232747,1,0.0887,0.0887,0.0740,0.0000,0.5708,-0.0441,-0.5691,10
2026-03-21T04:23:46.232747,2,0.1034,0.1034,0.0122,0.0000,1.1756,0.0719,-1.1734,6
2026-03-21T04:23:46.232747,3,0.2942,0.2942,0.0104,0.0000,1.2382,0.3740,-1.1804,14
2026-03-21T04:23:46.232747,4,0.0930,0.0343,0.0930,0.0000,0.9474,0.7898,0.5232,6
2026-03-21T04:23:46.302628,0,0.2361,0.2361,0.1247,0.0000,0.5389,-0.1268,-0.5238,25
2026-03-21T04:23:46.302628,1,0.2742,0.2742,0.0142,0.0000,1.2461,0.3659,-1.1912,13
2026-03-21T04:23:46.302628,2,0.0641,0.0313,0.0641,0.0000,0.9209,0.7722,0.5018,5
2026-03-21T04:23:46.371936,0,0.2461,0.2461,0.1923,0.0000,0.5295,-0.1267,-0.5141,29
2026-03-21T04:23:46.371936,1,0.2512,0.2512,0.0098,0.0000,1.2512,0.3567,-1.1993,12
2026-03-21T04:23:46.371936,2,0.1047,0.0174,0.1047,0.0000,0.9033,0.7440,0.5122,6
2026-03-21T04:23:46.441516,0,0.2645,0.2645,0.1973,0.0000,0.5176,-0.1238,-0.5026,31
2026-03-21T04:23:46.441516,1,0.1849,0.1849,0.0115,0.0000,1.2584,0.3476,-1.2094,9
2026-03-21T04:23:46.441516,2,0.0801,0.0733,0.0801,0.0000,0.8679,0.7108,0.4980,7
2026-03-21T04:23:46.512379,0,0.2768,0.2768,0.1467,0.0000,0.5065,-0.1176,-0.4926,31
2026-03-21T04:23:46.512379,1,0.1625,0.1625,0.0101,0.0000,1.2724,0.3406,-1.2259,8
2026-03-21T04:23:46.512379,2,0.1648,0.1648,0.0956,0.0000,0.8656,0.7226,0.4765,12
2026-03-21T04:23:46.581024,0,0.3017,0.3017,0.1255,0.0000,0.4980,-0.1068,-0.4864,33
2026-03-21T04:23:46.581024,1,0.1667,0.1667,0.0143,0.0000,1.2847,0.3441,-1.2378,8
2026-03-21T04:23:46.581024,2,0.1681,0.1681,0.1177,0.0000,0.8180,0.6669,0.4736,14
2026-03-21T04:23:46.650974,0,0.3258,0.3258,0.0799,0.0000,0.5054,-0.1060,-0.4942,34
2026-03-21T04:23:46.650974,1,0.1646,0.1646,0.0118,0.0000,1.2805,0.3429,-1.2337,8
2026-03-21T04:23:46.650974,2,0.2139,0.2139,0.0788,0.0000,0.8391,0.7204,0.4301,13
2026-03-21T04:23:46.720788,0,0.3437,0.3437,0.0655,0.0000,0.5177,-0.1094,-0.5060,36
2026-03-21T04:23:46.720788,1,0.1397,0.1397,0.0104,0.0000,1.2684,0.3073,-1.2306,7
2026-03-21T04:23:46.720788,2,0.1801,0.1801,0.1079,0.0000,0.8391,0.7279,0.4176,13
2026-03-21T04:23:46.790764,0,0.3463,0.3463,0.0540,0.0000,0.5181,-0.1104,-0.5062,35
2026-03-21T04:23:46.790764,1,0.1158,0.1158,0.0041,0.0000,1.2723,0.3189,-1.2317,6
2026-03-21T04:23:46.790764,2,0.1882,0.1882,0.1018,0.0000,0.8489,0.7508,0.3961,13
2026-03-21T04:23:46.861090,0,0.3478,0.3478,0.0484,0.0000,0.5318,-0.1143,-0.5194,34
2026-03-21T04:23:46.861090,1,0.1665,0.1665,0.0139,0.0000,1.2803,0.3429,-1.2336,8
2026-03-21T04:23:46.861090,2,0.0638,0.0587,0.0638,0.0000,0.8175,0.7184,0.3900,6
2026-03-21T04:23:46.929520,0,0.3690,0.3690,0.0502,0.0000,0.5479,-0.1199,-0.5346,36
2026-03-21T04:23:46.929520,1,0.1591,0.1591,0.0049,0.0000,1.2559,0.2937,-1.2210,8
2026-03-21T04:23:46.929520,2,0.1185,0.1185,0.0560,0.0000,0.9216,0.8549,0.3442,7
2026-03-21T04:23:46.998887,0,0.3245,0.3245,0.0755,0.0000,0.5411,-0.1201,-0.5276,33
2026-03-21T04:23:46.998887,1,0.1837,0.1837,0.0110,0.0000,1.2568,0.3261,-1.2138,9
2026-03-21T04:23:47.068845,0,0.3287,0.3287,0.1073,0.0000,0.5422,-0.1189,-0.5290,34
2026-03-21T04:23:47.068845,1,0.2076,0.2076,0.0153,0.0000,1.2537,0.3361,-1.2078,10
2026-03-21T04:23:47.138671,0,0.3189,0.3189,0.1198,0.0000,0.5487,-0.1242,-0.5344,33
2026-03-21T04:23:47.138671,1,0.2559,0.2559,0.0132,0.0000,1.2550,0.3580,-1.2029,12
2026-03-21T04:23:47.207943,0,0.3138,0.3138,0.0945,0.0000,0.5577,-0.1381,-0.5403,29
2026-03-21T04:23:47.207943,1,0.2533,0.2533,0.0138,0.0000,1.2453,0.3552,-1.1936,12
2026-03-21T04:23:47.277507,0,0.2670,0.2670,0.0881,0.0000,0.5795,-0.1204,-0.5668,26
2026-03-21T04:23:47.277507,1,0.2724,0.2724,0.0147,0.0000,1.2355,0.3628,-1.1810,13
2026-03-21T04:23:47.347077,0,0.1354,0.1354,0.0491,0.0000,0.7516,-0.3182,-0.6809,11
2026-03-21T04:23:47.347077,1,0.1754,0.1754,0.0643,0.0000,0.6217,-0.1163,-0.6108,14
2026-03-21T04:23:47.347077,2,0.1224,0.1224,0.0207,0.0000,1.1596,0.0406,-1.1589,7
2026-03-21T04:23:47.347077,3,0.2928,0.2928,0.0105,0.0000,1.2276,0.3709,-1.1702,14
2026-03-21T04:23:47.347077,4,0.0648,0.0648,0.0510,0.0000,1.0199,0.9458,0.3817,5
2026-03-21T04:23:47.417137,0,0.1761,0.1761,0.1205,0.0000,0.7951,-0.2913,-0.7398,16
2026-03-21T04:23:47.417137,1,0.2212,0.2212,0.0278,0.0000,1.1524,-0.0098,-1.1524,12
2026-03-21T04:23:47.417137,2,0.3356,0.3356,0.0145,0.0000,1.2223,0.3901,-1.1583,16
2026-03-21T04:23:47.417137,3,0.0668,0.0367,0.0668,0.0000,1.0375,0.9550,0.4053,5
2026-03-21T04:23:47.486787,0,0.0948,0.0948,0.0492,0.0000,0.8168,-0.2230,-0.7858,7
2026-03-21T04:23:47.486787,1,0.1815,0.1815,0.0141,0.0000,1.1537,0.0101,-1.1537,10
2026-03-21T04:23:47.486787,2,0.3088,0.3088,0.0196,0.0000,1.2097,0.3957,-1.1431,15
2026-03-21T04:23:47.556508,0,0.1408,0.1408,0.0318,0.0000,1.1535,-0.4972,-1.0408,8
2026-03-21T04:23:47.556508,1,0.0712,0.0712,0.0534,0.0000,0.8768,-0.0988,-0.8712,6
2026-03-21T04:23:47.556508,2,0.1410,0.1410,0.0135,0.0000,1.1531,0.0302,-1.1527,8
2026-03-21T04:23:47.556508,3,0.3749,0.3749,0.0360,0.0000,1.2114,0.4469,-1.1260,18
2026-03-21T04:23:47.626670,0,0.1242,0.1242,0.0210,0.0000,1.1404,-0.4277,-1.0572,7
2026-03-21T04:23:47.626670,1,0.1505,0.1505,0.0507,0.0000,0.8608,-0.1046,-0.8544,11
2026-03-21T04:23:47.626670,2,0.0806,0.0806,0.0173,0.0000,1.1487,0.0402,-1.1479,5
2026-03-21T04:23:47.626670,3,0.4824,0.4824,0.0640,0.0000,1.2024,0.4741,-1.1050,23
2026-03-21T04:23:47.696504,0,0.1344,0.1344,0.0184,0.0000,1.1503,-0.3941,-1.0807,7
2026-03-21T04:23:47.696504,1,0.1523,0.1523,0.0485,0.0000,0.8579,-0.0597,-0.8558,11
2026-03-21T04:23:47.696504,2,0.4537,0.4537,0.0998,0.0000,1.1760,0.4626,-1.0812,23
2026-03-21T04:23:47.696504,3,0.0477,0.0477,0.0100,0.0000,1.2725,0.7481,-1.0294,3
2026-03-21T04:23:47.765993,0,0.0897,0.0897,0.0097,0.0000,1.1770,-0.3640,-1.1193,5
2026-03-21T04:23:47.765993,1,0.1537,0.1537,0.0401,0.0000,0.8600,0.0003,-0.8600,11
2026-03-21T04:23:47.765993,2,0.5768,0.5768,0.1561,0.0000,1.1685,0.5169,-1.0479,29
2026-03-21T04:23:47.836221,0,0.1064,0.0452,0.1064,0.0000,0.7802,-0.3536,-0.6955,7
2026-03-21T04:23:47.836221,1,0.0706,0.0706,0.0692,0.0000,1.2060,-0.3923,-1.1404,5
2026-03-21T04:23:47.836221,2,0.1551,0.1551,0.0430,0.0000,0.8671,0.0607,-0.8650,11
2026-03-21T04:23:47.836221,3,0.6391,0.6391,0.2142,0.0000,1.1527,0.5459,-1.0152,33
2026-03-21T04:23:47.905840,0,0.0738,0.0738,0.0694,0.0000,0.7801,-0.3478,-0.6983,8
2026-03-21T04:23:47.905840,1,0.0760,0.0760,0.0253,0.0000,1.0707,-0.0376,-1.0700,5
2026-03-21T04:23:47.905840,2,0.1696,0.1696,0.0586,0.0000,0.8736,0.1139,-0.8661,12
2026-03-21T04:23:47.905840,3,0.6643,0.6643,0.2740,0.0000,1.1528,0.6339,-0.9629,35
2026-03-21T04:23:47.975557,0,0.0702,0.0702,0.0694,0.0000,0.7937,-0.3226,-0.7251,7
2026-03-21T04:23:47.975557,1,0.0678,0.0178,0.0678,0.0000,0.1135,-0.0210,-0.1115,6
2026-03-21T04:23:47.975557,2,0.0725,0.0725,0.0345,0.0000,1.0509,0.0364,-1.0502,5
2026-03-21T04:23:47.975557,3,0.1655,0.1655,0.0725,0.0000,0.8746,0.1739,-0.8571,12
2026-03-21T04:23:47.975557,4,0.6447,0.6447,0.3015,0.0000,1.1453,0.6788,-0.9225,35
2026-03-21T04:23:48.045240,0,0.0843,0.0594,0.0843,0.0000,1.0402,-0.4636,-0.9312,6
2026-03-21T04:23:48.045240,1,0.1688,0.1688,0.0762,0.0000,0.8688,0.2321,-0.8372,12
2026-03-21T04:23:48.045240,2,0.6056,0.6056,0.3250,0.0000,1.1405,0.7305,-0.8758,34
2026-03-21T04:23:48.045240,3,0.0390,0.0390,0.0284,0.0000,1.2809,1.0863,-0.6787,3
2026-03-21T04:23:48.113408,0,0.0512,0.0512,0.0476,0.0000,0.9697,-0.4552,-0.8562,5
2026-03-21T04:23:48.113408,1,0.1512,0.1512,0.1026,0.0000,0.8650,0.2882,-0.8156,12
2026-03-21T04:23:48.113408,2,0.6130,0.6130,0.4061,0.0000,1.1431,0.8209,-0.7955,36
2026-03-21T04:23:48.183830,0,0.0773,0.0754,0.0773,0.0000,0.9633,-0.3914,-0.8802,7
2026-03-21T04:23:48.183830,1,0.1666,0.1666,0.0329,0.0000,1.1793,-0.0825,-1.1765,9
2026-03-21T04:23:48.183830,2,0.1355,0.1355,0.0821,0.0000,0.8587,0.3627,-0.7783,11
2026-03-21T04:23:48.183830,3,0.5767,0.5767,0.4537,0.0000,1.1425,0.8868,-0.7204,36
2026-03-21T04:23:48.253526,0,0.0655,0.0523,0.0655,0.0000,0.8818,-0.4068,-0.7823,6
2026-03-21T04:23:48.253526,1,0.1133,0.0837,0.1133,0.0000,0.9541,-0.3175,-0.8997,8
2026-03-21T04:23:48.253526,2,0.2280,0.2280,0.0434,0.0000,1.1758,-0.0102,-1.1757,12
2026-03-21T04:23:48.253526,3,0.1549,0.1549,0.1220,0.0000,0.8617,0.4173,-0.7540,13
2026-03-21T04:23:48.253526,4,0.4888,0.4888,0.4396,0.0000,1.1330,0.9083,-0.6772,33
2026-03-21T04:23:48.323882,0,0.2301,0.1704,0.2301,0.0000,0.8570,-0.3174,-0.7961,17
2026-03-21T04:23:48.323882,1,0.1416,0.1416,0.0212,0.0000,1.1676,0.0509,-1.1665,8
2026-03-21T04:23:48.323882,2,0.1388,0.1311,0.1388,0.0000,0.8620,0.4813,-0.7151,13
2026-03-21T04:23:48.323882,3,0.5684,0.5108,0.5684,0.0000,1.1459,1.0068,-0.5472,37
2026-03-21T04:23:48.393052,0,0.1356,0.0684,0.1356,0.0000,0.7405,-0.3058,-0.6744,10
2026-03-21T04:23:48.393052,1,0.0744,0.0581,0.0744,0.0000,0.8365,-0.2371,-0.8022,6
2026-03-21T04:23:48.393052,2,0.1591,0.1591,0.1429,0.0000,0.9781,-0.0830,-0.9745,11
2026-03-21T04:23:48.393052,3,0.1050,0.1050,0.0065,0.0000,1.1695,0.2733,-1.1371,6
2026-03-21T04:23:48.393052,4,0.0808,0.0289,0.0808,0.0000,0.9747,0.5305,-0.8177,5
2026-03-21T04:23:48.393052,5,0.1165,0.1165,0.1117,0.0000,0.8605,0.5644,-0.6495,11
2026-03-21T04:23:48.393052,6,0.5037,0.3911,0.5037,0.0000,1.1348,1.0180,-0.5014,32
2026-03-21T04:23:48.462352,0,0.2209,0.1090,0.2209,0.0000,0.7012,-0.2539,-0.6536,16
2026-03-21T04:23:48.462352,1,0.1975,0.1975,0.1827,0.0000,0.9052,-0.0355,-0.9045,14
2026-03-21T04:23:48.462352,2,0.1755,0.1755,0.0611,0.0000,1.1593,0.3292,-1.1116,10
2026-03-21T04:23:48.462352,3,0.1009,0.0946,0.1009,0.0000,0.8574,0.6220,-0.5902,10
2026-03-21T04:23:48.462352,4,0.5745,0.3806,0.5745,0.0000,1.1400,1.0703,-0.3925,34
2026-03-21T04:23:48.532249,0,0.2168,0.1056,0.2168,0.0000,0.6491,-0.2391,-0.6035,17
2026-03-21T04:23:48.532249,1,0.2521,0.2521,0.2129,0.0000,0.8340,-0.0012,-0.8340,18
2026-03-21T04:23:48.532249,2,0.0817,0.0817,0.0374,0.0000,0.7568,0.1703,-0.7374,7
2026-03-21T04:23:48.532249,3,0.1361,0.1361,0.0485,0.0000,1.1373,0.4169,-1.0582,8
2026-03-21T04:23:48.532249,4,0.1033,0.0589,0.1033,0.0000,1.2456,0.7405,-1.0016,6
2026-03-21T04:23:48.532249,5,0.0866,0.0101,0.0866,0.0000,0.9537,0.6622,-0.6864,5
2026-03-21T04:23:48.532249,6,0.1226,0.0733,0.1226,0.0000,0.8577,0.6710,-0.5342,10
2026-03-21T04:23:48.532249,7,0.5963,0.3051,0.5963,0.0000,1.1391,1.1021,-0.2880,33
2026-03-21T04:23:48.602215,0,0.1937,0.1022,0.1937,0.0000,0.6049,-0.2232,-0.5622,17
2026-03-21T04:23:48.602215,1,0.2980,0.2980,0.2078,0.0000,0.7766,0.0282,-0.7761,22
2026-03-21T04:23:48.602215,2,0.1094,0.1094,0.0470,0.0000,0.7368,0.2279,-0.7007,9
2026-03-21T04:23:48.602215,3,0.1401,0.1401,0.0358,0.0000,1.1272,0.5210,-0.9996,8
2026-03-21T04:23:48.602215,4,0.1238,0.0647,0.1238,0.0000,1.2400,0.8130,-0.9362,7
2026-03-21T04:23:48.602215,5,0.0823,0.0115,0.0823,0.0000,0.9477,0.7150,-0.6221,5
2026-03-21T04:23:48.602215,6,0.1334,0.0915,0.1334,0.0000,0.8554,0.7173,-0.4660,11
2026-03-21T04:23:48.602215,7,0.6612,0.2771,0.6612,0.0000,1.1401,1.1275,-0.1695,35
2026-03-21T04:23:48.671838,0,0.1535,0.1077,0.1535,0.0000,0.5659,-0.2090,-0.5259,17
2026-03-21T04:23:48.671838,1,0.3437,0.3437,0.2000,0.0000,0.7216,0.0601,-0.7191,27
2026-03-21T04:23:48.671838,2,0.1316,0.1316,0.0679,0.0000,0.7182,0.2809,-0.6610,11
2026-03-21T04:23:48.671838,3,0.0994,0.0994,0.0366,0.0000,1.1080,0.5956,-0.9343,6
2026-03-21T04:23:48.671838,4,0.1785,0.0629,0.1785,0.0000,1.2322,0.8855,-0.8568,9
2026-03-21T04:23:48.671838,5,0.0805,0.0047,0.0805,0.0000,0.9243,0.7569,-0.5305,5
2026-03-21T04:23:48.671838,6,0.1148,0.0830,0.1148,0.0000,0.8440,0.7487,-0.3896,10
2026-03-21T04:23:48.671838,7,0.6747,0.2427,0.6747,0.0000,1.1353,1.1332,-0.0698,35
2026-03-21T04:23:48.741944,0,0.5321,0.5321,0.3331,0.0000,0.6104,-0.0286,-0.6097,49
2026-03-21T04:23:48.741944,1,0.1079,0.1079,0.1074,0.0000,0.6959,0.3100,-0.6230,12
2026-03-21T04:23:48.741944,2,0.1592,0.0394,0.1592,0.0000,1.2108,0.9337,-0.7709,8
2026-03-21T04:23:48.741944,3,0.0758,0.0063,0.0758,0.0000,0.9143,0.7836,-0.4712,5
2026-03-21T04:23:48.741944,4,0.1255,0.0550,0.1255,0.0000,0.8328,0.7637,-0.3322,10
2026-03-21T04:23:48.741944,5,0.6638,0.1890,0.6638,0.0000,1.1270,1.1270,-0.0010,34
2026-03-21T04:23:48.812325,0,0.5559,0.5559,0.3057,0.0000,0.5911,0.0048,-0.5911,52
2026-03-21T04:23:48.812325,1,0.1087,0.1087,0.0584,0.0000,0.6777,0.3492,-0.5808,11
2026-03-21T04:23:48.812325,2,0.2337,0.0870,0.2337,0.0000,1.2261,0.9584,-0.7648,12
2026-03-21T04:23:48.812325,3,0.0757,0.0097,0.0757,0.0000,0.9033,0.8047,-0.4104,5
2026-03-21T04:23:48.812325,4,0.1274,0.0479,0.1274,0.0000,0.8288,0.7813,-0.2767,10
2026-03-21T04:23:48.812325,5,0.5766,0.1456,0.5766,0.0000,1.1162,1.1156,0.0355,30
2026-03-21T04:23:48.812325,6,0.0481,0.0064,0.0481,0.0000,1.2535,1.1921,0.3875,3
2026-03-21T04:23:48.812325,7,0.0741,0.0655,0.0741,0.0000,1.0777,-0.3327,1.0250,5
2026-03-21T04:23:48.881425,0,0.5882,0.5882,0.2689,0.0000,0.5689,0.0148,-0.5687,54
2026-03-21T04:23:48.881425,1,0.1075,0.1075,0.0866,0.0000,0.6670,0.3680,-0.5563,12
2026-03-21T04:23:48.881425,2,0.0974,0.0974,0.0241,0.0000,1.0689,0.7293,-0.7814,5
2026-03-21T04:23:48.881425,3,0.2046,0.0326,0.2046,0.0000,1.1977,0.9980,-0.6622,10
2026-03-21T04:23:48.881425,4,0.0725,0.0129,0.0725,0.0000,0.8961,0.8185,-0.3648,5
2026-03-21T04:23:48.881425,5,0.1373,0.0825,0.1373,0.0000,0.8235,0.7917,-0.2267,11
2026-03-21T04:23:48.881425,6,0.6396,0.1070,0.6396,0.0000,1.1252,1.1169,0.1359,32
2026-03-21T04:23:48.952164,0,0.6440,0.6440,0.2578,0.0000,0.5570,0.0285,-0.5563,58
2026-03-21T04:23:48.952164,1,0.1112,0.1112,0.0825,0.0000,0.6634,0.3946,-0.5332,12
2026-03-21T04:23:48.952164,2,0.0721,0.0721,0.0381,0.0000,1.0635,0.7651,-0.7386,5
2026-03-21T04:23:48.952164,3,0.1775,0.0295,0.1775,0.0000,1.1841,1.0352,-0.5749,9
2026-03-21T04:23:48.952164,4,0.0732,0.0191,0.0732,0.0000,0.8899,0.8361,-0.3047,5
2026-03-21T04:23:48.952164,5,0.1256,0.0549,0.1256,0.0000,0.8224,0.8029,-0.1779,10
2026-03-21T04:23:48.952164,6,0.6459,0.0834,0.6459,0.0000,1.1271,1.1102,0.1946,32
2026-03-21T04:23:49.021796,0,0.6594,0.6594,0.2405,0.0000,0.5483,0.0282,-0.5475,61
2026-03-21T04:23:49.021796,1,0.0965,0.0965,0.0937,0.0000,0.6634,0.4037,-0.5263,12
2026-03-21T04:23:49.021796,2,0.0803,0.0803,0.0332,0.0000,1.0591,0.7748,-0.7221,5
2026-03-21T04:23:49.021796,3,0.3044,0.0600,0.3044,0.0000,1.2017,1.0392,-0.6035,15
2026-03-21T04:23:49.021796,4,0.2269,0.0704,0.2269,0.0000,0.8455,0.8199,-0.2065,15
2026-03-21T04:23:49.021796,5,0.5751,0.0707,0.5751,0.0000,1.1222,1.1073,0.1822,29
2026-03-21T04:23:49.092489,0,0.6246,0.6246,0.2534,0.0000,0.5514,0.0216,-0.5509,57
2026-03-21T04:23:49.092489,1,0.1135,0.1135,0.0768,0.0000,0.6614,0.3841,-0.5384,12
2026-03-21T04:23:49.092489,2,0.2754,0.0441,0.2754,0.0000,1.2037,1.0082,-0.6577,13
2026-03-21T04:23:49.092489,3,0.0738,0.0165,0.0738,0.0000,0.8903,0.8254,-0.3339,5
2026-03-21T04:23:49.092489,4,0.1231,0.0761,0.1231,0.0000,0.8234,0.7973,-0.2059,10
2026-03-21T04:23:49.092489,5,0.5228,0.0912,0.5228,0.0000,1.1138,1.1091,0.1024,27
2026-03-21T04:23:49.161273,0,0.6482,0.6482,0.2808,0.0000,0.5702,0.0548,-0.5676,66
2026-03-21T04:23:49.161273,1,0.2444,0.0647,0.2444,0.0000,1.2103,0.9459,-0.7551,12
2026-03-21T04:23:49.161273,2,0.2279,0.0679,0.2279,0.0000,0.8491,0.7808,-0.3338,15
2026-03-21T04:23:49.161273,3,0.6280,0.1763,0.6280,0.0000,1.1268,1.1262,0.0382,32
2026-03-21T04:23:49.230500,0,0.5086,0.5086,0.2984,0.0000,0.5922,-0.0332,-0.5913,47
2026-03-21T04:23:49.230500,1,0.1149,0.1149,0.0736,0.0000,0.6748,0.2904,-0.6091,12
2026-03-21T04:23:49.230500,2,0.2405,0.0855,0.2405,0.0000,1.2221,0.8850,-0.8428,12
2026-03-21T04:23:49.230500,3,0.2247,0.0810,0.2247,0.0000,0.8571,0.7558,-0.4043,15
2026-03-21T04:23:49.230500,4,0.5207,0.1849,0.5207,0.0000,1.1192,1.1145,-0.1019,28
2026-03-21T04:23:49.230500,5,0.0941,0.0255,0.0941,0.0000,1.2550,1.2319,0.2398,5
2026-03-21T04:23:49.297931,0,0.4791,0.4791,0.3414,0.0000,0.6169,-0.0557,-0.6144,47
2026-03-21T04:23:49.297931,1,0.1225,0.1225,0.0666,0.0000,0.6960,0.2609,-0.6452,11
2026-03-21T04:23:49.297931,2,0.0750,0.0750,0.0229,0.0000,1.0887,0.5608,-0.9331,5
2026-03-21T04:23:49.297931,3,0.1540,0.0623,0.1540,0.0000,1.2375,0.8512,-0.8983,8
2026-03-21T04:23:49.297931,4,0.0482,0.0102,0.0482,0.0000,1.1789,0.8896,-0.7735,3
2026-03-21T04:23:49.297931,5,0.2272,0.0888,0.2272,0.0000,0.8680,0.7429,-0.4489,15
2026-03-21T04:23:49.297931,6,0.5853,0.2305,0.5853,0.0000,1.1350,1.1273,-0.1313,31
2026-03-21T04:23:49.367197,0,0.1140,0.1140,0.1093,0.0000,0.5571,-0.2118,-0.5153,16
2026-03-21T04:23:49.367197,1,0.3275,0.3275,0.2298,0.0000,0.7059,0.0408,-0.7047,26
2026-03-21T04:23:49.367197,2,0.0914,0.0914,0.0575,0.0000,0.7050,0.2526,-0.6582,9
2026-03-21T04:23:49.367197,3,0.1395,0.1395,0.0328,0.0000,1.1031,0.5604,-0.9502,8
2026-03-21T04:23:49.367197,4,0.2051,0.0646,0.2051,0.0000,1.2212,0.8699,-0.8570,10
2026-03-21T04:23:49.367197,5,0.2107,0.0778,0.2107,0.0000,0.8755,0.7455,-0.4591,14
2026-03-21T04:23:49.367197,6,0.6296,0.2458,0.6296,0.0000,1.1442,1.1366,-0.1313,33
2026-03-21T04:23:49.437230,0,0.4934,0.4934,0.4097,0.0000,0.6474,-0.0609,-0.6445,45
2026-03-21T04:23:49.437230,1,0.0839,0.0762,0.0839,0.0000,0.7250,0.2536,-0.6792,8
2026-03-21T04:23:49.437230,2,0.1675,0.1675,0.0651,0.0000,1.1167,0.5671,-0.9620,10
2026-03-21T04:23:49.437230,3,0.1789,0.0618,0.1789,0.0000,1.2254,0.8807,-0.8521,9
2026-03-21T04:23:49.437230,4,0.1619,0.0535,0.1619,0.0000,0.8703,0.7454,-0.4492,11
2026-03-21T04:23:49.437230,5,0.5413,0.2085,0.5413,0.0000,1.1366,1.1234,-0.1728,29
2026-03-21T04:23:49.507173,0,0.5113,0.5113,0.4337,0.0000,0.6597,-0.0507,-0.6578,44
2026-03-21T04:23:49.507173,1,0.0445,0.0445,0.0331,0.0000,0.7302,0.2616,-0.6817,5
2026-03-21T04:23:49.507173,2,0.1733,0.1733,0.0931,0.0000,1.1183,0.5591,-0.9685,11
2026-03-21T04:23:49.507173,3,0.1820,0.0552,0.1820,0.0000,1.2240,0.8943,-0.8357,9
2026-03-21T04:23:49.507173,4,0.1510,0.0731,0.1510,0.0000,0.8724,0.7551,-0.4368,11
2026-03-21T04:23:49.507173,5,0.6310,0.2441,0.6310,0.0000,1.1475,1.1399,-0.1320,33
2026-03-21T04:23:49.576791,0,0.4948,0.4948,0.4398,0.0000,0.6696,-0.0577,-0.6671,43
2026-03-21T04:23:49.576791,1,0.1957,0.1957,0.0958,0.0000,1.1253,0.5541,-0.9794,12
2026-03-21T04:23:49.576791,2,0.0844,0.0478,0.0844,0.0000,1.3044,0.8382,-0.9994,5
2026-03-21T04:23:49.576791,3,0.1745,0.0645,0.1745,0.0000,1.2274,0.8969,-0.8379,9
2026-03-21T04:23:49.576791,4,0.1703,0.0812,0.1703,0.0000,0.8815,0.7590,-0.4483,12
2026-03-21T04:23:49.576791,5,0.6133,0.2226,0.6133,0.0000,1.1468,1.1378,-0.1429,32
2026-03-21T04:23:49.576791,6,0.0478,0.0119,0.0478,0.0000,1.2912,1.2716,0.2243,3
2026-03-21T04:23:49.646815,0,0.2095,0.0929,0.2095,0.0000,0.5691,-0.2092,-0.5292,17
2026-03-21T04:23:49.646815,1,0.1465,0.1465,0.0903,0.0000,0.7054,-0.0355,-0.7045,13
2026-03-21T04:23:49.646815,2,0.1867,0.1867,0.1262,0.0000,0.8510,0.1435,-0.8388,12
2026-03-21T04:23:49.646815,3,0.2465,0.2465,0.1078,0.0000,1.1285,0.5561,-0.9820,14
2026-03-21T04:23:49.646815,4,0.1788,0.0603,0.1788,0.0000,1.2304,0.8991,-0.8399,9
2026-03-21T04:23:49.646815,5,0.1041,0.0772,0.1041,0.0000,0.8703,0.7612,-0.4219,9
2026-03-21T04:23:49.646815,6,0.5904,0.2137,0.5904,0.0000,1.1442,1.1339,-0.1532,31
2026-03-21T04:23:49.716937,0,0.2402,0.1075,0.2402,0.0000,0.5714,-0.2044,-0.5336,18
2026-03-21T04:23:49.716937,1,0.3931,0.3931,0.2587,0.0000,0.7911,0.0674,-0.7882,27
2026-03-21T04:23:49.716937,2,0.2362,0.2362,0.1126,0.0000,1.1379,0.5778,-0.9803,14
2026-03-21T04:23:49.716937,3,0.2041,0.0630,0.2041,0.0000,1.2295,0.9055,-0.8317,10
2026-03-21T04:23:49.716937,4,0.1614,0.0585,0.1614,0.0000,0.8822,0.7635,-0.4420,11
2026-03-21T04:23:49.716937,5,0.6097,0.2231,0.6097,0.0000,1.1465,1.1375,-0.1430,32
2026-03-21T04:23:49.786685,0,0.1963,0.0920,0.1963,0.0000,0.5539,-0.2041,-0.5149,17
2026-03-21T04:23:49.786685,1,0.1348,0.1348,0.0491,0.0000,0.7100,-0.0428,-0.7087,12
2026-03-21T04:23:49.786685,2,0.2306,0.2306,0.1446,0.0000,0.8780,0.1641,-0.8625,14
2026-03-21T04:23:49.786685,3,0.1389,0.1389,0.0795,0.0000,1.1391,0.5348,-1.0057,9
2026-03-21T04:23:49.786685,4,0.1044,0.1044,0.0426,0.0000,1.1896,0.6910,-0.9684,6
2026-03-21T04:23:49.786685,5,0.2030,0.0562,0.2030,0.0000,1.2227,0.9426,-0.7788,10
2026-03-21T04:23:49.786685,6,0.1344,0.0768,0.1344,0.0000,0.8897,0.7890,-0.4111,10
2026-03-21T04:23:49.786685,7,0.6483,0.2053,0.6483,0.0000,1.1543,1.1505,-0.0933,33
2026-03-21T04:23:49.855488,0,0.1472,0.0911,0.1472,0.0000,0.5201,-0.1967,-0.4814,16
2026-03-21T04:23:49.855488,1,0.0809,0.0238,0.0809,0.0000,0.1026,-0.0208,-0.1005,6
2026-03-21T04:23:49.855488,2,0.1340,0.1340,0.0899,0.0000,0.7009,-0.0297,-0.7003,12
2026-03-21T04:23:49.855488,3,0.2389,0.2389,0.1386,0.0000,0.8596,0.1680,-0.8431,15
2026-03-21T04:23:49.855488,4,0.1364,0.1364,0.0899,0.0000,1.1485,0.5740,-0.9948,9
2026-03-21T04:23:49.855488,5,0.0919,0.0919,0.0648,0.0000,1.1855,0.7217,-0.9405,6
2026-03-21T04:23:49.855488,6,0.2496,0.0520,0.2496,0.0000,1.2212,1.0054,-0.6932,12
2026-03-21T04:23:49.855488,7,0.1002,0.0290,0.1002,0.0000,0.8882,0.8174,-0.3474,7
2026-03-21T04:23:49.855488,8,0.6517,0.1670,0.6517,0.0000,1.1522,1.1517,-0.0337,33
2026-03-21T04:23:49.926241,0,0.4874,0.4874,0.4593,0.0000,0.6261,-0.0291,-0.6254,44
2026-03-21T04:23:49.926241,1,0.0834,0.0834,0.0356,0.0000,0.9491,0.3251,-0.8917,5
2026-03-21T04:23:49.926241,2,0.1301,0.1080,0.1301,0.0000,1.1638,0.6501,-0.9653,9
2026-03-21T04:23:49.926241,3,0.1112,0.1112,0.0600,0.0000,1.1714,0.7840,-0.8704,7
2026-03-21T04:23:49.926241,4,0.0931,0.0188,0.0931,0.0000,1.2658,1.0614,-0.6897,5
2026-03-21T04:23:49.926241,5,0.1812,0.0174,0.1812,0.0000,1.1981,1.0764,-0.5261,9
2026-03-21T04:23:49.926241,6,0.0823,0.0298,0.0823,0.0000,0.8998,0.8581,-0.2708,6
2026-03-21T04:23:49.926241,7,0.6890,0.0973,0.6890,0.0000,1.1566,1.1540,0.0774,34
2026-03-21T04:23:49.996318,0,0.2794,0.2688,0.2794,0.0000,0.5432,-0.0948,-0.5349,28
2026-03-21T04:23:49.996318,1,0.2445,0.2445,0.1176,0.0000,0.8214,0.1817,-0.8010,16
2026-03-21T04:23:49.996318,2,0.0874,0.0874,0.0335,0.0000,0.9649,0.3775,-0.8880,5
2026-03-21T04:23:49.996318,3,0.2528,0.2528,0.2196,0.0000,1.1687,0.7665,-0.8822,17
2026-03-21T04:23:49.996318,4,0.3046,0.0147,0.3046,0.0000,1.2274,1.1067,-0.5308,14
2026-03-21T04:23:49.996318,5,0.0626,0.0402,0.0626,0.0000,0.9029,0.8761,-0.2185,5
2026-03-21T04:23:49.996318,6,0.7410,0.0577,0.7410,0.0000,1.1598,1.1488,0.1593,36
2026-03-21T04:23:50.067068,0,0.0548,0.0548,0.0201,0.0000,0.6374,-0.2944,-0.5653,6
2026-03-21T04:23:50.067068,1,0.0982,0.0982,0.0660,0.0000,0.4948,-0.1567,-0.4693,12
2026-03-21T04:23:50.067068,2,0.1456,0.1340,0.1456,0.0000,0.5930,-0.0128,-0.5929,14
2026-03-21T04:23:50.067068,3,0.2748,0.2748,0.1147,0.0000,0.8379,0.2211,-0.8082,17
2026-03-21T04:23:50.067068,4,0.2525,0.2525,0.2199,0.0000,1.1714,0.7833,-0.8710,17
2026-03-21T04:23:50.067068,5,0.2492,0.0102,0.2492,0.0000,1.2133,1.1283,-0.4462,12
2026-03-21T04:23:50.067068,6,0.7421,0.0317,0.7421,0.0000,1.1596,1.1458,0.1786,36
2026-03-21T04:23:50.137547,0,0.0734,0.0734,0.0268,0.0000,0.6332,-0.2826,-0.5667,8
2026-03-21T04:23:50.137547,1,0.2608,0.2608,0.2091,0.0000,0.5395,-0.0641,-0.5357,26
2026-03-21T04:23:50.137547,2,0.0709,0.0536,0.0709,0.0000,0.1284,-0.0047,-0.1283,6
2026-03-21T04:23:50.137547,3,0.2476,0.2476,0.0945,0.0000,0.8493,0.2517,-0.8111,15
2026-03-21T04:23:50.137547,4,0.0756,0.0756,0.0527,0.0000,1.2202,0.7512,-0.9616,5
2026-03-21T04:23:50.137547,5,0.1209,0.1112,0.1209,0.0000,1.1655,0.8383,-0.8097,9
2026-03-21T04:23:50.137547,6,1.0488,0.0296,1.0488,0.0000,1.1474,1.1474,0.0112,50
2026-03-21T04:23:50.207537,0,0.0789,0.0789,0.0275,0.0000,0.6327,-0.2825,-0.5662,8
2026-03-21T04:23:50.207537,1,0.0618,0.0618,0.0475,0.0000,0.4878,-0.1505,-0.4640,9
2026-03-21T04:23:50.207537,2,0.0675,0.0430,0.0675,0.0000,0.1210,-0.0189,-0.1195,5
2026-03-21T04:23:50.207537,3,0.1536,0.1536,0.1488,0.0000,0.5820,-0.0119,-0.5819,16
2026-03-21T04:23:50.207537,4,0.2147,0.2147,0.0757,0.0000,0.8523,0.2449,-0.8163,14
2026-03-21T04:23:50.207537,5,0.1220,0.1107,0.1220,0.0000,1.1669,0.8250,-0.8253,9
2026-03-21T04:23:50.207537,6,1.0765,0.0367,1.0765,0.0000,1.1504,1.1502,-0.0194,51
2026-03-21T04:23:50.277466,0,0.0776,0.0776,0.0308,0.0000,0.6283,-0.2856,-0.5597,7
2026-03-21T04:23:50.277466,1,0.2640,0.2535,0.2640,0.0000,0.5476,-0.0685,-0.5433,27
2026-03-21T04:23:50.277466,2,0.1321,0.1321,0.0708,0.0000,0.8236,0.1725,-0.8053,9
2026-03-21T04:23:50.277466,3,0.0937,0.0937,0.0592,0.0000,0.9148,0.3056,-0.8622,6
2026-03-21T04:23:50.277466,4,0.1244,0.1100,0.1244,0.0000,1.1734,0.8001,-0.8583,9
2026-03-21T04:23:50.277466,5,1.0795,0.0623,1.0795,0.0000,1.1537,1.1521,-0.0601,51
2026-03-21T04:23:50.346617,0,0.0932,0.0786,0.0932,0.0000,0.5019,-0.1707,-0.4720,13
2026-03-21T04:23:50.346617,1,0.1243,0.1242,0.1243,0.0000,0.6185,-0.0365,-0.6174,12
2026-03-21T04:23:50.346617,2,0.2398,0.2398,0.1526,0.0000,0.8553,0.1671,-0.8388,15
2026-03-21T04:23:50.346617,3,0.0654,0.0654,0.0574,0.0000,1.2274,0.6503,-1.0410,5
2026-03-21T04:23:50.346617,4,0.1213,0.1213,0.1136,0.0000,1.1731,0.7381,-0.9118,9
2026-03-21T04:23:50.346617,5,1.0755,0.1478,1.0755,0.0000,1.1546,1.1486,-0.1180,51
2026-03-21T04:23:50.415818,0,0.1347,0.1087,0.1347,0.0000,0.5286,-0.1958,-0.4910,17
2026-03-21T04:23:50.415818,1,0.1427,0.1135,0.1427,0.0000,0.7022,-0.0469,-0.7006,11
2026-03-21T04:23:50.415818,2,0.0608,0.0608,0.0549,0.0000,0.8168,0.0575,-0.8147,5
2026-03-21T04:23:50.415818,3,0.0888,0.0888,0.0520,0.0000,0.9008,0.1491,-0.8883,6
2026-03-21T04:23:50.415818,4,0.0681,0.0681,0.0542,0.0000,1.2046,0.5279,-1.0828,5
2026-03-21T04:23:50.415818,5,0.1778,0.1778,0.0690,0.0000,1.1758,0.6665,-0.9687,10
2026-03-21T04:23:50.415818,6,0.2701,0.0640,0.2701,0.0000,1.2330,1.0211,-0.6911,13
2026-03-21T04:23:50.415818,7,0.5656,0.1530,0.5656,0.0000,1.1652,1.1543,-0.1590,29
2026-03-21T04:23:50.484457,0,0.1786,0.0779,0.1786,0.0000,0.5673,-0.2190,-0.5233,15
2026-03-21T04:23:50.484457,1,0.0664,0.0097,0.0664,0.0000,0.0858,-0.0174,-0.0840,5
2026-03-21T04:23:50.484457,2,0.0776,0.0776,0.0614,0.0000,0.7561,-0.0785,-0.7520,7
2026-03-21T04:23:50.484457,3,0.0602,0.0602,0.0455,0.0000,0.8701,0.0305,-0.8696,5
2026-03-21T04:23:50.484457,4,0.2233,0.2233,0.0716,0.0000,1.1873,0.5304,-1.0623,12
2026-03-21T04:23:50.484457,5,0.1906,0.0749,0.1906,0.0000,1.2316,0.9358,-0.8006,10
2026-03-21T04:23:50.484457,6,0.5923,0.2418,0.5923,0.0000,1.1750,1.1459,-0.2597,31
2026-03-21T04:23:50.553796,0,0.2098,0.0638,0.2098,0.0000,0.6165,-0.2425,-0.5669,14
2026-03-21T04:23:50.553796,1,0.1246,0.1078,0.1246,0.0000,0.8455,-0.0723,-0.8424,9
2026-03-21T04:23:50.553796,2,0.2626,0.2626,0.0901,0.0000,1.2048,0.3824,-1.1425,14
2026-03-21T04:23:50.553796,3,0.1965,0.0867,0.1965,0.0000,1.2445,0.8236,-0.9330,10
2026-03-21T04:23:50.553796,4,0.0550,0.0363,0.0550,0.0000,0.9225,0.7169,-0.5806,5
2026-03-21T04:23:50.553796,5,0.5745,0.3343,0.5745,0.0000,1.1807,1.1148,-0.3889,32
2026-03-21T04:23:50.621852,0,0.1212,0.0157,0.1212,0.0000,0.6562,-0.2969,-0.5852,7
2026-03-21T04:23:50.621852,1,0.1039,0.0489,0.1039,0.0000,0.7725,-0.2634,-0.7262,7
2026-03-21T04:23:50.621852,2,0.0739,0.0651,0.0739,0.0000,1.0211,-0.0884,-1.0173,5
2026-03-21T04:23:50.621852,3,0.1059,0.1059,0.0305,0.0000,1.2346,0.3091,-1.1953,6
2026-03-21T04:23:50.621852,4,0.1410,0.0950,0.1410,0.0000,1.2764,0.6850,-1.0770,8
2026-03-21T04:23:50.621852,5,0.0501,0.0434,0.0501,0.0000,0.9361,0.6384,-0.6847,5
2026-03-21T04:23:50.621852,6,0.5317,0.4017,0.5317,0.0000,1.1882,1.0563,-0.5442,32
2026-03-21T04:23:50.692392,0,0.1695,0.1156,0.1695,0.0000,0.8920,-0.3176,-0.8336,11
2026-03-21T04:23:50.692392,1,0.0883,0.0883,0.0312,0.0057,1.2576,-0.0441,-1.2568,5
2026-03-21T04:23:50.692392,2,0.0424,0.0424,0.0256,0.0000,1.2279,0.0428,-1.2271,3
2026-03-21T04:23:50.692392,3,0.0695,0.0663,0.0695,0.0000,1.2838,0.5423,-1.1637,5
2026-03-21T04:23:50.692392,4,0.0655,0.0655,0.0529,0.0000,0.9464,0.5360,-0.7800,6
2026-03-21T04:23:50.692392,5,0.4427,0.4427,0.4339,0.0000,1.1912,0.9599,-0.7055,30
2026-03-21T04:23:50.761877,0,0.0729,0.0391,0.0729,0.0000,0.9917,-0.4652,-0.8758,5
2026-03-21T04:23:50.761877,1,0.0429,0.0429,0.0384,0.0000,0.0899,0.0005,-0.0899,8
2026-03-21T04:23:50.761877,2,0.1519,0.1519,0.0380,0.0083,1.2635,-0.0989,-1.2596,8
2026-03-21T04:23:50.761877,3,0.0879,0.0879,0.0677,0.0000,0.9653,0.3924,-0.8819,7
2026-03-21T04:23:50.761877,4,0.5697,0.5697,0.4088,0.0000,1.2045,0.8553,-0.8481,33
2026-03-21T04:23:50.831028,0,0.0833,0.0441,0.0833,0.0000,0.0959,-0.0090,-0.0955,10
2026-03-21T04:23:50.831028,1,0.0941,0.0941,0.0594,0.0000,0.9871,0.2718,-0.9490,7
2026-03-21T04:23:50.831028,2,0.5657,0.5657,0.3275,0.0000,1.2104,0.7140,-0.9774,31
2026-03-21T04:23:50.902390,0,0.2112,0.2112,0.0853,0.0000,1.2899,-0.5454,-1.1690,11
2026-03-21T04:23:50.902390,1,0.0405,0.0136,0.0405,0.0000,0.0898,-0.0163,-0.0883,8
2026-03-21T04:23:50.902390,2,0.0682,0.0682,0.0250,0.0000,0.9989,0.0869,-0.9951,5
2026-03-21T04:23:50.902390,3,0.6096,0.6096,0.2463,0.0000,1.2178,0.5357,-1.0937,31
2026-03-21T04:23:50.902390,4,0.0900,0.0900,0.0397,0.0000,1.3204,0.9175,-0.9496,5
2026-03-21T04:23:50.902390,5,0.1443,0.0641,0.1443,0.0000,1.3800,1.3792,0.0482,7
2026-03-21T04:23:50.902390,6,0.0475,0.0126,0.0475,0.0000,1.3629,1.3527,0.1661,3
2026-03-21T04:23:50.902390,7,0.0908,0.0414,0.0908,0.0000,1.4158,1.2006,0.7504,5
2026-03-21T04:23:50.972302,0,0.0628,0.0085,0.0628,0.0000,0.1272,-0.0282,-0.1240,5
2026-03-21T04:23:50.972302,1,0.1038,0.1038,0.0522,0.0000,0.9848,-0.0686,-0.9824,7
2026-03-21T04:23:50.972302,2,0.1280,0.1280,0.0253,0.0000,1.2207,0.0640,-1.2190,7
2026-03-21T04:23:50.972302,3,0.3463,0.3463,0.0662,0.0000,1.2336,0.4233,-1.1587,17
2026-03-21T04:23:50.972302,4,0.0899,0.0343,0.0899,0.0000,1.3344,1.3141,-0.2318,5
2026-03-21T04:23:50.972302,5,0.1189,0.0270,0.1189,0.0000,1.3751,1.2879,0.4818,6
2026-03-21T04:23:51.043086,0,0.1208,0.1208,0.0322,0.0000,0.9740,-0.2931,-0.9288,8
2026-03-21T04:23:51.043086,1,0.2365,0.2365,0.0253,0.0000,1.2164,-0.0532,-1.2152,12
2026-03-21T04:23:51.043086,2,0.1721,0.1617,0.1721,0.0000,0.2687,0.0840,-0.2552,27
2026-03-21T04:23:51.043086,3,0.0838,0.0622,0.0838,0.0000,1.2114,1.2112,-0.0211,5
2026-03-21T04:23:51.043086,4,0.0983,0.0053,0.0983,0.0000,1.3666,1.3414,0.2610,5
2026-03-21T04:23:51.111778,0,0.1608,0.1608,0.0674,0.0000,0.6054,-0.2091,-0.5681,13
2026-03-21T04:23:51.111778,1,0.2007,0.1715,0.2007,0.0000,0.2408,0.0246,-0.2395,36
2026-03-21T04:23:51.111778,2,0.1793,0.0821,0.1793,0.0000,1.2404,1.0220,-0.7030,10
2026-03-21T04:23:51.111778,3,0.1232,0.0405,0.1232,0.0000,1.1993,1.1195,-0.4300,7
2026-03-21T04:23:51.111778,4,0.0793,0.0503,0.0793,0.0000,1.1810,1.1459,-0.2859,5
2026-03-21T04:23:51.111778,5,0.1369,0.0492,0.1369,0.0000,1.3318,1.3300,-0.0692,7
2026-03-21T04:23:51.180874,0,0.0806,0.0806,0.0526,0.0000,0.5464,-0.2530,-0.4843,6
2026-03-21T04:23:51.180874,1,0.2196,0.1654,0.2196,0.0000,0.2430,-0.0384,-0.2400,33
2026-03-21T04:23:51.180874,2,0.1353,0.1353,0.0367,0.0000,1.2818,0.3749,-1.2257,7
2026-03-21T04:23:51.180874,3,0.0815,0.0495,0.0815,0.0000,1.1952,0.7839,-0.9023,5
2026-03-21T04:23:51.180874,4,0.1559,0.1078,0.1559,0.0000,1.2113,0.9140,-0.7949,9
2026-03-21T04:23:51.180874,5,0.0684,0.0576,0.0684,0.0000,1.1852,0.9826,-0.6628,5
2026-03-21T04:23:51.180874,6,0.0822,0.0463,0.0822,0.0000,1.1411,0.9979,-0.5533,5
2026-03-21T04:23:51.180874,7,0.3260,0.1799,0.3260,0.0000,1.2795,1.2473,-0.2853,17
2026-03-21T04:23:51.248718,0,0.2116,0.1845,0.2116,0.0000,0.2808,-0.0753,-0.2705,31
2026-03-21T04:23:51.248718,1,0.1402,0.1402,0.1391,0.0000,1.2165,0.7895,-0.9255,10
2026-03-21T04:23:51.248718,2,0.2236,0.1083,0.2236,0.0000,1.1492,0.9169,-0.6928,13
2026-03-21T04:23:51.248718,3,0.2804,0.2034,0.2804,0.0000,1.2691,1.1971,-0.4216,16
2026-03-21T04:23:51.317632,0,0.1465,0.1429,0.1465,0.0000,0.2943,-0.1055,-0.2748,21
2026-03-21T04:23:51.317632,1,0.1129,0.1129,0.0319,0.0572,1.3191,0.0804,-1.3166,6
2026-03-21T04:23:51.317632,2,0.1533,0.1533,0.0742,0.0000,1.0766,0.4805,-0.9635,10
2026-03-21T04:23:51.317632,3,0.1393,0.1173,0.1393,0.0000,1.1586,0.8260,-0.8125,10
2026-03-21T04:23:51.317632,4,0.0809,0.0809,0.0550,0.0000,1.1211,0.9071,-0.6588,5
2026-03-21T04:23:51.317632,5,0.2951,0.2627,0.2951,0.0000,1.2707,1.1575,-0.5243,18
2026-03-21T04:23:51.387232,0,0.0926,0.0926,0.0592,0.0000,0.3413,-0.1278,-0.3165,17
2026-03-21T04:23:51.387232,1,0.1636,0.1636,0.0187,0.0753,1.3351,0.0584,-1.3338,8
2026-03-21T04:23:51.387232,2,0.1704,0.1704,0.1071,0.0000,1.1069,0.4143,-1.0265,11
2026-03-21T04:23:51.387232,3,0.0708,0.0688,0.0708,0.0000,1.2198,0.6463,-1.0346,5
2026-03-21T04:23:51.387232,4,0.2502,0.1753,0.2502,0.0000,1.1552,0.8012,-0.8322,15
2026-03-21T04:23:51.387232,5,0.2550,0.2355,0.2550,0.0000,1.2783,1.1244,-0.6081,16
2026-03-21T04:23:51.457207,0,0.0934,0.0912,0.0934,0.0000,0.3597,-0.1338,-0.3339,17
2026-03-21T04:23:51.457207,1,0.0371,0.0083,0.0371,0.0000,0.0881,-0.0151,-0.0868,7
2026-03-21T04:23:51.457207,2,0.1636,0.1636,0.0174,0.0796,1.3372,0.0117,-1.3371,8
2026-03-21T04:23:51.457207,3,0.1662,0.1662,0.0683,0.0000,1.1111,0.3892,-1.0407,10
2026-03-21T04:23:51.457207,4,0.1074,0.1074,0.0851,0.0000,1.2382,0.6376,-1.0614,7
2026-03-21T04:23:51.457207,5,0.1204,0.0882,0.1204,0.0000,1.1817,0.7511,-0.9122,8
2026-03-21T04:23:51.457207,6,0.2498,0.2498,0.2426,0.0000,1.2846,1.0963,-0.6695,16
2026-03-21T04:23:51.526645,0,0.0838,0.0838,0.0689,0.0000,0.3620,-0.1349,-0.3360,17
2026-03-21T04:23:51.526645,1,0.0343,0.0118,0.0343,0.0000,0.0912,-0.0175,-0.0895,5
2026-03-21T04:23:51.526645,2,0.1411,0.1411,0.0384,0.1046,1.3476,0.0003,-1.3476,7
2026-03-21T04:23:51.526645,3,0.1523,0.1523,0.0503,0.0000,1.1397,0.3899,-1.0710,9
2026-03-21T04:23:51.526645,4,0.1116,0.1116,0.0813,0.0000,1.2434,0.6026,-1.0876,7
2026-03-21T04:23:51.526645,5,0.2419,0.2186,0.2419,0.0000,1.1742,0.7768,-0.8805,16
2026-03-21T04:23:51.526645,6,0.2506,0.2506,0.2477,0.0000,1.3009,1.1103,-0.6779,16
2026-03-21T04:23:51.598473,0,0.1012,0.1012,0.0652,0.0000,0.3589,-0.1312,-0.3341,18
2026-03-21T04:23:51.598473,1,0.0390,0.0336,0.0390,0.0000,0.0841,-0.0054,-0.0839,7
2026-03-21T04:23:51.598473,2,0.1180,0.1180,0.0236,0.0872,1.3444,-0.0351,-1.3439,6
2026-03-21T04:23:51.598473,3,0.0776,0.0776,0.0336,0.0000,1.2054,0.3726,-1.1464,5
2026-03-21T04:23:51.598473,4,0.1026,0.1026,0.1007,0.0000,1.2502,0.6250,-1.0828,7
2026-03-21T04:23:51.598473,5,0.1897,0.1491,0.1897,0.0000,1.1861,0.7534,-0.9161,12
2026-03-21T04:23:51.598473,6,0.2507,0.2507,0.2478,0.0000,1.3054,1.1021,-0.6996,16
2026-03-21T04:23:51.668328,0,0.0984,0.0984,0.0708,0.0000,0.3575,-0.1303,-0.3329,18
2026-03-21T04:23:51.668328,1,0.0353,0.0353,0.0274,0.0000,0.0846,-0.0021,-0.0846,7
2026-03-21T04:23:51.668328,2,0.0928,0.0928,0.0514,0.0000,1.2430,0.3843,-1.1821,5
2026-03-21T04:23:51.668328,3,0.0665,0.0644,0.0665,0.0000,1.2548,0.5694,-1.1182,5
2026-03-21T04:23:51.668328,4,0.0623,0.0623,0.0595,0.0000,1.2228,0.7012,-1.0018,5
2026-03-21T04:23:51.668328,5,0.1085,0.0893,0.1085,0.0000,1.1669,0.7806,-0.8673,7
2026-03-21T04:23:51.668328,6,0.2421,0.2421,0.2212,0.0000,1.3069,1.0715,-0.7483,15
2026-03-21T04:23:51.738068,0,0.0834,0.0834,0.0748,0.0000,0.3529,-0.1317,-0.3274,17
2026-03-21T04:23:51.738068,1,0.0326,0.0326,0.0293,0.0000,0.0829,-0.0086,-0.0824,6
2026-03-21T04:23:51.738068,2,0.0916,0.0916,0.0291,0.0826,1.3444,-0.1170,-1.3393,5
2026-03-21T04:23:51.738068,3,0.0669,0.0654,0.0669,0.0000,1.2564,0.5307,-1.1388,5
2026-03-21T04:23:51.738068,4,0.0638,0.0605,0.0638,0.0000,1.2248,0.6669,-1.0273,5
2026-03-21T04:23:51.738068,5,0.1057,0.0893,0.1057,0.0000,1.1719,0.7530,-0.8979,7
2026-03-21T04:23:51.738068,6,0.2639,0.2639,0.2334,0.0000,1.3117,1.0555,-0.7787,16
2026-03-21T04:23:51.808338,0,0.0751,0.0729,0.0751,0.0000,0.3559,-0.1356,-0.3290,16
2026-03-21T04:23:51.808338,1,0.0562,0.0312,0.0562,0.0000,0.0759,-0.0059,-0.0757,10
2026-03-21T04:23:51.808338,2,0.0830,0.0830,0.0503,0.0000,1.2670,0.4950,-1.1663,5
2026-03-21T04:23:51.808338,3,0.0909,0.0909,0.0572,0.0000,1.2323,0.6068,-1.0726,6
2026-03-21T04:23:51.808338,4,0.1987,0.1987,0.1585,0.0000,1.3006,0.9748,-0.8611,12
2026-03-21T04:23:51.808338,5,0.0758,0.0758,0.0635,0.0000,1.3538,1.1355,-0.7371,5
2026-03-21T04:23:51.877850,0,0.0943,0.0511,0.0943,0.0000,0.3740,-0.1513,-0.3420,13
2026-03-21T04:23:51.877850,1,0.0739,0.0228,0.0739,0.0000,0.0916,-0.0179,-0.0899,7
2026-03-21T04:23:51.877850,2,0.0848,0.0848,0.0344,0.0000,1.2752,0.4151,-1.2058,5
2026-03-21T04:23:51.877850,3,0.0962,0.0962,0.0481,0.0000,1.2371,0.5326,-1.1166,6
2026-03-21T04:23:51.877850,4,0.2050,0.2050,0.1498,0.0000,1.3060,0.9159,-0.9309,12
2026-03-21T04:23:51.877850,5,0.0754,0.0754,0.0629,0.0000,1.3622,1.1022,-0.8005,5
2026-03-21T04:23:51.947861,0,0.0921,0.0370,0.0921,0.0000,0.3932,-0.1686,-0.3552,10
2026-03-21T04:23:51.947861,1,0.0411,0.0411,0.0347,0.0000,0.0873,-0.0096,-0.0867,10
2026-03-21T04:23:51.947861,2,0.2114,0.2114,0.1408,0.0099,1.2720,0.3812,-1.2136,12
2026-03-21T04:23:51.947861,3,0.3314,0.3314,0.1829,0.0000,1.3182,0.8835,-0.9782,17
2026-03-21T04:23:52.017516,0,0.0713,0.0078,0.0713,0.0000,0.4191,-0.1963,-0.3703,5
2026-03-21T04:23:52.017516,1,0.0832,0.0404,0.0832,0.0000,0.0927,-0.0080,-0.0923,11
2026-03-21T04:23:52.017516,2,0.0829,0.0829,0.0457,0.0000,1.2614,0.3476,-1.2126,5
2026-03-21T04:23:52.017516,3,0.3411,0.3411,0.1653,0.0000,1.3254,0.7992,-1.0573,17
2026-03-21T04:23:52.017516,4,0.0751,0.0751,0.0451,0.0000,1.1770,-0.2243,1.1555,5
2026-03-21T04:23:52.086930,0,0.0331,0.0331,0.0222,0.0000,0.0890,-0.0152,-0.0877,7
2026-03-21T04:23:52.086930,1,0.0843,0.0843,0.0437,0.0048,1.2746,0.2430,-1.2512,5
2026-03-21T04:23:52.086930,2,0.2834,0.2834,0.1128,0.0000,1.3252,0.6735,-1.1413,14
2026-03-21T04:23:52.086930,3,0.0977,0.0977,0.0361,0.0000,1.1635,-0.1717,1.1507,6
2026-03-21T04:23:52.156117,0,0.0743,0.0424,0.0743,0.0000,0.0929,-0.0070,-0.0926,7
2026-03-21T04:23:52.156117,1,0.0927,0.0927,0.0300,0.0586,1.3170,0.0230,-1.3168,5
2026-03-21T04:23:52.156117,2,0.1114,0.1114,0.0755,0.0000,1.2130,0.3135,-1.1718,7
2026-03-21T04:23:52.156117,3,0.2678,0.2678,0.0937,0.0000,1.3257,0.5818,-1.1912,13
2026-03-21T04:23:52.156117,4,0.0896,0.0896,0.0396,0.0000,1.3732,0.7878,-1.1247,5
2026-03-21T04:23:52.156117,5,0.1198,0.1198,0.0315,0.0000,1.1553,-0.1206,1.1490,7
2026-03-21T04:23:52.224331,0,0.0346,0.0104,0.0346,0.0000,0.0798,-0.0173,-0.0779,6
2026-03-21T04:23:52.224331,1,0.3187,0.3187,0.0949,0.0000,1.3391,0.5671,-1.2131,15
2026-03-21T04:23:52.224331,2,0.1783,0.1783,0.0470,0.0000,1.1468,-0.0894,1.1433,10
2026-03-21T04:23:52.293069,0,0.0271,0.0058,0.0271,0.0000,0.0821,-0.0163,-0.0805,6
2026-03-21T04:23:52.293069,1,0.3463,0.3463,0.0955,0.0157,1.3496,0.5393,-1.2372,16
2026-03-21T04:23:52.293069,2,0.1977,0.1977,0.0486,0.0000,1.1367,-0.0588,1.1352,11
2026-03-21T04:23:52.362900,0,0.0243,0.0109,0.0243,0.0000,0.0786,-0.0172,-0.0767,6
2026-03-21T04:23:52.362900,1,0.0898,0.0898,0.0298,0.0394,1.2944,0.0224,-1.2942,5
2026-03-21T04:23:52.362900,2,0.3013,0.3013,0.0755,0.0365,1.3538,0.4749,-1.2678,14
2026-03-21T04:23:52.362900,3,0.2357,0.2357,0.0624,0.0000,1.1270,-0.0382,1.1264,13
2026-03-21T04:23:52.362900,4,0.1031,0.1031,0.0311,0.0000,1.2048,-0.5565,1.0686,6
2026-03-21T04:23:52.433050,0,0.0511,0.0196,0.0511,0.0000,0.0837,-0.0177,-0.0818,7
2026-03-21T04:23:52.433050,1,0.0906,0.0906,0.0384,0.0566,1.2994,-0.0229,-1.2992,5
2026-03-21T04:23:52.433050,2,0.2553,0.2553,0.0627,0.0588,1.3603,0.4094,-1.2972,12
2026-03-21T04:23:52.433050,3,0.2550,0.2550,0.0607,0.0000,1.1201,-0.0085,1.1200,14
2026-03-21T04:23:52.433050,4,0.1447,0.1447,0.0443,0.0000,1.2065,-0.5388,1.0795,8
2026-03-21T04:23:52.502850,0,0.0366,0.0366,0.0276,0.0000,0.0832,-0.0090,-0.0827,10
2026-03-21T04:23:52.502850,1,0.0923,0.0923,0.0419,0.0602,1.3080,-0.0688,-1.3062,5
2026-03-21T04:23:52.502850,2,0.0864,0.0864,0.0412,0.0000,1.2500,0.0652,-1.2483,5
2026-03-21T04:23:52.502850,3,0.2840,0.2840,0.0577,0.0713,1.3713,0.4015,-1.3112,13
2026-03-21T04:23:52.502850,4,0.2371,0.2371,0.0410,0.0000,1.1162,0.0595,1.1146,13
2026-03-21T04:23:52.502850,5,0.1774,0.1774,0.0668,0.0000,1.2015,-0.5178,1.0842,10
2026-03-21T04:23:52.573374,0,0.0408,0.0392,0.0408,0.0000,0.0830,-0.0041,-0.0829,11
2026-03-21T04:23:52.573374,1,0.1298,0.1298,0.0492,0.0017,1.2481,0.0214,-1.2479,7
2026-03-21T04:23:52.573374,2,0.1199,0.1199,0.0196,0.0813,1.3834,0.3465,-1.3393,6
2026-03-21T04:23:52.573374,3,0.2007,0.2007,0.0283,0.0000,1.1138,0.1559,1.1029,11
2026-03-21T04:23:52.573374,4,0.2160,0.2160,0.0932,0.0000,1.1943,-0.4574,1.1032,12
2026-03-21T04:23:52.643841,0,0.1396,0.1396,0.0516,0.0573,1.3693,-0.4235,-1.3022,7
2026-03-21T04:23:52.643841,1,0.0371,0.0371,0.0274,0.0000,0.0870,-0.0024,-0.0870,11
2026-03-21T04:23:52.643841,2,0.0951,0.0951,0.0162,0.1072,1.3726,0.0958,-1.3692,5
2026-03-21T04:23:52.643841,3,0.2024,0.2024,0.0211,0.0000,1.1040,0.2304,1.0797,11
2026-03-21T04:23:52.643841,4,0.1783,0.1783,0.0508,0.0000,1.1832,-0.3759,1.1219,10
2026-03-21T04:23:52.713356,0,0.0920,0.0920,0.0289,0.0000,1.3628,-0.6189,-1.2141,5
2026-03-21T04:23:52.713356,1,0.0421,0.0421,0.0275,0.0000,0.0888,-0.0039,-0.0887,10
2026-03-21T04:23:52.713356,2,0.1201,0.1201,0.0139,0.1171,1.3802,0.0603,-1.3789,6
2026-03-21T04:23:52.713356,3,0.2906,0.2906,0.0342,0.0000,1.0845,0.2358,1.0585,16
2026-03-21T04:23:52.713356,4,0.2730,0.2730,0.0373,0.0000,1.1915,-0.3402,1.1419,14
2026-03-21T04:23:52.713356,5,0.0679,0.0679,0.0498,0.0000,1.1952,-0.5239,1.0743,5
2026-03-21T04:23:52.783396,0,0.1374,0.1374,0.0563,0.0451,1.3639,-0.4667,-1.2816,7
2026-03-21T04:23:52.783396,1,0.0367,0.0367,0.0220,0.0000,0.0841,0.0014,-0.0841,11
2026-03-21T04:23:52.783396,2,0.1693,0.1693,0.0210,0.1295,1.3888,0.0123,-1.3887,8
2026-03-21T04:23:52.783396,3,0.3647,0.3647,0.0386,0.0000,1.0744,0.2525,1.0443,20
2026-03-21T04:23:52.783396,4,0.3839,0.3839,0.0413,0.0000,1.2022,-0.3455,1.1515,18
2026-03-21T04:23:52.851653,0,0.0387,0.0387,0.0331,0.0000,0.0828,-0.0034,-0.0828,13
2026-03-21T04:23:52.851653,1,0.1702,0.1702,0.0291,0.1432,1.3988,-0.0364,-1.3983,8
2026-03-21T04:23:52.851653,2,0.0493,0.0493,0.0069,0.1490,1.4185,0.0990,-1.4151,3
2026-03-21T04:23:52.851653,3,0.4144,0.4144,0.0617,0.0000,1.0633,0.2408,1.0356,23
2026-03-21T04:23:52.851653,4,0.2633,0.2633,0.0413,0.0000,1.1743,-0.2661,1.1438,13
2026-03-21T04:23:52.921924,0,0.0615,0.0528,0.0615,0.0000,0.0904,-0.0035,-0.0903,12
2026-03-21T04:23:52.921924,1,0.1222,0.1222,0.0143,0.1414,1.4049,-0.0612,-1.4035,6
2026-03-21T04:23:52.921924,2,0.4494,0.4494,0.0593,0.0000,1.0566,0.2212,1.0332,25
2026-03-21T04:23:52.921924,3,0.3113,0.3113,0.0502,0.0000,1.1777,-0.2876,1.1421,15
2026-03-21T04:23:52.921924,4,0.0943,0.0943,0.0481,0.0000,1.2740,-0.5183,1.1638,5
2026-03-21T04:23:52.990736,0,0.2124,0.2124,0.0576,0.0505,1.3699,-0.4578,-1.2911,10
2026-03-21T04:23:52.990736,1,0.0514,0.0390,0.0514,0.0000,0.0936,-0.0056,-0.0935,9
2026-03-21T04:23:52.990736,2,0.1218,0.1218,0.0223,0.1454,1.4075,-0.0612,-1.4062,6
2026-03-21T04:23:52.990736,3,0.4656,0.4656,0.0620,0.0000,1.0515,0.1932,1.0336,26
2026-03-21T04:23:52.990736,4,0.3062,0.3062,0.0403,0.0000,1.1671,-0.2849,1.1318,15
2026-03-21T04:23:53.060738,0,0.0437,0.0437,0.0290,0.0000,0.0886,-0.0043,-0.0885,12
2026-03-21T04:23:53.060738,1,0.0989,0.0989,0.0110,0.1502,1.4156,0.0001,-1.4156,5
2026-03-21T04:23:53.060738,2,0.4290,0.4290,0.0533,0.0000,1.0520,0.2115,1.0305,24
2026-03-21T04:23:53.060738,3,0.4275,0.4275,0.0417,0.0000,1.1877,-0.3619,1.1312,20
2026-03-21T04:23:53.131589,0,0.0956,0.0956,0.0225,0.0300,1.3878,-0.5201,-1.2866,5
2026-03-21T04:23:53.131589,1,0.0718,0.0544,0.0718,0.0000,0.0991,-0.0059,-0.0989,15
2026-03-21T04:23:53.131589,2,0.0989,0.0989,0.0096,0.1532,1.4174,0.0001,-1.4174,5
2026-03-21T04:23:53.131589,3,0.0496,0.0496,0.0099,0.1610,1.4289,0.0997,-1.4254,3
2026-03-21T04:23:53.131589,4,0.3823,0.3823,0.0280,0.0000,1.0571,0.2578,1.0252,21
2026-03-21T04:23:53.131589,5,0.2745,0.2745,0.0371,0.0000,1.1575,-0.2721,1.1251,14
2026-03-21T04:23:53.131589,6,0.0940,0.0940,0.0087,0.0000,1.2514,-0.4893,1.1518,5
2026-03-21T04:23:53.201203,0,0.0622,0.0428,0.0622,0.0000,0.0874,-0.0019,-0.0874,14
2026-03-21T04:23:53.201203,1,0.1236,0.1236,0.0096,0.1502,1.4159,-0.0123,-1.4158,6
2026-03-21T04:23:53.201203,2,0.1306,0.1306,0.0329,0.0000,1.0869,0.3809,1.0180,8
2026-03-21T04:23:53.201203,3,0.3027,0.3027,0.0383,0.0000,1.1625,-0.2836,1.1274,15
2026-03-21T04:23:53.201203,4,0.0882,0.0882,0.0282,0.0000,1.2546,-0.5104,1.1461,5
2026-03-21T04:23:53.271565,0,0.1381,0.1381,0.0536,0.0598,1.3710,-0.4466,-1.2963,7
2026-03-21T04:23:53.271565,1,0.0371,0.0371,0.0249,0.0000,0.0856,-0.0016,-0.0856,12
2026-03-21T04:23:53.271565,2,0.3710,0.3710,0.0486,0.0000,1.1770,-0.2985,1.1386,18
2026-03-21T04:23:53.341175,0,0.1467,0.1467,0.0251,0.1492,1.4087,-0.0490,-1.4079,7
2026-03-21T04:23:53.341175,1,0.0373,0.0127,0.0373,0.0000,0.0886,0.0134,-0.0876,6
2026-03-21T04:23:53.341175,2,0.2782,0.2782,0.0413,0.0000,1.1633,-0.2340,1.1395,14
2026-03-21T04:23:53.410691,0,0.0850,0.0850,0.0656,0.0000,1.2011,-0.5545,-1.0655,6
2026-03-21T04:23:53.410691,1,0.0979,0.0979,0.0187,0.1462,1.4056,-0.0244,-1.4054,5
2026-03-21T04:23:53.410691,2,0.0370,0.0126,0.0370,0.0000,0.0915,0.0120,-0.0907,6
2026-03-21T04:23:53.410691,3,0.2270,0.2270,0.0292,0.0000,1.1498,-0.2104,1.1304,12
2026-03-21T04:23:53.410691,4,0.0788,0.0788,0.0460,0.0000,1.2298,-0.4207,1.1556,5
2026-03-21T04:23:53.479426,0,0.1025,0.1025,0.0979,0.0000,1.0975,-0.4892,-0.9824,8
2026-03-21T04:23:53.479426,1,0.0987,0.0987,0.0139,0.1540,1.4152,0.0742,-1.4132,5
2026-03-21T04:23:53.479426,2,0.0221,0.0108,0.0221,0.0000,0.0861,0.0128,-0.0852,6
2026-03-21T04:23:53.479426,3,0.2961,0.2961,0.0706,0.0000,1.1367,-0.2263,1.1139,16
2026-03-21T04:23:53.550108,0,0.1700,0.1407,0.1700,0.0000,1.0921,-0.4600,-0.9905,11
2026-03-21T04:23:53.550108,1,0.1471,0.1471,0.0161,0.1416,1.4033,0.0002,-1.4033,7
2026-03-21T04:23:53.550108,2,0.0277,0.0106,0.0277,0.0000,0.0878,0.0138,-0.0867,5
2026-03-21T04:23:53.550108,3,0.2170,0.2170,0.0719,0.0000,1.1515,-0.1501,1.1417,12
2026-03-21T04:23:53.550108,4,0.0823,0.0823,0.0206,0.0000,1.2000,-0.3308,1.1535,5
2026-03-21T04:23:53.619898,0,0.1581,0.1386,0.1581,0.0000,1.0789,-0.4546,-0.9785,11
2026-03-21T04:23:53.619898,1,0.0324,0.0092,0.0324,0.0000,0.0938,0.0146,-0.0926,5
2026-03-21T04:23:53.619898,2,0.2226,0.2226,0.0572,0.0000,1.1511,-0.1304,1.1437,12
2026-03-21T04:23:53.619898,3,0.0900,0.0900,0.0100,0.0000,1.2082,-0.3130,1.1670,5
2026-03-21T04:23:53.689609,0,0.1474,0.1200,0.1474,0.0000,1.0747,-0.4613,-0.9706,10
2026-03-21T04:23:53.689609,1,0.2200,0.2200,0.0583,0.0000,1.1528,-0.1104,1.1475,12
2026-03-21T04:23:53.689609,2,0.0879,0.0879,0.0040,0.0000,1.2074,-0.2923,1.1715,5
2026-03-21T04:23:53.757780,0,0.1242,0.1242,0.0991,0.0000,1.0896,-0.4425,-0.9957,9
2026-03-21T04:23:53.757780,1,0.0183,0.0062,0.0183,0.0000,0.0906,0.0126,-0.0897,5
2026-03-21T04:23:53.757780,2,0.1780,0.1780,0.0336,0.0000,1.1504,-0.0905,1.1468,10
2026-03-21T04:23:53.757780,3,0.1013,0.1013,0.0357,0.0000,1.1948,-0.2789,1.1618,6
2026-03-21T04:23:53.827623,0,0.0756,0.0449,0.0756,0.0000,1.0649,-0.4832,-0.9490,5
2026-03-21T04:23:53.827623,1,0.0978,0.0978,0.0119,0.1394,1.4020,-0.0244,-1.4018,5
2026-03-21T04:23:53.827623,2,0.0447,0.0128,0.0447,0.0000,0.0936,0.0149,-0.0924,5
2026-03-21T04:23:53.827623,3,0.1614,0.1614,0.0266,0.0000,1.1527,-0.0808,1.1499,9
2026-03-21T04:23:53.827623,4,0.0782,0.0782,0.0283,0.0000,1.1836,-0.2661,1.1533,5
2026-03-21T04:23:53.897618,0,0.1245,0.0900,0.1245,0.0000,1.0875,-0.4673,-0.9820,8
2026-03-21T04:23:53.897618,1,0.1208,0.1208,0.0273,0.1384,1.3994,-0.0609,-1.3981,6
2026-03-21T04:23:53.897618,2,0.1776,0.1776,0.0326,0.0000,1.1467,-0.0902,1.1431,10
2026-03-21T04:23:53.897618,3,0.0924,0.0924,0.0522,0.0000,1.1515,-0.2685,1.1197,6
2026-03-21T04:23:53.967337,0,0.1228,0.0883,0.1228,0.0000,1.0894,-0.4681,-0.9837,8
2026-03-21T04:23:53.967337,1,0.0989,0.0989,0.0166,0.0000,1.0540,-0.3347,-0.9995,6
2026-03-21T04:23:53.967337,2,0.0977,0.0977,0.0124,0.1394,1.4020,-0.0489,-1.4011,5
2026-03-21T04:23:53.967337,3,0.0542,0.0155,0.0542,0.0000,0.0922,0.0148,-0.0910,5
2026-03-21T04:23:53.967337,4,0.1609,0.1609,0.0265,0.0000,1.1477,-0.0805,1.1449,9
2026-03-21T04:23:53.967337,5,0.0995,0.0995,0.0353,0.0000,1.1417,-0.2665,1.1101,6
2026-03-21T04:23:54.037670,0,0.1214,0.0899,0.1214,0.0000,1.0904,-0.4686,-0.9845,8
2026-03-21T04:23:54.037670,1,0.0988,0.0988,0.0280,0.0000,1.0605,-0.3367,-1.0057,6
2026-03-21T04:23:54.037670,2,0.0981,0.0981,0.0112,0.1414,1.4056,-0.0245,-1.4054,5
2026-03-21T04:23:54.037670,3,0.0117,0.0065,0.0117,0.0000,0.0950,0.0132,-0.0941,5
2026-03-21T04:23:54.037670,4,0.3260,0.3260,0.0890,0.0000,1.1357,-0.1675,1.1233,18
2026-03-21T04:23:54.106949,0,0.1993,0.1993,0.1422,0.0000,1.0800,-0.4220,-0.9941,13
2026-03-21T04:23:54.106949,1,0.1220,0.1220,0.0152,0.1382,1.4005,-0.0365,-1.4001,6
2026-03-21T04:23:54.106949,2,0.0262,0.0092,0.0262,0.0000,0.0946,0.0141,-0.0936,6
2026-03-21T04:23:54.106949,3,0.1800,0.1800,0.0184,0.0000,1.1467,-0.1102,1.1413,10
2026-03-21T04:23:54.175832,0,0.1128,0.1128,0.1094,0.0000,1.0609,-0.4644,-0.9539,9
2026-03-21T04:23:54.175832,1,0.0715,0.0715,0.0191,0.0000,1.0397,-0.1086,-1.0340,5
2026-03-21T04:23:54.175832,2,0.0972,0.0972,0.0183,0.1375,1.3952,0.0488,-1.3943,5
2026-03-21T04:23:54.175832,3,0.0123,0.0073,0.0123,0.0000,0.0982,0.0132,-0.0973,5
2026-03-21T04:23:54.175832,4,0.3699,0.3699,0.0168,0.0000,1.1778,-0.3377,1.1283,18
2026-03-21T04:23:54.244833,0,0.1490,0.1490,0.0486,0.0000,1.0712,-0.4015,-0.9931,9
2026-03-21T04:23:54.244833,1,0.0450,0.0450,0.0375,0.0000,0.0933,-0.0078,-0.0929,8
2026-03-21T04:23:54.244833,2,0.1219,0.1219,0.0178,0.1131,1.4059,0.3044,-1.3725,6
2026-03-21T04:23:54.244833,3,0.2509,0.2509,0.0788,0.0000,1.1451,-0.4569,1.0500,14
2026-03-21T04:23:54.315159,0,0.1852,0.1852,0.0688,0.0964,1.3300,0.0227,-1.3298,9
2026-03-21T04:23:54.315159,1,0.0975,0.0975,0.0174,0.0524,1.3964,0.4777,-1.3121,5
2026-03-21T04:23:54.315159,2,0.1568,0.1568,0.0365,0.0000,1.1184,-0.4908,1.0050,9
2026-03-21T04:23:54.388181,0,0.0931,0.0931,0.0308,0.0824,1.3348,0.0231,-1.3346,5
2026-03-21T04:23:54.388181,1,0.1846,0.1846,0.0619,0.0000,1.1056,-0.4677,1.0018,11
2026-03-21T04:23:54.457751,0,0.0844,0.0844,0.0257,0.0000,1.1960,-0.4482,-1.1089,5
2026-03-21T04:23:54.457751,1,0.0920,0.0920,0.0242,0.0736,1.3336,0.0696,-1.3318,5
2026-03-21T04:23:54.457751,2,0.1292,0.1292,0.0766,0.0000,1.2858,0.3758,-1.2297,7
2026-03-21T04:23:54.457751,3,0.2215,0.2215,0.0725,0.0000,1.1013,-0.4485,1.0059,13
2026-03-21T04:23:54.527526,0,0.0678,0.0464,0.0678,0.0000,0.1076,-0.0100,-0.1071,5
2026-03-21T04:23:54.527526,1,0.0925,0.0925,0.0155,0.0716,1.3356,0.0931,-1.3323,5
2026-03-21T04:23:54.527526,2,0.2246,0.2246,0.0669,0.0000,1.1024,-0.4490,1.0068,13
2026-03-21T04:23:54.597033,0,0.0409,0.0409,0.0300,0.0000,0.0896,0.0055,-0.0895,5
2026-03-21T04:23:54.597033,1,0.1165,0.1165,0.0232,0.0726,1.3331,0.0813,-1.3306,6
2026-03-21T04:23:54.597033,2,0.0840,0.0840,0.0680,0.0000,1.2796,0.3952,-1.2170,5
2026-03-21T04:23:54.597033,3,0.2599,0.2599,0.0801,0.0000,1.0984,-0.4299,1.0108,15
2026-03-21T04:23:54.665805,0,0.0352,0.0352,0.0321,0.0000,0.0902,-0.0061,-0.0900,6
2026-03-21T04:23:54.665805,1,0.2826,0.2826,0.0853,0.0000,1.0996,-0.4216,1.0156,16
2026-03-21T04:23:54.734912,0,0.0341,0.0341,0.0216,0.0000,0.0892,-0.0104,-0.0886,6
2026-03-21T04:23:54.734912,1,0.2935,0.2935,0.1068,0.0000,1.0982,-0.4120,1.0180,17
2026-03-21T04:23:54.804152,0,0.0354,0.0354,0.0342,0.0000,0.0806,-0.0057,-0.0804,7
2026-03-21T04:23:54.804152,1,0.0828,0.0828,0.0568,0.0180,1.3064,0.3598,-1.2559,5
2026-03-21T04:23:54.804152,2,0.3088,0.3088,0.1206,0.0000,1.0968,-0.4026,1.0202,18
2026-03-21T04:23:54.873280,0,0.0942,0.0942,0.0541,0.1215,1.3542,0.0475,-1.3534,5
2026-03-21T04:23:54.873280,1,0.0946,0.0946,0.0755,0.0000,1.3086,0.5530,-1.1860,5
2026-03-21T04:23:54.873280,2,0.3322,0.3322,0.1138,0.0000,1.0987,-0.3942,1.0255,19
2026-03-21T04:23:54.943146,0,0.0401,0.0401,0.0234,0.0000,0.0831,-0.0056,-0.0829,10
2026-03-21T04:23:54.943146,1,0.0926,0.0926,0.0354,0.0576,1.3132,-0.0461,-1.3124,5
2026-03-21T04:23:54.943146,2,0.3472,0.3472,0.1298,0.0000,1.0981,-0.3850,1.0284,20
2026-03-21T04:23:55.013170,0,0.0955,0.0955,0.0239,0.0088,1.3272,-0.4104,-1.2621,5
2026-03-21T04:23:55.013170,1,0.0433,0.0356,0.0433,0.0000,0.0829,-0.0087,-0.0825,8
2026-03-21T04:23:55.013170,2,0.0921,0.0921,0.0387,0.1001,1.3558,0.1180,-1.3506,5
2026-03-21T04:23:55.013170,3,0.0957,0.0957,0.0756,0.0000,1.3172,0.5567,-1.1938,5
2026-03-21T04:23:55.013170,4,0.4126,0.4126,0.1712,0.0000,1.0996,-0.3304,1.0488,24
2026-03-21T04:23:55.082876,0,0.0408,0.0380,0.0408,0.0000,0.0850,-0.0079,-0.0846,10
2026-03-21T04:23:55.082876,1,0.0925,0.0925,0.0480,0.0812,1.3268,-0.0001,-1.3268,5
2026-03-21T04:23:55.082876,2,0.0875,0.0875,0.0524,0.0262,1.3320,0.4114,-1.2669,5
2026-03-21T04:23:55.082876,3,0.4462,0.4462,0.1658,0.0000,1.1121,-0.2294,1.0882,25
2026-03-21T04:23:55.153299,0,0.0696,0.0380,0.0696,0.0000,0.4021,-0.1791,-0.3600,8
2026-03-21T04:23:55.153299,1,0.0332,0.0332,0.0311,0.0000,0.0802,-0.0068,-0.0799,12
2026-03-21T04:23:55.153299,2,0.2494,0.2494,0.0975,0.0000,1.1391,-0.1672,1.1267,14
2026-03-21T04:23:55.153299,3,0.0741,0.0709,0.0741,0.0000,1.0180,-0.3561,0.9537,6
2026-03-21T04:23:55.153299,4,0.0702,0.0702,0.0315,0.0000,0.4559,-0.2075,0.4059,7
2026-03-21T04:23:55.222855,0,0.0582,0.0582,0.0463,0.0000,0.3751,-0.1553,-0.3415,12
2026-03-21T04:23:55.222855,1,0.0420,0.0372,0.0420,0.0000,0.0794,-0.0025,-0.0793,9
2026-03-21T04:23:55.222855,2,0.1100,0.0781,0.1100,0.0000,0.9768,-0.2354,0.9480,7
2026-03-21T04:23:55.222855,3,0.1107,0.1107,0.0454,0.0000,0.4163,-0.1707,0.3797,13
2026-03-21T04:23:55.291819,0,0.0815,0.0815,0.0458,0.0000,0.3401,-0.1305,-0.3140,16
2026-03-21T04:23:55.291819,1,0.0997,0.0379,0.0997,0.0000,0.0662,0.0042,-0.0661,11
2026-03-21T04:23:55.291819,2,0.1259,0.0880,0.1259,0.0000,0.9083,-0.1797,0.8903,8
2026-03-21T04:23:55.291819,3,0.1158,0.1158,0.0430,0.0000,0.3948,-0.1591,0.3613,14
2026-03-21T04:23:55.362317,0,0.1168,0.1104,0.1168,0.0000,0.3226,-0.1224,-0.2985,17
2026-03-21T04:23:55.362317,1,0.0392,0.0392,0.0232,0.0000,0.0946,0.0094,-0.0942,6
2026-03-21T04:23:55.362317,2,0.1677,0.1064,0.1677,0.0000,0.8128,-0.1808,0.7924,11
2026-03-21T04:23:55.362317,3,0.0859,0.0859,0.0472,0.0000,0.3982,-0.1658,0.3620,12
2026-03-21T04:23:55.430953,0,0.0872,0.0872,0.0507,0.0000,0.3288,-0.1290,-0.3024,15
2026-03-21T04:23:55.430953,1,0.0689,0.0256,0.0689,0.0000,0.0658,0.0032,-0.0657,8
2026-03-21T04:23:55.430953,2,0.1369,0.1060,0.1369,0.0000,0.7683,-0.1711,0.7490,11
2026-03-21T04:23:55.430953,3,0.0733,0.0733,0.0218,0.0000,0.4013,-0.1734,0.3619,10
2026-03-21T04:23:55.501024,0,0.1114,0.1114,0.1012,0.0000,0.3195,-0.1214,-0.2956,17
2026-03-21T04:23:55.501024,1,0.1939,0.1493,0.1939,0.0000,0.7166,-0.1641,0.6976,16
2026-03-21T04:23:55.501024,2,0.0652,0.0652,0.0452,0.0000,0.4060,-0.1783,0.3648,9
2026-03-21T04:23:55.570876,0,0.0963,0.0963,0.0863,0.0000,0.3222,-0.1244,-0.2972,16
2026-03-21T04:23:55.570876,1,0.0732,0.0312,0.0732,0.0000,0.0620,-0.0009,-0.0620,7
2026-03-21T04:23:55.570876,2,0.1972,0.1606,0.1972,0.0000,0.6675,-0.1519,0.6500,18
2026-03-21T04:23:55.570876,3,0.0547,0.0547,0.0169,0.0000,0.4052,-0.1843,0.3609,7
2026-03-21T04:23:55.641000,0,0.1036,0.1036,0.0780,0.0000,0.3249,-0.1227,-0.3008,17
2026-03-21T04:23:55.641000,1,0.0734,0.0382,0.0734,0.0000,0.0746,-0.0053,-0.0744,8
2026-03-21T04:23:55.641000,2,0.1981,0.1673,0.1981,0.0000,0.6215,-0.1516,0.6027,20
2026-03-21T04:23:55.641000,3,0.0484,0.0484,0.0297,0.0000,0.4103,-0.1929,0.3621,5
2026-03-21T04:23:55.709820,0,0.1050,0.1050,0.0775,0.0000,0.3206,-0.1237,-0.2958,16
2026-03-21T04:23:55.709820,1,0.1210,0.0402,0.1210,0.0000,0.0791,-0.0129,-0.0781,10
2026-03-21T04:23:55.709820,2,0.2433,0.1668,0.2433,0.0000,0.5787,-0.1539,0.5578,23
2026-03-21T04:23:55.779293,0,0.0932,0.0932,0.0616,0.0000,0.3314,-0.1307,-0.3045,15
2026-03-21T04:23:55.779293,1,0.1005,0.0345,0.1005,0.0000,0.0675,-0.0105,-0.0667,9
2026-03-21T04:23:55.779293,2,0.2379,0.1687,0.2379,0.0000,0.5408,-0.1620,0.5159,25
2026-03-21T04:23:55.849091,0,0.1111,0.1111,0.0767,0.0000,0.3417,-0.1327,-0.3149,16
2026-03-21T04:23:55.849091,1,0.0914,0.0306,0.0914,0.0000,0.0706,-0.0107,-0.0697,11
2026-03-21T04:23:55.849091,2,0.0612,0.0335,0.0612,0.0000,0.8745,0.7925,-0.3698,5
2026-03-21T04:23:55.849091,3,0.2175,0.1528,0.2175,0.0000,0.5106,-0.1571,0.4858,24
2026-03-21T04:23:55.918430,0,0.0968,0.0968,0.0586,0.0000,0.3499,-0.1268,-0.3262,13
2026-03-21T04:23:55.918430,1,0.0638,0.0429,0.0638,0.0000,0.0812,-0.0030,-0.0812,12
2026-03-21T04:23:55.918430,2,0.1049,0.0305,0.1049,0.0000,0.9652,0.8781,-0.4009,6
2026-03-21T04:23:55.918430,3,0.1916,0.1257,0.1916,0.0000,0.4856,-0.1580,0.4592,22
2026-03-21T04:23:55.987901,0,0.0754,0.0119,0.0754,0.0000,0.5968,-0.2797,-0.5272,5
2026-03-21T04:23:55.987901,1,0.0456,0.0456,0.0374,0.0000,0.3549,-0.1101,-0.3374,7
2026-03-21T04:23:55.987901,2,0.0375,0.0375,0.0368,0.0000,0.0793,-0.0033,-0.0792,10
2026-03-21T04:23:55.987901,3,0.1916,0.1048,0.1916,0.0000,0.8707,0.8383,-0.2352,12
2026-03-21T04:23:55.987901,4,0.1793,0.1051,0.1793,0.0000,0.4678,-0.1602,0.4395,20
2026-03-21T04:23:56.058320,0,0.0830,0.0277,0.0830,0.0000,0.5779,-0.2618,-0.5152,7
2026-03-21T04:23:56.058320,1,0.0693,0.0510,0.0693,0.0000,0.0900,-0.0070,-0.0898,12
2026-03-21T04:23:56.058320,2,0.1100,0.0644,0.1100,0.0000,0.8913,0.8717,-0.1860,7
2026-03-21T04:23:56.058320,3,0.0605,0.0349,0.0605,0.0000,0.8074,0.8029,-0.0848,5
2026-03-21T04:23:56.058320,4,0.1647,0.0862,0.1647,0.0000,0.4614,-0.1661,0.4305,18
2026-03-21T04:23:56.128297,0,0.0806,0.0515,0.0806,0.0000,0.5743,-0.2512,-0.5165,9
2026-03-21T04:23:56.128297,1,0.0818,0.0818,0.0464,0.0000,1.3062,-0.4035,-1.2423,5
2026-03-21T04:23:56.128297,2,0.0447,0.0447,0.0395,0.0000,0.0842,-0.0061,-0.0840,14
2026-03-21T04:23:56.128297,3,0.1526,0.1277,0.1526,0.0000,0.8420,0.8407,-0.0461,11
2026-03-21T04:23:56.128297,4,0.1550,0.0659,0.1550,0.0000,0.4487,-0.1691,0.4156,16
2026-03-21T04:23:56.198060,0,0.0996,0.0663,0.0996,0.0000,0.5679,-0.2393,-0.5150,11
2026-03-21T04:23:56.198060,1,0.0862,0.0862,0.0354,0.0000,1.2904,-0.3772,-1.2340,5
2026-03-21T04:23:56.198060,2,0.0618,0.0449,0.0618,0.0000,0.0908,-0.0065,-0.0906,12
2026-03-21T04:23:56.198060,3,0.1742,0.0934,0.1742,0.0000,0.8279,0.8260,0.0565,13
2026-03-21T04:23:56.198060,4,0.1557,0.0475,0.1557,0.0000,0.4448,-0.1751,0.4089,14
2026-03-21T04:23:56.268936,0,0.0936,0.0782,0.0936,0.0000,0.5671,-0.2345,-0.5164,12
2026-03-21T04:23:56.268936,1,0.0405,0.0405,0.0383,0.0000,0.0948,-0.0035,-0.0947,10
2026-03-21T04:23:56.268936,2,0.1232,0.0524,0.1232,0.0000,0.8663,0.8599,0.1057,9
2026-03-21T04:23:56.268936,3,0.1360,0.0439,0.1360,0.0000,0.4387,-0.1767,0.4016,13
2026-03-21T04:23:56.338322,0,0.1209,0.0762,0.1209,0.0000,0.5692,-0.2305,-0.5204,13
2026-03-21T04:23:56.338322,1,0.0956,0.0626,0.0956,0.0000,0.1092,-0.0110,-0.1086,13
2026-03-21T04:23:56.338322,2,0.1300,0.0345,0.1300,0.0000,0.4271,-0.1755,0.3893,12
2026-03-21T04:23:56.408758,0,0.1324,0.0835,0.1324,0.0000,0.5590,-0.2214,-0.5133,14
2026-03-21T04:23:56.408758,1,0.0419,0.0419,0.0375,0.0000,0.0942,-0.0041,-0.0941,12
2026-03-21T04:23:56.408758,2,0.0920,0.0920,0.0372,0.0834,1.3352,-0.0463,-1.3344,5
2026-03-21T04:23:56.408758,3,0.1236,0.0304,0.1236,0.0000,0.4283,-0.1796,0.3889,11
2026-03-21T04:23:56.478289,0,0.1513,0.0876,0.1513,0.0000,0.5540,-0.2146,-0.5107,15
2026-03-21T04:23:56.478289,1,0.0471,0.0471,0.0398,0.0000,0.0987,-0.0036,-0.0987,12
2026-03-21T04:23:56.478289,2,0.1790,0.1790,0.0693,0.0672,1.3023,-0.0673,-1.3006,9
2026-03-21T04:23:56.478289,3,0.0967,0.0291,0.0967,0.0000,0.4263,-0.1825,0.3852,10
2026-03-21T04:23:56.547162,0,0.1281,0.1021,0.1281,0.0000,0.5425,-0.2057,-0.5020,16
2026-03-21T04:23:56.547162,1,0.0492,0.0492,0.0332,0.0000,0.0955,-0.0040,-0.0954,11
2026-03-21T04:23:56.547162,2,0.1756,0.1756,0.0593,0.0394,1.2801,-0.0886,-1.2771,9
2026-03-21T04:23:56.547162,3,0.1001,0.0304,0.1001,0.0000,0.4291,-0.1836,0.3878,10
2026-03-21T04:23:56.615732,0,0.1340,0.1095,0.1340,0.0000,0.5319,-0.1971,-0.4940,17
2026-03-21T04:23:56.615732,1,0.0689,0.0448,0.0689,0.0000,0.1001,0.0019,-0.1001,11
2026-03-21T04:23:56.615732,2,0.1551,0.1551,0.0437,0.0332,1.2813,-0.0554,-1.2802,8
2026-03-21T04:23:56.615732,3,0.0987,0.0510,0.0987,0.0000,1.0447,0.9991,0.3053,7
2026-03-21T04:23:56.615732,4,0.0807,0.0807,0.0668,0.0000,0.9873,0.9020,0.4014,5
2026-03-21T04:23:56.615732,5,0.1118,0.0267,0.1118,0.0000,0.4310,-0.1844,0.3895,10
2026-03-21T04:23:56.685619,0,0.1167,0.1090,0.1167,0.0000,0.5116,-0.1899,-0.4750,17
2026-03-21T04:23:56.685619,1,0.0532,0.0344,0.0532,0.0000,0.0987,0.0099,-0.0982,7
2026-03-21T04:23:56.685619,2,0.2464,0.2464,0.0706,0.0566,1.2889,-0.0325,-1.2885,12
2026-03-21T04:23:56.685619,3,0.0743,0.0414,0.0743,0.0000,1.0875,1.0833,0.0946,5
2026-03-21T04:23:56.685619,4,0.1127,0.0233,0.1127,0.0000,0.4355,-0.1862,0.3936,10
2026-03-21T04:23:56.754788,0,0.1432,0.1196,0.1432,0.0000,0.5057,-0.1828,-0.4714,18
2026-03-21T04:23:56.754788,1,0.0531,0.0427,0.0531,0.0000,0.0979,0.0091,-0.0975,8
2026-03-21T04:23:56.754788,2,0.2926,0.2926,0.0813,0.0614,1.2864,-0.0094,-1.2864,14
2026-03-21T04:23:56.754788,3,0.0865,0.0276,0.0865,0.0000,1.2014,1.1948,-0.1258,5
2026-03-21T04:23:56.754788,4,0.0669,0.0313,0.0669,0.0000,0.9809,0.9772,0.0853,5
2026-03-21T04:23:56.754788,5,0.1137,0.0180,0.1137,0.0000,0.4431,-0.1931,0.3988,9
2026-03-21T04:23:56.824497,0,0.1195,0.1195,0.1130,0.0000,0.5053,-0.1835,-0.4708,18
2026-03-21T04:23:56.824497,1,0.1761,0.1761,0.0451,0.0217,1.2658,-0.0436,-1.2651,9
2026-03-21T04:23:56.824497,2,0.1080,0.0435,0.1080,0.0000,1.0071,1.0069,0.0178,7
2026-03-21T04:23:56.824497,3,0.0962,0.0166,0.0962,0.0000,0.4440,-0.1973,0.3978,8
2026-03-21T04:23:56.894534,0,0.1444,0.1444,0.1375,0.0000,0.5080,-0.1742,-0.4772,20
2026-03-21T04:23:56.894534,1,0.2407,0.2407,0.0531,0.0133,1.2521,-0.0318,-1.2516,12
2026-03-21T04:23:56.894534,2,0.0767,0.0135,0.0767,0.0000,1.0833,1.0727,-0.1508,5
2026-03-21T04:23:56.894534,3,0.0854,0.0116,0.0854,0.0000,0.4469,-0.2022,0.3985,7
2026-03-21T04:23:56.964014,0,0.1443,0.1443,0.1313,0.0000,0.5013,-0.1803,-0.4677,18
2026-03-21T04:23:56.964014,1,0.2636,0.2636,0.0529,0.0125,1.2535,0.0012,-1.2535,13
2026-03-21T04:23:56.964014,2,0.0631,0.0109,0.0631,0.0000,0.4403,-0.2028,0.3908,6
2026-03-21T04:23:57.034561,0,0.1710,0.1560,0.1710,0.0000,0.5077,-0.1651,-0.4800,22
2026-03-21T04:23:57.034561,1,0.2397,0.2397,0.0518,0.0006,1.2417,-0.0099,-1.2417,12
2026-03-21T04:23:57.034561,2,0.0964,0.0080,0.0964,0.0000,0.4515,-0.2078,0.4008,6
2026-03-21T04:23:57.103678,0,0.1733,0.1531,0.1733,0.0000,0.5021,-0.1659,-0.4739,21
2026-03-21T04:23:57.103678,1,0.2834,0.2834,0.0537,0.0005,1.2408,0.0121,-1.2407,14
2026-03-21T04:23:57.103678,2,0.0781,0.0134,0.0781,0.0000,0.4585,-0.2148,0.4051,5
2026-03-21T04:23:57.173135,0,0.1803,0.1494,0.1803,0.0000,0.5018,-0.1661,-0.4736,21
2026-03-21T04:23:57.173135,1,0.2826,0.2826,0.0490,0.0000,1.2319,0.0118,-1.2318,14
2026-03-21T04:23:57.173135,2,0.0706,0.0044,0.0706,0.0000,0.4543,-0.2128,0.4013,5
2026-03-21T04:23:57.243396,0,0.1746,0.1506,0.1746,0.0000,0.5000,-0.1652,-0.4719,21
2026-03-21T04:23:57.243396,1,0.2160,0.2160,0.0458,0.0000,1.2321,0.0008,-1.2321,11
2026-03-21T04:23:57.243396,2,0.0982,0.0982,0.0110,0.0349,1.3454,0.3485,-1.2995,5
2026-03-21T04:23:57.243396,3,0.0705,0.0082,0.0705,0.0000,0.4527,-0.2120,0.3999,5
2026-03-21T04:23:57.313253,0,0.1630,0.1530,0.1630,0.0000,0.5021,-0.1672,-0.4735,21
2026-03-21T04:23:57.313253,1,0.2175,0.2175,0.0478,0.0000,1.2395,0.0008,-1.2395,11
2026-03-21T04:23:57.313253,2,0.1069,0.0115,0.1069,0.0000,0.4551,-0.2058,0.4060,7
2026-03-21T04:23:57.383520,0,0.1521,0.1521,0.1376,0.0000,0.4947,-0.1776,-0.4617,18
2026-03-21T04:23:57.383520,1,0.2661,0.2661,0.0578,0.0265,1.2641,0.0013,-1.2641,13
2026-03-21T04:23:57.383520,2,0.0428,0.0081,0.0428,0.0000,0.0918,0.0144,-0.0906,5
2026-03-21T04:23:57.383520,3,0.0896,0.0186,0.0896,0.0000,1.0180,1.0180,-0.0089,6
2026-03-21T04:23:57.383520,4,0.0908,0.0173,0.0908,0.0000,0.4480,-0.1991,0.4013,8
2026-03-21T04:23:57.453388,0,0.1487,0.1487,0.1424,0.0000,0.4997,-0.1710,-0.4695,20
2026-03-21T04:23:57.453388,1,0.2705,0.2705,0.0768,0.0574,1.2861,0.0017,-1.2861,13
2026-03-21T04:23:57.453388,2,0.0185,0.0072,0.0185,0.0000,0.0872,0.0137,-0.0861,5
2026-03-21T04:23:57.453388,3,0.1258,0.0206,0.1258,0.0000,0.4512,-0.1928,0.4080,10
2026-03-21T04:23:57.521594,0,0.1366,0.1287,0.1366,0.0000,0.4919,-0.1741,-0.4601,19
2026-03-21T04:23:57.521594,1,0.1584,0.1584,0.0457,0.0664,1.3104,-0.0795,-1.3080,8
2026-03-21T04:23:57.521594,2,0.0594,0.0371,0.0594,0.0000,0.0988,0.0072,-0.0985,5
2026-03-21T04:23:57.521594,3,0.1447,0.0319,0.1447,0.0000,0.4558,-0.1870,0.4156,12
2026-03-21T04:23:57.592173,0,0.1562,0.1385,0.1562,0.0000,0.5035,-0.1695,-0.4741,21
2026-03-21T04:23:57.592173,1,0.0492,0.0346,0.0492,0.0000,0.0970,0.0005,-0.0970,5
2026-03-21T04:23:57.592173,2,0.0913,0.0913,0.0324,0.0796,1.3380,-0.0931,-1.3348,5
2026-03-21T04:23:57.592173,3,0.1556,0.0389,0.1556,0.0000,0.4642,-0.1866,0.4250,13
2026-03-21T04:23:57.662010,0,0.1673,0.1264,0.1673,0.0000,0.5086,-0.1793,-0.4759,19
2026-03-21T04:23:57.662010,1,0.0334,0.0332,0.0334,0.0000,0.0917,0.0009,-0.0917,8
2026-03-21T04:23:57.662010,2,0.0597,0.0517,0.0597,0.0000,1.0359,0.9907,0.3026,5
2026-03-21T04:23:57.662010,3,0.0595,0.0385,0.0595,0.0000,1.0041,0.9173,0.4083,5
2026-03-21T04:23:57.662010,4,0.1523,0.0513,0.1523,0.0000,0.4687,-0.1844,0.4309,14
2026-03-21T04:23:57.731086,0,0.1439,0.0971,0.1439,0.0000,0.5043,-0.1869,-0.4684,17
2026-03-21T04:23:57.731086,1,0.0357,0.0357,0.0245,0.0000,0.0925,-0.0014,-0.0925,9
2026-03-21T04:23:57.731086,2,0.1139,0.1139,0.0881,0.0000,1.0136,0.9497,0.3540,8
2026-03-21T04:23:57.731086,3,0.2145,0.0476,0.2145,0.0000,0.4798,-0.1842,0.4430,15
2026-03-21T04:23:57.800789,0,0.1948,0.1052,0.1948,0.0000,0.5122,-0.1802,-0.4795,19
2026-03-21T04:23:57.800789,1,0.0609,0.0379,0.0609,0.0000,0.0888,0.0007,-0.0888,11
2026-03-21T04:23:57.800789,2,0.0593,0.0487,0.0593,0.0000,0.9725,0.8885,0.3954,5
2026-03-21T04:23:57.800789,3,0.1669,0.0475,0.1669,0.0000,0.4730,-0.1860,0.4349,14
2026-03-21T04:23:57.870349,0,0.1566,0.0827,0.1566,0.0000,0.4881,-0.1845,-0.4519,16
2026-03-21T04:23:57.870349,1,0.0567,0.0402,0.0567,0.0000,0.0921,-0.0015,-0.0921,11
2026-03-21T04:23:57.870349,2,0.1803,0.0451,0.1803,0.0000,0.4764,-0.1873,0.4380,14
2026-03-21T04:23:57.939475,0,0.1659,0.1019,0.1659,0.0000,0.4979,-0.1792,-0.4646,18
2026-03-21T04:23:57.939475,1,0.0534,0.0383,0.0534,0.0000,0.0946,-0.0030,-0.0946,10
2026-03-21T04:23:57.939475,2,0.0593,0.0580,0.0593,0.0000,0.9757,0.8844,0.4122,5
2026-03-21T04:23:57.939475,3,0.1696,0.0486,0.1696,0.0000,0.4759,-0.1871,0.4376,14
2026-03-21T04:23:58.009799,0,0.1597,0.0940,0.1597,0.0000,0.4909,-0.1813,-0.4562,17
2026-03-21T04:23:58.009799,1,0.0426,0.0426,0.0407,0.0000,0.0949,0.0002,-0.0949,12
2026-03-21T04:23:58.009799,2,0.0660,0.0570,0.0660,0.0000,0.9771,0.8856,0.4128,5
2026-03-21T04:23:58.009799,3,0.1786,0.0444,0.1786,0.0000,0.4782,-0.1879,0.4397,14
2026-03-21T04:23:58.079505,0,0.1722,0.0940,0.1722,0.0000,0.4901,-0.1809,-0.4555,17
2026-03-21T04:23:58.079505,1,0.0490,0.0408,0.0490,0.0000,0.0943,0.0001,-0.0943,11
2026-03-21T04:23:58.079505,2,0.0776,0.0606,0.0776,0.0000,0.9726,0.8850,0.4032,6
2026-03-21T04:23:58.079505,3,0.1610,0.0514,0.1610,0.0000,0.4758,-0.1872,0.4374,14
2026-03-21T04:23:58.149378,0,0.1618,0.0930,0.1618,0.0000,0.4906,-0.1810,-0.4560,17
2026-03-21T04:23:58.149378,1,0.0718,0.0525,0.0718,0.0000,0.0976,-0.0056,-0.0974,12
2026-03-21T04:23:58.149378,2,0.1772,0.0437,0.1772,0.0000,0.4774,-0.1876,0.4390,14
2026-03-21T04:23:58.218942,0,0.1743,0.1006,0.1743,0.0000,0.4958,-0.1784,-0.4626,18
2026-03-21T04:23:58.218942,1,0.0371,0.0367,0.0371,0.0000,0.0917,-0.0018,-0.0917,11
2026-03-21T04:23:58.218942,2,0.0566,0.0557,0.0566,0.0000,1.0411,0.9784,0.3559,5
2026-03-21T04:23:58.218942,3,0.1459,0.0467,0.1459,0.0000,0.4740,-0.1908,0.4339,13
2026-03-21T04:23:58.288605,0,0.1743,0.1023,0.1743,0.0000,0.4935,-0.1776,-0.4604,18
2026-03-21T04:23:58.288605,1,0.0463,0.0383,0.0463,0.0000,0.0928,-0.0022,-0.0928,11
2026-03-21T04:23:58.288605,2,0.0584,0.0511,0.0584,0.0000,1.0417,0.9789,0.3561,5
2026-03-21T04:23:58.288605,3,0.1656,0.0494,0.1656,0.0000,0.4793,-0.1885,0.4407,14
2026-03-21T04:23:58.358884,0,0.1452,0.0976,0.1452,0.0000,0.4913,-0.1816,-0.4565,17
2026-03-21T04:23:58.358884,1,0.0347,0.0347,0.0284,0.0000,0.0888,-0.0001,-0.0888,10
2026-03-21T04:23:58.358884,2,0.0628,0.0378,0.0628,0.0000,1.0339,0.9716,0.3535,5
2026-03-21T04:23:58.358884,3,0.1717,0.0470,0.1717,0.0000,0.4838,-0.1902,0.4448,14
2026-03-21T04:23:58.428708,0,0.1513,0.1021,0.1513,0.0000,0.4927,-0.1820,-0.4578,17
2026-03-21T04:23:58.428708,1,0.0359,0.0359,0.0249,0.0000,0.0860,-0.0027,-0.0860,10
2026-03-21T04:23:58.428708,2,0.0637,0.0360,0.0637,0.0000,1.0357,0.9733,0.3541,5
2026-03-21T04:23:58.428708,3,0.1754,0.0490,0.1754,0.0000,0.4822,-0.1896,0.4433,14
2026-03-21T04:23:58.497952,0,0.1393,0.1021,0.1393,0.0000,0.4923,-0.1821,-0.4574,17
2026-03-21T04:23:58.497952,1,0.0364,0.0364,0.0222,0.0000,0.0873,-0.0038,-0.0873,10
2026-03-21T04:23:58.497952,2,0.0719,0.0719,0.0713,0.0000,1.0422,0.9825,0.3476,6
2026-03-21T04:23:58.497952,3,0.1665,0.0491,0.1665,0.0000,0.4795,-0.1886,0.4409,14
2026-03-21T04:23:58.567980,0,0.1454,0.1023,0.1454,0.0000,0.4920,-0.1820,-0.4572,17
2026-03-21T04:23:58.567980,1,0.0372,0.0335,0.0372,0.0000,0.0840,-0.0043,-0.0839,8
2026-03-21T04:23:58.567980,2,0.0799,0.0474,0.0799,0.0000,1.0415,0.9818,0.3476,6
2026-03-21T04:23:58.567980,3,0.1625,0.0498,0.1625,0.0000,0.4815,-0.1895,0.4427,14
2026-03-21T04:23:58.637464,0,0.1409,0.1046,0.1409,0.0000,0.4915,-0.1819,-0.4566,17
2026-03-21T04:23:58.637464,1,0.0378,0.0348,0.0378,0.0000,0.0861,0.0008,-0.0861,11
2026-03-21T04:23:58.637464,2,0.0811,0.0436,0.0811,0.0000,1.0400,0.9804,0.3471,6
2026-03-21T04:23:58.637464,3,0.1693,0.0456,0.1693,0.0000,0.4779,-0.1879,0.4394,14
2026-03-21T04:23:58.705944,0,0.1413,0.1001,0.1413,0.0000,0.4911,-0.1817,-0.4563,17
2026-03-21T04:23:58.705944,1,0.0749,0.0550,0.0749,0.0000,0.0972,-0.0039,-0.0972,11
2026-03-21T04:23:58.705944,2,0.0805,0.0444,0.0805,0.0000,1.0399,0.9802,0.3471,6
2026-03-21T04:23:58.705944,3,0.1710,0.0470,0.1710,0.0000,0.4797,-0.1887,0.4410,14
2026-03-21T04:23:58.776211,0,0.1525,0.1107,0.1525,0.0000,0.4969,-0.1794,-0.4634,18
2026-03-21T04:23:58.776211,1,0.0399,0.0376,0.0399,0.0000,0.0877,-0.0025,-0.0876,11
2026-03-21T04:23:58.776211,2,0.0823,0.0397,0.0823,0.0000,1.0417,0.9820,0.3477,6
2026-03-21T04:23:58.776211,3,0.1670,0.0481,0.1670,0.0000,0.4805,-0.1890,0.4417,14
2026-03-21T04:23:58.845610,0,0.1545,0.1007,0.1545,0.0000,0.4931,-0.1822,-0.4582,17
2026-03-21T04:23:58.845610,1,0.0923,0.0585,0.0923,0.0000,0.0992,-0.0065,-0.0990,11
2026-03-21T04:23:58.845610,2,0.0799,0.0495,0.0799,0.0000,1.0509,0.9906,0.3507,6
2026-03-21T04:23:58.845610,3,0.1701,0.0473,0.1701,0.0000,0.4769,-0.1876,0.4384,14
2026-03-21T04:23:58.915771,0,0.1624,0.1082,0.1624,0.0000,0.4927,-0.1777,-0.4596,18
2026-03-21T04:23:58.915771,1,0.0453,0.0362,0.0453,0.0000,0.0937,-0.0025,-0.0937,9
2026-03-21T04:23:58.915771,2,0.0777,0.0572,0.0777,0.0000,1.0514,0.9911,0.3508,6
2026-03-21T04:23:58.915771,3,0.1775,0.0453,0.1775,0.0000,0.4772,-0.1876,0.4387,14
2026-03-21T04:23:58.985082,0,0.1388,0.0930,0.1388,0.0000,0.4830,-0.1829,-0.4470,16
2026-03-21T04:23:58.985082,1,0.0613,0.0466,0.0613,0.0000,0.0951,-0.0013,-0.0951,11
2026-03-21T04:23:58.985082,2,0.0770,0.0601,0.0770,0.0000,1.0520,0.9918,0.3510,6
2026-03-21T04:23:58.985082,3,0.1581,0.0410,0.1581,0.0000,0.4700,-0.1889,0.4303,13
2026-03-21T04:23:59.055337,0,0.1665,0.1049,0.1665,0.0000,0.4937,-0.1777,-0.4606,18
2026-03-21T04:23:59.055337,1,0.0494,0.0391,0.0494,0.0000,0.0945,-0.0020,-0.0945,11
2026-03-21T04:23:59.055337,2,0.0767,0.0611,0.0767,0.0000,1.0512,0.9910,0.3507,6
2026-03-21T04:23:59.055337,3,0.1544,0.0426,0.1544,0.0000,0.4704,-0.1893,0.4306,13
2026-03-21T04:23:59.124740,0,0.1633,0.0947,0.1633,0.0000,0.4887,-0.1806,-0.4542,17
2026-03-21T04:23:59.124740,1,0.0331,0.0318,0.0331,0.0000,0.0878,-0.0058,-0.0876,9
2026-03-21T04:23:59.124740,2,0.0763,0.0609,0.0763,0.0000,1.0499,0.9897,0.3503,6
2026-03-21T04:23:59.124740,3,0.1719,0.0465,0.1719,0.0000,0.4770,-0.1875,0.4385,14
2026-03-21T04:23:59.193743,0,0.1411,0.0898,0.1411,0.0000,0.4829,-0.1829,-0.4469,16
2026-03-21T04:23:59.193743,1,0.0373,0.0373,0.0370,0.0000,0.0976,-0.0024,-0.0976,9
2026-03-21T04:23:59.193743,2,0.0662,0.0315,0.0662,0.0000,1.0485,0.9853,0.3586,5
2026-03-21T04:23:59.193743,3,0.1563,0.0425,0.1563,0.0000,0.4723,-0.1900,0.4324,13
2026-03-21T04:23:59.264655,0,0.1542,0.0990,0.1542,0.0000,0.4917,-0.1818,-0.4568,17
2026-03-21T04:23:59.264655,1,0.0347,0.0347,0.0314,0.0000,0.0904,-0.0041,-0.0903,10
2026-03-21T04:23:59.264655,2,0.0657,0.0324,0.0657,0.0000,1.0451,0.9821,0.3574,5
2026-03-21T04:23:59.264655,3,0.1710,0.0470,0.1710,0.0000,0.4782,-0.1880,0.4397,14
2026-03-21T04:23:59.334610,0,0.1595,0.1000,0.1595,0.0000,0.4914,-0.1817,-0.4566,17
2026-03-21T04:23:59.334610,1,0.0420,0.0331,0.0420,0.0000,0.0899,-0.0064,-0.0897,8
2026-03-21T04:23:59.334610,2,0.0619,0.0417,0.0619,0.0000,1.0437,0.9808,0.3569,5
2026-03-21T04:23:59.334610,3,0.1760,0.0459,0.1760,0.0000,0.4781,-0.1880,0.4396,14
2026-03-21T04:23:59.403816,0,0.1483,0.0997,0.1483,0.0000,0.4907,-0.1814,-0.4560,17
2026-03-21T04:23:59.403816,1,0.0430,0.0430,0.0380,0.0000,0.0928,0.0010,-0.0928,9
2026-03-21T04:23:59.403816,2,0.0586,0.0522,0.0586,0.0000,1.0453,0.9823,0.3573,5
2026-03-21T04:23:59.403816,3,0.1730,0.0466,0.1730,0.0000,0.4784,-0.1881,0.4399,14
2026-03-21T04:23:59.474412,0,0.1567,0.0975,0.1567,0.0000,0.4896,-0.1809,-0.4550,17
2026-03-21T04:23:59.474412,1,0.0745,0.0496,0.0745,0.0000,0.1000,-0.0087,-0.0997,9
2026-03-21T04:23:59.474412,2,0.0607,0.0607,0.0557,0.0000,1.0455,0.9825,0.3573,5
2026-03-21T04:23:59.474412,3,0.1781,0.0458,0.1781,0.0000,0.4797,-0.1885,0.4411,14
2026-03-21T04:23:59.543955,0,0.1698,0.1103,0.1698,0.0000,0.4954,-0.1787,-0.4621,18
2026-03-21T04:23:59.543955,1,0.0395,0.0395,0.0224,0.0000,0.0963,-0.0053,-0.0961,8
2026-03-21T04:23:59.543955,2,0.0653,0.0653,0.0537,0.0000,1.0437,0.9808,0.3567,5
2026-03-21T04:23:59.543955,3,0.1529,0.0426,0.1529,0.0000,0.4742,-0.1907,0.4342,13
2026-03-21T04:23:59.613105,0,0.1562,0.1000,0.1562,0.0000,0.4912,-0.1817,-0.4564,17
2026-03-21T04:23:59.613105,1,0.0408,0.0383,0.0408,0.0000,0.0985,-0.0026,-0.0984,9
2026-03-21T04:23:59.613105,2,0.0593,0.0492,0.0593,0.0000,1.0405,0.9778,0.3557,5
2026-03-21T04:23:59.613105,3,0.1715,0.0480,0.1715,0.0000,0.4799,-0.1887,0.4412,14
2026-03-21T04:23:59.683272,0,0.1494,0.1014,0.1494,0.0000,0.4918,-0.1820,-0.4569,17
2026-03-21T04:23:59.683272,1,0.0443,0.0370,0.0443,0.0000,0.0887,-0.0004,-0.0887,12
2026-03-21T04:23:59.683272,2,0.0601,0.0463,0.0601,0.0000,1.0403,0.9776,0.3557,5
2026-03-21T04:23:59.683272,3,0.1507,0.0431,0.1507,0.0000,0.4725,-0.1901,0.4325,13
2026-03-21T04:23:59.752103,0,0.0921,0.0921,0.0847,0.0000,0.4762,-0.1893,-0.4370,14
2026-03-21T04:23:59.752103,1,0.0389,0.0099,0.0389,0.0000,0.5643,-0.1458,-0.5451,3
2026-03-21T04:23:59.752103,2,0.0411,0.0375,0.0411,0.0000,0.0912,-0.0023,-0.0912,11
2026-03-21T04:23:59.752103,3,0.0614,0.0614,0.0548,0.0000,1.0439,0.9810,0.3567,5
2026-03-21T04:23:59.752103,4,0.1727,0.0458,0.1727,0.0000,0.4784,-0.1881,0.4398,14
2026-03-21T04:23:59.821493,0,0.0962,0.0962,0.0802,0.0000,0.4753,-0.1891,-0.4360,14
2026-03-21T04:23:59.821493,1,0.0399,0.0099,0.0399,0.0000,0.5706,-0.1475,-0.5512,3
2026-03-21T04:23:59.821493,2,0.0669,0.0530,0.0669,0.0000,0.0980,-0.0066,-0.0978,11
2026-03-21T04:23:59.821493,3,0.0710,0.0710,0.0518,0.0000,1.0451,0.9822,0.3571,5
2026-03-21T04:23:59.821493,4,0.1768,0.0452,0.1768,0.0000,0.4806,-0.1889,0.4419,14
2026-03-21T04:23:59.891520,0,0.0879,0.0879,0.0815,0.0000,0.4749,-0.1889,-0.4358,14
2026-03-21T04:23:59.891520,1,0.0371,0.0109,0.0371,0.0000,0.5759,-0.1489,-0.5564,3
2026-03-21T04:23:59.891520,2,0.1028,0.0612,0.1028,0.0000,0.0978,-0.0049,-0.0977,12
2026-03-21T04:23:59.891520,3,0.1738,0.0459,0.1738,0.0000,0.4799,-0.1887,0.4412,14
2026-03-21T04:23:59.960583,0,0.0947,0.0947,0.0872,0.0000,0.4721,-0.1877,-0.4332,14
2026-03-21T04:23:59.960583,1,0.0457,0.0083,0.0457,0.0000,0.5696,-0.1472,-0.5503,3
2026-03-21T04:23:59.960583,2,0.0353,0.0353,0.0325,0.0000,0.0882,-0.0021,-0.0882,11
2026-03-21T04:23:59.960583,3,0.0684,0.0411,0.0684,0.0000,0.9719,0.8808,0.4108,5
2026-03-21T04:23:59.960583,4,0.1735,0.0491,0.1735,0.0000,0.4814,-0.1892,0.4426,14
2026-03-21T04:24:00.030759,0,0.0920,0.0920,0.0782,0.0000,0.4716,-0.1878,-0.4326,14
2026-03-21T04:24:00.030759,1,0.0529,0.0406,0.0529,0.0000,0.0923,-0.0033,-0.0923,10
2026-03-21T04:24:00.030759,2,0.0721,0.0355,0.0721,0.0000,0.9729,0.8817,0.4113,5
2026-03-21T04:24:00.030759,3,0.1800,0.0464,0.1800,0.0000,0.4822,-0.1897,0.4433,14
2026-03-21T04:24:00.100739,0,0.0918,0.0918,0.0840,0.0000,0.4719,-0.1879,-0.4329,14
2026-03-21T04:24:00.100739,1,0.0438,0.0089,0.0438,0.0000,0.5733,-0.1481,-0.5538,3
2026-03-21T04:24:00.100739,2,0.0501,0.0439,0.0501,0.0000,0.0989,-0.0025,-0.0988,10
2026-03-21T04:24:00.100739,3,0.0698,0.0337,0.0698,0.0000,0.9701,0.8792,0.4101,5
2026-03-21T04:24:00.100739,4,0.1439,0.0470,0.1439,0.0000,0.4751,-0.1912,0.4349,13
2026-03-21T04:24:00.169407,0,0.0944,0.0944,0.0553,0.0000,0.4627,-0.1887,-0.4224,13
2026-03-21T04:24:00.169407,1,0.0851,0.0490,0.0851,0.0000,0.1001,-0.0083,-0.0997,9
2026-03-21T04:24:00.169407,2,0.0681,0.0681,0.0448,0.0000,0.9725,0.8886,0.3952,5
2026-03-21T04:24:00.169407,3,0.1486,0.0463,0.1486,0.0000,0.4725,-0.1900,0.4325,13
2026-03-21T04:24:00.238740,0,0.0998,0.0998,0.0553,0.0000,0.4601,-0.1879,-0.4200,13
2026-03-21T04:24:00.238740,1,0.0663,0.0486,0.0663,0.0000,0.0914,-0.0051,-0.0913,12
2026-03-21T04:24:00.238740,2,0.1660,0.0504,0.1660,0.0000,0.4811,-0.1893,0.4423,14
2026-03-21T04:24:00.309677,0,0.1049,0.1049,0.0786,0.0000,0.4561,-0.1827,-0.4180,14
2026-03-21T04:24:00.309677,1,0.0542,0.0464,0.0542,0.0000,0.1004,-0.0050,-0.1003,11
2026-03-21T04:24:00.309677,2,0.0654,0.0654,0.0460,0.0000,0.9737,0.8897,0.3957,5
2026-03-21T04:24:00.309677,3,0.1730,0.0474,0.1730,0.0000,0.4811,-0.1893,0.4423,14
2026-03-21T04:24:00.379247,0,0.1096,0.1096,0.0623,0.0000,0.4482,-0.1799,-0.4105,14
2026-03-21T04:24:00.379247,1,0.0405,0.0405,0.0356,0.0000,0.0947,-0.0043,-0.0946,11
2026-03-21T04:24:00.379247,2,0.0579,0.0579,0.0490,0.0000,0.9713,0.8874,0.3948,5
2026-03-21T04:24:00.379247,3,0.1680,0.0500,0.1680,0.0000,0.4802,-0.1889,0.4415,14
2026-03-21T04:24:00.449207,0,0.1172,0.1172,0.0583,0.0000,0.4372,-0.1761,-0.4002,14
2026-03-21T04:24:00.449207,1,0.0462,0.0396,0.0462,0.0000,0.0929,-0.0041,-0.0928,9
2026-03-21T04:24:00.449207,2,0.0523,0.0523,0.0511,0.0000,0.9693,0.8856,0.3940,5
2026-03-21T04:24:00.449207,3,0.1795,0.0443,0.1795,0.0000,0.4799,-0.1887,0.4412,14
2026-03-21T04:24:00.518662,0,0.1306,0.1306,0.0602,0.0000,0.4155,-0.1643,-0.3817,15
2026-03-21T04:24:00.518662,1,0.0509,0.0356,0.0509,0.0000,0.0926,-0.0066,-0.0923,9
2026-03-21T04:24:00.518662,2,0.0800,0.0533,0.0800,0.0000,0.9751,0.8873,0.4043,6
2026-03-21T04:24:00.518662,3,0.1982,0.0504,0.1982,0.0000,0.4914,-0.1887,0.4537,15
2026-03-21T04:24:00.588897,0,0.1404,0.1404,0.0763,0.0000,0.4014,-0.1590,-0.3686,15
2026-03-21T04:24:00.588897,1,0.0375,0.0375,0.0342,0.0000,0.0946,-0.0022,-0.0946,13
2026-03-21T04:24:00.588897,2,0.0774,0.0514,0.0774,0.0000,0.9746,0.8869,0.4041,6
2026-03-21T04:24:00.588897,3,0.1921,0.0536,0.1921,0.0000,0.4881,-0.1875,0.4506,15
2026-03-21T04:24:00.657563,0,0.1440,0.1440,0.0941,0.0000,0.3863,-0.1499,-0.3560,16
2026-03-21T04:24:00.657563,1,0.0361,0.0361,0.0306,0.0000,0.0911,-0.0047,-0.0910,10
2026-03-21T04:24:00.657563,2,0.1955,0.0516,0.1955,0.0000,0.4896,-0.1881,0.4520,15
2026-03-21T04:24:00.726560,0,0.1327,0.1327,0.0606,0.0000,0.3771,-0.1430,-0.3489,17
2026-03-21T04:24:00.726560,1,0.0767,0.0570,0.0767,0.0000,0.1118,-0.0037,-0.1118,12
2026-03-21T04:24:00.726560,2,0.0912,0.0302,0.0912,0.0000,0.3705,-0.0219,-0.3698,6
2026-03-21T04:24:00.726560,3,0.1812,0.0560,0.1812,0.0000,0.4878,-0.1876,0.4503,15
2026-03-21T04:24:00.797098,0,0.1970,0.1970,0.1173,0.0000,0.3528,-0.0982,-0.3389,26
2026-03-21T04:24:00.797098,1,0.0574,0.0196,0.0574,0.0000,0.1611,-0.0309,-0.1581,5
2026-03-21T04:24:00.797098,2,0.1917,0.0528,0.1917,0.0000,0.4885,-0.1878,0.4510,15
2026-03-21T04:24:00.866616,0,0.1193,0.1193,0.0531,0.0000,0.3676,-0.1422,-0.3390,16
2026-03-21T04:24:00.866616,1,0.1320,0.0573,0.1320,0.0000,0.2950,-0.0314,-0.2933,9
2026-03-21T04:24:00.866616,2,0.0451,0.0451,0.0353,0.0000,0.0990,0.0079,-0.0987,6
2026-03-21T04:24:00.866616,3,0.0829,0.0697,0.0829,0.0000,0.9888,0.9035,0.4019,7
2026-03-21T04:24:00.866616,4,0.1861,0.0551,0.1861,0.0000,0.4952,-0.1904,0.4571,15
2026-03-21T04:24:00.936054,0,0.2109,0.1885,0.2109,0.0000,0.3129,-0.0890,-0.3000,30
2026-03-21T04:24:00.936054,1,0.0292,0.0101,0.0292,0.0000,0.0950,0.0149,-0.0938,5
2026-03-21T04:24:00.936054,2,0.2071,0.0648,0.2071,0.0000,0.5112,-0.1919,0.4738,16
2026-03-21T04:24:01.006296,0,0.1801,0.1801,0.1738,0.0000,0.2944,-0.0868,-0.2813,29
2026-03-21T04:24:01.006296,1,0.2307,0.0740,0.2307,0.0000,0.5434,-0.1994,0.5055,17
2026-03-21T04:24:01.075662,0,0.1964,0.1735,0.1964,0.0000,0.2809,-0.0758,-0.2705,31
2026-03-21T04:24:01.075662,1,0.1579,0.0839,0.1579,0.0000,0.8823,0.8818,0.0297,11
2026-03-21T04:24:01.075662,2,0.2527,0.0911,0.2527,0.0000,0.5843,-0.2092,0.5456,18
2026-03-21T04:24:01.146242,0,0.1903,0.1609,0.1903,0.0000,0.2673,-0.0794,-0.2553,29
2026-03-21T04:24:01.146242,1,0.2946,0.1127,0.2946,0.0000,0.8426,0.8417,-0.0402,20
2026-03-21T04:24:01.146242,2,0.2493,0.1013,0.2493,0.0000,0.6576,-0.2041,0.6252,16
2026-03-21T04:24:01.215840,0,0.1458,0.1458,0.0917,0.0000,0.2865,-0.0962,-0.2698,22
2026-03-21T04:24:01.215840,1,0.0720,0.0516,0.0720,0.0000,1.0613,0.9456,-0.4818,5
2026-03-21T04:24:01.215840,2,0.3130,0.1103,0.3130,0.0000,0.8674,0.8403,-0.2153,19
2026-03-21T04:24:01.215840,3,0.1738,0.0746,0.1738,0.0000,0.7546,-0.1994,0.7277,10
2026-03-21T04:24:01.215840,4,0.0719,0.0719,0.0281,0.0000,0.3950,-0.1739,0.3547,9
2026-03-21T04:24:01.285161,0,0.1407,0.1407,0.0615,0.0000,0.3146,-0.1180,-0.2916,17
2026-03-21T04:24:01.285161,1,0.0656,0.0153,0.0656,0.0000,0.1709,-0.0321,-0.1678,7
2026-03-21T04:24:01.285161,2,0.0962,0.0232,0.0962,0.0000,0.8719,0.8024,-0.3410,7
2026-03-21T04:24:01.285161,3,0.1265,0.1265,0.0458,0.0000,0.3869,-0.1497,0.3568,16
2026-03-21T04:24:01.354821,0,0.0912,0.0912,0.0286,0.0000,0.3584,-0.1407,-0.3297,15
2026-03-21T04:24:01.354821,1,0.0750,0.0550,0.0750,0.0000,0.0890,-0.0057,-0.0888,12
2026-03-21T04:24:01.354821,2,0.0901,0.0483,0.0901,0.0000,1.0665,0.8460,-0.6495,6
2026-03-21T04:24:01.354821,3,0.1188,0.1188,0.0435,0.0000,1.1646,-0.1011,1.1602,7
2026-03-21T04:24:01.354821,4,0.1145,0.1145,0.0278,0.0000,0.4167,-0.1675,0.3816,14
2026-03-21T04:24:01.424971,0,0.0559,0.0370,0.0559,0.0000,0.0917,-0.0055,-0.0915,12
2026-03-21T04:24:01.424971,1,0.2734,0.2734,0.0797,0.0000,1.1365,-0.0980,1.1323,15
2026-03-21T04:24:01.424971,2,0.1243,0.1243,0.0617,0.0000,0.4514,-0.1890,0.4100,12
2026-03-21T04:24:01.495171,0,0.0381,0.0381,0.0274,0.0000,0.0939,-0.0040,-0.0938,11
2026-03-21T04:24:01.495171,1,0.1406,0.1406,0.0376,0.0922,1.3476,0.0239,-1.3474,7
2026-03-21T04:24:01.495171,2,0.0922,0.0922,0.0423,0.0685,1.3590,0.3516,-1.3127,5
2026-03-21T04:24:01.495171,3,0.3701,0.3701,0.1129,0.0000,1.1023,-0.2292,1.0782,21
2026-03-21T04:24:01.495171,4,0.0898,0.0898,0.0463,0.0000,0.5265,-0.2359,0.4707,8
2026-03-21T04:24:01.564811,0,0.0642,0.0642,0.0619,0.0000,1.2238,-0.5553,-1.0906,5
2026-03-21T04:24:01.564811,1,0.0928,0.0928,0.0155,0.0000,1.2076,-0.3534,-1.1548,5
2026-03-21T04:24:01.564811,2,0.0440,0.0440,0.0362,0.0000,0.0981,-0.0094,-0.0976,10
2026-03-21T04:24:01.564811,3,0.1851,0.1851,0.0736,0.1072,1.3355,0.0467,-1.3347,9
2026-03-21T04:24:01.564811,4,0.2999,0.2999,0.0782,0.0000,1.1032,-0.3235,1.0547,17
2026-03-21T04:24:01.634130,0,0.0873,0.0873,0.0164,0.0000,1.1295,-0.4051,-1.0543,5
2026-03-21T04:24:01.634130,1,0.0619,0.0330,0.0619,0.0000,0.0961,-0.0057,-0.0960,8
2026-03-21T04:24:01.634130,2,0.1369,0.1369,0.0192,0.0524,1.3126,0.0229,-1.3124,7
2026-03-21T04:24:01.634130,3,0.0964,0.0964,0.0180,0.0740,1.3966,0.4084,-1.3355,5
2026-03-21T04:24:01.634130,4,0.2848,0.2848,0.0443,0.0000,1.1339,-0.4447,1.0430,15
2026-03-21T04:24:01.702679,0,0.1185,0.1185,0.0238,0.0000,1.0926,-0.3740,-1.0266,7
2026-03-21T04:24:01.702679,1,0.0812,0.0546,0.0812,0.0000,0.1104,-0.0143,-0.1095,9
2026-03-21T04:24:01.702679,2,0.1711,0.1711,0.0226,0.0881,1.3974,0.3737,-1.3465,8
2026-03-21T04:24:01.702679,3,0.2792,0.2792,0.0743,0.0000,1.1560,-0.4524,1.0638,15
2026-03-21T04:24:01.771574,0,0.1166,0.1166,0.0312,0.0000,1.0838,-0.3709,-1.0183,7
2026-03-21T04:24:01.771574,1,0.0454,0.0454,0.0440,0.0000,0.0971,-0.0048,-0.0969,10
2026-03-21T04:24:01.771574,2,0.1712,0.1712,0.0218,0.0929,1.3961,0.3499,-1.3516,8
2026-03-21T04:24:01.771574,3,0.2792,0.2792,0.0763,0.0000,1.1647,-0.4557,1.0718,15
2026-03-21T04:24:01.840877,0,0.1585,0.1585,0.0415,0.0000,1.0923,-0.3741,-1.0263,9
2026-03-21T04:24:01.840877,1,0.0371,0.0368,0.0371,0.0000,0.0889,0.0011,-0.0889,8
2026-03-21T04:24:01.840877,2,0.0974,0.0974,0.0307,0.0000,1.0993,-0.0480,-1.0983,6
2026-03-21T04:24:01.840877,3,0.1694,0.1694,0.0294,0.0930,1.3990,0.3741,-1.3481,8
2026-03-21T04:24:01.840877,4,0.2755,0.2755,0.0846,0.0000,1.1755,-0.4606,1.0815,15
2026-03-21T04:24:01.911401,0,0.1426,0.1426,0.0283,0.0000,1.0896,-0.3823,-1.0204,8
2026-03-21T04:24:01.911401,1,0.1027,0.0611,0.1027,0.0000,0.1443,-0.0094,-0.1440,11
2026-03-21T04:24:01.911401,2,0.1344,0.1344,0.0499,0.0000,1.0783,-0.0288,-1.0779,8
2026-03-21T04:24:01.911401,3,0.1924,0.1924,0.0351,0.0930,1.3920,0.3605,-1.3445,9
2026-03-21T04:24:01.911401,4,0.2956,0.2956,0.0565,0.0000,1.1877,-0.4658,1.0925,15
2026-03-21T04:24:01.981532,0,0.0961,0.0961,0.0271,0.0000,1.0642,-0.3555,-1.0031,6
2026-03-21T04:24:01.981532,1,0.1262,0.1262,0.0266,0.0000,1.0236,0.0092,-1.0235,8
2026-03-21T04:24:01.981532,2,0.2171,0.2171,0.0364,0.0890,1.3902,0.3719,-1.3396,10
2026-03-21T04:24:01.981532,3,0.2731,0.2731,0.0593,0.0000,1.1918,-0.4575,1.1005,14
2026-03-21T04:24:02.051590,0,0.0686,0.0686,0.0284,0.0000,1.0409,-0.3389,-0.9842,5
2026-03-21T04:24:02.051590,1,0.0766,0.0766,0.0497,0.0000,1.0445,-0.0733,-1.0419,5
2026-03-21T04:24:02.051590,2,0.0689,0.0689,0.0294,0.0000,0.9791,0.0170,-0.9790,5
2026-03-21T04:24:02.051590,3,0.2648,0.2648,0.0445,0.0885,1.3855,0.3707,-1.3350,12
2026-03-21T04:24:02.051590,4,0.2139,0.2139,0.1021,0.0000,1.1870,-0.4353,1.1043,12
2026-03-21T04:24:02.121173,0,0.1291,0.1291,0.0525,0.0000,1.0213,-0.0629,-1.0194,8
2026-03-21T04:24:02.121173,1,0.2380,0.2380,0.0452,0.0865,1.3797,0.3574,-1.3326,11
2026-03-21T04:24:02.121173,2,0.1663,0.1663,0.0307,0.0000,1.1912,-0.4274,1.1119,9
2026-03-21T04:24:02.121173,3,0.0756,0.0756,0.0323,0.0000,1.1660,-0.5475,1.0295,5
2026-03-21T04:24:02.190670,0,0.1219,0.1219,0.0467,0.0000,1.0625,-0.3466,-1.0044,7
2026-03-21T04:24:02.190670,1,0.1403,0.1403,0.0208,0.0000,0.9940,-0.0174,-0.9938,9
2026-03-21T04:24:02.190670,2,0.2149,0.2149,0.0377,0.0695,1.3779,0.3917,-1.3210,10
2026-03-21T04:24:02.190670,3,0.1748,0.1748,0.0656,0.0000,1.1939,-0.4379,1.1107,10
2026-03-21T04:24:02.261131,0,0.1306,0.1306,0.0268,0.0000,1.0926,-0.3923,-1.0198,7
2026-03-21T04:24:02.261131,1,0.1588,0.1588,0.0389,0.0000,0.9900,-0.0085,-0.9900,10
2026-03-21T04:24:02.261131,2,0.2408,0.2408,0.0386,0.0644,1.3774,0.4033,-1.3171,11
2026-03-21T04:24:02.261131,3,0.2187,0.2187,0.1156,0.0000,1.1980,-0.4586,1.1068,12
2026-03-21T04:24:02.330823,0,0.1602,0.1602,0.0406,0.0000,1.0720,-0.3499,-1.0133,9
2026-03-21T04:24:02.330823,1,0.1570,0.1570,0.0303,0.0000,0.9857,-0.0088,-0.9856,10
2026-03-21T04:24:02.330823,2,0.0931,0.0931,0.0218,0.0634,1.3718,0.3551,-1.3250,5
2026-03-21T04:24:02.330823,3,0.0952,0.0952,0.0219,0.0458,1.3888,0.4751,-1.3050,5
2026-03-21T04:24:02.330823,4,0.1756,0.1756,0.0649,0.0000,1.1987,-0.4397,1.1152,10
2026-03-21T04:24:02.400179,0,0.1755,0.1755,0.0401,0.0000,1.0790,-0.3703,-1.0135,9
2026-03-21T04:24:02.400179,1,0.1761,0.1761,0.0401,0.0000,0.9902,0.0001,-0.9902,11
2026-03-21T04:24:02.400179,2,0.2397,0.2397,0.0410,0.0686,1.3805,0.4042,-1.3200,11
2026-03-21T04:24:02.400179,3,0.2001,0.2001,0.0741,0.0000,1.1926,-0.4470,1.1057,11
2026-03-21T04:24:02.470117,0,0.1030,0.1030,0.0167,0.0000,1.0564,-0.3530,-0.9956,6
2026-03-21T04:24:02.470117,1,0.1585,0.1585,0.0275,0.0000,0.9965,-0.0086,-0.9965,10
2026-03-21T04:24:02.470117,2,0.1936,0.1936,0.0310,0.0761,1.3845,0.3820,-1.3307,9
2026-03-21T04:24:02.470117,3,0.2217,0.2217,0.0984,0.0000,1.1845,-0.4344,1.1020,12
2026-03-21T04:24:02.539509,0,0.0839,0.0839,0.0140,0.0000,1.0769,-0.3862,-1.0052,5
2026-03-21T04:24:02.539509,1,0.1604,0.1604,0.0340,0.0000,1.0035,-0.0263,-1.0032,10
2026-03-21T04:24:02.539509,2,0.2185,0.2185,0.0286,0.0803,1.3869,0.3711,-1.3363,10
2026-03-21T04:24:02.539509,3,0.2647,0.2647,0.1081,0.0000,1.1776,-0.4601,1.0840,15
2026-03-21T04:24:02.608418,0,0.1082,0.1082,0.0293,0.0000,1.0660,-0.3738,-0.9983,6
2026-03-21T04:24:02.608418,1,0.1609,0.1609,0.0320,0.0000,1.0067,-0.0264,-1.0064,10
2026-03-21T04:24:02.608418,2,0.1188,0.1188,0.0224,0.0861,1.3832,0.3230,-1.3450,6
2026-03-21T04:24:02.608418,3,0.2453,0.2453,0.1047,0.0000,1.1687,-0.4469,1.0799,14
2026-03-21T04:24:02.678271,0,0.1060,0.1060,0.0114,0.0000,1.0805,-0.3965,-1.0051,6
2026-03-21T04:24:02.678271,1,0.1977,0.1977,0.0487,0.0000,1.0079,-0.0088,-1.0079,12
2026-03-21T04:24:02.678271,2,0.1690,0.1690,0.0282,0.0871,1.3930,0.3726,-1.3423,8
2026-03-21T04:24:02.678271,3,0.1796,0.1796,0.0604,0.0000,1.1792,-0.3940,1.1115,10
2026-03-21T04:24:02.748606,0,0.0822,0.0822,0.0062,0.0000,1.0763,-0.3860,-1.0047,5
2026-03-21T04:24:02.748606,1,0.1805,0.1805,0.0647,0.0000,1.0071,-0.0361,-1.0064,11
2026-03-21T04:24:02.748606,2,0.1199,0.1199,0.0195,0.0890,1.3874,0.3240,-1.3490,6
2026-03-21T04:24:02.748606,3,0.0975,0.0975,0.0188,0.0712,1.4098,0.4591,-1.3329,5
2026-03-21T04:24:02.748606,4,0.1654,0.1654,0.0252,0.0000,1.1773,-0.4031,1.1061,9
2026-03-21T04:24:02.817628,0,0.0835,0.0835,0.0130,0.0000,1.0767,-0.3861,-1.0051,5
2026-03-21T04:24:02.817628,1,0.1594,0.1594,0.0367,0.0000,1.0045,-0.0268,-1.0042,10
2026-03-21T04:24:02.817628,2,0.1444,0.1444,0.0252,0.0881,1.3913,0.3602,-1.3438,7
2026-03-21T04:24:02.817628,3,0.1632,0.1632,0.0312,0.0000,1.1778,-0.4033,1.1066,9
2026-03-21T04:24:02.817628,4,0.0821,0.0821,0.0198,0.0000,1.1532,-0.5237,1.0275,5
2026-03-21T04:24:02.887050,0,0.1411,0.1411,0.0352,0.0000,1.0633,-0.3558,-1.0020,8
2026-03-21T04:24:02.887050,1,0.1594,0.1594,0.0337,0.0000,1.0031,-0.0268,-1.0028,10
2026-03-21T04:24:02.887050,2,0.1681,0.1681,0.0280,0.0880,1.3873,0.3475,-1.3430,8
2026-03-21T04:24:02.887050,3,0.1644,0.1644,0.0309,0.0000,1.1822,-0.4048,1.1108,9
2026-03-21T04:24:02.887050,4,0.0930,0.0930,0.0484,0.0000,1.1615,-0.5364,1.0302,6
2026-03-21T04:24:02.957473,0,0.1454,0.1454,0.0341,0.0000,1.0638,-0.3560,-1.0025,8
2026-03-21T04:24:02.957473,1,0.1790,0.1790,0.0428,0.0000,1.0079,0.0004,-1.0079,11
2026-03-21T04:24:02.957473,2,0.2408,0.2408,0.0465,0.0862,1.3919,0.4075,-1.3309,11
2026-03-21T04:24:02.957473,3,0.2543,0.2543,0.1382,0.0000,1.1839,-0.4624,1.0899,15
2026-03-21T04:24:03.027540,0,0.1033,0.1033,0.0109,0.0000,1.0870,-0.3811,-1.0180,6
2026-03-21T04:24:03.027540,1,0.1402,0.1402,0.0208,0.0000,0.9948,-0.0174,-0.9946,9
2026-03-21T04:24:03.027540,2,0.1917,0.1917,0.0318,0.0722,1.3804,0.3808,-1.3268,9
2026-03-21T04:24:03.027540,3,0.1898,0.1898,0.0806,0.0000,1.1880,-0.4451,1.1015,11
2026-03-21T04:24:03.097490,0,0.1509,0.1509,0.0302,0.0000,1.0776,-0.3606,-1.0155,8
2026-03-21T04:24:03.097490,1,0.1592,0.1592,0.0441,0.0000,0.9951,-0.0086,-0.9951,10
2026-03-21T04:24:03.097490,2,0.2182,0.2182,0.0328,0.0722,1.3827,0.3932,-1.3256,10
2026-03-21T04:24:03.097490,3,0.1934,0.1934,0.0706,0.0000,1.1896,-0.4458,1.1029,11
2026-03-21T04:24:03.166180,0,0.1252,0.1252,0.0203,0.0000,1.0702,-0.3490,-1.0117,7
2026-03-21T04:24:03.166180,1,0.1596,0.1596,0.0457,0.0000,0.9925,-0.0087,-0.9925,10
2026-03-21T04:24:03.166180,2,0.2406,0.2406,0.0381,0.0676,1.3803,0.4041,-1.3198,11
2026-03-21T04:24:03.166180,3,0.1973,0.1973,0.0653,0.0000,1.1888,-0.4456,1.1022,11
2026-03-21T04:24:03.236575,0,0.1299,0.1299,0.0250,0.0000,1.0833,-0.3712,-1.0178,7
2026-03-21T04:24:03.236575,1,0.1598,0.1598,0.0475,0.0000,0.9937,-0.0086,-0.9937,10
2026-03-21T04:24:03.236575,2,0.1665,0.1665,0.0286,0.0686,1.3755,0.3678,-1.3254,8
2026-03-21T04:24:03.236575,3,0.2421,0.2421,0.0807,0.0000,1.1941,-0.4670,1.0990,13
2026-03-21T04:24:03.306403,0,0.0988,0.0988,0.0191,0.0000,1.1974,-0.5440,-1.0667,5
2026-03-21T04:24:03.306403,1,0.1490,0.1490,0.0267,0.0000,1.0759,-0.3600,-1.0139,8
2026-03-21T04:24:03.306403,2,0.1399,0.1399,0.0251,0.0000,0.9901,-0.0175,-0.9899,9
2026-03-21T04:24:03.306403,3,0.1922,0.1922,0.0317,0.0692,1.3783,0.3802,-1.3248,9
2026-03-21T04:24:03.306403,4,0.2408,0.2408,0.0850,0.0000,1.1935,-0.4668,1.0985,13
2026-03-21T04:24:03.376217,0,0.1307,0.1307,0.0289,0.0000,1.0806,-0.3703,-1.0152,7
2026-03-21T04:24:03.376217,1,0.1400,0.1400,0.0211,0.0000,0.9920,-0.0174,-0.9918,9
2026-03-21T04:24:03.376217,2,0.1927,0.1927,0.0349,0.0714,1.3839,0.4049,-1.3234,9
2026-03-21T04:24:03.376217,3,0.2162,0.2162,0.1158,0.0000,1.1913,-0.4367,1.1084,12
2026-03-21T04:24:03.445873,0,0.1298,0.1298,0.0271,0.0000,1.0779,-0.3693,-1.0127,7
2026-03-21T04:24:03.445873,1,0.1392,0.1392,0.0251,0.0000,0.9910,-0.0173,-0.9908,9
2026-03-21T04:24:03.445873,2,0.2172,0.2172,0.0321,0.0705,1.3817,0.3929,-1.3246,10
2026-03-21T04:24:03.445873,3,0.2525,0.2525,0.1139,0.0000,1.1916,-0.4564,1.1008,14
2026-03-21T04:24:03.515645,0,0.1478,0.1478,0.0250,0.0000,1.0729,-0.3590,-1.0110,8
2026-03-21T04:24:03.515645,1,0.1597,0.1597,0.0548,0.0000,1.0004,-0.0083,-1.0004,10
2026-03-21T04:24:03.515645,2,0.1678,0.1678,0.0277,0.0753,1.3829,0.3698,-1.3325,8
2026-03-21T04:24:03.515645,3,0.2353,0.2353,0.0799,0.0000,1.1863,-0.4639,1.0918,13
2026-03-21T04:24:03.585605,0,0.1467,0.1467,0.0243,0.0000,1.0645,-0.3562,-1.0032,8
2026-03-21T04:24:03.585605,1,0.1399,0.1399,0.0205,0.0000,0.9948,-0.0174,-0.9946,9
2026-03-21T04:24:03.585605,2,0.1927,0.1927,0.0306,0.0734,1.3829,0.3815,-1.3293,9
2026-03-21T04:24:03.585605,3,0.1658,0.1658,0.0305,0.0000,1.1885,-0.4264,1.1093,9
2026-03-21T04:24:03.585605,4,0.0736,0.0736,0.0382,0.0000,1.1933,-0.5513,1.0583,4
2026-03-21T04:24:03.655681,0,0.1485,0.1485,0.0279,0.0000,1.0670,-0.3570,-1.0055,8
2026-03-21T04:24:03.655681,1,0.1983,0.1983,0.0672,0.0000,1.0046,0.0096,-1.0046,12
2026-03-21T04:24:03.655681,2,0.1934,0.1934,0.0323,0.0751,1.3836,0.3817,-1.3299,9
2026-03-21T04:24:03.655681,3,0.2051,0.2051,0.0797,0.0000,1.1876,-0.4452,1.1010,11
2026-03-21T04:24:03.724359,0,0.1454,0.1454,0.0194,0.0000,1.0649,-0.3562,-1.0035,8
2026-03-21T04:24:03.724359,1,0.1773,0.1773,0.0371,0.0000,0.9979,0.0002,-0.9979,11
2026-03-21T04:24:03.724359,2,0.2400,0.2400,0.0452,0.0793,1.3873,0.4062,-1.3265,11
2026-03-21T04:24:03.724359,3,0.2160,0.2160,0.1176,0.0000,1.1879,-0.4355,1.1052,12
2026-03-21T04:24:03.793476,0,0.1453,0.1453,0.0195,0.0000,1.0645,-0.3561,-1.0032,8
2026-03-21T04:24:03.793476,1,0.1408,0.1408,0.0263,0.0000,0.9929,-0.0175,-0.9927,9
2026-03-21T04:24:03.793476,2,0.1920,0.1920,0.0347,0.0741,1.3828,0.3815,-1.3291,9
2026-03-21T04:24:03.793476,3,0.2055,0.2055,0.0773,0.0000,1.1896,-0.4459,1.1028,11
2026-03-21T04:24:03.862787,0,0.1058,0.1058,0.0201,0.0000,1.0737,-0.3765,-1.0055,6
2026-03-21T04:24:03.862787,1,0.1761,0.1761,0.0357,0.0000,0.9910,-0.0002,-0.9910,11
2026-03-21T04:24:03.862787,2,0.2417,0.2417,0.0399,0.0722,1.3849,0.4055,-1.3242,11
2026-03-21T04:24:03.862787,3,0.2031,0.2031,0.0801,0.0000,1.1909,-0.4463,1.1041,11
2026-03-21T04:24:03.932405,0,0.1435,0.1435,0.0151,0.0000,1.0620,-0.3552,-1.0009,8
2026-03-21T04:24:03.932405,1,0.1589,0.1589,0.0487,0.0000,0.9896,-0.0090,-0.9896,10
2026-03-21T04:24:03.932405,2,0.1431,0.1431,0.0255,0.0692,1.3816,0.3810,-1.3280,7
2026-03-21T04:24:03.932405,3,0.2031,0.2031,0.0755,0.0000,1.1942,-0.4476,1.1071,11
2026-03-21T04:24:04.002856,0,0.1673,0.1673,0.0244,0.0000,1.0706,-0.3672,-1.0056,9
2026-03-21T04:24:04.002856,1,0.1556,0.1556,0.0202,0.0000,0.9809,0.0085,-0.9808,10
2026-03-21T04:24:04.002856,2,0.1452,0.1452,0.0228,0.0695,1.3809,0.3808,-1.3273,7
2026-03-21T04:24:04.002856,3,0.1968,0.1968,0.0808,0.0000,1.1949,-0.4478,1.1079,11
2026-03-21T04:24:04.071963,0,0.1432,0.1432,0.0126,0.0000,1.0718,-0.3584,-1.0101,8
2026-03-21T04:24:04.071963,1,0.1369,0.1369,0.0222,0.0000,0.9735,-0.0002,-0.9735,9
2026-03-21T04:24:04.071963,2,0.1909,0.1909,0.0319,0.0676,1.3756,0.3795,-1.3222,9
2026-03-21T04:24:04.071963,3,0.2009,0.2009,0.0796,0.0000,1.2006,-0.4499,1.1132,11
2026-03-21T04:24:04.142292,0,0.1443,0.1443,0.0146,0.0000,1.0716,-0.3584,-1.0099,8
2026-03-21T04:24:04.142292,1,0.1364,0.1364,0.0192,0.0000,0.9731,-0.0002,-0.9731,9
2026-03-21T04:24:04.142292,2,0.2168,0.2168,0.0363,0.0653,1.3753,0.3911,-1.3185,10
2026-03-21T04:24:04.142292,3,0.2012,0.2012,0.0846,0.0000,1.1997,-0.4496,1.1123,11
2026-03-21T04:24:04.211778,0,0.0999,0.0999,0.0126,0.0000,1.0707,-0.3577,-1.0092,6
2026-03-21T04:24:04.211778,1,0.1536,0.1536,0.0138,0.0000,0.9736,0.0084,-0.9735,10
2026-03-21T04:24:04.211778,2,0.1915,0.1915,0.0333,0.0634,1.3777,0.4031,-1.3174,9
2026-03-21T04:24:04.211778,3,0.2046,0.2046,0.0875,0.0000,1.2019,-0.4504,1.1143,11
2026-03-21T04:24:04.282355,0,0.1205,0.1205,0.0105,0.0000,1.0752,-0.3682,-1.0102,7
2026-03-21T04:24:04.282355,1,0.1713,0.1713,0.0187,0.0000,0.9717,0.0170,-0.9715,11
2026-03-21T04:24:04.282355,2,0.1404,0.1404,0.0340,0.0712,1.3763,0.3794,-1.3230,7
2026-03-21T04:24:04.282355,3,0.2060,0.2060,0.0791,0.0000,1.2014,-0.4503,1.1138,11
2026-03-21T04:24:04.351501,0,0.1450,0.1450,0.0154,0.0000,1.0743,-0.3593,-1.0124,8
2026-03-21T04:24:04.351501,1,0.1364,0.1364,0.0202,0.0000,0.9707,-0.0001,-0.9707,9
2026-03-21T04:24:04.351501,2,0.2181,0.2181,0.0316,0.0653,1.3787,0.3921,-1.3217,10
2026-03-21T04:24:04.351501,3,0.2051,0.2051,0.0875,0.0000,1.2018,-0.4504,1.1142,11
2026-03-21T04:24:04.421236,0,0.1428,0.1428,0.0130,0.0000,1.0715,-0.3583,-1.0099,8
2026-03-21T04:24:04.421236,1,0.1535,0.1535,0.0198,0.0000,0.9724,0.0084,-0.9723,10
2026-03-21T04:24:04.421236,2,0.2169,0.2169,0.0334,0.0644,1.3778,0.3918,-1.3209,10
2026-03-21T04:24:04.421236,3,0.2235,0.2235,0.1097,0.0000,1.2021,-0.4407,1.1184,12
2026-03-21T04:24:04.489512,0,0.1209,0.1209,0.0092,0.0000,1.0735,-0.3676,-1.0086,7
2026-03-21T04:24:04.489512,1,0.1534,0.1534,0.0130,0.0000,0.9721,0.0084,-0.9720,10
2026-03-21T04:24:04.489512,2,0.1928,0.1928,0.0326,0.0702,1.3780,0.3802,-1.3246,9
2026-03-21T04:24:04.489512,3,0.1731,0.1731,0.0722,0.0000,1.2001,-0.4205,1.1240,10
2026-03-21T04:24:04.560387,0,0.1424,0.1424,0.0118,0.0000,1.0705,-0.3580,-1.0089,8
2026-03-21T04:24:04.560387,1,0.1540,0.1540,0.0129,0.0000,0.9745,0.0084,-0.9744,10
2026-03-21T04:24:04.560387,2,0.1933,0.1933,0.0272,0.0685,1.3795,0.3806,-1.3259,9
2026-03-21T04:24:04.560387,3,0.1698,0.1698,0.0805,0.0000,1.1956,-0.4189,1.1198,10
2026-03-21T04:24:04.629523,0,0.1452,0.1452,0.0195,0.0000,1.0620,-0.3552,-1.0009,8
2026-03-21T04:24:04.629523,1,0.1549,0.1549,0.0117,0.0000,0.9810,0.0085,-0.9809,10
2026-03-21T04:24:04.629523,2,0.1683,0.1683,0.0290,0.0741,1.3875,0.3943,-1.3303,8
2026-03-21T04:24:04.629523,3,0.1760,0.1760,0.0637,0.0000,1.1968,-0.4195,1.1209,10
2026-03-21T04:24:04.698658,0,0.1654,0.1654,0.0198,0.0000,1.0664,-0.3656,-1.0017,9
2026-03-21T04:24:04.698658,1,0.1747,0.1747,0.0381,0.0000,0.9836,-0.0004,-0.9836,11
2026-03-21T04:24:04.698658,2,0.1937,0.1937,0.0329,0.0770,1.3825,0.3814,-1.3288,9
2026-03-21T04:24:04.698658,3,0.1718,0.1718,0.0728,0.0000,1.1933,-0.4182,1.1176,10
2026-03-21T04:24:04.769122,0,0.1214,0.1214,0.0123,0.0000,1.0632,-0.3641,-0.9989,7
2026-03-21T04:24:04.769122,1,0.1547,0.1547,0.0128,0.0000,0.9797,0.0085,-0.9796,10
2026-03-21T04:24:04.769122,2,0.1444,0.1444,0.0246,0.0761,1.3810,0.3576,-1.3339,7
2026-03-21T04:24:04.769122,3,0.1734,0.1734,0.0701,0.0000,1.1939,-0.4183,1.1182,10
2026-03-21T04:24:04.838800,0,0.1400,0.1400,0.0119,0.0000,1.0619,-0.3550,-1.0008,8
2026-03-21T04:24:04.838800,1,0.1551,0.1551,0.0170,0.0000,0.9803,0.0084,-0.9802,10
2026-03-21T04:24:04.838800,2,0.1669,0.1669,0.0317,0.0712,1.3844,0.3934,-1.3273,8
2026-03-21T04:24:04.838800,3,0.0489,0.0489,0.0100,0.0393,1.4059,0.5267,-1.3035,3
2026-03-21T04:24:04.838800,4,0.1713,0.1713,0.0790,0.0000,1.1985,-0.4200,1.1225,10
2026-03-21T04:24:04.909200,0,0.1629,0.1629,0.0204,0.0000,1.0667,-0.3657,-1.0021,9
2026-03-21T04:24:04.909200,1,0.1546,0.1546,0.0152,0.0000,0.9768,0.0085,-0.9767,10
2026-03-21T04:24:04.909200,2,0.2171,0.2171,0.0337,0.0712,1.3850,0.3938,-1.3278,10
2026-03-21T04:24:04.909200,3,0.2191,0.2191,0.1135,0.0000,1.1977,-0.4391,1.1143,12
2026-03-21T04:24:04.978365,0,0.1421,0.1421,0.0190,0.0000,1.0701,-0.3755,-1.0021,8
2026-03-21T04:24:04.978365,1,0.1727,0.1727,0.0119,0.0000,0.9800,0.0171,-0.9799,11
2026-03-21T04:24:04.978365,2,0.2165,0.2165,0.0382,0.0695,1.3869,0.4175,-1.3225,10
2026-03-21T04:24:04.978365,3,0.2179,0.2179,0.1163,0.0000,1.1980,-0.4391,1.1146,12
2026-03-21T04:24:05.048382,0,0.1651,0.1651,0.0226,0.0000,1.0670,-0.3658,-1.0024,9
2026-03-21T04:24:05.048382,1,0.1544,0.1544,0.0192,0.0000,0.9783,0.0084,-0.9782,10
2026-03-21T04:24:05.048382,2,0.0947,0.0947,0.0241,0.0607,1.3962,0.4546,-1.3201,5
2026-03-21T04:24:05.048382,3,0.1733,0.1733,0.0722,0.0000,1.1997,-0.4205,1.1236,10
2026-03-21T04:24:05.117583,0,0.1155,0.1155,0.0127,0.0000,1.0575,-0.3446,-0.9998,7
2026-03-21T04:24:05.117583,1,0.1723,0.1723,0.0217,0.0000,0.9768,0.0171,-0.9766,11
2026-03-21T04:24:05.117583,2,0.1935,0.1935,0.0311,0.0714,1.3863,0.4057,-1.3256,9
2026-03-21T04:24:05.117583,3,0.1643,0.1643,0.0386,0.0000,1.1982,-0.4103,1.1258,9
2026-03-21T04:24:05.187673,0,0.0943,0.0943,0.0183,0.0000,1.0577,-0.3532,-0.9970,6
2026-03-21T04:24:05.187673,1,0.1719,0.1719,0.0162,0.0000,0.9773,0.0171,-0.9772,11
2026-03-21T04:24:05.187673,2,0.2177,0.2177,0.0339,0.0751,1.3873,0.3944,-1.3300,10
2026-03-21T04:24:05.187673,3,0.1974,0.1974,0.0712,0.0000,1.1940,-0.4281,1.1146,11
2026-03-21T04:24:05.256652,0,0.1361,0.1361,0.0196,0.0000,1.0586,-0.3538,-0.9978,8
2026-03-21T04:24:05.256652,1,0.1709,0.1709,0.0180,0.0000,0.9745,0.0172,-0.9744,11
2026-03-21T04:24:05.256652,2,0.2416,0.2416,0.0421,0.0704,1.3913,0.4306,-1.3230,11
2026-03-21T04:24:05.256652,3,0.2020,0.2020,0.0742,0.0000,1.1968,-0.4292,1.1172,11
2026-03-21T04:24:05.326891,0,0.1369,0.1369,0.0168,0.0000,1.0588,-0.3539,-0.9979,8
2026-03-21T04:24:05.326891,1,0.1712,0.1712,0.0150,0.0000,0.9751,0.0172,-0.9749,11
2026-03-21T04:24:05.326891,2,0.2198,0.2198,0.0262,0.0702,1.3865,0.3943,-1.3292,10
2026-03-21T04:24:05.326891,3,0.1666,0.1666,0.0356,0.0000,1.2019,-0.4114,1.1293,9
